source,source_file,source_row_index,data_id,split
mix,datasets/flashpoint/processed_data/flashpoint_mix_exp.csv,3,mix:3,test
mix,datasets/flashpoint/processed_data/flashpoint_mix_exp.csv,4,mix:4,test
mix,datasets/flashpoint/processed_data/flashpoint_mix_exp.csv,5,mix:5,test
mix,datasets/flashpoint/processed_data/flashpoint_mix_exp.csv,6,mix:6,test
mix,datasets/flashpoint/processed_data/flashpoint_mix_exp.csv,7,mix:7,test
mix,datasets/flashpoint/processed_data/flashpoint_mix_exp.csv,8,mix:8,test
mix,datasets/flashpoint/processed_data/flashpoint_mix_exp.csv,9,mix:9,test
mix,datasets/flashpoint/processed_data/flashpoint_mix_exp.csv,10,mix:10,test
mix,datasets/flashpoint/processed_data/flashpoint_mix_exp.csv,11,mix:11,test
mix,datasets/flashpoint/processed_data/flashpoint_mix_exp.csv,12,mix:12,test
mix,datasets/flashpoint/processed_data/flashpoint_mix_exp.csv,13,mix:13,test
mix,datasets/flashpoint/processed_data/flashpoint_mix_exp.csv,14,mix:14,test
mix,datasets/flashpoint/processed_data/flashpoint_mix_exp.csv,15,mix:15,test
mix,datasets/flashpoint/processed_data/flashpoint_mix_exp.csv,16,mix:16,test
mix,datasets/flashpoint/processed_data/flashpoint_mix_exp.csv,17,mix:17,test
mix,datasets/flashpoint/processed_data/flashpoint_mix_exp.csv,18,mix:18,test
mix,datasets/flashpoint/processed_data/flashpoint_mix_exp.csv,19,mix:19,test
mix,datasets/flashpoint/processed_data/flashpoint_mix_exp.csv,20,mix:20,test
mix,datasets/flashpoint/processed_data/flashpoint_mix_exp.csv,21,mix:21,test
mix,datasets/flashpoint/processed_data/flashpoint_mix_exp.csv,22,mix:22,test
mix,datasets/flashpoint/processed_data/flashpoint_mix_exp.csv,23,mix:23,test
mix,datasets/flashpoint/processed_data/flashpoint_mix_exp.csv,24,mix:24,test
mix,datasets/flashpoint/processed_data/flashpoint_mix_exp.csv,25,mix:25,test
mix,datasets/flashpoint/processed_data/flashpoint_mix_exp.csv,26,mix:26,test
mix,datasets/flashpoint/processed_data/flashpoint_mix_exp.csv,27,mix:27,test
mix,datasets/flashpoint/processed_data/flashpoint_mix_exp.csv,28,mix:28,test
mix,datasets/flashpoint/processed_data/flashpoint_mix_exp.csv,29,mix:29,test
mix,datasets/flashpoint/processed_data/flashpoint_mix_exp.csv,30,mix:30,test
mix,datasets/flashpoint/processed_data/flashpoint_mix_exp.csv,31,mix:31,test
mix,datasets/flashpoint/processed_data/flashpoint_mix_exp.csv,32,mix:32,test
mix,datasets/flashpoint/processed_data/flashpoint_mix_exp.csv,33,mix:33,test
mix,datasets/flashpoint/processed_data/flashpoint_mix_exp.csv,34,mix:34,test
mix,datasets/flashpoint/processed_data/flashpoint_mix_exp.csv,35,mix:35,test
mix,datasets/flashpoint/processed_data/flashpoint_mix_exp.csv,36,mix:36,test
mix,datasets/flashpoint/processed_data/flashpoint_mix_exp.csv,37,mix:37,test
mix,datasets/flashpoint/processed_data/flashpoint_mix_exp.csv,38,mix:38,test
mix,datasets/flashpoint/processed_data/flashpoint_mix_exp.csv,39,mix:39,test
mix,datasets/flashpoint/processed_data/flashpoint_mix_exp.csv,40,mix:40,test
mix,datasets/flashpoint/processed_data/flashpoint_mix_exp.csv,41,mix:41,test
mix,datasets/flashpoint/processed_data/flashpoint_mix_exp.csv,42,mix:42,test
mix,datasets/flashpoint/processed_data/flashpoint_mix_exp.csv,43,mix:43,test
mix,datasets/flashpoint/processed_data/flashpoint_mix_exp.csv,44,mix:44,test
mix,datasets/flashpoint/processed_data/flashpoint_mix_exp.csv,45,mix:45,test
mix,datasets/flashpoint/processed_data/flashpoint_mix_exp.csv,46,mix:46,test
mix,datasets/flashpoint/processed_data/flashpoint_mix_exp.csv,47,mix:47,test
mix,datasets/flashpoint/processed_data/flashpoint_mix_exp.csv,48,mix:48,test
mix,datasets/flashpoint/processed_data/flashpoint_mix_exp.csv,49,mix:49,test
mix,datasets/flashpoint/processed_data/flashpoint_mix_exp.csv,50,mix:50,test
mix,datasets/flashpoint/processed_data/flashpoint_mix_exp.csv,51,mix:51,test
mix,datasets/flashpoint/processed_data/flashpoint_mix_exp.csv,52,mix:52,test
mix,datasets/flashpoint/processed_data/flashpoint_mix_exp.csv,53,mix:53,test
mix,datasets/flashpoint/processed_data/flashpoint_mix_exp.csv,54,mix:54,test
mix,datasets/flashpoint/processed_data/flashpoint_mix_exp.csv,55,mix:55,test
mix,datasets/flashpoint/processed_data/flashpoint_mix_exp.csv,56,mix:56,test
mix,datasets/flashpoint/processed_data/flashpoint_mix_exp.csv,57,mix:57,test
mix,datasets/flashpoint/processed_data/flashpoint_mix_exp.csv,58,mix:58,test
mix,datasets/flashpoint/processed_data/flashpoint_mix_exp.csv,59,mix:59,test
mix,datasets/flashpoint/processed_data/flashpoint_mix_exp.csv,60,mix:60,test
mix,datasets/flashpoint/processed_data/flashpoint_mix_exp.csv,61,mix:61,test
mix,datasets/flashpoint/processed_data/flashpoint_mix_exp.csv,62,mix:62,test
mix,datasets/flashpoint/processed_data/flashpoint_mix_exp.csv,63,mix:63,test
mix,datasets/flashpoint/processed_data/flashpoint_mix_exp.csv,64,mix:64,test
mix,datasets/flashpoint/processed_data/flashpoint_mix_exp.csv,65,mix:65,test
mix,datasets/flashpoint/processed_data/flashpoint_mix_exp.csv,66,mix:66,test
mix,datasets/flashpoint/processed_data/flashpoint_mix_exp.csv,67,mix:67,test
mix,datasets/flashpoint/processed_data/flashpoint_mix_exp.csv,68,mix:68,test
mix,datasets/flashpoint/processed_data/flashpoint_mix_exp.csv,69,mix:69,test
mix,datasets/flashpoint/processed_data/flashpoint_mix_exp.csv,70,mix:70,test
mix,datasets/flashpoint/processed_data/flashpoint_mix_exp.csv,71,mix:71,test
mix,datasets/flashpoint/processed_data/flashpoint_mix_exp.csv,72,mix:72,test
mix,datasets/flashpoint/processed_data/flashpoint_mix_exp.csv,73,mix:73,test
mix,datasets/flashpoint/processed_data/flashpoint_mix_exp.csv,74,mix:74,test
mix,datasets/flashpoint/processed_data/flashpoint_mix_exp.csv,75,mix:75,test
mix,datasets/flashpoint/processed_data/flashpoint_mix_exp.csv,76,mix:76,test
mix,datasets/flashpoint/processed_data/flashpoint_mix_exp.csv,77,mix:77,test
mix,datasets/flashpoint/processed_data/flashpoint_mix_exp.csv,78,mix:78,test
mix,datasets/flashpoint/processed_data/flashpoint_mix_exp.csv,79,mix:79,test
mix,datasets/flashpoint/processed_data/flashpoint_mix_exp.csv,80,mix:80,test
mix,datasets/flashpoint/processed_data/flashpoint_mix_exp.csv,81,mix:81,test
mix,datasets/flashpoint/processed_data/flashpoint_mix_exp.csv,82,mix:82,test
mix,datasets/flashpoint/processed_data/flashpoint_mix_exp.csv,83,mix:83,test
mix,datasets/flashpoint/processed_data/flashpoint_mix_exp.csv,84,mix:84,test
mix,datasets/flashpoint/processed_data/flashpoint_mix_exp.csv,85,mix:85,test
mix,datasets/flashpoint/processed_data/flashpoint_mix_exp.csv,86,mix:86,test
mix,datasets/flashpoint/processed_data/flashpoint_mix_exp.csv,87,mix:87,test
mix,datasets/flashpoint/processed_data/flashpoint_mix_exp.csv,88,mix:88,test
mix,datasets/flashpoint/processed_data/flashpoint_mix_exp.csv,89,mix:89,test
mix,datasets/flashpoint/processed_data/flashpoint_mix_exp.csv,90,mix:90,test
mix,datasets/flashpoint/processed_data/flashpoint_mix_exp.csv,91,mix:91,test
mix,datasets/flashpoint/processed_data/flashpoint_mix_exp.csv,197,mix:197,test
mix,datasets/flashpoint/processed_data/flashpoint_mix_exp.csv,198,mix:198,test
mix,datasets/flashpoint/processed_data/flashpoint_mix_exp.csv,199,mix:199,test
mix,datasets/flashpoint/processed_data/flashpoint_mix_exp.csv,200,mix:200,test
mix,datasets/flashpoint/processed_data/flashpoint_mix_exp.csv,201,mix:201,test
mix,datasets/flashpoint/processed_data/flashpoint_mix_exp.csv,202,mix:202,test
mix,datasets/flashpoint/processed_data/flashpoint_mix_exp.csv,203,mix:203,test
mix,datasets/flashpoint/processed_data/flashpoint_mix_exp.csv,204,mix:204,test
mix,datasets/flashpoint/processed_data/flashpoint_mix_exp.csv,205,mix:205,test
mix,datasets/flashpoint/processed_data/flashpoint_mix_exp.csv,206,mix:206,test
mix,datasets/flashpoint/processed_data/flashpoint_mix_exp.csv,207,mix:207,test
mix,datasets/flashpoint/processed_data/flashpoint_mix_exp.csv,208,mix:208,test
mix,datasets/flashpoint/processed_data/flashpoint_mix_exp.csv,209,mix:209,test
mix,datasets/flashpoint/processed_data/flashpoint_mix_exp.csv,210,mix:210,test
mix,datasets/flashpoint/processed_data/flashpoint_mix_exp.csv,211,mix:211,test
mix,datasets/flashpoint/processed_data/flashpoint_mix_exp.csv,212,mix:212,test
mix,datasets/flashpoint/processed_data/flashpoint_mix_exp.csv,213,mix:213,test
mix,datasets/flashpoint/processed_data/flashpoint_mix_exp.csv,214,mix:214,test
mix,datasets/flashpoint/processed_data/flashpoint_mix_exp.csv,215,mix:215,test
mix,datasets/flashpoint/processed_data/flashpoint_mix_exp.csv,216,mix:216,test
mix,datasets/flashpoint/processed_data/flashpoint_mix_exp.csv,217,mix:217,test
mix,datasets/flashpoint/processed_data/flashpoint_mix_exp.csv,218,mix:218,test
mix,datasets/flashpoint/processed_data/flashpoint_mix_exp.csv,219,mix:219,test
mix,datasets/flashpoint/processed_data/flashpoint_mix_exp.csv,220,mix:220,test
mix,datasets/flashpoint/processed_data/flashpoint_mix_exp.csv,221,mix:221,test
mix,datasets/flashpoint/processed_data/flashpoint_mix_exp.csv,222,mix:222,test
mix,datasets/flashpoint/processed_data/flashpoint_mix_exp.csv,223,mix:223,test
mix,datasets/flashpoint/processed_data/flashpoint_mix_exp.csv,224,mix:224,test
mix,datasets/flashpoint/processed_data/flashpoint_mix_exp.csv,225,mix:225,test
mix,datasets/flashpoint/processed_data/flashpoint_mix_exp.csv,226,mix:226,test
mix,datasets/flashpoint/processed_data/flashpoint_mix_exp.csv,227,mix:227,test
mix,datasets/flashpoint/processed_data/flashpoint_mix_exp.csv,228,mix:228,test
mix,datasets/flashpoint/processed_data/flashpoint_mix_exp.csv,229,mix:229,test
mix,datasets/flashpoint/processed_data/flashpoint_mix_exp.csv,230,mix:230,test
mix,datasets/flashpoint/processed_data/flashpoint_mix_exp.csv,231,mix:231,test
mix,datasets/flashpoint/processed_data/flashpoint_mix_exp.csv,232,mix:232,test
mix,datasets/flashpoint/processed_data/flashpoint_mix_exp.csv,595,mix:595,test
mix,datasets/flashpoint/processed_data/flashpoint_mix_exp.csv,596,mix:596,test
mix,datasets/flashpoint/processed_data/flashpoint_mix_exp.csv,597,mix:597,test
mix,datasets/flashpoint/processed_data/flashpoint_mix_exp.csv,598,mix:598,test
mix,datasets/flashpoint/processed_data/flashpoint_mix_exp.csv,933,mix:933,test
mix,datasets/flashpoint/processed_data/flashpoint_mix_exp.csv,934,mix:934,test
mix,datasets/flashpoint/processed_data/flashpoint_mix_exp.csv,935,mix:935,test
mix,datasets/flashpoint/processed_data/flashpoint_mix_exp.csv,936,mix:936,test
mix,datasets/flashpoint/processed_data/flashpoint_mix_exp.csv,937,mix:937,test
mix,datasets/flashpoint/processed_data/flashpoint_mix_exp.csv,938,mix:938,test
mix,datasets/flashpoint/processed_data/flashpoint_mix_exp.csv,939,mix:939,test
mix,datasets/flashpoint/processed_data/flashpoint_mix_exp.csv,940,mix:940,test
mix,datasets/flashpoint/processed_data/flashpoint_mix_exp.csv,941,mix:941,test
mix,datasets/flashpoint/processed_data/flashpoint_mix_exp.csv,942,mix:942,test
mix,datasets/flashpoint/processed_data/flashpoint_mix_exp.csv,943,mix:943,test
mix,datasets/flashpoint/processed_data/flashpoint_mix_exp.csv,944,mix:944,test
mix,datasets/flashpoint/processed_data/flashpoint_mix_exp.csv,945,mix:945,test
mix,datasets/flashpoint/processed_data/flashpoint_mix_exp.csv,946,mix:946,test
mix,datasets/flashpoint/processed_data/flashpoint_mix_exp.csv,947,mix:947,test
mix,datasets/flashpoint/processed_data/flashpoint_mix_exp.csv,948,mix:948,test
mix,datasets/flashpoint/processed_data/flashpoint_mix_exp.csv,949,mix:949,test
mix,datasets/flashpoint/processed_data/flashpoint_mix_exp.csv,950,mix:950,test
mix,datasets/flashpoint/processed_data/flashpoint_mix_exp.csv,951,mix:951,test
mix,datasets/flashpoint/processed_data/flashpoint_mix_exp.csv,952,mix:952,test
mix,datasets/flashpoint/processed_data/flashpoint_mix_exp.csv,953,mix:953,test
mix,datasets/flashpoint/processed_data/flashpoint_mix_exp.csv,954,mix:954,test
mix,datasets/flashpoint/processed_data/flashpoint_mix_exp.csv,955,mix:955,test
mix,datasets/flashpoint/processed_data/flashpoint_mix_exp.csv,956,mix:956,test
mix,datasets/flashpoint/processed_data/flashpoint_mix_exp.csv,957,mix:957,test
mix,datasets/flashpoint/processed_data/flashpoint_mix_exp.csv,958,mix:958,test
mix,datasets/flashpoint/processed_data/flashpoint_mix_exp.csv,959,mix:959,test
mix,datasets/flashpoint/processed_data/flashpoint_mix_exp.csv,960,mix:960,test
mix,datasets/flashpoint/processed_data/flashpoint_mix_exp.csv,961,mix:961,test
mix,datasets/flashpoint/processed_data/flashpoint_mix_exp.csv,962,mix:962,test
mix,datasets/flashpoint/processed_data/flashpoint_mix_exp.csv,963,mix:963,test
mix,datasets/flashpoint/processed_data/flashpoint_mix_exp.csv,964,mix:964,test
mix,datasets/flashpoint/processed_data/flashpoint_mix_exp.csv,965,mix:965,test
mix,datasets/flashpoint/processed_data/flashpoint_mix_exp.csv,966,mix:966,test
mix,datasets/flashpoint/processed_data/flashpoint_mix_exp.csv,967,mix:967,test
mix,datasets/flashpoint/processed_data/flashpoint_mix_exp.csv,968,mix:968,test
mix,datasets/flashpoint/processed_data/flashpoint_mix_exp.csv,969,mix:969,test
mix,datasets/flashpoint/processed_data/flashpoint_mix_exp.csv,970,mix:970,test
mix,datasets/flashpoint/processed_data/flashpoint_mix_exp.csv,971,mix:971,test
mix,datasets/flashpoint/processed_data/flashpoint_mix_exp.csv,972,mix:972,test
mix,datasets/flashpoint/processed_data/flashpoint_mix_exp.csv,973,mix:973,test
mix,datasets/flashpoint/processed_data/flashpoint_mix_exp.csv,974,mix:974,test
mix,datasets/flashpoint/processed_data/flashpoint_mix_exp.csv,975,mix:975,test
mix,datasets/flashpoint/processed_data/flashpoint_mix_exp.csv,976,mix:976,test
mix,datasets/flashpoint/processed_data/flashpoint_mix_exp.csv,977,mix:977,test
mix,datasets/flashpoint/processed_data/flashpoint_mix_exp.csv,978,mix:978,test
mix,datasets/flashpoint/processed_data/flashpoint_mix_exp.csv,979,mix:979,test
mix,datasets/flashpoint/processed_data/flashpoint_mix_exp.csv,980,mix:980,test
mix,datasets/flashpoint/processed_data/flashpoint_mix_exp.csv,981,mix:981,test
mix,datasets/flashpoint/processed_data/flashpoint_mix_exp.csv,982,mix:982,test
mix,datasets/flashpoint/processed_data/flashpoint_mix_exp.csv,983,mix:983,test
mix,datasets/flashpoint/processed_data/flashpoint_mix_exp.csv,984,mix:984,test
mix,datasets/flashpoint/processed_data/flashpoint_mix_exp.csv,985,mix:985,test
mix,datasets/flashpoint/processed_data/flashpoint_mix_exp.csv,986,mix:986,test
mix,datasets/flashpoint/processed_data/flashpoint_mix_exp.csv,987,mix:987,test
mix,datasets/flashpoint/processed_data/flashpoint_mix_exp.csv,988,mix:988,test
mix,datasets/flashpoint/processed_data/flashpoint_mix_exp.csv,989,mix:989,test
mix,datasets/flashpoint/processed_data/flashpoint_mix_exp.csv,990,mix:990,test
mix,datasets/flashpoint/processed_data/flashpoint_mix_exp.csv,991,mix:991,test
mix,datasets/flashpoint/processed_data/flashpoint_mix_exp.csv,992,mix:992,test
mix,datasets/flashpoint/processed_data/flashpoint_mix_exp.csv,993,mix:993,test
mix,datasets/flashpoint/processed_data/flashpoint_mix_exp.csv,994,mix:994,test
mix,datasets/flashpoint/processed_data/flashpoint_mix_exp.csv,995,mix:995,test
mix,datasets/flashpoint/processed_data/flashpoint_mix_exp.csv,996,mix:996,test
mix,datasets/flashpoint/processed_data/flashpoint_mix_exp.csv,997,mix:997,test
mix,datasets/flashpoint/processed_data/flashpoint_mix_exp.csv,998,mix:998,test
mix,datasets/flashpoint/processed_data/flashpoint_mix_exp.csv,999,mix:999,test
mix,datasets/flashpoint/processed_data/flashpoint_mix_exp.csv,1000,mix:1000,test
mix,datasets/flashpoint/processed_data/flashpoint_mix_exp.csv,1001,mix:1001,test
mix,datasets/flashpoint/processed_data/flashpoint_mix_exp.csv,1002,mix:1002,test
mix,datasets/flashpoint/processed_data/flashpoint_mix_exp.csv,1003,mix:1003,test
mix,datasets/flashpoint/processed_data/flashpoint_mix_exp.csv,1004,mix:1004,test
mix,datasets/flashpoint/processed_data/flashpoint_mix_exp.csv,1005,mix:1005,test
mix,datasets/flashpoint/processed_data/flashpoint_mix_exp.csv,0,mix:0,train
mix,datasets/flashpoint/processed_data/flashpoint_mix_exp.csv,1,mix:1,train
mix,datasets/flashpoint/processed_data/flashpoint_mix_exp.csv,2,mix:2,train
mix,datasets/flashpoint/processed_data/flashpoint_mix_exp.csv,92,mix:92,train
mix,datasets/flashpoint/processed_data/flashpoint_mix_exp.csv,93,mix:93,train
mix,datasets/flashpoint/processed_data/flashpoint_mix_exp.csv,94,mix:94,train
mix,datasets/flashpoint/processed_data/flashpoint_mix_exp.csv,95,mix:95,train
mix,datasets/flashpoint/processed_data/flashpoint_mix_exp.csv,96,mix:96,train
mix,datasets/flashpoint/processed_data/flashpoint_mix_exp.csv,97,mix:97,train
mix,datasets/flashpoint/processed_data/flashpoint_mix_exp.csv,98,mix:98,train
mix,datasets/flashpoint/processed_data/flashpoint_mix_exp.csv,99,mix:99,train
mix,datasets/flashpoint/processed_data/flashpoint_mix_exp.csv,100,mix:100,train
mix,datasets/flashpoint/processed_data/flashpoint_mix_exp.csv,101,mix:101,train
mix,datasets/flashpoint/processed_data/flashpoint_mix_exp.csv,102,mix:102,train
mix,datasets/flashpoint/processed_data/flashpoint_mix_exp.csv,103,mix:103,train
mix,datasets/flashpoint/processed_data/flashpoint_mix_exp.csv,104,mix:104,train
mix,datasets/flashpoint/processed_data/flashpoint_mix_exp.csv,105,mix:105,train
mix,datasets/flashpoint/processed_data/flashpoint_mix_exp.csv,106,mix:106,train
mix,datasets/flashpoint/processed_data/flashpoint_mix_exp.csv,107,mix:107,train
mix,datasets/flashpoint/processed_data/flashpoint_mix_exp.csv,108,mix:108,train
mix,datasets/flashpoint/processed_data/flashpoint_mix_exp.csv,109,mix:109,train
mix,datasets/flashpoint/processed_data/flashpoint_mix_exp.csv,110,mix:110,train
mix,datasets/flashpoint/processed_data/flashpoint_mix_exp.csv,111,mix:111,train
mix,datasets/flashpoint/processed_data/flashpoint_mix_exp.csv,112,mix:112,train
mix,datasets/flashpoint/processed_data/flashpoint_mix_exp.csv,113,mix:113,train
mix,datasets/flashpoint/processed_data/flashpoint_mix_exp.csv,114,mix:114,train
mix,datasets/flashpoint/processed_data/flashpoint_mix_exp.csv,115,mix:115,train
mix,datasets/flashpoint/processed_data/flashpoint_mix_exp.csv,116,mix:116,train
mix,datasets/flashpoint/processed_data/flashpoint_mix_exp.csv,117,mix:117,train
mix,datasets/flashpoint/processed_data/flashpoint_mix_exp.csv,118,mix:118,train
mix,datasets/flashpoint/processed_data/flashpoint_mix_exp.csv,119,mix:119,train
mix,datasets/flashpoint/processed_data/flashpoint_mix_exp.csv,120,mix:120,train
mix,datasets/flashpoint/processed_data/flashpoint_mix_exp.csv,121,mix:121,train
mix,datasets/flashpoint/processed_data/flashpoint_mix_exp.csv,122,mix:122,train
mix,datasets/flashpoint/processed_data/flashpoint_mix_exp.csv,123,mix:123,train
mix,datasets/flashpoint/processed_data/flashpoint_mix_exp.csv,124,mix:124,train
mix,datasets/flashpoint/processed_data/flashpoint_mix_exp.csv,125,mix:125,train
mix,datasets/flashpoint/processed_data/flashpoint_mix_exp.csv,126,mix:126,train
mix,datasets/flashpoint/processed_data/flashpoint_mix_exp.csv,127,mix:127,train
mix,datasets/flashpoint/processed_data/flashpoint_mix_exp.csv,128,mix:128,train
mix,datasets/flashpoint/processed_data/flashpoint_mix_exp.csv,129,mix:129,train
mix,datasets/flashpoint/processed_data/flashpoint_mix_exp.csv,130,mix:130,train
mix,datasets/flashpoint/processed_data/flashpoint_mix_exp.csv,131,mix:131,train
mix,datasets/flashpoint/processed_data/flashpoint_mix_exp.csv,132,mix:132,train
mix,datasets/flashpoint/processed_data/flashpoint_mix_exp.csv,133,mix:133,train
mix,datasets/flashpoint/processed_data/flashpoint_mix_exp.csv,134,mix:134,train
mix,datasets/flashpoint/processed_data/flashpoint_mix_exp.csv,135,mix:135,train
mix,datasets/flashpoint/processed_data/flashpoint_mix_exp.csv,136,mix:136,train
mix,datasets/flashpoint/processed_data/flashpoint_mix_exp.csv,137,mix:137,train
mix,datasets/flashpoint/processed_data/flashpoint_mix_exp.csv,138,mix:138,train
mix,datasets/flashpoint/processed_data/flashpoint_mix_exp.csv,139,mix:139,train
mix,datasets/flashpoint/processed_data/flashpoint_mix_exp.csv,140,mix:140,train
mix,datasets/flashpoint/processed_data/flashpoint_mix_exp.csv,141,mix:141,train
mix,datasets/flashpoint/processed_data/flashpoint_mix_exp.csv,142,mix:142,train
mix,datasets/flashpoint/processed_data/flashpoint_mix_exp.csv,143,mix:143,train
mix,datasets/flashpoint/processed_data/flashpoint_mix_exp.csv,144,mix:144,train
mix,datasets/flashpoint/processed_data/flashpoint_mix_exp.csv,145,mix:145,train
mix,datasets/flashpoint/processed_data/flashpoint_mix_exp.csv,146,mix:146,train
mix,datasets/flashpoint/processed_data/flashpoint_mix_exp.csv,147,mix:147,train
mix,datasets/flashpoint/processed_data/flashpoint_mix_exp.csv,148,mix:148,train
mix,datasets/flashpoint/processed_data/flashpoint_mix_exp.csv,149,mix:149,train
mix,datasets/flashpoint/processed_data/flashpoint_mix_exp.csv,150,mix:150,train
mix,datasets/flashpoint/processed_data/flashpoint_mix_exp.csv,151,mix:151,train
mix,datasets/flashpoint/processed_data/flashpoint_mix_exp.csv,152,mix:152,train
mix,datasets/flashpoint/processed_data/flashpoint_mix_exp.csv,153,mix:153,train
mix,datasets/flashpoint/processed_data/flashpoint_mix_exp.csv,154,mix:154,train
mix,datasets/flashpoint/processed_data/flashpoint_mix_exp.csv,155,mix:155,train
mix,datasets/flashpoint/processed_data/flashpoint_mix_exp.csv,156,mix:156,train
mix,datasets/flashpoint/processed_data/flashpoint_mix_exp.csv,157,mix:157,train
mix,datasets/flashpoint/processed_data/flashpoint_mix_exp.csv,158,mix:158,train
mix,datasets/flashpoint/processed_data/flashpoint_mix_exp.csv,159,mix:159,train
mix,datasets/flashpoint/processed_data/flashpoint_mix_exp.csv,160,mix:160,train
mix,datasets/flashpoint/processed_data/flashpoint_mix_exp.csv,161,mix:161,train
mix,datasets/flashpoint/processed_data/flashpoint_mix_exp.csv,162,mix:162,train
mix,datasets/flashpoint/processed_data/flashpoint_mix_exp.csv,163,mix:163,train
mix,datasets/flashpoint/processed_data/flashpoint_mix_exp.csv,164,mix:164,train
mix,datasets/flashpoint/processed_data/flashpoint_mix_exp.csv,165,mix:165,train
mix,datasets/flashpoint/processed_data/flashpoint_mix_exp.csv,166,mix:166,train
mix,datasets/flashpoint/processed_data/flashpoint_mix_exp.csv,167,mix:167,train
mix,datasets/flashpoint/processed_data/flashpoint_mix_exp.csv,168,mix:168,train
mix,datasets/flashpoint/processed_data/flashpoint_mix_exp.csv,169,mix:169,train
mix,datasets/flashpoint/processed_data/flashpoint_mix_exp.csv,170,mix:170,train
mix,datasets/flashpoint/processed_data/flashpoint_mix_exp.csv,171,mix:171,train
mix,datasets/flashpoint/processed_data/flashpoint_mix_exp.csv,172,mix:172,train
mix,datasets/flashpoint/processed_data/flashpoint_mix_exp.csv,173,mix:173,train
mix,datasets/flashpoint/processed_data/flashpoint_mix_exp.csv,174,mix:174,train
mix,datasets/flashpoint/processed_data/flashpoint_mix_exp.csv,175,mix:175,train
mix,datasets/flashpoint/processed_data/flashpoint_mix_exp.csv,176,mix:176,train
mix,datasets/flashpoint/processed_data/flashpoint_mix_exp.csv,177,mix:177,train
mix,datasets/flashpoint/processed_data/flashpoint_mix_exp.csv,178,mix:178,train
mix,datasets/flashpoint/processed_data/flashpoint_mix_exp.csv,179,mix:179,train
mix,datasets/flashpoint/processed_data/flashpoint_mix_exp.csv,180,mix:180,train
mix,datasets/flashpoint/processed_data/flashpoint_mix_exp.csv,181,mix:181,train
mix,datasets/flashpoint/processed_data/flashpoint_mix_exp.csv,182,mix:182,train
mix,datasets/flashpoint/processed_data/flashpoint_mix_exp.csv,183,mix:183,train
mix,datasets/flashpoint/processed_data/flashpoint_mix_exp.csv,184,mix:184,train
mix,datasets/flashpoint/processed_data/flashpoint_mix_exp.csv,185,mix:185,train
mix,datasets/flashpoint/processed_data/flashpoint_mix_exp.csv,186,mix:186,train
mix,datasets/flashpoint/processed_data/flashpoint_mix_exp.csv,187,mix:187,train
mix,datasets/flashpoint/processed_data/flashpoint_mix_exp.csv,188,mix:188,train
mix,datasets/flashpoint/processed_data/flashpoint_mix_exp.csv,189,mix:189,train
mix,datasets/flashpoint/processed_data/flashpoint_mix_exp.csv,190,mix:190,train
mix,datasets/flashpoint/processed_data/flashpoint_mix_exp.csv,191,mix:191,train
mix,datasets/flashpoint/processed_data/flashpoint_mix_exp.csv,192,mix:192,train
mix,datasets/flashpoint/processed_data/flashpoint_mix_exp.csv,193,mix:193,train
mix,datasets/flashpoint/processed_data/flashpoint_mix_exp.csv,194,mix:194,train
mix,datasets/flashpoint/processed_data/flashpoint_mix_exp.csv,195,mix:195,train
mix,datasets/flashpoint/processed_data/flashpoint_mix_exp.csv,196,mix:196,train
mix,datasets/flashpoint/processed_data/flashpoint_mix_exp.csv,268,mix:268,train
mix,datasets/flashpoint/processed_data/flashpoint_mix_exp.csv,269,mix:269,train
mix,datasets/flashpoint/processed_data/flashpoint_mix_exp.csv,270,mix:270,train
mix,datasets/flashpoint/processed_data/flashpoint_mix_exp.csv,271,mix:271,train
mix,datasets/flashpoint/processed_data/flashpoint_mix_exp.csv,272,mix:272,train
mix,datasets/flashpoint/processed_data/flashpoint_mix_exp.csv,273,mix:273,train
mix,datasets/flashpoint/processed_data/flashpoint_mix_exp.csv,274,mix:274,train
mix,datasets/flashpoint/processed_data/flashpoint_mix_exp.csv,275,mix:275,train
mix,datasets/flashpoint/processed_data/flashpoint_mix_exp.csv,276,mix:276,train
mix,datasets/flashpoint/processed_data/flashpoint_mix_exp.csv,277,mix:277,train
mix,datasets/flashpoint/processed_data/flashpoint_mix_exp.csv,278,mix:278,train
mix,datasets/flashpoint/processed_data/flashpoint_mix_exp.csv,279,mix:279,train
mix,datasets/flashpoint/processed_data/flashpoint_mix_exp.csv,280,mix:280,train
mix,datasets/flashpoint/processed_data/flashpoint_mix_exp.csv,281,mix:281,train
mix,datasets/flashpoint/processed_data/flashpoint_mix_exp.csv,282,mix:282,train
mix,datasets/flashpoint/processed_data/flashpoint_mix_exp.csv,283,mix:283,train
mix,datasets/flashpoint/processed_data/flashpoint_mix_exp.csv,284,mix:284,train
mix,datasets/flashpoint/processed_data/flashpoint_mix_exp.csv,285,mix:285,train
mix,datasets/flashpoint/processed_data/flashpoint_mix_exp.csv,286,mix:286,train
mix,datasets/flashpoint/processed_data/flashpoint_mix_exp.csv,287,mix:287,train
mix,datasets/flashpoint/processed_data/flashpoint_mix_exp.csv,288,mix:288,train
mix,datasets/flashpoint/processed_data/flashpoint_mix_exp.csv,289,mix:289,train
mix,datasets/flashpoint/processed_data/flashpoint_mix_exp.csv,290,mix:290,train
mix,datasets/flashpoint/processed_data/flashpoint_mix_exp.csv,291,mix:291,train
mix,datasets/flashpoint/processed_data/flashpoint_mix_exp.csv,292,mix:292,train
mix,datasets/flashpoint/processed_data/flashpoint_mix_exp.csv,293,mix:293,train
mix,datasets/flashpoint/processed_data/flashpoint_mix_exp.csv,294,mix:294,train
mix,datasets/flashpoint/processed_data/flashpoint_mix_exp.csv,366,mix:366,train
mix,datasets/flashpoint/processed_data/flashpoint_mix_exp.csv,367,mix:367,train
mix,datasets/flashpoint/processed_data/flashpoint_mix_exp.csv,368,mix:368,train
mix,datasets/flashpoint/processed_data/flashpoint_mix_exp.csv,369,mix:369,train
mix,datasets/flashpoint/processed_data/flashpoint_mix_exp.csv,370,mix:370,train
mix,datasets/flashpoint/processed_data/flashpoint_mix_exp.csv,371,mix:371,train
mix,datasets/flashpoint/processed_data/flashpoint_mix_exp.csv,372,mix:372,train
mix,datasets/flashpoint/processed_data/flashpoint_mix_exp.csv,373,mix:373,train
mix,datasets/flashpoint/processed_data/flashpoint_mix_exp.csv,374,mix:374,train
mix,datasets/flashpoint/processed_data/flashpoint_mix_exp.csv,375,mix:375,train
mix,datasets/flashpoint/processed_data/flashpoint_mix_exp.csv,376,mix:376,train
mix,datasets/flashpoint/processed_data/flashpoint_mix_exp.csv,377,mix:377,train
mix,datasets/flashpoint/processed_data/flashpoint_mix_exp.csv,378,mix:378,train
mix,datasets/flashpoint/processed_data/flashpoint_mix_exp.csv,379,mix:379,train
mix,datasets/flashpoint/processed_data/flashpoint_mix_exp.csv,380,mix:380,train
mix,datasets/flashpoint/processed_data/flashpoint_mix_exp.csv,381,mix:381,train
mix,datasets/flashpoint/processed_data/flashpoint_mix_exp.csv,382,mix:382,train
mix,datasets/flashpoint/processed_data/flashpoint_mix_exp.csv,383,mix:383,train
mix,datasets/flashpoint/processed_data/flashpoint_mix_exp.csv,384,mix:384,train
mix,datasets/flashpoint/processed_data/flashpoint_mix_exp.csv,385,mix:385,train
mix,datasets/flashpoint/processed_data/flashpoint_mix_exp.csv,386,mix:386,train
mix,datasets/flashpoint/processed_data/flashpoint_mix_exp.csv,387,mix:387,train
mix,datasets/flashpoint/processed_data/flashpoint_mix_exp.csv,388,mix:388,train
mix,datasets/flashpoint/processed_data/flashpoint_mix_exp.csv,389,mix:389,train
mix,datasets/flashpoint/processed_data/flashpoint_mix_exp.csv,390,mix:390,train
mix,datasets/flashpoint/processed_data/flashpoint_mix_exp.csv,391,mix:391,train
mix,datasets/flashpoint/processed_data/flashpoint_mix_exp.csv,392,mix:392,train
mix,datasets/flashpoint/processed_data/flashpoint_mix_exp.csv,393,mix:393,train
mix,datasets/flashpoint/processed_data/flashpoint_mix_exp.csv,394,mix:394,train
mix,datasets/flashpoint/processed_data/flashpoint_mix_exp.csv,395,mix:395,train
mix,datasets/flashpoint/processed_data/flashpoint_mix_exp.csv,396,mix:396,train
mix,datasets/flashpoint/processed_data/flashpoint_mix_exp.csv,397,mix:397,train
mix,datasets/flashpoint/processed_data/flashpoint_mix_exp.csv,398,mix:398,train
mix,datasets/flashpoint/processed_data/flashpoint_mix_exp.csv,399,mix:399,train
mix,datasets/flashpoint/processed_data/flashpoint_mix_exp.csv,400,mix:400,train
mix,datasets/flashpoint/processed_data/flashpoint_mix_exp.csv,401,mix:401,train
mix,datasets/flashpoint/processed_data/flashpoint_mix_exp.csv,402,mix:402,train
mix,datasets/flashpoint/processed_data/flashpoint_mix_exp.csv,403,mix:403,train
mix,datasets/flashpoint/processed_data/flashpoint_mix_exp.csv,404,mix:404,train
mix,datasets/flashpoint/processed_data/flashpoint_mix_exp.csv,405,mix:405,train
mix,datasets/flashpoint/processed_data/flashpoint_mix_exp.csv,406,mix:406,train
mix,datasets/flashpoint/processed_data/flashpoint_mix_exp.csv,407,mix:407,train
mix,datasets/flashpoint/processed_data/flashpoint_mix_exp.csv,408,mix:408,train
mix,datasets/flashpoint/processed_data/flashpoint_mix_exp.csv,409,mix:409,train
mix,datasets/flashpoint/processed_data/flashpoint_mix_exp.csv,410,mix:410,train
mix,datasets/flashpoint/processed_data/flashpoint_mix_exp.csv,411,mix:411,train
mix,datasets/flashpoint/processed_data/flashpoint_mix_exp.csv,412,mix:412,train
mix,datasets/flashpoint/processed_data/flashpoint_mix_exp.csv,413,mix:413,train
mix,datasets/flashpoint/processed_data/flashpoint_mix_exp.csv,414,mix:414,train
mix,datasets/flashpoint/processed_data/flashpoint_mix_exp.csv,415,mix:415,train
mix,datasets/flashpoint/processed_data/flashpoint_mix_exp.csv,416,mix:416,train
mix,datasets/flashpoint/processed_data/flashpoint_mix_exp.csv,417,mix:417,train
mix,datasets/flashpoint/processed_data/flashpoint_mix_exp.csv,418,mix:418,train
mix,datasets/flashpoint/processed_data/flashpoint_mix_exp.csv,419,mix:419,train
mix,datasets/flashpoint/processed_data/flashpoint_mix_exp.csv,420,mix:420,train
mix,datasets/flashpoint/processed_data/flashpoint_mix_exp.csv,421,mix:421,train
mix,datasets/flashpoint/processed_data/flashpoint_mix_exp.csv,422,mix:422,train
mix,datasets/flashpoint/processed_data/flashpoint_mix_exp.csv,423,mix:423,train
mix,datasets/flashpoint/processed_data/flashpoint_mix_exp.csv,424,mix:424,train
mix,datasets/flashpoint/processed_data/flashpoint_mix_exp.csv,425,mix:425,train
mix,datasets/flashpoint/processed_data/flashpoint_mix_exp.csv,426,mix:426,train
mix,datasets/flashpoint/processed_data/flashpoint_mix_exp.csv,427,mix:427,train
mix,datasets/flashpoint/processed_data/flashpoint_mix_exp.csv,428,mix:428,train
mix,datasets/flashpoint/processed_data/flashpoint_mix_exp.csv,429,mix:429,train
mix,datasets/flashpoint/processed_data/flashpoint_mix_exp.csv,430,mix:430,train
mix,datasets/flashpoint/processed_data/flashpoint_mix_exp.csv,431,mix:431,train
mix,datasets/flashpoint/processed_data/flashpoint_mix_exp.csv,432,mix:432,train
mix,datasets/flashpoint/processed_data/flashpoint_mix_exp.csv,433,mix:433,train
mix,datasets/flashpoint/processed_data/flashpoint_mix_exp.csv,434,mix:434,train
mix,datasets/flashpoint/processed_data/flashpoint_mix_exp.csv,435,mix:435,train
mix,datasets/flashpoint/processed_data/flashpoint_mix_exp.csv,436,mix:436,train
mix,datasets/flashpoint/processed_data/flashpoint_mix_exp.csv,437,mix:437,train
mix,datasets/flashpoint/processed_data/flashpoint_mix_exp.csv,438,mix:438,train
mix,datasets/flashpoint/processed_data/flashpoint_mix_exp.csv,439,mix:439,train
mix,datasets/flashpoint/processed_data/flashpoint_mix_exp.csv,440,mix:440,train
mix,datasets/flashpoint/processed_data/flashpoint_mix_exp.csv,441,mix:441,train
mix,datasets/flashpoint/processed_data/flashpoint_mix_exp.csv,442,mix:442,train
mix,datasets/flashpoint/processed_data/flashpoint_mix_exp.csv,443,mix:443,train
mix,datasets/flashpoint/processed_data/flashpoint_mix_exp.csv,444,mix:444,train
mix,datasets/flashpoint/processed_data/flashpoint_mix_exp.csv,445,mix:445,train
mix,datasets/flashpoint/processed_data/flashpoint_mix_exp.csv,446,mix:446,train
mix,datasets/flashpoint/processed_data/flashpoint_mix_exp.csv,447,mix:447,train
mix,datasets/flashpoint/processed_data/flashpoint_mix_exp.csv,448,mix:448,train
mix,datasets/flashpoint/processed_data/flashpoint_mix_exp.csv,449,mix:449,train
mix,datasets/flashpoint/processed_data/flashpoint_mix_exp.csv,450,mix:450,train
mix,datasets/flashpoint/processed_data/flashpoint_mix_exp.csv,451,mix:451,train
mix,datasets/flashpoint/processed_data/flashpoint_mix_exp.csv,452,mix:452,train
mix,datasets/flashpoint/processed_data/flashpoint_mix_exp.csv,453,mix:453,train
mix,datasets/flashpoint/processed_data/flashpoint_mix_exp.csv,454,mix:454,train
mix,datasets/flashpoint/processed_data/flashpoint_mix_exp.csv,455,mix:455,train
mix,datasets/flashpoint/processed_data/flashpoint_mix_exp.csv,456,mix:456,train
mix,datasets/flashpoint/processed_data/flashpoint_mix_exp.csv,457,mix:457,train
mix,datasets/flashpoint/processed_data/flashpoint_mix_exp.csv,458,mix:458,train
mix,datasets/flashpoint/processed_data/flashpoint_mix_exp.csv,459,mix:459,train
mix,datasets/flashpoint/processed_data/flashpoint_mix_exp.csv,460,mix:460,train
mix,datasets/flashpoint/processed_data/flashpoint_mix_exp.csv,461,mix:461,train
mix,datasets/flashpoint/processed_data/flashpoint_mix_exp.csv,462,mix:462,train
mix,datasets/flashpoint/processed_data/flashpoint_mix_exp.csv,463,mix:463,train
mix,datasets/flashpoint/processed_data/flashpoint_mix_exp.csv,464,mix:464,train
mix,datasets/flashpoint/processed_data/flashpoint_mix_exp.csv,465,mix:465,train
mix,datasets/flashpoint/processed_data/flashpoint_mix_exp.csv,466,mix:466,train
mix,datasets/flashpoint/processed_data/flashpoint_mix_exp.csv,467,mix:467,train
mix,datasets/flashpoint/processed_data/flashpoint_mix_exp.csv,468,mix:468,train
mix,datasets/flashpoint/processed_data/flashpoint_mix_exp.csv,469,mix:469,train
mix,datasets/flashpoint/processed_data/flashpoint_mix_exp.csv,470,mix:470,train
mix,datasets/flashpoint/processed_data/flashpoint_mix_exp.csv,471,mix:471,train
mix,datasets/flashpoint/processed_data/flashpoint_mix_exp.csv,472,mix:472,train
mix,datasets/flashpoint/processed_data/flashpoint_mix_exp.csv,473,mix:473,train
mix,datasets/flashpoint/processed_data/flashpoint_mix_exp.csv,474,mix:474,train
mix,datasets/flashpoint/processed_data/flashpoint_mix_exp.csv,475,mix:475,train
mix,datasets/flashpoint/processed_data/flashpoint_mix_exp.csv,476,mix:476,train
mix,datasets/flashpoint/processed_data/flashpoint_mix_exp.csv,477,mix:477,train
mix,datasets/flashpoint/processed_data/flashpoint_mix_exp.csv,478,mix:478,train
mix,datasets/flashpoint/processed_data/flashpoint_mix_exp.csv,479,mix:479,train
mix,datasets/flashpoint/processed_data/flashpoint_mix_exp.csv,480,mix:480,train
mix,datasets/flashpoint/processed_data/flashpoint_mix_exp.csv,481,mix:481,train
mix,datasets/flashpoint/processed_data/flashpoint_mix_exp.csv,482,mix:482,train
mix,datasets/flashpoint/processed_data/flashpoint_mix_exp.csv,483,mix:483,train
mix,datasets/flashpoint/processed_data/flashpoint_mix_exp.csv,484,mix:484,train
mix,datasets/flashpoint/processed_data/flashpoint_mix_exp.csv,485,mix:485,train
mix,datasets/flashpoint/processed_data/flashpoint_mix_exp.csv,486,mix:486,train
mix,datasets/flashpoint/processed_data/flashpoint_mix_exp.csv,487,mix:487,train
mix,datasets/flashpoint/processed_data/flashpoint_mix_exp.csv,488,mix:488,train
mix,datasets/flashpoint/processed_data/flashpoint_mix_exp.csv,489,mix:489,train
mix,datasets/flashpoint/processed_data/flashpoint_mix_exp.csv,490,mix:490,train
mix,datasets/flashpoint/processed_data/flashpoint_mix_exp.csv,491,mix:491,train
mix,datasets/flashpoint/processed_data/flashpoint_mix_exp.csv,492,mix:492,train
mix,datasets/flashpoint/processed_data/flashpoint_mix_exp.csv,493,mix:493,train
mix,datasets/flashpoint/processed_data/flashpoint_mix_exp.csv,494,mix:494,train
mix,datasets/flashpoint/processed_data/flashpoint_mix_exp.csv,495,mix:495,train
mix,datasets/flashpoint/processed_data/flashpoint_mix_exp.csv,496,mix:496,train
mix,datasets/flashpoint/processed_data/flashpoint_mix_exp.csv,497,mix:497,train
mix,datasets/flashpoint/processed_data/flashpoint_mix_exp.csv,498,mix:498,train
mix,datasets/flashpoint/processed_data/flashpoint_mix_exp.csv,499,mix:499,train
mix,datasets/flashpoint/processed_data/flashpoint_mix_exp.csv,500,mix:500,train
mix,datasets/flashpoint/processed_data/flashpoint_mix_exp.csv,501,mix:501,train
mix,datasets/flashpoint/processed_data/flashpoint_mix_exp.csv,502,mix:502,train
mix,datasets/flashpoint/processed_data/flashpoint_mix_exp.csv,503,mix:503,train
mix,datasets/flashpoint/processed_data/flashpoint_mix_exp.csv,504,mix:504,train
mix,datasets/flashpoint/processed_data/flashpoint_mix_exp.csv,505,mix:505,train
mix,datasets/flashpoint/processed_data/flashpoint_mix_exp.csv,506,mix:506,train
mix,datasets/flashpoint/processed_data/flashpoint_mix_exp.csv,507,mix:507,train
mix,datasets/flashpoint/processed_data/flashpoint_mix_exp.csv,508,mix:508,train
mix,datasets/flashpoint/processed_data/flashpoint_mix_exp.csv,509,mix:509,train
mix,datasets/flashpoint/processed_data/flashpoint_mix_exp.csv,510,mix:510,train
mix,datasets/flashpoint/processed_data/flashpoint_mix_exp.csv,511,mix:511,train
mix,datasets/flashpoint/processed_data/flashpoint_mix_exp.csv,512,mix:512,train
mix,datasets/flashpoint/processed_data/flashpoint_mix_exp.csv,513,mix:513,train
mix,datasets/flashpoint/processed_data/flashpoint_mix_exp.csv,514,mix:514,train
mix,datasets/flashpoint/processed_data/flashpoint_mix_exp.csv,515,mix:515,train
mix,datasets/flashpoint/processed_data/flashpoint_mix_exp.csv,516,mix:516,train
mix,datasets/flashpoint/processed_data/flashpoint_mix_exp.csv,517,mix:517,train
mix,datasets/flashpoint/processed_data/flashpoint_mix_exp.csv,518,mix:518,train
mix,datasets/flashpoint/processed_data/flashpoint_mix_exp.csv,519,mix:519,train
mix,datasets/flashpoint/processed_data/flashpoint_mix_exp.csv,520,mix:520,train
mix,datasets/flashpoint/processed_data/flashpoint_mix_exp.csv,521,mix:521,train
mix,datasets/flashpoint/processed_data/flashpoint_mix_exp.csv,522,mix:522,train
mix,datasets/flashpoint/processed_data/flashpoint_mix_exp.csv,523,mix:523,train
mix,datasets/flashpoint/processed_data/flashpoint_mix_exp.csv,524,mix:524,train
mix,datasets/flashpoint/processed_data/flashpoint_mix_exp.csv,525,mix:525,train
mix,datasets/flashpoint/processed_data/flashpoint_mix_exp.csv,526,mix:526,train
mix,datasets/flashpoint/processed_data/flashpoint_mix_exp.csv,527,mix:527,train
mix,datasets/flashpoint/processed_data/flashpoint_mix_exp.csv,528,mix:528,train
mix,datasets/flashpoint/processed_data/flashpoint_mix_exp.csv,529,mix:529,train
mix,datasets/flashpoint/processed_data/flashpoint_mix_exp.csv,530,mix:530,train
mix,datasets/flashpoint/processed_data/flashpoint_mix_exp.csv,531,mix:531,train
mix,datasets/flashpoint/processed_data/flashpoint_mix_exp.csv,532,mix:532,train
mix,datasets/flashpoint/processed_data/flashpoint_mix_exp.csv,533,mix:533,train
mix,datasets/flashpoint/processed_data/flashpoint_mix_exp.csv,534,mix:534,train
mix,datasets/flashpoint/processed_data/flashpoint_mix_exp.csv,535,mix:535,train
mix,datasets/flashpoint/processed_data/flashpoint_mix_exp.csv,536,mix:536,train
mix,datasets/flashpoint/processed_data/flashpoint_mix_exp.csv,537,mix:537,train
mix,datasets/flashpoint/processed_data/flashpoint_mix_exp.csv,538,mix:538,train
mix,datasets/flashpoint/processed_data/flashpoint_mix_exp.csv,539,mix:539,train
mix,datasets/flashpoint/processed_data/flashpoint_mix_exp.csv,540,mix:540,train
mix,datasets/flashpoint/processed_data/flashpoint_mix_exp.csv,541,mix:541,train
mix,datasets/flashpoint/processed_data/flashpoint_mix_exp.csv,542,mix:542,train
mix,datasets/flashpoint/processed_data/flashpoint_mix_exp.csv,543,mix:543,train
mix,datasets/flashpoint/processed_data/flashpoint_mix_exp.csv,544,mix:544,train
mix,datasets/flashpoint/processed_data/flashpoint_mix_exp.csv,545,mix:545,train
mix,datasets/flashpoint/processed_data/flashpoint_mix_exp.csv,546,mix:546,train
mix,datasets/flashpoint/processed_data/flashpoint_mix_exp.csv,547,mix:547,train
mix,datasets/flashpoint/processed_data/flashpoint_mix_exp.csv,548,mix:548,train
mix,datasets/flashpoint/processed_data/flashpoint_mix_exp.csv,549,mix:549,train
mix,datasets/flashpoint/processed_data/flashpoint_mix_exp.csv,550,mix:550,train
mix,datasets/flashpoint/processed_data/flashpoint_mix_exp.csv,551,mix:551,train
mix,datasets/flashpoint/processed_data/flashpoint_mix_exp.csv,552,mix:552,train
mix,datasets/flashpoint/processed_data/flashpoint_mix_exp.csv,553,mix:553,train
mix,datasets/flashpoint/processed_data/flashpoint_mix_exp.csv,554,mix:554,train
mix,datasets/flashpoint/processed_data/flashpoint_mix_exp.csv,555,mix:555,train
mix,datasets/flashpoint/processed_data/flashpoint_mix_exp.csv,556,mix:556,train
mix,datasets/flashpoint/processed_data/flashpoint_mix_exp.csv,557,mix:557,train
mix,datasets/flashpoint/processed_data/flashpoint_mix_exp.csv,558,mix:558,train
mix,datasets/flashpoint/processed_data/flashpoint_mix_exp.csv,559,mix:559,train
mix,datasets/flashpoint/processed_data/flashpoint_mix_exp.csv,560,mix:560,train
mix,datasets/flashpoint/processed_data/flashpoint_mix_exp.csv,561,mix:561,train
mix,datasets/flashpoint/processed_data/flashpoint_mix_exp.csv,562,mix:562,train
mix,datasets/flashpoint/processed_data/flashpoint_mix_exp.csv,563,mix:563,train
mix,datasets/flashpoint/processed_data/flashpoint_mix_exp.csv,564,mix:564,train
mix,datasets/flashpoint/processed_data/flashpoint_mix_exp.csv,565,mix:565,train
mix,datasets/flashpoint/processed_data/flashpoint_mix_exp.csv,566,mix:566,train
mix,datasets/flashpoint/processed_data/flashpoint_mix_exp.csv,567,mix:567,train
mix,datasets/flashpoint/processed_data/flashpoint_mix_exp.csv,568,mix:568,train
mix,datasets/flashpoint/processed_data/flashpoint_mix_exp.csv,569,mix:569,train
mix,datasets/flashpoint/processed_data/flashpoint_mix_exp.csv,570,mix:570,train
mix,datasets/flashpoint/processed_data/flashpoint_mix_exp.csv,571,mix:571,train
mix,datasets/flashpoint/processed_data/flashpoint_mix_exp.csv,572,mix:572,train
mix,datasets/flashpoint/processed_data/flashpoint_mix_exp.csv,573,mix:573,train
mix,datasets/flashpoint/processed_data/flashpoint_mix_exp.csv,574,mix:574,train
mix,datasets/flashpoint/processed_data/flashpoint_mix_exp.csv,575,mix:575,train
mix,datasets/flashpoint/processed_data/flashpoint_mix_exp.csv,576,mix:576,train
mix,datasets/flashpoint/processed_data/flashpoint_mix_exp.csv,577,mix:577,train
mix,datasets/flashpoint/processed_data/flashpoint_mix_exp.csv,578,mix:578,train
mix,datasets/flashpoint/processed_data/flashpoint_mix_exp.csv,579,mix:579,train
mix,datasets/flashpoint/processed_data/flashpoint_mix_exp.csv,580,mix:580,train
mix,datasets/flashpoint/processed_data/flashpoint_mix_exp.csv,581,mix:581,train
mix,datasets/flashpoint/processed_data/flashpoint_mix_exp.csv,582,mix:582,train
mix,datasets/flashpoint/processed_data/flashpoint_mix_exp.csv,583,mix:583,train
mix,datasets/flashpoint/processed_data/flashpoint_mix_exp.csv,584,mix:584,train
mix,datasets/flashpoint/processed_data/flashpoint_mix_exp.csv,585,mix:585,train
mix,datasets/flashpoint/processed_data/flashpoint_mix_exp.csv,586,mix:586,train
mix,datasets/flashpoint/processed_data/flashpoint_mix_exp.csv,587,mix:587,train
mix,datasets/flashpoint/processed_data/flashpoint_mix_exp.csv,588,mix:588,train
mix,datasets/flashpoint/processed_data/flashpoint_mix_exp.csv,589,mix:589,train
mix,datasets/flashpoint/processed_data/flashpoint_mix_exp.csv,590,mix:590,train
mix,datasets/flashpoint/processed_data/flashpoint_mix_exp.csv,591,mix:591,train
mix,datasets/flashpoint/processed_data/flashpoint_mix_exp.csv,592,mix:592,train
mix,datasets/flashpoint/processed_data/flashpoint_mix_exp.csv,593,mix:593,train
mix,datasets/flashpoint/processed_data/flashpoint_mix_exp.csv,594,mix:594,train
mix,datasets/flashpoint/processed_data/flashpoint_mix_exp.csv,599,mix:599,train
mix,datasets/flashpoint/processed_data/flashpoint_mix_exp.csv,600,mix:600,train
mix,datasets/flashpoint/processed_data/flashpoint_mix_exp.csv,601,mix:601,train
mix,datasets/flashpoint/processed_data/flashpoint_mix_exp.csv,602,mix:602,train
mix,datasets/flashpoint/processed_data/flashpoint_mix_exp.csv,603,mix:603,train
mix,datasets/flashpoint/processed_data/flashpoint_mix_exp.csv,604,mix:604,train
mix,datasets/flashpoint/processed_data/flashpoint_mix_exp.csv,605,mix:605,train
mix,datasets/flashpoint/processed_data/flashpoint_mix_exp.csv,606,mix:606,train
mix,datasets/flashpoint/processed_data/flashpoint_mix_exp.csv,607,mix:607,train
mix,datasets/flashpoint/processed_data/flashpoint_mix_exp.csv,608,mix:608,train
mix,datasets/flashpoint/processed_data/flashpoint_mix_exp.csv,609,mix:609,train
mix,datasets/flashpoint/processed_data/flashpoint_mix_exp.csv,610,mix:610,train
mix,datasets/flashpoint/processed_data/flashpoint_mix_exp.csv,611,mix:611,train
mix,datasets/flashpoint/processed_data/flashpoint_mix_exp.csv,612,mix:612,train
mix,datasets/flashpoint/processed_data/flashpoint_mix_exp.csv,613,mix:613,train
mix,datasets/flashpoint/processed_data/flashpoint_mix_exp.csv,614,mix:614,train
mix,datasets/flashpoint/processed_data/flashpoint_mix_exp.csv,615,mix:615,train
mix,datasets/flashpoint/processed_data/flashpoint_mix_exp.csv,616,mix:616,train
mix,datasets/flashpoint/processed_data/flashpoint_mix_exp.csv,617,mix:617,train
mix,datasets/flashpoint/processed_data/flashpoint_mix_exp.csv,618,mix:618,train
mix,datasets/flashpoint/processed_data/flashpoint_mix_exp.csv,619,mix:619,train
mix,datasets/flashpoint/processed_data/flashpoint_mix_exp.csv,620,mix:620,train
mix,datasets/flashpoint/processed_data/flashpoint_mix_exp.csv,621,mix:621,train
mix,datasets/flashpoint/processed_data/flashpoint_mix_exp.csv,622,mix:622,train
mix,datasets/flashpoint/processed_data/flashpoint_mix_exp.csv,623,mix:623,train
mix,datasets/flashpoint/processed_data/flashpoint_mix_exp.csv,624,mix:624,train
mix,datasets/flashpoint/processed_data/flashpoint_mix_exp.csv,625,mix:625,train
mix,datasets/flashpoint/processed_data/flashpoint_mix_exp.csv,626,mix:626,train
mix,datasets/flashpoint/processed_data/flashpoint_mix_exp.csv,627,mix:627,train
mix,datasets/flashpoint/processed_data/flashpoint_mix_exp.csv,628,mix:628,train
mix,datasets/flashpoint/processed_data/flashpoint_mix_exp.csv,629,mix:629,train
mix,datasets/flashpoint/processed_data/flashpoint_mix_exp.csv,630,mix:630,train
mix,datasets/flashpoint/processed_data/flashpoint_mix_exp.csv,631,mix:631,train
mix,datasets/flashpoint/processed_data/flashpoint_mix_exp.csv,632,mix:632,train
mix,datasets/flashpoint/processed_data/flashpoint_mix_exp.csv,633,mix:633,train
mix,datasets/flashpoint/processed_data/flashpoint_mix_exp.csv,634,mix:634,train
mix,datasets/flashpoint/processed_data/flashpoint_mix_exp.csv,635,mix:635,train
mix,datasets/flashpoint/processed_data/flashpoint_mix_exp.csv,636,mix:636,train
mix,datasets/flashpoint/processed_data/flashpoint_mix_exp.csv,637,mix:637,train
mix,datasets/flashpoint/processed_data/flashpoint_mix_exp.csv,638,mix:638,train
mix,datasets/flashpoint/processed_data/flashpoint_mix_exp.csv,639,mix:639,train
mix,datasets/flashpoint/processed_data/flashpoint_mix_exp.csv,640,mix:640,train
mix,datasets/flashpoint/processed_data/flashpoint_mix_exp.csv,641,mix:641,train
mix,datasets/flashpoint/processed_data/flashpoint_mix_exp.csv,642,mix:642,train
mix,datasets/flashpoint/processed_data/flashpoint_mix_exp.csv,643,mix:643,train
mix,datasets/flashpoint/processed_data/flashpoint_mix_exp.csv,644,mix:644,train
mix,datasets/flashpoint/processed_data/flashpoint_mix_exp.csv,645,mix:645,train
mix,datasets/flashpoint/processed_data/flashpoint_mix_exp.csv,646,mix:646,train
mix,datasets/flashpoint/processed_data/flashpoint_mix_exp.csv,647,mix:647,train
mix,datasets/flashpoint/processed_data/flashpoint_mix_exp.csv,648,mix:648,train
mix,datasets/flashpoint/processed_data/flashpoint_mix_exp.csv,649,mix:649,train
mix,datasets/flashpoint/processed_data/flashpoint_mix_exp.csv,650,mix:650,train
mix,datasets/flashpoint/processed_data/flashpoint_mix_exp.csv,651,mix:651,train
mix,datasets/flashpoint/processed_data/flashpoint_mix_exp.csv,652,mix:652,train
mix,datasets/flashpoint/processed_data/flashpoint_mix_exp.csv,653,mix:653,train
mix,datasets/flashpoint/processed_data/flashpoint_mix_exp.csv,654,mix:654,train
mix,datasets/flashpoint/processed_data/flashpoint_mix_exp.csv,655,mix:655,train
mix,datasets/flashpoint/processed_data/flashpoint_mix_exp.csv,656,mix:656,train
mix,datasets/flashpoint/processed_data/flashpoint_mix_exp.csv,657,mix:657,train
mix,datasets/flashpoint/processed_data/flashpoint_mix_exp.csv,658,mix:658,train
mix,datasets/flashpoint/processed_data/flashpoint_mix_exp.csv,659,mix:659,train
mix,datasets/flashpoint/processed_data/flashpoint_mix_exp.csv,660,mix:660,train
mix,datasets/flashpoint/processed_data/flashpoint_mix_exp.csv,661,mix:661,train
mix,datasets/flashpoint/processed_data/flashpoint_mix_exp.csv,662,mix:662,train
mix,datasets/flashpoint/processed_data/flashpoint_mix_exp.csv,663,mix:663,train
mix,datasets/flashpoint/processed_data/flashpoint_mix_exp.csv,664,mix:664,train
mix,datasets/flashpoint/processed_data/flashpoint_mix_exp.csv,665,mix:665,train
mix,datasets/flashpoint/processed_data/flashpoint_mix_exp.csv,666,mix:666,train
mix,datasets/flashpoint/processed_data/flashpoint_mix_exp.csv,667,mix:667,train
mix,datasets/flashpoint/processed_data/flashpoint_mix_exp.csv,668,mix:668,train
mix,datasets/flashpoint/processed_data/flashpoint_mix_exp.csv,669,mix:669,train
mix,datasets/flashpoint/processed_data/flashpoint_mix_exp.csv,670,mix:670,train
mix,datasets/flashpoint/processed_data/flashpoint_mix_exp.csv,671,mix:671,train
mix,datasets/flashpoint/processed_data/flashpoint_mix_exp.csv,672,mix:672,train
mix,datasets/flashpoint/processed_data/flashpoint_mix_exp.csv,673,mix:673,train
mix,datasets/flashpoint/processed_data/flashpoint_mix_exp.csv,674,mix:674,train
mix,datasets/flashpoint/processed_data/flashpoint_mix_exp.csv,675,mix:675,train
mix,datasets/flashpoint/processed_data/flashpoint_mix_exp.csv,676,mix:676,train
mix,datasets/flashpoint/processed_data/flashpoint_mix_exp.csv,677,mix:677,train
mix,datasets/flashpoint/processed_data/flashpoint_mix_exp.csv,678,mix:678,train
mix,datasets/flashpoint/processed_data/flashpoint_mix_exp.csv,679,mix:679,train
mix,datasets/flashpoint/processed_data/flashpoint_mix_exp.csv,680,mix:680,train
mix,datasets/flashpoint/processed_data/flashpoint_mix_exp.csv,681,mix:681,train
mix,datasets/flashpoint/processed_data/flashpoint_mix_exp.csv,682,mix:682,train
mix,datasets/flashpoint/processed_data/flashpoint_mix_exp.csv,683,mix:683,train
mix,datasets/flashpoint/processed_data/flashpoint_mix_exp.csv,684,mix:684,train
mix,datasets/flashpoint/processed_data/flashpoint_mix_exp.csv,685,mix:685,train
mix,datasets/flashpoint/processed_data/flashpoint_mix_exp.csv,686,mix:686,train
mix,datasets/flashpoint/processed_data/flashpoint_mix_exp.csv,687,mix:687,train
mix,datasets/flashpoint/processed_data/flashpoint_mix_exp.csv,688,mix:688,train
mix,datasets/flashpoint/processed_data/flashpoint_mix_exp.csv,689,mix:689,train
mix,datasets/flashpoint/processed_data/flashpoint_mix_exp.csv,690,mix:690,train
mix,datasets/flashpoint/processed_data/flashpoint_mix_exp.csv,691,mix:691,train
mix,datasets/flashpoint/processed_data/flashpoint_mix_exp.csv,692,mix:692,train
mix,datasets/flashpoint/processed_data/flashpoint_mix_exp.csv,693,mix:693,train
mix,datasets/flashpoint/processed_data/flashpoint_mix_exp.csv,694,mix:694,train
mix,datasets/flashpoint/processed_data/flashpoint_mix_exp.csv,695,mix:695,train
mix,datasets/flashpoint/processed_data/flashpoint_mix_exp.csv,696,mix:696,train
mix,datasets/flashpoint/processed_data/flashpoint_mix_exp.csv,697,mix:697,train
mix,datasets/flashpoint/processed_data/flashpoint_mix_exp.csv,698,mix:698,train
mix,datasets/flashpoint/processed_data/flashpoint_mix_exp.csv,699,mix:699,train
mix,datasets/flashpoint/processed_data/flashpoint_mix_exp.csv,700,mix:700,train
mix,datasets/flashpoint/processed_data/flashpoint_mix_exp.csv,701,mix:701,train
mix,datasets/flashpoint/processed_data/flashpoint_mix_exp.csv,702,mix:702,train
mix,datasets/flashpoint/processed_data/flashpoint_mix_exp.csv,703,mix:703,train
mix,datasets/flashpoint/processed_data/flashpoint_mix_exp.csv,704,mix:704,train
mix,datasets/flashpoint/processed_data/flashpoint_mix_exp.csv,705,mix:705,train
mix,datasets/flashpoint/processed_data/flashpoint_mix_exp.csv,706,mix:706,train
mix,datasets/flashpoint/processed_data/flashpoint_mix_exp.csv,707,mix:707,train
mix,datasets/flashpoint/processed_data/flashpoint_mix_exp.csv,708,mix:708,train
mix,datasets/flashpoint/processed_data/flashpoint_mix_exp.csv,709,mix:709,train
mix,datasets/flashpoint/processed_data/flashpoint_mix_exp.csv,710,mix:710,train
mix,datasets/flashpoint/processed_data/flashpoint_mix_exp.csv,711,mix:711,train
mix,datasets/flashpoint/processed_data/flashpoint_mix_exp.csv,712,mix:712,train
mix,datasets/flashpoint/processed_data/flashpoint_mix_exp.csv,713,mix:713,train
mix,datasets/flashpoint/processed_data/flashpoint_mix_exp.csv,714,mix:714,train
mix,datasets/flashpoint/processed_data/flashpoint_mix_exp.csv,715,mix:715,train
mix,datasets/flashpoint/processed_data/flashpoint_mix_exp.csv,716,mix:716,train
mix,datasets/flashpoint/processed_data/flashpoint_mix_exp.csv,717,mix:717,train
mix,datasets/flashpoint/processed_data/flashpoint_mix_exp.csv,718,mix:718,train
mix,datasets/flashpoint/processed_data/flashpoint_mix_exp.csv,719,mix:719,train
mix,datasets/flashpoint/processed_data/flashpoint_mix_exp.csv,720,mix:720,train
mix,datasets/flashpoint/processed_data/flashpoint_mix_exp.csv,721,mix:721,train
mix,datasets/flashpoint/processed_data/flashpoint_mix_exp.csv,722,mix:722,train
mix,datasets/flashpoint/processed_data/flashpoint_mix_exp.csv,723,mix:723,train
mix,datasets/flashpoint/processed_data/flashpoint_mix_exp.csv,724,mix:724,train
mix,datasets/flashpoint/processed_data/flashpoint_mix_exp.csv,725,mix:725,train
mix,datasets/flashpoint/processed_data/flashpoint_mix_exp.csv,726,mix:726,train
mix,datasets/flashpoint/processed_data/flashpoint_mix_exp.csv,727,mix:727,train
mix,datasets/flashpoint/processed_data/flashpoint_mix_exp.csv,728,mix:728,train
mix,datasets/flashpoint/processed_data/flashpoint_mix_exp.csv,729,mix:729,train
mix,datasets/flashpoint/processed_data/flashpoint_mix_exp.csv,730,mix:730,train
mix,datasets/flashpoint/processed_data/flashpoint_mix_exp.csv,731,mix:731,train
mix,datasets/flashpoint/processed_data/flashpoint_mix_exp.csv,732,mix:732,train
mix,datasets/flashpoint/processed_data/flashpoint_mix_exp.csv,733,mix:733,train
mix,datasets/flashpoint/processed_data/flashpoint_mix_exp.csv,734,mix:734,train
mix,datasets/flashpoint/processed_data/flashpoint_mix_exp.csv,735,mix:735,train
mix,datasets/flashpoint/processed_data/flashpoint_mix_exp.csv,736,mix:736,train
mix,datasets/flashpoint/processed_data/flashpoint_mix_exp.csv,737,mix:737,train
mix,datasets/flashpoint/processed_data/flashpoint_mix_exp.csv,738,mix:738,train
mix,datasets/flashpoint/processed_data/flashpoint_mix_exp.csv,739,mix:739,train
mix,datasets/flashpoint/processed_data/flashpoint_mix_exp.csv,740,mix:740,train
mix,datasets/flashpoint/processed_data/flashpoint_mix_exp.csv,741,mix:741,train
mix,datasets/flashpoint/processed_data/flashpoint_mix_exp.csv,742,mix:742,train
mix,datasets/flashpoint/processed_data/flashpoint_mix_exp.csv,743,mix:743,train
mix,datasets/flashpoint/processed_data/flashpoint_mix_exp.csv,744,mix:744,train
mix,datasets/flashpoint/processed_data/flashpoint_mix_exp.csv,745,mix:745,train
mix,datasets/flashpoint/processed_data/flashpoint_mix_exp.csv,746,mix:746,train
mix,datasets/flashpoint/processed_data/flashpoint_mix_exp.csv,747,mix:747,train
mix,datasets/flashpoint/processed_data/flashpoint_mix_exp.csv,748,mix:748,train
mix,datasets/flashpoint/processed_data/flashpoint_mix_exp.csv,749,mix:749,train
mix,datasets/flashpoint/processed_data/flashpoint_mix_exp.csv,750,mix:750,train
mix,datasets/flashpoint/processed_data/flashpoint_mix_exp.csv,751,mix:751,train
mix,datasets/flashpoint/processed_data/flashpoint_mix_exp.csv,752,mix:752,train
mix,datasets/flashpoint/processed_data/flashpoint_mix_exp.csv,753,mix:753,train
mix,datasets/flashpoint/processed_data/flashpoint_mix_exp.csv,754,mix:754,train
mix,datasets/flashpoint/processed_data/flashpoint_mix_exp.csv,755,mix:755,train
mix,datasets/flashpoint/processed_data/flashpoint_mix_exp.csv,756,mix:756,train
mix,datasets/flashpoint/processed_data/flashpoint_mix_exp.csv,757,mix:757,train
mix,datasets/flashpoint/processed_data/flashpoint_mix_exp.csv,758,mix:758,train
mix,datasets/flashpoint/processed_data/flashpoint_mix_exp.csv,759,mix:759,train
mix,datasets/flashpoint/processed_data/flashpoint_mix_exp.csv,760,mix:760,train
mix,datasets/flashpoint/processed_data/flashpoint_mix_exp.csv,761,mix:761,train
mix,datasets/flashpoint/processed_data/flashpoint_mix_exp.csv,762,mix:762,train
mix,datasets/flashpoint/processed_data/flashpoint_mix_exp.csv,763,mix:763,train
mix,datasets/flashpoint/processed_data/flashpoint_mix_exp.csv,764,mix:764,train
mix,datasets/flashpoint/processed_data/flashpoint_mix_exp.csv,765,mix:765,train
mix,datasets/flashpoint/processed_data/flashpoint_mix_exp.csv,766,mix:766,train
mix,datasets/flashpoint/processed_data/flashpoint_mix_exp.csv,767,mix:767,train
mix,datasets/flashpoint/processed_data/flashpoint_mix_exp.csv,768,mix:768,train
mix,datasets/flashpoint/processed_data/flashpoint_mix_exp.csv,769,mix:769,train
mix,datasets/flashpoint/processed_data/flashpoint_mix_exp.csv,770,mix:770,train
mix,datasets/flashpoint/processed_data/flashpoint_mix_exp.csv,771,mix:771,train
mix,datasets/flashpoint/processed_data/flashpoint_mix_exp.csv,772,mix:772,train
mix,datasets/flashpoint/processed_data/flashpoint_mix_exp.csv,773,mix:773,train
mix,datasets/flashpoint/processed_data/flashpoint_mix_exp.csv,774,mix:774,train
mix,datasets/flashpoint/processed_data/flashpoint_mix_exp.csv,775,mix:775,train
mix,datasets/flashpoint/processed_data/flashpoint_mix_exp.csv,776,mix:776,train
mix,datasets/flashpoint/processed_data/flashpoint_mix_exp.csv,777,mix:777,train
mix,datasets/flashpoint/processed_data/flashpoint_mix_exp.csv,778,mix:778,train
mix,datasets/flashpoint/processed_data/flashpoint_mix_exp.csv,779,mix:779,train
mix,datasets/flashpoint/processed_data/flashpoint_mix_exp.csv,780,mix:780,train
mix,datasets/flashpoint/processed_data/flashpoint_mix_exp.csv,781,mix:781,train
mix,datasets/flashpoint/processed_data/flashpoint_mix_exp.csv,782,mix:782,train
mix,datasets/flashpoint/processed_data/flashpoint_mix_exp.csv,783,mix:783,train
mix,datasets/flashpoint/processed_data/flashpoint_mix_exp.csv,784,mix:784,train
mix,datasets/flashpoint/processed_data/flashpoint_mix_exp.csv,785,mix:785,train
mix,datasets/flashpoint/processed_data/flashpoint_mix_exp.csv,786,mix:786,train
mix,datasets/flashpoint/processed_data/flashpoint_mix_exp.csv,787,mix:787,train
mix,datasets/flashpoint/processed_data/flashpoint_mix_exp.csv,788,mix:788,train
mix,datasets/flashpoint/processed_data/flashpoint_mix_exp.csv,789,mix:789,train
mix,datasets/flashpoint/processed_data/flashpoint_mix_exp.csv,790,mix:790,train
mix,datasets/flashpoint/processed_data/flashpoint_mix_exp.csv,791,mix:791,train
mix,datasets/flashpoint/processed_data/flashpoint_mix_exp.csv,792,mix:792,train
mix,datasets/flashpoint/processed_data/flashpoint_mix_exp.csv,793,mix:793,train
mix,datasets/flashpoint/processed_data/flashpoint_mix_exp.csv,794,mix:794,train
mix,datasets/flashpoint/processed_data/flashpoint_mix_exp.csv,795,mix:795,train
mix,datasets/flashpoint/processed_data/flashpoint_mix_exp.csv,796,mix:796,train
mix,datasets/flashpoint/processed_data/flashpoint_mix_exp.csv,797,mix:797,train
mix,datasets/flashpoint/processed_data/flashpoint_mix_exp.csv,798,mix:798,train
mix,datasets/flashpoint/processed_data/flashpoint_mix_exp.csv,799,mix:799,train
mix,datasets/flashpoint/processed_data/flashpoint_mix_exp.csv,800,mix:800,train
mix,datasets/flashpoint/processed_data/flashpoint_mix_exp.csv,801,mix:801,train
mix,datasets/flashpoint/processed_data/flashpoint_mix_exp.csv,802,mix:802,train
mix,datasets/flashpoint/processed_data/flashpoint_mix_exp.csv,803,mix:803,train
mix,datasets/flashpoint/processed_data/flashpoint_mix_exp.csv,804,mix:804,train
mix,datasets/flashpoint/processed_data/flashpoint_mix_exp.csv,805,mix:805,train
mix,datasets/flashpoint/processed_data/flashpoint_mix_exp.csv,806,mix:806,train
mix,datasets/flashpoint/processed_data/flashpoint_mix_exp.csv,807,mix:807,train
mix,datasets/flashpoint/processed_data/flashpoint_mix_exp.csv,808,mix:808,train
mix,datasets/flashpoint/processed_data/flashpoint_mix_exp.csv,809,mix:809,train
mix,datasets/flashpoint/processed_data/flashpoint_mix_exp.csv,810,mix:810,train
mix,datasets/flashpoint/processed_data/flashpoint_mix_exp.csv,811,mix:811,train
mix,datasets/flashpoint/processed_data/flashpoint_mix_exp.csv,812,mix:812,train
mix,datasets/flashpoint/processed_data/flashpoint_mix_exp.csv,813,mix:813,train
mix,datasets/flashpoint/processed_data/flashpoint_mix_exp.csv,814,mix:814,train
mix,datasets/flashpoint/processed_data/flashpoint_mix_exp.csv,815,mix:815,train
mix,datasets/flashpoint/processed_data/flashpoint_mix_exp.csv,816,mix:816,train
mix,datasets/flashpoint/processed_data/flashpoint_mix_exp.csv,817,mix:817,train
mix,datasets/flashpoint/processed_data/flashpoint_mix_exp.csv,818,mix:818,train
mix,datasets/flashpoint/processed_data/flashpoint_mix_exp.csv,819,mix:819,train
mix,datasets/flashpoint/processed_data/flashpoint_mix_exp.csv,820,mix:820,train
mix,datasets/flashpoint/processed_data/flashpoint_mix_exp.csv,821,mix:821,train
mix,datasets/flashpoint/processed_data/flashpoint_mix_exp.csv,822,mix:822,train
mix,datasets/flashpoint/processed_data/flashpoint_mix_exp.csv,823,mix:823,train
mix,datasets/flashpoint/processed_data/flashpoint_mix_exp.csv,824,mix:824,train
mix,datasets/flashpoint/processed_data/flashpoint_mix_exp.csv,825,mix:825,train
mix,datasets/flashpoint/processed_data/flashpoint_mix_exp.csv,826,mix:826,train
mix,datasets/flashpoint/processed_data/flashpoint_mix_exp.csv,827,mix:827,train
mix,datasets/flashpoint/processed_data/flashpoint_mix_exp.csv,828,mix:828,train
mix,datasets/flashpoint/processed_data/flashpoint_mix_exp.csv,829,mix:829,train
mix,datasets/flashpoint/processed_data/flashpoint_mix_exp.csv,830,mix:830,train
mix,datasets/flashpoint/processed_data/flashpoint_mix_exp.csv,831,mix:831,train
mix,datasets/flashpoint/processed_data/flashpoint_mix_exp.csv,832,mix:832,train
mix,datasets/flashpoint/processed_data/flashpoint_mix_exp.csv,833,mix:833,train
mix,datasets/flashpoint/processed_data/flashpoint_mix_exp.csv,834,mix:834,train
mix,datasets/flashpoint/processed_data/flashpoint_mix_exp.csv,835,mix:835,train
mix,datasets/flashpoint/processed_data/flashpoint_mix_exp.csv,836,mix:836,train
mix,datasets/flashpoint/processed_data/flashpoint_mix_exp.csv,837,mix:837,train
mix,datasets/flashpoint/processed_data/flashpoint_mix_exp.csv,838,mix:838,train
mix,datasets/flashpoint/processed_data/flashpoint_mix_exp.csv,839,mix:839,train
mix,datasets/flashpoint/processed_data/flashpoint_mix_exp.csv,840,mix:840,train
mix,datasets/flashpoint/processed_data/flashpoint_mix_exp.csv,841,mix:841,train
mix,datasets/flashpoint/processed_data/flashpoint_mix_exp.csv,842,mix:842,train
mix,datasets/flashpoint/processed_data/flashpoint_mix_exp.csv,843,mix:843,train
mix,datasets/flashpoint/processed_data/flashpoint_mix_exp.csv,844,mix:844,train
mix,datasets/flashpoint/processed_data/flashpoint_mix_exp.csv,845,mix:845,train
mix,datasets/flashpoint/processed_data/flashpoint_mix_exp.csv,846,mix:846,train
mix,datasets/flashpoint/processed_data/flashpoint_mix_exp.csv,847,mix:847,train
mix,datasets/flashpoint/processed_data/flashpoint_mix_exp.csv,848,mix:848,train
mix,datasets/flashpoint/processed_data/flashpoint_mix_exp.csv,849,mix:849,train
mix,datasets/flashpoint/processed_data/flashpoint_mix_exp.csv,850,mix:850,train
mix,datasets/flashpoint/processed_data/flashpoint_mix_exp.csv,851,mix:851,train
mix,datasets/flashpoint/processed_data/flashpoint_mix_exp.csv,852,mix:852,train
mix,datasets/flashpoint/processed_data/flashpoint_mix_exp.csv,853,mix:853,train
mix,datasets/flashpoint/processed_data/flashpoint_mix_exp.csv,854,mix:854,train
mix,datasets/flashpoint/processed_data/flashpoint_mix_exp.csv,855,mix:855,train
mix,datasets/flashpoint/processed_data/flashpoint_mix_exp.csv,856,mix:856,train
mix,datasets/flashpoint/processed_data/flashpoint_mix_exp.csv,857,mix:857,train
mix,datasets/flashpoint/processed_data/flashpoint_mix_exp.csv,858,mix:858,train
mix,datasets/flashpoint/processed_data/flashpoint_mix_exp.csv,859,mix:859,train
mix,datasets/flashpoint/processed_data/flashpoint_mix_exp.csv,860,mix:860,train
mix,datasets/flashpoint/processed_data/flashpoint_mix_exp.csv,861,mix:861,train
mix,datasets/flashpoint/processed_data/flashpoint_mix_exp.csv,862,mix:862,train
mix,datasets/flashpoint/processed_data/flashpoint_mix_exp.csv,863,mix:863,train
mix,datasets/flashpoint/processed_data/flashpoint_mix_exp.csv,864,mix:864,train
mix,datasets/flashpoint/processed_data/flashpoint_mix_exp.csv,865,mix:865,train
mix,datasets/flashpoint/processed_data/flashpoint_mix_exp.csv,866,mix:866,train
mix,datasets/flashpoint/processed_data/flashpoint_mix_exp.csv,867,mix:867,train
mix,datasets/flashpoint/processed_data/flashpoint_mix_exp.csv,868,mix:868,train
mix,datasets/flashpoint/processed_data/flashpoint_mix_exp.csv,869,mix:869,train
mix,datasets/flashpoint/processed_data/flashpoint_mix_exp.csv,870,mix:870,train
mix,datasets/flashpoint/processed_data/flashpoint_mix_exp.csv,871,mix:871,train
mix,datasets/flashpoint/processed_data/flashpoint_mix_exp.csv,872,mix:872,train
mix,datasets/flashpoint/processed_data/flashpoint_mix_exp.csv,873,mix:873,train
mix,datasets/flashpoint/processed_data/flashpoint_mix_exp.csv,874,mix:874,train
mix,datasets/flashpoint/processed_data/flashpoint_mix_exp.csv,875,mix:875,train
mix,datasets/flashpoint/processed_data/flashpoint_mix_exp.csv,876,mix:876,train
mix,datasets/flashpoint/processed_data/flashpoint_mix_exp.csv,877,mix:877,train
mix,datasets/flashpoint/processed_data/flashpoint_mix_exp.csv,878,mix:878,train
mix,datasets/flashpoint/processed_data/flashpoint_mix_exp.csv,879,mix:879,train
mix,datasets/flashpoint/processed_data/flashpoint_mix_exp.csv,880,mix:880,train
mix,datasets/flashpoint/processed_data/flashpoint_mix_exp.csv,881,mix:881,train
mix,datasets/flashpoint/processed_data/flashpoint_mix_exp.csv,882,mix:882,train
mix,datasets/flashpoint/processed_data/flashpoint_mix_exp.csv,883,mix:883,train
mix,datasets/flashpoint/processed_data/flashpoint_mix_exp.csv,884,mix:884,train
mix,datasets/flashpoint/processed_data/flashpoint_mix_exp.csv,885,mix:885,train
mix,datasets/flashpoint/processed_data/flashpoint_mix_exp.csv,886,mix:886,train
mix,datasets/flashpoint/processed_data/flashpoint_mix_exp.csv,887,mix:887,train
mix,datasets/flashpoint/processed_data/flashpoint_mix_exp.csv,888,mix:888,train
mix,datasets/flashpoint/processed_data/flashpoint_mix_exp.csv,889,mix:889,train
mix,datasets/flashpoint/processed_data/flashpoint_mix_exp.csv,890,mix:890,train
mix,datasets/flashpoint/processed_data/flashpoint_mix_exp.csv,891,mix:891,train
mix,datasets/flashpoint/processed_data/flashpoint_mix_exp.csv,892,mix:892,train
mix,datasets/flashpoint/processed_data/flashpoint_mix_exp.csv,893,mix:893,train
mix,datasets/flashpoint/processed_data/flashpoint_mix_exp.csv,894,mix:894,train
mix,datasets/flashpoint/processed_data/flashpoint_mix_exp.csv,895,mix:895,train
mix,datasets/flashpoint/processed_data/flashpoint_mix_exp.csv,896,mix:896,train
mix,datasets/flashpoint/processed_data/flashpoint_mix_exp.csv,897,mix:897,train
mix,datasets/flashpoint/processed_data/flashpoint_mix_exp.csv,898,mix:898,train
mix,datasets/flashpoint/processed_data/flashpoint_mix_exp.csv,899,mix:899,train
mix,datasets/flashpoint/processed_data/flashpoint_mix_exp.csv,900,mix:900,train
mix,datasets/flashpoint/processed_data/flashpoint_mix_exp.csv,901,mix:901,train
mix,datasets/flashpoint/processed_data/flashpoint_mix_exp.csv,902,mix:902,train
mix,datasets/flashpoint/processed_data/flashpoint_mix_exp.csv,903,mix:903,train
mix,datasets/flashpoint/processed_data/flashpoint_mix_exp.csv,904,mix:904,train
mix,datasets/flashpoint/processed_data/flashpoint_mix_exp.csv,905,mix:905,train
mix,datasets/flashpoint/processed_data/flashpoint_mix_exp.csv,906,mix:906,train
mix,datasets/flashpoint/processed_data/flashpoint_mix_exp.csv,907,mix:907,train
mix,datasets/flashpoint/processed_data/flashpoint_mix_exp.csv,908,mix:908,train
mix,datasets/flashpoint/processed_data/flashpoint_mix_exp.csv,909,mix:909,train
mix,datasets/flashpoint/processed_data/flashpoint_mix_exp.csv,910,mix:910,train
mix,datasets/flashpoint/processed_data/flashpoint_mix_exp.csv,911,mix:911,train
mix,datasets/flashpoint/processed_data/flashpoint_mix_exp.csv,912,mix:912,train
mix,datasets/flashpoint/processed_data/flashpoint_mix_exp.csv,913,mix:913,train
mix,datasets/flashpoint/processed_data/flashpoint_mix_exp.csv,914,mix:914,train
mix,datasets/flashpoint/processed_data/flashpoint_mix_exp.csv,915,mix:915,train
mix,datasets/flashpoint/processed_data/flashpoint_mix_exp.csv,916,mix:916,train
mix,datasets/flashpoint/processed_data/flashpoint_mix_exp.csv,917,mix:917,train
mix,datasets/flashpoint/processed_data/flashpoint_mix_exp.csv,918,mix:918,train
mix,datasets/flashpoint/processed_data/flashpoint_mix_exp.csv,919,mix:919,train
mix,datasets/flashpoint/processed_data/flashpoint_mix_exp.csv,920,mix:920,train
mix,datasets/flashpoint/processed_data/flashpoint_mix_exp.csv,921,mix:921,train
mix,datasets/flashpoint/processed_data/flashpoint_mix_exp.csv,922,mix:922,train
mix,datasets/flashpoint/processed_data/flashpoint_mix_exp.csv,923,mix:923,train
mix,datasets/flashpoint/processed_data/flashpoint_mix_exp.csv,924,mix:924,train
mix,datasets/flashpoint/processed_data/flashpoint_mix_exp.csv,925,mix:925,train
mix,datasets/flashpoint/processed_data/flashpoint_mix_exp.csv,926,mix:926,train
mix,datasets/flashpoint/processed_data/flashpoint_mix_exp.csv,927,mix:927,train
mix,datasets/flashpoint/processed_data/flashpoint_mix_exp.csv,928,mix:928,train
mix,datasets/flashpoint/processed_data/flashpoint_mix_exp.csv,929,mix:929,train
mix,datasets/flashpoint/processed_data/flashpoint_mix_exp.csv,930,mix:930,train
mix,datasets/flashpoint/processed_data/flashpoint_mix_exp.csv,931,mix:931,train
mix,datasets/flashpoint/processed_data/flashpoint_mix_exp.csv,932,mix:932,train
pure,datasets/flashpoint/processed_data/flashpoint_pure_exp.csv,0,pure:0,train
pure,datasets/flashpoint/processed_data/flashpoint_pure_exp.csv,1,pure:1,train
pure,datasets/flashpoint/processed_data/flashpoint_pure_exp.csv,2,pure:2,train
pure,datasets/flashpoint/processed_data/flashpoint_pure_exp.csv,3,pure:3,train
pure,datasets/flashpoint/processed_data/flashpoint_pure_exp.csv,4,pure:4,train
pure,datasets/flashpoint/processed_data/flashpoint_pure_exp.csv,5,pure:5,train
pure,datasets/flashpoint/processed_data/flashpoint_pure_exp.csv,6,pure:6,train
pure,datasets/flashpoint/processed_data/flashpoint_pure_exp.csv,7,pure:7,train
pure,datasets/flashpoint/processed_data/flashpoint_pure_exp.csv,8,pure:8,train
pure,datasets/flashpoint/processed_data/flashpoint_pure_exp.csv,9,pure:9,train
pure,datasets/flashpoint/processed_data/flashpoint_pure_exp.csv,10,pure:10,train
pure,datasets/flashpoint/processed_data/flashpoint_pure_exp.csv,11,pure:11,train
pure,datasets/flashpoint/processed_data/flashpoint_pure_exp.csv,12,pure:12,train
pure,datasets/flashpoint/processed_data/flashpoint_pure_exp.csv,13,pure:13,train
pure,datasets/flashpoint/processed_data/flashpoint_pure_exp.csv,14,pure:14,train
pure,datasets/flashpoint/processed_data/flashpoint_pure_exp.csv,15,pure:15,train
pure,datasets/flashpoint/processed_data/flashpoint_pure_exp.csv,16,pure:16,train
pure,datasets/flashpoint/processed_data/flashpoint_pure_exp.csv,17,pure:17,train
pure,datasets/flashpoint/processed_data/flashpoint_pure_exp.csv,18,pure:18,train
pure,datasets/flashpoint/processed_data/flashpoint_pure_exp.csv,19,pure:19,train
pure,datasets/flashpoint/processed_data/flashpoint_pure_exp.csv,20,pure:20,train
pure,datasets/flashpoint/processed_data/flashpoint_pure_exp.csv,21,pure:21,train
pure,datasets/flashpoint/processed_data/flashpoint_pure_exp.csv,22,pure:22,train
pure,datasets/flashpoint/processed_data/flashpoint_pure_exp.csv,23,pure:23,train
pure,datasets/flashpoint/processed_data/flashpoint_pure_exp.csv,24,pure:24,train
pure,datasets/flashpoint/processed_data/flashpoint_pure_exp.csv,25,pure:25,train
pure,datasets/flashpoint/processed_data/flashpoint_pure_exp.csv,26,pure:26,train
pure,datasets/flashpoint/processed_data/flashpoint_pure_exp.csv,27,pure:27,train
pure,datasets/flashpoint/processed_data/flashpoint_pure_exp.csv,28,pure:28,train
pure,datasets/flashpoint/processed_data/flashpoint_pure_exp.csv,29,pure:29,train
pure,datasets/flashpoint/processed_data/flashpoint_pure_exp.csv,30,pure:30,train
pure,datasets/flashpoint/processed_data/flashpoint_pure_exp.csv,31,pure:31,train
pure,datasets/flashpoint/processed_data/flashpoint_pure_exp.csv,32,pure:32,train
pure,datasets/flashpoint/processed_data/flashpoint_pure_exp.csv,33,pure:33,train
pure,datasets/flashpoint/processed_data/flashpoint_pure_exp.csv,34,pure:34,train
pure,datasets/flashpoint/processed_data/flashpoint_pure_exp.csv,35,pure:35,train
pure,datasets/flashpoint/processed_data/flashpoint_pure_exp.csv,36,pure:36,train
pure,datasets/flashpoint/processed_data/flashpoint_pure_exp.csv,37,pure:37,train
pure,datasets/flashpoint/processed_data/flashpoint_pure_exp.csv,38,pure:38,train
pure,datasets/flashpoint/processed_data/flashpoint_pure_exp.csv,39,pure:39,train
pure,datasets/flashpoint/processed_data/flashpoint_pure_exp.csv,40,pure:40,train
pure,datasets/flashpoint/processed_data/flashpoint_pure_exp.csv,41,pure:41,train
pure,datasets/flashpoint/processed_data/flashpoint_pure_exp.csv,42,pure:42,train
pure,datasets/flashpoint/processed_data/flashpoint_pure_exp.csv,43,pure:43,train
pure,datasets/flashpoint/processed_data/flashpoint_pure_exp.csv,44,pure:44,train
pure,datasets/flashpoint/processed_data/flashpoint_pure_exp.csv,45,pure:45,train
pure,datasets/flashpoint/processed_data/flashpoint_pure_exp.csv,46,pure:46,train
pure,datasets/flashpoint/processed_data/flashpoint_pure_exp.csv,47,pure:47,train
pure,datasets/flashpoint/processed_data/flashpoint_pure_exp.csv,48,pure:48,train
pure,datasets/flashpoint/processed_data/flashpoint_pure_exp.csv,49,pure:49,train
pure,datasets/flashpoint/processed_data/flashpoint_pure_exp.csv,50,pure:50,train
pure,datasets/flashpoint/processed_data/flashpoint_pure_exp.csv,51,pure:51,train
pure,datasets/flashpoint/processed_data/flashpoint_pure_exp.csv,52,pure:52,train
pure,datasets/flashpoint/processed_data/flashpoint_pure_exp.csv,53,pure:53,train
pure,datasets/flashpoint/processed_data/flashpoint_pure_exp.csv,54,pure:54,train
pure,datasets/flashpoint/processed_data/flashpoint_pure_exp.csv,55,pure:55,train
pure,datasets/flashpoint/processed_data/flashpoint_pure_exp.csv,56,pure:56,train
pure,datasets/flashpoint/processed_data/flashpoint_pure_exp.csv,57,pure:57,train
pure,datasets/flashpoint/processed_data/flashpoint_pure_exp.csv,58,pure:58,train
pure,datasets/flashpoint/processed_data/flashpoint_pure_exp.csv,59,pure:59,train
pure,datasets/flashpoint/processed_data/flashpoint_pure_exp.csv,60,pure:60,train
pure,datasets/flashpoint/processed_data/flashpoint_pure_exp.csv,61,pure:61,train
pure,datasets/flashpoint/processed_data/flashpoint_pure_exp.csv,62,pure:62,train
pure,datasets/flashpoint/processed_data/flashpoint_pure_exp.csv,63,pure:63,train
pure,datasets/flashpoint/processed_data/flashpoint_pure_exp.csv,64,pure:64,train
pure,datasets/flashpoint/processed_data/flashpoint_pure_exp.csv,65,pure:65,train
pure,datasets/flashpoint/processed_data/flashpoint_pure_exp.csv,66,pure:66,train
pure,datasets/flashpoint/processed_data/flashpoint_pure_exp.csv,67,pure:67,train
pure,datasets/flashpoint/processed_data/flashpoint_pure_exp.csv,68,pure:68,train
pure,datasets/flashpoint/processed_data/flashpoint_pure_exp.csv,69,pure:69,train
pure,datasets/flashpoint/processed_data/flashpoint_pure_exp.csv,70,pure:70,train
pure,datasets/flashpoint/processed_data/flashpoint_pure_exp.csv,71,pure:71,train
pure,datasets/flashpoint/processed_data/flashpoint_pure_exp.csv,72,pure:72,train
pure,datasets/flashpoint/processed_data/flashpoint_pure_exp.csv,73,pure:73,train
pure,datasets/flashpoint/processed_data/flashpoint_pure_exp.csv,74,pure:74,train
pure,datasets/flashpoint/processed_data/flashpoint_pure_exp.csv,75,pure:75,train
pure,datasets/flashpoint/processed_data/flashpoint_pure_exp.csv,76,pure:76,train
pure,datasets/flashpoint/processed_data/flashpoint_pure_exp.csv,77,pure:77,train
pure,datasets/flashpoint/processed_data/flashpoint_pure_exp.csv,78,pure:78,train
pure,datasets/flashpoint/processed_data/flashpoint_pure_exp.csv,79,pure:79,train
pure,datasets/flashpoint/processed_data/flashpoint_pure_exp.csv,80,pure:80,train
pure,datasets/flashpoint/processed_data/flashpoint_pure_exp.csv,81,pure:81,train
pure,datasets/flashpoint/processed_data/flashpoint_pure_exp.csv,82,pure:82,train
pure,datasets/flashpoint/processed_data/flashpoint_pure_exp.csv,83,pure:83,train
pure,datasets/flashpoint/processed_data/flashpoint_pure_exp.csv,84,pure:84,train
pure,datasets/flashpoint/processed_data/flashpoint_pure_exp.csv,85,pure:85,train
pure,datasets/flashpoint/processed_data/flashpoint_pure_exp.csv,86,pure:86,train
pure,datasets/flashpoint/processed_data/flashpoint_pure_exp.csv,87,pure:87,train
pure,datasets/flashpoint/processed_data/flashpoint_pure_exp.csv,88,pure:88,train
pure,datasets/flashpoint/processed_data/flashpoint_pure_exp.csv,89,pure:89,train
pure,datasets/flashpoint/processed_data/flashpoint_pure_exp.csv,90,pure:90,train
pure,datasets/flashpoint/processed_data/flashpoint_pure_exp.csv,91,pure:91,train
pure,datasets/flashpoint/processed_data/flashpoint_pure_exp.csv,92,pure:92,train
pure,datasets/flashpoint/processed_data/flashpoint_pure_exp.csv,93,pure:93,train
pure,datasets/flashpoint/processed_data/flashpoint_pure_exp.csv,94,pure:94,train
pure,datasets/flashpoint/processed_data/flashpoint_pure_exp.csv,95,pure:95,train
pure,datasets/flashpoint/processed_data/flashpoint_pure_exp.csv,96,pure:96,train
pure,datasets/flashpoint/processed_data/flashpoint_pure_exp.csv,97,pure:97,train
pure,datasets/flashpoint/processed_data/flashpoint_pure_exp.csv,98,pure:98,train
pure,datasets/flashpoint/processed_data/flashpoint_pure_exp.csv,99,pure:99,train
pure,datasets/flashpoint/processed_data/flashpoint_pure_exp.csv,100,pure:100,train
pure,datasets/flashpoint/processed_data/flashpoint_pure_exp.csv,101,pure:101,train
pure,datasets/flashpoint/processed_data/flashpoint_pure_exp.csv,102,pure:102,train
pure,datasets/flashpoint/processed_data/flashpoint_pure_exp.csv,103,pure:103,train
pure,datasets/flashpoint/processed_data/flashpoint_pure_exp.csv,104,pure:104,train
pure,datasets/flashpoint/processed_data/flashpoint_pure_exp.csv,105,pure:105,train
pure,datasets/flashpoint/processed_data/flashpoint_pure_exp.csv,106,pure:106,train
pure,datasets/flashpoint/processed_data/flashpoint_pure_exp.csv,107,pure:107,train
pure,datasets/flashpoint/processed_data/flashpoint_pure_exp.csv,108,pure:108,train
pure,datasets/flashpoint/processed_data/flashpoint_pure_exp.csv,109,pure:109,train
pure,datasets/flashpoint/processed_data/flashpoint_pure_exp.csv,110,pure:110,train
pure,datasets/flashpoint/processed_data/flashpoint_pure_exp.csv,111,pure:111,train
pure,datasets/flashpoint/processed_data/flashpoint_pure_exp.csv,112,pure:112,train
pure,datasets/flashpoint/processed_data/flashpoint_pure_exp.csv,113,pure:113,train
pure,datasets/flashpoint/processed_data/flashpoint_pure_exp.csv,114,pure:114,train
pure,datasets/flashpoint/processed_data/flashpoint_pure_exp.csv,115,pure:115,train
pure,datasets/flashpoint/processed_data/flashpoint_pure_exp.csv,116,pure:116,train
pure,datasets/flashpoint/processed_data/flashpoint_pure_exp.csv,117,pure:117,train
pure,datasets/flashpoint/processed_data/flashpoint_pure_exp.csv,118,pure:118,train
pure,datasets/flashpoint/processed_data/flashpoint_pure_exp.csv,119,pure:119,train
pure,datasets/flashpoint/processed_data/flashpoint_pure_exp.csv,120,pure:120,train
pure,datasets/flashpoint/processed_data/flashpoint_pure_exp.csv,121,pure:121,train
pure,datasets/flashpoint/processed_data/flashpoint_pure_exp.csv,122,pure:122,train
pure,datasets/flashpoint/processed_data/flashpoint_pure_exp.csv,123,pure:123,train
pure,datasets/flashpoint/processed_data/flashpoint_pure_exp.csv,124,pure:124,train
pure,datasets/flashpoint/processed_data/flashpoint_pure_exp.csv,125,pure:125,train
pure,datasets/flashpoint/processed_data/flashpoint_pure_exp.csv,126,pure:126,train
pure,datasets/flashpoint/processed_data/flashpoint_pure_exp.csv,127,pure:127,train
pure,datasets/flashpoint/processed_data/flashpoint_pure_exp.csv,128,pure:128,train
pure,datasets/flashpoint/processed_data/flashpoint_pure_exp.csv,129,pure:129,train
pure,datasets/flashpoint/processed_data/flashpoint_pure_exp.csv,130,pure:130,train
pure,datasets/flashpoint/processed_data/flashpoint_pure_exp.csv,131,pure:131,train
pure,datasets/flashpoint/processed_data/flashpoint_pure_exp.csv,132,pure:132,train
pure,datasets/flashpoint/processed_data/flashpoint_pure_exp.csv,133,pure:133,train
pure,datasets/flashpoint/processed_data/flashpoint_pure_exp.csv,134,pure:134,train
pure,datasets/flashpoint/processed_data/flashpoint_pure_exp.csv,135,pure:135,train
pure,datasets/flashpoint/processed_data/flashpoint_pure_exp.csv,136,pure:136,train
pure,datasets/flashpoint/processed_data/flashpoint_pure_exp.csv,137,pure:137,train
pure,datasets/flashpoint/processed_data/flashpoint_pure_exp.csv,138,pure:138,train
pure,datasets/flashpoint/processed_data/flashpoint_pure_exp.csv,139,pure:139,train
pure,datasets/flashpoint/processed_data/flashpoint_pure_exp.csv,140,pure:140,train
pure,datasets/flashpoint/processed_data/flashpoint_pure_exp.csv,141,pure:141,train
pure,datasets/flashpoint/processed_data/flashpoint_pure_exp.csv,142,pure:142,train
pure,datasets/flashpoint/processed_data/flashpoint_pure_exp.csv,143,pure:143,train
pure,datasets/flashpoint/processed_data/flashpoint_pure_exp.csv,144,pure:144,train
pure,datasets/flashpoint/processed_data/flashpoint_pure_exp.csv,145,pure:145,train
pure,datasets/flashpoint/processed_data/flashpoint_pure_exp.csv,146,pure:146,train
pure,datasets/flashpoint/processed_data/flashpoint_pure_exp.csv,147,pure:147,train
pure,datasets/flashpoint/processed_data/flashpoint_pure_exp.csv,148,pure:148,train
pure,datasets/flashpoint/processed_data/flashpoint_pure_exp.csv,149,pure:149,train
pure,datasets/flashpoint/processed_data/flashpoint_pure_exp.csv,150,pure:150,train
pure,datasets/flashpoint/processed_data/flashpoint_pure_exp.csv,151,pure:151,train
pure,datasets/flashpoint/processed_data/flashpoint_pure_exp.csv,152,pure:152,train
pure,datasets/flashpoint/processed_data/flashpoint_pure_exp.csv,153,pure:153,train
pure,datasets/flashpoint/processed_data/flashpoint_pure_exp.csv,154,pure:154,train
pure,datasets/flashpoint/processed_data/flashpoint_pure_exp.csv,155,pure:155,train
pure,datasets/flashpoint/processed_data/flashpoint_pure_exp.csv,156,pure:156,train
pure,datasets/flashpoint/processed_data/flashpoint_pure_exp.csv,157,pure:157,train
pure,datasets/flashpoint/processed_data/flashpoint_pure_exp.csv,158,pure:158,train
pure,datasets/flashpoint/processed_data/flashpoint_pure_exp.csv,159,pure:159,train
pure,datasets/flashpoint/processed_data/flashpoint_pure_exp.csv,160,pure:160,train
pure,datasets/flashpoint/processed_data/flashpoint_pure_exp.csv,161,pure:161,train
pure,datasets/flashpoint/processed_data/flashpoint_pure_exp.csv,162,pure:162,train
pure,datasets/flashpoint/processed_data/flashpoint_pure_exp.csv,163,pure:163,train
pure,datasets/flashpoint/processed_data/flashpoint_pure_exp.csv,164,pure:164,train
pure,datasets/flashpoint/processed_data/flashpoint_pure_exp.csv,165,pure:165,train
pure,datasets/flashpoint/processed_data/flashpoint_pure_exp.csv,166,pure:166,train
pure,datasets/flashpoint/processed_data/flashpoint_pure_exp.csv,167,pure:167,train
pure,datasets/flashpoint/processed_data/flashpoint_pure_exp.csv,168,pure:168,train
pure,datasets/flashpoint/processed_data/flashpoint_pure_exp.csv,169,pure:169,train
pure,datasets/flashpoint/processed_data/flashpoint_pure_exp.csv,170,pure:170,train
pure,datasets/flashpoint/processed_data/flashpoint_pure_exp.csv,171,pure:171,train
pure,datasets/flashpoint/processed_data/flashpoint_pure_exp.csv,172,pure:172,train
pure,datasets/flashpoint/processed_data/flashpoint_pure_exp.csv,173,pure:173,train
pure,datasets/flashpoint/processed_data/flashpoint_pure_exp.csv,174,pure:174,train
pure,datasets/flashpoint/processed_data/flashpoint_pure_exp.csv,175,pure:175,train
pure,datasets/flashpoint/processed_data/flashpoint_pure_exp.csv,176,pure:176,train
pure,datasets/flashpoint/processed_data/flashpoint_pure_exp.csv,177,pure:177,train
pure,datasets/flashpoint/processed_data/flashpoint_pure_exp.csv,178,pure:178,train
pure,datasets/flashpoint/processed_data/flashpoint_pure_exp.csv,179,pure:179,train
pure,datasets/flashpoint/processed_data/flashpoint_pure_exp.csv,180,pure:180,train
pure,datasets/flashpoint/processed_data/flashpoint_pure_exp.csv,181,pure:181,train
pure,datasets/flashpoint/processed_data/flashpoint_pure_exp.csv,182,pure:182,train
pure,datasets/flashpoint/processed_data/flashpoint_pure_exp.csv,183,pure:183,train
pure,datasets/flashpoint/processed_data/flashpoint_pure_exp.csv,184,pure:184,train
pure,datasets/flashpoint/processed_data/flashpoint_pure_exp.csv,185,pure:185,train
pure,datasets/flashpoint/processed_data/flashpoint_pure_exp.csv,186,pure:186,train
pure,datasets/flashpoint/processed_data/flashpoint_pure_exp.csv,187,pure:187,train
pure,datasets/flashpoint/processed_data/flashpoint_pure_exp.csv,188,pure:188,train
pure,datasets/flashpoint/processed_data/flashpoint_pure_exp.csv,189,pure:189,train
pure,datasets/flashpoint/processed_data/flashpoint_pure_exp.csv,190,pure:190,train
pure,datasets/flashpoint/processed_data/flashpoint_pure_exp.csv,191,pure:191,train
pure,datasets/flashpoint/processed_data/flashpoint_pure_exp.csv,192,pure:192,train
pure,datasets/flashpoint/processed_data/flashpoint_pure_exp.csv,193,pure:193,train
pure,datasets/flashpoint/processed_data/flashpoint_pure_exp.csv,194,pure:194,train
pure,datasets/flashpoint/processed_data/flashpoint_pure_exp.csv,195,pure:195,train
pure,datasets/flashpoint/processed_data/flashpoint_pure_exp.csv,196,pure:196,train
pure,datasets/flashpoint/processed_data/flashpoint_pure_exp.csv,197,pure:197,train
pure,datasets/flashpoint/processed_data/flashpoint_pure_exp.csv,198,pure:198,train
pure,datasets/flashpoint/processed_data/flashpoint_pure_exp.csv,199,pure:199,train
pure,datasets/flashpoint/processed_data/flashpoint_pure_exp.csv,200,pure:200,train
pure,datasets/flashpoint/processed_data/flashpoint_pure_exp.csv,201,pure:201,train
pure,datasets/flashpoint/processed_data/flashpoint_pure_exp.csv,202,pure:202,train
pure,datasets/flashpoint/processed_data/flashpoint_pure_exp.csv,203,pure:203,train
pure,datasets/flashpoint/processed_data/flashpoint_pure_exp.csv,204,pure:204,train
pure,datasets/flashpoint/processed_data/flashpoint_pure_exp.csv,205,pure:205,train
pure,datasets/flashpoint/processed_data/flashpoint_pure_exp.csv,206,pure:206,train
pure,datasets/flashpoint/processed_data/flashpoint_pure_exp.csv,207,pure:207,train
pure,datasets/flashpoint/processed_data/flashpoint_pure_exp.csv,208,pure:208,train
pure,datasets/flashpoint/processed_data/flashpoint_pure_exp.csv,209,pure:209,train
pure,datasets/flashpoint/processed_data/flashpoint_pure_exp.csv,210,pure:210,train
pure,datasets/flashpoint/processed_data/flashpoint_pure_exp.csv,211,pure:211,train
pure,datasets/flashpoint/processed_data/flashpoint_pure_exp.csv,212,pure:212,train
pure,datasets/flashpoint/processed_data/flashpoint_pure_exp.csv,213,pure:213,train
pure,datasets/flashpoint/processed_data/flashpoint_pure_exp.csv,214,pure:214,train
pure,datasets/flashpoint/processed_data/flashpoint_pure_exp.csv,215,pure:215,train
pure,datasets/flashpoint/processed_data/flashpoint_pure_exp.csv,216,pure:216,train
pure,datasets/flashpoint/processed_data/flashpoint_pure_exp.csv,217,pure:217,train
pure,datasets/flashpoint/processed_data/flashpoint_pure_exp.csv,218,pure:218,train
pure,datasets/flashpoint/processed_data/flashpoint_pure_exp.csv,219,pure:219,train
pure,datasets/flashpoint/processed_data/flashpoint_pure_exp.csv,220,pure:220,train
pure,datasets/flashpoint/processed_data/flashpoint_pure_exp.csv,221,pure:221,train
pure,datasets/flashpoint/processed_data/flashpoint_pure_exp.csv,222,pure:222,train
pure,datasets/flashpoint/processed_data/flashpoint_pure_exp.csv,223,pure:223,train
pure,datasets/flashpoint/processed_data/flashpoint_pure_exp.csv,224,pure:224,train
pure,datasets/flashpoint/processed_data/flashpoint_pure_exp.csv,225,pure:225,train
pure,datasets/flashpoint/processed_data/flashpoint_pure_exp.csv,226,pure:226,train
pure,datasets/flashpoint/processed_data/flashpoint_pure_exp.csv,227,pure:227,train
pure,datasets/flashpoint/processed_data/flashpoint_pure_exp.csv,228,pure:228,train
pure,datasets/flashpoint/processed_data/flashpoint_pure_exp.csv,229,pure:229,train
pure,datasets/flashpoint/processed_data/flashpoint_pure_exp.csv,230,pure:230,train
pure,datasets/flashpoint/processed_data/flashpoint_pure_exp.csv,231,pure:231,train
pure,datasets/flashpoint/processed_data/flashpoint_pure_exp.csv,232,pure:232,train
pure,datasets/flashpoint/processed_data/flashpoint_pure_exp.csv,233,pure:233,train
pure,datasets/flashpoint/processed_data/flashpoint_pure_exp.csv,234,pure:234,train
pure,datasets/flashpoint/processed_data/flashpoint_pure_exp.csv,235,pure:235,train
pure,datasets/flashpoint/processed_data/flashpoint_pure_exp.csv,236,pure:236,train
pure,datasets/flashpoint/processed_data/flashpoint_pure_exp.csv,237,pure:237,train
pure,datasets/flashpoint/processed_data/flashpoint_pure_exp.csv,238,pure:238,train
pure,datasets/flashpoint/processed_data/flashpoint_pure_exp.csv,239,pure:239,train
pure,datasets/flashpoint/processed_data/flashpoint_pure_exp.csv,240,pure:240,train
pure,datasets/flashpoint/processed_data/flashpoint_pure_exp.csv,241,pure:241,train
pure,datasets/flashpoint/processed_data/flashpoint_pure_exp.csv,242,pure:242,train
pure,datasets/flashpoint/processed_data/flashpoint_pure_exp.csv,243,pure:243,train
pure,datasets/flashpoint/processed_data/flashpoint_pure_exp.csv,244,pure:244,train
pure,datasets/flashpoint/processed_data/flashpoint_pure_exp.csv,245,pure:245,train
pure,datasets/flashpoint/processed_data/flashpoint_pure_exp.csv,246,pure:246,train
pure,datasets/flashpoint/processed_data/flashpoint_pure_exp.csv,247,pure:247,train
pure,datasets/flashpoint/processed_data/flashpoint_pure_exp.csv,248,pure:248,train
pure,datasets/flashpoint/processed_data/flashpoint_pure_exp.csv,249,pure:249,train
pure,datasets/flashpoint/processed_data/flashpoint_pure_exp.csv,250,pure:250,train
pure,datasets/flashpoint/processed_data/flashpoint_pure_exp.csv,251,pure:251,train
pure,datasets/flashpoint/processed_data/flashpoint_pure_exp.csv,252,pure:252,train
pure,datasets/flashpoint/processed_data/flashpoint_pure_exp.csv,253,pure:253,train
pure,datasets/flashpoint/processed_data/flashpoint_pure_exp.csv,254,pure:254,train
pure,datasets/flashpoint/processed_data/flashpoint_pure_exp.csv,255,pure:255,train
pure,datasets/flashpoint/processed_data/flashpoint_pure_exp.csv,256,pure:256,train
pure,datasets/flashpoint/processed_data/flashpoint_pure_exp.csv,257,pure:257,train
pure,datasets/flashpoint/processed_data/flashpoint_pure_exp.csv,258,pure:258,train
pure,datasets/flashpoint/processed_data/flashpoint_pure_exp.csv,259,pure:259,train
pure,datasets/flashpoint/processed_data/flashpoint_pure_exp.csv,260,pure:260,train
pure,datasets/flashpoint/processed_data/flashpoint_pure_exp.csv,261,pure:261,train
pure,datasets/flashpoint/processed_data/flashpoint_pure_exp.csv,262,pure:262,train
pure,datasets/flashpoint/processed_data/flashpoint_pure_exp.csv,263,pure:263,train
pure,datasets/flashpoint/processed_data/flashpoint_pure_exp.csv,264,pure:264,train
pure,datasets/flashpoint/processed_data/flashpoint_pure_exp.csv,265,pure:265,train
pure,datasets/flashpoint/processed_data/flashpoint_pure_exp.csv,266,pure:266,train
pure,datasets/flashpoint/processed_data/flashpoint_pure_exp.csv,267,pure:267,train
pure,datasets/flashpoint/processed_data/flashpoint_pure_exp.csv,268,pure:268,train
pure,datasets/flashpoint/processed_data/flashpoint_pure_exp.csv,269,pure:269,train
pure,datasets/flashpoint/processed_data/flashpoint_pure_exp.csv,270,pure:270,train
pure,datasets/flashpoint/processed_data/flashpoint_pure_exp.csv,271,pure:271,train
pure,datasets/flashpoint/processed_data/flashpoint_pure_exp.csv,272,pure:272,train
pure,datasets/flashpoint/processed_data/flashpoint_pure_exp.csv,273,pure:273,train
pure,datasets/flashpoint/processed_data/flashpoint_pure_exp.csv,274,pure:274,train
pure,datasets/flashpoint/processed_data/flashpoint_pure_exp.csv,275,pure:275,train
pure,datasets/flashpoint/processed_data/flashpoint_pure_exp.csv,276,pure:276,train
pure,datasets/flashpoint/processed_data/flashpoint_pure_exp.csv,277,pure:277,train
pure,datasets/flashpoint/processed_data/flashpoint_pure_exp.csv,278,pure:278,train
pure,datasets/flashpoint/processed_data/flashpoint_pure_exp.csv,279,pure:279,train
pure,datasets/flashpoint/processed_data/flashpoint_pure_exp.csv,280,pure:280,train
pure,datasets/flashpoint/processed_data/flashpoint_pure_exp.csv,281,pure:281,train
pure,datasets/flashpoint/processed_data/flashpoint_pure_exp.csv,282,pure:282,train
pure,datasets/flashpoint/processed_data/flashpoint_pure_exp.csv,283,pure:283,train
pure,datasets/flashpoint/processed_data/flashpoint_pure_exp.csv,284,pure:284,train
pure,datasets/flashpoint/processed_data/flashpoint_pure_exp.csv,285,pure:285,train
pure,datasets/flashpoint/processed_data/flashpoint_pure_exp.csv,286,pure:286,train
pure,datasets/flashpoint/processed_data/flashpoint_pure_exp.csv,287,pure:287,train
pure,datasets/flashpoint/processed_data/flashpoint_pure_exp.csv,288,pure:288,train
pure,datasets/flashpoint/processed_data/flashpoint_pure_exp.csv,289,pure:289,train
pure,datasets/flashpoint/processed_data/flashpoint_pure_exp.csv,290,pure:290,train
pure,datasets/flashpoint/processed_data/flashpoint_pure_exp.csv,291,pure:291,train
pure,datasets/flashpoint/processed_data/flashpoint_pure_exp.csv,292,pure:292,train
pure,datasets/flashpoint/processed_data/flashpoint_pure_exp.csv,293,pure:293,train
pure,datasets/flashpoint/processed_data/flashpoint_pure_exp.csv,294,pure:294,train
pure,datasets/flashpoint/processed_data/flashpoint_pure_exp.csv,295,pure:295,train
pure,datasets/flashpoint/processed_data/flashpoint_pure_exp.csv,296,pure:296,train
pure,datasets/flashpoint/processed_data/flashpoint_pure_exp.csv,297,pure:297,train
pure,datasets/flashpoint/processed_data/flashpoint_pure_exp.csv,298,pure:298,train
pure,datasets/flashpoint/processed_data/flashpoint_pure_exp.csv,299,pure:299,train
pure,datasets/flashpoint/processed_data/flashpoint_pure_exp.csv,300,pure:300,train
pure,datasets/flashpoint/processed_data/flashpoint_pure_exp.csv,301,pure:301,train
pure,datasets/flashpoint/processed_data/flashpoint_pure_exp.csv,302,pure:302,train
pure,datasets/flashpoint/processed_data/flashpoint_pure_exp.csv,303,pure:303,train
pure,datasets/flashpoint/processed_data/flashpoint_pure_exp.csv,304,pure:304,train
pure,datasets/flashpoint/processed_data/flashpoint_pure_exp.csv,305,pure:305,train
pure,datasets/flashpoint/processed_data/flashpoint_pure_exp.csv,306,pure:306,train
pure,datasets/flashpoint/processed_data/flashpoint_pure_exp.csv,307,pure:307,train
pure,datasets/flashpoint/processed_data/flashpoint_pure_exp.csv,308,pure:308,train
pure,datasets/flashpoint/processed_data/flashpoint_pure_exp.csv,309,pure:309,train
pure,datasets/flashpoint/processed_data/flashpoint_pure_exp.csv,310,pure:310,train
pure,datasets/flashpoint/processed_data/flashpoint_pure_exp.csv,311,pure:311,train
pure,datasets/flashpoint/processed_data/flashpoint_pure_exp.csv,312,pure:312,train
pure,datasets/flashpoint/processed_data/flashpoint_pure_exp.csv,313,pure:313,train
pure,datasets/flashpoint/processed_data/flashpoint_pure_exp.csv,314,pure:314,train
pure,datasets/flashpoint/processed_data/flashpoint_pure_exp.csv,315,pure:315,train
pure,datasets/flashpoint/processed_data/flashpoint_pure_exp.csv,316,pure:316,train
pure,datasets/flashpoint/processed_data/flashpoint_pure_exp.csv,317,pure:317,train
pure,datasets/flashpoint/processed_data/flashpoint_pure_exp.csv,318,pure:318,train
pure,datasets/flashpoint/processed_data/flashpoint_pure_exp.csv,319,pure:319,train
pure,datasets/flashpoint/processed_data/flashpoint_pure_exp.csv,320,pure:320,train
pure,datasets/flashpoint/processed_data/flashpoint_pure_exp.csv,321,pure:321,train
pure,datasets/flashpoint/processed_data/flashpoint_pure_exp.csv,322,pure:322,train
pure,datasets/flashpoint/processed_data/flashpoint_pure_exp.csv,323,pure:323,train
pure,datasets/flashpoint/processed_data/flashpoint_pure_exp.csv,324,pure:324,train
pure,datasets/flashpoint/processed_data/flashpoint_pure_exp.csv,325,pure:325,train
pure,datasets/flashpoint/processed_data/flashpoint_pure_exp.csv,326,pure:326,train
pure,datasets/flashpoint/processed_data/flashpoint_pure_exp.csv,327,pure:327,train
pure,datasets/flashpoint/processed_data/flashpoint_pure_exp.csv,328,pure:328,train
pure,datasets/flashpoint/processed_data/flashpoint_pure_exp.csv,329,pure:329,train
pure,datasets/flashpoint/processed_data/flashpoint_pure_exp.csv,330,pure:330,train
pure,datasets/flashpoint/processed_data/flashpoint_pure_exp.csv,331,pure:331,train
pure,datasets/flashpoint/processed_data/flashpoint_pure_exp.csv,332,pure:332,train
pure,datasets/flashpoint/processed_data/flashpoint_pure_exp.csv,333,pure:333,train
pure,datasets/flashpoint/processed_data/flashpoint_pure_exp.csv,334,pure:334,train
pure,datasets/flashpoint/processed_data/flashpoint_pure_exp.csv,335,pure:335,train
pure,datasets/flashpoint/processed_data/flashpoint_pure_exp.csv,336,pure:336,train
pure,datasets/flashpoint/processed_data/flashpoint_pure_exp.csv,337,pure:337,train
pure,datasets/flashpoint/processed_data/flashpoint_pure_exp.csv,338,pure:338,train
pure,datasets/flashpoint/processed_data/flashpoint_pure_exp.csv,339,pure:339,train
pure,datasets/flashpoint/processed_data/flashpoint_pure_exp.csv,340,pure:340,train
pure,datasets/flashpoint/processed_data/flashpoint_pure_exp.csv,341,pure:341,train
pure,datasets/flashpoint/processed_data/flashpoint_pure_exp.csv,342,pure:342,train
pure,datasets/flashpoint/processed_data/flashpoint_pure_exp.csv,343,pure:343,train
pure,datasets/flashpoint/processed_data/flashpoint_pure_exp.csv,344,pure:344,train
pure,datasets/flashpoint/processed_data/flashpoint_pure_exp.csv,345,pure:345,train
pure,datasets/flashpoint/processed_data/flashpoint_pure_exp.csv,346,pure:346,train
pure,datasets/flashpoint/processed_data/flashpoint_pure_exp.csv,347,pure:347,train
pure,datasets/flashpoint/processed_data/flashpoint_pure_exp.csv,348,pure:348,train
pure,datasets/flashpoint/processed_data/flashpoint_pure_exp.csv,349,pure:349,train
pure,datasets/flashpoint/processed_data/flashpoint_pure_exp.csv,350,pure:350,train
pure,datasets/flashpoint/processed_data/flashpoint_pure_exp.csv,351,pure:351,train
pure,datasets/flashpoint/processed_data/flashpoint_pure_exp.csv,352,pure:352,train
pure,datasets/flashpoint/processed_data/flashpoint_pure_exp.csv,353,pure:353,train
pure,datasets/flashpoint/processed_data/flashpoint_pure_exp.csv,354,pure:354,train
pure,datasets/flashpoint/processed_data/flashpoint_pure_exp.csv,355,pure:355,train
pure,datasets/flashpoint/processed_data/flashpoint_pure_exp.csv,356,pure:356,train
pure,datasets/flashpoint/processed_data/flashpoint_pure_exp.csv,357,pure:357,train
pure,datasets/flashpoint/processed_data/flashpoint_pure_exp.csv,358,pure:358,train
pure,datasets/flashpoint/processed_data/flashpoint_pure_exp.csv,359,pure:359,train
pure,datasets/flashpoint/processed_data/flashpoint_pure_exp.csv,360,pure:360,train
pure,datasets/flashpoint/processed_data/flashpoint_pure_exp.csv,361,pure:361,train
pure,datasets/flashpoint/processed_data/flashpoint_pure_exp.csv,362,pure:362,train
pure,datasets/flashpoint/processed_data/flashpoint_pure_exp.csv,363,pure:363,train
pure,datasets/flashpoint/processed_data/flashpoint_pure_exp.csv,364,pure:364,train
pure,datasets/flashpoint/processed_data/flashpoint_pure_exp.csv,365,pure:365,train
pure,datasets/flashpoint/processed_data/flashpoint_pure_exp.csv,366,pure:366,train
pure,datasets/flashpoint/processed_data/flashpoint_pure_exp.csv,367,pure:367,train
pure,datasets/flashpoint/processed_data/flashpoint_pure_exp.csv,368,pure:368,train
pure,datasets/flashpoint/processed_data/flashpoint_pure_exp.csv,369,pure:369,train
pure,datasets/flashpoint/processed_data/flashpoint_pure_exp.csv,370,pure:370,train
pure,datasets/flashpoint/processed_data/flashpoint_pure_exp.csv,371,pure:371,train
pure,datasets/flashpoint/processed_data/flashpoint_pure_exp.csv,372,pure:372,train
pure,datasets/flashpoint/processed_data/flashpoint_pure_exp.csv,373,pure:373,train
pure,datasets/flashpoint/processed_data/flashpoint_pure_exp.csv,374,pure:374,train
pure,datasets/flashpoint/processed_data/flashpoint_pure_exp.csv,375,pure:375,train
pure,datasets/flashpoint/processed_data/flashpoint_pure_exp.csv,376,pure:376,train
pure,datasets/flashpoint/processed_data/flashpoint_pure_exp.csv,377,pure:377,train
pure,datasets/flashpoint/processed_data/flashpoint_pure_exp.csv,378,pure:378,train
pure,datasets/flashpoint/processed_data/flashpoint_pure_exp.csv,379,pure:379,train
pure,datasets/flashpoint/processed_data/flashpoint_pure_exp.csv,380,pure:380,train
pure,datasets/flashpoint/processed_data/flashpoint_pure_exp.csv,381,pure:381,train
pure,datasets/flashpoint/processed_data/flashpoint_pure_exp.csv,382,pure:382,train
pure,datasets/flashpoint/processed_data/flashpoint_pure_exp.csv,383,pure:383,train
pure,datasets/flashpoint/processed_data/flashpoint_pure_exp.csv,384,pure:384,train
pure,datasets/flashpoint/processed_data/flashpoint_pure_exp.csv,385,pure:385,train
pure,datasets/flashpoint/processed_data/flashpoint_pure_exp.csv,386,pure:386,train
pure,datasets/flashpoint/processed_data/flashpoint_pure_exp.csv,387,pure:387,train
pure,datasets/flashpoint/processed_data/flashpoint_pure_exp.csv,388,pure:388,train
pure,datasets/flashpoint/processed_data/flashpoint_pure_exp.csv,389,pure:389,train
pure,datasets/flashpoint/processed_data/flashpoint_pure_exp.csv,390,pure:390,train
pure,datasets/flashpoint/processed_data/flashpoint_pure_exp.csv,391,pure:391,train
pure,datasets/flashpoint/processed_data/flashpoint_pure_exp.csv,392,pure:392,train
pure,datasets/flashpoint/processed_data/flashpoint_pure_exp.csv,393,pure:393,train
pure,datasets/flashpoint/processed_data/flashpoint_pure_exp.csv,394,pure:394,train
pure,datasets/flashpoint/processed_data/flashpoint_pure_exp.csv,395,pure:395,train
pure,datasets/flashpoint/processed_data/flashpoint_pure_exp.csv,396,pure:396,train
pure,datasets/flashpoint/processed_data/flashpoint_pure_exp.csv,397,pure:397,train
pure,datasets/flashpoint/processed_data/flashpoint_pure_exp.csv,398,pure:398,train
pure,datasets/flashpoint/processed_data/flashpoint_pure_exp.csv,399,pure:399,train
pure,datasets/flashpoint/processed_data/flashpoint_pure_exp.csv,400,pure:400,train
pure,datasets/flashpoint/processed_data/flashpoint_pure_exp.csv,401,pure:401,train
pure,datasets/flashpoint/processed_data/flashpoint_pure_exp.csv,402,pure:402,train
pure,datasets/flashpoint/processed_data/flashpoint_pure_exp.csv,403,pure:403,train
pure,datasets/flashpoint/processed_data/flashpoint_pure_exp.csv,404,pure:404,train
pure,datasets/flashpoint/processed_data/flashpoint_pure_exp.csv,405,pure:405,train
pure,datasets/flashpoint/processed_data/flashpoint_pure_exp.csv,406,pure:406,train
pure,datasets/flashpoint/processed_data/flashpoint_pure_exp.csv,407,pure:407,train
pure,datasets/flashpoint/processed_data/flashpoint_pure_exp.csv,408,pure:408,train
pure,datasets/flashpoint/processed_data/flashpoint_pure_exp.csv,409,pure:409,train
pure,datasets/flashpoint/processed_data/flashpoint_pure_exp.csv,410,pure:410,train
pure,datasets/flashpoint/processed_data/flashpoint_pure_exp.csv,411,pure:411,train
pure,datasets/flashpoint/processed_data/flashpoint_pure_exp.csv,412,pure:412,train
pure,datasets/flashpoint/processed_data/flashpoint_pure_exp.csv,413,pure:413,train
pure,datasets/flashpoint/processed_data/flashpoint_pure_exp.csv,414,pure:414,train
pure,datasets/flashpoint/processed_data/flashpoint_pure_exp.csv,415,pure:415,train
pure,datasets/flashpoint/processed_data/flashpoint_pure_exp.csv,416,pure:416,train
pure,datasets/flashpoint/processed_data/flashpoint_pure_exp.csv,417,pure:417,train
pure,datasets/flashpoint/processed_data/flashpoint_pure_exp.csv,418,pure:418,train
pure,datasets/flashpoint/processed_data/flashpoint_pure_exp.csv,419,pure:419,train
pure,datasets/flashpoint/processed_data/flashpoint_pure_exp.csv,420,pure:420,train
pure,datasets/flashpoint/processed_data/flashpoint_pure_exp.csv,421,pure:421,train
pure,datasets/flashpoint/processed_data/flashpoint_pure_exp.csv,422,pure:422,train
pure,datasets/flashpoint/processed_data/flashpoint_pure_exp.csv,423,pure:423,train
pure,datasets/flashpoint/processed_data/flashpoint_pure_exp.csv,424,pure:424,train
pure,datasets/flashpoint/processed_data/flashpoint_pure_exp.csv,425,pure:425,train
pure,datasets/flashpoint/processed_data/flashpoint_pure_exp.csv,426,pure:426,train
pure,datasets/flashpoint/processed_data/flashpoint_pure_exp.csv,427,pure:427,train
pure,datasets/flashpoint/processed_data/flashpoint_pure_exp.csv,428,pure:428,train
pure,datasets/flashpoint/processed_data/flashpoint_pure_exp.csv,429,pure:429,train
pure,datasets/flashpoint/processed_data/flashpoint_pure_exp.csv,430,pure:430,train
pure,datasets/flashpoint/processed_data/flashpoint_pure_exp.csv,431,pure:431,train
pure,datasets/flashpoint/processed_data/flashpoint_pure_exp.csv,432,pure:432,train
pure,datasets/flashpoint/processed_data/flashpoint_pure_exp.csv,433,pure:433,train
pure,datasets/flashpoint/processed_data/flashpoint_pure_exp.csv,434,pure:434,train
pure,datasets/flashpoint/processed_data/flashpoint_pure_exp.csv,435,pure:435,train
pure,datasets/flashpoint/processed_data/flashpoint_pure_exp.csv,436,pure:436,train
pure,datasets/flashpoint/processed_data/flashpoint_pure_exp.csv,437,pure:437,train
pure,datasets/flashpoint/processed_data/flashpoint_pure_exp.csv,438,pure:438,train
pure,datasets/flashpoint/processed_data/flashpoint_pure_exp.csv,439,pure:439,train
pure,datasets/flashpoint/processed_data/flashpoint_pure_exp.csv,440,pure:440,train
pure,datasets/flashpoint/processed_data/flashpoint_pure_exp.csv,441,pure:441,train
pure,datasets/flashpoint/processed_data/flashpoint_pure_exp.csv,442,pure:442,train
pure,datasets/flashpoint/processed_data/flashpoint_pure_exp.csv,443,pure:443,train
pure,datasets/flashpoint/processed_data/flashpoint_pure_exp.csv,444,pure:444,train
pure,datasets/flashpoint/processed_data/flashpoint_pure_exp.csv,445,pure:445,train
pure,datasets/flashpoint/processed_data/flashpoint_pure_exp.csv,446,pure:446,train
pure,datasets/flashpoint/processed_data/flashpoint_pure_exp.csv,447,pure:447,train
pure,datasets/flashpoint/processed_data/flashpoint_pure_exp.csv,448,pure:448,train
pure,datasets/flashpoint/processed_data/flashpoint_pure_exp.csv,449,pure:449,train
pure,datasets/flashpoint/processed_data/flashpoint_pure_exp.csv,450,pure:450,train
pure,datasets/flashpoint/processed_data/flashpoint_pure_exp.csv,451,pure:451,train
pure,datasets/flashpoint/processed_data/flashpoint_pure_exp.csv,452,pure:452,train
pure,datasets/flashpoint/processed_data/flashpoint_pure_exp.csv,453,pure:453,train
pure,datasets/flashpoint/processed_data/flashpoint_pure_exp.csv,454,pure:454,train
pure,datasets/flashpoint/processed_data/flashpoint_pure_exp.csv,455,pure:455,train
pure,datasets/flashpoint/processed_data/flashpoint_pure_exp.csv,456,pure:456,train
pure,datasets/flashpoint/processed_data/flashpoint_pure_exp.csv,457,pure:457,train
pure,datasets/flashpoint/processed_data/flashpoint_pure_exp.csv,458,pure:458,train
pure,datasets/flashpoint/processed_data/flashpoint_pure_exp.csv,459,pure:459,train
pure,datasets/flashpoint/processed_data/flashpoint_pure_exp.csv,460,pure:460,train
pure,datasets/flashpoint/processed_data/flashpoint_pure_exp.csv,461,pure:461,train
pure,datasets/flashpoint/processed_data/flashpoint_pure_exp.csv,462,pure:462,train
pure,datasets/flashpoint/processed_data/flashpoint_pure_exp.csv,463,pure:463,train
pure,datasets/flashpoint/processed_data/flashpoint_pure_exp.csv,464,pure:464,train
pure,datasets/flashpoint/processed_data/flashpoint_pure_exp.csv,465,pure:465,train
pure,datasets/flashpoint/processed_data/flashpoint_pure_exp.csv,466,pure:466,train
pure,datasets/flashpoint/processed_data/flashpoint_pure_exp.csv,467,pure:467,train
pure,datasets/flashpoint/processed_data/flashpoint_pure_exp.csv,468,pure:468,train
pure,datasets/flashpoint/processed_data/flashpoint_pure_exp.csv,469,pure:469,train
pure,datasets/flashpoint/processed_data/flashpoint_pure_exp.csv,470,pure:470,train
pure,datasets/flashpoint/processed_data/flashpoint_pure_exp.csv,471,pure:471,train
pure,datasets/flashpoint/processed_data/flashpoint_pure_exp.csv,472,pure:472,train
pure,datasets/flashpoint/processed_data/flashpoint_pure_exp.csv,473,pure:473,train
pure,datasets/flashpoint/processed_data/flashpoint_pure_exp.csv,474,pure:474,train
pure,datasets/flashpoint/processed_data/flashpoint_pure_exp.csv,475,pure:475,train
pure,datasets/flashpoint/processed_data/flashpoint_pure_exp.csv,476,pure:476,train
pure,datasets/flashpoint/processed_data/flashpoint_pure_exp.csv,477,pure:477,train
pure,datasets/flashpoint/processed_data/flashpoint_pure_exp.csv,478,pure:478,train
pure,datasets/flashpoint/processed_data/flashpoint_pure_exp.csv,479,pure:479,train
pure,datasets/flashpoint/processed_data/flashpoint_pure_exp.csv,480,pure:480,train
pure,datasets/flashpoint/processed_data/flashpoint_pure_exp.csv,481,pure:481,train
pure,datasets/flashpoint/processed_data/flashpoint_pure_exp.csv,482,pure:482,train
pure,datasets/flashpoint/processed_data/flashpoint_pure_exp.csv,483,pure:483,train
pure,datasets/flashpoint/processed_data/flashpoint_pure_exp.csv,484,pure:484,train
pure,datasets/flashpoint/processed_data/flashpoint_pure_exp.csv,485,pure:485,train
pure,datasets/flashpoint/processed_data/flashpoint_pure_exp.csv,486,pure:486,train
pure,datasets/flashpoint/processed_data/flashpoint_pure_exp.csv,487,pure:487,train
pure,datasets/flashpoint/processed_data/flashpoint_pure_exp.csv,488,pure:488,train
pure,datasets/flashpoint/processed_data/flashpoint_pure_exp.csv,489,pure:489,train
pure,datasets/flashpoint/processed_data/flashpoint_pure_exp.csv,490,pure:490,train
pure,datasets/flashpoint/processed_data/flashpoint_pure_exp.csv,491,pure:491,train
pure,datasets/flashpoint/processed_data/flashpoint_pure_exp.csv,492,pure:492,train
pure,datasets/flashpoint/processed_data/flashpoint_pure_exp.csv,493,pure:493,train
pure,datasets/flashpoint/processed_data/flashpoint_pure_exp.csv,494,pure:494,train
pure,datasets/flashpoint/processed_data/flashpoint_pure_exp.csv,495,pure:495,train
pure,datasets/flashpoint/processed_data/flashpoint_pure_exp.csv,496,pure:496,train
pure,datasets/flashpoint/processed_data/flashpoint_pure_exp.csv,497,pure:497,train
pure,datasets/flashpoint/processed_data/flashpoint_pure_exp.csv,498,pure:498,train
pure,datasets/flashpoint/processed_data/flashpoint_pure_exp.csv,499,pure:499,train
pure,datasets/flashpoint/processed_data/flashpoint_pure_exp.csv,500,pure:500,train
pure,datasets/flashpoint/processed_data/flashpoint_pure_exp.csv,501,pure:501,train
pure,datasets/flashpoint/processed_data/flashpoint_pure_exp.csv,502,pure:502,train
pure,datasets/flashpoint/processed_data/flashpoint_pure_exp.csv,503,pure:503,train
pure,datasets/flashpoint/processed_data/flashpoint_pure_exp.csv,504,pure:504,train
pure,datasets/flashpoint/processed_data/flashpoint_pure_exp.csv,505,pure:505,train
pure,datasets/flashpoint/processed_data/flashpoint_pure_exp.csv,506,pure:506,train
pure,datasets/flashpoint/processed_data/flashpoint_pure_exp.csv,507,pure:507,train
pure,datasets/flashpoint/processed_data/flashpoint_pure_exp.csv,508,pure:508,train
pure,datasets/flashpoint/processed_data/flashpoint_pure_exp.csv,509,pure:509,train
pure,datasets/flashpoint/processed_data/flashpoint_pure_exp.csv,510,pure:510,train
pure,datasets/flashpoint/processed_data/flashpoint_pure_exp.csv,511,pure:511,train
pure,datasets/flashpoint/processed_data/flashpoint_pure_exp.csv,512,pure:512,train
pure,datasets/flashpoint/processed_data/flashpoint_pure_exp.csv,513,pure:513,train
pure,datasets/flashpoint/processed_data/flashpoint_pure_exp.csv,514,pure:514,train
pure,datasets/flashpoint/processed_data/flashpoint_pure_exp.csv,515,pure:515,train
pure,datasets/flashpoint/processed_data/flashpoint_pure_exp.csv,516,pure:516,train
pure,datasets/flashpoint/processed_data/flashpoint_pure_exp.csv,517,pure:517,train
pure,datasets/flashpoint/processed_data/flashpoint_pure_exp.csv,518,pure:518,train
pure,datasets/flashpoint/processed_data/flashpoint_pure_exp.csv,519,pure:519,train
pure,datasets/flashpoint/processed_data/flashpoint_pure_exp.csv,520,pure:520,train
pure,datasets/flashpoint/processed_data/flashpoint_pure_exp.csv,521,pure:521,train
pure,datasets/flashpoint/processed_data/flashpoint_pure_exp.csv,522,pure:522,train
pure,datasets/flashpoint/processed_data/flashpoint_pure_exp.csv,523,pure:523,train
pure,datasets/flashpoint/processed_data/flashpoint_pure_exp.csv,524,pure:524,train
pure,datasets/flashpoint/processed_data/flashpoint_pure_exp.csv,525,pure:525,train
pure,datasets/flashpoint/processed_data/flashpoint_pure_exp.csv,526,pure:526,train
pure,datasets/flashpoint/processed_data/flashpoint_pure_exp.csv,527,pure:527,train
pure,datasets/flashpoint/processed_data/flashpoint_pure_exp.csv,528,pure:528,train
pure,datasets/flashpoint/processed_data/flashpoint_pure_exp.csv,529,pure:529,train
pure,datasets/flashpoint/processed_data/flashpoint_pure_exp.csv,530,pure:530,train
pure,datasets/flashpoint/processed_data/flashpoint_pure_exp.csv,531,pure:531,train
pure,datasets/flashpoint/processed_data/flashpoint_pure_exp.csv,532,pure:532,train
pure,datasets/flashpoint/processed_data/flashpoint_pure_exp.csv,533,pure:533,train
pure,datasets/flashpoint/processed_data/flashpoint_pure_exp.csv,534,pure:534,train
pure,datasets/flashpoint/processed_data/flashpoint_pure_exp.csv,535,pure:535,train
pure,datasets/flashpoint/processed_data/flashpoint_pure_exp.csv,536,pure:536,train
pure,datasets/flashpoint/processed_data/flashpoint_pure_exp.csv,537,pure:537,train
pure,datasets/flashpoint/processed_data/flashpoint_pure_exp.csv,538,pure:538,train
pure,datasets/flashpoint/processed_data/flashpoint_pure_exp.csv,539,pure:539,train
pure,datasets/flashpoint/processed_data/flashpoint_pure_exp.csv,540,pure:540,train
pure,datasets/flashpoint/processed_data/flashpoint_pure_exp.csv,541,pure:541,train
pure,datasets/flashpoint/processed_data/flashpoint_pure_exp.csv,542,pure:542,train
pure,datasets/flashpoint/processed_data/flashpoint_pure_exp.csv,543,pure:543,train
pure,datasets/flashpoint/processed_data/flashpoint_pure_exp.csv,544,pure:544,train
pure,datasets/flashpoint/processed_data/flashpoint_pure_exp.csv,545,pure:545,train
pure,datasets/flashpoint/processed_data/flashpoint_pure_exp.csv,546,pure:546,train
pure,datasets/flashpoint/processed_data/flashpoint_pure_exp.csv,547,pure:547,train
pure,datasets/flashpoint/processed_data/flashpoint_pure_exp.csv,548,pure:548,train
pure,datasets/flashpoint/processed_data/flashpoint_pure_exp.csv,549,pure:549,train
pure,datasets/flashpoint/processed_data/flashpoint_pure_exp.csv,550,pure:550,train
pure,datasets/flashpoint/processed_data/flashpoint_pure_exp.csv,551,pure:551,train
pure,datasets/flashpoint/processed_data/flashpoint_pure_exp.csv,552,pure:552,train
pure,datasets/flashpoint/processed_data/flashpoint_pure_exp.csv,553,pure:553,train
pure,datasets/flashpoint/processed_data/flashpoint_pure_exp.csv,554,pure:554,train
pure,datasets/flashpoint/processed_data/flashpoint_pure_exp.csv,555,pure:555,train
pure,datasets/flashpoint/processed_data/flashpoint_pure_exp.csv,556,pure:556,train
pure,datasets/flashpoint/processed_data/flashpoint_pure_exp.csv,557,pure:557,train
pure,datasets/flashpoint/processed_data/flashpoint_pure_exp.csv,558,pure:558,train
pure,datasets/flashpoint/processed_data/flashpoint_pure_exp.csv,559,pure:559,train
pure,datasets/flashpoint/processed_data/flashpoint_pure_exp.csv,560,pure:560,train
pure,datasets/flashpoint/processed_data/flashpoint_pure_exp.csv,561,pure:561,train
pure,datasets/flashpoint/processed_data/flashpoint_pure_exp.csv,562,pure:562,train
pure,datasets/flashpoint/processed_data/flashpoint_pure_exp.csv,563,pure:563,train
pure,datasets/flashpoint/processed_data/flashpoint_pure_exp.csv,564,pure:564,train
pure,datasets/flashpoint/processed_data/flashpoint_pure_exp.csv,565,pure:565,train
pure,datasets/flashpoint/processed_data/flashpoint_pure_exp.csv,566,pure:566,train
pure,datasets/flashpoint/processed_data/flashpoint_pure_exp.csv,567,pure:567,train
pure,datasets/flashpoint/processed_data/flashpoint_pure_exp.csv,568,pure:568,train
pure,datasets/flashpoint/processed_data/flashpoint_pure_exp.csv,569,pure:569,train
pure,datasets/flashpoint/processed_data/flashpoint_pure_exp.csv,570,pure:570,train
pure,datasets/flashpoint/processed_data/flashpoint_pure_exp.csv,571,pure:571,train
pure,datasets/flashpoint/processed_data/flashpoint_pure_exp.csv,572,pure:572,train
pure,datasets/flashpoint/processed_data/flashpoint_pure_exp.csv,573,pure:573,train
pure,datasets/flashpoint/processed_data/flashpoint_pure_exp.csv,574,pure:574,train
pure,datasets/flashpoint/processed_data/flashpoint_pure_exp.csv,575,pure:575,train
pure,datasets/flashpoint/processed_data/flashpoint_pure_exp.csv,576,pure:576,train
pure,datasets/flashpoint/processed_data/flashpoint_pure_exp.csv,577,pure:577,train
pure,datasets/flashpoint/processed_data/flashpoint_pure_exp.csv,578,pure:578,train
pure,datasets/flashpoint/processed_data/flashpoint_pure_exp.csv,579,pure:579,train
pure,datasets/flashpoint/processed_data/flashpoint_pure_exp.csv,580,pure:580,train
pure,datasets/flashpoint/processed_data/flashpoint_pure_exp.csv,581,pure:581,train
pure,datasets/flashpoint/processed_data/flashpoint_pure_exp.csv,582,pure:582,train
pure,datasets/flashpoint/processed_data/flashpoint_pure_exp.csv,583,pure:583,train
pure,datasets/flashpoint/processed_data/flashpoint_pure_exp.csv,584,pure:584,train
mix,datasets/flashpoint/processed_data/flashpoint_mix_exp.csv,233,mix:233,val
mix,datasets/flashpoint/processed_data/flashpoint_mix_exp.csv,234,mix:234,val
mix,datasets/flashpoint/processed_data/flashpoint_mix_exp.csv,235,mix:235,val
mix,datasets/flashpoint/processed_data/flashpoint_mix_exp.csv,236,mix:236,val
mix,datasets/flashpoint/processed_data/flashpoint_mix_exp.csv,237,mix:237,val
mix,datasets/flashpoint/processed_data/flashpoint_mix_exp.csv,238,mix:238,val
mix,datasets/flashpoint/processed_data/flashpoint_mix_exp.csv,239,mix:239,val
mix,datasets/flashpoint/processed_data/flashpoint_mix_exp.csv,240,mix:240,val
mix,datasets/flashpoint/processed_data/flashpoint_mix_exp.csv,241,mix:241,val
mix,datasets/flashpoint/processed_data/flashpoint_mix_exp.csv,242,mix:242,val
mix,datasets/flashpoint/processed_data/flashpoint_mix_exp.csv,243,mix:243,val
mix,datasets/flashpoint/processed_data/flashpoint_mix_exp.csv,244,mix:244,val
mix,datasets/flashpoint/processed_data/flashpoint_mix_exp.csv,245,mix:245,val
mix,datasets/flashpoint/processed_data/flashpoint_mix_exp.csv,246,mix:246,val
mix,datasets/flashpoint/processed_data/flashpoint_mix_exp.csv,247,mix:247,val
mix,datasets/flashpoint/processed_data/flashpoint_mix_exp.csv,248,mix:248,val
mix,datasets/flashpoint/processed_data/flashpoint_mix_exp.csv,249,mix:249,val
mix,datasets/flashpoint/processed_data/flashpoint_mix_exp.csv,250,mix:250,val
mix,datasets/flashpoint/processed_data/flashpoint_mix_exp.csv,251,mix:251,val
mix,datasets/flashpoint/processed_data/flashpoint_mix_exp.csv,252,mix:252,val
mix,datasets/flashpoint/processed_data/flashpoint_mix_exp.csv,253,mix:253,val
mix,datasets/flashpoint/processed_data/flashpoint_mix_exp.csv,254,mix:254,val
mix,datasets/flashpoint/processed_data/flashpoint_mix_exp.csv,255,mix:255,val
mix,datasets/flashpoint/processed_data/flashpoint_mix_exp.csv,256,mix:256,val
mix,datasets/flashpoint/processed_data/flashpoint_mix_exp.csv,257,mix:257,val
mix,datasets/flashpoint/processed_data/flashpoint_mix_exp.csv,258,mix:258,val
mix,datasets/flashpoint/processed_data/flashpoint_mix_exp.csv,259,mix:259,val
mix,datasets/flashpoint/processed_data/flashpoint_mix_exp.csv,260,mix:260,val
mix,datasets/flashpoint/processed_data/flashpoint_mix_exp.csv,261,mix:261,val
mix,datasets/flashpoint/processed_data/flashpoint_mix_exp.csv,262,mix:262,val
mix,datasets/flashpoint/processed_data/flashpoint_mix_exp.csv,263,mix:263,val
mix,datasets/flashpoint/processed_data/flashpoint_mix_exp.csv,264,mix:264,val
mix,datasets/flashpoint/processed_data/flashpoint_mix_exp.csv,265,mix:265,val
mix,datasets/flashpoint/processed_data/flashpoint_mix_exp.csv,266,mix:266,val
mix,datasets/flashpoint/processed_data/flashpoint_mix_exp.csv,267,mix:267,val
mix,datasets/flashpoint/processed_data/flashpoint_mix_exp.csv,295,mix:295,val
mix,datasets/flashpoint/processed_data/flashpoint_mix_exp.csv,296,mix:296,val
mix,datasets/flashpoint/processed_data/flashpoint_mix_exp.csv,297,mix:297,val
mix,datasets/flashpoint/processed_data/flashpoint_mix_exp.csv,298,mix:298,val
mix,datasets/flashpoint/processed_data/flashpoint_mix_exp.csv,299,mix:299,val
mix,datasets/flashpoint/processed_data/flashpoint_mix_exp.csv,300,mix:300,val
mix,datasets/flashpoint/processed_data/flashpoint_mix_exp.csv,301,mix:301,val
mix,datasets/flashpoint/processed_data/flashpoint_mix_exp.csv,302,mix:302,val
mix,datasets/flashpoint/processed_data/flashpoint_mix_exp.csv,303,mix:303,val
mix,datasets/flashpoint/processed_data/flashpoint_mix_exp.csv,304,mix:304,val
mix,datasets/flashpoint/processed_data/flashpoint_mix_exp.csv,305,mix:305,val
mix,datasets/flashpoint/processed_data/flashpoint_mix_exp.csv,306,mix:306,val
mix,datasets/flashpoint/processed_data/flashpoint_mix_exp.csv,307,mix:307,val
mix,datasets/flashpoint/processed_data/flashpoint_mix_exp.csv,308,mix:308,val
mix,datasets/flashpoint/processed_data/flashpoint_mix_exp.csv,309,mix:309,val
mix,datasets/flashpoint/processed_data/flashpoint_mix_exp.csv,310,mix:310,val
mix,datasets/flashpoint/processed_data/flashpoint_mix_exp.csv,311,mix:311,val
mix,datasets/flashpoint/processed_data/flashpoint_mix_exp.csv,312,mix:312,val
mix,datasets/flashpoint/processed_data/flashpoint_mix_exp.csv,313,mix:313,val
mix,datasets/flashpoint/processed_data/flashpoint_mix_exp.csv,314,mix:314,val
mix,datasets/flashpoint/processed_data/flashpoint_mix_exp.csv,315,mix:315,val
mix,datasets/flashpoint/processed_data/flashpoint_mix_exp.csv,316,mix:316,val
mix,datasets/flashpoint/processed_data/flashpoint_mix_exp.csv,317,mix:317,val
mix,datasets/flashpoint/processed_data/flashpoint_mix_exp.csv,318,mix:318,val
mix,datasets/flashpoint/processed_data/flashpoint_mix_exp.csv,319,mix:319,val
mix,datasets/flashpoint/processed_data/flashpoint_mix_exp.csv,320,mix:320,val
mix,datasets/flashpoint/processed_data/flashpoint_mix_exp.csv,321,mix:321,val
mix,datasets/flashpoint/processed_data/flashpoint_mix_exp.csv,322,mix:322,val
mix,datasets/flashpoint/processed_data/flashpoint_mix_exp.csv,323,mix:323,val
mix,datasets/flashpoint/processed_data/flashpoint_mix_exp.csv,324,mix:324,val
mix,datasets/flashpoint/processed_data/flashpoint_mix_exp.csv,325,mix:325,val
mix,datasets/flashpoint/processed_data/flashpoint_mix_exp.csv,326,mix:326,val
mix,datasets/flashpoint/processed_data/flashpoint_mix_exp.csv,327,mix:327,val
mix,datasets/flashpoint/processed_data/flashpoint_mix_exp.csv,328,mix:328,val
mix,datasets/flashpoint/processed_data/flashpoint_mix_exp.csv,329,mix:329,val
mix,datasets/flashpoint/processed_data/flashpoint_mix_exp.csv,330,mix:330,val
mix,datasets/flashpoint/processed_data/flashpoint_mix_exp.csv,331,mix:331,val
mix,datasets/flashpoint/processed_data/flashpoint_mix_exp.csv,332,mix:332,val
mix,datasets/flashpoint/processed_data/flashpoint_mix_exp.csv,333,mix:333,val
mix,datasets/flashpoint/processed_data/flashpoint_mix_exp.csv,334,mix:334,val
mix,datasets/flashpoint/processed_data/flashpoint_mix_exp.csv,335,mix:335,val
mix,datasets/flashpoint/processed_data/flashpoint_mix_exp.csv,336,mix:336,val
mix,datasets/flashpoint/processed_data/flashpoint_mix_exp.csv,337,mix:337,val
mix,datasets/flashpoint/processed_data/flashpoint_mix_exp.csv,338,mix:338,val
mix,datasets/flashpoint/processed_data/flashpoint_mix_exp.csv,339,mix:339,val
mix,datasets/flashpoint/processed_data/flashpoint_mix_exp.csv,340,mix:340,val
mix,datasets/flashpoint/processed_data/flashpoint_mix_exp.csv,341,mix:341,val
mix,datasets/flashpoint/processed_data/flashpoint_mix_exp.csv,342,mix:342,val
mix,datasets/flashpoint/processed_data/flashpoint_mix_exp.csv,343,mix:343,val
mix,datasets/flashpoint/processed_data/flashpoint_mix_exp.csv,344,mix:344,val
mix,datasets/flashpoint/processed_data/flashpoint_mix_exp.csv,345,mix:345,val
mix,datasets/flashpoint/processed_data/flashpoint_mix_exp.csv,346,mix:346,val
mix,datasets/flashpoint/processed_data/flashpoint_mix_exp.csv,347,mix:347,val
mix,datasets/flashpoint/processed_data/flashpoint_mix_exp.csv,348,mix:348,val
mix,datasets/flashpoint/processed_data/flashpoint_mix_exp.csv,349,mix:349,val
mix,datasets/flashpoint/processed_data/flashpoint_mix_exp.csv,350,mix:350,val
mix,datasets/flashpoint/processed_data/flashpoint_mix_exp.csv,351,mix:351,val
mix,datasets/flashpoint/processed_data/flashpoint_mix_exp.csv,352,mix:352,val
mix,datasets/flashpoint/processed_data/flashpoint_mix_exp.csv,353,mix:353,val
mix,datasets/flashpoint/processed_data/flashpoint_mix_exp.csv,354,mix:354,val
mix,datasets/flashpoint/processed_data/flashpoint_mix_exp.csv,355,mix:355,val
mix,datasets/flashpoint/processed_data/flashpoint_mix_exp.csv,356,mix:356,val
mix,datasets/flashpoint/processed_data/flashpoint_mix_exp.csv,357,mix:357,val
mix,datasets/flashpoint/processed_data/flashpoint_mix_exp.csv,358,mix:358,val
mix,datasets/flashpoint/processed_data/flashpoint_mix_exp.csv,359,mix:359,val
mix,datasets/flashpoint/processed_data/flashpoint_mix_exp.csv,360,mix:360,val
mix,datasets/flashpoint/processed_data/flashpoint_mix_exp.csv,361,mix:361,val
mix,datasets/flashpoint/processed_data/flashpoint_mix_exp.csv,362,mix:362,val
mix,datasets/flashpoint/processed_data/flashpoint_mix_exp.csv,363,mix:363,val
mix,datasets/flashpoint/processed_data/flashpoint_mix_exp.csv,364,mix:364,val
mix,datasets/flashpoint/processed_data/flashpoint_mix_exp.csv,365,mix:365,val
