y_true,y_pred_recomputed,y_pred_reference,delta
-0.5407958517141518,-0.6877856,-0.6877856,-2.5457763674907596e-08
-0.5187078262320516,-0.52539104,-0.52539104,-2.2325133963718713e-09
-0.1603478245233494,-0.2001756,-0.20017557,-2.8263740542433524e-08
0.0171079758642101,0.11860207,0.11860204,2.7232131952215077e-08
0.1837978665122971,0.34150827,0.34150827,-6.900024440703589e-10
0.4753628685840002,0.45905244,0.45905244,3.5043334900564105e-09
-0.950507126387942,-0.85000926,-0.85000914,-1.2256179804381873e-07
-0.911132921297744,-0.798498,-0.798498,2.512741092974835e-08
-0.87014690664245,-0.7317759,-0.73177564,-2.3985992436692527e-07
-0.8376804568312339,-0.70205,-0.70205,2.937316889717323e-08
-0.8079771091316107,-0.70482093,-0.7048208,-1.3095779416438802e-07
-0.7805763465249816,-0.67949915,-0.6794992,5.067749020426504e-08
-0.7596228221787358,-0.65944624,-0.65944624,5.285644144592538e-10
-0.7361364542301965,-0.6411699,-0.6411699,-5.6625366617879536e-09
-0.7140316373374536,-0.62174994,-0.62174994,2.465667670037419e-09
-0.7966944421759399,-0.7970914,-0.79709166,2.3553482053628727e-07
-0.8160361569570899,-0.816119,-0.816119,-1.5216827353725648e-08
-0.8227136537267726,-0.845341,-0.845341,-2.6782989492879494e-08
-0.8213321026709762,-0.8453317,-0.8453316,-1.2845840458020064e-07
-0.810970469752503,-0.8343082,-0.8343082,-7.035064641947031e-09
-0.7881748773318619,-0.7881482,-0.788148,-2.243537903234838e-07
-0.7766619518668917,-0.7568407,-0.7568406,-1.0587158205677127e-07
-0.7513335158439571,-0.7467784,-0.7467783,-1.2855453490612234e-07
-0.7147224128653519,-0.7060108,-0.7060107,-1.1848144532145e-07
-0.6907755278982137,-0.5533021,-0.553302,-1.0924148563518088e-07
-0.6509408057894168,-0.4890898,-0.4890898,1.299362184514763e-08
-0.629987281443171,-0.47929353,-0.47929364,1.1478103639772641e-07
-0.6216979751083924,-0.5227217,-0.5227217,-7.82089237816308e-09
-0.6306780569710692,-0.56650954,-0.56650966,1.1515060427402801e-07
-0.6428817579639377,-0.5761593,-0.5761593,1.5800476482752401e-09
-0.6652168333659798,-0.57966965,-0.57966954,-1.143693542093871e-07
-0.6695917450426686,-0.58776224,-0.5877621,-1.3659515385455734e-07
-0.674427173737956,-0.59289765,-0.59289765,-3.5797118602687306e-09
-0.7128803447909566,-0.6871287,-0.68712884,1.1733230587118726e-07
-0.7501822232974601,-0.7017028,-0.7017028,2.6428985555604356e-08
-0.7732080742274006,-0.70408016,-0.7040803,1.3556747435750083e-07
-0.7934708230457482,-0.71365505,-0.71365505,-4.569244427266028e-09
-0.8077468506223113,-0.6986277,-0.6986277,-1.0342407263941311e-08
-0.8178782250314851,-0.6904803,-0.6904803,8.156585740159983e-09
-0.8270885654034613,-0.73022497,-0.73022485,-1.1700286861593412e-07
-0.82754908242206,-0.74091166,-0.7409116,-6.257858276015327e-08
-0.8280095994406589,-0.759642,-0.75964195,-5.496673582960909e-08
-0.6679799354775727,-0.6459601,-0.6459601,7.455444372972408e-09
-0.6880124257866209,-0.65259916,-0.65259916,4.09713740712192e-09
-0.6997556097608906,-0.6565527,-0.6565527,2.7613830555495156e-08
-0.7213999096350346,-0.6721533,-0.6721533,5.913543654756381e-09
-0.7407416244161845,-0.674963,-0.674963,2.563476542150056e-09
-0.7580110126136399,-0.6729049,-0.6729049,-8.657073946594096e-09
-0.7782737614319876,-0.6928498,-0.6928498,-1.489181522540406e-08
-0.7925497890085507,-0.7201547,-0.7201547,-2.663421594384374e-09
-0.8112007282618023,-0.7529872,-0.7529872,-5.982208284294188e-09
-0.5899223008250746,-0.683349,-0.683349,-1.332855226188201e-08
-0.6150204783387097,-0.702602,-0.7026019,-1.2884674072122237e-07
-0.6438027920011352,-0.72146535,-0.72146535,8.026123099469373e-10
-0.6638352823101834,-0.7325014,-0.7325014,1.2403869598109907e-08
-0.6960714736121001,-0.7377212,-0.7377212,-4.757690463819131e-09
-0.7225512021815317,-0.7548299,-0.75483,1.1642456054783423e-07
-0.7451165360928732,-0.77775484,-0.77775484,-3.2350159218097474e-09
-0.7743593667738976,-0.77204275,-0.77204275,-1.3122558595313194e-09
-0.8040627144735208,-0.7771855,-0.7771854,-9.966812131168012e-08
2.9390196126976003,2.9482393,2.9482396,-2.735229491790392e-07
2.570145480799954,2.5675654,2.5675654,4.113159191021509e-08
2.121832163194014,2.212973,2.212973,1.1782836928375673e-07
1.7096694315480792,1.8284776,1.8284777,-7.8921508883667e-08
1.3336572858621516,1.2530823,1.2530824,-1.2460937504066294e-07
0.9585661742134212,0.8017076,0.8017076,2.5389099156392092e-08
0.6143297028108115,0.4879188,0.4879188,-5.844879136240877e-09
0.2845995174940641,0.14994168,0.14994168,2.8155517639572025e-09
-0.0294730891903237,-0.12111969,-0.12111972,2.7078361511390092e-08
4.478758264382718,4.674708,4.6747074,4.895568848084508e-07
3.866500888155602,3.9732652,3.973265,1.710510253438713e-07
3.203586639882616,3.2409925,3.2409925,4.6081543025877636e-08
2.3249201683960883,2.5220695,2.5220695,-4.580688495181562e-08
2.0654188284156594,1.8091152,1.8091149,2.7143249514693935e-07
1.490463330695046,1.0008188,1.0008188,4.8609924307996266e-08
1.012446665389482,0.59717095,0.59717095,-1.0177612086437193e-09
0.5740344636834156,0.5019983,0.5019983,5.320739737690872e-09
0.1908843042092064,-0.052207217,-0.052207246,2.9379554747355208e-08
0.9804666872927188,0.9697364,0.9697364,-2.733612114447226e-09
0.7344810440529225,0.680813,0.68081295,6.450729372886599e-08
0.5199241067512501,0.46077877,0.46077877,2.8309631305845073e-09
0.3995141026147247,0.22899416,0.22899416,8.905792214797259e-10
0.2919230667090354,0.10175123,0.101751216,1.4657100672055279e-08
0.2026142600617169,-0.022063121,-0.022063121,-1.9960784761186012e-10
0.1141319340449126,-0.08976872,-0.08976875,2.734661101733149e-08
-0.0081329832301889,-0.13012527,-0.1301253,3.070621490408598e-08
-0.1339886400033167,-0.1465833,-0.1465834,9.619083404799333e-08
1.1598328113317349,1.1270795,1.1270795,-1.3153076183769485e-08
0.8328221626324273,0.8341233,0.8341233,1.3426971423591283e-08
0.4893159402781084,0.36630163,0.36630163,-4.032974232348607e-09
0.2520030799947629,0.040757462,0.040757477,-1.4617683410933502e-08
0.0733433942242095,-0.07100706,-0.07100706,1.975593563741107e-09
-0.0005001250416822,-0.15578787,-0.15578787,-2.87895207673472e-10
-0.0492952917248775,-0.20148395,-0.20148395,-1.888275646955151e-11
-0.1098148660072065,-0.20749937,-0.20749943,6.002109528835398e-08
-0.1431777696763279,-0.19299872,-0.19299875,2.7804374691520195e-08
3.6392357394770896,3.7016027,3.701603,-3.026275634532283e-07
3.158686230569232,3.212353,3.212353,-8.895873815362165e-09
2.636690189987482,2.6293917,2.6293914,2.7022705095802735e-07
2.100648380338468,1.9484837,1.9484837,5.52062995318181e-09
1.521317970941166,1.1669191,1.1669192,-8.77944945631981e-08
1.046524924765794,0.7147054,0.7147054,7.619476272147097e-09
0.6804138949797405,0.455581,0.455581,9.38796995697544e-09
0.3304209608446455,0.13376617,0.13376617,4.316406260196359e-09
0.0112826669556708,-0.14652221,-0.14652224,3.0951728818839896e-08
3.2436516205007124,3.1571133,3.1571136,-2.8632507342862823e-07
2.8162918272410176,2.6625319,2.6625319,-4.7277831871639364e-08
2.345182917214436,2.1091876,2.1091876,2.9968263426383146e-09
1.82548946172568,1.5688096,1.5688095,1.2848663333286936e-07
1.2222121673612396,0.8637054,0.8637055,-1.0334777833520548e-07
0.8351476132289405,0.45129406,0.451294,6.452178957783161e-08
0.4860757131310431,0.24444099,0.244441,-1.2293815604413894e-08
0.0987809004894445,-0.08588298,-0.08588298,3.348808286229854e-09
-0.2578895304153331,-0.2410147,-0.2410147,-4.108238221833815e-09
0.4432476304013538,0.358324,0.35832402,-2.8701324483737523e-08
0.3341050969934361,0.25387278,0.25387278,1.991958598068777e-09
0.2270348901692129,0.17207299,0.17207298,1.172878266730848e-08
0.1222672684379838,0.07417892,0.07417892,-8.038711502011964e-10
0.0207232658369464,-0.021050528,-0.021050498,-2.9691841124668272e-08
-0.0775971176338993,-0.124208406,-0.124208435,2.9386100774964063e-08
-0.1754569840861463,-0.22268023,-0.22268017,-5.5968360890279456e-08
-0.2700932314082016,-0.29429078,-0.29429078,-1.0211181900032784e-09
-0.3617361181093645,-0.3704949,-0.3704949,-2.1339416345078632e-09
-0.8627786343448689,-0.87436527,-0.8743655,2.2986221315246524e-07
-0.8259372728569643,-0.8538802,-0.85388047,2.4338790893807527e-07
-0.7840302241644727,-0.8174389,-0.817439,9.952926638412407e-08
-0.7386692978324899,-0.763897,-0.7638969,-1.0174331666057412e-07
-0.6875519087680221,-0.69637734,-0.69637734,3.0210876023062383e-09
-0.6368950367221531,-0.62774605,-0.62774605,4.4105530339066945e-09
-0.5830145455460923,-0.5582454,-0.5582454,-2.0455932614460437e-08
-0.5254499182212412,-0.49618798,-0.49618798,-4.943389919631613e-09
-0.4699576174800848,-0.44211048,-0.44211048,1.1219787321437025e-09
-0.1010834855824386,-0.19863911,-0.19863905,-5.97307205085773e-08
-0.1505890650818106,-0.29181594,-0.29181594,3.4346008259689143e-09
-0.202627488183476,-0.35741115,-0.35741115,3.836059581097118e-09
-0.2539751357572432,-0.3924616,-0.3924616,2.0805359102205045e-09
-0.3018689056915194,-0.40621316,-0.40621316,-4.329528791036097e-09
-0.343775954384011,-0.39917225,-0.39917225,3.5438537659970848e-09
-0.3767029212138259,-0.38152748,-0.38152748,-3.4632873791018426e-09
-0.3997287721437664,-0.36660796,-0.36660784,-1.2403884885880956e-07
-0.412623248664533,-0.3756461,-0.3756461,-1.4349365251575819e-08
-0.2035485222206736,-0.16047575,-0.16047578,3.420284272470653e-08
-0.2175942912879373,-0.19146715,-0.19146712,-3.104579926471729e-08
-0.2321005773737998,-0.22268982,-0.22268982,-2.3161697282336746e-09
-0.2466068634596623,-0.24439363,-0.24439357,-6.181591033493916e-08
-0.2611131495455248,-0.25417614,-0.25417614,1.6845702610623903e-10
-0.2758496941406867,-0.27663016,-0.27663016,-3.1927490096173017e-09
-0.2910467557544474,-0.29408497,-0.29408497,3.817291260865829e-09
-0.3055530418403099,-0.3161562,-0.3161562,-8.515167237987953e-09
-0.3214408789819688,-0.33814824,-0.33814836,1.2372528074289235e-07
0.7253143042931245,0.69875157,0.69875157,-1.205749500243769e-09
0.5579163680324573,0.5126293,0.5126293,-2.944641108726387e-08
0.4480830590966413,0.33701092,0.33701092,4.7760018162534834e-11
0.3552888798489813,0.21740444,0.21740443,1.0045356740873146e-08
0.2654880612222134,0.09005146,0.09005146,-2.7141189573587354e-09
0.1729241404838528,-0.028917804,-0.028917834,2.9639610290427276e-08
0.072301171920013,-0.13726108,-0.13726108,2.2383499220790526e-09
-0.0389136880715993,-0.21772166,-0.2177216,-5.596485139203189e-08
-0.160490180981685,-0.28049117,-0.28049117,-3.2673644900782506e-09
0.7059725895119744,0.670771,0.67077094,6.276947017713752e-08
0.631138573989668,0.6012327,0.6012327,7.500457810394323e-09
0.5574558510138585,0.52103657,0.5210365,6.530380247671275e-08
0.4683458079149889,0.41718498,0.41718498,-1.2764739820703142e-09
0.3796962818347181,0.28802204,0.28802204,1.3208008020626494e-09
0.2770009866871837,0.19285694,0.19285694,-2.3531341597493594e-09
0.1786806032163379,0.087608725,0.08760871,1.4832534783737472e-08
0.074603757013007,-0.015812948,-0.015812978,2.9653861997880337e-08
-0.0573343688155517,-0.09330161,-0.09330167,6.084148407303758e-08
3.794660233254187,3.4654071,3.4654074,-2.668975831454645e-07
3.3141107243463304,2.9426947,2.9426947,-3.59985352638148e-08
2.882376019409947,2.4857717,2.485772,-3.4396362291744254e-07
2.410115816836868,1.941988,1.9419882,-2.0866699212973572e-07
1.899172184701489,1.2298874,1.2298875,-1.3370513918253835e-07
1.4952987593903333,0.6107496,0.6107496,2.3178100549969827e-09
0.9933352091176314,0.30360386,0.30360383,2.7755660991779507e-08
0.4985096726332109,0.1082548,0.10825477,2.775667190535458e-08
0.102465036638235,-0.16328938,-0.16328944,5.694622040586239e-08
0.1503588065725112,0.15274285,0.15274285,-2.1997451915556354e-09
0.0826628048384862,0.07982741,0.07982738,3.296291350984859e-08
0.0237166264578386,0.012038991,0.012038931,5.985521698073648e-08
-0.0384531710530005,-0.0513622,-0.05136217,-3.157146453991455e-08
-0.1098333089358159,-0.12198256,-0.12198253,-2.9561729425475747e-08
-0.1763780181233439,-0.19406773,-0.1940677,-3.14996719263938e-08
-0.2410806592364766,-0.2643839,-0.2643839,-1.208648681139124e-08
-0.3115397630820944,-0.31607008,-0.31607008,1.9653317862022845e-10
-0.3817686084184128,-0.37849456,-0.37849456,-7.185363970485525e-10
0.8876465533492047,0.9473371,0.9473371,-9.030914349672514e-09
0.7209393926164357,0.8042398,0.8042398,9.513092091850694e-09
0.6081127230597275,0.51885027,0.51885027,-3.066558784681206e-09
0.5072594959865883,0.27038848,0.27038848,4.001159681354949e-09
0.4047944593483533,0.07119003,0.07119006,-3.061729431097504e-08
0.2974939940148307,-0.09257428,-0.09257431,2.651935578079634e-08
0.1789108617256374,-0.20149375,-0.20149375,-4.982948303977608e-09
0.0437491167668868,-0.26524395,-0.26524395,2.4940490783720293e-09
-0.1105240844637142,-0.29937238,-0.29937238,4.9885559016971115e-09
3.033655860019655,2.9286315,2.9286315,4.411315934760296e-08
2.7718519349462323,2.6580963,2.6580963,1.3476562532588332e-08
2.481726213228983,2.3175275,2.3175278,-2.6742248548927705e-07
2.167653606544595,1.8636284,1.8636285,-1.1254882803513055e-07
1.8416075573766373,1.112655,1.112655,4.360198979647123e-08
1.4676677382744048,0.5841352,0.5841352,-2.524871822728869e-08
1.080833442651405,0.30660933,0.30660933,2.5614929066719583e-09
0.6546249419382072,0.05792798,0.057927966,1.501902008316236e-08
0.2003249030904819,-0.1602632,-0.16026317,-2.5633888234288804e-08
0.3704859414627419,0.41167402,0.41167402,2.674560573012741e-09
0.3299604438260468,0.3892411,0.3892411,-6.423950260625588e-10
0.2845995174940641,0.35894585,0.3589459,-5.344238279691993e-08
0.2334821284295962,0.27770877,0.27770877,-1.1553955014953488e-09
0.1793713787442361,0.15234089,0.15234089,-1.0229492253266415e-09
0.1174318397426963,0.049174175,0.049174175,-3.335952764027539e-10
0.0446701508040844,-0.022311613,-0.022311613,3.632354833582596e-11
-0.0343085178856112,-0.07551108,-0.07551108,-3.0068588313669764e-09
-0.1248001120402772,-0.11930816,-0.11930819,3.1244697565324664e-08
-0.0688472942805219,-0.09349264,-0.09349267,2.7954978942812403e-08
-0.0773668591245999,-0.10085063,-0.1008506,-2.682628631733852e-08
-0.0874982335337737,-0.11183597,-0.11183591,-6.147464752526144e-08
-0.1040768462033308,-0.13063447,-0.1306345,2.8225898729417054e-08
-0.1227277854565826,-0.16173853,-0.16173856,3.0198631290057065e-08
-0.15081932359111,-0.20084445,-0.20084445,-1.7850875777547515e-09
-0.1860488755139189,-0.24741362,-0.2474135,-1.2035274504773597e-07
-0.2344031624667938,-0.2952233,-0.2952233,4.3113708714237475e-09
-0.2889744291707528,-0.33041155,-0.33041155,-3.382873536850184e-09
-0.3373287161236277,-0.3590514,-0.35905153,1.2361648560332839e-07
-0.3122305386099926,-0.32118154,-0.32118154,4.279174792287677e-09
-0.2903559802265492,-0.25756812,-0.25756812,-9.564208869328183e-10
-0.2746984015941897,-0.25415474,-0.25415486,1.182359313789405e-07
-0.2627249591106206,-0.25701082,-0.25701094,1.2247222902495025e-07
-0.253284360229345,-0.2786839,-0.2786839,-8.331298984032287e-10
-0.2581197889246325,-0.30112624,-0.30112624,-1.6839599714657538e-09
-0.2700932314082016,-0.31495577,-0.31495577,-9.693908453733968e-10
-0.2898954632079504,-0.32552832,-0.32552832,-3.650360125284635e-09
1.000473222905913,0.9684821,0.9684821,-2.2878265393266872e-08
0.9102118872605464,0.84217876,0.84217864,1.2195907594936273e-07
0.8146546059012935,0.7268169,0.7268169,-7.37609862078159e-09
0.7085054331142678,0.55936897,0.55936897,-1.990051234912471e-09
0.5908433348622721,0.44956815,0.44956815,2.427673340132941e-09
0.4575236579779169,0.3734756,0.3734756,1.120986936609114e-08
0.3055530418403099,0.22655746,0.22655748,-1.6592483526034485e-08
0.1319381258285588,0.027482644,0.027482614,2.9723487855043418e-08
-0.0688472942805219,-0.14675911,-0.14675914,3.229106904090173e-08
1.426221206600512,1.3613317,1.3613317,1.2786864900249384e-09
1.259283787358444,1.1361434,1.1361433,1.4596862785154485e-07
1.087050422402489,0.9410597,0.9410597,8.595275824418991e-09
0.8966266352118816,0.690779,0.690779,-2.9281616242826658e-08
0.702288453363184,0.3839442,0.3839442,1.3390350328545964e-08
0.4985096726332109,0.08787599,0.08787599,2.0597076405559633e-09
0.2921980483009445,-0.0942256,-0.09422563,2.9638175969015634e-08
0.0865771994965761,-0.19216494,-0.19216488,-6.26221847432884e-08
-0.104767621731229,-0.22475572,-0.22475566,-5.930408478183047e-08
0.7108080182072619,0.5665443,0.56654435,-5.564270022517803e-08
0.6412699483988419,0.4569643,0.4569643,1.3983917246385147e-08
0.5655148988393377,0.30193847,0.3019385,-2.5821685789573223e-08
0.481470542945055,0.10786327,0.10786327,-2.5369643885664317e-10
0.3884461051880955,-0.0119540095,-0.011954024,1.4467071533796894e-08
0.2843692589847647,-0.11097954,-0.11097954,-2.1361923202567468e-09
0.1667071607327689,-0.1870435,-0.18704347,-3.292682648758927e-08
0.030163864718222,-0.2388788,-0.2388788,-1.4650344826172557e-09
-0.1317078673192594,-0.30718374,-0.30718362,-1.2252319336880646e-07
1.155206941155113,1.1605555,1.1605555,-1.808929450675123e-08
1.0020850324710089,0.90290713,0.902907,1.3310241697706005e-07
0.8786664714865279,0.6002501,0.60025007,5.49313354802905e-08
0.763767475346125,0.35133165,0.35133165,1.2107849167719564e-09
0.6421909824360393,0.1233467,0.12334669,1.126438141374475e-08
0.5102528566074805,-0.07007311,-0.07007308,-3.284542084147635e-08
0.3589730159977717,-0.19724788,-0.19724788,2.2829818591141304e-09
0.1807529298000326,-0.26284325,-0.26284325,-1.2283325467876693e-09
-0.0278612796252279,-0.29870617,-0.2987063,1.2610321042938466e-07
0.0828930633477856,0.042160437,0.042160437,-4.88960268107963e-10
0.0769063421060011,0.023459747,0.023459777,-2.9566337586550695e-08
0.0610185049643422,-0.0016780943,-0.0016780943,3.2154846276929994e-11
0.0370716199972041,-0.055161312,-0.05516137,5.7777519227308893e-08
0.0039143946580898,-0.0972587,-0.0972587,-1.920509334896181e-09
-0.0382229125437011,-0.12462686,-0.12462692,5.997745514130237e-08
-0.0888797845895701,-0.15943368,-0.15943368,2.2074508609915e-09
-0.1515100991190082,-0.22194742,-0.22194736,-5.66631698506459e-08
-0.2251928220948177,-0.2802407,-0.2802407,-1.4550018301306977e-08
0.3351856950957478,0.3103987,0.3103987,-2.146911648459593e-09
0.3120331633156119,0.2438017,0.2438017,-1.911354075012639e-09
0.2331730869513881,0.19369815,0.19369817,-1.7100257876379032e-08
0.1395880142070534,0.15357178,0.15357181,-2.5503692629991193e-08
0.0613772796749033,0.09086269,0.09086268,1.140243530151075e-08
-0.0165359686400995,0.009966657,0.009966627,2.956566619825851e-08
-0.0984952467490992,-0.048325256,-0.048325196,-5.951319122232679e-08
-0.1779312084926617,-0.08031808,-0.08031808,1.6012954712207872e-09
-0.2113385058644472,-0.11850478,-0.11850481,3.2449302675430225e-08
-0.6076522060411288,-0.6097694,-0.6097694,-3.934478742806391e-09
-0.5687385179695293,-0.5836636,-0.5836636,1.7198181101463206e-08
-0.5300550884072294,-0.5452178,-0.5452178,-1.2061309839772605e-08
-0.4892993322612347,-0.5061801,-0.5061801,-7.59353635526594e-09
-0.4471620250594437,-0.48492992,-0.48492992,7.571411275719697e-10
-0.4105509220808384,-0.46555424,-0.46555424,2.634277351809544e-09
-0.3783147307789217,-0.43320513,-0.43320513,2.2839355406922834e-09
-0.3458482809677057,-0.39384753,-0.39384753,4.880218507086198e-09
-0.3152238992308849,-0.3437574,-0.3437574,9.024047842309812e-09
-0.0653934166410309,-0.09434657,-0.09434654,-2.7988395684408474e-08
-0.0757550495595041,-0.111061946,-0.111061946,4.4240569541109664e-10
-0.0911823696825642,-0.1353098,-0.1353098,-5.05638114711715e-10
-0.1102938259544148,-0.14584012,-0.14584012,-3.295784006818181e-09
-0.1310170917913612,-0.15914984,-0.15914984,-4.741287362719504e-10
-0.1563455278142957,-0.17522587,-0.17522587,1.178855901784459e-09
-0.1823647393651284,-0.19494332,-0.19494332,-3.731422421049402e-09
-0.211147053027554,-0.21463056,-0.21463056,9.132003764289465e-10
-0.2417714347643748,-0.24268274,-0.24268274,-9.227751895934944e-11
1.1450755667459391,1.0981643,1.0981643,1.999206533653819e-08
0.9896510729688408,0.9681461,0.96814597,1.1573913571982786e-07
0.8247859803104672,0.80246586,0.80246586,-3.924713110059486e-09
0.6424212409453388,0.62855226,0.6285523,-4.198532099763952e-08
0.4805495089078573,0.48490924,0.48490918,5.6431121830957665e-08
0.3219013960005676,0.27415168,0.27415168,2.853698721771991e-09
0.1492075140260141,0.058654964,0.05865495,1.3970184328804258e-08
-0.0248679190043356,-0.08367796,-0.08367796,-2.422370914967331e-09
-0.2049300732764701,-0.23878323,-0.23878323,4.58286286697529e-09
-0.5641333477835412,-0.5913615,-0.59136164,1.1732543947484686e-07
-0.537193102195511,-0.5883162,-0.5883163,9.783630372517393e-08
-0.5130159587190735,-0.5629566,-0.5629567,1.2842102048438164e-07
-0.4867664886589413,-0.54873735,-0.54873735,2.8739929325283242e-09
-0.4630498622011026,-0.5449913,-0.5449913,-1.4411163373750924e-08
-0.4386424602153657,-0.5439295,-0.54392946,-5.7269134545734346e-08
-0.4160771263040241,-0.53196514,-0.53196526,1.234719848586252e-07
-0.3946630849391794,-0.47782266,-0.47782266,-1.3998412984328468e-09
-0.3762424041952271,-0.42024392,-0.42024392,1.104278557484406e-09
0.0396044635994975,0.047775716,0.047775686,2.9589523317663513e-08
0.0110524084463714,0.0015397966,0.0015397668,2.979080505373377e-08
-0.0186509392532517,-0.038224414,-0.038224414,9.025571956478018e-12
-0.0497358380086713,-0.06599982,-0.06599985,2.9171562193619494e-08
-0.0826628048384862,-0.093615666,-0.093615666,-3.183746322132919e-11
-0.1174318397426963,-0.118689075,-0.118689075,-1.1234282948358043e-10
-0.1538126842120022,-0.14897014,-0.14897011,-3.200687409554703e-08
-0.1915750797371046,-0.1923406,-0.1923406,2.489662170868101e-09
-0.231640060355201,-0.23243882,-0.23243876,-5.762027741051945e-08
1.4635230851070158,1.4368149,1.436815,-9.578704829316109e-08
1.1506017709691247,1.1290889,1.1290888,7.863159190435454e-08
0.8362989057754375,0.7147125,0.71471244,6.057220458544066e-08
0.5394956872885049,0.33813193,0.33813193,4.404373143973572e-09
0.2735471090476926,0.02930893,0.0293089,3.0039405823911736e-08
0.0584856613620487,-0.18747674,-0.18747677,3.0712623583228904e-08
-0.1006229685638398,-0.2754262,-0.2754262,-8.97293089829887e-09
-0.1924961137743022,-0.30546588,-0.30546588,2.943878196770555e-09
-0.2426924688015724,-0.30219132,-0.30219132,2.9185485694860347e-09
3.272433934163138,3.1424026,3.1424026,4.892578120418989e-08
3.0410241323172365,2.8369477,2.836948,-3.204803467049544e-07
2.785897704013496,2.4300861,2.430086,1.358642576221314e-07
2.4987653429171384,1.8757265,1.8757265,-3.858947761337106e-08
2.1708772256747864,1.1361881,1.1361881,4.945220943852746e-08
1.7969374065725534,0.63459754,0.6345976,-6.009826658548434e-08
1.3741827834988465,0.24326703,0.24326704,-1.0476150502647386e-08
0.8931727575723905,0.0029241145,0.0029240996,1.4865713500889638e-08
0.3230526885470646,-0.17876585,-0.17876588,3.1721000659512555e-08
-0.3071648514054057,-0.38918537,-0.38918537,9.852599847093302e-10
-0.2613434080548242,-0.40044355,-0.40044355,-3.924560565415902e-09
-0.235093937994692,-0.40960562,-0.40960562,-2.2915649378063563e-09
-0.2247323050762188,-0.39723945,-0.39723945,3.3599853455079653e-09
-0.2201271348902308,-0.40438718,-0.40438718,3.963165295939319e-09
-0.2196666178716319,-0.40185583,-0.40185577,-5.637786865131389e-08
-0.2226599784925242,-0.3663835,-0.3663836,1.0705337522010083e-07
-0.2344031624667938,-0.32615906,-0.32615918,1.1999862670197814e-07
-0.249830482589854,-0.30658996,-0.30659008,1.1894805906909056e-07
0.3391707841980229,0.3321872,0.3321872,5.553054793772105e-09
0.2901257217172497,0.27994487,0.27994487,-3.10432435313146e-09
0.2376267815969855,0.23752262,0.23752262,-3.0175399678977755e-09
0.1807529298000326,0.19377059,0.1937706,-1.2555694567373266e-08
0.1190436493077921,0.117584646,0.117584646,-2.5186157326384517e-10
0.0478937699342761,0.013137579,0.013137579,-3.57666014860758e-11
-0.0290125721717249,-0.07298626,-0.07298632,5.99435043269203e-08
-0.1135174450846064,-0.15882038,-0.15882035,-2.580013275244042e-08
-0.2070023998601647,-0.25135255,-0.25135255,1.400756843850104e-09
0.4467015080408449,0.4136181,0.41361812,-3.2231445290520355e-08
0.3737095605929336,0.36084986,0.36084986,-2.669677756639288e-09
0.2991058035799265,0.3113276,0.3113276,6.439590471973844e-09
0.2221994614739254,0.25727326,0.25727326,-3.2212829625954953e-09
0.1420695002377326,0.12900513,0.12900513,4.105682377408826e-09
0.0591764368899469,0.04488641,0.04488641,2.363586409925844e-10
-0.0271705040973297,-0.033388212,-0.033388212,-3.231887812926715e-10
-0.1162805471961993,-0.12309761,-0.12309764,2.6546134943017385e-08
-0.2093049849531587,-0.22409882,-0.2240987,-1.165140151859756e-07
1.1317891333626668,1.0787722,1.0787722,-1.2767028767513011e-08
0.9636322281832048,0.90189266,0.9018927,-3.795166014786133e-08
0.7980025686623261,0.78033984,0.78033984,-2.9257202216470546e-09
0.6307397204313283,0.57688963,0.57688963,4.1323852117969295e-09
0.4641741709221777,0.38937116,0.38937116,-3.3074951111267126e-09
0.3035800276045536,0.1836798,0.18367982,-1.579410552343674e-08
0.1457440140527062,0.048186272,0.048186272,3.827362038411053e-10
0.0182327682610596,-0.031687006,-0.031687036,2.964566803154156e-08
-0.0814269986957292,-0.08762376,-0.08762376,-1.0417938733908727e-10
1.6359867085722697,1.661406,1.661406,4.0191650452214844e-08
1.2772439510837972,1.3333095,1.3333095,3.1211853102064424e-08
0.9113631798070432,0.8937631,0.893763,1.2494277956687228e-07
0.5556137829394633,0.4026756,0.4026756,-1.140213035100146e-09
0.2284164412250093,0.05286765,0.05286765,9.857177712957466e-10
-0.0326967083205154,-0.22584684,-0.22584684,-1.9313430854595026e-09
-0.2072326583694641,-0.34285635,-0.34285647,1.2243911745590808e-07
-0.2873626196056569,-0.35359144,-0.35359156,1.1789184573007816e-07
-0.2845995174940641,-0.31519496,-0.31519496,-4.408874487715764e-09
0.3178717436148386,-1.5975257,-1.5975256,-1.1582794190445611e-07
1.0864384877364008,-1.515778,-1.515778,5.4481506417403125e-08
0.9320459638186614,-1.2659609,-1.2659608,-1.3177795410435067e-07
0.7744045348668787,-0.9900779,-0.9900779,-1.2807464644382094e-08
0.619662091297468,-0.74278516,-0.74278516,4.22683721357231e-09
0.4677510941924418,-0.5852868,-0.5852868,3.907012935400189e-09
0.1718502569266592,-0.4163835,-0.4163835,-4.867553693443938e-09
0.0380662008064562,-0.3325035,-0.3325035,2.3994445874642167e-09
-0.0799093832283019,-0.23942758,-0.23942758,-1.4294815053883525e-09
-0.1825949978744278,-0.22127984,-0.22127996,1.1535831451192635e-07
-0.1685492288071641,-0.24082096,-0.2408209,-5.921039580858434e-08
-0.1588783714165891,-0.23775093,-0.23775087,-6.25742721527267e-08
-0.1540429427213016,-0.24214675,-0.24214675,4.6758651672806906e-09
-0.1609506980002838,-0.25794584,-0.2579459,6.440963745690809e-08
-0.1756872425954457,-0.27798837,-0.27798837,-4.233245864959656e-09
-0.1998643860718832,-0.28185564,-0.28185564,-2.7955627257547633e-09
-0.2293374752622069,-0.28929365,-0.28929365,3.1875610484455308e-09
-0.270323489917501,-0.32359725,-0.32359725,-2.3689269990079254e-09
0.5970603146133561,0.5453875,0.54538745,5.648498535570923e-08
0.6173230634317037,0.50374824,0.50374824,-1.9132995188186896e-09
0.6078824645504282,0.4721625,0.47216243,5.5122680642227806e-08
0.5873894572227811,0.4110033,0.41100326,3.160690309478298e-08
0.5173908703957621,0.3070988,0.30709878,2.5904388412101298e-08
0.3951236019577783,0.0952605,0.095260516,-1.5092102054192758e-08
0.2634157346385188,-0.038374767,-0.038374797,3.029257965303511e-08
0.093945471794157,-0.14613496,-0.14613493,-2.7671165470088965e-08
-0.1503588065725112,-0.25655216,-0.25655216,2.137756083264719e-10
-0.4607472771081086,-0.47500986,-0.47500986,1.391754156365721e-09
-0.4773258897776657,-0.4420998,-0.4420998,-9.646606458080242e-09
-0.4796284748706598,-0.4195338,-0.4195338,1.0842132580624053e-08
-0.4750233046846717,-0.38998973,-0.3899898,6.63040161108519e-08
-0.4605170185988092,-0.3952338,-0.3952338,-9.947967505308242e-09
-0.4443989229478509,-0.39677793,-0.39677793,2.1244812020704273e-09
-0.4151560922668264,-0.37509185,-0.37509197,1.1924240111982343e-07
-0.373939819102233,-0.3298812,-0.3298813,1.0874633787905097e-07
-0.3179870013424777,-0.28211433,-0.28211433,3.0461120847924406e-09
-0.3695649074255444,-0.35094804,-0.35094804,4.282989518600289e-09
-0.3695649074255444,-0.36498368,-0.3649838,1.2213592531784556e-07
-0.3707161999720414,-0.36467224,-0.36467224,-3.5951233101627622e-09
-0.3695649074255444,-0.32839483,-0.32839483,-2.268981669217851e-10
-0.3626571521465622,-0.33274066,-0.33274066,-4.4821166778064025e-09
-0.3552888798489813,-0.33487403,-0.33487415,1.1607208250108414e-07
-0.3456180224584063,-0.32784015,-0.32784027,1.205973815809891e-07
-0.332953804446939,-0.31568515,-0.31568515,-3.007507298757872e-09
-0.3030201982380164,-0.2805708,-0.2805708,-5.072784414750231e-09
0.4819310599636538,0.4953559,0.4953559,4.102325423804842e-09
0.4881480397147377,0.50765324,0.50765324,-3.610839849343961e-09
0.4830823525101508,0.5243964,0.5243965,-8.047485355877626e-08
0.4830823525101508,0.52604735,0.52604735,-1.0238647707438986e-09
0.4828520940008514,0.51337403,0.51337403,5.900573363248895e-10
0.4780166653055639,0.49461782,0.49461782,-2.1392820848120664e-10
0.4745627876660728,0.4665923,0.4665923,1.185913084400525e-08
0.4720299440637794,0.44392353,0.44392353,2.962799061645427e-09
0.4669642568591925,0.4389571,0.4389571,-4.853820789740837e-09
2.7080703278702973,2.7290752,2.7290754,-2.0659484878393641e-07
2.406431680688077,2.4737144,2.4737146,-2.483459473623384e-07
2.116305958970828,2.1663108,2.166311,-2.1279907214122318e-07
1.8370023871906496,1.8759453,1.8759452,1.296661376049002e-07
1.568520965347544,1.6131473,1.6131473,-4.12414551398399e-08
1.3085591083485164,1.3667722,1.3667723,-1.2516479497293176e-07
1.064715347000447,1.0981607,1.0981607,4.371337891662108e-08
0.8436671780730184,0.83707047,0.83707047,-4.9121093859127996e-09
0.64196072392674,0.5490331,0.5490331,5.373382516715708e-09
-1.3048749721997257,-1.3454695,-1.3454695,2.520751962720169e-08
-1.159812111341101,-1.2095696,-1.2095696,2.659759523737648e-08
-0.8765941449028333,-1.0695785,-1.0695783,-2.2840423574699287e-07
-0.7255445628024239,-0.9051214,-0.90512127,-1.1605117800073117e-07
-0.4863059716403425,-0.7212125,-0.72121227,-2.362942504996468e-07
-0.1968710254509909,-0.52664673,-0.52664673,-3.2839966301878576e-09
0.0117431839742696,-0.29656357,-0.29656357,4.268951414587718e-09
0.2090747264438593,-0.04019107,-0.0401911,3.075466156049478e-08
0.4160771263040241,0.24381837,0.24381837,2.488021844104793e-09
0.4278203102782937,0.38339746,0.38339746,-1.6174339645402824e-11
0.3861435200951014,0.40132856,0.4013286,-3.630981443292214e-08
0.3700254244441432,0.41425174,0.41425174,4.747161885809703e-09
0.3661110297860533,0.4012729,0.4012729,-7.0480346558987605e-09
0.3598940500349694,0.37620366,0.37620366,-3.803405757007994e-09
0.3320327704097414,0.36230057,0.36230057,4.7795105095893575e-09
0.3668018053139515,0.3632937,0.3632937,7.370758059455085e-09
0.3815383499091134,0.3760984,0.3760984,-5.606079100939354e-09
0.4068667859320479,0.41139615,0.41139615,-4.179382340208093e-09
-0.7690634210600114,-0.8756719,-0.8756719,-2.3160553030976416e-08
-0.7428139509998792,-0.7984019,-0.7984019,7.814788816062901e-09
-0.68064415348904,-0.7190254,-0.7190254,2.6541137732039033e-08
-0.6012049677807454,-0.622833,-0.622833,-1.3534545928450825e-08
-0.5024240672913008,-0.5226251,-0.5226251,1.1308288527800414e-08
-0.3718674925185384,-0.4129215,-0.4129215,1.171493529961154e-08
-0.2330216114109974,-0.28029764,-0.28029764,3.014221205965839e-09
-0.0241771434764374,-0.08430366,-0.08430366,-2.1809005712469798e-09
0.2148311891763444,0.14447233,0.14447232,1.0808639538950615e-08
1.1987592372730485,1.213436,1.213436,7.4996948651318e-09
1.1936193922464444,1.1950679,1.1950679,-1.7462158163894514e-08
1.174028927952864,1.136343,1.136343,2.319335834499725e-09
1.144222799920162,1.1241317,1.1241317,-2.0465087846588403e-08
1.094604267270571,1.0709938,1.0709938,-1.8910217391976403e-08
1.0367368849500225,0.995247,0.995247,6.416320808000364e-09
0.9431273858277148,0.91017365,0.91017354,1.1455627446643746e-07
0.8458682675776092,0.8435278,0.8435278,-6.115722706034887e-09
0.7504722471792147,0.77680755,0.77680767,-1.2338439936421253e-07
-0.7317615425535079,-0.8205536,-0.8205536,-7.88116460981314e-10
-0.6145599613201109,-0.75865,-0.75865,-4.863738967131326e-09
-0.5028845843098997,-0.6862346,-0.6862347,1.066085815182305e-07
-0.3815383499091134,-0.58102775,-0.58102775,3.799438430540647e-09
-0.2829877079289682,-0.45278686,-0.45278686,-2.8501891957688485e-09
-0.1872001680604159,-0.32952815,-0.32952815,-2.9426574510438286e-09
-0.0944059888127558,-0.19460844,-0.19460846,2.4965248118791195e-08
-0.014276027576563,-0.04451208,-0.04451205,-2.816600799815383e-08
0.1176620982519957,0.16134878,0.16134876,1.502918242635154e-08
-0.0833535803663844,-0.0792294,-0.0792294,4.381179863344187e-10
-0.122958043965882,-0.09858112,-0.09858112,-3.7181854817269766e-10
-0.1517403576283076,-0.11940159,-0.11940165,6.096401214406022e-08
-0.1667071607327689,-0.13257675,-0.13257675,1.2712478569820718e-09
-0.1657861266955713,-0.13132466,-0.13132463,-3.3758277895312716e-08
-0.124109336512379,-0.0825731,-0.0825731,-9.244918858231088e-10
-0.0596369539085457,-0.011214688,-0.011214703,1.4579704284145567e-08
0.040986014655294,0.059793577,0.05979356,1.6598167416892462e-08
0.191805338246404,0.17597415,0.17597416,-1.4468345632678847e-08
-0.8749823353377375,-0.8765461,-0.8765461,1.5119171137278897e-08
-0.8342265791917428,-0.77820784,-0.77820784,1.4646911461468903e-09
-0.7382087808138911,-0.68112665,-0.68112665,-4.148101862000431e-09
-0.6244610772199852,-0.5490335,-0.54903364,1.1739410399336236e-07
-0.4796284748706598,-0.4143505,-0.41435063,1.2035644531005474e-07
-0.3083161439519027,-0.27306092,-0.27306092,2.1456909027328663e-09
-0.120655458872888,-0.093722805,-0.093722805,-3.808212217792928e-10
0.0881890090616719,0.10270172,0.10270172,3.5755920446689515e-09
0.3161449332680825,0.31511676,0.31511673,3.3114929187672004e-08
-0.1358525204866487,-0.111369416,-0.111369416,-1.1766815299907307e-10
-0.103616329184732,-0.105343536,-0.105343536,4.575119033622954e-10
-0.0644723826038332,-0.11909844,-0.11909841,-2.981266021551132e-08
-0.021644299874144,-0.13487391,-0.13487391,-1.7383956774086329e-09
0.0191114562718505,-0.068647906,-0.068647906,-1.8419647751510837e-10
0.0672354847154261,0.017522663,0.017522693,-3.012196349988505e-08
0.1344709694308523,0.081338614,0.0813386,1.422538757622771e-08
0.2261138561320153,0.18292092,0.18292092,-2.1313857900828737e-09
0.3414733692910169,0.32590494,0.32590494,-4.401626563232952e-09
-0.3529862947559872,-0.33220243,-0.33220243,-4.5397949288705775e-09
-0.3414733692910169,-0.3227195,-0.3227195,-1.436996460713047e-08
-0.3094674364983997,-0.2962522,-0.2962522,8.933258077714612e-09
-0.2675603878059081,-0.25408578,-0.2540859,1.208099364991e-07
-0.2141404136484462,-0.20560323,-0.20560329,6.298068999655015e-08
-0.139997173654038,-0.23304375,-0.23304375,4.8398971497221055e-09
-0.1227277854565826,-0.11682691,-0.11682688,-2.680027008650221e-08
0.020493007327647,0.0226904,0.0226904,4.812240606000273e-10
0.2141404136484462,0.183111,0.18311098,1.708080291096259e-08
0.6730456226821596,0.6635005,0.6635004,8.780441285161089e-08
0.7225512021815317,0.7109564,0.7109564,-5.327606245053573e-09
0.7884051358411612,0.7556708,0.7556708,-1.4096069311797521e-08
0.8438974365823178,0.7905872,0.7905872,-1.3186645553275866e-08
0.8913306894979952,0.81755143,0.81755155,-1.1595993043567177e-07
0.9187314521046244,0.83487016,0.83487016,-3.7399294772200165e-10
0.9150473159558338,0.8385266,0.8385266,6.559753407131552e-09
0.8802782810516236,0.81010836,0.81010836,3.6283874793596738e-09
0.8040627144735208,0.7382106,0.73821056,5.849594120199697e-08
0.9228761052720136,0.85197455,0.85197455,-3.090667721750151e-09
0.8602457907425756,0.76279885,0.76279885,-4.232025174744081e-09
0.7948523741015446,0.68243235,0.68243235,3.496551492787603e-09
0.7313010255349089,0.6223681,0.62236816,-6.269470209652184e-08
0.6647563163473811,0.5704892,0.5704892,2.7771759003591967e-08
0.6085732400783262,0.52655697,0.52655697,-1.311035169315744e-09
0.5521599052999723,0.45628706,0.4562871,-4.379234314066949e-08
0.5038056183470973,0.39327455,0.39327455,-4.330444336453354e-09
0.4630498622011026,0.41921055,0.41921052,3.316925051288777e-08
0.2845995174940641,0.2890491,0.28904906,2.8954925512802987e-08
0.1966407669416915,0.23237623,0.23237623,2.7432632554447167e-09
0.1505890650818106,0.2036693,0.20366931,-1.5285072318960147e-08
0.1178923567612951,0.17445374,0.17445375,-1.4648437490771826e-08
0.1022347781289356,0.14785454,0.14785454,-3.228225714524413e-09
0.1015440026010374,0.11366109,0.11366109,-1.9505882326020796e-09
0.1271026971332713,0.13364846,0.13364846,-4.857025143190086e-09
0.1911145627185058,0.20716919,0.20716918,1.0049171439430182e-08
0.2961124429590342,0.3403095,0.3403095,6.942749153360239e-10
0.4218335890365092,0.4113048,0.4113048,1.7024993637093644e-09
0.3783147307789217,0.36767069,0.36767069,-4.947128318111282e-09
0.3311117363725438,0.30483377,0.30483377,-2.0172119530315058e-10
0.3007176131450224,0.273861,0.273861,-8.998870870691178e-09
0.2772312451964831,0.28796744,0.28796744,3.4661865044860463e-09
0.2636459931478183,0.30185613,0.30185613,3.615570065562679e-10
0.2790733132708783,0.3570494,0.3570494,5.57479856722054e-09
0.3587427574884723,0.44214958,0.44214958,-4.750060900171604e-10
0.5130159587190735,0.57250226,0.57250226,-4.560241739781645e-09
-0.6960714736121001,-0.684065,-0.6840651,1.1567840574322474e-07
-0.6355134856663567,-0.62507004,-0.62507015,1.1454238890706847e-07
-0.5625215382184454,-0.55331093,-0.55331093,-7.289123749032456e-10
-0.4648919302754978,-0.46326715,-0.46326715,2.4589538738517547e-09
-0.3195988109075736,-0.28914428,-0.28914416,-1.1757263185252498e-07
-0.1227277854565826,-0.08792524,-0.08792524,-3.9745330637774856e-10
0.0587159198713481,0.13383836,0.13383833,2.5541229242698194e-08
0.2613434080548242,0.31011504,0.31011504,-6.513977135469418e-10
0.4994307066704085,0.52877617,0.52877617,-1.1767578023125225e-09
-0.5595281775975531,-0.5603332,-0.56033325,5.765151978032179e-08
-0.5383443947420079,-0.5122782,-0.5122782,8.041382004719821e-10
-0.503114842819199,-0.45172352,-0.45172352,4.0126037492704825e-09
-0.4572933994686175,-0.39293855,-0.39293867,1.1571304320279197e-07
-0.3958143774856765,-0.3525133,-0.35251325,-6.329345703104394e-08
-0.3103884705355973,-0.2713591,-0.2713591,1.3963317890830496e-08
-0.2030880052020748,-0.16898735,-0.16898735,1.3242721641493205e-09
-0.050656872045869,-0.036489233,-0.036489263,2.96254043588573e-08
0.1572665618514933,0.15980618,0.15980616,1.7020072934359476e-08
-0.7874841018039638,-0.8558015,-0.85580164,1.1726821902424689e-07
-0.6783415683960459,-0.76317424,-0.7631741,-1.3582077029727913e-07
-0.5892315252971764,-0.65920997,-0.65920997,3.340454135525306e-09
-0.483773128038049,-0.5373441,-0.5373441,1.908874502909441e-09
-0.3562099138861789,-0.4102447,-0.4102447,-3.2928466620063546e-09
-0.2109167945182546,-0.25125188,-0.25125188,3.6457824537095007e-09
-0.0416767901831922,-0.06800856,-0.06800853,-2.6962013247033845e-08
0.1602599224723855,0.15126443,0.1512644,2.9092407233255457e-08
0.3900579147531913,0.41908282,0.41908282,4.154968036296225e-10
1.0292555365683385,0.87730986,0.87730986,-1.201019284025051e-09
0.9751447868829785,0.8038108,0.8038108,-2.4720001268185854e-08
0.9164288670116304,0.73101693,0.73101693,3.91799925836267e-09
0.8551801035379887,0.6871161,0.6871161,-1.3516998298435112e-08
0.7911682379527543,0.6466357,0.6466357,1.119308468133795e-08
0.7073541405677708,0.61196643,0.61196643,1.1408997080408767e-09
0.6025865188365418,0.52995443,0.52995443,3.4411621330221465e-09
0.5180816459236603,0.48109484,0.4810949,-6.281127928886576e-08
0.4600565015802104,0.46446013,0.46446013,4.5062255593641964e-09
0.493443985428624,0.6112846,0.61128455,6.360931392723757e-08
0.4328859974828806,0.5643136,0.5643136,-9.473419160244134e-09
0.4070970444413473,0.52161396,0.52161396,-4.502258343919152e-09
0.3946630849391794,0.4791869,0.4791869,-7.490539577492683e-09
0.3918999828275866,0.4232309,0.4232309,-1.3540649435039853e-08
0.4011103231995628,0.45797366,0.4579736,5.9038543720468795e-08
0.421142813508611,0.50074804,0.50074804,-1.7080687975123965e-09
0.4605170185988092,0.4966696,0.4966696,-9.526824940042644e-09
0.5535414563557687,0.57342637,0.57342637,-4.147644006025075e-09
-0.0992414175080433,-0.13715185,-0.1371518,-5.225009919174184e-08
-0.0674657432247255,-0.120142266,-0.120142266,-1.5428924804439248e-10
-0.0188811977625511,-0.085672334,-0.085672304,-2.983655547628139e-08
0.0554923007411565,-0.04507999,-0.04508002,2.8778572080945253e-08
0.1160502886868999,0.0067682564,0.0067682564,2.5857543536900174e-11
0.183285773402326,0.081054255,0.081054255,3.663253728136695e-10
0.2813758983638724,0.19348273,0.19348273,-3.1876373207673225e-09
0.3822291254370116,0.31919786,0.31919783,3.334037779190169e-08
0.5091015640609835,0.48008883,0.48008883,-5.798361790709805e-12
-0.4232151400923056,-0.46026766,-0.46026754,-1.2300201418513623e-07
-0.3624268936372628,-0.42063278,-0.42063278,4.017638999265216e-10
-0.3050925248217111,-0.3343172,-0.3343172,-7.336425800197333e-09
-0.2102260189903564,-0.24581252,-0.24581258,5.961521148956095e-08
-0.1220370099286844,-0.16013752,-0.16013752,7.596206719195919e-10
-0.0032236191301916,-0.062106326,-0.062106296,-3.022241974043327e-08
0.1282539896797683,0.086395875,0.086395875,-3.8051604922539894e-10
0.2721655579918962,0.22761841,0.22761843,-1.8816642771701808e-08
0.4225243645644074,0.36660668,0.36660668,2.538986187961001e-09
-0.232791352901698,-0.2857625,-0.2857625,1.1157989476817676e-08
-0.1450628608586248,-0.21767299,-0.21767299,1.2276077376860428e-09
-0.0584856613620487,-0.1686738,-0.1686738,1.558113110755599e-09
0.0287823136624255,-0.110968456,-0.110968485,2.932773590647031e-08
0.1162805471961993,-0.04510708,-0.04510708,-1.5324783317338664e-09
0.2028577466927754,0.038767233,0.03876725,-1.6509056094404784e-08
0.2908164972451479,0.14652178,0.14652175,2.6914596551463887e-08
0.3776239552510235,0.27065063,0.27065063,-4.771118167212762e-09
0.4646616717661985,0.40534294,0.40534294,-3.484191879454812e-09
1.4685887723116025,1.3784605,1.3784605,2.6466369540401047e-08
1.3856957089638169,1.2422856,1.2422855,1.0924530036149349e-07
1.293131788225456,1.1044787,1.1044787,1.6850280726288247e-08
1.1816866697245445,1.0040787,1.0040787,4.584197998980244e-08
1.0628732789260515,0.92740935,0.92740935,8.720397737249641e-10
0.9325469626625886,0.8325089,0.83250904,-1.1837677005299696e-07
0.7902472039155566,0.7345754,0.7345754,-9.184265126194191e-09
0.6560064929940036,0.5976372,0.5976372,-2.3486328104560528e-08
0.5252196597119418,0.52531165,0.5253116,4.884567261775885e-08
-0.0193417147811499,-0.040483847,-0.040483817,-3.026047516035968e-08
-0.0402952391273958,-0.09587495,-0.09587492,-3.0289726254961735e-08
-0.0524989401202642,-0.1158749,-0.1158749,-1.413917538606313e-09
-0.0462819603691803,-0.09719996,-0.09719996,-1.5430831890039798e-09
-0.0283217966438267,-0.037491903,-0.037491903,2.909927368510701e-10
-0.0016118095650958,0.014765114,0.014765143,-2.9407852172522175e-08
0.0617092804922404,0.06317167,0.063171655,1.4840812689875804e-08
0.1402274321633374,0.1283001,0.1283001,5.649566647836224e-10
0.2277256656971111,0.23520947,0.23520947,-4.973144535069807e-09
-0.2542053942665426,-0.17829548,-0.17829545,-2.8224754339278846e-08
-0.2539751357572432,-0.17559017,-0.1755902,2.758998871033036e-08
-0.2383175571248837,-0.15622686,-0.15622686,1.503334040586779e-09
-0.2019367126555778,-0.16127788,-0.16127788,4.6957779054057625e-09
-0.1416089832191338,-0.1467153,-0.14671533,3.170497894777746e-08
-0.0640118655852344,-0.079659,-0.079659,-3.9100653270729424e-11
0.0110524084463714,-0.010998651,-0.010998681,2.9614692687723876e-08
0.1169713227240975,0.0687066,0.06870659,1.1858139040143989e-08
0.2369360060690873,0.1695028,0.1695028,-5.257415780501873e-09
1.059189142777261,1.1078196,1.1078194,1.5718994150759613e-07
0.9767565964480744,0.99206674,0.99206674,9.896851116408811e-10
0.8901793969514982,0.91592634,0.9159263,3.7242126493808314e-08
0.7999180613061315,0.8202152,0.8202152,2.5219726529357445e-08
0.7082751746049685,0.71836495,0.718365,-4.600524905473691e-08
0.6104153081527216,0.61463606,0.614636,6.357574466875349e-08
0.5102528566074805,0.5113462,0.5113462,2.0970153835619953e-08
0.4107811805901378,0.43712926,0.43712926,-8.905029491579342e-10
0.3290394097888491,0.4011134,0.4011134,-9.077453622108322e-09
-0.5314366394630258,-0.5553388,-0.5553389,1.0004653927531137e-07
-0.4745627876660728,-0.51181513,-0.51181513,-7.106017996250102e-10
-0.4117022146273353,-0.46337897,-0.46337885,-1.1585464476659979e-07
-0.3338748384841366,-0.37693638,-0.37693638,3.905181900076826e-09
-0.2302585092994046,-0.27891177,-0.27891177,6.098938021281697e-10
-0.1086820163893189,-0.20181955,-0.20181955,-3.971290601922917e-09
0.0292428306810243,-0.06308876,-0.06308876,2.2006987898670616e-10
0.2150614476856439,0.113134935,0.11313495,-1.4501762388152706e-08
0.3944328264298801,0.2966804,0.2966804,-9.165191661164585e-09
-0.5507783542441758,-0.5788971,-0.57889724,1.2143157956945316e-07
-0.5042661353656961,-0.55205905,-0.55205894,-1.1437469482622475e-07
-0.4464712495315455,-0.5096452,-0.5096452,-2.361755369051366e-08
-0.3741700776115325,-0.44378543,-0.44378543,9.991454885671658e-10
-0.273777367556992,-0.3484373,-0.34843737,6.073486330526734e-08
-0.1462141534051219,-0.20295422,-0.20295416,-5.7791557317443676e-08
-0.0158878371416589,-0.0341018,-0.0341018,8.695602432551297e-10
0.1273329556425707,0.13830337,0.1383034,-3.071632384554768e-08
0.3216711374912682,0.30457005,0.30457005,-9.525298882984146e-10
-0.3345656140120349,-0.40296966,-0.40296966,1.6252136303407383e-09
-0.3189080353796754,-0.39121687,-0.39121687,-4.1226196345611754e-09
-0.2638762516571176,-0.3870998,-0.38709992,1.1750595091397642e-07
-0.1899632701720087,-0.3594542,-0.3594542,-1.4572906492649196e-08
-0.1211159758914868,-0.2896896,-0.2896896,-4.67681893212557e-10
-0.0366111029786053,-0.2224683,-0.2224683,-1.6538619918016195e-09
0.0670052262061267,-0.11508359,-0.11508353,-6.01498794522426e-08
0.212298345574051,0.08161451,0.08161451,-7.751083386242641e-10
0.361966376618664,0.3090807,0.3090807,-9.854507432294213e-09
0.6203164240525959,0.61436015,0.6143601,5.3675079381143576e-08
0.5473244766046848,0.5501579,0.5501579,4.624938987340954e-09
0.480319250398558,0.45113346,0.4511335,-4.019355775986e-08
0.4202217794714133,0.3724066,0.3724066,1.9058227773705028e-09
0.3658807712767539,0.28717127,0.28717127,4.423599264669065e-09
0.3179870013424777,0.25783536,0.25783536,-1.618728651120449e-09
0.281145639854573,0.24260727,0.24260727,-4.289169325266684e-09
0.2698629728989021,0.23569857,0.23569857,-4.159278865767391e-09
0.307855626933304,0.31827405,0.31827402,3.0951004037493846e-08
2.905171611830588,2.7788625,2.7788622,2.763488771151401e-07
2.623795713466716,2.4409044,2.4409041,2.7889099118993954e-07
2.330446372619274,2.1046543,2.1046543,1.2133789084600721e-08
2.0232815212138684,1.7400097,1.7400095,1.6548919679060248e-07
1.7264783027269357,1.3398538,1.3398538,-3.6419677718058097e-08
1.4094123354216554,0.9569706,0.9569706,-2.752838135222646e-08
1.0787611160677106,0.7479576,0.7479576,-1.2757873535385045e-08
0.7458073116207715,0.4943812,0.4943812,-1.065368654407095e-08
0.4186099699063175,0.32290587,0.32290587,-1.7081451253453395e-09
-0.2553566868130397,-0.23122041,-0.23122035,-5.927410126616017e-08
-0.1662466437141701,-0.17411865,-0.17411862,-3.2939796446029845e-08
-0.0762155665781029,-0.12352313,-0.12352313,-1.012916570064526e-09
0.0135852520486648,-0.091111735,-0.091111705,-2.9509468077448808e-08
0.1029255536568338,-0.080222264,-0.080222264,6.777191308149355e-11
0.1931868893022004,-0.022931054,-0.022931114,5.976549529926323e-08
0.2827574494196688,0.10102575,0.10102574,1.2723217007737375e-08
0.3723280095371372,0.2043183,0.2043183,-1.1043549408285003e-10
0.462128828163905,0.36865127,0.36865127,8.663940676001403e-10
1.5678301898196458,1.5910419,1.5910419,2.256927489341365e-08
1.471121615913896,1.5042698,1.5042698,3.833312978152037e-08
1.3757945930639426,1.4242495,1.4242495,2.983856206562052e-08
1.2772439510837972,1.2978095,1.2978095,-1.8379211486063696e-08
1.1715552953153707,1.1595929,1.1595929,-3.310241702969563e-08
1.0541234555726742,1.059879,1.0598791,-1.5464935310127714e-07
0.9208037786883188,0.97267944,0.97267956,-1.2379318237165648e-07
0.7676818700042148,0.80471396,0.80471396,4.462280323025425e-09
0.5922248859180685,0.62172604,0.62172604,-3.928222636062628e-09
1.255369392700354,1.2000263,1.2000263,-2.627258299803259e-08
1.1908970100965206,1.0824013,1.0824013,-2.436523427462589e-08
1.120668164760202,0.9686746,0.96867454,6.012435915803138e-08
1.0467551832750932,0.90898675,0.90898675,-2.735137893949968e-09
0.9597174667599184,0.8708802,0.8708802,-1.3442230217819429e-08
0.8689956140959529,0.8159778,0.8159778,1.1813354516831964e-08
0.7660700604391191,0.7133941,0.71339405,5.543441772282165e-08
0.6518618398266144,0.63349205,0.63349205,2.555084255284612e-09
0.5353510341211157,0.5526616,0.5526616,-2.271270727050023e-09
0.537193102195511,0.5346821,0.5346821,-4.949188281422323e-09
0.503114842819199,0.50688744,0.5068874,3.5913085949523804e-08
0.4653524472940967,0.4697668,0.4697668,-4.364776595711106e-09
0.4268992762410961,0.42586398,0.42586398,1.2469482668642229e-09
0.3967354115228741,0.39064175,0.3906418,-5.109481809872918e-08
0.3649597372395562,0.35685185,0.35685185,-4.020309474217498e-09
0.3467693150049033,0.3773803,0.37738034,-2.851089475619517e-08
0.3509139681722926,0.397585,0.397585,4.568099953861093e-09
0.3912092072996884,0.40612215,0.40612215,-1.9630432279704735e-09
-0.3382497501608253,-0.37981802,-0.37981802,-2.251129171959576e-09
-0.2670998707873093,-0.2823466,-0.2823466,-6.254577633590941e-09
-0.1966407669416915,-0.15081067,-0.15081067,-3.832893363808765e-09
-0.1250303705495767,-0.055604264,-0.055604294,2.985987090919906e-08
-0.0548015252132583,0.06695649,0.066956505,-1.4721755980939832e-08
0.033617742357713,0.13897455,0.13897455,-2.613830568654052e-09
0.1169713227240975,0.20511986,0.20511986,3.152503980086152e-09
0.1973315424695897,0.2560035,0.2560035,-9.689331004203439e-10
0.2684814218431057,0.29281682,0.29281682,-2.2395324483781565e-09
-0.3467693150049033,-0.22767632,-0.22767632,2.904243456836042e-09
-0.3193685523982741,-0.22224005,-0.2222401,5.433330535487002e-08
-0.2726260750104951,-0.20485379,-0.20485379,1.9817733842852903e-09
-0.2028577466927754,-0.14193474,-0.14193474,2.4368667639329544e-09
-0.1158200301776005,-0.07043739,-0.07043742,3.3368034363379095e-08
0.0048354286952874,0.018768236,0.018768236,4.10690301211325e-11
0.1395366566354391,0.10380941,0.103809424,-1.515648269390102e-08
0.2816061568731718,0.24270685,0.24270685,1.7108917060859596e-10
0.4660432228219949,0.435363,0.435363,-5.329132080067467e-09
0.405254976366952,0.43448424,0.43448424,3.3929443143954074e-09
0.3571309479233765,0.42139676,0.4213968,-3.786735536248642e-08
0.3230526885470646,0.38643327,0.38643324,3.355384825542984e-08
0.2981847695427289,0.34862375,0.34862375,2.5939941306063474e-09
0.2882836536428546,0.34069544,0.34069544,7.69195540595291e-10
0.2912770142637468,0.33897424,0.33897424,-2.5579833806688157e-09
0.3140726066843878,0.34289306,0.34289306,4.022064181707918e-09
0.3697951659348437,0.3341645,0.3341645,2.3651125502510695e-10
0.4738720121381746,0.4769743,0.4769743,8.49075315612069e-09
0.3773936967417241,0.3571976,0.35719758,3.252403257825165e-08
0.3718674925185384,0.32820866,0.32820866,-4.881057724670512e-09
0.3661110297860533,0.29924864,0.29924864,-4.2311096293268236e-09
0.3594335330163705,0.25059026,0.25059026,4.797210684248654e-09
0.3518350022094902,0.22006169,0.22006169,-3.8475037045238025e-10
0.3433154373654122,0.20147245,0.20147245,-3.677558896297839e-09
0.3350261310306336,0.1917947,0.1917947,-6.529998791693359e-09
0.3242039810935617,0.18620862,0.18620864,-1.9332542428029953e-08
0.3122305386099926,0.21609887,0.21609887,4.8073577896268205e-09
-0.3159146747587831,-0.35965788,-0.35965788,-3.6441040185408724e-09
-0.2903559802265492,-0.3500278,-0.3500278,3.936767578593958e-10
-0.2373965230876861,-0.28451604,-0.28451592,-1.1651046755156713e-07
-0.1565757863235951,-0.20377238,-0.20377238,-9.480667084726946e-10
-0.0524989401202642,-0.11006181,-0.11006184,3.0579414361797674e-08
0.072301171920013,-0.005960092,-0.005960077,-1.4948509216052008e-08
0.2019367126555778,0.14534822,0.14534822,1.0636138914055238e-09
0.3499929341350949,0.3115715,0.3115715,8.646011351309824e-09
0.5307458639351276,0.5278747,0.5278747,8.175659149678438e-09
-0.2472976389875605,-0.17519386,-0.17519386,-1.1268997124336266e-09
-0.2063116243322665,-0.13053568,-0.13053568,2.924613939914167e-09
-0.1466746704237207,-0.13054864,-0.13054858,-6.108562469742118e-08
-0.0838140973849832,-0.08249627,-0.08249627,-5.373764072613696e-10
-0.0018420680743952,-0.004917115,-0.004917115,2.6931762375781432e-11
0.0898008186267678,0.066822976,0.066822946,2.9873947149372526e-08
0.1908843042092064,0.15764734,0.15764736,-1.8510208116273574e-08
0.289665204698651,0.25924814,0.25924814,-2.5259399571986307e-09
0.372788526555736,0.34459344,0.34459344,-4.4741058080610685e-09
-0.6253821112571829,-0.8092436,-0.8092436,-1.944198613212933e-08
-0.5834750625646913,-0.7605452,-0.7605452,5.850982698341056e-09
-0.4683458079149889,-0.67027277,-0.67027265,-1.1754379269923731e-07
-0.3343353555027354,-0.54726166,-0.54726166,4.66934202414393e-09
-0.1825949978744278,-0.37641102,-0.37641102,-7.557678372016596e-10
-0.0253284360229345,-0.23722272,-0.23722272,3.787727353987691e-09
0.1448326023493255,-0.038573787,-0.038573757,-2.9616325378234443e-08
0.3168357087959807,0.16494995,0.16494995,3.556060779175141e-09
0.5146277682841692,0.4019285,0.40192854,-2.575782775959823e-08
0.5040358768563967,0.5282056,0.5282056,-2.6441192679804715e-08
0.4646616717661985,0.4936726,0.4936726,9.329223615850424e-09
0.4379516846874675,0.4382894,0.43828937,3.391540526198611e-08
0.4301228953712878,0.40992874,0.40992874,-9.291076796813513e-10
0.4239059156202038,0.39684802,0.39684802,2.937774634670376e-09
0.4266690177317966,0.42247033,0.4224703,3.119201658074999e-08
0.4476225420780425,0.44190562,0.44190562,-2.286071776325116e-09
0.4637406377290008,0.48030102,0.48030096,6.252960205177516e-08
0.472950978100977,0.48029184,0.48029184,3.414306615212581e-09
2.3212360322472976,2.3161426,2.3161428,-2.409484864962508e-07
2.124595265305606,2.0838866,2.0838866,2.3382568326013597e-08
1.8950275315341,1.8516754,1.8516753,9.119720467687387e-08
1.653256096769725,1.5608939,1.5608938,9.324188221526697e-08
1.409182076912356,1.2631127,1.2631128,-1.3577728275038226e-07
1.1225102328345973,1.0085992,1.0085992,-3.789825431255167e-08
0.8201808101244792,0.81766766,0.81766766,3.0973815734469667e-09
0.4584446920151145,0.59550655,0.59550655,-1.1184692061405599e-09
0.0052959457138863,0.46184105,0.46184108,-3.318984986844242e-08
0.918040676576726,0.92229176,0.92229176,-4.323730484756538e-09
0.8917912065165939,0.9222649,0.92226475,1.23981475863566e-07
0.8683048385680547,0.921977,0.9219769,8.354721070524818e-08
0.8445882121102161,0.9259665,0.9259666,-9.876403805897382e-08
0.8169571909942875,0.9190153,0.9190153,-1.1647033670847406e-08
0.790477462424856,0.8837283,0.8837283,2.5366973854801245e-08
0.7628464413089273,0.8515499,0.8515498,1.23419952369197e-07
0.7439652435463763,0.8114822,0.8114822,-8.914184612685006e-09
0.7207091341071363,0.7720962,0.7720962,1.6678619374488335e-08
0.384761969039305,0.40112978,0.40112978,2.1998596277938987e-09
0.3760121456859277,0.42957455,0.42957455,-8.018493646844149e-10
0.3472298320235021,0.43719262,0.43719262,-1.1531066657077815e-09
0.3343353555027354,0.43606937,0.43606937,-6.838989374813309e-10
0.3258157906586574,0.42584696,0.42584696,4.120864871559604e-09
0.3230526885470646,0.4027576,0.40275764,-2.51490020475309e-08
0.323282947056364,0.39115068,0.39115068,3.1645965847815205e-09
0.3488416415885979,0.4226619,0.4226619,5.203247277485445e-10
0.3905184317717902,0.4581216,0.4581216,-2.23312379699081e-09
-1.1991863164312992,-1.186918,-1.1869179,-1.20248413004731e-07
-1.1006356744511538,-1.0173403,-1.0173402,-1.0246734616359277e-07
-0.9700790996783916,-0.8459142,-0.8459142,1.495285029129434e-08
-0.8116612452804012,-0.68109614,-0.68109614,3.43002315439378e-09
-0.6315990910082667,-0.5472769,-0.5472769,-1.4119720503913413e-08
-0.4365701336316711,-0.40075535,-0.40075535,4.178619394945571e-09
-0.2258835976227159,-0.24629693,-0.24629693,2.667121884458723e-09
-0.002302585092994,-0.0038353354,-0.0038353354,2.6121521178729123e-11
0.2182850668158355,0.20339626,0.20339625,1.0738372802077123e-08
1.5185548688295731,1.6046402,1.6046402,4.543762210929003e-08
1.4918448817508425,1.5981619,1.5981619,3.5806274389926784e-08
1.4644441191442132,1.5911002,1.5911001,1.1591186521719976e-07
1.4487865405118536,1.5656831,1.5656831,2.644958496667016e-08
1.4209252608866256,1.503255,1.503255,9.651184074144226e-09
1.3725709739337506,1.3950558,1.3950557,7.08740235388916e-08
1.2968159243742468,1.2601445,1.2601445,-2.7877807617926464e-08
1.1816866697245445,1.0590104,1.0590104,-1.353302003792578e-08
1.0069204611662963,0.8637628,0.8637628,-4.074859671909792e-09
-0.955572813592529,-0.95423263,-0.9542325,-1.3311386104497558e-07
-0.9263299829115046,-0.90881675,-0.90881664,-1.148179626930812e-07
-0.896396376702582,-0.88998324,-0.8899831,-1.3678970334218832e-07
-0.8250162388197667,-0.80692,-0.80692,8.029937714759683e-09
-0.7446560190742745,-0.6776628,-0.6776627,-8.98216248046424e-08
-0.6306780569710692,-0.53262454,-0.53262454,-2.713165248025007e-09
-0.4959768290309175,-0.38606155,-0.38606155,8.132934325999486e-10
-0.3053227833310105,-0.2487707,-0.24877064,-5.89049911625672e-08
-0.043288599748288,-0.0015918165,-0.0015918165,-4.4532775904382316e-11
-0.8254767558383654,-0.8077753,-0.8077752,-1.1862258908479362e-07
-0.7568597200671429,-0.7576882,-0.7576881,-1.2431564333503786e-07
-0.6981438001957948,-0.69165564,-0.69165576,1.2416625971845008e-07
-0.5862381646762841,-0.57205313,-0.57205325,1.1555862422518715e-07
-0.4568328824500187,-0.4172961,-0.4172961,-1.1583709713658408e-08
-0.3159146747587831,-0.24421738,-0.24421738,-8.81309497602345e-10
-0.1238790780030796,-0.05865197,-0.05865194,-2.883678436316206e-08
0.1393063981261397,0.15167075,0.15167075,3.95584107137914e-09
0.4220638475458086,0.41132137,0.41132137,1.793746928768769e-09
-0.1662466437141701,-0.12944491,-0.12944494,2.792400360940306e-08
-0.1441418268214273,-0.12932251,-0.12932251,-3.937950132648638e-09
-0.1227277854565826,-0.12095623,-0.1209562,-2.7183341980152598e-08
-0.0932546962662588,-0.09247212,-0.09247209,-3.111949919976098e-08
-0.0545712667039588,0.0043464154,0.004346445,-2.959949493407804e-08
-0.002302585092994,0.08583677,0.08583677,-1.8496704168313727e-09
0.0688472942805219,0.14652547,0.14652547,2.402572640836098e-09
0.1697005213536611,0.20970553,0.20970555,-1.840286253940171e-08
0.3126910556285914,0.32563174,0.32563174,-2.2909545926985686e-09
-0.5155488023213668,-0.49350417,-0.49350417,3.3969116408627542e-09
-0.5275222448049359,-0.48707193,-0.48707193,-1.3621521133266867e-09
-0.5208447480352532,-0.45674783,-0.45674783,8.590700373289906e-11
-0.4980491556146121,-0.40701103,-0.40701103,-2.1044921916235637e-09
-0.462128828163905,-0.33591664,-0.33591664,1.6256713752937912e-09
-0.4038734253111556,-0.2821015,-0.28210157,5.8044738793228134e-08
-0.32098036196337,-0.23590891,-0.23590897,5.9367866511728096e-08
-0.2033182637113742,-0.14517985,-0.14517985,-2.8432846077564022e-09
-0.0474332529156773,0.04845701,0.04845701,1.5804672223729277e-09
-0.4305834123898865,-0.4132105,-0.4132105,-1.1207580585814725e-08
-0.4365701336316711,-0.4150641,-0.4150641,3.5491943273235904e-09
-0.4250572081667008,-0.41835558,-0.4183557,1.1585540771186231e-07
-0.4006498061809639,-0.38069624,-0.38069624,2.912750263206476e-09
-0.3656505127674544,-0.32451868,-0.32451868,-5.725097618203279e-10
-0.3011781301636212,-0.22752784,-0.22752784,-1.92562102374616e-09
-0.2040090392392724,-0.11092909,-0.11092909,3.195610040473973e-09
-0.0647026411131326,0.03143175,0.03143175,-5.369186414916349e-10
0.1503588065725112,0.20090725,0.20090723,1.527835846726333e-08
0.6767297588309501,0.6237209,0.6237209,-1.5676879905335284e-08
0.7289984404419149,0.6547661,0.6547661,-1.723632814254472e-08
0.7709054891344065,0.6695064,0.6695064,-2.897872919405131e-08
0.7994575442875328,0.6678797,0.66787964,6.066070556975944e-08
0.8245557218011678,0.65282196,0.65282196,-1.934967075456484e-09
0.8381409738498327,0.66065973,0.66065973,4.344177240156455e-10
0.8455092461474137,0.68349993,0.68349993,2.2891235573752056e-09
0.8367594227940363,0.6720964,0.6720964,-2.8349304237451634e-08
0.810970469752503,0.6797474,0.6797474,2.6679992659595086e-09
1.254908875681755,1.2448875,1.2448875,-2.880096428015122e-08
1.2054032961823828,1.2421858,1.242186,-1.6893005372331515e-07
1.153595131590017,1.2138664,1.2138664,-4.696502675649583e-08
1.104089552090645,1.1584464,1.1584466,-1.6884002684847133e-07
1.0414592375612068,1.0984887,1.0984887,-1.1531066990144723e-08
0.9673159975667986,1.0422466,1.0422466,-1.9876098544813203e-08
0.8957056011746839,0.9558588,0.9558588,2.663726805796074e-08
0.8356081302475392,0.8674183,0.86741817,1.1918457032411567e-07
0.771135747643706,0.774883,0.774883,-2.775955199041391e-08
-0.6560064929940036,-0.60288393,-0.6028838,-1.3497467044043532e-07
-0.6555459759754049,-0.5811249,-0.5811249,-1.77154535485613e-09
-0.6233097846734882,-0.5338192,-0.5338191,-9.860839844666458e-08
-0.5540019733743675,-0.4685707,-0.46857083,1.207714843687313e-07
-0.4510764197175336,-0.36574167,-0.36574167,-1.316833309061849e-10
-0.314763382212286,-0.19608884,-0.19608884,4.402961717442366e-09
-0.1441418268214273,-0.054579154,-0.054579183,2.9343040469642645e-08
0.0600974709271446,0.0913108,0.0913108,-8.781433080695678e-10
0.2991058035799265,0.25150537,0.25150537,4.908447259754922e-09
0.2346334209760933,0.26032755,0.26032755,-2.2113800235423753e-09
0.1789108617256374,0.18415694,0.18415694,-6.126785190296857e-10
0.1204252003635886,0.11178805,0.11178802,2.9340248106080047e-08
0.0769063421060011,0.0220692,0.02206923,-2.9126625059744393e-08
0.0513476475737672,0.016653419,0.016653448,-2.9459045411406315e-08
0.0536502326667612,0.050868258,0.050868258,-1.1978912306531697e-10
0.0716103963921148,0.09994732,0.0999473,1.8434715268189628e-08
0.124109336512379,0.15693977,0.15693977,4.751663201796319e-09
0.2028577466927754,0.3601641,0.3601641,5.892181409450359e-09
-0.7064331065305733,-0.7389229,-0.7389229,5.998992969047379e-09
-0.673275881191459,-0.7198157,-0.71981555,-1.214439392382971e-07
-0.6240005602013865,-0.67975426,-0.67975426,2.7978516170534817e-09
-0.548015252132583,-0.57487434,-0.5748742,-1.414878845196199e-07
-0.4319649634456829,-0.4279734,-0.4279735,1.1037445069028706e-07
-0.2862113270591599,-0.27113372,-0.27113372,-8.747863544655843e-10
-0.0999321930359416,-0.06603052,-0.06603049,-2.7220497134106125e-08
0.1300960577541636,0.1687622,0.1687622,7.031249998901146e-09
0.451306678226833,0.44442844,0.44442844,3.908691426079969e-09
-0.5629820552370443,-0.4581316,-0.45813173,1.1865280152845159e-07
-0.5795606679066013,-0.43893236,-0.43893236,7.814026092844983e-10
-0.5922248859180685,-0.4448014,-0.44480127,-1.2017105099904057e-07
-0.60327729436444,-0.43486732,-0.43486744,1.1755508422250927e-07
-0.6101850496434222,-0.35549706,-0.35549706,-2.206268334692396e-09
-0.5975208316319549,-0.23941337,-0.23941343,6.427829743471669e-08
-0.5217657820724508,-0.13859774,-0.13859774,-1.7230606108586954e-09
-0.3334143214655379,-0.03279476,-0.03279479,3.132251739229597e-08
0.0103616329184732,0.15679224,0.15679225,-1.1645317071762307e-08
0.4054852348762515,0.925929,0.925929,9.914398191313012e-09
0.3575914649419753,0.89242685,0.89242685,-1.5884399351406842e-09
0.3073951099147051,0.8342545,0.8342544,1.0325012211875872e-07
0.2546659112851415,0.75940436,0.75940436,1.2480163569250635e-09
0.2070023998601647,0.6632421,0.66324216,-5.8330688501584405e-08
0.1655558681862719,0.5873285,0.5873285,-6.4048767400848305e-09
0.113287186575307,0.51494664,0.51494664,-4.621887317313167e-10
0.0769063421060011,0.48335433,0.48335433,6.28662122359458e-11
0.0391439465808987,0.45252967,0.45252973,-6.119201662047047e-08
-1.1720158123339697,-1.0371827,-1.0371826,-8.871307377589233e-08
-1.0974120553209623,-0.9158655,-0.9158656,1.1910018915539666e-07
-1.0255714004195482,-0.78278464,-0.7827845,-1.407890319882199e-07
-0.9406060104880676,-0.642765,-0.642765,1.4438629181157125e-08
-0.834917354719641,-0.53030807,-0.5303081,3.220138544701712e-08
-0.6926175959726091,-0.43045276,-0.43045276,-4.034271250397126e-09
-0.4810100259264562,-0.32101786,-0.32101786,-1.366271984437617e-09
-0.2086142094252605,-0.16393681,-0.16393684,3.129467010531961e-08
0.0985506419801451,0.11811416,0.11811414,1.8511161797851727e-08
2.990137001762068,2.8640428,2.8640425,2.589416503440134e-07
2.817673378296814,2.6439145,2.6439145,-3.886413590947768e-08
2.63738096551538,2.4022322,2.4022322,-2.9895019348913365e-08
2.4474176953433715,2.171116,2.1711159,2.136627195170604e-07
2.244329690141297,1.9435749,1.9435749,5.395507818306555e-09
2.024893330778964,1.6726202,1.6726203,-1.227310180151875e-07
1.7752931066984097,1.3950951,1.3950951,9.939575162931646e-09
1.4720426499510937,1.1415814,1.1415814,1.6130065949582217e-08
1.0683994831492374,0.7494993,0.74949926,6.098388671826882e-08
-0.9178104180674268,-0.94762987,-0.94762987,1.0157775731656216e-09
-0.8215623611802756,-0.8625087,-0.86250883,1.1580093384200296e-07
-0.7117290522444596,-0.7431887,-0.7431887,2.078170779906685e-08
-0.5979813486505536,-0.6226519,-0.622652,1.249809264969315e-07
-0.4483133176059408,-0.50393265,-0.50393265,-4.857635516053449e-09
-0.2793035717801778,-0.37322307,-0.37322313,6.367004395935183e-08
-0.0886495260802707,-0.18361695,-0.18361695,-1.1079788198031792e-09
0.1248001120402772,0.09404369,0.0940437,-1.3014030450508862e-08
0.3442364714026098,0.30244118,0.30244118,-2.4765012263117114e-10
0.4075575614599461,0.36280835,0.3628083,4.674835207829631e-08
0.3410128522724182,0.27903557,0.27903557,-1.762695323037633e-09
0.2788430547615789,0.1954512,0.19545121,-9.991607652359846e-09
0.2228902370018236,0.13198641,0.13198641,-5.742645248218992e-10
0.1835160319116254,0.14242479,0.14242479,2.051315312057156e-09
0.1685492288071641,0.15470994,0.15470995,-1.4811706555706294e-08
0.180983188309332,0.16166517,0.16166517,1.3848114044368032e-09
0.2247323050762188,0.17173722,0.17173722,3.863601688580687e-09
0.3108489875541962,0.26250008,0.26250008,-2.513961816497101e-09
-0.6592301121241954,-0.64971745,-0.64971745,-1.4190670860614318e-10
-0.6543946834289078,-0.6092615,-0.6092615,-1.275634764486e-08
-0.6373555537407519,-0.5445849,-0.544585,1.2966156004434737e-07
-0.5754160147392121,-0.47637308,-0.47637308,3.5610961957033282e-09
-0.480319250398558,-0.38872892,-0.38872892,3.354949928979778e-09
-0.3753213701580295,-0.28153872,-0.28153872,-4.8992919721158046e-09
-0.2443042783666682,-0.11108239,-0.11108245,6.004924774094533e-08
-0.0755247910502047,0.069857165,0.069857195,-2.978260039976366e-08
0.144602343840026,0.2249879,0.2249879,-5.703353872510419e-09
-0.1333196768843552,-0.118535444,-0.118535504,5.985956573473228e-08
-0.1059189142777261,-0.09552713,-0.0955271,-2.7385139461655328e-08
-0.0688472942805219,-0.061197057,-0.061197028,-2.9366371154249116e-08
-0.0223350754020422,-0.030728266,-0.030728236,-2.9643119812960972e-08
0.033617742357713,0.022159874,0.022159904,-2.9560760499147687e-08
0.1056886557684267,0.070566684,0.070566684,7.644648802873633e-12
0.1987130935253861,0.16347371,0.16347371,4.1774750325629384e-10
0.3260460491679569,0.2986147,0.2986147,1.0569381703184888e-08
0.5026543258006002,0.4679707,0.4679707,-9.281158619423024e-10
-0.4805495089078573,-0.5447548,-0.5447548,-3.1806945965939804e-09
-0.4851546790938454,-0.5143344,-0.5143344,1.9373321502591523e-08
-0.500812257726205,-0.47209972,-0.47209984,1.18568267815089e-07
-0.4978188971053127,-0.41605735,-0.41605735,1.7486572190250627e-09
-0.4711089100265818,-0.35054034,-0.35054034,5.3253179643775184e-11
-0.4020313572367604,-0.28461236,-0.28461236,2.3835754481282834e-09
-0.2595013399804289,-0.20842476,-0.20842476,-1.8913650645657754e-09
-0.0628605730387374,-0.033593193,-0.033593193,3.0342865026122823e-10
0.1671676777513677,0.17760119,0.17760117,1.8421249387001737e-08
-0.9141262819186364,-0.93286103,-0.93286115,1.1989822390479077e-07
-0.8634694098727672,-0.9035149,-0.9035149,-2.166519164070735e-08
-0.7930103060271494,-0.84770256,-0.84770256,-2.808990484659546e-09
-0.704591038456178,-0.745853,-0.745853,-6.839752209053529e-09
-0.5724226541183198,-0.6148987,-0.6148987,1.8359375020260416e-08
-0.411471956118036,-0.43019867,-0.43019867,5.664062552312998e-10
-0.2240415295483206,-0.2180387,-0.2180387,6.929588319826152e-09
0.013124735030066,0.044994086,0.0449941,-1.3972854616406405e-08
0.3011781301636212,0.29789728,0.29789728,-7.374572619234243e-10
0.1648650926583736,0.16999087,0.16999087,-2.623672473722749e-09
0.1298657992448642,0.13025442,0.13025442,-2.3421478367868787e-09
0.0994716760173427,0.080987945,0.08098793,1.5199012756705876e-08
0.0771366006153005,0.03593594,0.03593594,-1.6416931147844593e-09
0.0725314304293124,0.042693883,0.04269387,1.318061828431416e-08
0.0817417708012886,0.047825202,0.047825202,3.4584808628057573e-10
0.1231883024751814,0.06388232,0.063882336,-1.4880691526220069e-08
0.1950289573765956,0.12895615,0.12895617,-1.6011161813045405e-08
0.300487354635723,0.24168712,0.24168712,-9.928894095789786e-10
-0.2470673804782611,-0.10576938,-0.10576944,5.907291412976523e-08
-0.2113773115368534,-0.11841948,-0.11841951,2.669597626292486e-08
-0.1756872425954457,-0.13804562,-0.13804556,-6.389850615295956e-08
-0.1478259629702177,-0.15281649,-0.15281652,3.0661125194342276e-08
-0.1347012279401516,-0.13097678,-0.13097681,2.8750953673384316e-08
-0.0812812537826898,-0.063232824,-0.063232854,2.9793647771114706e-08
0.0027631021115928,0.009799704,0.009799704,-4.43496697699608e-11
0.0992414175080433,0.10387636,0.10387636,-2.3923873992970357e-10
0.2850600345126629,0.27353126,0.27353126,-1.89376830883603e-09
0.2866718440777587,0.26663497,0.26663497,9.033965797655696e-10
0.2804548643266748,0.18420652,0.18420652,-4.4493866091510625e-09
0.2742378845755908,0.13424152,0.13424152,1.3584899871688094e-09
0.2675603878059081,0.11984939,0.119849406,-1.4718395238699777e-08
0.2611131495455248,0.104445,0.104445,2.9730796852200925e-09
0.254435652775842,0.09649381,0.096493825,-1.4584732060951566e-08
0.2477581560061593,0.08951837,0.08951837,-1.7558288573082947e-09
0.2408504007271772,0.0802982,0.0802982,2.496719359035282e-10
0.2341729039574944,0.15461172,0.1546117,2.1634864816322263e-08
0.3283486342609509,0.32120037,0.32120037,7.88574205934367e-10
0.3179870013424777,0.2805576,0.2805576,2.6439666567235065e-09
0.3073951099147051,0.21294,0.21294,7.448196420734021e-09
0.2968032184869325,0.16755986,0.16755986,2.136840815403218e-09
0.2859810685498605,0.13597405,0.13597402,2.956817626853514e-08
0.2749286601034891,0.13172418,0.13172418,-1.2089538536930178e-09
0.2636459931478183,0.14044592,0.14044592,-2.155227663003245e-09
0.2516725506642492,0.12917787,0.12917784,2.8366241466848408e-08
0.2396991081806802,0.18535441,0.18535438,3.160202025065395e-08
-0.5459429255488883,-0.5317033,-0.5317033,6.676483144119061e-09
-0.5436403404558943,-0.50672317,-0.50672317,4.487915039597112e-09
-0.5291340543700318,-0.4726863,-0.4726863,9.259033206809875e-09
-0.4992004481611091,-0.4338591,-0.4338591,-9.878540041530215e-09
-0.4531487463012282,-0.38314664,-0.38314664,-3.638610857059632e-09
-0.3868342956229997,-0.32524318,-0.3252433,1.2497024537427848e-07
-0.3023294227101182,-0.2535143,-0.2535143,1.0144042994486568e-08
-0.1733846575024516,-0.10483007,-0.10483001,-6.133007049435868e-08
-0.0128944765207666,0.111407086,0.111407086,2.531661963400822e-10
-0.3479206075514003,-0.24543084,-0.24543084,-2.0419692881024076e-09
-0.4674247738777913,-0.24039413,-0.24039413,-3.491592293070056e-10
-0.553771714865068,-0.2222008,-0.2222008,3.991889957477568e-09
-0.562291279709146,-0.19065411,-0.19065408,-3.3888740536003326e-08
-0.4994307066704085,-0.1299633,-0.12996332,2.6328392022101355e-08
-0.3628874106558616,-0.07360108,-0.07360108,-1.9673538215192465e-09
-0.180983188309332,-0.036009386,-0.036009356,-3.018183136055397e-08
0.0200324903090481,0.054565474,0.05456546,1.4390983578416172e-08
0.2330216114109974,0.21304332,0.21304332,-2.80124665130721e-09
-0.3156844162494837,-0.24168013,-0.24168016,2.963748932383048e-08
-0.3115397630820944,-0.27322054,-0.27322054,9.069824336016552e-10
-0.2894349461893515,-0.27361584,-0.27361584,2.902832030304836e-09
-0.2558172038316385,-0.21429513,-0.21429513,-3.948326110503331e-09
-0.201476195636979,-0.1655566,-0.16555656,-3.472942353144326e-08
-0.1353920034680499,-0.09998484,-0.09998487,3.044139862407036e-08
-0.0538804911760606,-0.003017053,-0.0030170232,-2.9808079528986786e-08
0.0442096337854856,0.07640673,0.07640673,2.2015762268789985e-09
0.1600296639630862,0.17747153,0.17747155,-1.6582298284495423e-08
-0.8346870962103417,-0.82222325,-0.82222325,3.902435263825055e-09
-0.7826486731086761,-0.76756924,-0.76756924,-3.907928425306295e-09
-0.7078146575863697,-0.69612825,-0.69612837,1.2083160405573778e-07
-0.6007444507621467,-0.5528885,-0.55288863,1.1738861083188112e-07
-0.4674247738777913,-0.3676504,-0.3676504,1.0328674304727059e-08
-0.2942703748846391,-0.2010362,-0.20103617,-2.992733003082115e-08
-0.0868074580058755,0.019941822,0.019941792,2.9694374084621167e-08
0.1510495821004094,0.19961083,0.19961083,-6.466674695726482e-10
0.4197612624528145,0.43531698,0.43531695,2.988510133805633e-08
0.8996199958327737,0.9684328,0.9684328,-1.5919494611438267e-08
0.871298199188947,0.9442133,0.9442133,-2.8858947787036016e-08
0.8390620078870303,0.8739331,0.8739331,-2.314147951043566e-08
0.7957734081387423,0.7470384,0.74703836,6.401504515363143e-08
0.7354456787022983,0.65905243,0.65905243,1.5834045186124968e-09
0.6592301121241954,0.5566852,0.5566852,9.27429200103802e-09
0.5717318785904216,0.46592027,0.46592033,-6.051071166357502e-08
0.4849244205845461,0.43125588,0.43125588,-2.982025126829768e-09
0.4188402284156169,0.40531194,0.40531194,2.100524920667368e-09
0.7656095434205203,0.82216513,0.82216513,1.5689086696468735e-09
0.9581056571948224,1.0125308,1.0125308,3.6804199687878736e-09
1.1600423698504003,1.2054837,1.2054837,-2.499694828905774e-08
1.348854347475912,1.495336,1.495336,5.575561523585293e-08
1.5922375918053828,1.7416803,1.7416803,-3.552703864428963e-08
1.853580999860207,1.9839652,1.9839652,-4.1537475681252545e-08
2.08061589002942,2.2530873,2.253087,2.821807862929404e-07
2.3573866182073044,2.5474002,2.5474002,3.6129760960790236e-08
2.66063707495462,2.7931287,2.793129,-2.711334228244766e-07
-0.7635372168368256,-0.6978552,-0.69785506,-1.1454147341716236e-07
-0.5226868161096484,-0.4025237,-0.40252376,6.357742310392211e-08
-0.2613434080548242,-0.058328614,-0.058328614,3.611221321975222e-10
0.0511173890644678,0.23564968,0.23564966,1.5130844105426533e-08
0.4347280655572758,0.5963363,0.59633636,-5.4858551035152914e-08
0.8344568377010423,0.96206784,0.96206784,2.4835205003626015e-09
1.293592305244055,1.3743284,1.3743284,-2.513732910713884e-08
1.830785407439566,1.8804739,1.8804739,-4.784240714705845e-08
2.4310693411831137,2.4513304,2.4513307,-2.7664489765655276e-07
0.8319239940987488,0.7821117,0.7821117,4.349517856994112e-09
0.983434093217757,0.9195622,0.9195622,2.0573425296710468e-08
1.157509526248107,1.0395697,1.0395696,1.3552703848063175e-07
1.328361340148265,1.28214,1.28214,1.6555786075400647e-08
1.578191822738119,1.557247,1.557247,4.26559447763708e-08
1.8644031497972788,1.8035332,1.8035332,-3.550720162337484e-09
2.1582130076633192,2.1095576,2.1095576,2.8631591764138875e-08
2.4637660495036293,2.456305,2.4563053,-2.729919432731265e-07
2.854514739784719,2.8221867,2.8221867,8.450317334762758e-09
-0.3732490435743348,-0.28857183,-0.28857183,-4.564209010737841e-09
-0.1892724946441105,0.07713595,0.07713595,3.2691956086683405e-10
0.0478937699342761,0.43071046,0.4307105,-3.5284042354533085e-08
0.3396313012166218,0.6727597,0.67275965,6.174240108069995e-08
0.6847888066564293,0.9669636,0.9669637,-1.1080856321399324e-07
1.0845175788001955,1.3041815,1.3041813,1.565658569457895e-07
1.537205808082825,1.6867198,1.6867198,-2.4800109965639194e-08
2.043774528541515,2.1395526,2.1395526,-6.768798854750457e-09
2.6044539986855653,2.6653016,2.6653016,-3.864440900613886e-08
2.0796948559922224,1.889658,1.8896581,-1.2575683583371244e-07
2.2436389146133986,1.9312457,1.9312457,-1.5376281803369807e-08
2.349327570381825,1.9797518,1.979752,-1.746673583546965e-07
2.4566280357153474,2.068344,2.068344,1.1621093731761789e-07
2.5975462434065832,2.172585,2.172585,1.0528564242662242e-08
2.775075554076424,2.3323965,2.3323965,7.263183388062089e-09
2.921980483009444,2.5274374,2.5274374,4.85015867468519e-08
3.041945166354434,2.756967,2.7569673,-2.322814940391993e-07
3.171350448580699,2.9906042,2.9906044,-2.3778381352812517e-07
-0.0773668591245999,0.11077665,0.11077663,1.792537689115914e-08
0.122958043965882,0.37534565,0.37534565,-2.664947484909419e-09
0.3815383499091134,0.70947754,0.7094776,-5.6169128459515605e-08
0.6979135416864952,0.98865575,0.9886556,1.4598312381153278e-07
1.0732349118445248,1.3742374,1.3742374,1.8174743710019925e-08
1.5061209093274055,1.7747561,1.774756,7.395172119117888e-08
1.9972623096630355,2.2795634,2.2795637,-2.7302856464572756e-07
2.5468893713607144,2.734895,2.7348952,-2.0907897946287335e-07
3.154081060383244,3.223234,3.2232335,4.3821716300129765e-07
-0.2818364153824712,-0.07246958,-0.07246955,-2.719326019917645e-08
0.1671676777513677,0.376722,0.37672198,2.7989883411017047e-08
0.5933761784645656,0.7511677,0.7511677,1.4595794683991414e-08
0.9979403793036196,1.1079369,1.1079369,-4.0869140516264224e-08
1.3939850152985955,1.5206839,1.5206839,-1.5379333584419896e-08
1.778516725828601,1.8769603,1.8769604,-1.2244262692640007e-07
2.153377578968032,2.21666,2.2166603,-2.7726440432473964e-07
2.518337316207588,2.5579655,2.5579655,1.704406749070131e-08
2.881915502391348,2.9023314,2.9023316,-2.4776611340371346e-07
-0.87014690664245,-0.81721467,-0.8172149,2.322029113432933e-07
-0.8890281044050011,-0.8272057,-0.8272057,-1.7563629106653877e-08
-0.911132921297744,-0.84501904,-0.84501904,-2.4919127872280455e-09
-0.8899491384421988,-0.86891085,-0.86891097,1.2090560908006864e-07
-0.8549498450286893,-0.91064316,-0.91064316,-3.431701589562408e-10
-0.7785040199412869,-0.92922705,-0.9292272,1.458808899235109e-07
-0.7695239380786101,-0.96823364,-0.96823376,1.1503768926335312e-07
-0.836068647266138,-1.044528,-1.044528,-7.507324317757025e-09
-0.9914931410432362,-1.1270062,-1.1270062,2.6866149971382924e-08
-0.8406738174521261,-0.72292435,-0.72292423,-1.2169219976154722e-07
-0.6382765877779495,-0.4834113,-0.4834113,-1.210327149614443e-08
-0.411471956118036,-0.28427625,-0.28427625,2.975463875287687e-09
-0.1846673244581224,-0.124381796,-0.124381766,-2.9525550837572467e-08
0.0133549935393654,0.027389526,0.027389556,-2.9632812498930905e-08
0.1759175011047451,0.15108943,0.15108943,-1.4465331710233897e-10
0.2945006333939385,0.24894905,0.24894905,9.033203074437779e-10
0.3744003361208318,0.33987123,0.33987123,-2.258758569073649e-09
0.4287413443154914,0.40940598,0.409406,-2.3466110221637138e-08
1.822265842595488,1.7800019,1.7800018,7.873840335292925e-08
1.657861266955713,1.6060082,1.6060083,-1.2796478277010692e-07
1.4918448817508425,1.3940274,1.3940275,-1.4766693112733265e-07
1.3295126326947622,1.2244215,1.2244215,1.1596679172498625e-09
1.1611936623968973,1.0867738,1.0867738,-4.6833801281565e-08
0.9753750453922778,1.0077112,1.0077113,-1.2789611814056911e-07
0.8098191772060059,0.83922726,0.83922726,-8.409118956720363e-10
0.6189348729967995,0.6318877,0.6318877,-2.5668335013051546e-08
0.4229848815830062,0.40280503,0.40280503,3.45916739696861e-10
0.7987667687596345,0.74088925,0.74088925,1.232147162077979e-09
0.6665983844217762,0.6086431,0.6086432,-8.543319707232655e-08
0.5609097286533496,0.5241481,0.5241481,6.575012201359698e-09
0.4761745972311687,0.46627033,0.46627033,-2.431945811398606e-09
0.4123929901552336,0.41093913,0.41093913,-2.7931976176454043e-09
0.3647294787302569,0.3605585,0.3605585,9.82666015225675e-09
0.3322630289190408,0.3391636,0.33916357,3.139846799227186e-08
0.3159146747587831,0.32102573,0.32102573,-8.206176849157032e-10
0.2949611504125373,0.30549926,0.30549923,2.565719603442318e-08
-0.580481701943799,-0.5749677,-0.57496756,-1.2236160273904062e-07
-0.4186099699063175,-0.4007163,-0.4007163,-4.779052709125153e-09
-0.2542053942665426,-0.22801204,-0.2280121,5.974254607687968e-08
-0.0930244377569594,-0.048916474,-0.048916474,1.5281678700240775e-11
0.05411074968536,0.09838681,0.09838684,-3.0770149234138344e-08
0.1759175011047451,0.23477763,0.23477763,-6.245422234929521e-10
0.264106510166417,0.3176059,0.3176059,1.2685394290556928e-08
0.3214408789819688,0.32992032,0.32992032,1.7029571641735686e-09
0.3552888798489813,0.35758078,0.35758078,9.829712044329142e-10
-0.7190973245420406,-0.7384499,-0.7384499,2.8459930412338963e-08
-0.5452521500209901,-0.5502534,-0.5502534,8.734130862997347e-09
-0.3893671392252931,-0.38458937,-0.38458937,-4.065399183961205e-09
-0.2459160879317641,-0.19254859,-0.19254856,-2.7918281547689716e-08
-0.1176620982519957,-0.048423424,-0.048423424,-3.6313629186990326e-10
-0.022795592420641,0.09031539,0.09031539,-3.3470535232282828e-09
0.0373018785065035,0.15579431,0.1557943,7.589530948148848e-09
0.0918731452104624,0.19475316,0.19475317,-1.488773346269845e-08
0.1494377725353135,0.22998676,0.22998676,-2.959976208583015e-09
-0.4066365274227485,-0.4365685,-0.4365685,1.3885498306720478e-09
-0.2383175571248837,-0.21143655,-0.21143655,-4.789543150973685e-09
-0.050656872045869,-0.016339764,-0.016339764,1.0147091500378735e-12
0.1236488194937802,0.14100882,0.14100882,4.1100311209962825e-09
0.2698629728989021,0.22817701,0.22817701,1.0130309924250014e-09
0.3764726627045265,0.27025488,0.27025488,1.8989565475635573e-10
0.4492343516431383,0.31437567,0.31437567,-1.2358856160687992e-09
0.4897598492798335,0.35516804,0.35516804,4.5671081361220445e-09
0.4952860535030193,0.38081414,0.38081414,-4.9253845446628475e-09
-0.6928478544819084,-0.76138693,-0.76138693,-9.425353830749827e-10
-0.5033451013284984,-0.56245816,-0.56245816,2.4606323645315342e-09
-0.3324932874283402,-0.35646296,-0.35646296,4.5251464797502194e-09
-0.1848975829674218,-0.175045,-0.17504494,-5.8526573171180374e-08
-0.0501963550272702,-0.024167284,-0.024167284,-3.694686882826925e-10
0.050656872045869,0.08086702,0.08086704,-1.7724075318525934e-08
0.0911823696825642,0.13747913,0.13747913,-3.546600346737705e-09
0.1248001120402772,0.17985165,0.17985165,1.1917114239867743e-09
0.1623322490560802,0.20969805,0.20969805,1.2142181426977317e-09
0.4365701336316711,0.5159175,0.5159175,-2.000808718705116e-08
0.3610453425814663,0.44101587,0.44101584,2.9379043586796882e-08
0.2947308919032378,0.32243627,0.32243627,3.0979919185547544e-09
0.2394688496713807,0.26337683,0.26337683,2.0083618101907064e-09
0.1934171478114998,0.22880542,0.22880544,-1.7217102049604804e-08
0.1565757863235951,0.19487917,0.19487917,4.232482919697134e-09
0.1181226152705945,0.14447865,0.14447863,1.890098572099319e-08
0.0921034037197618,0.09344125,0.09344123,1.7940063476440393e-08
0.0736827229758094,0.058866173,0.058866188,-1.4971054076995394e-08
-0.8093586601874071,-0.8086731,-0.8086731,1.621780398863848e-08
-0.7200183585792381,-0.7264244,-0.7264244,3.961944550212593e-09
-0.6120271177178174,-0.62377405,-0.62377405,-1.6662597968064574e-09
-0.5070292374772889,-0.4898638,-0.4898637,-1.129234313834715e-07
-0.3764726627045265,-0.36962283,-0.36962283,3.4237671031611683e-09
-0.242462210292273,-0.22780843,-0.22780837,-6.079090117405705e-08
-0.084274614403582,-0.072236076,-0.072236076,2.647396191157725e-12
0.0822022878198874,0.048164874,0.048164874,3.152618374691052e-10
0.252133067682848,0.17966819,0.17966819,-1.9049072319532456e-09
-0.1312473503006606,-0.0984918,-0.0984918,-2.811622615284115e-09
-0.0660841921689291,-0.06780912,-0.06780912,1.7940521290782385e-10
-0.0052959457138863,-0.04919006,-0.04919006,6.957626350057033e-10
0.0520384231016654,-0.03463359,-0.03463359,-1.7711257946362302e-09
0.1020045196196362,0.009941161,0.009941131,2.9678863524770782e-08
0.1439115683121278,0.049091786,0.04909177,1.6146163940577996e-08
0.1789108617256374,0.09651066,0.09651066,3.6285781879197287e-09
0.2070023998601647,0.16588165,0.16588165,-1.340293875884413e-09
0.2258835976227159,0.20038775,0.20038775,-3.9043426547369364e-09
0.5098251234324072,0.56346655,0.56346655,-1.080322276081347e-09
0.4081282255276481,0.4930216,0.4930216,7.398986812123809e-09
0.3378997886123983,0.4928639,0.49286383,6.35089111300502e-08
0.3030631744900833,0.45228234,0.45228237,-3.066551207409063e-08
0.2851789422336624,0.44633612,0.44633612,3.6705016803750823e-10
0.2814124594381855,0.45689932,0.4568993,1.5118789664647636e-08
0.2851789422336624,0.47474056,0.47474056,4.823150656640962e-09
0.3140805463063118,0.4755088,0.47550878,2.908966062475926e-08
0.3590720685384538,0.44743294,0.44743294,-4.762115479728379e-09
-0.4186099699063175,-0.4127335,-0.4127335,4.76455686015953e-09
-0.3757818871766283,-0.39297754,-0.39297754,4.275360121486216e-09
-0.3120002801006932,-0.35307163,-0.35307163,-1.0680900608406318e-12
-0.2475278974968599,-0.31726825,-0.31726825,-2.3727417253205374e-09
-0.1609506980002838,-0.23572467,-0.23572461,-6.267513275037828e-08
-0.0764458250874023,-0.13606344,-0.13606347,2.8365821830300675e-08
0.0375321370158029,-0.014654502,-0.0146544725,-2.977260589627495e-08
0.1588783714165891,0.10570777,0.10570777,2.0761299068805528e-09
0.291967789791645,0.22654082,0.2265408,1.8810462965035413e-08
0.2751589186127884,0.49395686,0.49395686,3.880157473101775e-09
0.2687116803524051,0.60025454,0.60025454,-4.324951174972114e-09
0.2636459931478183,0.68788826,0.68788826,4.656066865393882e-09
0.2601921155083272,0.70217294,0.70217294,-4.990997282128262e-09
0.2546659112851415,0.6571192,0.6571192,1.4534759507078832e-08
0.2578895304153331,0.6325033,0.6325033,-2.889709471709523e-08
0.2475278974968599,0.571681,0.57168096,6.26440429529751e-08
0.2307190263180034,0.481125,0.481125,-2.8610229740877458e-09
0.2205876519088296,0.36509538,0.36509538,-3.0316162358268173e-09
-0.615250736848009,-0.73835176,-0.73835176,-2.2947692635000294e-09
-0.5362720681583133,-0.6806731,-0.68067324,1.17593994097831e-07
-0.4460107325129467,-0.583942,-0.583942,3.902435263825055e-09
-0.3440062128933104,-0.45191705,-0.45191705,-2.268981946773607e-09
-0.2314098018459016,-0.32313704,-0.32313716,1.1509338376791689e-07
-0.1061491727870255,-0.19866155,-0.19866158,2.9120521549685918e-08
0.0285520551531261,-0.066603884,-0.066603824,-6.010091399555328e-08
0.1694702628443617,0.073476374,0.07347636,1.4149322505319084e-08
0.3096976950076991,0.234871,0.234871,5.149841664220389e-11
-0.5111738906446782,-0.55484277,-0.55484277,-9.96398519248487e-11
-0.4522277122640306,-0.4675116,-0.4675117,1.057044982655242e-07
-0.3872948126415985,-0.38736546,-0.38736534,-1.2039581298584068e-07
-0.3143028651936873,-0.29331958,-0.29331958,-2.939147925040686e-09
-0.2311795433366022,-0.1983035,-0.1983035,-5.778312689441734e-09
-0.1402274321633374,-0.1109771,-0.1109771,1.6542434644328807e-09
-0.042137307201791,-0.021890998,-0.021890998,1.1334228347537056e-10
0.0644723826038332,0.0773634,0.0773634,1.6513824474539973e-09
0.1846673244581224,0.21258746,0.21258745,1.0875511158303652e-08
3.313880465837031,3.32266,3.32266,-3.0670165962476403e-08
3.070036704488962,3.1565003,3.1565003,3.9508056826065285e-08
2.810074847489933,2.9320047,2.9320045,1.90170287961422e-07
2.5344554118585463,2.6844103,2.6844099,4.336334229471106e-07
2.244559948650596,2.434965,2.4349651,-2.0475158679644778e-07
1.939927940847484,2.131688,2.1316884,-2.820190427854641e-07
1.6166449937911196,1.6454558,1.645456,-1.627502441703399e-07
1.2694151617676177,1.2174789,1.2174789,-2.8654479899969942e-08
0.8814295735981207,0.8195808,0.8195808,-6.61926269351909e-09
-0.2997965791078248,-0.31538266,-0.31538266,5.647277645515203e-10
-0.1075307238428219,-0.17116399,-0.17116399,-1.0936355709922907e-09
0.0624000560201386,-0.019171044,-0.019171044,-2.3046111893854082e-10
0.1971012839602903,0.077130005,0.07713002,-1.523639678313593e-08
0.3007176131450224,0.13575903,0.13575903,-4.18785095490648e-09
0.3686438733883467,0.1605137,0.16051371,-1.094528198630762e-08
0.3776239552510235,0.21187256,0.21187255,1.276607514144601e-08
0.3596637915256699,0.2246673,0.2246673,-4.186439500619699e-09
0.3191382938889747,0.23620519,0.23620519,4.201507475265487e-10
-0.0027631021115928,-0.04044585,-0.04044585,7.005691513017887e-10
0.023946884967138,-0.04607068,-0.04607071,2.997776031576915e-08
0.0594066953992463,-0.02910252,-0.02910252,8.454513547584419e-10
0.1020045196196362,0.008939952,0.008939952,-3.417510979070171e-10
0.1469049289330201,0.066973895,0.066973925,-3.0165481570976205e-08
0.1881212020976135,0.12600651,0.12600654,-2.6166000366423248e-08
0.2272651486785123,0.1973199,0.19731991,-1.497093199409605e-08
0.2659485782408123,0.24610634,0.24610634,1.4812087945070829e-09
0.2997965791078248,0.28286922,0.28286922,-2.2003171507023467e-10
-0.2882836536428546,-0.3335551,-0.3335551,-2.348327643453274e-09
-0.2454555709131653,-0.29840517,-0.29840505,-1.2044067382310786e-07
-0.1782200861977391,-0.25378954,-0.25378954,-4.105529805009667e-09
-0.1128266695567082,-0.19504948,-0.19504948,3.962326022843854e-10
-0.0412162731645934,-0.108366296,-0.108366355,5.9304695126938256e-08
0.03476903490421,-0.019195244,-0.019195274,3.0283760069083066e-08
0.1123661525381094,0.07768349,0.07768352,-2.6505012518107662e-08
0.1888119776255117,0.16991267,0.16991267,-3.917617785731409e-09
0.2601921155083272,0.24777168,0.24777168,3.5507202733597865e-10
0.9917233995525356,0.949504,0.949504,1.7829895004872753e-08
1.0730046533352255,1.0137244,1.0137243,1.4629669187193883e-07
1.112148599916124,0.960122,0.9601221,-1.1074981687286822e-07
1.1142209264998189,0.8921224,0.8921224,-1.2113952618797441e-08
1.0776098235212137,0.7972,0.7972,2.4127960185360564e-08
0.999321930359416,0.7290197,0.72901976,-5.851913453813751e-08
0.8814295735981207,0.6674162,0.6674162,1.494293211390385e-08
0.7239327532373281,0.55153483,0.55153483,1.5238952322249588e-09
0.5277525033142353,0.3691825,0.3691825,-2.7370453126174255e-09
1.2836911893441805,1.0538048,1.0538048,-4.4789123521127294e-08
1.244086725744683,0.96200943,0.96200955,-1.2006835936606564e-07
1.2021796770521913,0.8752496,0.8752495,1.242523193223377e-07
1.157509526248107,0.83897734,0.83897734,-3.1164550939877245e-09
1.1047803276185433,0.8389668,0.8389669,-1.1313858028216828e-07
1.0384658769403148,0.767509,0.767509,-1.6387939449913347e-08
0.9615595348343136,0.62245613,0.62245613,3.3656311071439404e-09
0.874752076828438,0.5107615,0.5107615,-5.950927528530769e-10
0.7801158295063827,0.4192466,0.4192466,1.3979339574810012e-08
-0.5141672512655704,-0.53497285,-0.53497285,3.491973932234771e-09
-0.464431413256899,-0.5018413,-0.5018413,-6.68640132150955e-09
-0.4061760104041497,-0.4511829,-0.4511829,-1.8592834494235433e-09
-0.3377892331422265,-0.38437104,-0.38437104,-2.251586916912629e-09
-0.2590408229618302,-0.30281878,-0.30281878,4.822998056486227e-09
-0.1692400043350623,-0.20940517,-0.20940523,6.110904693379382e-08
-0.0704591038456178,-0.09985207,-0.09985201,-6.021236419184728e-08
0.0382229125437011,0.027300358,0.027300373,-1.518139648368222e-08
0.1574968203607927,0.16216603,0.16216606,-3.078514099197349e-08
-0.4918321758635282,-0.5203817,-0.5203817,1.092834467364412e-08
-0.4361096166130723,-0.46407288,-0.46407288,-3.1291198521188335e-09
-0.3693346489162449,-0.39473176,-0.39473176,-2.502442697505103e-11
-0.2910467557544474,-0.30454552,-0.30454564,1.1826385498681091e-07
-0.2021669711648772,-0.22582676,-0.22582676,4.8339462155322366e-09
-0.1015440026010374,-0.11704214,-0.11704208,-5.9172554009445655e-08
0.0110524084463714,0.011613473,0.011613503,-2.9703834534405837e-08
0.1342407109215528,0.121358484,0.12135847,1.4029769901391376e-08
0.2694024558803033,0.24745286,0.24745287,-1.488983153441481e-08
-0.5323576735002233,-0.54005194,-0.54005194,2.896728523715808e-09
-0.4646616717661985,-0.48256117,-0.48256105,-1.210548400965017e-07
-0.3863737786044009,-0.4178369,-0.4178368,-1.0452575682773357e-07
-0.3000268376171242,-0.33177114,-0.33177102,-1.1533020016774032e-07
-0.2046998147671707,-0.22272612,-0.22272606,-6.154483794817978e-08
-0.0992414175080433,-0.105202064,-0.105202064,8.188628941585563e-11
0.0149668031044612,0.01564844,0.01564841,2.9526557920878105e-08
0.1381551055796427,0.13099383,0.13099381,1.8177452099088498e-08
0.2710142654453992,0.25077784,0.25077784,6.143188735485694e-10
-0.302789939728717,-0.3521446,-0.3521446,1.039123509460893e-09
-0.2611131495455248,-0.30036384,-0.30036384,1.3273620536047304e-09
-0.2106865360089552,-0.27053428,-0.27053428,3.0377197424158453e-09
-0.1510495821004094,-0.23145078,-0.23145084,5.877384184893586e-08
-0.0824325463291868,-0.15458123,-0.15458117,-6.385906220485182e-08
-0.0043749116766886,-0.0630839,-0.0630839,-2.0013809221008927e-09
0.0828930633477856,0.043221027,0.043220997,2.9659011843707894e-08
0.1786806032163379,0.16641513,0.16641513,-4.868392938783828e-09
0.2843692589847647,0.26995128,0.26995128,3.931732162065771e-09
3.60055230991479,3.5811884,3.5811887,-2.5967712380392527e-07
3.3960827536569185,3.4096363,3.4096365,-2.4092102046679997e-07
3.166515019885412,3.22731,3.22731,-5.77545167246285e-08
2.9088557479793784,2.9370224,2.9370224,4.758605953725237e-08
2.6184997677528288,2.6475556,2.6475554,1.8967590342811036e-07
2.2885393239267824,2.350197,2.350197,7.679748526001617e-08
1.919665192029136,1.889258,1.889258,2.707672108748227e-08
1.5114168550412916,1.3220469,1.322047,-1.240463256557689e-07
1.05573526513777,0.88363826,0.88363826,2.7487182530094856e-09
0.1139779621032052,0.14798886,0.14798887,-1.4161224359821034e-08
0.2553566868130397,0.21075587,0.21075587,-2.537918208922463e-10
0.3518350022094902,0.26849678,0.26849678,1.58760071755637e-09
0.4326557389735812,0.33388233,0.33388233,1.8481445263063279e-09
0.4895295907705342,0.35242614,0.35242614,1.5004730236078956e-09
0.5116344076632771,0.33528677,0.33528677,-3.709335338886177e-09
0.5079502715144865,0.33670747,0.33670747,2.8012084873907384e-09
0.4577539164872163,0.3014127,0.3014127,1.6067505104189195e-09
0.3868342956229997,0.28581208,0.28581208,-9.35364008469719e-11
0.45245797077333,0.43638712,0.43638712,1.6773986644125216e-09
0.423445398601605,0.40099022,0.40099022,-2.0758819663235784e-09
0.4216033305272098,0.36474252,0.36474252,-2.528686537939251e-09
0.4133140241924312,0.34085256,0.34085256,-1.3871765403017378e-09
0.3939723094112812,0.30598152,0.30598152,-3.161926276362692e-09
0.4119324731366348,0.27272636,0.27272636,-3.0168151865517245e-09
0.4073273029506467,0.2692136,0.2692136,-1.2954330441683481e-08
0.423445398601605,0.31189743,0.31189746,-3.3156356826768985e-08
0.4209125549993116,0.3315007,0.3315007,9.056854266553671e-09
0.8703771651517493,0.78519994,0.78519994,2.0462032068735425e-10
0.771135747643706,0.6411751,0.6411751,-8.733367917734824e-09
0.6764995003216507,0.5426188,0.5426188,1.1130523724922625e-08
0.58393557958329,0.47869897,0.47869897,-1.1126708998610013e-09
0.4962070875402168,0.40781438,0.40781438,3.5067749259987124e-09
0.4156166092854252,0.36351505,0.36351502,2.9219131447710822e-08
0.3442364714026098,0.33119103,0.33119103,3.1249237086861115e-09
0.2850600345126629,0.28671908,0.28671908,3.786010727147016e-09
0.2367057475597879,0.23877546,0.23877545,1.1912155151172499e-08
0.3575914649419753,0.3774448,0.3774448,3.7147521725344745e-09
0.3472298320235021,0.34086952,0.3408695,1.613426209301494e-08
0.3368681991050289,0.30833566,0.30833566,1.888122547200055e-09
0.3265065661865557,0.2849686,0.2849686,1.4578247053975701e-08
0.3161449332680825,0.25792515,0.25792515,2.7786254963579893e-09
0.3057833003496093,0.2409018,0.2409018,-1.990127562745414e-09
0.2956519259404355,0.23111373,0.23111373,1.861114512502482e-09
0.2862113270591599,0.2260406,0.2260406,1.730346671502403e-09
0.2770009866871837,0.22493495,0.22493495,4.709243828227017e-10
0.5355812926304151,0.5656483,0.56564826,5.733703611898733e-08
0.5024240672913008,0.5027283,0.50272834,-5.659469604069045e-08
0.4897598492798335,0.42586488,0.42586488,-4.6833801281565e-09
0.4635103792197014,0.3853181,0.3853181,4.5242309898441135e-10
0.470648393007983,0.34404394,0.34404394,3.0570984632660725e-10
0.4591354675430127,0.29848677,0.29848677,-8.006286744688396e-10
0.4671945153684919,0.28992456,0.28992456,1.977386476781362e-09
0.4607472771081086,0.31387958,0.3138796,-2.06943511771307e-08
0.4722602025730788,0.33417884,0.33417886,-2.4846420310087325e-08
-0.1492075140260141,-0.15073515,-0.1507351,-5.474796294091533e-08
-0.0976296079429475,-0.13004477,-0.13004477,-3.2210159262024973e-09
-0.0405254976366952,-0.09759356,-0.09759356,-8.148574870414649e-10
0.0092103403719761,-0.06571983,-0.0657198,-2.8009605412826488e-08
0.0617092804922404,-0.024004966,-0.024004936,-3.002058410542241e-08
0.1172015812333969,0.023361862,0.023361877,-1.5294219970346523e-08
0.1641743171304754,0.091808185,0.091808185,-1.8653870115237225e-11
0.2136798966298474,0.15641484,0.15641484,-3.354873656657986e-09
0.2659485782408123,0.21986732,0.21986732,-1.1313629200149222e-09
-0.6689009695147703,-0.7489208,-0.7489209,1.0169830322315221e-07
-0.5606794701440502,-0.653166,-0.6531661,1.0392532345804284e-07
-0.430813670899186,-0.52823544,-0.52823544,4.514160156787739e-09
-0.3011781301636212,-0.32712418,-0.32712406,-1.1840957642172967e-07
-0.1568060448328945,-0.12624164,-0.12624161,-2.9256477351857768e-08
-0.0078287893161797,-0.021954164,-0.021954194,3.0091041564733745e-08
0.1275632141518701,0.083498,0.083497986,1.5098632816235025e-08
0.2403898837085784,0.20772447,0.20772448,-1.3080101002316269e-08
0.3467693150049033,0.30502746,0.30502743,2.509147645213261e-08
0.7879446188225625,0.78026205,0.78026193,1.2301284790794398e-07
0.7920892719899517,0.69243413,0.69243413,2.099151630297058e-09
0.7568597200671429,0.63013816,0.63013816,-1.2017822292875735e-09
0.6967622491399983,0.5673743,0.5673743,-1.0964202878938067e-08
0.6269939208222787,0.5019026,0.5019025,8.026123043958222e-08
0.5429495649279961,0.46684796,0.46684796,-3.819427496498662e-09
0.4446291814571502,0.41564405,0.41564405,-3.555297722890316e-10
0.3398615597259212,0.321162,0.32116202,-3.460266112531585e-08
0.2272651486785123,0.23235416,0.23235418,-1.5876464837250026e-08
0.5864684231855835,0.5721645,0.5721645,-2.4082183802676127e-08
0.611796859208518,0.61335254,0.6133525,3.7155151400014574e-08
0.647026411131327,0.64444137,0.64444137,-3.804321302425251e-09
0.6811046705076388,0.63269186,0.63269186,1.989746145625304e-10
0.7018279363445852,0.6294829,0.6294829,2.4938201947932725e-08
0.7098869841700644,0.59229946,0.59229946,1.3647460939125722e-09
0.686400616221525,0.5418906,0.5418906,2.1185302734316735e-08
0.6302175399524703,0.46184564,0.46184564,-3.6322021501611346e-09
0.5473244766046848,0.3960945,0.39609456,-5.898147581451241e-08
-0.7826486731086761,-0.66850185,-0.66850185,-3.9428711406941375e-09
-0.4697273589707853,-0.20561837,-0.20561834,-2.659908293622948e-08
-0.1183528737798939,0.20025054,0.20025054,-3.796615605233811e-09
0.3214408789819688,0.5281925,0.5281925,2.014160160879186e-08
0.7738988497552989,0.9713888,0.9713888,1.6833496041535057e-08
1.2558299097189527,1.4195671,1.4195671,8.154296793350113e-09
1.7534185483149658,1.8489286,1.8489286,-2.925262454489541e-08
2.275184330387417,2.3089414,2.3089414,-3.5711670065552426e-08
2.805239418794646,2.782516,2.7825162,-1.973449705872099e-07
0.8630088928541685,0.8083862,0.8083863,-9.33731079122424e-08
1.0997146404139564,0.98349917,0.98349917,-6.503295679749499e-10
1.3642816675989722,1.1870292,1.1870291,1.4251556401667642e-07
1.631611796895581,1.4787172,1.4787171,1.0790863047560606e-07
1.9159810558803447,1.7146778,1.7146777,1.1066894534117466e-07
2.195745144679122,2.0123258,2.0123258,-3.6297607586277536e-08
2.493469397203252,2.3016768,2.301677,-2.4981689472625135e-07
2.7829043433926035,2.6053026,2.6053028,-2.2774963381877456e-07
3.0474713705776195,2.9223566,2.9223568,-1.9447021504248596e-07
1.8264104957628773,1.396988,1.3969879,1.342483519906068e-07
2.252618996476075,1.6948934,1.6948935,-1.3986206059968254e-07
2.535606704405043,2.0162153,2.0162153,2.4401855647226967e-08
2.75343125420228,2.2941334,2.2941334,2.4758910921462984e-08
2.9288882382884265,2.5705092,2.5705092,-4.672241260550436e-09
3.0753326502028475,2.7816613,2.7816613,-2.7951049919039406e-08
3.200823537771023,2.9978387,2.9978387,3.558044436857699e-08
3.3085845201231447,3.1587968,3.1587968,-1.273803729162637e-08
3.402760250426601,3.3129375,3.3129377,-2.0190734861813553e-07
0.8420553685079226,0.6545024,0.6545024,-8.184814492828707e-09
1.2118505344427664,0.91812915,0.91812915,-3.90090937330001e-09
1.587862680128694,1.5894128,1.5894127,1.0841827391416814e-07
2.092589332512989,2.2061648,2.2061648,3.6883545107002647e-08
2.624256230485314,2.7621143,2.7621145,-2.135772705358363e-07
3.203586639882616,3.2944827,3.2944827,7.977294824712544e-09
3.719826217731881,3.8046863,3.8046863,7.907104304649692e-09
4.219487182911589,4.3398547,4.3398547,1.7254638606800654e-08
4.657208609089758,4.83989,4.83989,3.20434612177678e-09
0.8570221716123838,0.79782885,0.79782885,3.130340542334409e-09
1.2919804956789591,1.1643823,1.1643823,3.852386476488334e-08
1.7428266568871933,1.7379465,1.7379464,1.1031494140389952e-07
2.2374219348623146,2.3401234,2.3401234,1.4993286168163422e-08
2.744911689358202,2.896047,2.896047,1.1532592791851926e-07
3.270131349070144,3.4267209,3.4267209,-4.2379760589739135e-08
3.817455825674828,3.944872,3.944872,-9.753417984370572e-08
4.275440000671344,4.408563,4.408563,1.3705444334988215e-07
4.677010840889507,4.869353,4.869353,-1.8246459987381058e-07
0.4328859974828806,0.23094201,0.230942,1.087951659317632e-08
0.931165411606792,0.74602175,0.74602175,-2.4108887108909016e-09
1.3456307283457205,1.1103219,1.1103219,-2.0613098117294726e-08
1.7651617322892357,1.5606538,1.5606539,-9.426727287653591e-08
2.379030918081448,2.0163956,2.0163956,-3.1152343815676886e-08
3.047931887596219,2.6333115,2.6333115,1.0086059543112924e-08
3.493712361599866,3.3048627,3.3048627,3.7655639495426385e-08
4.102515860187491,3.9949138,3.994914,-1.8354797370889742e-07
4.661813779275745,4.6598363,4.659836,2.922668453919641e-07
0.4586749505244139,0.7633675,0.7633675,-2.592086789654502e-08
0.7837999656551732,1.1961389,1.1961389,-4.120483398928343e-08
1.2724085223885098,1.6055439,1.6055439,-4.8147583031621366e-08
1.8416075573766373,1.9781946,1.9781947,-1.0561676022646793e-07
2.349327570381825,2.3968601,2.39686,1.2268066384990561e-07
2.958131068969451,2.9044874,2.9044874,-2.8555297681975844e-08
3.440292387442404,3.5239015,3.523902,-5.37445068449216e-07
3.900809406041213,4.118644,4.1186447,-4.62481689389449e-07
4.5130667822683295,4.7388344,4.738835,-6.188964842834821e-07
2.8146800176759217,1.8475531,1.8475531,3.39645385150078e-08
3.458482809677057,2.180558,2.1805582,-2.337677003083627e-07
3.78222627375202,2.533041,2.5330408,2.0036621073415972e-07
4.006958578828239,2.8684483,2.868448,2.5744628917578893e-07
4.326557389735812,3.1981502,3.1981502,-4.207153336821534e-08
4.596650621144014,3.6107378,3.6107378,5.98144644925469e-10
4.816547497524946,4.0116167,4.011616,7.068481444605368e-07
5.012958005957337,4.4457397,4.4457397,4.6093750150077994e-08
5.16677069016934,4.8852086,4.885209,-3.9328002898741943e-07
1.201488901524293,1.0813334,1.0813334,-1.181030162555885e-09
1.5844088024892031,1.3088294,1.3088293,1.267654419212505e-07
1.998643860718832,1.8636665,1.8636667,-1.6557617188439622e-07
2.403898837085784,2.288025,2.288025,-9.765625019753088e-08
2.891816618291222,2.7205195,2.7205198,-2.5730590813566323e-07
3.3654583719200977,3.233698,3.2336977,1.912353515542975e-07
3.821139961823619,3.768542,3.768542,5.1315307558752465e-08
4.256558802908794,4.3073955,4.307396,-5.417785642336526e-07
4.706714188589129,4.818538,4.8185377,4.889343259151246e-07
0.4526882292826294,0.9389606,0.9389606,1.1820220913172363e-08
1.2659612841281265,1.788381,1.788381,-1.9508361814857267e-08
1.8261802372535776,2.3835917,2.3835917,-4.80834962957033e-08
2.4665291516152217,2.888805,2.888805,-8.743286139534234e-08
3.0030314782828347,3.3440511,3.3440516,-4.773345945174867e-07
3.5814408536429387,3.7531602,3.75316,2.3826599138132565e-07
4.119094472857048,4.1744933,4.1744933,1.2835693397050818e-08
4.584216661641846,4.5774293,4.577429,2.9458618122646385e-07
4.93098597664675,4.941964,4.9419637,4.4947509802995e-07
0.8093586601874071,0.853364,0.8533639,9.078369145321119e-08
0.6520920983359139,0.6742655,0.67426544,6.388336182272525e-08
0.4750233046846717,0.44587246,0.44587243,2.5835342420954532e-08
0.2878231366242557,0.20444643,0.20444642,1.4974670420331293e-08
0.0794391857082945,-0.029872343,-0.029872343,5.585479648240188e-11
-0.1469049289330201,-0.27237487,-0.27237487,1.6070556552172377e-09
-0.3744003361208318,-0.48510653,-0.48510665,1.2219467160345943e-07
-0.6184743559782008,-0.69908416,-0.69908416,-2.7120972134753174e-09
-0.8618576003076714,-0.9120539,-0.91205376,-1.2307571406466877e-07
0.7098869841700644,0.7340287,0.7340288,-1.0298614505632742e-07
0.6502500302615185,0.76737106,0.76737106,-1.5359497007594314e-09
0.5576861095231579,0.70867157,0.70867157,-1.7578127842199365e-10
0.430813670899186,0.61884415,0.61884415,1.49688716977181e-09
0.2742378845755908,0.43823886,0.43823886,-8.233642656563234e-10
0.0653934166410309,0.22435713,0.22435713,-1.8566894410820822e-09
-0.1825949978744278,-0.022690356,-0.022690296,-5.97777404798272e-08
-0.4586749505244139,-0.40637267,-0.40637267,3.6410522374907828e-09
-0.7563992030485441,-0.7689781,-0.7689781,-1.8896484377251e-08
0.5995931582156496,0.6435233,0.6435233,-2.4147796651163844e-08
0.5549230074115651,0.6915911,0.691591,8.40034485305452e-08
0.4690365834428871,0.7006053,0.7006053,-2.6753234849685725e-08
0.3417036278003164,0.55417246,0.55417246,-3.7355041282438606e-09
0.1835160319116254,0.35525176,0.35525176,-7.093048370876431e-10
-0.0135852520486648,0.14597732,0.1459773,1.8286895747676724e-08
-0.2426924688015724,-0.1618266,-0.1618266,4.33597563409549e-09
-0.5067989789679895,-0.49539083,-0.49539083,-2.4241638141297983e-09
-0.784260482673772,-0.80257934,-0.8025792,-1.4331893916086358e-07
-0.6700522620612673,-0.64697,-0.64697,2.5959014937626534e-08
-0.6808744119983394,-0.67626697,-0.67626697,1.7497253645970545e-09
-0.7034397459096811,-0.70026004,-0.7002599,-1.4314422602801358e-07
-0.7338338691372024,-0.71098536,-0.7109853,-6.252975459641874e-08
-0.7738988497552989,-0.72416455,-0.7241649,3.5446395874050296e-07
-0.8199505516151798,-0.72891945,-0.72891957,1.2353164668965633e-07
-0.8733705257726416,-0.7857829,-0.785783,1.2636947632760354e-07
-0.9323167041532892,-0.86517507,-0.86517495,-1.1837844848816559e-07
-0.99379572613623,-0.97225815,-0.97225815,-5.77545122837364e-10
0.7183274790902436,0.43654457,0.43654457,-2.6534271446720936e-09
0.7710337192170165,0.25564918,0.25564915,2.9220199593282814e-08
0.7338091622788351,0.11548705,0.11548705,-3.4602165160935172e-09
0.6439569363691735,-0.013422623,-0.013422653,2.972328948941394e-08
0.4041308850950277,-0.16518553,-0.16518553,3.986625668472854e-09
0.126632650933366,-0.33400214,-0.33400214,2.8158569365110964e-09
-0.1696027843861799,-0.51331,-0.51331,-1.5201568559497503e-08
-0.5041810810473222,-0.6824045,-0.6824045,-1.8127441436810443e-08
-0.8915981192837836,-0.8698301,-0.8698301,2.807388310710479e-08
1.2961251488463483,1.1700152,1.1700153,-8.412628171861058e-08
1.222442425870539,1.0687842,1.0687844,-1.6309204098341468e-07
1.109155239295232,0.93075854,0.93075854,-4.138031028944056e-09
0.9495860923507444,0.83213836,0.83213836,-4.5333858889051726e-10
0.7352154201929988,0.6699002,0.6699002,-2.1090698187897772e-08
0.462128828163905,0.42387363,0.42387366,-2.685371397470604e-08
0.1425300172563314,0.10426436,0.10426436,3.6465072628111272e-09
-0.2136798966298474,-0.21827917,-0.21827911,-5.800975799719055e-08
-0.58784997424138,-0.5855523,-0.5855523,2.481918337515765e-08
-0.0653934166410309,-0.09633939,-0.09633939,3.1818389589766127e-10
-0.1296355407355648,-0.15176545,-0.15176542,-3.0835227954328914e-08
-0.1945684403579969,-0.25259686,-0.2525969,4.4836425794336776e-08
-0.2627249591106206,-0.39953762,-0.39953762,-2.9286194025424095e-09
-0.3502231926443944,-0.5073453,-0.5073453,-1.8794250489229114e-08
-0.449004093133839,-0.5950514,-0.59505147,6.218597414786586e-08
-0.5733436881555174,-0.6960143,-0.6960143,1.491241452544756e-08
-0.7043607799468786,-0.7948782,-0.7948782,1.5204620340547592e-08
-0.8607063077611744,-0.9048304,-0.9048304,3.824615513181584e-09
1.2404025895958923,1.3035184,1.3035184,1.4497375522282141e-08
1.0414592375612068,1.0657355,1.0657355,-4.067230219284568e-08
0.8245557218011678,0.81799614,0.81799614,4.294738786825292e-09
0.5894617838064757,0.6215188,0.6215188,-9.278106727350632e-09
0.3382497501608253,0.40523103,0.405231,2.8795242301704604e-08
0.0729919474479112,0.121778056,0.121778026,3.00255050683651e-08
-0.2028577466927754,-0.19937874,-0.19937874,-3.767738343540827e-09
-0.4897598492798335,-0.49847907,-0.49847907,1.720733666665808e-09
-0.7934708230457482,-0.8076486,-0.8076486,8.522034189439864e-10
1.4520101596420454,1.5361948,1.5361949,-9.866943351255486e-08
1.248001120402773,1.3633102,1.3633102,1.7857360923301258e-08
1.0320186386799313,1.1008525,1.1008525,-1.0528564464706847e-08
0.7994575442875328,0.825303,0.825303,1.809310912204154e-08
0.5533111978464693,0.6172739,0.61727387,5.6734924314127966e-08
0.2813758983638724,0.30153394,0.30153394,-2.5457763674907596e-09
-0.0138155105579642,-0.0115869045,-0.0115869045,-2.5756835900225816e-11
-0.3414733692910169,-0.3879491,-0.3879491,-9.077453622108322e-09
-0.7144921543560525,-0.74894035,-0.74894035,1.374816926968947e-09
1.5715143259684363,1.5731405,1.5731405,1.9760131308999007e-09
1.495759276408932,1.4741209,1.4741209,-4.4668579057827174e-08
1.3794787292127328,1.3198051,1.3198051,4.526367192170255e-08
1.2125413099706646,1.1972979,1.197298,-6.928253171167853e-08
0.9841248687456552,1.0039341,1.0039341,4.497375494239009e-08
0.6942294055377048,0.71835786,0.71835786,1.042022690356248e-09
0.3444667299119093,0.3371008,0.3371008,3.852081320587786e-09
-0.0545712667039588,-0.036214158,-0.036214158,6.104278887919534e-11
-0.49114140033563,-0.47573107,-0.47573107,-4.810028098045649e-09
0.1888119776255117,0.1381177,0.1381177,8.152007957562546e-10
0.0997019345266421,0.0666399,0.0666399,2.0751952933828477e-10
0.0126642180114672,-0.036681846,-0.036681846,2.1581268022652367e-10
-0.0766760835967017,-0.14855935,-0.14855938,3.320491789859936e-08
-0.1947986988672962,-0.28356385,-0.28356397,1.1768981933446554e-07
-0.3108489875541962,-0.3866511,-0.38665122,1.21271820086033e-07
-0.4167679018319223,-0.5089739,-0.5089739,3.496551492787603e-09
-0.5809422189623978,-0.6843376,-0.6843376,-1.596679688464775e-08
-0.7481098967137656,-0.82501227,-0.82501227,3.3641052166188956e-09
-0.4886085567333365,-0.53332555,-0.5333256,4.7059631302914795e-08
-0.4278203102782937,-0.46492606,-0.46492606,-4.014434840104997e-09
-0.4186099699063175,-0.43557727,-0.43557727,-3.3688354328376136e-09
-0.4575236579779169,-0.4663219,-0.4663219,1.4414215099289862e-08
-0.5312063809537264,-0.5712692,-0.5712692,-1.4153289762397492e-08
-0.6274544378408775,-0.65661323,-0.65661323,-7.052611827873534e-10
-0.7299194744791125,-0.7440574,-0.7440574,-1.6915893574775964e-08
-0.8263977898755631,-0.8392866,-0.8392866,-2.538528443007948e-08
-0.9118236968256422,-0.9322118,-0.9322117,-1.1631088259189681e-07
-0.9888614247089904,-0.95647985,-0.95647997,1.22568817095825e-07
-0.991553216374702,-0.92982143,-0.92982143,-1.636810353922158e-09
-0.9942522733438668,-0.96053785,-0.96053785,-8.567809794968184e-10
-1.0272222925814367,-0.9906805,-0.9906804,-1.15766143782281e-07
-1.0642108619507773,-1.0336585,-1.0336585,-4.486083948762598e-09
-1.1086626245216111,-1.0795941,-1.0795941,-3.5284423827164346e-08
-1.1583622930738835,-1.1289576,-1.1289575,-1.292037963285253e-07
-1.203972804325936,-1.16763,-1.16763,4.2800903266027035e-08
-1.2447947988461912,-1.1944063,-1.1944063,2.9019165070920394e-08
0.8222531367081737,0.8984695,0.8984695,7.69424435276278e-09
0.9935654676269308,1.0662836,1.0662836,-1.63589477519821e-08
1.164877798545688,1.2156432,1.2156432,-3.250427238477016e-08
1.3642816675989722,1.3722572,1.3722571,1.326660157285886e-07
1.5590803664662685,1.5334905,1.5334905,3.859710684395168e-08
1.7697669024752236,1.7706944,1.7706944,-2.4961853029026315e-08
1.974006200223796,2.019743,2.019743,-3.430175787855205e-08
2.1890676479094395,2.2436748,2.2436748,-4.4903564422327236e-08
2.4059711636694785,2.4568489,2.4568486,2.597869874776393e-07
0.9109026627884446,0.9126515,0.9126515,-2.075576777116339e-08
1.0674784491120397,1.0341539,1.0341539,3.8293457071958414e-08
1.2445472427632818,1.1891074,1.1891074,1.8060302808819984e-08
1.428523791693506,1.3848728,1.3848728,-5.8486937515311865e-09
1.6191778373934131,1.5508032,1.5508032,-1.5490722704569748e-08
1.8128252437142125,1.7350159,1.7350157,1.691406250614591e-07
2.0239722967417664,1.9718771,1.9718771,-1.9165038445123628e-09
2.2279813359810388,2.2359867,2.2359867,9.594726346762172e-09
2.4435033006852813,2.4713788,2.471379,-1.9674682638637364e-07
0.6785718269053453,0.3447579,0.3447579,1.4543151849455427e-08
0.8132730548454971,0.4714022,0.47140223,-3.192375180871565e-08
0.930474636078894,0.6016113,0.6016113,1.620407108493538e-08
1.1084644637673338,0.7593245,0.7593245,-8.975982623837808e-09
1.064254829981848,0.8940237,0.8940237,1.6449737572088452e-08
1.1448453082366397,1.0655352,1.0655352,-1.2278747574256954e-08
1.237869745993599,1.2753575,1.2753575,-1.5182495038956745e-08
1.4630625680884166,1.501449,1.501449,-1.108551028750071e-08
1.7893388757656732,1.7929698,1.79297,-1.771163939956466e-07
0.5606794701440502,0.5118879,0.5118879,7.981872607309981e-09
0.7253143042931245,0.68229914,0.68229914,-2.884521510537752e-09
0.8892583629143005,0.8004557,0.8004557,-1.056976317581615e-08
1.0474459588029916,0.9398935,0.9398935,-1.5884399462429144e-08
1.207705881275377,1.0404713,1.0404713,1.5383911033950426e-08
1.3675052867291635,1.1756781,1.1756781,3.39645385150078e-08
1.5226995219969626,1.3417884,1.3417884,1.1140441902313114e-08
1.679966083848456,1.5347745,1.5347747,-1.5814514164880222e-07
1.8367721286813503,1.7431728,1.7431728,-3.522186275972672e-08
0.3575914649419753,0.4627658,0.4627658,1.2873840327110031e-08
0.4075575614599461,0.5438923,0.5438923,2.3970794682526275e-08
0.4671945153684919,0.62519705,0.62519705,2.955627409484407e-09
0.532127414990924,0.7446904,0.7446904,1.824340822853543e-08
0.6242308187106859,0.8730432,0.8730432,-2.0487976093441773e-08
0.7361364542301965,0.9867685,0.9867685,-1.5884399462429144e-08
0.8968568937211809,1.0837984,1.0837983,1.0850830078901197e-07
1.0824452522165011,1.1918036,1.1918036,-2.543792732012662e-08
1.311782727478708,1.3240659,1.3240659,2.36907959916266e-08
0.9274812754580016,0.8593336,0.8593336,-2.522811892724519e-08
1.049518285386686,0.9425808,0.9425808,1.9129943851226017e-08
1.170173744259574,1.034633,1.034633,4.042816170723995e-08
1.2887568765487674,1.1314754,1.1314753,1.4860839847585794e-07
1.4036558726891704,1.2279223,1.2279223,2.036590585063891e-08
1.5164825422458783,1.3499388,1.3499388,-4.973297129673426e-08
1.6235527490701016,1.4769324,1.4769325,-9.357452390723608e-08
1.742596398377894,1.6209185,1.6209185,1.2344360422744671e-08
1.859567721101992,1.7712153,1.7712153,1.9633483949732522e-08
1.481483248832369,1.3805372,1.3805372,-4.770965578160258e-08
1.631611796895581,1.4740765,1.4740764,1.0947570805441842e-07
1.7736812971333136,1.5882609,1.5882609,-1.0946655359944657e-08
1.9044681304153752,1.748745,1.748745,-3.540039061888933e-08
2.0674911549993538,1.9615448,1.9615449,-1.4787902835600164e-07
2.189988681946637,2.158371,2.158371,-2.8320312317475782e-08
2.3101836238009263,2.357564,2.357564,-2.7526855461701416e-08
2.4713645803105093,2.5042186,2.5042186,-2.166137713643934e-08
2.596855467878685,2.6371968,2.6371968,-2.074890126380069e-08
-0.6622234727450876,-0.5787,-0.5787,-6.008148201175345e-09
-0.571962137099721,-0.50191104,-0.50191104,-4.120788599237812e-09
-0.463280120710402,-0.4052943,-0.4052943,8.743286095125313e-10
-0.3352563895399331,-0.27587718,-0.27587718,2.284698485954806e-09
-0.2178245497972367,-0.20153092,-0.20153092,1.521034243001651e-09
-0.1073004653335225,-0.14194913,-0.14194913,-2.08484648989149e-09
-0.002302585092994,-0.052795514,-0.052795514,-4.6437835521384585e-10
0.1033860706754326,0.05529359,0.055293605,-1.516960144304358e-08
0.2049300732764701,0.14587367,0.14587367,-4.190368663170574e-09
-1.4218462949238235,-1.3097019,-1.3097018,-1.1955566403543116e-07
-1.207015105747479,-1.1377629,-1.1377629,-4.167175271518886e-09
-0.838831749377731,-0.9552422,-0.95524246,2.434129333650503e-07
-0.5215355235631514,-0.75119036,-0.75119036,-4.360809380266062e-09
-0.3446969884212086,-0.5160727,-0.5160727,9.513092091850694e-09
-0.2127588625926498,-0.27625132,-0.27625132,3.929443381789355e-09
-0.0955572813592529,-0.047868326,-0.047868326,-3.0634307590649e-10
0.2728563335197944,0.15409496,0.154095,-3.5734176645485505e-08
0.6472566696406263,0.4295018,0.42950183,-2.827079770284513e-08
2.8190549293526104,2.9367442,2.9367442,1.3104247909012656e-08
2.4679107026710185,2.6566486,2.6566484,2.358642579025627e-07
2.2042647095232004,2.3660033,2.366003,2.749176024607891e-07
1.9535131928961489,2.066639,2.0666392,-2.534667968845383e-07
1.6882553901832345,1.7896876,1.7896876,3.351440436283326e-08
1.4264514651098117,1.5094904,1.5094904,-2.9249572763845322e-08
1.2040217451265869,1.2055514,1.2055513,8.587951660921078e-08
0.989190555950242,1.0169058,1.0169058,-1.5393066377100695e-08
0.7824184145993768,0.81887627,0.8188764,-1.3352050776127555e-07
0.4229848815830062,0.41594294,0.4159429,3.7135696406842555e-08
0.4259782422038984,0.46332073,0.46332073,2.1166992048016198e-09
0.4282808272968925,0.48962724,0.48962724,2.088317851978161e-09
0.4425568548734556,0.508599,0.508599,-1.6712188743994716e-08
0.4552210728849228,0.50116295,0.5011629,4.62242126797463e-08
0.4863059716403425,0.48870015,0.4887001,5.144348141916666e-08
0.5167000948678638,0.503417,0.503417,1.5075683590382027e-08
0.5673569669137329,0.54845065,0.54845065,-1.2153625883470909e-09
0.6251518527478835,0.64214885,0.64214885,2.348327643453274e-09
1.5208574539225672,1.6053137,1.6053137,-4.128570552097699e-08
1.501285480632118,1.5900779,1.5900779,-2.2955322309670123e-08
1.4890817796392497,1.5742987,1.5742987,3.94332886344273e-08
1.4840160924346626,1.5478417,1.5478417,-3.187103270185787e-08
1.4759570446091834,1.5210814,1.5210814,4.7601318442502816e-08
1.4563850713187338,1.461112,1.4611121,-7.760009768098541e-08
1.4126359545518472,1.3711107,1.3711107,-2.2280883804626228e-08
1.3336572858621516,1.2061929,1.2061929,-4.893341065681511e-08
1.1929693366802152,1.0700408,1.0700408,2.2029113866395278e-08
-0.92425765632781,-0.9124692,-0.9124692,-8.240509052903633e-09
-0.8319239940987488,-0.7907999,-0.7907999,-1.5790557861272703e-08
-0.718176290504843,-0.6396379,-0.639638,1.1252212528400918e-07
-0.5830145455460923,-0.50169295,-0.5016927,-2.507255554284882e-07
-0.4252874666760002,-0.33862013,-0.33862013,3.7525940133065205e-09
-0.2452253124038658,-0.16654982,-0.16654979,-2.6727638241519358e-08
-0.0428280827296892,0.056531966,0.05653198,-1.4267425539615797e-08
0.1816739638372302,0.2420118,0.2420118,4.083633431406497e-10
0.4285110858061919,0.4565577,0.4565577,-8.90274048925832e-09
-0.0451306678226832,-0.04411854,-0.04411854,1.501121518754367e-09
-0.0610185049643422,-0.023803428,-0.023803428,1.8456268457978098e-10
-0.0522686816109648,-0.025982335,-0.025982335,-2.0984649781730091e-10
-0.0290125721717249,-0.021692619,-0.021692634,1.5272315977837847e-08
-0.0039143946580898,0.009875357,0.009875357,1.5103149460238274e-10
0.0414465316738928,0.09811875,0.09811877,-1.7758865350492314e-08
0.142299758747032,0.17672302,0.17672303,-1.1711387637447501e-08
0.3090069194798009,0.28165114,0.28165114,-7.406616431282487e-10
0.4800889918892586,0.42526,0.42526,7.381439182108096e-09
-0.1026952951475344,-0.08249538,-0.08249535,-2.6467704777877188e-08
-0.0400649806180963,-0.05014892,-0.05014895,3.0775260922988323e-08
0.0128944765207666,-0.028277263,-0.028277263,-4.531097372306725e-11
0.0589461783806475,0.0038157105,0.0038157403,-2.975541381821864e-08
0.1211159758914868,0.10809487,0.108094886,-1.4955841065589226e-08
0.1931868893022004,0.17988625,0.17988625,1.6880035424993167e-09
0.2873626196056569,0.24632962,0.24632962,4.805374154148723e-10
0.4089391125157425,0.39319265,0.39319265,-1.1123656995515319e-09
0.5641333477835412,0.6172541,0.6172541,-2.161178591641999e-08
-0.4004195476716646,-0.39432818,-0.39432818,3.0247497284641156e-09
-0.3504534511536938,-0.35239804,-0.35239804,2.0895385977048875e-09
-0.2894349461893515,-0.26252759,-0.26252747,-1.1502960206577484e-07
-0.2083839509159611,-0.17153837,-0.1715384,3.213253021994156e-08
-0.113287186575307,-0.09570901,-0.09570895,-6.095867156885593e-08
0.0004605170185988,0.004231259,0.004231259,2.2679901099526e-10
0.1413787247098344,0.12671171,0.12671173,-1.8712501520523617e-08
0.3046320078031123,0.25468814,0.25468814,3.730163566917355e-09
0.4856151961124443,0.43999064,0.43999064,-3.1341551576247184e-10
-0.7697541965879096,-0.7785041,-0.7785042,1.2638015745025655e-07
-0.6999858682701899,-0.71123475,-0.71123475,1.6365051536126884e-09
-0.60327729436444,-0.61743224,-0.6174322,-3.667144776731135e-08
-0.4909111418263306,-0.49226415,-0.49226427,1.1842681885143591e-07
-0.3647294787302569,-0.3411643,-0.34116417,-1.20904998790472e-07
-0.2132193796112486,-0.20700358,-0.20700358,1.4563369676867666e-09
-0.0478937699342761,-0.05930178,-0.05930178,1.325874326996157e-09
0.1439115683121278,0.12572065,0.12572065,-4.234312900308623e-11
0.3681833563697479,0.35081527,0.35081527,-3.629226696943988e-09
-0.3324932874283402,-0.3110909,-0.3110909,1.3407135013299154e-08
-0.3067043343868069,-0.27418596,-0.27418607,1.1447555542387633e-07
-0.260652632526926,-0.21656023,-0.21656023,3.409194870851451e-10
-0.192956630792901,-0.11585607,-0.11585607,3.6538314873713063e-09
-0.1089122748986183,-0.016219705,-0.016219735,2.9656753539053504e-08
-0.0057564627324851,0.078776196,0.078776166,2.9645332341732278e-08
0.1330894183750558,0.09831041,0.098310426,-1.5023590094198624e-08
0.2240415295483206,0.23662601,0.23662601,4.113426210761162e-09
0.5671267084044335,0.44811726,0.44811726,-3.83544923598933e-09
-1.3893798451126074,-1.3173414,-1.3173413,-1.4687652583056376e-07
-1.2261265620193291,-1.099071,-1.0990711,7.415161129564751e-08
-1.0230385568172546,-0.8885508,-0.88855094,1.2203353882966894e-07
-0.7789645369598857,-0.6749002,-0.6749002,2.5859069774369914e-08
-0.4759443387218692,-0.4384864,-0.43848652,1.2273361205128452e-07
-0.1807529298000326,-0.18872808,-0.18872811,3.080020904988601e-08
0.0716103963921148,0.06686723,0.06686725,-1.7677307131980236e-08
0.3833804179835086,0.32894468,0.32894468,3.0749511825689524e-09
0.6939991470284055,0.6311036,0.6311036,-2.4770355211423123e-08
0.6771902758495488,0.6710434,0.67104334,5.599609376183423e-08
0.7497217062788614,0.7267709,0.7267709,-2.2161865231851152e-08
0.8280095994406589,0.78420484,0.78420484,6.600952007218552e-10
0.9023830979443668,0.8276044,0.8276044,1.3032531720469365e-08
0.9610990178157148,0.8532044,0.8532044,2.9149627711611004e-08
1.0117558898615835,0.881487,0.881487,1.190948484275367e-08
1.040998720542608,0.9306514,0.9306514,2.6315307599666937e-08
1.0414592375612068,0.9917107,0.9917107,2.2446441705348263e-08
1.013597957935979,0.9850377,0.9850377,-1.5559387223085253e-08
1.2910594616417614,1.2800667,1.2800667,2.859191905457692e-08
1.2618166309607373,1.2655841,1.2655841,1.121368398138145e-08
1.234415868354108,1.2301381,1.2301381,-3.6569213879289464e-08
1.2037914866172872,1.1930565,1.1930563,1.641952513953271e-07
1.1731671048804664,1.1598116,1.1598116,1.594390863779438e-08
1.142772981652945,1.1184932,1.1184932,-6.515503692128277e-10
1.1116880828975253,1.0857033,1.0857033,-4.625396732294007e-08
1.0806031841421058,1.0581242,1.0581242,-1.539154048657565e-08
1.048827509858788,1.0340044,1.0340046,-1.5015563969988932e-07
1.28783584251157,1.2605749,1.260575,-6.313323974715956e-08
1.2463893108376771,1.2515624,1.2515624,-4.3051147535777545e-08
1.2060940717102813,1.2439692,1.2439692,2.041625979387618e-09
1.1674106421479813,1.2403226,1.2403225,8.987426758366723e-08
1.12918772960428,1.2095997,1.2095997,3.3352661077401535e-08
1.090964817060579,1.1630367,1.1630367,4.063415603994258e-09
1.0474459588029916,1.1112623,1.1112622,1.2147216787994353e-07
1.0106045973150868,1.0437483,1.0437481,1.5954437260212728e-07
0.9673159975667986,0.97366184,0.97366184,-3.7994385415629495e-11
0.2654880612222134,0.3100251,0.31002507,2.5939636216776307e-08
0.2162127402321409,0.27650237,0.27650237,8.343505886188041e-10
0.1830555148930266,0.2473827,0.2473827,4.432678113452937e-10
0.1740754330303498,0.22402792,0.22402792,-3.210945120901698e-09
0.1869699095511165,0.22817682,0.22817682,-2.7020645165798385e-09
0.2196666178716319,0.23839134,0.23839134,-2.2109986064222653e-10
0.2845995174940641,0.30579177,0.30579177,-4.548568743878434e-09
0.3796962818347181,0.44928387,0.44928387,-1.9255828598296887e-09
0.5196934554887562,0.6385255,0.6385255,-1.4007568327478737e-08
0.4338070315200782,0.43620726,0.4362073,-3.533821107959412e-08
0.4105509220808384,0.41746512,0.41746512,5.539703140655661e-10
0.4004195476716646,0.39991653,0.39991653,-3.445434493265509e-10
0.3999590306530657,0.38784972,0.38784972,-1.6677093594985593e-09
0.4059457518948503,0.4283678,0.4283678,-6.439971944605105e-09
0.4204520379807128,0.49278957,0.49278957,-3.4831237893939715e-09
0.4750233046846717,0.576323,0.576323,-2.7225494414473417e-08
0.5809422189623978,0.6809337,0.6809337,1.3912963892082075e-08
0.7458073116207715,0.8561059,0.85610604,-1.163473510867874e-07
1.3578344293385889,1.2443753,1.2443753,4.809112552628392e-08
1.2528365490980604,1.140009,1.140009,4.56008910632022e-08
1.1487597028947296,1.079952,1.079952,1.5716552503874937e-09
1.052281387498279,0.97010046,0.97010046,2.4366759721061726e-09
0.9654739294924036,0.863246,0.863246,2.3654937786332653e-08
0.8818900906167196,0.7680331,0.7680331,-1.2746429467469511e-08
0.8001483198154309,0.72695184,0.72695184,-2.4603271642220648e-09
0.7407416244161845,0.6701387,0.6701387,1.6697692895029093e-08
0.7089659501328668,0.67971903,0.679719,3.0857086219526764e-08
-1.259283787358444,-1.235454,-1.2354538,-1.6327972418572756e-07
-1.145536083764538,-1.0619855,-1.0619854,-9.270629885982373e-08
-0.9984008963222184,-0.89366597,-0.8936661,1.306282043644913e-07
-0.8008390953433292,-0.7000896,-0.70008945,-1.2386016845500336e-07
-0.5774883413229067,-0.49021065,-0.49021053,-1.223513794168518e-07
-0.3343353555027354,-0.24353419,-0.24353419,-2.442893970444615e-09
-0.0619395390015398,0.049327463,0.049327463,-8.839416698602776e-11
0.2205876519088296,0.34806406,0.34806412,-5.502044675420592e-08
0.5183119044329597,0.5990932,0.5990932,-1.223754875212535e-09
-0.6560064929940036,-0.63713497,-0.63713497,7.655334144374137e-10
-0.5664359328765353,-0.53804713,-0.53804713,-4.876251180618851e-09
-0.4361096166130723,-0.42847043,-0.42847055,1.1724166870674679e-07
-0.300487354635723,-0.28604972,-0.28604984,1.163748168941936e-07
-0.0872679750244743,-0.08846752,-0.08846749,-3.345561981615841e-08
0.145753636386523,0.11367162,0.11367162,3.170375822980631e-09
0.3569006894140771,0.32074547,0.32074547,-1.860351539484384e-09
0.5954485050482603,0.5583709,0.5583709,-1.1766815188885005e-08
0.8231741707453714,0.79017794,0.79017794,1.3223266925876942e-09
-0.5470942180953853,-0.5309393,-0.5309393,1.9013214114238508e-08
-0.5072594959865883,-0.4546759,-0.4546759,-1.285705564235684e-08
-0.449004093133839,-0.36184162,-0.36184162,9.852599847093302e-10
-0.3709464584813408,-0.28174096,-0.28174102,5.654098511609362e-08
-0.2887441706614533,-0.2093022,-0.2093022,-1.8671035828532467e-09
-0.1669374192420683,-0.10396953,-0.10396956,3.0728874209073886e-08
-0.0264797285694315,0.033041477,0.033041477,2.0336914097196512e-10
0.1545034597399004,0.21035175,0.21035178,-2.9745368945732764e-08
0.3826896424556104,0.4103669,0.4103669,-7.1853637484409205e-09
0.9152775744651332,0.8811676,0.8811676,-9.381866505897563e-09
0.8825808661446177,0.9050271,0.9050271,-8.496856662709718e-09
0.8551801035379887,0.9206471,0.9206471,-1.52870178737885e-08
0.8326147696266469,0.92282826,0.92282826,-2.9161071335437327e-09
0.8160361569570899,0.8856486,0.8856485,1.0820770268704649e-07
0.8054442655293172,0.8317847,0.8317847,2.5189208940901153e-08
0.7999180613061315,0.79228586,0.79228574,1.195848083890283e-07
0.7994575442875328,0.788075,0.78807485,1.202453613347032e-07
0.8107402112432036,0.7744828,0.77448267,1.1665542598571221e-07
-0.8636996683820666,-0.8832038,-0.8832038,-4.4929504561253e-09
-0.7018279363445852,-0.7313233,-0.7313232,-1.0179214482430865e-07
-0.532127414990924,-0.5495377,-0.5495377,-1.8296051007560266e-08
-0.3495324171164961,-0.36816633,-0.36816645,1.2252349851360478e-07
-0.1579573373793915,-0.19925104,-0.1992511,5.918369291868508e-08
0.0414465316738928,-0.02663283,-0.02663283,-5.006027224696563e-10
0.2367057475597879,0.20980515,0.20980515,-4.140281673059576e-09
0.4278203102782937,0.4451693,0.44516933,-3.015907285019992e-08
0.6164020293945061,0.6372625,0.63726246,6.317428591362528e-08
0.3483811245699991,0.37703437,0.37703437,-3.8691711501392945e-09
0.3117700215913938,0.31514075,0.31514075,3.98445126892355e-09
0.2977242525241301,0.2806697,0.28066966,2.9178466809387515e-08
0.2864415855684593,0.2760251,0.2760251,-1.335868837770704e-08
0.3025596812194176,0.30885613,0.30885613,-3.5369873696566856e-10
0.3304209608446455,0.35869944,0.35869944,9.561157421345001e-10
0.3806173158719158,0.4642132,0.4642132,-7.537078849928491e-09
0.4572933994686175,0.57308936,0.57308936,1.1907959063250928e-09
0.5616005041812479,0.6300861,0.6300862,-7.605667118326664e-08
1.1846800303454366,1.1676002,1.1676,1.5487670901315198e-07
1.1372467774297592,1.0448964,1.0448962,1.6421203619110258e-07
1.0861293883652914,0.9505916,0.9505916,2.3783111591235695e-08
1.0320186386799313,0.88085294,0.88085294,-2.301635770862731e-09
0.9746842698643796,0.8130649,0.8130649,-2.678146360235445e-08
0.9129749893721392,0.76085365,0.76085365,-1.8142700675127799e-09
0.8462000216753118,0.73032486,0.73032475,1.1438751224002175e-07
0.7720567816809035,0.7067095,0.7067095,4.127502450934628e-09
0.6873216502587227,0.7109014,0.7109013,7.958526615503558e-08
1.1054711031464417,0.9512825,0.9512825,1.2207030941624453e-09
1.080833442651405,0.7746363,0.7746363,2.8220367376263766e-08
1.048366992840189,0.5969399,0.59693986,6.137908936665326e-08
1.0092230462592904,0.54092616,0.54092616,-1.5718079060533796e-09
0.9659344465110022,0.5246965,0.5246965,2.8911590566060852e-08
0.9164288670116304,0.5188938,0.5188937,7.832412718400406e-08
0.8570221716123838,0.5201334,0.5201334,-2.387847897189488e-08
0.7879446188225625,0.5360946,0.5360946,5.92269899790665e-09
0.6981438001957948,0.5881292,0.5881292,2.2393035870038602e-08
0.9376126498671756,0.9448209,0.9448209,-1.9110107385422737e-08
0.8132730548454971,0.78069925,0.78069925,3.082275434884707e-09
0.7306102500070109,0.68378127,0.68378127,-3.78753661767206e-09
0.660151146161393,0.6160972,0.6160972,1.1837768543188076e-08
0.6205466825618954,0.6179484,0.61794835,6.289520260160941e-08
0.5954485050482603,0.637162,0.6371621,-7.025680537342538e-08
0.5929156614459669,0.6839449,0.6839449,-1.903762814059462e-08
0.615250736848009,0.71324706,0.713247,6.077575687157832e-08
0.6566972685219019,0.79420704,0.79420704,-3.5047912350094634e-09
-0.2624947006013212,-0.18708648,-0.18708645,-2.7875709546210103e-08
-0.2459160879317641,-0.11368202,-0.11368199,-2.67303085360604e-08
-0.2162127402321409,-0.04032229,-0.04032229,1.129188534343406e-09
-0.1593388884351879,0.04772967,0.04772967,1.001434324354733e-09
-0.0987809004894445,0.14030054,0.14030054,2.1161651597711995e-09
-0.0055262042231857,0.24648824,0.24648824,3.341445925508779e-09
0.1208857173821874,0.3438853,0.3438853,2.543640131857927e-09
0.2816061568731718,0.4783315,0.4783315,6.252288797803374e-09
0.5160093193399656,0.65388644,0.65388644,-2.5839232975499726e-09
-0.2615736665641236,-0.1772408,-0.17724083,2.6162223804027107e-08
-0.1710820724094576,-0.14686717,-0.14686717,-9.299087611047696e-10
-0.0810509952733904,-0.1304755,-0.1304755,-6.186485296266753e-09
0.0099011158998743,-0.10554917,-0.10554917,-1.5669631980852472e-09
0.1001624515452409,-0.047964856,-0.047964886,2.997144317451461e-08
0.190654045699907,0.038191274,0.03819126,1.3808479311372412e-08
0.2809153813452736,0.17513002,0.17513001,1.455234527325544e-08
0.3714069754999396,0.3032551,0.3032551,1.0979080200534952e-08
0.462128828163905,0.46398538,0.46398538,3.5105895968001732e-09
1.408491301384458,1.368017,1.3680168,1.582366944141711e-07
1.360827789959481,1.2735631,1.2735631,4.6591186464439716e-08
1.3060262647462229,1.1626625,1.1626626,-9.389648436552989e-08
1.24915241294927,1.0586354,1.0586354,-4.5957946781527426e-08
1.1862918399105324,0.9624619,0.9624619,-1.120986936609114e-08
1.1135301509719204,0.8989565,0.8989566,-1.223579406683939e-07
1.0292555365683385,0.8424241,0.8424241,-5.323028573478439e-09
0.9355403232834808,0.74849415,0.7484941,4.8254394480196083e-08
0.8190295175779821,0.7106998,0.7106998,-3.323364250462646e-09
-0.0057564627324851,-0.04229887,-0.042298898,2.970146942282703e-08
-0.0177299052160541,-0.107505456,-0.107505456,3.8686370773532985e-10
-0.0064472382603833,-0.09035955,-0.090359524,-2.969472503999704e-08
0.0200324903090481,-0.04811518,-0.04811518,1.0573196415619712e-09
0.0633210900573362,0.014940694,0.014940694,-2.5505065073816446e-11
0.1300960577541636,0.10463647,0.104636475,-7.006740576631643e-09
0.2097655019717575,0.20321266,0.20321266,3.5313034163486634e-09
0.3145331237029867,0.31705558,0.3170556,-1.6999816887519614e-08
0.4485435761152401,0.471375,0.471375,-1.144409178532868e-08
0.2235810125297218,0.17922302,0.179223,1.5904426581281328e-08
0.2599618569990278,0.15869556,0.15869556,3.673973070217329e-09
0.2965729599776331,0.12221015,0.12221014,1.2447223668443641e-08
0.3331840629562384,0.13197894,0.13197894,3.943977366915874e-09
0.3697951659348437,0.17158903,0.17158902,1.1815528860870117e-08
0.4059457518948503,0.23096538,0.23096538,-4.099731443218957e-09
0.442787113382755,0.3106268,0.3106268,4.8286438181222024e-09
0.4791679578520609,0.43861908,0.43861908,-2.794342035539188e-09
0.5160093193399656,0.5525553,0.5525553,2.2647094755079422e-08
-0.2661788367501116,-0.22566487,-0.22566481,-5.895084381757343e-08
-0.2456858294224647,-0.22997527,-0.22997521,-5.8244743333935034e-08
-0.2192061008530332,-0.2325807,-0.2325807,-6.477165220841741e-09
-0.1782200861977391,-0.19951133,-0.1995113,-3.4300041196200226e-08
-0.1266421801146725,-0.14407523,-0.14407523,2.360153184000069e-10
-0.03476903490421,-0.047930315,-0.047930315,-1.369094837500029e-10
0.0718406549014142,0.06923658,0.06923656,1.6557159421282108e-08
0.2189758423437337,0.25355315,0.25355315,2.0843505810219654e-09
0.3852224860579039,0.43053395,0.43053395,-4.43954467632679e-09
1.2871450669836717,1.2738634,1.2738633,1.3479156502071987e-07
1.2136926025171615,1.1532073,1.1532072,1.0209350587153665e-07
1.13701651892046,0.985558,0.985558,-2.6615142867392194e-08
1.0571168161935665,0.79239285,0.79239273,1.1992218018619383e-07
0.9742237528457808,0.6606366,0.66063666,-5.6167755113634144e-08
0.8887978458957018,0.59669495,0.59669495,-3.7109374462218625e-09
0.7992272857782334,0.57786536,0.57786536,2.1673584038595095e-09
0.7029792288910822,0.5397433,0.5397433,4.252624474787581e-09
0.5942972125017633,0.49208432,0.49208432,4.3598937793376535e-09
-0.6014352262900448,-0.61088,-0.61088,-1.7280578634704113e-08
-0.56850825946023,-0.5707116,-0.5707115,-1.1270141597741201e-07
-0.5137067342469717,-0.522974,-0.522974,-1.4282226512563057e-08
-0.4188402284156169,-0.44483912,-0.44483924,1.200888061769767e-07
-0.2781522792336807,-0.3545794,-0.3545794,1.090469359255053e-08
-0.1600296639630862,-0.23569514,-0.2356952,6.14263534481907e-08
0.0209535243462458,-0.063282445,-0.063282445,-7.312773997458777e-11
0.2175942912879373,0.21837519,0.21837519,1.092491153098507e-09
0.4167679018319223,0.5454314,0.5454314,-2.4496459971601325e-08
-0.404103683820455,-0.38741624,-0.38741624,-3.553161598279786e-09
-0.3870645541322991,-0.34759498,-0.34759498,3.574829099406429e-09
-0.343775954384011,-0.306845,-0.306845,-9.326934835574008e-09
-0.2599618569990278,-0.25487655,-0.25487655,-4.012298604472164e-09
-0.1766082766326433,-0.15408967,-0.15408964,-3.4353599548397895e-08
-0.0490450624807731,-0.07429053,-0.0742905,-2.889347076873161e-08
0.0683867772619231,0.055807054,0.05580707,-1.595718383817779e-08
0.2210481689274284,0.29223365,0.29223365,-4.084014904037758e-09
0.4232151400923056,0.5691346,0.56913453,6.300994870311882e-08
0.6963017321213995,0.58637387,0.58637387,-4.395599328965716e-09
0.615250736848009,0.4273268,0.4273268,-1.5609741277344824e-09
0.5616005041812479,0.3610107,0.3610107,4.642486395312062e-10
0.4796284748706598,0.3070385,0.3070385,-1.3996124259563203e-08
0.4271295347503955,0.25302503,0.25302503,-4.870681746815819e-09
0.3838409350021074,0.225841,0.22584102,-1.9323844913099464e-08
0.3605848255628676,0.25797722,0.25797722,-2.5641632150907867e-09
0.3644992202209574,0.30886325,0.30886325,2.4013519506205228e-09
0.4218335890365092,0.39225638,0.39225638,-8.724975741891683e-10
0.6269939208222787,0.6205323,0.6205322,7.424621584206648e-08
0.5528506808278705,0.563855,0.56385505,-5.761032106921249e-08
0.4904506248077317,0.45832554,0.45832556,-2.4941024800995137e-08
0.4455502154943478,0.37854898,0.37854898,-2.407836707796207e-10
0.4158468677947247,0.32519266,0.32519266,9.33074728592942e-11
0.3967354115228741,0.32254308,0.32254308,4.6214294613378115e-09
0.3893671392252931,0.37644506,0.37644506,-4.992065427700254e-09
0.4105509220808384,0.4608147,0.4608147,1.4431762673794424e-08
0.4941347609565222,0.54587954,0.54587954,2.8276061492249482e-09
2.833100698419874,2.769773,2.769773,6.4392091658760364e-09
2.500146893972935,2.4290152,2.4290154,-2.4039306634193736e-07
2.208639621199889,2.0533445,2.0533445,-1.1856079229488614e-08
1.9592696556286333,1.6655961,1.6655959,2.2751007078269936e-07
1.668683416892785,1.2677244,1.2677245,-1.0520172111228021e-07
1.3810905387778287,0.9091069,0.909107,-8.977127075038283e-08
1.0962607627744654,0.57595646,0.5759564,6.381378170328134e-08
0.8155756399384911,0.46117902,0.46117902,-1.97937011225946e-09
0.5576861095231579,0.43716353,0.43716353,1.7802428975421947e-09
-0.3488416415885979,-0.3472867,-0.3472867,-1.2023925743953612e-09
-0.3108489875541962,-0.26476693,-0.26476693,-1.5338134651265989e-09
-0.2493699655712551,-0.19119786,-0.19119786,2.7392959567329456e-09
-0.1632532830932778,-0.12927268,-0.12927268,-4.454917906793199e-09
-0.0575646273248511,-0.049787447,-0.049787447,1.4350128030304887e-10
0.0644723826038332,0.050214887,0.050214887,-3.3465576143587583e-10
0.2090747264438593,0.1998113,0.1998113,-5.3251266451948e-09
0.363117669165161,0.3533662,0.3533662,-3.844451923473713e-09
0.5183119044329597,0.5358304,0.5358304,-2.146759037202628e-08
-0.8448184706195154,-0.7624979,-0.7624978,-1.0191650390289908e-07
-0.7663003189484184,-0.6713378,-0.6713378,1.666336058026019e-08
-0.6870913917494232,-0.5595429,-0.5595428,-9.436340331347992e-08
-0.5498573202069782,-0.42415756,-0.42415756,1.2832640505777704e-10
-0.3976564455600717,-0.29522842,-0.29522842,-1.688079842576684e-09
-0.2171337742693385,-0.13902979,-0.13902982,3.400928497154787e-08
-0.0234863679485392,0.0899844,0.0899844,2.0605087219793816e-09
0.1867396510418171,0.28755027,0.28755027,5.574035677469169e-10
0.4163073848133234,0.5079105,0.5079105,-9.963989300310061e-09
1.591777074786784,1.5720469,1.5720469,-2.404632559738218e-08
1.510956338022693,1.4745314,1.4745312,2.121246338582239e-07
1.4264514651098117,1.3790611,1.379061,1.0286712637253004e-07
1.337341422010942,1.2583226,1.2583226,-3.450012275862946e-09
1.242935433198186,1.1080799,1.10808,-8.972167964138578e-08
1.1425427231436456,0.966046,0.966046,-2.4314880331388622e-08
1.0359330333380212,0.8863894,0.8863894,-2.5267028802566927e-08
0.9226458467627142,0.80871415,0.80871415,1.3824462685718686e-09
0.8038324559642215,0.70455724,0.7045572,4.000930786673962e-08
-0.2871323610963575,-0.2849036,-0.2849036,1.408920285994597e-08
-0.2019367126555778,-0.1664332,-0.1664332,-2.4013518951093715e-10
-0.1107543429730136,-0.03356348,-0.03356351,3.021884917991935e-08
-0.0082893063347785,0.08337794,0.08337794,2.442893984322403e-09
0.1059189142777261,0.18893489,0.18893489,2.416000371985305e-09
0.2270348901692129,0.31437755,0.31437755,-3.68957520091584e-09
0.3516047437001908,0.43389338,0.43389338,2.5492858934939022e-09
0.4690365834428871,0.528604,0.528604,-2.8995513878804502e-08
0.5687385179695293,0.61386245,0.61386245,4.89120488555983e-09
-0.3907486902810895,-0.36265445,-0.36265445,2.4444580248861314e-09
-0.3405523352538194,-0.33217382,-0.33217394,1.156896972664967e-07
-0.2797640887987765,-0.29611456,-0.29611468,1.1605804445258272e-07
-0.1796016372535356,-0.24273874,-0.24273868,-5.8656043994131934e-08
-0.0960177983778517,-0.14290784,-0.14290784,-2.9937362588938754e-09
0.0481240284435755,0.009003952,0.009003937,1.5145576476999212e-08
0.2051603317857694,0.1306048,0.13060483,-2.6437835698445156e-08
0.3937420509019819,0.2744234,0.2744234,-9.373092635378555e-09
0.585086872129787,0.5258785,0.5258785,-1.0982513454216303e-08
0.3935117923926824,0.36156943,0.36156943,4.404373143973572e-09
0.4024918742553592,0.3515064,0.3515064,1.2029266360791269e-08
0.4112416976087366,0.33595315,0.33595315,-3.780746438142302e-09
0.4206822964900122,0.3023275,0.3023275,1.3694763156824052e-08
0.43311625599218,0.27976674,0.2797667,3.8414764425009906e-08
0.4453199569850484,0.29564005,0.29564005,1.364898694067307e-09
0.4591354675430127,0.33029753,0.33029753,-3.0258179295472587e-10
0.4711089100265818,0.39734933,0.39734933,-2.197341919529805e-09
0.4853849376031448,0.48027205,0.48027205,4.672241205039285e-09
0.3020991642008188,0.27808675,0.27808675,1.699447638170426e-09
0.3023294227101182,0.23672932,0.23672932,3.863983161211948e-09
0.3023294227101182,0.19746977,0.19746977,9.083557239719653e-10
0.3023294227101182,0.17414449,0.17414449,1.553306566703938e-09
0.3023294227101182,0.17075095,0.17075095,-4.193496716542455e-09
0.3023294227101182,0.21433209,0.21433209,-1.1719131498555413e-09
0.3025596812194176,0.2654896,0.2654896,8.049392707931702e-09
0.3025596812194176,0.32691982,0.32691982,3.884963961642285e-09
0.302789939728717,0.4028746,0.4028746,-1.1033630398227245e-08
-0.3216711374912682,-0.41895205,-0.41895205,2.175140401128317e-09
-0.2956519259404355,-0.40520287,-0.40520298,1.1439941405289034e-07
-0.2387780741434825,-0.37548095,-0.37548095,1.2130735305149187e-10
-0.1796016372535356,-0.32393324,-0.32393324,-3.751525867734529e-09
-0.0934849547755582,-0.25278825,-0.25278825,4.322051994076759e-09
0.0147365445951618,-0.19475128,-0.19475128,2.434043883114967e-09
0.1535824257027028,-0.10829793,-0.10829793,8.322525030246553e-10
0.3129213141378908,0.025740013,0.025739983,2.952651214499502e-08
0.482621835491552,0.30589047,0.30589047,7.431792958811911e-10
-0.1277934726611695,-0.13408674,-0.13408671,-3.299716949678455e-08
-0.1061491727870255,-0.062227413,-0.062227383,-3.005828094759799e-08
-0.0674657432247255,0.0045006573,0.004500672,-1.4679977416824641e-08
-0.0094405988812755,0.057393953,0.05739394,1.320415497080285e-08
0.0716103963921148,0.12435507,0.124355085,-1.470705032757813e-08
0.1644045756397749,0.21508186,0.21508184,1.5654716495339116e-08
0.2746984015941897,0.33009803,0.33009803,2.9513549937298933e-09
0.3969656700321735,0.4619753,0.46197528,2.6272506725710798e-08
0.5341997415746187,0.60867244,0.60867244,5.2032489428199824e-11
1.9311781174941065,1.919766,1.9197658,1.4924926761139545e-07
1.831476182967464,1.8321183,1.8321184,-1.2721862785447513e-07
1.729011146329229,1.7189249,1.7189249,-1.9972228981757212e-08
1.6217106809957067,1.5977452,1.5977452,-1.986999520475763e-08
1.507041943364603,1.4651192,1.4651194,-1.5733184821620227e-07
1.3827023483429246,1.3304142,1.330414,1.7598724366685303e-07
1.249843188477168,1.2052628,1.2052628,-1.981048591837009e-08
1.1089249807859325,1.0236566,1.0236567,-9.332580575005522e-08
0.9465927317298524,0.86999345,0.86999357,-1.2174255370478448e-07
-0.6233097846734882,-0.62603635,-0.62603635,4.041290302403411e-09
-0.5744949807020144,-0.58204955,-0.58204955,1.3740539817064246e-09
-0.4835428695287496,-0.4985556,-0.4985556,-6.431579713250812e-10
-0.3741700776115325,-0.3922369,-0.3922369,1.159133911077248e-08
-0.24361350283877,-0.2624256,-0.2624256,-1.482391376317338e-09
-0.104767621731229,-0.11398445,-0.11398448,2.930210113438747e-08
0.0425978242203898,0.049298957,0.049298927,2.9990242005062395e-08
0.2083839509159611,0.20388581,0.2038858,8.587074273869177e-09
0.3983472210879699,0.3663289,0.3663289,-4.907989514801869e-09
0.5328181905188222,0.5771094,0.57710934,5.645767209294661e-08
0.5222262990910496,0.5884314,0.5884314,1.7942047070285128e-08
0.528673537351433,0.62219536,0.62219536,3.0447387944221305e-09
0.5443311159837925,0.5945439,0.5945439,-2.573623658630453e-08
0.5726529126276192,0.61282957,0.6128295,6.600189206285023e-08
0.6166322879038054,0.645718,0.645718,-2.1522521986838683e-08
0.6695917450426686,0.70026606,0.7002661,-3.678665161377381e-08
0.7292286989512143,0.78571415,0.78571415,-5.249023438125278e-10
0.7794250539784846,0.8022799,0.8022798,8.958358765909225e-08
-0.5519296467906728,-0.56860024,-0.56860024,2.630462625496932e-09
-0.4807797674171568,-0.47505164,-0.47505176,1.1853576659115461e-07
-0.3776239552510235,-0.34988058,-0.34988058,3.8662719692439396e-09
-0.2468371219689617,-0.20171855,-0.20171855,-3.900718692495531e-09
-0.0937152132848576,-0.044778213,-0.044778213,9.506988252194759e-11
0.0778273761431987,0.13481088,0.13481088,-1.7345427871795494e-10
0.2638762516571176,0.3141496,0.31414956,2.834648132887807e-08
0.4437081474199527,0.49897796,0.4989779,5.9156036402718826e-08
0.6088034985876258,0.62722695,0.62722695,-1.2619018052717479e-09
2.810535364508532,2.7910106,2.7910106,1.820983897005135e-08
2.627710108124805,2.5877886,2.5877888,-2.1815185524687308e-07
2.4326811507482096,2.3521185,2.352119,-5.078735352270769e-07
2.22360642430435,2.1627991,2.1627991,1.9949340845926145e-08
2.005781874507113,1.9500529,1.9500531,-2.4260101327833183e-07
1.7845034470703856,1.7318408,1.7318408,4.89227294231398e-08
1.557929073919771,1.4650342,1.4650341,1.4644470214264516e-07
1.3288218571668635,1.2470701,1.2470701,-2.5918579060757452e-08
1.0939581776814713,1.0397451,1.0397451,-7.608032204231563e-09
-1.0582681087400636,-1.17502,-1.1750201,1.2052307130083761e-07
-0.838371232359132,-0.98938984,-0.98938984,3.211822474646908e-09
-0.6295267644245721,-0.7923569,-0.7923569,-8.321380584597193e-09
-0.4273597932596948,-0.6067538,-0.6067537,-1.2614135747046618e-07
-0.2291072167529075,-0.42229033,-0.42229033,4.8352050696642834e-09
-0.0340782593763118,-0.23931842,-0.23931842,4.477424625504156e-09
0.1650953511676731,-0.038031206,-0.038031206,4.650650003990009e-10
0.3720977510278378,0.16879134,0.16879134,-1.1986160397547962e-09
0.5740344636834156,0.4175747,0.4175747,3.693389871717301e-09
-0.1026952951475344,-0.08502497,-0.085025,3.221035003997397e-08
-0.1238790780030796,-0.07478021,-0.07478024,2.9147377011984332e-08
-0.1268724386239719,-0.08082275,-0.08082278,2.9073982235616747e-08
-0.1128266695567082,-0.09719901,-0.09719904,3.213123321577083e-08
-0.0663144506782285,-0.085486785,-0.085486785,4.226303057519587e-10
-0.0071380137882815,0.0018468052,0.0018468052,1.4881896930052374e-11
0.0778273761431987,0.10709236,0.10709239,-3.182806014578876e-08
0.2166732572507397,0.23459965,0.23459965,-9.384154564529013e-11
0.4340372900293776,0.4391089,0.4391089,8.17642209494096e-09
-0.1220370099286844,-0.102545485,-0.102545485,9.952545731994888e-11
-0.0794391857082945,-0.089845434,-0.089845404,-2.9831214901077097e-08
-0.0292428306810243,-0.068970636,-0.068970606,-2.9533332820963487e-08
0.0287823136624255,-0.048613235,-0.048613235,-3.544235252506134e-10
0.101313744091738,0.0412751,0.0412751,-1.0801315328268224e-09
0.1957197329044939,0.15924563,0.15924561,1.5138282766224975e-08
0.3223619130191664,0.27423456,0.27423456,3.1122588950438512e-09
0.4796284748706598,0.4388734,0.4388734,1.0224914526180129e-08
0.6617629557264888,0.6355546,0.63555455,6.168289179431241e-08
-0.360815084072167,-0.33136654,-0.33136654,9.985351434593781e-10
-0.3368681991050289,-0.29266644,-0.29266644,4.7583008089269185e-09
-0.2871323610963575,-0.2679913,-0.2679913,-4.397583019954965e-09
-0.2307190263180034,-0.22515194,-0.22515194,-1.1802291921547692e-09
-0.1669374192420683,-0.140954,-0.14095403,2.7262001045524897e-08
-0.0840443558942826,-0.019810066,-0.019810036,-2.9627098083878645e-08
0.0488148039714737,0.1445716,0.1445716,2.3445129448962376e-09
0.2694024558803033,0.31448528,0.31448525,3.170585632927825e-08
0.5853171306390864,0.59933305,0.59933305,-2.133178744756492e-09
-0.959487208250619,-1.006261,-1.0062609,-9.109649656835472e-08
-0.8162664154663892,-0.9107341,-0.910734,-1.1703109736860284e-07
-0.6594603706334947,-0.76752526,-0.7675255,2.443199157431408e-07
-0.4929834684100252,-0.61144024,-0.61144024,-1.3368225415533175e-09
-0.3156844162494837,-0.43130577,-0.4313059,1.3389434816435397e-07
-0.0999321930359416,-0.1999798,-0.1999798,2.9943466317572387e-09
0.1462141534051219,0.07439645,0.07439646,-1.3652763364291332e-08
0.4485435761152401,0.34637916,0.34637916,8.81042461209347e-10
0.7697541965879096,0.6711191,0.6711191,-6.105041472359574e-09
-0.658999853614896,-0.58496946,-0.58496946,-9.642028286904747e-10
-0.6511710642987162,-0.54250443,-0.54250443,1.828003304282788e-10
-0.59936289970635,-0.4571963,-0.45719618,-1.1526138304907008e-07
-0.5001214821983068,-0.37621385,-0.37621385,1.4091491862266992e-09
-0.3569006894140771,-0.27900368,-0.2790038,1.2024765017049077e-07
-0.1680887117885653,-0.12076791,-0.120767936,2.969182587297947e-08
0.0653934166410309,0.04202442,0.042024434,-1.5288337706920174e-08
0.3444667299119093,0.250302,0.25030202,-3.306724549734241e-08
0.6684404524961716,0.5304711,0.53047115,-6.349792480708771e-08
0.2512120336456504,0.26549667,0.26549667,1.1997985938094757e-09
0.2369360060690873,0.25081176,0.25081176,-4.342803949786145e-09
0.2251928220948177,0.23434044,0.23434044,4.207191456329085e-09
0.2139101551391468,0.19847925,0.19847925,7.343292640626942e-11
0.2125286040833504,0.24560621,0.24560621,3.80805970090492e-09
0.2240415295483206,0.3285063,0.3285063,-9.087371799498811e-09
0.2553566868130397,0.34009218,0.34009218,2.1594238064359672e-09
0.3080858854426033,0.3473128,0.3473128,8.036804222122385e-09
0.3884461051880955,0.43164283,0.43164283,3.7185671208916915e-10
-0.6933083715005072,-0.7369454,-0.7369454,9.298706027394132e-09
-0.6385068462872489,-0.7009775,-0.7009776,9.574661252731431e-08
-0.5263709522584389,-0.65454036,-0.65454036,2.609257254704289e-11
-0.4188402284156169,-0.53254616,-0.53254616,-2.6052856538782976e-09
-0.2599618569990278,-0.38139266,-0.38139278,1.2224319456688448e-07
-0.0607882464550428,-0.21303259,-0.21303259,1.6373062072805311e-09
0.1752267255768469,0.020261675,0.020261675,1.1940002458965537e-10
0.4556815899035216,0.3293649,0.3293649,-4.179382340208093e-09
0.7430442095091786,0.66055185,0.6605518,4.602737424530545e-08
-0.5337392245560199,-0.43350673,-0.4335066,-1.2721862790998628e-07
-0.5169303533771633,-0.39742595,-0.39742595,4.264831265921032e-10
-0.5010425162355043,-0.37441784,-0.3744179,5.856552126592973e-08
-0.4796284748706598,-0.35762334,-0.35762334,1.300659191461051e-09
-0.4487738346245395,-0.26934022,-0.26934022,2.8865051460158497e-09
-0.3960446359949758,-0.14322074,-0.1432208,6.242351532903534e-08
-0.2795338302894771,0.024660274,0.024660304,-2.9613594056121517e-08
-0.0508871305551684,0.18384343,0.18384343,3.856964109205663e-09
0.3366379405957295,0.41740724,0.41740727,-2.5556106564295078e-08
0.6714338131170638,0.6496157,0.6496157,5.013275128362693e-09
0.7398205903789868,0.66129863,0.6612987,-6.737823488034422e-08
0.7828789316179756,0.69261396,0.69261396,-6.87561008128057e-10
0.8038324559642215,0.7176377,0.7176377,1.7723846390538256e-08
0.8160361569570899,0.7342634,0.73426336,6.010498043718115e-08
0.8413645929800244,0.7360379,0.7360379,9.984588600353561e-09
0.8759033693749351,0.7353643,0.7353643,1.7893981962835426e-08
0.9318561871346904,0.77100617,0.77100617,-3.0650330051784636e-09
1.0108348558243865,0.8834,0.8834,2.2983551062338847e-08
-1.0601101768144587,-1.032917,-1.0329171,7.72949217964225e-08
-0.8641601854006655,-0.9018567,-0.90185684,1.195524597097375e-07
-0.6707430375891655,-0.74047357,-0.7404737,1.3156051636986632e-07
-0.4775561482869651,-0.5758696,-0.5758696,-1.9846344012641737e-08
-0.2721655579918962,-0.43087488,-0.43087488,-4.128570540995469e-09
-0.0794391857082945,-0.26629078,-0.26629078,-3.882141108579873e-09
0.1093727919172171,-0.10393359,-0.10393362,3.232967377142515e-08
0.3195988109075736,0.10854752,0.10854754,-1.6382255552116476e-08
0.5390351702699061,0.35425758,0.35425758,3.6181640461485642e-09
0.9272510169487024,0.8683476,0.8683476,-1.479873656951014e-08
0.8984687032862767,0.86258674,0.86258674,-3.3209228700314952e-09
0.8719889747168451,0.84091276,0.84091264,1.193040466418438e-07
0.8441276950916172,0.8152512,0.8152512,-2.8411102248604436e-08
0.8234044292546707,0.78777474,0.78777474,1.6496276566968504e-09
0.8063652995665149,0.7559758,0.7559758,-1.712875363768518e-08
0.8008390953433292,0.7477295,0.7477295,-1.973342900196684e-08
0.812121762299,0.779172,0.779172,3.269195580912765e-09
0.8438974365823178,0.8478345,0.8478345,2.7492523146932513e-08
3.00878794101532,2.9036138,2.9036143,-4.942291260690013e-07
2.824581133575796,2.7003722,2.700372,2.1908569314277315e-07
2.635308638931685,2.4691954,2.4691954,-3.409423809941359e-08
2.439588906027192,2.2122624,2.2122622,1.920440673153223e-07
2.236961417843716,1.9664915,1.9664915,-3.919982916045228e-08
2.025353847797563,1.6308286,1.6308287,-8.09967040105164e-08
1.796707148063254,1.3394072,1.3394071,1.055816649664365e-07
1.5399689101944178,1.1352949,1.1352949,1.4245605362006586e-08
1.222442425870539,0.9448202,0.9448202,2.5238800049898202e-08
0.446240991022246,0.39541668,0.39541668,-3.0018615926330483e-09
0.4013405817088622,0.34232265,0.34232265,-2.4284362853954633e-09
0.3580519819605741,0.33283484,0.33283484,-1.791382042704015e-10
0.329499926807448,0.31907618,0.31907618,4.5806886062038643e-10
0.3235132055656635,0.32548746,0.3254875,-3.533363340801898e-08
0.3499929341350949,0.35357016,0.35357016,3.2499694602172724e-09
0.4068667859320479,0.39418432,0.39418435,-2.8834915177800013e-08
0.503114842819199,0.42058963,0.42058963,-4.1645812909330004e-09
0.6286057303873746,0.5696605,0.5696604,8.479080204626399e-08
1.1835287377989396,1.2001134,1.2001133,1.157180786748313e-07
1.1372467774297592,1.1460487,1.1460487,-3.4953308025720276e-08
1.0884319734582857,1.0955995,1.0955994,1.3212738037005067e-07
1.0366238088659194,0.9942868,0.9942868,-2.441101076833263e-08
0.9811315081247628,0.96130574,0.96130574,-2.504577656381457e-09
0.9208037786883188,0.9031783,0.9031783,-2.536849974532629e-08
0.8544893280100904,0.75434047,0.75434047,-1.6281131998141518e-10
0.7812671220528797,0.64738125,0.64738125,-3.910064716450279e-09
0.6992950927422918,0.62670225,0.62670225,-9.498596353907374e-10
1.110997307369627,0.95367116,0.95367116,-2.639923057934368e-09
1.0884319734582857,0.83481544,0.83481544,2.562103307290897e-09
1.0578075917214649,0.78646684,0.78646684,-3.0706787113032874e-09
1.0223477812893564,0.73877096,0.73877096,1.7614746328220576e-09
0.9811315081247628,0.7182229,0.7182229,1.6126251223269605e-08
0.9320864456439898,0.6568994,0.65689945,-5.739517217051571e-08
0.8756731108656357,0.5746925,0.5746925,-1.2283325245832089e-08
0.8098191772060059,0.55126375,0.5512638,-5.0400543183393154e-08
0.7246235287652262,0.5611311,0.5611311,1.9728088385129183e-08
-0.0953270228499535,-0.12528633,-0.1252863,-2.581233979337405e-08
-0.0338480008670124,-0.074250385,-0.074250355,-3.016521453458321e-08
0.030163864718222,-0.029657438,-0.029657468,2.9602592467592448e-08
0.122958043965882,0.037380755,0.037380755,-5.2337648104305856e-11
0.2152917061949432,0.13609959,0.13609959,1.8512344435173134e-09
0.3322630289190408,0.24801329,0.24801329,-2.2173309299766686e-09
0.4699576174800848,0.33810857,0.33810857,-6.163787813484589e-10
0.6387371047965483,0.50361395,0.50361395,-1.1779784925280978e-09
0.836068647266138,0.69968563,0.69968563,3.1825256874284946e-09
0.8671535460215577,0.9529527,0.9529527,-1.702804564018834e-08
0.6974530246678965,0.8354375,0.8354375,-2.3365020807020187e-08
0.5751857562299126,0.7504569,0.7504569,2.9206848162210974e-08
0.5051871694028937,0.7071619,0.7071619,3.381347646325139e-09
0.4821613184729532,0.64782995,0.64782995,-1.441955443937104e-10
0.4770956312683663,0.5601219,0.5601219,-6.11724848553763e-09
0.513936992756271,0.4991266,0.4991266,1.3140106225328907e-08
0.5816329944902959,0.5424115,0.5424115,6.175994826662645e-09
0.6705127790798662,0.6472022,0.64720213,6.373702998718755e-08
-0.4098601465529402,-0.52207005,-0.52207017,1.197604370117844e-07
-0.3704859414627419,-0.4760192,-0.47601932,1.1633712770908744e-07
-0.3428549203468134,-0.40109432,-0.40109432,2.5637817424595255e-09
-0.3080858854426033,-0.3191687,-0.3191688,1.1313323972084177e-07
-0.242462210292273,-0.23371537,-0.23371531,-6.02974319363625e-08
-0.1277934726611695,-0.15180598,-0.15180598,-1.9936752249094525e-09
0.0423675657110904,-0.016134053,-0.016134083,2.953129577681901e-08
0.2608828910362254,0.15084647,0.15084647,-3.5779190166174146e-09
0.5084107885330853,0.40475965,0.40475968,-3.453796387775654e-08
0.1611809565095832,0.21706837,0.21706839,-1.5843048095653955e-08
0.1416089832191338,0.20014048,0.20014048,-3.773193368861172e-09
0.1436813098028284,0.16436599,0.164366,-8.049964916878594e-09
0.1683189702978647,0.15264335,0.15264337,-1.725303649946497e-08
0.2129891211019492,0.2117112,0.21171118,1.8091506959194703e-08
0.279994347308076,0.25584778,0.25584778,1.896591161898442e-09
0.3734793020836343,0.29927218,0.29927218,-3.96423338600016e-10
0.4892993322612347,0.34051365,0.34051365,-3.397369385815807e-09
0.6242308187106859,0.5149548,0.51495486,-5.462585450644042e-08
-0.2261138561320153,-0.25758708,-0.25758708,4.766540551148779e-09
-0.2104562774996558,-0.2609734,-0.2609734,6.082916281791029e-09
-0.1927263722836016,-0.2309003,-0.2309003,-2.5293350192079345e-09
-0.1766082766326433,-0.21114598,-0.21114598,-2.146263111679758e-09
-0.1574968203607927,-0.17006348,-0.17006348,-7.34825145176643e-10
-0.1257211460774749,-0.078531876,-0.078531876,-2.0639800979438405e-10
-0.0580251443434499,0.032617837,0.032617837,1.9062805500791313e-10
0.0727616889386118,0.12850553,0.12850553,-2.026824957868101e-09
0.291967789791645,0.28304768,0.28304768,-3.9135742424534214e-09
1.2832306723255815,1.3253068,1.3253068,-2.6814269915576006e-08
1.20655458872888,1.2416956,1.2416956,4.2471313577152614e-08
1.1275759200391844,1.1239278,1.1239278,3.164978035208321e-08
1.0451433737099975,0.95882803,0.95882803,2.0167540970561504e-09
0.9599477252692176,0.8086166,0.8086166,-2.142105104407932e-08
0.8717587162075457,0.6615297,0.6615297,1.9829559327888546e-08
0.7794250539784846,0.5910343,0.5910343,-6.825256360087906e-09
0.6804138949797405,0.55552626,0.55552626,-3.4387207525909957e-09
0.5687385179695293,0.516052,0.516052,7.675170943244325e-09
-0.5604492116347508,-0.60914564,-0.6091455,-1.41326904290473e-07
-0.5015030332541032,-0.56830275,-0.56830275,-5.874634112501553e-10
-0.4144653167389282,-0.50963366,-0.50963354,-1.2031646723364986e-07
-0.2928888238288427,-0.43662328,-0.43662328,4.7200012232018196e-09
-0.203778780729973,-0.35362595,-0.35362595,-3.1974792258360196e-09
-0.101313744091738,-0.23245601,-0.23245598,-3.3560295098489235e-08
0.0849653899314803,-0.070457086,-0.070457086,3.293609829313482e-11
0.307855626933304,0.16081476,0.16081476,2.1154785145860444e-09
0.5434100819465948,0.47485942,0.47485942,-3.5151672128641565e-09
-0.6297570229338716,-0.6445971,-0.6445971,-1.3132476772703683e-08
-0.5926854029366675,-0.60070163,-0.60070175,1.1988449100108767e-07
-0.5454824085302895,-0.5429615,-0.5429616,1.2176666264185343e-07
-0.4844639035659472,-0.5044522,-0.5044522,-2.854614256087018e-08
-0.3967354115228741,-0.4439342,-0.44393408,-1.2219421385850637e-07
-0.28229693240107,-0.32763588,-0.32763588,-4.2849731540783864e-09
-0.1294052822262653,-0.19779025,-0.19779025,-1.8215179364844403e-10
0.0156575786323595,0.008015081,0.0080150515,2.9786430358683114e-08
0.2493699655712551,0.25002584,0.25002584,-1.386489867361007e-09
0.5556137829394633,0.47895992,0.47895992,-1.977844221734415e-09
0.6131784102643144,0.4465484,0.44654846,-5.769058225579826e-08
0.6670589014403752,0.42066443,0.42066443,-3.3538816168743324e-10
0.7147224128653519,0.4073458,0.40734583,-2.840812685089844e-08
0.7552479105020471,0.41822752,0.41822752,3.5652923391360503e-09
0.7888656528597602,0.43989152,0.43989152,-2.837676982281323e-09
0.8167269324849881,0.48182046,0.48182046,4.134216302631444e-09
0.8402133004335274,0.5747273,0.5747273,-3.1707764192034915e-09
0.8609365662704738,0.7052649,0.7052649,2.5956726101838967e-08
0.2908164972451479,0.1505161,0.1505161,-7.222747816504338e-09
0.4190704869249163,0.15776879,0.15776879,-4.046478263575182e-09
0.5369628436862115,0.17158243,0.17158245,-1.939888000235257e-08
0.6401186558523448,0.17321038,0.17321037,1.2461547849174082e-08
0.7276168893861185,0.17224015,0.17224014,1.2955055223029532e-08
0.8010693538526286,0.18830128,0.18830128,1.4087678246177404e-10
0.8632391513634678,0.2928574,0.2928574,8.523559580364548e-09
0.915738091483732,0.48358214,0.4835822,-6.098480226368608e-08
0.96294108589011,0.67190415,0.6719042,-5.332870478547136e-08
-0.6534736493917103,-0.67602193,-0.67602193,-3.555603034222088e-09
-0.6062706549853323,-0.675497,-0.675497,4.550933851987793e-09
-0.5348905171025169,-0.6158815,-0.6158815,-2.628326445375251e-09
-0.434267548538677,-0.51344764,-0.51344776,1.1767364505033129e-07
-0.331802511900442,-0.36221623,-0.36221623,-4.207153347923764e-09
-0.161641473528182,-0.18866388,-0.18866388,-4.997367852865864e-09
0.0504266135365696,0.042646334,0.042646334,-4.247512827570965e-10
0.3161449332680825,0.33673802,0.33673802,1.8165585702334397e-10
0.6661378674031775,0.6409395,0.6409395,-2.589416503440134e-08
-0.307855626933304,-0.4274699,-0.4274699,-9.191131578045741e-09
-0.3020991642008188,-0.42194194,-0.42194194,3.983917251648705e-09
-0.2829877079289682,-0.39723378,-0.39723378,-4.198761005547169e-09
-0.2196666178716319,-0.3699361,-0.3699361,-8.589172373341114e-09
-0.172463623465254,-0.2900641,-0.2900641,3.5491943273235904e-09
-0.0695380698084201,-0.18458454,-0.18458457,2.6891059878852985e-08
0.0589461783806475,0.00585337,0.00585337,-1.6796112070616154e-10
0.2277256656971111,0.1595425,0.1595425,9.727477989773803e-10
0.4607472771081086,0.33550674,0.33550674,-2.7677917735502433e-09
-0.4292018613340901,-0.23720144,-0.23720138,-5.7354087840133516e-08
-0.7504124818067596,-0.22168456,-0.22168453,-3.017971039742662e-08
-1.1153722190463158,-0.18510745,-0.1851074,-5.4657554621195814e-08
-1.2095479493497725,-0.1392105,-0.13921048,-2.7273674013672533e-08
-0.9942562431548292,-0.0548255,-0.05482547,-2.9653816221997253e-08
-0.6094942741155239,0.05744113,0.057441115,1.5280494689018376e-08
-0.2203573933995301,0.14287862,0.14287862,1.8166351201109876e-09
0.1522008746469064,0.26876608,0.26876608,-4.627304095450313e-09
0.4835428695287496,0.48415422,0.48415422,4.3957519291204505e-09
-0.2489094485526563,-0.19244485,-0.19244485,3.965950012840835e-09
-0.2263441146413147,-0.18417756,-0.18417756,-2.59441376715408e-09
-0.1927263722836016,-0.20185839,-0.20185845,6.360263823945722e-08
-0.1347012279401516,-0.14678882,-0.14678882,-6.243515149328971e-10
-0.0534199741574618,-0.056541815,-0.056541815,-4.001235939798953e-10
0.0640118655852344,0.05889529,0.05889529,-1.0208130174493846e-10
0.1908843042092064,0.19942605,0.19942607,-1.5045471202235206e-08
0.3596637915256699,0.35907668,0.35907668,-1.2471008115078064e-09
0.5551532659208644,0.56374425,0.56374425,-3.0403136674905795e-09
-0.56850825946023,-0.50913304,-0.50913316,1.1909500119422489e-07
-0.5312063809537264,-0.50435114,-0.50435114,9.313965154689186e-10
-0.4496948686617372,-0.45455277,-0.45455277,3.3905028784531055e-10
-0.3382497501608253,-0.32653236,-0.32653236,-3.891601541017309e-09
-0.2159824817228414,-0.19776593,-0.1977659,-3.1487083440584485e-08
-0.0762155665781029,-0.055113062,-0.055113122,5.973746490528509e-08
0.0861166824779773,0.14843425,0.14843424,1.1546859746136562e-08
0.2864415855684593,0.33783555,0.33783558,-2.9691772485129775e-08
0.5438705989651936,0.6363314,0.6363314,-2.0586395255151047e-08
-0.6302175399524703,-0.6612489,-0.6612489,-2.2348022432616688e-08
-0.7013674193259863,-0.7162653,-0.7162652,-1.2077789302011865e-07
-0.7789645369598857,-0.77544767,-0.77544767,3.354949984490929e-09
-0.8632391513634678,-0.8320809,-0.8320809,-6.690978882062382e-10
-0.9532702284995348,-0.89201933,-0.89201933,-1.4552307137094544e-09
-1.052281387498279,-0.99110526,-0.99110514,-1.1846481318134039e-07
-1.1572792677388075,-1.1135745,-1.1135745,-4.852295010238095e-09
-1.2675730936932224,-1.2427608,-1.2427608,2.2526550402801604e-08
-1.3847746749266192,-1.3923302,-1.3923304,2.3032226570407488e-07
-0.8247859803104672,-0.9024474,-0.9024474,-2.4772643936188388e-09
-0.8775151789400308,-0.9601136,-0.96011347,-1.1499526975100594e-07
-0.9383034253950736,-0.99668616,-0.99668604,-1.205644225565905e-07
-1.0036968420361043,-1.0250827,-1.0250827,-7.405090318712837e-09
-1.0718533607887284,-1.0671848,-1.0671847,-1.0587005605522393e-07
-1.1450755667459391,-1.1417215,-1.1417214,-8.704528808856082e-08
-1.220139840777545,-1.222865,-1.222865,1.4533996672838612e-08
-1.297506699902145,-1.3087828,-1.3087829,8.406677243222305e-08
-1.3787879536848346,-1.3925698,-1.3925697,-8.034973153492331e-08
-0.7715962646623048,-0.709818,-0.709818,-5.561828664291113e-09
-0.9023830979443668,-0.791689,-0.791689,2.13279723881854e-08
-1.0564260406656685,-0.87735933,-0.8773592,-1.3065414428137245e-07
-1.16787115916658,-0.9761128,-0.9761128,1.704483032494153e-08
-1.2318830247518149,-1.0801563,-1.0801564,7.37060545930035e-08
-1.3041841966718275,-1.1825608,-1.1825609,9.849395743444234e-08
-1.370959164368655,-1.2666084,-1.2666082,-1.5742950432162672e-07
-1.420464743868027,-1.3350582,-1.3350581,-1.1228027352316872e-07
-1.4646743776535125,-1.4068313,-1.4068309,-3.644958495030437e-07
0.0987809004894445,0.3292253,0.3292253,1.7425537124360346e-09
0.0009210340371976,0.35192814,0.35192814,4.693374633379932e-09
-0.1489772555167147,0.13568017,0.13568017,-1.1328887827843914e-09
-0.3352563895399331,-0.03866829,-0.03866826,-2.9780616757346667e-08
-0.541798272381499,-0.27045614,-0.27045614,4.727020275208105e-09
-0.7524848083904542,-0.56735855,-0.56735855,-3.4095763989938632e-09
-0.9518886774437384,-0.83669275,-0.836693,2.4954605104543504e-07
-1.1236615253810944,-1.0811797,-1.0811799,1.6195526120199588e-07
-1.252145773570162,-1.2901603,-1.2901604,1.0165252684046777e-07
1.195527240742406,1.252494,1.252494,-2.2453308101688663e-08
1.0777971489541898,1.147447,1.147447,-9.98687754716343e-09
0.9660328237689692,1.0071342,1.0071341,9.914245602260507e-08
0.8853778132306807,0.95444995,0.95444995,1.6487121667907445e-09
0.8437200390393197,0.9072605,0.9072605,-2.2457122828001275e-08
0.8475835338643642,0.85264736,0.85264724,1.241395568563064e-07
0.8840980640519543,0.8685122,0.8685122,1.3230133100172736e-08
0.9575478317223568,0.9401009,0.9401009,8.279418928225368e-09
1.0737388263920862,1.0625049,1.062505,-1.1241912845072477e-07
-0.6002034349172074,-0.5528154,-0.5528154,2.2287750200966627e-08
-0.5433488154715508,-0.4916066,-0.4916067,1.0686798096459782e-07
-0.4517708609846759,-0.42540717,-0.4254073,1.2875061033978952e-07
-0.3467246130855643,-0.32490897,-0.32490897,-1.7864990042859574e-09
-0.2181560098031706,-0.22515859,-0.22515859,2.901878348726683e-09
-0.056147160623001,-0.06701432,-0.06701438,5.831516265708547e-08
0.1914464645709552,0.028459683,0.028459683,6.064605762023945e-11
0.4761099476774963,0.30931532,0.3093153,2.3829650863671503e-08
0.8524133254853945,0.9779578,0.9779578,-1.4870452869075734e-08
-0.9372590383103514,-0.91688424,-0.91688436,1.1651168818627156e-07
-0.887460350206278,-0.8202631,-0.8202632,1.1225051876895265e-07
-0.8193909071341958,-0.728136,-0.7281361,9.69825744157049e-08
-0.7184649885442352,-0.571163,-0.5711631,1.0132369998583357e-07
-0.5416285329210359,-0.4676829,-0.46768296,6.195541379927505e-08
-0.3153959110192966,-0.24520786,-0.24520786,-1.0658645632766195e-09
-0.0135919535194669,0.033125147,0.033125147,2.234725945959859e-10
0.3531888746539005,0.49918878,0.49918878,7.846069349781715e-10
0.8121294967918108,1.0077137,1.0077137,-2.450103764317646e-08
0.7327043755583992,0.46897316,0.46897313,2.9790039046684313e-08
0.8986154401941466,0.41789025,0.41789025,6.82830791909339e-10
1.0296908432016878,0.32822216,0.32822216,-4.429016098317362e-09
1.1247997184217575,0.26982617,0.26982617,3.7823486565002895e-09
1.229669790413122,0.23007233,0.23007233,4.408760079233076e-09
1.2951380420780274,0.2674612,0.2674612,1.0489273061242699e-08
1.3496044428020588,0.5799787,0.57997864,6.445251465869717e-08
1.3946592774515183,0.9727619,0.9727619,2.9035186810411062e-08
1.4369874754354088,1.1714879,1.1714878,1.274368286452443e-07
3.132897277527699,3.0904133,3.0904133,3.198547382510242e-08
2.89273765232842,2.84816,2.84816,2.8457641576551396e-08
2.656952938805829,2.5830102,2.5830102,-3.314208907312377e-09
2.4184051231716466,2.3354108,2.3354108,3.3358764639501715e-08
2.173870586295678,2.0796585,2.0796587,-1.9169921872119744e-07
1.9240401037058248,1.8390753,1.8390754,-7.308044436271643e-08
1.6569402329185154,1.5660735,1.5660735,3.687286387332733e-08
1.3679658037477629,1.2425163,1.2425163,-2.077941885225698e-08
1.036854067375219,0.91775876,0.91775864,1.2283645633992535e-07
-0.5906130763529728,-0.6850171,-0.6850171,-8.917236282712793e-09
-0.4418660793455574,-0.47251374,-0.47251374,4.705657974390931e-09
-0.2744681430848902,-0.24535404,-0.24535404,-1.4571762130266563e-09
-0.1257211460774749,-0.025923952,-0.025923982,2.9539711000198254e-08
-0.001151292546497,0.100173935,0.100173935,2.9415130053944694e-10
0.1026952951475344,0.19806069,0.1980607,-8.64334107064657e-09
0.1853580999860207,0.28002107,0.28002107,1.4340210130470155e-09
0.2548961697944409,0.3279311,0.3279311,6.0905456789051016e-09
0.3175264843238789,0.3664387,0.3664387,-1.3152313238506963e-08
-0.6619932142357882,-0.7195301,-0.7195301,-5.5908203622223596e-09
-0.4582144335058151,-0.5037469,-0.5037469,-2.678451538340454e-08
-0.2827574494196688,-0.2935481,-0.29354823,1.2285278322421433e-07
-0.1268724386239719,-0.083062336,-0.083062276,-5.984880828424632e-08
0.0016118095650958,0.09692319,0.09692317,1.7375068661618087e-08
0.1052281387498279,0.19341318,0.19341318,3.0930709937759815e-09
0.1885817191162123,0.28632003,0.28632003,6.892394988078365e-10
0.260652632526926,0.3731357,0.37313572,-3.4079284672028365e-08
0.3228224300377652,0.38128233,0.38128233,-4.4067383075940825e-10
-0.621467716599093,-0.7513604,-0.7513604,-1.641235347626946e-08
-0.4128535071738324,-0.5557332,-0.5557332,-3.8879394148594315e-09
-0.2394688496713807,-0.3273419,-0.3273418,-1.141769409018778e-07
-0.0985506419801451,-0.11228253,-0.11228253,5.266952568527827e-10
0.0214140413648446,0.0857577,0.0857577,2.589035028033315e-09
0.1204252003635886,0.20889333,0.20889333,-1.094894397368762e-09
0.2053905902950689,0.2964797,0.29647967,3.1995849636423657e-08
0.2744681430848902,0.350323,0.350323,-8.39042663125511e-09
0.3322630289190408,0.3546332,0.3546332,1.2089538592441329e-08
0.5114041491539776,0.4295199,0.4295199,-8.261108408458284e-09
0.472950978100977,0.39008322,0.3900832,2.35813140680996e-08
0.4473922835687431,0.34802395,0.34802395,1.0536193584265163e-09
0.4368003921409705,0.3040549,0.3040549,-1.3897323625222668e-08
0.4317347049363836,0.30783072,0.30783072,1.1399078347906766e-09
0.4292018613340901,0.32245934,0.32245934,9.552003632506967e-11
0.4289716028247907,0.33921763,0.33921763,3.0089569169611252e-09
0.4312741879177847,0.37545097,0.37545097,-1.2576293895172341e-09
0.4319649634456829,0.4193908,0.41939086,-6.238494870691724e-08
-0.7172552564676453,-0.722791,-0.7227909,-1.1610183714427791e-07
-0.5924551444273679,-0.6085291,-0.608529,-9.088134766965794e-08
-0.4494646101524377,-0.47828823,-0.47828823,-3.2801819038752456e-09
-0.3207501034540706,-0.31953967,-0.31953967,3.82415771271738e-09
-0.1837462904209248,-0.16727869,-0.16727869,-2.1262741012328945e-09
-0.0326967083205154,-0.055172548,-0.055172548,3.019790667524447e-10
0.1370038130331457,0.062370166,0.06237018,-1.3817481991917901e-08
0.2719352994825968,0.18158554,0.18158554,-4.592933644520514e-09
0.393281533883383,0.29860282,0.29860282,-5.572509675921822e-10
-0.9360008403020796,-0.8473087,-0.8473088,1.0468368527583038e-07
-0.8390620078870303,-0.70326746,-0.70326746,4.898986771806335e-09
-0.7211696511257352,-0.57434314,-0.57434314,-4.893646265990981e-09
-0.5694292934974275,-0.45254797,-0.4525481,1.3256607056533198e-07
-0.3720977510278378,-0.29989332,-0.29989332,3.9321901290634287e-10
-0.1540429427213016,-0.12785287,-0.1278529,2.7985954276221747e-08
0.0425978242203898,0.07098974,0.07098974,2.8750991865056363e-09
0.2390083326527819,0.27178678,0.27178678,-8.347320612500653e-10
0.4326557389735812,0.45990914,0.45990908,6.106369015990154e-08
-0.0181904222346529,-0.044601932,-0.044601902,-3.0168006898145805e-08
-0.0082893063347785,-0.03546472,-0.03546475,3.106212616288406e-08
-0.0006907755278982,-0.003534034,-0.003534004,-2.989453887951646e-08
0.0271705040973297,0.040327415,0.0403274,1.4870262146637891e-08
0.0681565187526237,0.07404311,0.074043095,1.5013008114461712e-08
0.1123661525381094,0.1069411,0.1069411,-3.515338894977127e-09
0.1678584532792659,0.1552366,0.1552366,1.8295288062297743e-09
0.2353241965039915,0.21727607,0.21727607,-3.458328234895447e-09
0.2974939940148307,0.2869476,0.2869476,7.994079564976886e-09
1.1508320294784242,1.1388904,1.1388904,-1.4372253387406886e-08
1.048827509858788,1.0429476,1.0429476,4.9955749537033967e-08
0.95902669123202,0.97142017,0.97142017,-1.1233520780251638e-09
0.884422934219013,0.9005919,0.9005919,9.885406493381765e-09
0.8224833952174733,0.8520653,0.8520653,2.47833251698637e-08
0.7764316933575923,0.7938996,0.7938996,-4.262542763200372e-09
0.7398205903789868,0.73312724,0.73312724,-3.633727985175028e-09
0.7055120724933757,0.6721593,0.6721593,1.4155578598185059e-08
0.6691312280240698,0.63243264,0.63243264,-4.0115355481873394e-10
0.7780435029226881,0.7606728,0.7606729,-9.230651853986416e-08
0.6730456226821596,0.69809824,0.69809824,2.282867450631443e-09
0.598672124178452,0.5922165,0.5922165,-8.300781284553693e-09
0.5275222448049359,0.49681222,0.49681222,4.388122532006378e-09
0.4747930461753722,0.47641993,0.47642,-7.4310302744518e-08
0.4296623783526889,0.4475699,0.4475699,6.7115783486393354e-09
0.3916697243182872,0.42202777,0.42202777,-3.2954406981033912e-09
0.3651899957488556,0.391447,0.391447,7.656097422703567e-09
0.3347958725213343,0.33972025,0.33972028,-3.0823974594973436e-08
-0.4110114390994371,-0.311346,-0.311346,5.5274963495222096e-09
-0.363117669165161,-0.35663497,-0.35663497,-4.479675297375252e-09
-0.3115397630820944,-0.29018646,-0.29018646,-4.786529561595643e-09
-0.241310917745776,-0.21877705,-0.2187771,5.43924331686263e-08
-0.1745359500489487,-0.13678296,-0.13678296,8.964157194313316e-10
-0.1063794312963249,-0.05471684,-0.05471684,-3.863906833379005e-10
-0.0209535243462458,0.04365924,0.043659255,-1.4992599488283798e-08
0.080820736764091,0.12835377,0.1283538,-2.5452423085825515e-08
0.2074629168787635,0.20229748,0.20229748,-1.0857391374852199e-09
-0.3564401723954783,-0.3103047,-0.3103047,-1.3282775990219875e-09
-0.2977242525241301,-0.25032115,-0.2503211,-4.982604978609473e-08
-0.2304887678087039,-0.18711804,-0.18711801,-2.8535118101746804e-08
-0.1540429427213016,-0.102132484,-0.102132455,-2.9316825869707408e-08
-0.0600974709271446,-0.021775424,-0.021775424,-4.804382308654098e-10
0.0412162731645934,0.080818266,0.08081825,1.5676498418826235e-08
0.160490180981685,0.1922059,0.1922059,5.914306627774479e-09
0.2875928781149563,0.34860227,0.34860227,-4.8804473795627246e-09
0.4356490995944735,0.5087824,0.5087824,-1.3220214811759945e-08
0.2942703748846391,0.51087624,0.51087624,-1.6539001279625154e-09
0.307855626933304,0.6244343,0.6244343,-7.683563230109769e-09
0.3237434640749628,0.6945743,0.69457424,5.64744567776998e-08
0.3423944033282146,0.6953346,0.6953346,1.3323211645044353e-08
0.3571309479233765,0.6433389,0.643339,-8.131408690825737e-08
0.3723280095371372,0.6233072,0.6233072,2.8088378956070414e-08
0.3778542137603229,0.5865689,0.5865689,-7.997894235778347e-09
0.3760121456859277,0.5706815,0.57068145,6.235580440883126e-08
0.3718674925185384,0.4831161,0.4831161,-9.702301018155168e-09
-1.164877798545688,-1.133376,-1.1333758,-2.0231170649864794e-07
-1.0513603534610814,-0.9760929,-0.976093,1.2499618529115963e-07
-0.9221853297441156,-0.8005685,-0.8005685,-2.102279661464479e-08
-0.7732080742274006,-0.5976413,-0.5976413,1.0765838664994476e-08
-0.615250736848009,-0.4011668,-0.40116668,-1.1668426513899988e-07
-0.4393332357432639,-0.22339301,-0.22339313,1.2188709258564856e-07
-0.253284360229345,-0.10276614,-0.10276614,-1.295433038617233e-09
-0.0428280827296892,0.07834348,0.07834348,8.254242012117885e-10
0.2284164412250093,0.24144165,0.24144167,-1.7821235653858736e-08
-0.6191651315060989,-0.70189875,-0.70189875,-3.6430358729688805e-09
-0.5323576735002233,-0.60442924,-0.60442936,1.1500488283910926e-07
-0.4294321198433896,-0.49122423,-0.49122435,1.2066421506418123e-07
-0.3126910556285914,-0.38990134,-0.38990146,1.1999221799507964e-07
-0.182134480855829,-0.25787717,-0.25787717,-1.0395813099250972e-09
-0.0398347221087969,-0.10712431,-0.10712434,2.628787994229942e-08
0.113287186575307,0.065175965,0.065175965,4.2835235358751333e-10
0.2753891771220879,0.23487678,0.2348768,-1.829795837071657e-08
0.4460107325129467,0.42345232,0.42345232,-2.2853088310625935e-09
-0.3647294787302569,-0.3092568,-0.3092568,7.93151855305041e-09
-0.2136798966298474,-0.1559451,-0.15594505,-5.734081268138347e-08
-0.0683867772619231,0.022838473,0.022838473,3.200073227238587e-10
0.0644723826038332,0.12505826,0.12505828,-1.6459732049556308e-08
0.1846673244581224,0.19722092,0.1972209,2.151641845249408e-08
0.2892046876800521,0.24719477,0.24719477,-3.0017089924783136e-09
0.3677228393511491,0.28913665,0.28913665,-1.8218994091157015e-09
0.3819988669277122,0.34455696,0.34455693,2.7483291642482754e-08
0.3693346489162449,0.36836872,0.36836874,-2.49521636686012e-08
1.0391566524682128,0.9852995,0.9852995,2.764511108921397e-08
1.159812111341101,1.0601145,1.0601145,2.9067992457498804e-09
1.2323435417704134,1.1126275,1.1126275,6.256103413093683e-09
1.2526062905887612,1.1048315,1.1048315,-4.286193844293962e-08
1.2238239769263353,0.9742384,0.9742385,-1.0430908203851175e-07
1.1476084103482325,0.85842574,0.8584256,1.3642730711804774e-07
1.0214267472521588,0.66538894,0.66538894,1.7648315031593143e-09
0.8459697631660125,0.54124606,0.54124606,-3.4432983131438277e-09
0.6203164240525959,0.41461384,0.41461384,2.964172352015737e-09
0.6348227101384585,0.6567026,0.6567026,-2.1932220484188747e-08
0.6530131323731114,0.6747483,0.6747483,1.506042512922079e-09
0.6610721801985906,0.6785017,0.6785017,2.5196838393526377e-08
0.6626839897636864,0.66713524,0.6671353,-6.135253904915317e-08
0.658539336596297,0.65513736,0.6551373,6.009597774969677e-08
0.6490987377150215,0.6614798,0.6614798,-2.8862762402326325e-08
0.6366647782128537,0.6439669,0.6439669,1.3223266592810035e-08
0.62653340380368,0.6218131,0.6218131,1.845779418196969e-08
0.6189348729967995,0.61924046,0.61924046,2.7799987867282994e-09
-0.5291340543700318,-0.54451877,-0.54451877,1.2126160076064707e-09
-0.4492343516431383,-0.45614105,-0.45614105,-4.63027954866746e-09
-0.3621966351279634,-0.37840688,-0.37840688,-2.286071776325116e-09
-0.2684814218431057,-0.28259802,-0.28259802,1.3537597709500915e-09
-0.1692400043350623,-0.18002026,-0.18002026,2.169380175498503e-09
-0.0628605730387374,-0.105127886,-0.105127856,-2.993769072923147e-08
0.0492753209900725,0.016183719,0.016183719,3.896331868258329e-11
0.1680887117885653,0.16629276,0.16629276,-3.204116832966619e-09
0.2928888238288427,0.28899032,0.28899032,-1.2248230207845268e-09
1.2767834340651985,1.1220909,1.1220909,3.570709239397729e-08
1.2288896641309222,1.0706071,1.0706071,-3.384551994223273e-08
1.1800748601594484,0.9863733,0.9863733,5.320739737690872e-09
1.1271154030205854,0.9626518,0.9626517,8.91883850107078e-08
1.0674784491120397,0.96023035,0.96023035,4.943847553562364e-10
0.9949470186827272,0.9195879,0.9195879,1.0175323472694231e-08
0.9168893840302292,0.77279603,0.7727959,1.348129272660259e-07
0.8676140630401565,0.63604325,0.63604325,5.60760549106476e-10
0.8123520208082994,0.56786007,0.56786007,-3.109283497337856e-09
-0.9546517795553316,-0.92801994,-0.92801994,-8.531189088500923e-10
-0.8736007842819411,-0.80888313,-0.80888313,-5.503845157406317e-10
-0.7676818700042148,-0.66518503,-0.66518503,-4.2750549766878976e-09
-0.6456448600755305,-0.48139435,-0.48139435,-5.287170146139886e-10
-0.5162395778492651,-0.28015018,-0.2801503,1.2490539552656443e-07
-0.4363398751223717,-0.1582257,-0.15822573,2.974079132966878e-08
-0.2093049849531587,-0.057524458,-0.057524428,-2.95738906835874e-08
-0.0278612796252279,0.09350014,0.09350014,-2.6708984329770757e-09
0.1775293106698409,0.2493865,0.2493865,4.29248808719862e-09
1.638519552174563,1.5966644,1.5966645,-7.128906243103472e-08
1.49668031044613,1.4630316,1.4630315,1.495895385339452e-07
1.3645119261082717,1.3212149,1.3212148,1.1432189950255633e-07
1.2436262087260843,1.1903172,1.190317,1.5393066399305155e-07
1.1319508317158729,1.1049925,1.1049926,-9.111175547360517e-08
1.0255714004195482,1.0122538,1.0122538,-3.8708496186146135e-08
0.9191919691232232,0.9127948,0.91279495,-1.2158508300164073e-07
0.8222531367081737,0.7789515,0.7789514,1.2568817142621924e-07
0.733603610627903,0.6925653,0.6925653,2.1922302195775956e-08
-0.6025865188365418,-0.5846428,-0.58464277,-5.7510833761931224e-08
-0.5196934554887562,-0.49110007,-0.4911002,1.2713928221330661e-07
-0.4301228953712878,-0.40959054,-0.40959054,-2.3164367646266726e-09
-0.3315722533911426,-0.33129305,-0.33129305,3.5255431907188495e-09
-0.2261138561320153,-0.2246839,-0.2246839,4.292869559829882e-09
-0.1128266695567082,-0.1371968,-0.13719676,-3.4152259825726006e-08
0.0082893063347785,-0.028031334,-0.028031334,-2.8096771090280193e-10
0.1372340715424451,0.11313495,0.11313498,-2.9600601192392162e-08
0.2735471090476926,0.2626268,0.2626268,-3.039169305107947e-09
-0.5210750065445526,-0.54359514,-0.54359514,4.788055396609536e-09
-0.4602867600895097,-0.45484394,-0.45484394,1.6493225118985322e-09
-0.3879855881694967,-0.37022746,-0.37022746,3.907165535554924e-09
-0.3057833003496093,-0.30166638,-0.30166638,1.025085460959474e-09
-0.212298345574051,-0.22407939,-0.22407939,4.6001815690033254e-09
-0.1079912408614207,-0.13138442,-0.13138439,-2.741466523237257e-08
0.0064472382603833,-0.032081828,-0.032081798,-2.9521324156067674e-08
0.132628901356457,0.103603736,0.103603736,-4.338607806353423e-10
0.2689419388617046,0.26344877,0.26344877,4.814605714109632e-09
-0.49114140033563,-0.48116297,-0.48116308,1.1470230104615453e-07
-0.3983472210879699,-0.3967746,-0.3967746,9.984588600353561e-09
-0.3002570961264235,-0.30961055,-0.30961055,4.364776595711106e-09
-0.1964105084323921,-0.20055778,-0.20055784,5.6753959642996676e-08
-0.0865771994965761,-0.12801854,-0.12801854,-3.1241989273400605e-09
0.0287823136624255,-0.027265027,-0.027265057,2.983458709596154e-08
0.1494377725353135,0.101717636,0.101717636,-1.0810852213438693e-11
0.2770009866871837,0.25491455,0.25491455,1.9733428779922235e-09
0.4096298880436407,0.39674783,0.39674783,-2.47009279696897e-09
-0.2742378845755908,-0.2984817,-0.2984817,-2.8045654132391462e-09
-0.2152917061949432,-0.20782204,-0.2078221,6.027660370833132e-08
-0.1485167384981159,-0.14246364,-0.14246367,3.062145231824687e-08
-0.0743734985037076,-0.09602229,-0.09602232,2.7028388971395145e-08
0.0085195648440779,-0.04670869,-0.046708718,2.986008453692568e-08
0.0987809004894445,0.036634773,0.036634803,-2.9984024048357316e-08
0.1975618009788891,0.14446312,0.14446315,-2.810897828386949e-08
0.3037109737659146,0.29275823,0.29275823,-3.6053466878627205e-09
0.4181494528877187,0.4140873,0.4140873,-4.467773428995514e-09
-0.7402811073975858,-0.7101707,-0.7101707,1.3755035443985264e-08
-0.6714338131170638,-0.61858237,-0.61858237,2.10296635660967e-09
-0.5871591987134818,-0.4679157,-0.4679157,-1.3787078867455449e-08
-0.4895295907705342,-0.30509645,-0.30509645,2.5321960639423935e-09
-0.3796962818347181,-0.17010133,-0.17010133,3.1574248771093494e-10
-0.2622644420920218,-0.08248253,-0.0824825,-3.166675567600752e-08
-0.1300960577541636,0.012757525,0.012757525,-1.5201568649703123e-10
0.0260192115508327,0.13145517,0.1314552,-3.1871986383436024e-08
0.2035485222206736,0.27326912,0.27326912,-3.1214904550047606e-09
1.8561138434625004,1.801481,1.801481,8.529662975931274e-09
1.7149653772619655,1.6367419,1.6367419,-2.3397827231264046e-08
1.5715143259684363,1.5045882,1.5045884,-1.536544800284645e-07
1.4255304310726138,1.3570839,1.3570839,1.6664123636545014e-08
1.2811583457418871,1.2264512,1.2264512,-4.147644050433996e-08
1.1420822061250469,1.1213595,1.1213595,-3.249359137313945e-08
1.0108348558243865,1.0004393,1.0004393,-1.3768005402425842e-08
0.8818900906167196,0.85803413,0.85803413,3.911132862022271e-09
0.7658398019298197,0.7342824,0.7342823,7.438201898857244e-08
0.0548015252132583,0.14556402,0.14556402,-3.1997679506012844e-10
0.1752267255768469,0.20271222,0.20271221,1.2933769222289726e-08
0.2892046876800521,0.29079956,0.29079953,2.8162689236221894e-08
0.3925907583554848,0.3703001,0.3703001,1.4154815652922537e-08
0.4800889918892586,0.3984828,0.3984828,-4.699707290001243e-10
0.5510086127534752,0.37469447,0.37469447,-3.4091186540408103e-09
0.5500875787162776,0.38854957,0.3885496,-3.3731079096543937e-08
0.5028845843098997,0.42555535,0.42555535,-1.6036987293688298e-09
0.4296623783526889,0.39818764,0.39818764,-2.6708984468548636e-09
0.8745218183191387,0.8154795,0.8154794,1.1698303226115314e-07
0.7801158295063827,0.6971627,0.6971626,8.777847293472973e-08
0.689854493861016,0.59113175,0.59113175,-3.2310485398312494e-09
0.6030470358551406,0.5191994,0.5191994,-2.8662109352595166e-08
0.5217657820724508,0.4723872,0.47238722,-2.5366516109848192e-08
0.4483133176059408,0.42573333,0.42573333,-2.1343994349720674e-09
0.3854527445672032,0.3844495,0.3844495,1.1766433716253744e-08
0.3352563895399331,0.3545072,0.3545072,7.870483376137827e-09
0.2977242525241301,0.30019403,0.30019403,-4.960327149028387e-09
0.363117669165161,0.3821141,0.3821141,1.2377166735966227e-08
0.3592032745070712,0.36270058,0.36270058,1.5505981498797894e-09
0.3562099138861789,0.34332815,0.34332815,-1.8733978257579054e-09
0.3536770702838854,0.3274714,0.32747138,2.5267715475507657e-08
0.351144226681592,0.3135416,0.31354156,3.1167449954239146e-08
0.3493021586071967,0.31567505,0.31567508,-2.9979782101285934e-08
0.3476903490421009,0.31744343,0.31744343,4.23736545851483e-10
0.3467693150049033,0.31715313,0.31715313,-3.998641973090855e-09
0.3465390564956039,0.30325943,0.30325943,2.315826419518885e-09
-0.5150882853027681,-0.46819288,-0.46819288,4.6147155541298446e-09
-0.4745627876660728,-0.41787452,-0.41787463,1.1494338991724362e-07
-0.4087088540064431,-0.3398105,-0.3398105,9.391784683288051e-09
-0.3271973417144539,-0.2245345,-0.2245345,3.334999082449386e-09
-0.240159625199279,-0.116579786,-0.116579756,-2.994303130443576e-08
-0.1158200301776005,-0.047966823,-0.047966823,1.8165587090113178e-11
-0.0416767901831922,0.0445119,0.044511884,1.535207366787361e-08
0.0785181516710969,0.14354324,0.14354324,3.4082031363791288e-09
0.2261138561320153,0.2765181,0.2765181,6.4605713001597564e-09
-0.1353920034680499,-0.13843171,-0.13843168,-3.2985038755928286e-08
-0.0695380698084201,-0.09482296,-0.09482293,-2.8111763000771006e-08
-0.003453877639491,-0.040019587,-0.040019616,2.9317680359797205e-08
0.0624000560201386,-0.0012718588,-0.0012718886,2.9788621521082206e-08
0.1280237311704689,0.06176877,0.06176877,2.178955071929778e-10
0.194107923339398,0.12771833,0.12771833,-5.703735261874954e-10
0.2601921155083272,0.1975424,0.1975424,-8.319854805094451e-10
0.3258157906586574,0.2782297,0.2782297,1.3439941382031861e-08
0.3916697243182872,0.33857363,0.33857363,4.62448118687675e-09
0.8800480225423243,0.8116208,0.8116208,-2.8115081818214094e-08
0.9320864456439898,0.75204885,0.75204885,5.950928638753794e-11
0.941296786015966,0.70488507,0.70488507,-4.4444274927002425e-09
0.9067580096210552,0.68359476,0.68359476,3.27896121365967e-09
0.8190295175779821,0.7196585,0.7196585,-6.004333474862733e-09
0.7285379234233161,0.6361205,0.6361205,-1.8196105733281343e-09
0.6401186558523448,0.527416,0.527416,-9.17053222249109e-09
0.5436403404558943,0.42487502,0.42487505,-2.9019165015409243e-08
0.4289716028247907,0.32049873,0.32049873,4.712600698564273e-09
-0.3032504567473159,-0.36927092,-0.36927092,-7.534790014140924e-10
-0.1086820163893189,-0.20624979,-0.20624973,-5.840351105512731e-08
0.0437491167668868,-0.04463412,-0.04463412,1.323814391440692e-09
0.1703912968815593,0.09433687,0.09433687,-2.667541507128668e-09
0.273777367556992,0.24226114,0.24226114,1.5386199814226842e-09
0.3633479276744604,0.35557956,0.35557956,-4.965362565556575e-09
0.4425568548734556,0.43814057,0.43814054,3.1117401100289044e-08
0.509331822570283,0.5148804,0.5148804,1.8777465804475924e-08
0.5673569669137329,0.5501225,0.55012244,5.9465942392478155e-08
1.3359598709551457,1.2627541,1.2627542,-1.1732025151367509e-07
1.2392512970493956,1.0419724,1.0419724,-1.2420653394684678e-09
1.134253416808867,0.8739709,0.8739709,2.5807952885870122e-08
1.0251108834009492,0.7189206,0.7189206,-1.1506652852766308e-08
0.918040676576726,0.6387719,0.63877183,6.159393306504057e-08
0.802450904908425,0.60140544,0.6014055,-5.823898319157195e-08
0.674427173737956,0.5574496,0.5574496,-2.0761108388001048e-08
0.5576861095231579,0.50241923,0.50241923,3.3221435602470706e-09
0.4319649634456829,0.36646622,0.36646622,4.193572988864247e-09
0.7126500862816572,0.7094363,0.7094363,-2.583313007953336e-09
0.9804407325968648,0.9998233,0.9998232,7.222824094377245e-08
1.0188939036498654,0.9620719,0.9620719,-4.400634745493903e-09
0.974914528373679,0.89412695,0.89412695,1.6944885494751816e-09
0.8772849204307315,0.7819698,0.7819698,-1.430969243099156e-08
0.7593925636694363,0.64788115,0.64788115,2.456664871530734e-10
0.6488684792057221,0.55849874,0.55849874,1.9622803382191023e-10
0.5312063809537264,0.49397123,0.49397123,-1.4004516435406344e-09
0.4133140241924312,0.37441957,0.3744195,6.996917722990048e-08
0.3579368527059244,0.3387642,0.3387642,-9.326171890311485e-09
0.1715425894280564,0.189008,0.18900798,1.751281739070798e-08
-0.0003453877639491,0.02726397,0.02726394,2.918296813925192e-08
-0.1691248750804126,-0.13735513,-0.13735513,-3.89110565990336e-09
-0.3358320358131815,-0.2989624,-0.2989624,-1.4264678938058495e-08
-0.4869967471682407,-0.435382,-0.435382,-8.552551278295795e-09
-0.6386219755418986,-0.5969371,-0.5969371,-1.9960784913841678e-08
-0.7798855709970833,-0.7696257,-0.7696257,-2.3361969025970097e-08
-0.93208644564399,-0.94736093,-0.94736093,-2.8269958596283118e-09
-0.3182172598517771,-0.38128543,-0.38128543,9.991454885671658e-10
-0.3610453425814663,-0.43504423,-0.43504423,9.693908453733968e-10
-0.4077878199692455,-0.48411477,-0.48411477,3.8790893830409345e-09
-0.4607472771081086,-0.54675823,-0.54675835,1.1549911493879961e-07
-0.5210750065445526,-0.61008835,-0.61008835,1.6113280709717515e-09
-0.5864684231855835,-0.6712768,-0.6712768,-7.785034172869132e-09
-0.655085458956806,-0.7303547,-0.7303547,-2.6314544654404415e-08
-0.7292286989512143,-0.7849346,-0.78493446,-1.2032608032175318e-07
-0.8082073676409101,-0.84117645,-0.84117645,-2.5253299451577504e-10
0.4216033305272098,0.49864596,0.49864596,1.284637451970383e-09
0.3071648514054057,0.34655526,0.34655526,2.8040313959643015e-09
0.1793713787442361,0.1764243,0.1764243,-5.289840704358895e-09
0.0396044635994975,0.016353086,0.016353086,-3.6290740898503593e-10
-0.1098333089358159,-0.13378988,-0.13378985,-3.206386567367048e-08
-0.2661788367501116,-0.29474074,-0.29474074,3.515472413173626e-09
-0.4169981603412217,-0.44477993,-0.44477993,-2.498931894745482e-09
-0.5749554977206133,-0.5916061,-0.5916061,1.9467926049010487e-08
-0.7333733521186037,-0.74649125,-0.74649125,-3.3760070294874822e-09
-0.5671267084044335,-0.56117034,-0.56117046,1.2041564945164396e-07
-0.616862546413105,-0.6277764,-0.6277764,1.5646362316878992e-08
-0.6583090780869977,-0.68368334,-0.68368334,4.218902560637616e-09
-0.6992950927422918,-0.72931814,-0.72931826,1.1806274413661555e-07
-0.7386692978324899,-0.78206867,-0.78206867,2.040100310907178e-10
-0.7738988497552989,-0.81506675,-0.81506675,-4.817962695469191e-09
-0.8086678846595089,-0.84292585,-0.84292597,1.2342330935055656e-07
-0.8402133004335274,-0.8619265,-0.8619264,-9.602890016502386e-08
-0.8710679406796477,-0.87815875,-0.8781586,-1.4814987181477335e-07
1.0916555925884772,1.0004884,1.0004883,1.0045928955371153e-07
0.8563313960844857,0.7945351,0.7945351,4.6005244058733297e-10
0.6304477984617698,0.5494216,0.5494216,8.448028609997493e-09
0.4144653167389282,0.32054034,0.3205403,3.875465393043953e-08
0.1952592158858951,0.11151885,0.11151885,2.412700650378241e-09
-0.0237166264578386,-0.13731645,-0.13731642,-3.047664642874537e-08
-0.2362452305411891,-0.32142168,-0.32142168,-2.8346252567423846e-09
-0.4584446920151145,-0.5312689,-0.5312689,5.327606245053573e-09
-0.6769600173402495,-0.72882485,-0.72882473,-1.23897094694847e-07
0.2019367126555778,0.19232583,0.19232583,4.5959472338985563e-10
0.0902613356453665,0.08582947,0.08582947,-3.4186554004334013e-09
-0.0168088711788565,-0.06953557,-0.0695356,3.1643486025911827e-08
-0.1224975269472832,-0.22116183,-0.22116183,2.554969791290773e-09
-0.2332518699202968,-0.3552063,-0.3552063,-1.0749053980241285e-08
-0.3539073287931848,-0.46063387,-0.460634,1.260604858277503e-07
-0.4833126110194502,-0.5625322,-0.5625322,1.3491821326816478e-08
-0.616862546413105,-0.67065173,-0.67065173,-3.8752746567283225e-09
-0.7536361009369512,-0.7941187,-0.7941187,-2.411651656153424e-09
2.201501607411607,1.4407247,1.4407248,-6.950836173302832e-08
2.719122736316669,1.8444598,1.8444598,-2.7890014742126823e-08
3.043096458900932,2.2080932,2.208093,1.6635131849795926e-07
3.2837166011188086,2.5648627,2.564863,-2.7188110340858884e-07
3.472298320235021,2.8901603,2.8901606,-2.778106691359028e-07
3.625650487428425,3.1890194,3.1890192,2.4160461409294953e-07
3.7555162866732887,3.4592898,3.45929,-2.1080017109653681e-07
3.8648890785905055,3.6660213,3.666021,3.4704589824130494e-07
3.958834550384663,3.8030398,3.80304,-2.1080017109653681e-07
0.0527291986295636,0.053236008,0.053236008,-3.0957031382783384e-10
0.0467424773877791,0.02937238,0.02937238,-8.16230773942328e-10
0.0310848987554196,0.0067026764,0.0067026466,2.981544342060133e-08
0.0105918914277726,-0.014125615,-0.014125675,5.964164733959776e-08
-0.0128944765207666,-0.034945264,-0.034945294,2.954134369070882e-08
-0.0375321370158029,-0.05787222,-0.05787219,-3.087383270566901e-08
-0.0610185049643422,-0.08208351,-0.08208351,1.6276931746883605e-09
-0.0822022878198874,-0.1070997,-0.10709967,-2.699382782578308e-08
-0.1006229685638398,-0.14225133,-0.14225133,2.3661422821064093e-09
0.4708786515172823,0.47468507,0.47468507,2.8988647593486405e-09
0.4038734253111556,0.40415448,0.40415448,-4.963683908343341e-10
0.3336445799748372,0.2830237,0.2830237,-1.4783096302650733e-08
0.2567382378688361,0.20170332,0.20170334,-1.5086021432075825e-08
0.1789108617256374,0.15834787,0.15834787,4.879837034454937e-09
0.1086820163893189,0.11081371,0.11081371,-2.8867340046145884e-09
0.0414465316738928,0.046081394,0.046081394,-4.286193622249357e-11
-0.0174996467067547,-0.018635482,-0.018635511,2.9404006958444473e-08
-0.0693078112991207,-0.087075606,-0.087075606,1.1497497398593737e-11
-0.6041983284016377,-0.66016674,-0.6601666,-1.4041748042092905e-07
-0.1280237311704689,-0.30916286,-0.30916286,4.8516845541080045e-09
0.3288091512795498,0.108692475,0.108692475,-3.367423978550832e-10
0.7667608359670173,0.42152804,0.42152804,1.3627624584344744e-09
1.185370805873335,0.7809886,0.78098845,1.2402801519151296e-07
1.584869319507802,1.1407388,1.1407388,4.48715209433459e-08
1.965716893889017,1.6242626,1.6242627,-1.2866516119203197e-07
2.3269924949797827,2.063549,2.063549,4.174804679735189e-08
2.6693868983079976,2.5368323,2.5368323,3.261108405538948e-08
1.3578344293385889,1.3124772,1.3124772,3.1025695790276586e-08
1.6205593884492095,1.6077886,1.6077884,1.62774658196696e-07
1.861640047685686,1.7886308,1.7886308,4.31625366559274e-08
2.091438039966492,1.9813874,1.9813875,-1.2321472175891302e-07
2.314328276968316,2.1872103,2.1872103,2.142639177193928e-08
2.532843602293451,2.4064875,2.4064875,-3.509521473432642e-08
2.7485958255069924,2.6519902,2.6519902,-2.4752807803452015e-08
2.962966497664738,2.8999307,2.8999307,1.5560913002587995e-08
3.1748043262201904,3.1053152,3.1053154,-1.9156494124317192e-07
0.8238649462732697,0.8272184,0.8272183,1.1335296634662484e-07
1.0594194012865603,0.99737835,0.99737835,-6.958007503499175e-10
1.302802645616031,1.2447342,1.2447342,-3.19473265619763e-08
1.5547054547895798,1.5351194,1.5351195,-8.567047116159188e-08
1.814667311788608,1.8274819,1.8274819,-3.411712645728926e-08
2.0829184751224137,2.1176555,2.1176553,2.1567077634898624e-07
2.359458944790999,2.397666,2.3976657,2.774780272218891e-07
2.644058462285063,2.6769967,2.6769967,7.916259647799961e-09
2.936947286113906,2.9193995,2.9193993,1.9989318866819872e-07
1.4216160364145238,1.5126053,1.5126053,9.486389229707015e-09
1.4725031669696922,1.5881711,1.5881711,2.445831293051981e-08
1.5425017537967114,1.7094537,1.7094537,1.972961349849811e-09
1.6615454031045036,1.8518195,1.8518195,1.5228271532663484e-08
1.8416075573766373,2.0239549,2.0239549,-3.168334972158959e-08
2.063116243322665,2.1973953,2.1973956,-2.752929688654149e-07
2.305578453614938,2.3715003,2.3715003,-4.632263195247788e-08
2.5459683373235165,2.5838454,2.5838451,2.76968383783327e-07
2.7739242615299275,2.8000755,2.8000755,3.1005859213451004e-08
-0.7149526713746512,-0.9262132,-0.9262132,-4.860687297103539e-09
-0.4798587333799591,-0.88686496,-0.88686496,-1.9363399772487355e-10
-0.2829877079289682,-0.87263125,-0.8726314,1.4818801874483256e-07
-0.1353920034680499,-0.89225954,-0.89225954,1.82632442502495e-09
-0.0573343688155517,-0.9096679,-0.9096678,-1.0914535519823687e-07
-0.0384531710530005,-0.9034546,-0.9034546,-1.7646789585157308e-09
-0.110984601482313,-0.887454,-0.887454,2.6706695521738766e-08
-0.2261138561320153,-0.873313,-0.873313,-9.738922113200488e-09
-0.4188402284156169,-0.8282296,-0.8282296,-6.151580800306533e-09
-0.8369896813033356,-0.8756929,-0.8756929,-3.995513919718974e-09
-0.776892210376191,-0.86042124,-0.86042124,-3.297424555626094e-10
-0.7474191211858673,-0.83472556,-0.8347257,1.4124221803246684e-07
-0.7428139509998792,-0.86160725,-0.86160713,-1.235514831554596e-07
-0.7423534339812804,-0.9033,-0.9033,1.2683868400031884e-08
-0.7416626584533822,-0.9071409,-0.9071409,-1.0625457735891075e-08
-0.7393600733603881,-0.87501854,-0.87501854,2.9554748648408236e-09
-0.7377482637952923,-0.85560197,-0.85560197,3.618927046922238e-09
-0.6944596640470042,-0.82067746,-0.82067734,-1.1923995968388112e-07
-0.4975886385960132,-0.83055,-0.83055,-1.497268675709762e-08
-0.2809153813452736,-0.8178695,-0.8178695,1.557540896257592e-08
-0.1413787247098344,-0.8062299,-0.80623,1.1060714721899956e-07
-0.0467424773877791,-0.7943961,-0.7943962,9.75715637174801e-08
0.0145062860858624,-0.79570097,-0.79570097,2.6881408210499558e-09
0.0531897156481624,-0.780533,-0.780533,-1.5727996793835075e-08
-0.0255586945322339,-0.7488738,-0.7488739,1.2976303098710673e-07
-0.1556547522863975,-0.7704763,-0.7704764,1.1835708613183726e-07
-0.3495324171164961,-0.780238,-0.780238,2.726364134453263e-08
-0.6794928609425429,-0.82153124,-0.82153124,3.82827758382831e-09
-0.5284432788421336,-0.8298499,-0.82985014,2.411848449845877e-07
-0.4098601465529402,-0.8467582,-0.8467583,1.1318283077432767e-07
-0.3195988109075736,-0.86871666,-0.86871654,-1.1716171266495934e-07
-0.2542053942665426,-0.8530789,-0.8530789,-1.7677307395658204e-09
-0.2482186730247581,-0.8370715,-0.8370715,2.1633148161726012e-08
-0.2749286601034891,-0.8045258,-0.8045259,1.0740127565078694e-07
-0.3555191383582807,-0.7970665,-0.7970666,9.027633662839207e-08
-0.4906808833170312,-0.7908773,-0.7908774,1.1738052363430285e-07
0.6845585481471299,0.6728368,0.6728368,-1.945190430951982e-08
0.5164698363585645,0.53978056,0.53978056,-2.8443908339781387e-09
0.3435456958747116,0.3747785,0.37477848,2.9140014623507682e-08
0.1738451745210504,0.17960835,0.17960836,-1.4968261713432796e-08
-0.0062169797510839,-0.04939626,-0.04939623,-3.157283783028486e-08
-0.1805226712907331,-0.2792536,-0.27925372,1.1797210691666393e-07
-0.3628874106558616,-0.45938408,-0.4593842,1.162521362507718e-07
-0.5401864628164031,-0.6265292,-0.6265292,-1.6766357413544597e-08
-0.7110382767165614,-0.7840417,-0.7840417,-2.7473450181503267e-09
0.3845317105300057,0.007393092,0.007393092,-8.296203654611922e-11
0.6292965059152728,-0.031191245,-0.031191245,2.785873406963013e-10
0.780806605034281,-0.08409934,-0.08409937,3.254138947195173e-08
0.8353778717382399,-0.19413675,-0.19413678,2.632167817040454e-08
0.8402133004335274,-0.33553994,-0.33553994,2.980651836459458e-09
0.7522545498811548,-0.3804394,-0.3804394,-6.729126145188502e-10
0.6127178932457156,-0.44929922,-0.44929922,3.729553221809567e-09
0.3755516286673289,-0.52561164,-0.52561176,1.2097717283499065e-07
0.020493007327647,-0.6582308,-0.6582309,1.1844482417089353e-07
-0.6739666567193573,-0.6265323,-0.6265323,-1.6207885700225688e-08
-0.684098031128531,-0.63425744,-0.63425744,4.201354930621903e-09
-0.6958412151028007,-0.63894904,-0.6389489,-1.3659820552458513e-07
-0.7085054331142678,-0.6370878,-0.6370878,-2.196044923685747e-08
-0.7230117192001304,-0.65496916,-0.65496904,-1.1578842162851544e-07
-0.7386692978324899,-0.65404147,-0.65404147,9.028625624907249e-10
-0.7554781690113465,-0.6770261,-0.677026,-9.300613401652669e-08
-0.7736685912459995,-0.6922224,-0.6922224,-1.6400909408353925e-08
-0.7932405645364488,-0.7366802,-0.7366802,-9.636688225178602e-09
0.6313249669166024,0.5158517,0.5158517,-2.3535919213557577e-08
0.5449371533947585,0.36241877,0.36241874,3.0790100080668736e-08
0.4468629368040929,0.26889995,0.26889995,-2.595138548500131e-09
0.3308852297524291,0.23150085,0.23150085,-8.722305377961703e-10
0.2013068567050353,0.14300264,0.14300264,4.181251539447928e-09
0.0584575695715686,0.02311024,0.02311027,-2.9302139280956707e-08
-0.1019219897253839,-0.10533829,-0.10533826,-3.033374786076681e-08
-0.2826281981491019,-0.26402074,-0.26402062,-1.2098587037767672e-07
-0.4735298390222937,-0.43728733,-0.43728733,-6.274414321438826e-10
-0.4379516846874675,-0.45511347,-0.4551136,1.2944564820038806e-07
-0.4446291814571502,-0.4967119,-0.4967119,-9.770965592181824e-09
-0.451306678226833,-0.5355945,-0.5355945,-2.2953033473882556e-08
-0.4538395218291264,-0.5782913,-0.5782913,3.041076612753102e-09
-0.4637406377290008,-0.6056577,-0.6056576,-9.672393797011125e-08
-0.4724904610823782,-0.61610675,-0.61610675,1.4190674191283392e-09
-0.5035753598377979,-0.6421964,-0.64219654,1.231451416394691e-07
-0.5256801767305407,-0.6895218,-0.6895218,1.0449218712516029e-08
-0.5434100819465948,-0.73217016,-0.73217005,-1.1458511350870282e-07
0.9115934383163428,0.9250925,0.9250925,1.8329620377066647e-08
0.7388995563417894,0.6987336,0.69873357,5.7796173069668555e-08
0.5394956872885049,0.5154414,0.5154414,1.7694091747344487e-08
0.3467693150049033,0.35310727,0.35310727,3.578643825719041e-09
0.1416089832191338,0.16676977,0.16676977,2.768020618271194e-09
-0.0672354847154261,-0.06772657,-0.06772657,2.612419128245058e-09
-0.26295521761992,-0.31491476,-0.31491476,-2.9737853846079076e-09
-0.4711089100265818,-0.53447884,-0.53447896,1.1678787226188092e-07
-0.6992950927422918,-0.7390048,-0.7390048,9.21707155043805e-09
0.6771902758495488,0.751918,0.751918,1.7864227319641657e-08
0.5111738906446782,0.609864,0.609864,-3.4942626570000357e-09
0.3361774235771307,0.42137608,0.42137605,2.9320907590779655e-08
0.1565757863235951,0.19312239,0.19312242,-3.30676269422181e-08
-0.0246376604950362,-0.07783203,-0.07783206,3.173023223335125e-08
-0.2139101551391468,-0.31240356,-0.31240356,3.152466065969861e-10
-0.3946630849391794,-0.48837847,-0.48837847,4.8243713468565375e-09
-0.5885407497692782,-0.64710844,-0.6471083,-1.3563079837020098e-07
-0.7688331625507119,-0.80423576,-0.80423564,-1.1639724728507161e-07
0.9178104180674268,0.99997836,0.99997824,1.2351394651499703e-07
0.7186368075234417,0.8836374,0.8836373,1.2828369144735063e-07
0.5065687204586901,0.67753416,0.6775342,-3.7001800512470595e-08
0.2965729599776331,0.4448884,0.4448884,1.2952423078527175e-08
0.1082214993707201,0.21454172,0.2145417,1.8363761900008768e-08
-0.0992414175080433,-0.026526675,-0.026526645,-2.9628257749991782e-08
-0.3189080353796754,-0.28533036,-0.28533047,1.148326110866904e-07
-0.5305156054258282,-0.5156468,-0.51564693,1.1470001215485581e-07
-0.7393600733603881,-0.7366248,-0.7366247,-7.731704709801335e-08
0.7333733521186037,0.774927,0.77492714,-1.1992706294705613e-07
0.5376536192141097,0.693212,0.693212,-2.7286529591386e-08
0.324434239602861,0.52322894,0.52322894,3.347930932484644e-09
0.1116753770102112,0.31947228,0.31947228,3.1249237086861115e-09
-0.0895705601174683,0.08316855,0.08316854,1.1325798035533019e-08
-0.254435652775842,-0.16345857,-0.16345857,-8.379745508602099e-10
-0.4193007454342158,-0.3816356,-0.3816356,-6.288909892848693e-09
-0.5698898105160264,-0.5782085,-0.5782085,-6.107330308147141e-09
-0.7697541965879096,-0.7687658,-0.7687658,-7.1517943789345395e-09
0.6290662474059734,0.5878935,0.5878935,-1.3977050739022445e-08
0.5001214821983068,0.457788,0.457788,-9.429931613347264e-09
0.3345656140120349,0.31042784,0.31042787,-2.5475616449721628e-08
0.1791411202349367,0.14638272,0.14638272,-7.216644226648583e-10
-0.0016118095650958,-0.007686287,-0.0076862574,-2.9764688110056614e-08
-0.1924961137743022,-0.22156905,-0.22156917,1.2362186432857136e-07
-0.3771634382324247,-0.3912725,-0.3912726,1.147438049575733e-07
-0.5705805860439246,-0.58559895,-0.58559895,4.382324170215668e-09
-0.7543268764648494,-0.77561516,-0.77561516,4.303131073690736e-09
0.6477171866592251,0.5959169,0.595917,-7.313919070384145e-08
0.4547605558663241,0.44721958,0.44721958,4.1191100530468816e-10
0.2654880612222134,0.19686003,0.19686005,-1.970653534799638e-08
0.0822022878198874,-0.045213744,-0.045213744,-4.430389388687672e-11
-0.0985506419801451,-0.24582602,-0.24582602,-8.368301329664263e-10
-0.2636459931478183,-0.4186216,-0.41862148,-1.196742248632532e-07
-0.4363398751223717,-0.566991,-0.566991,2.843475344072033e-08
-0.599823416724949,-0.70289,-0.7028901,1.2111434932737808e-07
-0.7352154201929988,-0.8309513,-0.8309513,2.6558685251032443e-08
0.5627517967277448,0.6335672,0.6335672,1.4012145999053871e-08
0.6444935675290334,0.575763,0.575763,-1.286315920445702e-08
0.6638352823101834,0.51271147,0.51271147,-4.641265816118789e-09
0.6345924516291591,0.43301955,0.43301955,-1.345443700895288e-09
0.5756462732485115,0.24215046,0.24215046,-4.286727917079958e-09
0.4846941620752466,0.09727241,0.09727241,9.888076746289443e-10
0.3230526885470646,-0.07573061,-0.07573067,6.308643341057518e-08
0.1245698535309779,-0.26975083,-0.26975083,-3.5113525420626956e-09
-0.1805226712907331,-0.53750074,-0.53750074,9.02404817537672e-10
-0.3354866480492325,-0.3451951,-0.34519523,1.1538742067385144e-07
-0.34032207674452,-0.39591515,-0.39591515,-6.423950260625588e-10
-0.346078539477005,-0.43813747,-0.43813747,-1.675872829398628e-09
-0.3532165532652866,-0.47778696,-0.47778696,1.7823791331750272e-09
-0.3668018053139515,-0.48642558,-0.48642558,1.4057922603782913e-09
-0.3882158466787961,-0.5258212,-0.5258212,-8.953857433269263e-09
-0.4176889358691199,-0.59218943,-0.5921893,-1.3119049069310051e-07
-0.4708786515172823,-0.67254907,-0.6725492,1.3107223506558796e-07
-0.5339694830653192,-0.7306467,-0.7306467,-2.9469299334117238e-08
-1.0285647610404405,-1.0026053,-1.0026053,-1.90231324026513e-08
-1.058037850230764,-1.0069592,-1.0069592,9.460454641896376e-11
-1.034090965263626,-1.0274658,-1.0274658,-2.0312499904306947e-08
-1.027183209984644,-1.0503935,-1.0503935,3.7818908671383156e-08
-1.0156702845196737,-1.0590268,-1.0590267,-1.3734893800076975e-07
-0.9753750453922778,-1.0267258,-1.0267256,-1.6904296873399005e-07
-0.9035343904908636,-0.988283,-0.98828286,-1.1853469850109377e-07
-0.8206413271430779,-0.93901294,-0.9390128,-1.4469833375940766e-07
-0.75409661795555,-0.8578072,-0.8578072,-1.9028472908466654e-08
1.1326416072437713,1.1121916,1.1121916,-4.211578374935243e-08
0.9488953168228464,0.8749149,0.8749149,-1.5432739308707255e-08
0.7428139509998792,0.69167465,0.69167465,-2.845763624748088e-10
0.5378838777234092,0.5251639,0.5251639,-1.106872560274752e-08
0.3044017492938129,0.3389979,0.3389979,4.859924129796411e-10
0.0644723826038332,0.10840549,0.10840549,3.1998252936205063e-09
-0.2042392977485718,-0.1670729,-0.1670729,-7.090187076341792e-09
-0.4229848815830062,-0.43771738,-0.43771738,1.8605041396391186e-09
-0.662453731254387,-0.69428414,-0.69428414,-1.0636901359717399e-09
-0.6861703577122256,-0.66656363,-0.66656363,-1.0406497885639965e-10
-0.7197881000699388,-0.7402941,-0.74029386,-2.3885406497115014e-07
-0.7499519647881607,-0.81286997,-0.8128701,1.3396987919023218e-07
-0.7770073396308408,-0.838769,-0.838769,-1.8650054944835404e-08
-0.7956582788840927,-0.841989,-0.841989,1.9229888903460335e-08
-0.8053291362746675,-0.85497206,-0.85497206,-4.495086636246981e-09
-0.8120066330443503,-0.8649841,-0.8649842,1.049034118461023e-07
-0.8131579255908474,-0.87589234,-0.87589234,-1.1369323260623787e-09
-0.8138487011187455,-0.83252734,-0.83252734,5.415343728998323e-10
0.1208857173821874,0.098363355,0.098363325,2.9802131651379682e-08
0.0253284360229345,-0.009498745,-0.009498686,-5.920301818923557e-08
-0.080820736764091,-0.09776135,-0.09776132,-2.7889900208744045e-08
-0.1828252563837272,-0.17649628,-0.17649634,5.7780113221772567e-08
-0.3062438173682081,-0.27972037,-0.27972037,3.998870845567382e-09
-0.4335767730107788,-0.40079874,-0.40079886,1.2199722287942194e-07
-0.5618307626905472,-0.55274683,-0.55274683,-2.3707580343312884e-09
-0.6790323439239441,-0.69867206,-0.69867194,-1.161981201258655e-07
-0.7973852177038381,-0.82003313,-0.82003313,-3.0299377451470377e-09
-0.615250736848009,-0.5777339,-0.5777339,2.5679016135704558e-08
-0.652782873863812,-0.6212632,-0.6212631,-1.0600509647851197e-07
-0.6861703577122257,-0.64903426,-0.6490344,1.3829650880037292e-07
-0.7158737054118489,-0.69252133,-0.6925214,6.63055419458658e-08
-0.7409718829254839,-0.7283861,-0.7283861,-4.1069030398688255e-09
-0.760313597706634,-0.7605083,-0.7605082,-9.887390139962093e-08
-0.7771224688854905,-0.7901991,-0.7901992,9.902877806666766e-08
-0.7943918570829458,-0.8235472,-0.8235472,1.5532684360941573e-08
-0.8031416804363232,-0.81276363,-0.81276363,-1.3438415935596026e-09
-0.6490987377150215,-0.5972385,-0.5972385,1.8955230718376015e-08
-0.6769600173402495,-0.67237806,-0.672378,-6.320190426567507e-08
-0.705742331002675,-0.7383619,-0.7383619,4.915618911915942e-09
-0.7289984404419149,-0.7857134,-0.7857135,1.253852843774439e-07
-0.7497217062788614,-0.80078274,-0.80078274,-1.1611933636856975e-10
-0.764918767892622,-0.79826194,-0.79826206,1.1952072143106562e-07
-0.7775829859040893,-0.813415,-0.81341475,-2.409019470572815e-07
-0.7895564283876583,-0.8335901,-0.8335901,9.725189209497387e-09
-0.8033719389456225,-0.81511396,-0.81511384,-1.2169662477745646e-07
-0.4443989229478509,-0.4249382,-0.42493826,5.809570313708434e-08
-0.4973583800867139,-0.47187364,-0.47187376,1.1898590085435146e-07
-0.5498573202069782,-0.53960496,-0.53960484,-1.21872100855569e-07
-0.599823416724949,-0.58744085,-0.58744097,1.2164947504889057e-07
-0.6408094313802429,-0.62486523,-0.62486523,-3.89816279255939e-09
-0.6790323439239441,-0.650247,-0.650247,2.219390871083249e-08
-0.7151829298839506,-0.68075603,-0.68075603,-2.466888471275297e-09
-0.7511032573346578,-0.7078783,-0.7078783,8.393096884162787e-09
-0.7837999656551732,-0.7387957,-0.7387957,2.3109436586565835e-09
-0.7667608359670173,-0.76568437,-0.76568425,-1.1622619633389064e-07
-0.791628754971353,-0.7888362,-0.7888364,2.1883621215135207e-07
-0.8194900345965809,-0.8281519,-0.82815176,-1.2169479368662195e-07
-0.8367594227940363,-0.86392957,-0.8639298,2.302787780461557e-07
-0.8464302801846112,-0.8889039,-0.8889039,-1.5882110626641577e-08
-0.8632391513634678,-0.893755,-0.893755,-1.8711090121747986e-08
-0.8565616545937851,-0.8938404,-0.8938404,2.743759153212011e-08
-0.8148848644105928,-0.8723127,-0.8723127,-2.4590301461735464e-08
-0.7524848083904542,-0.82752985,-0.8275296,-2.4762191774829745e-07
1.333427027352852,1.3695968,1.3695968,3.8951110781226816e-08
1.1411611720878492,1.1553115,1.1553115,-3.473663334752075e-08
0.9332377381904868,0.9079254,0.9079254,2.6959991461517063e-08
0.7126500862816572,0.7279182,0.7279182,7.645416300050556e-09
0.4828520940008514,0.5293572,0.5293572,-5.09948727689391e-09
0.2256533391134165,0.2878484,0.2878484,1.299057006409754e-08
-0.0531897156481624,0.0060722977,0.006072268,2.9692298889570645e-08
-0.3382497501608253,-0.33639032,-0.33639032,3.513641377850263e-09
-0.6325201250454644,-0.6405389,-0.6405389,2.8711700461592216e-08
0.4593657260523122,0.16550307,0.16550307,-2.415847799586146e-10
0.5767975657950085,0.43461835,0.43461835,3.8436889782111905e-09
0.4883782982240371,0.55362654,0.5536265,3.7322998025501875e-08
0.3060135588589087,0.5669369,0.5669369,1.0152435336863164e-08
0.0822022878198874,0.40286005,0.40286005,-4.566955591478461e-09
-0.1574968203607927,0.18450503,0.18450503,5.128097668727349e-10
-0.3803870573626164,-0.11347084,-0.11347084,2.5261306796364735e-09
-0.5809422189623978,-0.42840582,-0.42840582,-1.3233947826485348e-09
-0.7879446188225625,-0.7232069,-0.72320676,-1.1770843511005324e-07
-0.6811046705076388,-0.69224405,-0.69224405,-2.8869628909689027e-09
-0.722781460690831,-0.7957879,-0.79578775,-1.2088394163445315e-07
-0.7639977338554244,-0.84515613,-0.84515613,-3.1748962348032705e-09
-0.8054442655293172,-0.8516739,-0.8516739,-1.0810852213438693e-09
-0.8418251099986231,-0.8523552,-0.8523552,1.782913205961023e-08
-0.8676140630401565,-0.8515155,-0.8515155,2.8064727763954522e-08
-0.8851137097469113,-0.85383457,-0.85383445,-1.194541930926718e-07
-0.8968568937211809,-0.86491734,-0.86491746,1.22105560329544e-07
-0.9044554245280612,-0.86458594,-0.86458594,3.9305114718501954e-09
0.4568328824500187,0.47154307,0.47154307,3.654174796086096e-09
0.5648241233114394,0.79517907,0.79517907,-9.577941773031284e-10
0.4467015080408449,0.87757295,0.87757283,1.2370101931669097e-07
0.2399293666899795,0.81928474,0.81928474,-2.8898620163531064e-09
-0.0181904222346529,0.55863845,0.55863845,3.4835815343470244e-09
-0.2620341835827224,0.19465704,0.19465704,2.622566219745437e-09
-0.4975886385960132,-0.18202002,-0.18202002,-3.4651565505861015e-09
-0.7062028480212739,-0.50396186,-0.50396186,-1.133575455725122e-09
-0.8846531927283124,-0.7551317,-0.7551316,-1.2149658201732194e-07
-1.0421500130891053,-0.9711271,-0.971127,-9.283828739103939e-08
-1.1070829127115374,-0.95871514,-0.95871514,-8.195495393437113e-10
-1.1630357304712926,-0.9547656,-0.9547656,-1.7847442634888466e-08
-1.204942779163784,-1.0030531,-1.0030532,1.308853150305822e-07
-1.2284291471123234,-1.0574929,-1.0574927,-1.5221099847195774e-07
-1.2489221544399705,-1.1047889,-1.1047889,5.783080680998864e-10
-1.2627376649979347,-1.1444235,-1.1444235,1.5197753944207193e-08
-1.2770136925744977,-1.1920594,-1.1920593,-9.769744879761788e-08
-1.2986579924486417,-1.2346023,-1.2346025,1.6788482670726523e-07
0.7923195304992512,0.8525769,0.8525769,1.1449432402166337e-08
0.5807119604530984,0.70321,0.7032099,9.622344965265484e-08
0.3472298320235021,0.47703665,0.47703665,4.949188225911172e-09
0.0907218526639654,0.2146327,0.2146327,4.8540115260564676e-09
-0.1945684403579969,-0.030311659,-0.03031163,-2.897846222010836e-08
-0.4793982163613604,-0.325997,-0.325997,5.027770977328316e-09
-0.7365969712487953,-0.5941524,-0.5941525,1.0904312131021499e-07
-0.9530399699902355,-0.8474007,-0.8474006,-1.2488784795205987e-07
-1.1335626412809687,-1.1016383,-1.1016383,-1.7108154226619376e-08
0.6348227101384585,0.60203075,0.60203075,4.089355520875415e-09
0.4130837656831318,0.38804367,0.38804367,1.8463897633047566e-09
0.180983188309332,0.19323069,0.19323069,-1.4280700788571465e-09
-0.0554923007411565,-0.0536872,-0.05368714,-5.99502181994338e-08
-0.2979545110334295,-0.27170634,-0.27170646,1.1730285642830296e-07
-0.5279827618235348,-0.48349875,-0.48349875,-2.117157005265824e-09
-0.7515637743532566,-0.69428086,-0.69428086,-2.8082275393970235e-09
-0.9415270445252654,-0.9176956,-0.9176957,1.1808700561832808e-07
-1.1169840286114117,-1.1385473,-1.1385474,9.870758055363638e-08
0.4317824164255378,0.4770528,0.4770528,7.80792236421135e-09
0.2021241840901343,0.2718684,0.2718684,7.726287831744116e-09
-0.0304592074847085,0.08840531,0.088405296,1.5107635503719408e-08
-0.2357223335210698,-0.17397468,-0.17397471,3.2079658512929043e-08
-0.4478508246046022,-0.35299534,-0.35299534,3.944244375553296e-09
-0.6891551592904078,-0.5201391,-0.5201391,1.8325805317687127e-09
-0.8794767587514388,-0.69349426,-0.69349426,-3.111266799749046e-10
-1.0847093834991182,-0.87180775,-0.87180775,-4.039764411878366e-09
-1.2173958246580767,-1.0858527,-1.0858527,-4.219512939052095e-08
-1.302802645616031,-1.3036691,-1.303669,-9.503936770904886e-08
-1.3145458295903008,-1.3391742,-1.3391742,4.8579406719539975e-08
-1.3246772039994748,-1.370377,-1.3703768,-1.445419310908136e-07
-1.330663925241259,-1.394355,-1.394355,-5.8670043934228033e-08
-1.3329665103342532,-1.3906685,-1.3906685,-1.139068595001902e-08
-1.3348085784086483,-1.377518,-1.377518,-5.7823181132121704e-08
-1.3308941837505583,-1.3707094,-1.3707092,-2.1925048820925497e-07
-1.3267495305831694,-1.3568131,-1.3568131,2.6841735945026812e-08
-1.3161576391553966,-1.3330956,-1.3330953,-2.5053710928091277e-07
1.0711625852608302,1.0445974,1.0445973,8.731384282256727e-08
0.8890281044050011,0.8394248,0.8394248,-1.1048126191681718e-08
0.6919268204447108,0.619757,0.619757,-3.3683776878845606e-09
0.4773258897776657,0.37720537,0.37720537,1.8566894688376578e-09
0.2394688496713807,0.1453418,0.14534178,1.8663139339514245e-08
-0.0163483541602577,-0.11742316,-0.1174231,-6.186428069820948e-08
-0.3071648514054057,-0.44683844,-0.44683844,1.4891052280141537e-09
-0.6193953900153983,-0.7456578,-0.7456578,-1.628112755724942e-09
-0.9422178200531636,-1.0491701,-1.0491701,-3.645172119703943e-08
0.854259069500791,0.8145667,0.8145667,-2.8151702857748262e-08
0.7566294615578435,0.750744,0.750744,-1.4823913541128775e-08
0.6180138389596019,0.64871806,0.64871806,-9.370422215937424e-10
0.4292018613340901,0.5076982,0.5076982,-2.170867918760422e-08
0.2021669711648772,0.28231978,0.28231978,4.164428690778266e-09
-0.0607882464550428,0.039507598,0.039507583,1.4684860230596009e-08
-0.3589730159977717,-0.274369,-0.274369,-1.3885498306720478e-09
-0.6454146015662311,-0.62018824,-0.62018836,1.2376342772846272e-07
-0.9380731668857742,-0.97190124,-0.97190136,1.2203536992050346e-07
0.6776507928681478,0.6361625,0.6361625,1.9454956090569908e-08
0.56850825946023,0.52292395,0.52292395,-3.619384791875291e-09
0.4271295347503955,0.41680044,0.41680044,-6.422424259078241e-10
0.2454555709131653,0.29876196,0.29876196,3.844299323318978e-09
0.0462819603691803,0.1359328,0.13593283,-2.6846008305270175e-08
-0.1994038690532843,-0.12507977,-0.1250798,3.4084129324485346e-08
-0.4510764197175336,-0.40381056,-0.40381068,1.1929672238952804e-07
-0.7250840457838251,-0.696343,-0.69634295,-5.4703521712440306e-08
-0.9896510729688408,-1.0075115,-1.0075114,-9.654388422042359e-08
1.3276705646203668,1.2522528,1.2522528,1.7153930720326116e-08
1.1674106421479813,1.0269369,1.0269369,-1.1305236746750325e-08
0.9912628825339368,0.80757755,0.80757755,4.1122438787510873e-10
0.7978457347224368,0.5414112,0.5414112,2.1027374286219924e-08
0.5811724774716972,0.27144742,0.27144742,1.2023926299065124e-10
0.3398615597259212,0.02329196,0.02329199,-2.9641380308587095e-08
0.0624000560201386,-0.32337767,-0.32337767,1.1424255430547703e-09
-0.2793035717801778,-0.6609755,-0.66097564,1.2415756223127516e-07
-0.7144921543560525,-1.0047044,-1.0047042,-1.5619354254425843e-07
1.5710538089498376,1.4754555,1.4754555,2.2537231414432313e-08
1.423918621507518,1.2332268,1.2332269,-1.2387695313975655e-07
1.2618166309607373,0.9919404,0.99194026,1.1914276121238743e-07
1.0838268032722975,0.7304349,0.7304349,-5.438232419940903e-09
0.8825808661446177,0.45830566,0.45830566,-3.0900573766423634e-09
0.6509408057894168,0.15900435,0.15900436,-1.4463768016614864e-08
0.3734793020836343,-0.17530303,-0.17530303,2.9661941514103063e-09
0.0230258509299404,-0.5566724,-0.5566724,5.724334672940756e-09
-0.4660432228219949,-0.9474227,-0.9474227,1.676101679670694e-08
1.393294239770697,1.2706918,1.2706918,-4.756622318247139e-08
1.2703361958048152,1.1155366,1.1155365,7.054901129954771e-08
1.1128393754440224,0.97645223,0.97645223,1.4071654952374502e-09
0.9090605947140492,0.827868,0.82786787,1.1477172856544371e-07
0.6507105472801175,0.63236386,0.63236386,-4.161224365084593e-09
0.3387102671794241,0.40230393,0.40230393,4.097290062787806e-09
-0.0278612796252279,0.066972926,0.06697294,-1.3740959162178434e-08
-0.4326557389735812,-0.32505304,-0.32505316,1.2378707886506746e-07
-0.8448184706195154,-0.81239396,-0.8123941,1.3666305542781032e-07
1.7812798279401938,1.688436,1.6884359,1.3134155274485693e-07
1.6438154978884494,1.4705456,1.4705456,4.952850352069049e-08
1.491154106222944,1.244738,1.244738,-1.725006093522552e-08
1.320532550832085,0.99427974,0.99427974,2.2409057942596178e-09
1.1243523009089926,0.6475387,0.6475387,2.156143186216042e-08
0.8982384447769773,0.33059126,0.33059126,1.3868713399922683e-09
0.62261900914559,0.024185851,0.024185836,1.5216316224392346e-08
0.26295521761992,-0.4339344,-0.4339344,9.45510864047705e-09
-0.2567382378688361,-0.8784315,-0.8784314,-9.900436404031154e-08
-0.8920214650258934,-0.8923276,-0.8923277,9.332199091272031e-08
-0.8761336278842344,-0.90013343,-0.90013355,1.1904220575953417e-07
-0.8636996683820666,-0.87289685,-0.87289685,-1.0910039538458705e-10
-0.8514959673891982,-0.8207454,-0.8207454,-8.535003703791233e-09
-0.8376804568312339,-0.773311,-0.773311,-1.894378665046048e-08
-0.8291608919871559,-0.7843645,-0.7843645,-2.1503448466297925e-08
-0.8250162388197667,-0.8196191,-0.81961924,1.2083267209028747e-07
-0.8164966739756887,-0.86075217,-0.86075205,-1.153175354096092e-07
-0.8132730548454971,-0.89284533,-0.89284533,-2.622528083584541e-09
0.4973147617380434,0.42709976,0.42709976,4.34707642105181e-09
0.3167796032754769,0.2759088,0.2759088,-2.0206451512017054e-09
0.1591382213382974,0.13356593,0.13356593,2.5122833258173216e-09
0.0209784063851918,-0.006590545,-0.006590575,2.982254028362913e-08
-0.1130567222922966,-0.058859333,-0.058859363,2.960404205110123e-08
-0.2395270305647338,-0.15773664,-0.15773664,-4.14882658783533e-09
-0.354249316723894,-0.3622445,-0.3622445,1.319122316933985e-08
-0.4990617568457487,-0.5351034,-0.5351034,1.9319915778304164e-08
-0.6449286082894709,-0.6867381,-0.6867381,2.6174163836323316e-08
-0.4506159026989348,-0.4979747,-0.4979747,6.224822990397172e-09
-0.472950978100977,-0.54970926,-0.54970926,-4.637146222563615e-10
-0.501963550272702,-0.57799333,-0.57799345,1.1666030885759682e-07
-0.5279827618235348,-0.573461,-0.5734611,1.0384902948690211e-07
-0.5620610211998466,-0.593335,-0.5933351,1.2714157104909418e-07
-0.6074219475318292,-0.663654,-0.663654,-2.936935428188292e-08
-0.6562367515033031,-0.7426373,-0.74263716,-1.1664947507927792e-07
-0.7078146575863697,-0.8087575,-0.8087575,1.604080202000091e-08
-0.7587017881415382,-0.86411005,-0.86410993,-1.225856017805782e-07
-0.3571309479233765,-0.3765397,-0.3765397,-7.183837913427027e-09
-0.3889066222066943,-0.41504604,-0.41504604,3.756561284262716e-09
-0.4183797113970181,-0.46653014,-0.46653014,-4.2146301448831025e-09
-0.4407147867990603,-0.5320961,-0.5320961,1.2067413290850482e-08
-0.47179968555448,-0.60703087,-0.60703087,1.4697265626750777e-09
-0.5215355235631514,-0.69396585,-0.693966,1.4773941037216076e-07
-0.5830145455460923,-0.75917417,-0.75917405,-1.1810989375415915e-07
-0.6541644249196085,-0.8155895,-0.8155895,1.2447357145006777e-08
-0.7294589574605138,-0.8597502,-0.8597502,-1.1238861064022387e-08
-0.6716640716263632,-0.63313663,-0.63313663,-5.828859617196258e-11
-0.7039002629282799,-0.6195885,-0.6195886,1.0569915775970884e-07
-0.7345246446651007,-0.5998543,-0.5998543,9.514617871353437e-09
-0.7623859242903286,-0.5981635,-0.5981635,1.4472961384903726e-08
-0.7849512582016702,-0.5972057,-0.59720576,6.150985720765334e-08
-0.8006088368340298,-0.6418534,-0.6418535,1.078758239403399e-07
-0.8144243473919941,-0.7249955,-0.7249956,1.0611114498182417e-07
-0.8215623611802756,-0.7993062,-0.79930633,1.1614425654560279e-07
-0.8268583068941618,-0.84632033,-0.8463202,-1.3109664920296638e-07
0.7890959113690595,0.77309686,0.77309686,-5.448913542593914e-10
0.9231063637813128,0.8971622,0.8971622,-9.796142785845063e-10
0.8390620078870303,0.7820542,0.7820542,-1.4132690462353992e-08
0.6113363421899192,0.67986786,0.6798678,6.3655090309922e-08
0.3265065661865557,0.5221296,0.5221296,-4.720306368000138e-09
0.0317756742833178,0.23373608,0.23373608,2.9114913813188537e-09
-0.2535146187386444,-0.03515546,-0.03515543,-3.0238456724673846e-08
-0.5012727747448038,-0.38143897,-0.3814391,1.2943420407696138e-07
-0.7218604266536334,-0.6684504,-0.6684505,8.486557001585737e-08
0.8112007282618023,0.78884286,0.78884286,-3.1159973490346715e-09
0.9159683499930314,0.92338145,0.92338157,-1.2220794676220947e-07
1.0476762173122909,1.0720842,1.0720842,-1.1538696220725342e-08
1.1793840846315502,1.1929908,1.1929908,-2.0123291033513624e-08
1.3133945370438038,1.3230424,1.3230423,9.273071288617984e-08
1.435892063991087,1.4426329,1.4426327,2.1358947743799206e-07
1.5501002846035918,1.530837,1.5308372,-1.4097900380427575e-07
1.6525653212418268,1.632322,1.632322,-4.622650151553387e-08
1.7442082079429897,1.7543318,1.7543318,2.716369618127601e-08
0.3895973977345925,0.46688697,0.46688697,-2.5794220093189324e-09
0.4545302973570246,0.5543041,0.5543041,2.2924804721213832e-08
0.5385746532513074,0.6444877,0.6444877,-2.0995330807238588e-08
0.6288359888966739,0.7970739,0.7970739,6.996154766625295e-10
0.7610043732345322,0.94369984,0.94369984,-3.269042925246879e-09
0.8775151789400308,1.0909498,1.0909499,-1.2621154787950672e-07
1.0433013056356022,1.2243725,1.2243724,1.0614166257028046e-07
1.2295804396588206,1.3725078,1.3725079,-8.94073486357172e-08
1.4469444724374585,1.5383897,1.5383898,-1.1723022463883126e-07
0.9056067170745582,0.85399616,0.85399616,-2.3538208049345144e-09
1.0324791556985302,0.95303637,0.9530363,6.789321904676626e-08
1.1360954848832625,1.0496856,1.0496855,9.741973872046117e-08
1.2364881949378028,1.1399562,1.1399562,3.58856200310953e-08
1.3675052867291635,1.2541326,1.2541326,2.8440857002820508e-08
1.4738847180254888,1.3807768,1.3807768,-3.7037658717764543e-08
1.5931586258425805,1.5202541,1.5202543,-1.6486816400984594e-07
1.758023718500954,1.6708866,1.6708868,-1.642196654216832e-07
1.918974416501238,1.804304,1.8043041,-9.628448482956742e-08
0.3612756010907658,0.3413387,0.34133866,3.409561155631735e-08
0.4022616157460598,0.4135167,0.4135167,2.677917332327695e-10
0.442787113382755,0.50855315,0.50855315,-2.6840210054501767e-09
0.482621835491552,0.5366778,0.5366778,-2.2232818586154224e-08
0.5219960405817502,0.5402079,0.5402079,2.245864871852632e-08
0.5609097286533496,0.54256696,0.54256696,-4.910430950744171e-09
0.59936289970635,0.57178706,0.57178706,-6.929016249657138e-10
0.6375858122500513,0.6326838,0.63268375,6.357192994244087e-08
0.6753482077751537,0.69003445,0.69003445,-8.995055811311659e-10
0.4865362301496418,0.5850549,0.5850549,-2.5579834028732762e-08
0.8130427963361977,0.924524,0.924524,9.227752673091061e-09
1.3246772039994748,1.2774528,1.2774528,2.6499938909907428e-08
1.5890139726751913,1.5993623,1.5993621,1.5414276122172055e-07
2.037787807299731,2.0408092,2.0408092,-4.5489501943052346e-08
2.4292272731087183,2.5023804,2.5023801,2.7109375011491466e-07
2.805239418794646,2.9904366,2.9904366,-4.604492165327656e-08
3.2383556747868263,3.4936507,3.4936507,-2.5180053597750884e-08
3.6546630596001495,4.0097437,4.009743,6.904907223770351e-07
0.5489362861697805,0.6113861,0.6113861,2.0319366411669648e-08
0.8878768118585041,0.9830123,0.9830123,1.8611145069513668e-08
1.235567160900605,1.5274532,1.5274533,-1.158721922855932e-07
1.6115793065865327,1.9576664,1.9576664,-2.9052733552248355e-09
2.0308800520207484,2.490238,2.490238,-4.872131365019072e-08
2.508896717326312,2.9372404,2.9372404,-3.7832641464063954e-08
3.004182770829332,3.312812,3.312812,8.992004385532937e-08
3.522494675262291,3.6758943,3.6758945,-2.395935059240628e-07
4.0573851923648085,4.084421,4.0844207,4.5783691415834937e-07
1.1146814435184176,1.120203,1.120203,1.8188476502700723e-08
1.337341422010942,1.4028558,1.4028559,-1.4610137943904533e-07
1.65118377018603,1.6659147,1.6659147,-4.526824959327769e-08
1.957197329044939,1.950871,1.9508711,-1.0924682625201854e-07
2.21992228815556,2.3241105,2.3241105,7.965087700512186e-09
2.629321917689901,2.7703938,2.770394,-1.5158081057009554e-07
3.0398728397707395,3.1881502,3.1881502,-3.253478997322645e-08
3.489797966941776,3.6797354,3.6797354,2.2134399202400346e-08
4.001892891623652,4.122479,4.122479,-3.805542014845287e-08
1.0794518915956086,1.236321,1.236321,-2.7557373050157707e-08
1.5657578632359512,1.7267618,1.7267618,1.793212889289464e-08
1.432438186351596,1.7647326,1.7647326,-7.41577244056657e-10
1.073925687372423,1.4992111,1.4992111,-2.7078246978007314e-08
0.7167947394490466,1.2088182,1.2088182,-2.749633853937894e-09
0.4395634942525633,0.7813693,0.7813693,2.8498840287660698e-08
0.1865093925325177,0.44271937,0.44271937,1.2672424221094047e-10
-0.0442096337854856,0.11854908,0.11854908,-1.297073365380541e-09
-0.2323308358830992,-0.13295539,-0.13295539,2.7653122014470455e-09
1.4605297244861233,1.3836226,1.3836228,-1.536682128211453e-07
1.5961519864634728,1.4336559,1.4336557,1.5803985586870795e-07
1.6537166137883237,1.4861662,1.4861664,-1.6121521007050887e-07
1.6622361786324018,1.5551032,1.5551032,-1.7207336444613475e-08
1.6479601510558386,1.590573,1.5905727,2.5322418206741304e-07
1.6081254289470417,1.6223503,1.6223502,1.351211547095943e-07
1.570823550440538,1.6198735,1.6198736,-7.62878418214541e-08
1.541120202740915,1.6176639,1.6176637,1.6032104488417076e-07
1.5231600390155613,1.6104429,1.610443,-1.2318420417045672e-07
1.9125271782408544,1.8321178,1.8321179,-1.0405578620975575e-07
2.000255670283928,1.903239,1.903239,1.176452646411974e-08
2.0023279968676224,1.952023,1.9520231,-7.067260732185332e-08
1.9592696556286333,1.944319,1.944319,9.780883880594615e-09
1.8867382251993208,1.9063175,1.9063174,7.245788569143485e-08
1.8033846448329367,1.847365,1.8473649,1.2170562735391854e-07
1.715886411299163,1.7957846,1.7957846,-7.371520949206456e-09
1.6371380011187666,1.7392669,1.7392669,-2.7593994200714178e-08
1.582106217396209,1.6815673,1.6815671,2.1128692617722322e-07
0.7764316933575923,0.43790358,0.43790358,3.0497741554391666e-09
1.2318830247518149,0.45342523,0.45342526,-3.140426635406257e-08
1.7435174324150915,0.43980917,0.43980914,3.334556580858461e-08
2.37074161174667,0.42705232,0.42705232,-9.501647801890556e-10
3.179639754915478,0.31963354,0.31963354,3.491363531615832e-09
1.648190409565138,0.1954871,0.19548711,-1.3094291678727998e-08
0.779655312487784,0.0535298,0.053529784,1.498452759096658e-08
0.214600930667045,-0.023676798,-0.023676798,2.52387999388759e-10
-0.2452253124038658,-0.2523818,-0.2523818,-1.6052246198938747e-09
0.1176620982519957,0.07518597,0.075185984,-1.4528068539854111e-08
0.0522686816109648,0.0018233508,0.0018232912,5.958716278080603e-08
-0.0110524084463714,-0.11823864,-0.11823867,2.718822479652605e-08
-0.072301171920013,-0.24727128,-0.24727128,-4.461021413382227e-09
-0.132628901356457,-0.36361283,-0.36361283,-6.388855000594162e-10
-0.1936474063207992,-0.4925596,-0.49255973,1.182026672097436e-07
-0.2525935847014468,-0.55609465,-0.55609465,3.546142601784652e-09
-0.3055530418403099,-0.5691147,-0.5691147,1.4941406223378806e-08
-0.3543678458117837,-0.5096681,-0.5096681,-1.1801147503653908e-08
-0.749491447769562,-0.78047603,-0.78047603,-3.6875915654377422e-09
-0.646565894112728,-0.5660145,-0.5660145,-2.827453615683595e-08
-0.5309761224444269,-0.4454987,-0.4454987,-4.910278295078285e-09
-0.4262085007131979,-0.30447203,-0.30447203,7.908630417219342e-10
-0.3103884705355973,-0.20358633,-0.20358633,4.9505996801979535e-09
-0.1779898276884397,-0.0927643,-0.0927643,-3.088188177402529e-09
-0.0478937699342761,0.06635249,0.06635249,-3.3895874024247874e-09
0.0835838388756838,0.16340406,0.16340406,2.3903274637415706e-09
0.2247323050762188,0.24607971,0.24607971,3.106155388454823e-09
-0.4918321758635282,-0.39436918,-0.3943693,1.1502914426531063e-07
-0.3007176131450224,-0.2217529,-0.2217529,3.0950546292540793e-09
-0.1489772555167147,-0.041572735,-0.041572705,-2.9713554380861318e-08
-0.0145062860858624,0.10027824,0.10027824,3.4225082351513336e-09
0.0879587505523725,0.19836028,0.19836026,1.920246123221503e-08
0.1729241404838528,0.25882632,0.25882632,-4.597015379470548e-09
0.2415411762550754,0.32485032,0.32485032,8.160400133405687e-10
0.2977242525241301,0.3414394,0.34143943,-3.3857040393492355e-08
0.3421641448189152,0.36472577,0.3647257,6.856613160577396e-08
0.2855205515312617,0.99218816,0.99218804,1.1565109248046213e-07
0.6543946834289078,1.3298028,1.3298029,-1.4845886231462657e-07
0.9028436149629654,1.3216555,1.3216555,1.185607900744401e-08
1.0391566524682128,1.1839484,1.1839484,-2.3635864376814197e-09
1.05964965979586,1.0817213,1.0817213,5.847167861006142e-09
0.982973576199158,0.954698,0.954698,2.6180267287401193e-08
0.8420553685079226,0.78917855,0.78917855,2.4337765136550615e-10
0.6919268204447108,0.6601161,0.660116,7.64694213506445e-08
0.5318971564816246,0.50712425,0.50712425,-4.833221489697337e-09
-0.8754428523563362,-0.85289043,-0.85289055,1.1811904909730941e-07
-0.8901793969514982,-0.8343838,-0.83438367,-1.1572463987086223e-07
-0.9030738734722648,-0.82729834,-0.82729834,-3.1816100865000863e-09
-0.9138960234093368,-0.8136324,-0.81363255,1.2135391236345328e-07
-0.9226458467627142,-0.8082915,-0.8082915,5.153656057466094e-09
-0.929323343532397,-0.80399126,-0.80399114,-1.1814437861357163e-07
-0.9334679966997862,-0.8083331,-0.80833286,-2.3888839717489674e-07
-0.9355403232834808,-0.8175133,-0.8175134,1.1293258661559946e-07
-0.9348495477555828,-0.83557683,-0.8355767,-1.3229446416129775e-07
0.704591038456178,0.6955498,0.6955498,-1.3909149165769463e-08
0.4379516846874675,0.39617994,0.39617997,-2.5723190300031007e-08
0.1911145627185058,0.15901586,0.15901586,4.133834830000183e-09
-0.03476903490421,-0.06539346,-0.06539346,-2.777137755871628e-09
-0.2420016932736742,-0.23611008,-0.23611008,3.6917495727095684e-09
-0.4285110858061919,-0.41225004,-0.41225016,1.1803833005474829e-07
-0.5949879880296615,-0.576669,-0.5766691,1.222625732877347e-07
-0.7407416244161845,-0.724235,-0.724235,1.7738341906436972e-09
-0.8680745800587553,-0.86760074,-0.8676006,-1.3900222772811333e-07
0.912284213844241,0.9184579,0.9184578,1.2531967163997848e-07
0.6364345197035542,0.6499212,0.6499211,7.881774899409777e-08
0.3776239552510235,0.3991101,0.3991101,8.613967872328487e-09
0.1360827789959481,0.13867521,0.13867521,2.8601074286704886e-09
-0.0888797845895701,-0.09818424,-0.09818421,-3.2844581610014245e-08
-0.2965729599776331,-0.2749709,-0.2749709,1.0908508318863142e-08
-0.4867664886589413,-0.48374206,-0.48374206,1.7228698467874892e-09
-0.6603814046706924,-0.64759904,-0.64759916,1.1853805537143103e-07
-0.8162664154663892,-0.8276462,-0.8276462,4.11148071144396e-09
0.9558030721018284,0.90291,0.90291,-5.874633779434646e-09
0.7826486731086761,0.73374164,0.73374164,1.0446167264532846e-09
0.6025865188365418,0.55729204,0.5572921,-5.583724971280901e-08
0.4135442827017306,0.35366002,0.35366002,-2.748031635579906e-09
0.2139101551391468,0.16965091,0.16965091,2.2848510861095406e-09
0.0073682722975809,0.020022929,0.02002287,5.871475219562661e-08
-0.2040090392392724,-0.18479033,-0.18479033,1.8549728419969824e-09
-0.3918999828275866,-0.40907335,-0.4090734,4.7186279272803944e-08
-0.6274544378408775,-0.6511162,-0.6511161,-9.234085085463306e-08
-1.0663271565655428,-1.067956,-1.0679559,-7.07641600872222e-08
-1.0794518915956086,-1.0871391,-1.0871391,-2.9638671961151886e-08
-1.0826755107258004,-1.0963173,-1.0963174,1.0874023437246194e-07
-1.0764585309747166,-1.0835236,-1.0835236,-3.109588631033944e-08
-1.0587286257586623,-1.0679442,-1.067944,-1.690444946245151e-07
-1.034090965263626,-1.0386195,-1.0386195,-1.8280029268069597e-08
-1.00162451545241,-1.0154712,-1.0154711,-1.2001647942128102e-07
-0.9610990178157148,-0.98830456,-0.98830456,4.583892820875235e-09
-0.9191919691232232,-0.943108,-0.94310814,1.1778701780595924e-07
-0.8482723482590065,-0.834544,-0.834544,-3.0097961900565906e-09
-0.8779756959586297,-0.84364945,-0.84364957,1.2303573604377505e-07
-0.9030738734722648,-0.8575352,-0.85753506,-1.234297180019439e-07
-0.9270207584394028,-0.870719,-0.870719,-1.5598297098406988e-08
-0.9488953168228464,-0.91355854,-0.9135588,2.5727157593191663e-07
-0.9684672901132956,-0.95447785,-0.95447785,3.377532920012527e-09
-0.9859669368200504,-0.99304575,-0.99304575,2.7198790997218225e-09
-1.0000127058873145,-1.007099,-1.007099,-3.240203860777058e-08
-1.013597957935979,-0.9993488,-0.99934894,1.207441711059687e-07
-1.0011639984338112,-0.98464304,-0.9846429,-1.4208755494404812e-07
-1.0140584749545778,-0.9883607,-0.9883608,9.700851444360836e-08
-1.0267226929660451,-0.995706,-0.9957059,-1.2178573605137188e-07
-1.0327094142078297,-0.995094,-0.995094,-1.2931823389905617e-09
-1.0384658769403148,-0.9952131,-0.995213,-9.137344358922661e-08
-1.0345514822822248,-0.9908301,-0.99083024,1.1657546994392476e-07
-1.0308673461334343,-0.9903961,-0.99039596,-1.2240127567064718e-07
-1.0230385568172546,-0.990596,-0.9905959,-9.63798523212489e-08
-1.009683563277889,-0.9902325,-0.99023265,1.2274398808465037e-07
-1.226587079037928,-1.1494652,-1.1494652,-3.2852172093811305e-09
-1.2111597589148682,-1.1335871,-1.1335871,-2.196350101790756e-08
-1.1959626973011073,-1.0992968,-1.0992967,-1.0824279783605562e-07
-1.1773117580478556,-1.0707145,-1.0707145,2.627563477908268e-08
-1.1591213358132026,-1.0549333,-1.0549332,-1.0955505369558693e-07
-1.1367862604111605,-1.0333251,-1.0333251,2.3896789658195416e-08
-1.1105367903510284,-1.0107653,-1.0107652,-1.1410217282126212e-07
-1.0780703405398122,-1.0027168,-1.0027167,-7.97088623993858e-08
-1.0419197545798058,-0.9968775,-0.9968774,-9.147415158672345e-08
-0.2512120336456504,-0.20982166,-0.20982166,3.6536788872165715e-09
-0.3412431107817176,-0.258753,-0.258753,-1.6899108779000471e-09
-0.4298926368619883,-0.3138423,-0.3138423,3.3996582216033744e-09
-0.5173908703957621,-0.36221522,-0.36221522,-9.281921342640942e-10
-0.6023562603272424,-0.44506264,-0.44506264,2.6708984468548636e-09
-0.6866308747308245,-0.5458697,-0.5458697,-8.061218248478497e-09
-0.7676818700042148,-0.6661948,-0.6661947,-9.656219479570183e-08
-0.8473513142218089,-0.80128855,-0.80128866,1.1486831663631847e-07
-0.923566880799912,-0.8991373,-0.8991372,-1.1813430789153756e-07
-0.7062028480212739,-0.79269224,-0.79269224,-4.052886914962528e-09
-0.7441955020556756,-0.8412884,-0.8412884,1.2224578904707073e-08
-0.7828789316179756,-0.8846999,-0.88469976,-1.210768127979378e-07
-0.8206413271430779,-0.8919044,-0.8919044,-1.3700103718150558e-08
-0.8556406205565874,-0.9051171,-0.9051171,5.483245857362817e-09
-0.8913306894979952,-0.93964857,-0.93964857,1.3697815104407596e-09
-0.9343890307369838,-0.9720008,-0.9720008,2.227859496883866e-08
-0.9622503103622118,-0.97968334,-0.97968334,4.0420533586882357e-10
-0.9901115899874398,-0.98808736,-0.98808736,3.90945431583134e-09
-0.5109436321353787,-0.5253583,-0.5253583,-1.9282531793507474e-08
-0.5691990349881282,-0.6007276,-0.6007275,-1.1774063113367816e-07
-0.627224179331578,-0.6794229,-0.6794229,-1.4981841989225586e-08
-0.686400616221525,-0.71886045,-0.71886045,2.593231185343825e-09
-0.7476493796951666,-0.7688509,-0.7688509,-2.2584533687641795e-08
-0.8105099527339041,-0.81885487,-0.81885487,1.5879821901876312e-09
-0.8731402672633422,-0.87163466,-0.87163454,-1.2215133671222844e-07
-0.932777221171888,-0.92081064,-0.92081076,1.2014175410079986e-07
-0.9859669368200504,-0.97098035,-0.97098035,3.797149705775382e-09
1.49276591578804,1.4711567,1.4711566,1.1634674068616846e-07
1.1515228050063224,1.1221317,1.1221316,1.0528411875654342e-07
0.8344568377010423,0.86690795,0.86690795,4.216003435253413e-09
0.5385746532513074,0.629779,0.629779,-1.8791198708179024e-08
0.2452253124038658,0.36164474,0.36164474,4.873046854925178e-09
-0.0333874838484136,0.055382118,0.055382118,-3.709487925163124e-10
-0.2988755450706271,-0.22808911,-0.22808911,9.368515130336874e-10
-0.5544624903929662,-0.4981501,-0.4981501,-1.0244750991983409e-08
-0.7863328092574667,-0.73152685,-0.73152685,-1.6540527836284014e-09
-0.616862546413105,-0.6199295,-0.6199295,7.52639772727548e-09
-0.6617629557264888,-0.684034,-0.6840341,1.1009368894310256e-07
-0.7059725895119744,-0.7184565,-0.7184565,-6.729125923143897e-09
-0.7520242913718554,-0.74271405,-0.7427139,-1.4743194576283258e-07
-0.796233925157341,-0.7840565,-0.78405637,-1.1469924932061559e-07
-0.841134334470725,-0.8350803,-0.83508044,1.1439651492750613e-07
-0.882120349126019,-0.87315255,-0.8731527,1.4596481323625454e-07
-0.9221853297441156,-0.9114099,-0.9114098,-1.1449356074333394e-07
-0.960638500797116,-0.9431774,-0.9431774,-2.0195006777967706e-09
-0.257476230394715,-0.26404232,-0.26404232,2.132720944292288e-09
0.0506931143155181,0.08106771,0.081067696,1.511488342820222e-08
0.3307415619122278,0.35874227,0.35874227,-3.106613133407876e-09
0.5754891370917129,0.5569814,0.5569813,8.475418089570752e-08
0.7834448185407259,0.7130411,0.7130411,2.672805787806709e-08
0.9388346963090496,0.8672646,0.8672646,2.8410339303341914e-08
1.060217900680798,1.0030657,1.0030656,1.0529937743974926e-07
1.1439042778598163,1.0955507,1.0955507,-4.3681335437639746e-08
1.1933162241374071,1.148626,1.1486261,-1.3011322019806926e-07
-0.743274468018478,-0.7857837,-0.78578347,-2.380955504976967e-07
-0.6484079621871234,-0.68528056,-0.6852807,1.38552856410179e-07
-0.5337392245560199,-0.5856487,-0.5856487,-1.5496063210385103e-08
-0.4082483369878443,-0.48070836,-0.48070836,-6.719970691015931e-10
-0.2790733132708783,-0.358706,-0.358706,2.532959009204916e-09
-0.1591086299258885,-0.21848597,-0.2184859,-6.632480620272219e-08
-0.0276310211159285,-0.054988995,-0.054988995,-1.9443512078165526e-10
0.1038465876940314,0.09791145,0.09791146,-1.2713394170749126e-08
0.2433832443294706,0.24924079,0.2492408,-1.4162826550423446e-08
-0.7292286989512143,-0.7100747,-0.71007484,1.1723312376421546e-07
-0.6058101379667334,-0.58766955,-0.58766955,-1.3725280911813798e-09
-0.4754838217032704,-0.46792573,-0.46792573,2.6325988611297646e-09
-0.3442364714026098,-0.3553354,-0.3553354,-1.4409637427714728e-08
-0.209995760481057,-0.21058927,-0.21058927,-4.764060979045581e-09
-0.0704591038456178,-0.039151624,-0.039151624,1.5489960009107406e-10
0.0743734985037076,0.117945895,0.11794589,4.59896087878775e-09
0.223120495511123,0.26605847,0.26605847,4.779129036958096e-09
0.3771634382324247,0.4415126,0.44151258,3.448860169674717e-08
0.2608828910362254,0.27828604,0.27828604,-1.7074586189380625e-10
0.2647972856943152,0.26852012,0.26852012,-3.193969699832877e-09
0.2698629728989021,0.265331,0.265331,8.964540221256811e-11
0.2758496941406867,0.26193202,0.26193202,-4.58099363997988e-09
0.2825271909103694,0.25982517,0.25982517,4.013062104846199e-11
0.2905862387358486,0.25716478,0.25716478,-3.6747741516407473e-09
0.299336062089226,0.25798526,0.25798526,4.062881475697111e-09
0.3087766609705015,0.27470464,0.27470464,-4.856719970636192e-09
0.3195988109075736,0.2980042,0.2980042,9.995269778517724e-09
-0.4651221887847973,-0.50262386,-0.50262374,-1.1606765748517489e-07
-0.3672623223325503,-0.41130692,-0.41130692,2.3326111042720754e-09
-0.2670998707873093,-0.31128567,-0.3112858,1.254280090345894e-07
-0.162792766074679,-0.20883481,-0.20883475,-6.204509733764851e-08
-0.0566435932876535,-0.11538188,-0.11538188,-1.5946578918457632e-09
0.051808164592366,-0.002376616,-0.0023765862,-2.9801129150346106e-08
0.1618717320374814,0.11743913,0.11743913,-1.5415000942375912e-09
0.2770009866871837,0.24524832,0.24524832,-2.281494132505557e-09
0.3946630849391794,0.38985544,0.38985544,4.431304934104929e-09
-0.212298345574051,-0.3207391,-0.3207391,9.557342528498936e-09
-0.1245698535309779,-0.26650506,-0.26650518,1.1741989136559994e-07
-0.0423675657110904,-0.19042484,-0.19042484,-4.622611987636915e-09
0.0382229125437011,-0.10728033,-0.10728033,1.130180352082455e-09
0.1178923567612951,0.0014382154,0.0014381856,2.9774946594222917e-08
0.1977920594881885,0.1461576,0.1461576,7.43618011611602e-09
0.2781522792336807,0.29206696,0.29206696,1.5268707409532567e-09
0.3587427574884723,0.40243953,0.40243953,4.664154062972159e-09
0.4391029772339646,0.45953175,0.45953178,-2.5744705201002915e-08
0.8648509609285636,0.839653,0.839653,1.513671876729461e-08
0.8570221716123838,0.7856317,0.7856317,1.6251373247122558e-08
0.8409040759614256,0.7328972,0.7328973,-7.795791623355086e-08
0.8259372728569643,0.6878453,0.68784535,-6.029281618413762e-08
0.8001483198154309,0.6579495,0.6579495,7.2364807479630144e-09
0.7669910944763167,0.6279874,0.6279873,8.479614255207935e-08
0.7292286989512143,0.60388726,0.6038872,5.996017460319081e-08
0.6689009695147703,0.5882182,0.5882183,-8.787231442486387e-08
0.5972905731226555,0.5756356,0.5756356,1.2010955785513033e-08
0.99379572613623,0.9016539,0.9016539,-1.4158630379235149e-08
0.747879638204466,0.6404135,0.6404136,-7.727966311321666e-08
0.541798272381499,0.36355588,0.36355585,2.8400802598582686e-08
0.2786127962522795,0.14506961,0.14506958,3.405277251844474e-08
0.151970616137607,0.040588826,0.04058881,1.5941085812487543e-08
0.020493007327647,-0.08547835,-0.08547835,-5.201339775551261e-10
-0.1049978802405285,-0.25529498,-0.25529498,1.381378178511028e-09
-0.2249625635855182,-0.35787594,-0.35787582,-1.231838989146361e-07
-0.3953538604670776,-0.42035347,-0.42035347,-2.2328185966813408e-09
0.3311117363725438,0.14791721,0.14791721,1.0557556218149244e-09
0.589001266787877,0.19436258,0.19436258,7.762145926015762e-10
0.5493968031883794,0.047957987,0.047958,-1.3406753540667893e-08
0.4370306506502699,-0.097573,-0.097573,2.7875900199259007e-09
0.0472029944063779,-0.16258197,-0.162582,3.467273712587371e-08
-0.061479021982941,-0.15568711,-0.15568714,3.136409759685321e-08
-0.132628901356457,-0.15110965,-0.15110962,-3.07310867309063e-08
-0.1869699095511165,-0.14954849,-0.14954849,4.124870306432271e-09
-0.232791352901698,-0.15383695,-0.15383692,-3.0659751903971966e-08
0.221969202964626,0.2277658,0.22776581,-1.1431274427042837e-08
0.2502909996084528,0.24088207,0.24088208,-1.1127548216194327e-08
0.2786127962522795,0.25970384,0.25970384,4.785690288500177e-09
0.3085464024612022,0.28772134,0.28772134,-4.112091056551748e-09
0.3410128522724182,0.31787226,0.31787226,-3.95942689745965e-09
0.3762424041952271,0.35905403,0.35905403,-1.0121155025188955e-09
0.41377454121103,0.40062267,0.40062267,-4.1178894183424575e-09
0.4508461612082342,0.44138354,0.44138357,-2.9369659426681238e-08
0.4872270056775401,0.48472482,0.48472476,5.966018679082197e-08
-0.2369360060690873,-0.2482091,-0.2482091,-3.941917431360409e-09
-0.1597994054537868,-0.18862124,-0.18862121,-2.7874031055530324e-08
-0.0851956484407796,-0.11971296,-0.119712904,-5.970029449964276e-08
-0.0064472382603833,-0.050686523,-0.050686523,-3.18290713230418e-10
0.0690775527898213,0.037354067,0.037354067,-3.2035825381360183e-11
0.1471351874423195,0.12878788,0.12878788,-4.8245239192556966e-09
0.2364754890504885,0.23411348,0.23411348,4.621047960950975e-09
0.3301907023353462,0.2998678,0.2998678,8.81881712100352e-09
0.422294106055108,0.4076507,0.40765074,-3.084777833173291e-08
-0.063781607075935,-0.062347636,-0.062347665,2.9373207088845277e-08
0.0018420680743952,-0.006455168,-0.006455168,-1.280136109962915e-10
0.0672354847154261,0.050719395,0.050719395,2.7988433792813794e-10
0.1330894183750558,0.11741036,0.11741036,1.7668151802707754e-09
0.2023972296741766,0.1915494,0.1915494,5.455589285885409e-09
0.2797640887987765,0.2799327,0.2799327,7.548141500723915e-09
0.3518350022094902,0.32986245,0.32986245,-4.4071197247141924e-09
0.4174586773598205,0.3612671,0.3612671,-1.0156250007664624e-08
0.4784771823241627,0.44992802,0.449928,1.5470504766135207e-08
-0.7375180052859929,-0.7036708,-0.7036708,2.6779178874392073e-10
-0.5968300561040567,-0.54850066,-0.54850066,2.9183959693313e-09
-0.4579841749965157,-0.37437576,-0.37437576,-5.552673321140844e-10
-0.3186777768703759,-0.23735853,-0.23735853,4.604606640423725e-09
-0.1779898276884397,-0.1299081,-0.12990807,-2.977054597286255e-08
-0.0419070486924916,-8.007884e-05,-8.004904e-05,-2.9800255737309875e-08
0.0950967643406541,0.11934275,0.11934275,1.8010139490876043e-09
0.2417714347643748,0.2713947,0.2713947,-1.8806456392184145e-10
0.389827656243892,0.4344992,0.4344992,4.158782984653442e-09
-0.8247859803104672,-0.83271414,-0.832714,-1.404151916961638e-07
-0.7361364542301965,-0.7376738,-0.7376738,-1.9065093948000822e-08
-0.6523223568452132,-0.64545465,-0.64545476,1.1484313966469983e-07
-0.5682780009509305,-0.5539822,-0.5539822,1.7616271774656411e-09
-0.4856151961124443,-0.48350775,-0.48350763,-1.2241851804484227e-07
-0.4013405817088622,-0.42581433,-0.42581433,-5.778503231468335e-10
-0.3140726066843878,-0.33690012,-0.33690023,1.1498687746414049e-07
-0.2270348901692129,-0.24266179,-0.24266179,9.403610112812544e-10
-0.1409182076912356,-0.16043489,-0.16043492,3.3186836251308804e-08
-1.1208984232695016,-1.1790172,-1.1790172,1.3835144141438604e-08
-1.0336304482450271,-1.0856528,-1.0856527,-1.2821655270833787e-07
-0.929323343532397,-0.97781605,-0.97781616,1.1471572880505931e-07
-0.8197202931058803,-0.85975987,-0.85975975,-1.1719131465248722e-07
-0.7020581948538847,-0.7262139,-0.72621375,-1.2243270874900958e-07
-0.5754160147392121,-0.59884787,-0.59884787,3.94165033945626e-09
-0.4492343516431383,-0.47538495,-0.47538495,-6.378174099985756e-10
-0.3090069194798009,-0.3461243,-0.3461243,8.580017085701996e-09
-0.1545034597399004,-0.16185002,-0.16185002,-2.894210704429412e-10
0.0112826669556708,-0.08451198,-0.08451198,-4.143905635300982e-10
0.0094405988812755,-0.120172456,-0.120172456,9.313201598804e-11
0.0082893063347785,-0.12212579,-0.12212579,4.768753031347828e-10
0.0085195648440779,-0.12502576,-0.1250258,3.5892295829897947e-08
0.0099011158998743,-0.10713284,-0.10713281,-2.71763229420241e-08
0.0124339595021678,-0.06269468,-0.062694624,-5.967099761527983e-08
0.0147365445951618,-0.024012044,-0.024012014,-3.007215118241979e-08
0.0163483541602577,0.01151453,0.01151453,-4.141616823799543e-10
0.0133549935393654,0.031281665,0.031281665,-3.246307389570546e-11
-0.2880533951335551,-0.36211693,-0.36211693,-2.868957516000137e-09
-0.2542053942665426,-0.36811066,-0.36811054,-1.1673828126390617e-07
-0.2192061008530332,-0.3409983,-0.3409984,1.0803070066289777e-07
-0.183285773402326,-0.30651832,-0.3065182,-1.1626892088001384e-07
-0.1471351874423195,-0.25027394,-0.25027394,-2.9473877227736978e-09
-0.1119056355195106,-0.18421589,-0.18421595,6.16189956559321e-08
-0.0771366006153005,-0.11552964,-0.11552961,-3.1509056086509446e-08
-0.0430583412389886,-0.06009786,-0.06009786,1.6902542143704125e-09
-0.0145062860858624,0.00038678944,0.00038678944,1.1087036237006354e-12
-0.52591043523984,-0.55047286,-0.55047286,4.4320678238563005e-09
-0.4846941620752466,-0.503921,-0.503921,2.765274043081689e-08
-0.4319649634456829,-0.44594938,-0.44594938,4.370574957501816e-09
-0.372788526555736,-0.4165007,-0.4165007,1.2400817872570968e-08
-0.3177567428331783,-0.3900324,-0.3900323,-1.1062164306796518e-07
-0.253284360229345,-0.34460032,-0.34460044,1.2013763428520008e-07
-0.1911145627185058,-0.26527768,-0.26527768,-3.734893783136073e-09
-0.1245698535309779,-0.1597005,-0.1597005,2.0151138258039936e-09
-0.0548015252132583,-0.05918835,-0.05918838,2.896488189574331e-08
-0.9231063637813128,-0.97473925,-0.9747394,1.4647903445741406e-07
-0.8579432056495815,-0.920994,-0.920994,1.6254425028172648e-08
-0.7833394486365745,-0.8371095,-0.8371095,-6.130218555000511e-09
-0.6967622491399983,-0.73045284,-0.73045284,4.4401550214345775e-09
-0.5970603146133561,-0.62379086,-0.62379086,-1.760864787314631e-10
-0.5017332917634026,-0.5127987,-0.5127987,-2.6558685251032443e-08
-0.3948933434484789,-0.41057456,-0.41057444,-1.1539703370644361e-07
-0.2753891771220879,-0.29694068,-0.29694068,-4.318542468073616e-09
-0.1427602757656308,-0.13444231,-0.13444231,-4.505577078095513e-09
-0.579330409397302,-0.6001096,-0.6001096,2.28210449426669e-08
-0.5249894012026425,-0.55669343,-0.55669343,-4.71527095147195e-09
-0.4623590866732044,-0.48273146,-0.48273158,1.184750366145515e-07
-0.4031826497832574,-0.44852078,-0.44852078,3.9031983201098797e-10
-0.3341050969934361,-0.41251826,-0.41251826,-2.863159154209427e-09
-0.2680209048245069,-0.35728562,-0.35728574,1.2121795656128143e-07
-0.2000946445811826,-0.27469587,-0.27469587,-3.2604980382267e-09
-0.1300960577541636,-0.15868093,-0.1586809,-3.0733680711492184e-08
-0.0573343688155517,-0.058088258,-0.058088258,9.117889082643771e-11
-0.0907218526639654,-0.07754679,-0.07754682,2.975780487302071e-08
-0.0891100430988695,-0.07601021,-0.07601021,-2.3022079520540473e-09
-0.0872679750244743,-0.07173459,-0.07173462,2.768146514786629e-08
-0.0798997027268934,-0.04323189,-0.04323195,6.039447784239593e-08
-0.0718406549014142,-0.030520543,-0.030520514,-2.9456077577094675e-08
-0.0589461783806475,-0.0122965425,-0.0122965425,-2.5291442551367282e-11
-0.0437491167668868,0.021576747,0.021576747,2.982406613338817e-10
-0.0260192115508327,0.029088616,0.029088646,-2.962884521409692e-08
-0.0073682722975809,0.030504972,0.030505002,-3.025736999492934e-08
-0.5134764757376723,-0.5578098,-0.55780995,1.2028808593633755e-07
-0.4720299440637794,-0.49911475,-0.49911475,-1.8157959025266734e-09
-0.422294106055108,-0.4857288,-0.4857288,-2.9678343116401606e-10
-0.3709464584813408,-0.45582116,-0.45582104,-1.1650177000888107e-07
-0.3103884705355973,-0.4096964,-0.4096964,-1.6555784521088412e-10
-0.2523633261921474,-0.34787536,-0.34787536,3.325805686404948e-09
-0.1913448212278052,-0.26832706,-0.26832694,-1.1736160276942798e-07
-0.1248001120402772,-0.1455641,-0.1455641,5.814170839224531e-09
-0.0543410081946594,-0.05355911,-0.05355911,4.3140411382092125e-10
-0.7075843990770704,-0.73736316,-0.7373633,1.403434753965982e-07
-0.6566972685219019,-0.70205957,-0.70205957,3.0253600735719033e-09
-0.5979813486505536,-0.636413,-0.63641286,-1.1817230227695319e-07
-0.5503178372255769,-0.5635015,-0.5635016,1.22758483933616e-07
-0.4782469238148633,-0.49706835,-0.49706835,4.453277580029891e-09
-0.4031826497832574,-0.41124386,-0.41124386,4.046783463884651e-09
-0.3242039810935617,-0.33354878,-0.33354878,-4.25598145614714e-09
-0.2311795433366022,-0.23537104,-0.23537101,-2.8317680367262454e-08
-0.125260629058876,-0.10119052,-0.10119055,2.7686882023147952e-08
0.4296623783526889,0.3528825,0.3528825,4.463195812931531e-09
0.380156798853317,0.29703006,0.29703006,1.4833831940563869e-09
0.3285788927702503,0.2555967,0.2555967,-2.6695251564845535e-09
0.2742378845755908,0.21886674,0.21886672,1.569679261570478e-08
0.2175942912879373,0.1748797,0.1748797,-5.455016993671791e-11
0.1586481129072897,0.13073465,0.13073465,2.280807487320402e-09
0.0969388324150493,0.08748889,0.08748889,-3.057861325261868e-10
0.0320059327926172,0.04300596,0.04300596,-1.800498965198738e-09
-0.0361505859600065,-0.013984188,-0.013984188,-4.374618532004826e-10
-0.4317347049363836,-0.5323141,-0.5323141,-2.1723175036569842e-08
-0.4038734253111556,-0.5065145,-0.5065145,1.034927366028171e-08
-0.3605848255628676,-0.46291637,-0.46291637,-4.2065429473048255e-09
-0.3230526885470646,-0.41550493,-0.41550493,-2.403564458575147e-09
-0.2763102111592855,-0.4017433,-0.4017433,7.1914673105411e-09
-0.2279559242064105,-0.35826117,-0.35826123,6.199691771069382e-08
-0.1731543989931522,-0.28012317,-0.28012317,-4.190521263325309e-09
-0.1086820163893189,-0.1637315,-0.16373153,2.9493598924235087e-08
-0.0520384231016654,-0.059384063,-0.059384093,3.011376190076298e-08
-0.4793982163613604,-0.4546156,-0.4546156,7.043457039834777e-09
-0.4738720121381746,-0.45731556,-0.45731556,-4.1555786034486175e-09
-0.4418660793455574,-0.42996514,-0.42996514,1.5646362538923597e-09
-0.402952391273958,-0.40466195,-0.40466195,-3.4492492750892723e-09
-0.3527560362466878,-0.36809725,-0.3680972,-4.5693206773833595e-08
-0.2991058035799265,-0.31713778,-0.31713778,2.1946716111109765e-09
-0.2371662645783867,-0.26202446,-0.26202446,-2.2230529639344354e-09
-0.1761477596140445,-0.1675796,-0.1675796,-6.175422673226905e-09
-0.0948665058313547,-0.06477724,-0.06477721,-3.015712737863829e-08
-0.1584178543979903,-0.18293376,-0.18293373,-3.266956330461035e-08
-0.1485167384981159,-0.18574025,-0.18574025,2.6311874345985586e-09
-0.1485167384981159,-0.18391524,-0.18391524,-2.5527572555805733e-09
-0.1388458811075409,-0.1650799,-0.16508,9.341716766808617e-08
-0.1153595131590017,-0.13765793,-0.13765793,4.513435375441688e-09
-0.0739129814851088,-0.092254505,-0.092254475,-2.9561424252921853e-08
-0.0329269668298148,-0.0529017,-0.05290173,2.986095428564317e-08
0.0179601637253535,-0.004367918,-0.0043679476,2.9823892211747194e-08
0.1093727919172171,0.017318338,0.017318308,3.0155746458954136e-08
0.5445613744930918,0.5530151,0.5530151,1.287689210816012e-08
0.4662734813312943,0.4093604,0.4093604,8.782958971220722e-09
0.3780844722696224,0.2935434,0.2935434,-1.619720468859498e-09
0.273777367556992,0.14759706,0.14759706,-3.9249420380471634e-10
0.1577270788700921,-0.022347704,-0.022347704,4.239120478255476e-10
0.0322361913019166,-0.1740012,-0.17400126,5.8012733450407694e-08
-0.0932546962662588,-0.29329312,-0.29329312,1.5231323424735876e-09
-0.2514422921549498,-0.39258963,-0.39258975,1.2130355836470486e-07
-0.462128828163905,-0.48035657,-0.48035657,-4.058532732109654e-09
0.0665447091875279,-0.018637732,-0.018637761,2.9328666686229132e-08
-0.0133549935393654,-0.15496115,-0.15496118,2.6135139469252167e-08
-0.0962480568871511,-0.24135052,-0.24135046,-5.667690278210458e-08
-0.1793713787442361,-0.33219904,-0.33219904,2.924957276384532e-09
-0.2717050409732974,-0.39768302,-0.39768302,-4.406433107284613e-09
-0.3601243085442688,-0.46239328,-0.4623934,1.1615600586933894e-07
-0.4572933994686175,-0.5450781,-0.5450781,1.2260437110001021e-09
-0.561139987162649,-0.6234,-0.6234,2.7084350540107494e-08
-0.6797231194518424,-0.6982472,-0.6982473,1.0570983888236185e-07
-0.4070970444413473,-0.41207218,-0.41207218,-1.7016601461250502e-09
-0.4476225420780425,-0.44882005,-0.44882005,-4.531097386184513e-09
-0.4881480397147377,-0.49038798,-0.49038786,-1.1616958617288731e-07
-0.5291340543700318,-0.51792026,-0.51792026,4.338989278984684e-09
-0.5717318785904216,-0.5401065,-0.5401065,2.4646759078095215e-08
-0.6104153081527216,-0.5722026,-0.5722026,-2.2890472406444928e-08
-0.6548552004475067,-0.6254469,-0.6254469,-1.5626525851075712e-08
-0.7020581948538847,-0.6792071,-0.6792071,1.3436889600981772e-08
-0.7538663594462507,-0.7314251,-0.731425,-1.0652542115074937e-07
-0.6560064929940036,-0.67207766,-0.67207766,4.207763693031552e-09
-0.6951504395749024,-0.70897263,-0.7089725,-1.328849792425757e-07
-0.7333733521186037,-0.74292105,-0.74292105,-4.363250760697213e-09
-0.7596228221787358,-0.7504492,-0.7504493,1.1939697264207183e-07
-0.7833394486365745,-0.7388569,-0.7388569,-1.1659240684025463e-08
-0.7996878027968322,-0.7306813,-0.7306812,-1.0016326901229888e-07
-0.8082073676409101,-0.7259096,-0.7259097,1.0927886961997757e-07
-0.8100494357153053,-0.73689264,-0.73689276,1.1940933231091577e-07
-0.8114309867711017,-0.7619455,-0.7619455,1.393127446736031e-08
-0.690315010879615,-0.7005497,-0.7005495,-2.2171783442548332e-07
-0.7068936235491721,-0.71835965,-0.71835965,8.186340494376054e-10
-0.7271563723675197,-0.7368372,-0.7368372,-8.271026641359924e-09
-0.7451165360928732,-0.7471874,-0.7471874,2.3977661078866674e-08
-0.764918767892622,-0.7366399,-0.7366399,-1.6896820054235206e-08
-0.7780435029226881,-0.72107327,-0.72107315,-1.1984405512421858e-07
-0.7911682379527543,-0.72429657,-0.72429657,1.7578127842199365e-10
-0.7969247006852394,-0.73534846,-0.73534846,-3.0584716981252313e-09
-0.802450904908425,-0.76111454,-0.7611144,-1.3771591189648547e-07
-0.6196256485246978,-0.6259463,-0.6259463,1.6659545853947577e-08
-0.6385068462872489,-0.64451295,-0.64451295,-1.3740539817064246e-09
-0.6682101939868722,-0.6643884,-0.6643883,-1.1819763179321541e-07
-0.6900847523703156,-0.6835542,-0.6835542,2.748413086006707e-08
-0.71541318839325,-0.6855726,-0.6855726,-2.420654299228886e-08
-0.7365969712487953,-0.6790763,-0.67907643,1.1602752680861528e-07
-0.7587017881415382,-0.67429715,-0.67429715,-3.949737537034537e-09
-0.7607741147252328,-0.7063448,-0.7063449,1.166938782271032e-07
-0.7794250539784846,-0.7452907,-0.7452907,3.379058810537572e-09
0.5565348169766609,0.5105281,0.5105281,-1.2384033243328929e-08
0.5215355235631514,0.4350621,0.4350621,1.0424041740897394e-08
0.4888388152426359,0.3653438,0.36534378,2.9127807610329626e-08
0.4487738346245395,0.30069804,0.30069804,1.9158935549157263e-09
0.4068667859320479,0.22862953,0.22862953,-5.238342259961115e-10
0.3621966351279634,0.18780164,0.18780166,-1.5793952951037582e-08
0.3184475183610765,0.16578308,0.16578308,-2.5215911858555984e-09
0.2615736665641236,0.16094218,0.16094217,1.1944847111422519e-08
0.2090747264438593,0.15683316,0.15683316,-3.0566787712071886e-09
0.3712876563065778,0.3313603,0.3313603,1.0316085818917742e-08
0.3573247327802294,0.27172524,0.27172524,-2.630462625496932e-09
0.292893469502314,0.20002955,0.20002952,3.19828796502275e-08
0.1925193817704005,0.09458479,0.09458478,1.2852401740093278e-08
0.0657877405380031,-0.094773725,-0.094773725,3.2482147527268523e-10
-0.0828382783090045,-0.23235236,-0.23235236,-1.0830306929054956e-09
-0.2413075219418809,-0.3797558,-0.3797559,1.0499801633701011e-07
-0.4173352806786517,-0.5124059,-0.5124058,-7.234497068075996e-08
-0.6069694843188929,-0.64548516,-0.64548504,-1.2273498539716599e-07
-0.9848156442735536,-1.0080113,-1.0080115,1.589050293571148e-07
-0.9730724602992836,-1.0108902,-1.0108901,-1.4543762216767675e-07
-0.96294108589011,-1.0128051,-1.0128051,-4.25567625583767e-09
-0.9539610040274332,-1.0102214,-1.0102211,-2.6211395254271963e-07
-0.9472835072577503,-1.0104829,-1.0104831,1.927047730276854e-07
-0.9399152349601696,-1.0061164,-1.0061164,9.771728537444346e-09
-0.932777221171888,-1.0040464,-1.0040463,-1.401245117715888e-07
-0.926560241420804,-0.9655222,-0.9655222,-2.9671478274373442e-08
-0.9212642957069178,-0.925764,-0.925764,-2.425765988078865e-08
-0.9924141750804336,-1.0158795,-1.0158795,-1.1833190871612942e-08
-0.9848156442735536,-0.9849555,-0.9849556,1.1036453251289657e-07
-0.9772171134666732,-0.96606296,-0.96606296,-3.0088805891281822e-09
-0.9696185826597926,-0.96375936,-0.96375936,-2.697601364509694e-09
-0.9615595348343136,-0.96527356,-0.96527344,-1.1909347530369985e-07
-0.9535004870088344,-0.9659812,-0.96598107,-1.1543624878207481e-07
-0.9452111806740556,-0.97282964,-0.97282964,8.834843967520101e-11
-0.9364613573206784,-0.94602305,-0.9460229,-1.469703674317202e-07
-0.9272510169487024,-0.91735846,-0.91735846,1.9578552112875514e-09
-0.9380731668857742,-0.8568092,-0.8568091,-9.885635376960522e-08
-0.9353100647741814,-0.8809586,-0.88095874,1.2326644893700944e-07
-0.9332377381904868,-0.91108435,-0.9110845,1.460762023564044e-07
-0.9318561871346904,-0.93349534,-0.93349534,-2.731475823303242e-09
-0.9307048945881934,-0.945707,-0.945707,-2.3143768346223226e-08
-0.9300141190602952,-0.9520611,-0.9520611,-1.6695404059241525e-08
-0.9295536020416963,-0.94613093,-0.94613093,-1.3774108520436812e-09
-0.9290930850230976,-0.93678075,-0.93678075,-7.514953104248434e-10
-0.927711533967301,-0.92337304,-0.92337316,1.1646286013355933e-07
0.4840033865473484,0.43731284,0.43731284,1.415405292970462e-09
0.3504534511536938,0.30731535,0.30731535,-4.2114256526559757e-10
0.2067721413508653,0.15939265,0.15939265,4.895782473868238e-09
0.0607882464550428,0.040670797,0.040670827,-2.9771186828286833e-08
-0.0833535803663844,-0.10234471,-0.10234468,-2.6654548651583454e-08
-0.2277256656971111,-0.25649214,-0.25649214,2.091064432718781e-09
-0.3723280095371372,-0.41310543,-0.41310543,1.7811584429594518e-09
-0.533278707537421,-0.57747084,-0.57747084,9.764099528908332e-10
-0.6986043172143935,-0.7310835,-0.73108363,1.1769378660542174e-07
-1.4563850713187338,-1.3328003,-1.3328001,-1.691268920467337e-07
-1.3873075185289128,-1.293835,-1.293835,-4.390716545898954e-08
-1.3138550540624023,-1.248875,-1.2488751,7.80654907384104e-08
-1.2399420725772936,-1.187812,-1.187812,2.9289245695451882e-08
-1.166259349601484,-1.1297615,-1.1297615,4.255676278042131e-08
-1.0875109394210878,-1.0643866,-1.0643867,9.378356935485499e-08
-0.9981706378129188,-1.002223,-1.0022229,-1.1483154294111841e-07
-0.9081395606768516,-0.9174302,-0.9174301,-1.2203445431957505e-07
-0.8019903878898261,-0.8106913,-0.8106913,2.9457092320939182e-09
-0.7930103060271494,-0.73989946,-0.73989946,3.4989928732187536e-09
-0.8130427963361977,-0.71976453,-0.71976453,-6.587219658626964e-10
-0.8298516675150541,-0.7189792,-0.7189792,2.0140838663529337e-08
-0.8432066610544197,-0.72108823,-0.72108823,-6.098938021281697e-10
-0.8533380354635933,-0.74251616,-0.74251616,-1.1291523271950155e-11
-0.8604760492518749,-0.75937134,-0.75937134,-2.748108407502059e-10
-0.8643904439099649,-0.7722538,-0.77225393,1.1864059445976238e-07
-0.8653114779471625,-0.7938209,-0.7938208,-1.1760635376667494e-07
-0.8634694098727672,-0.8257217,-0.82572144,-2.411180114458844e-07
0.2097655019717575,0.24739505,0.24739505,3.505897516742351e-09
0.1056886557684267,0.1750618,0.1750618,7.036399851667596e-09
0.0002302585092994,0.08469863,0.08469862,1.2359504697467827e-08
-0.1165108057054987,-0.017505407,-0.017505437,2.966662597525538e-08
-0.2376267815969855,-0.14189272,-0.14189275,3.371143342256744e-08
-0.3633479276744604,-0.314301,-0.314301,-1.3946533206077305e-08
-0.4973583800867139,-0.4560454,-0.4560454,1.082458495060834e-08
-0.6380463292686501,-0.61037135,-0.61037123,-1.2124206538732807e-07
-0.7787342784505863,-0.7476424,-0.7476424,2.119445841053391e-09
-0.1517403576283076,-0.17926373,-0.17926373,4.123191843508067e-09
-0.202627488183476,-0.25161594,-0.25161594,-1.5245056328438977e-09
-0.2542053942665426,-0.30187815,-0.30187827,1.1572219849043108e-07
-0.3057833003496093,-0.34844726,-0.34844726,-3.240814228089306e-09
-0.3587427574884723,-0.3983748,-0.3983748,4.086303684314174e-09
-0.4100904050622396,-0.46010166,-0.46010166,-4.066314673867311e-09
-0.4715694270451806,-0.524432,-0.524432,-3.4980773833126477e-09
-0.5632123137463436,-0.6047503,-0.6047503,2.438812252147926e-08
-0.6824862215634352,-0.70645237,-0.70645237,3.100586454252152e-10
-0.3562099138861789,-0.34278852,-0.34278864,1.225248718039751e-07
-0.4133140241924312,-0.38638496,-0.38638496,-3.989257812975211e-09
-0.4708786515172823,-0.4217059,-0.42170578,-1.2162277224225804e-07
-0.5279827618235348,-0.46278465,-0.46278465,2.0584106641408084e-09
-0.5848566136204877,-0.5111456,-0.5111456,8.264160133997223e-09
-0.6415002069081412,-0.5803168,-0.5803168,1.8002319301935188e-08
-0.6974530246678965,-0.64819676,-0.64819676,3.1602478411940638e-09
-0.7524848083904542,-0.7125977,-0.71259785,1.222244262466532e-07
-0.8065955580758143,-0.7813148,-0.7813147,-9.024887082098587e-08
-0.392130241336886,-0.39192986,-0.39192986,-4.883422832779871e-09
-0.4506159026989348,-0.42193705,-0.42193717,1.215647887908844e-07
-0.5081805300237859,-0.4424901,-0.4424901,-8.605957058094305e-10
-0.56459386480214,-0.4774719,-0.4774719,1.1934661869883456e-08
-0.6196256485246978,-0.52986777,-0.52986777,1.7123412687780615e-09
-0.6725851056635609,-0.5914147,-0.5914147,9.982299764565994e-09
-0.7234722362187291,-0.6602357,-0.6602357,-2.9914856147783553e-09
-0.7718265231716042,-0.71663254,-0.71663254,-4.994354263487821e-09
-0.8171874495035869,-0.78055733,-0.78055733,-4.4230651363719176e-09
-0.9109026627884446,-0.8266453,-0.82664543,1.1530654908664673e-07
-0.903304131981564,-0.8309452,-0.8309452,6.232452443022396e-09
-0.8931727575723905,-0.82436806,-0.82436794,-1.1963516233226557e-07
-0.880969056579522,-0.8204283,-0.8204283,-1.1824798584747498e-08
-0.86623251198436,-0.8059822,-0.8059822,2.7510833722210748e-08
-0.8432066610544197,-0.80485123,-0.80485135,1.1604080196736533e-07
-0.8178782250314851,-0.8017672,-0.80176705,-1.2042922969968117e-07
-0.7884051358411612,-0.77490884,-0.7749087,-1.4065628051174173e-07
-0.75409661795555,-0.7334762,-0.7334761,-1.2156143192054714e-07
0.2496002240805545,0.26970693,0.26970693,4.690475452484577e-09
0.1498982895539124,0.16654931,0.1665493,1.008815764258486e-08
0.0476635114249767,0.07432231,0.07432233,-1.6929702764678645e-08
-0.0571041103062523,-0.028384075,-0.028384104,2.9431251526157443e-08
-0.1637138001118766,-0.1313598,-0.13135977,-3.0696372999017285e-08
-0.2735471090476926,-0.23230432,-0.23230438,6.026065826891802e-08
-0.3870645541322991,-0.37940705,-0.37940693,-1.1822540285644223e-07
-0.501963550272702,-0.53564817,-0.53564805,-1.1713333125662473e-07
-0.6219282336176918,-0.6684395,-0.6684395,-7.484436070903655e-09
-0.7108080182072619,-0.7297061,-0.7297061,-8.570098852800356e-09
-0.7202486170885376,-0.747211,-0.747211,2.0538330036679042e-08
-0.7329128351000048,-0.76744723,-0.76744723,-3.200073206421905e-09
-0.7492611892602626,-0.77763003,-0.77763003,-1.1088562290595405e-09
-0.7688331625507119,-0.7757439,-0.7757439,-1.729583698484305e-09
-0.7923195304992512,-0.7814874,-0.7814874,-5.300140326625069e-09
-0.8199505516151798,-0.80317,-0.8031699,-1.2534866333790973e-07
-0.8517262258984976,-0.8446496,-0.8446496,-1.29035949703038e-08
-0.8887978458957018,-0.8782725,-0.8782726,1.2618789668739083e-07
-0.0147365445951618,0.002906859,0.002906859,-7.89489745280092e-11
-0.0999321930359416,-0.075202,-0.075202,-3.121376032644285e-09
-0.1874304265697153,-0.14123122,-0.14123125,2.6059150698420908e-08
-0.2774615037057825,-0.19984479,-0.19984482,2.7514762884761623e-08
-0.3691043904069455,-0.27910477,-0.27910477,7.701110860125482e-10
-0.4618985696546056,-0.38585436,-0.38585436,-3.4414672778204647e-09
-0.5533111978464693,-0.47504914,-0.47504914,1.9308471488344026e-09
-0.6426514994546383,-0.5928978,-0.59289765,-1.2278900141104998e-07
-0.7322220595721066,-0.70629174,-0.70629174,4.827728217193794e-09
0.6525526153545126,0.51203114,0.51203114,-2.05673222897218e-09
0.5367325851769121,0.3639997,0.36399972,-2.5414199855688935e-08
0.4119324731366348,0.25110313,0.25110313,2.963180534276688e-09
0.2790733132708783,0.103444934,0.10344494,-6.108703612395239e-09
0.1294052822262653,-0.09618126,-0.09618126,1.4407730147825148e-09
-0.0366111029786053,-0.2599302,-0.25993025,5.657577512030443e-08
-0.2182850668158355,-0.4082449,-0.4082449,-7.855987527172203e-09
-0.4172284188505211,-0.56840336,-0.56840336,-3.2278442141375763e-09
-0.6382765877779495,-0.72746944,-0.72746944,-4.274902321022012e-09
-0.7360546815712219,-0.7858483,-0.7858481,-2.1953048701117694e-07
-0.7402387880937958,-0.78212255,-0.78212255,-2.3948669714002335e-09
-0.7444404749474959,-0.77175117,-0.77175117,4.609985393422278e-09
-0.7465479572870606,-0.7727477,-0.7727477,4.5539856330378825e-09
-0.7486598904902041,-0.7793223,-0.77932245,1.238166809081065e-07
-0.7507762933965817,-0.7946486,-0.79464835,-2.3770370483067182e-07
-0.7507762933965817,-0.7913795,-0.7913794,-1.1135635380465914e-07
-0.7528971849657193,-0.7575243,-0.7575242,-1.1154251100542467e-07
-0.7528971849657193,-0.7550984,-0.75509834,-6.250015260889086e-08
-0.3937420509019819,-0.4606452,-0.4606452,1.1779784925280978e-09
-0.3958143774856765,-0.47222024,-0.47222024,-2.0234680042641173e-09
-0.4204520379807128,-0.48844314,-0.48844314,3.78479003693144e-09
-0.4515369367361324,-0.5005358,-0.5005358,1.384811398885688e-08
-0.4980491556146121,-0.5276103,-0.5276104,9.802856448803965e-08
-0.5431798234372954,-0.5802922,-0.5802922,-2.4884033167360542e-08
-0.6037378113830388,-0.65409803,-0.65409803,-3.9050292999220915e-09
-0.6672891599496745,-0.7148804,-0.7148804,-6.8565368938067195e-09
-0.7425836924905799,-0.77902156,-0.77902156,-1.1457824689031781e-09
0.3301907023353462,0.3216178,0.3216178,1.1918258657761527e-08
0.2364754890504885,0.20505276,0.20505278,-1.677635191876803e-08
0.133780193902954,0.104726546,0.10472653,1.5512676240780898e-08
0.0193417147811499,-0.012081847,-0.012081787,-5.959481048575799e-08
-0.103616329184732,-0.14978246,-0.14978246,-3.908195489454869e-09
-0.2371662645783867,-0.2803418,-0.2803418,-4.02755739870031e-09
-0.3783147307789217,-0.42186654,-0.42186654,3.859558117547124e-09
-0.5312063809537264,-0.5964455,-0.5964454,-1.0085067747578336e-07
-0.6923873374633096,-0.737655,-0.737655,1.6002654978919395e-08
0.3663412882953527,0.38745123,0.3874512,3.147964477978604e-08
0.2613434080548242,0.26535133,0.26535133,-4.726486202422109e-09
0.1535824257027028,0.14811677,0.14811677,-2.5935363856532945e-09
0.0412162731645934,0.020986542,0.020986542,1.0567474326150794e-10
-0.0815115122919892,-0.12207045,-0.12207045,3.3895492523861037e-09
-0.2217389444553266,-0.25365722,-0.25365734,1.1820587159094842e-07
-0.3684136148790473,-0.3984031,-0.3984031,-8.119964589603512e-09
-0.5282130203328341,-0.5719768,-0.5719768,1.9108581494897692e-08
-0.6988345757236929,-0.7240194,-0.7240194,-8.22601320393801e-09
-0.8485026067683059,-0.82684344,-0.82684344,-5.326843410813353e-10
-0.8323845111173476,-0.8106403,-0.81064016,-1.1547836298309022e-07
-0.821792619689575,-0.8062969,-0.80629677,-1.1501358032628417e-07
-0.8098191772060059,-0.8038505,-0.8038506,1.2802658078125972e-07
-0.8008390953433292,-0.7765536,-0.7765536,2.8775787308532585e-08
-0.796233925157341,-0.77560335,-0.7756035,1.4602279663211704e-07
-0.791628754971353,-0.7695234,-0.7695234,1.7813110320119563e-08
-0.7895564283876583,-0.75549704,-0.7554969,-1.383644103736259e-07
-0.7874841018039638,-0.7516062,-0.7516062,-2.596740722449198e-08
0.3670014416560358,0.35167494,0.35167494,4.162368782978376e-09
0.333897496248744,0.327927,0.327927,-6.629943871683253e-09
0.2839752105204545,0.29053783,0.29053783,4.167480471828355e-09
0.2091257595460056,0.19461805,0.19461805,-3.7162780630595194e-09
0.1079571415050923,0.10085257,0.10085256,1.1427822119158826e-08
-0.0177567215892589,-0.033262298,-0.033262268,-2.9511100771428822e-08
-0.1749488024645415,-0.20969518,-0.20969518,4.7098922817401245e-09
-0.3730947280777136,-0.39583725,-0.39583725,2.6283263898640996e-09
-0.584113419535823,-0.5534732,-0.5534732,2.5428009031713827e-08
-0.8330752866452459,-0.72262853,-0.7226285,-3.384017943641737e-08
-0.8934030160816898,-0.7523811,-0.75238097,-1.1634948726690908e-07
-0.9659344465110022,-0.74553,-0.74553025,2.407302855944593e-07
-1.001394256943111,-0.7448846,-0.7448847,8.982391352940766e-08
-1.0154400260103742,-0.76302564,-0.76302576,1.1855865478249683e-07
-1.023959590854452,-0.75136554,-0.75136554,-2.4118042007970075e-09
-1.0108348558243865,-0.76920193,-0.76920193,-4.337615933103223e-09
-0.9564938476297268,-0.79796094,-0.79796094,2.976837110146846e-09
-0.9060672340931571,-0.8148561,-0.8148561,-1.2003326443910112e-08
0.1782200861977391,0.13265832,0.13265833,-1.2314872732677173e-08
0.0748340155223065,0.009195328,0.009195328,-2.4121093664120075e-10
-0.0333874838484136,-0.13379116,-0.13379116,-3.563728340205685e-09
-0.1469049289330201,-0.2630325,-0.26303262,1.2402450560999867e-07
-0.2657183197315129,-0.37249863,-0.37249863,-1.4773559597891506e-09
-0.3900579147531913,-0.49034113,-0.49034113,3.081207289312715e-09
-0.5206144895259538,-0.58872086,-0.58872086,1.902923596475148e-09
-0.6576183025590996,-0.69399065,-0.69399065,2.2071838801096533e-09
-0.8001483198154309,-0.8413046,-0.8413045,-1.0023880003817709e-07
0.9592569497413196,1.0094808,1.0094808,3.400726322766445e-08
0.6474869281499257,0.7181796,0.7181796,-1.6450500517350974e-08
0.371637234009239,0.4548807,0.4548807,1.4416503879566278e-08
0.130326316263463,0.19172353,0.19172353,-4.475860598818215e-09
-0.0881890090616719,-0.058916613,-0.058916613,-4.5958709754545524e-10
-0.2871323610963575,-0.2736206,-0.2736206,-5.468750008397194e-09
-0.4823915769822526,-0.44929695,-0.44929695,-1.2939453397642353e-09
-0.6599208876520936,-0.62938666,-0.62938654,-1.2343688959859378e-07
-0.8259372728569643,-0.8140258,-0.8140258,-1.930160520302593e-08
-0.8148848644105928,-0.8552645,-0.8552645,1.5117645246753852e-08
-0.8372199398126351,-0.85541385,-0.85541373,-1.2412216188195657e-07
-0.8593247567053779,-0.86597925,-0.86597925,-4.2457580784471816e-09
-0.8816598321074203,-0.8822625,-0.8822625,-2.794265752115166e-08
-0.9039949075094624,-0.90302247,-0.90302247,1.909942648481433e-09
-0.926560241420804,-0.9277205,-0.9277205,1.2882232613975475e-08
-0.9500466093693434,-0.94491476,-0.9449149,1.4179458618368557e-07
-0.9739934943364814,-0.965661,-0.965661,1.0715484610734904e-08
-0.9981706378129188,-0.98529774,-0.98529774,4.942322107126529e-10
0.4812402844357555,0.49674904,0.49674904,3.4646606694721527e-09
0.3083161439519027,0.34753352,0.34753352,4.036407486029958e-09
0.1390761396168403,0.17308286,0.17308286,-1.6759491017204198e-09
-0.030163864718222,-0.023027152,-0.023027152,1.7695617540725017e-10
-0.1954894743951945,-0.2040178,-0.2040178,-3.072929383174383e-09
-0.3661110297860533,-0.37103194,-0.37103194,1.6632084598455776e-11
-0.5341997415746187,-0.51688045,-0.51688033,-1.2263290405378768e-07
-0.7050515554747769,-0.6858853,-0.6858853,-1.0173034636906664e-08
-0.8666930290029589,-0.85177654,-0.8517764,-1.4027938843863552e-07
0.6619932142357882,0.72543234,0.72543234,-3.6695861904689764e-09
0.3815383499091134,0.48216325,0.48216325,4.463195923953833e-10
0.133780193902954,0.20171502,0.20171502,2.325515752188423e-09
-0.0895705601174683,-0.02992095,-0.02992092,-3.053195953353627e-08
-0.2887441706614533,-0.245955,-0.245955,-5.288124077518219e-09
-0.4784771823241627,-0.44139725,-0.44139737,1.203013610950876e-07
-0.657848561068399,-0.6208447,-0.6208447,-2.1794128390872913e-08
-0.8141940888826947,-0.7521884,-0.7521884,1.5467071512453856e-08
-0.9479742827856488,-0.88709456,-0.88709444,-1.1728530879828725e-07
0.6131784102643144,0.81766415,0.817664,1.4642333989733913e-07
0.2189758423437337,0.51420796,0.51420796,-8.248901561813682e-10
-0.1001624515452409,0.14006248,0.14006247,1.1164932256502169e-08
-0.3598940500349694,-0.13384582,-0.13384585,2.8977012622721787e-08
-0.5754160147392121,-0.34247708,-0.34247714,5.6793823255407716e-08
-0.7448862775835738,-0.51520413,-0.51520425,1.1839675906344382e-07
-0.8632391513634678,-0.69192857,-0.69192857,4.497833216987601e-09
-0.9491255753321456,-0.80603415,-0.806034,-1.4773941037216076e-07
-1.0117558898615835,-0.9168957,-0.9168957,1.2419891337600575e-08
-0.3198290694168729,-0.32930416,-0.32930416,1.3124084596860541e-09
-0.4089391125157425,-0.39982438,-0.3998245,1.191253662380376e-07
-0.4987399311425103,-0.47840613,-0.47840613,-1.2675476224188742e-09
-0.5860079061669847,-0.5395052,-0.5395052,1.6303253191907174e-08
-0.6656773503845788,-0.5897158,-0.5897158,2.1172332775876157e-08
-0.7439652435463763,-0.6704155,-0.6704155,-2.066802973210713e-08
-0.8169571909942875,-0.7546509,-0.7546508,-9.082717900010806e-08
-0.8922517235351928,-0.8435232,-0.8435232,-4.326629610140742e-09
-0.9601779837785172,-0.91902167,-0.91902167,3.950042737344006e-09
0.4617824275866595,0.49778944,0.49778944,2.5392150604375274e-09
0.2292846560709728,0.26800266,0.26800266,-9.175872839328747e-10
0.0297529581493478,0.12640823,0.12640822,1.4238624584939075e-08
-0.1412180019155376,-0.05222635,-0.05222635,2.8858184591973313e-10
-0.3024573580339353,-0.22245003,-0.22244997,-6.283023834541268e-08
-0.423730916915057,-0.37246627,-0.3724664,1.3384475705535692e-07
-0.5521685873003731,-0.5305219,-0.5305219,-2.9264068612810945e-08
-0.6474092888860916,-0.69121724,-0.69121724,-3.6714172813034907e-09
-0.7980633505095052,-0.84593004,-0.84593004,1.1734013760644757e-10
-0.5832448040553919,-0.56146556,-0.56146556,-1.3899230655312067e-09
-0.6857098406936268,-0.65718836,-0.65718824,-1.1592269899551866e-07
-0.7674516114949155,-0.7269608,-0.7269608,2.1763610802416622e-08
-0.836068647266138,-0.78280395,-0.78280395,-2.6939391828406656e-09
-0.8931727575723905,-0.84278935,-0.84278935,-1.940155036628255e-09
-0.941296786015966,-0.90185314,-0.90185314,-4.168853706687514e-09
-0.983434093217757,-0.9567577,-0.95675784,1.1571487423811533e-07
-1.0264924344567457,-1.0226927,-1.0226927,1.964111318031314e-08
-1.0578075917214649,-1.0822111,-1.0822114,2.631820679166452e-07
-0.8038324559642215,-0.7853362,-0.7853361,-9.642257692288325e-08
-0.8427461440358208,-0.8099399,-0.8099398,-1.2090225220973139e-07
-0.8777454374493303,-0.8155349,-0.8155349,1.0301971387072228e-08
-0.906527751111756,-0.8467795,-0.84677976,2.3472000121316228e-07
-0.9313956701160916,-0.87345964,-0.8734595,-1.3716506952476948e-07
-0.9500466093693434,-0.90271574,-0.90271574,-2.588043224172054e-09
-0.959487208250619,-0.9288464,-0.9288464,-1.8857574501929264e-08
-0.9751447868829785,-0.9423062,-0.9423062,-2.0531463640338643e-08
-0.9772171134666732,-0.9689483,-0.9689482,-1.046531676873741e-07
-0.4020313572367604,-0.50615376,-0.50615376,-2.3405456461844665e-09
-0.4430173718920544,-0.5519655,-0.5519655,2.4917602536866923e-08
-0.500812257726205,-0.6046088,-0.6046089,1.2581481934059724e-07
-0.5376536192141097,-0.6546962,-0.6546961,-1.2611999511413785e-07
-0.5636728307649425,-0.70195305,-0.70195305,-3.474426302219058e-09
-0.6292965059152728,-0.75362307,-0.75362307,1.6673278313561468e-09
-0.653934166410309,-0.8183282,-0.8183282,-1.77078252061591e-09
-0.7257748213117232,-0.88868743,-0.88868743,-1.812286432034682e-09
-0.7591623051601369,-0.9588179,-0.9588179,7.728576667531684e-10
0.5394956872885049,0.51691985,0.51691985,1.303100627403353e-09
0.4933288561739743,0.37102407,0.37102407,2.1702575847548644e-09
0.4259782422038984,0.21214814,0.21214816,-1.5158805849457835e-08
0.3278881172423521,0.03062734,0.03062734,7.835388241006491e-11
0.2116075700461528,-0.10974775,-0.10974775,-2.547264094099333e-09
0.061479021982941,-0.2582593,-0.2582593,3.5827636968299714e-09
-0.1146687376311034,-0.42043048,-0.42043036,-1.2143386840524073e-07
-0.3422792740735649,-0.56275,-0.56275,1.811981198418522e-08
-0.606731172003931,-0.7628641,-0.7628641,-1.2854003861306751e-08
0.8931727575723905,0.96499467,0.96499467,-1.0394287652815137e-09
0.6143297028108115,0.7130306,0.7130307,-1.2329406740008153e-07
0.360815084072167,0.46235102,0.46235102,4.1508483872298996e-09
0.1093727919172171,0.21324778,0.21324778,-3.968505857265825e-09
-0.1363130375052475,-0.034492,-0.03449197,-3.093746185622859e-08
-0.3509139681722926,-0.27410495,-0.27410495,-2.812194810353219e-09
-0.5581466265417567,-0.50991696,-0.5099171,1.3880691529521982e-07
-0.784260482673772,-0.6840208,-0.6840208,-1.727981568944159e-08
-0.9313956701160916,-0.8503116,-0.8503116,2.2679901068300978e-08
0.8056745240386166,0.9220463,0.9220464,-9.625091557108334e-08
0.5100225980981812,0.765848,0.765848,-1.902389523689152e-08
0.24361350283877,0.520085,0.520085,-2.2850036640598148e-08
0.0006907755278982,0.24415296,0.24415296,3.1614685036540635e-09
-0.1998643860718832,0.0022870302,0.00228706,-2.9779968261766515e-08
-0.3838409350021074,-0.3118825,-0.3118825,4.119873053820555e-09
-0.5510086127534752,-0.5756114,-0.5756114,-1.252517700667255e-08
-0.6919268204447108,-0.7473587,-0.7473588,1.2022857664995001e-07
-0.8487328652776053,-0.8733087,-0.8733086,-1.1820449830057811e-07
-0.0686170357712225,-0.14787684,-0.14787684,-3.810081472543914e-09
-0.1473654459516189,-0.2840498,-0.2840498,-8.979034404887898e-09
-0.2277256656971111,-0.37561905,-0.37561905,-3.840637197161101e-09
-0.3106187290448968,-0.44213754,-0.44213742,-1.1938674926437187e-07
-0.3981169625786705,-0.52633035,-0.52633035,-1.8295288617409255e-09
-0.4879177812054383,-0.6022986,-0.6022986,-1.736297605692272e-08
-0.5823237700181942,-0.6909277,-0.6909276,-8.430709841356077e-08
-0.6854795821843275,-0.79199535,-0.7919952,-1.4654617308540452e-07
-0.8141940888826947,-0.8957638,-0.8957638,-1.4449310303810137e-08
-0.3778542137603229,-0.42601573,-0.42601573,-4.672546405348754e-09
-0.4282808272968925,-0.4973603,-0.4973603,1.0903167702025485e-08
-0.4807797674171568,-0.5589289,-0.5589288,-1.0691757201808372e-07
-0.5346602585932174,-0.60812765,-0.60812765,-3.5987853808094883e-09
-0.5873894572227811,-0.66348374,-0.6634836,-1.3889923100585122e-07
-0.6497895132429198,-0.71231467,-0.71231467,4.682464638250394e-09
-0.701137160816687,-0.76930416,-0.76930416,3.696594252922125e-09
-0.716564480939747,-0.8381186,-0.83811873,1.172337341648344e-07
-0.7748198837924964,-0.91609246,-0.91609246,4.6128845188064815e-09
1.1987257994127,1.0763675,1.0763674,9.744415274681728e-08
1.1280364370577831,0.9458154,0.9458154,-1.561203000211009e-08
1.0078414952034938,0.7448896,0.7448896,1.6966247518013233e-08
0.8227136537267726,0.41840583,0.41840583,8.601379608563775e-10
0.5535414563557687,0.14489284,0.14489284,1.5775299122555708e-09
0.281145639854573,-0.13272871,-0.13272871,-7.706069948820726e-10
-0.0918731452104624,-0.34646976,-0.34646976,5.889894127975026e-11
-0.3458482809677057,-0.5322739,-0.5322739,1.1412048306347344e-08
-0.6610721801985906,-0.7518213,-0.7518214,1.204742431371031e-07
0.3435456958747116,0.38773143,0.38773143,2.914733898684574e-09
0.2076931753880629,0.24023893,0.24023893,4.755325327954196e-09
0.071149879373516,0.13703811,0.1370381,1.1686706546942816e-08
-0.0610185049643422,-0.0022432208,-0.0022432208,-6.1218261362960824e-12
-0.1996341275625837,-0.13851042,-0.13851042,-9.184646654336603e-10
-0.3375589746329271,-0.29297972,-0.29297984,1.2274536131950953e-07
-0.4782469238148633,-0.46362042,-0.46362042,-4.270629905267498e-09
-0.6295267644245721,-0.6337473,-0.6337473,2.035598756222612e-08
-0.7948523741015446,-0.81103677,-0.81103665,-1.1557540890994034e-07
-0.4830823525101508,-0.5191479,-0.5191479,2.7075195307979527e-08
-0.5579163680324573,-0.58497953,-0.58497953,-4.14916989655012e-09
-0.6223887506362906,-0.6419931,-0.6419931,-5.411529557797223e-09
-0.6854795821843275,-0.70058924,-0.70058924,4.0267944534377875e-10
-0.75409661795555,-0.7608997,-0.7608997,-2.257614140077635e-08
-0.8141940888826947,-0.81030434,-0.81030434,-3.7004089792347372e-09
-0.8752125938470369,-0.8441439,-0.8441438,-1.270973205569348e-07
-0.9371521328485766,-0.9105659,-0.9105659,-1.2723541220616141e-08
-0.9924141750804336,-0.9833868,-0.98338693,1.1540573119361852e-07
1.1489899614040289,1.1755118,1.175512,-1.6299438465594562e-07
0.8480420897497072,0.8706826,0.8706826,-2.839660617759421e-09
0.5664359328765353,0.62950635,0.62950635,-4.3640135949374326e-10
0.3048622663124116,0.4151743,0.4151743,5.438995365203425e-09
0.0320059327926172,0.16176552,0.16176552,-4.1957092244970795e-09
-0.22427178805762,-0.10799684,-0.10799684,3.6953353849122905e-09
-0.4411753038176592,-0.3984266,-0.3984267,1.076499939189901e-07
-0.6721245886449619,-0.6233208,-0.6233208,-1.7947387687122784e-08
-0.8717587162075457,-0.8193374,-0.8193373,-1.2761611933864714e-07
1.048827509858788,1.0727822,1.0727822,-4.114837648394598e-08
0.7660700604391191,0.82789624,0.82789624,-2.62664789918432e-09
0.480319250398558,0.5645592,0.56455916,6.126770024650341e-08
0.1998643860718832,0.28793335,0.28793335,-3.906249768093062e-10
-0.0713801378828154,0.07922208,0.0792221,-1.6908264163784104e-08
-0.3290394097888491,-0.19463365,-0.19463365,2.2005081090625822e-09
-0.5535414563557687,-0.47821772,-0.47821772,-9.85412584864065e-10
-0.7642279923647237,-0.67803705,-0.67803705,2.6138305964096276e-09
-0.9251786903650075,-0.8379789,-0.83797914,2.405210876021968e-07
0.8745218183191387,0.81047606,0.81047606,4.682006782275039e-09
0.6246913357292846,0.5278912,0.5278912,1.866226195801346e-08
0.3787752477975206,0.3291331,0.3291331,-6.642913830123831e-09
0.1379248470703433,0.18513164,0.18513164,-7.578277450015491e-10
-0.1001624515452409,0.0008748174,0.0008748174,-2.8631591780618748e-11
-0.3283486342609509,-0.22629152,-0.22629152,-2.3836898843665466e-09
-0.5427193064186966,-0.5025288,-0.5025288,1.3340759275060066e-08
-0.7488006722416637,-0.7349524,-0.7349525,1.0980606079957766e-07
-0.9548820380646308,-0.9135124,-0.9135123,-1.0873336786509924e-07
-0.5712713615718228,-0.6118393,-0.6118393,5.566406224843945e-09
-0.610645566662021,-0.6402424,-0.6402424,2.214813221712575e-09
-0.6509408057894168,-0.66957474,-0.66957474,2.451171821071796e-09
-0.6926175959726091,-0.70760566,-0.7076058,1.4003829951203528e-07
-0.7354456787022983,-0.74305373,-0.74305373,-4.302520784094099e-09
-0.780806605034281,-0.7872111,-0.7872111,-2.0128631539328978e-08
-0.82754908242206,-0.83179957,-0.83179957,3.2542419869940886e-09
-0.8754428523563362,-0.8782757,-0.8782757,7.537078849928491e-09
-0.925869465892906,-0.93733615,-0.93733615,3.1684875834159243e-09
-0.3364076820864301,-0.38953328,-0.38953328,-1.3262939635438897e-09
-0.4075575614599461,-0.46076107,-0.46076107,-2.514648489437832e-10
-0.4754838217032704,-0.5193505,-0.51935065,1.212829590091502e-07
-0.5429495649279961,-0.58488035,-0.58488035,-2.020263623059293e-09
-0.6104153081527216,-0.6465109,-0.6465109,9.330749506375469e-10
-0.6776507928681478,-0.7226215,-0.7226215,-4.920959195686692e-10
-0.7460375701300709,-0.7941808,-0.7941807,-1.1045150760669031e-07
-0.8174177080128863,-0.8591258,-0.8591258,7.019805958741188e-09
-0.8943240501188875,-0.9236904,-0.9236906,2.2133407595603671e-07
0.1091425334079177,0.036087394,0.036087394,-2.393188494598242e-10
0.0937152132848576,-0.032290593,-0.032290593,2.103500360006727e-10
0.0727616889386118,-0.10144846,-0.10144846,-1.4133834796981048e-09
0.0370716199972041,-0.19806166,-0.19806172,6.006786346102189e-08
-0.0230258509299404,-0.31860495,-0.31860495,3.863525388503319e-09
-0.1151292546497023,-0.44254428,-0.4425444,1.1851730347123279e-07
-0.2466068634596623,-0.57839215,-0.57839215,1.98211669300008e-09
-0.4303531538805872,-0.7234821,-0.7234822,1.2764663692710343e-07
-0.6788020854146447,-0.85131377,-0.85131365,-1.198173522620749e-07
0.6716640716263632,0.60612214,0.60612214,-3.883972143903236e-09
0.5256801767305407,0.34989005,0.34989008,-2.672775267775762e-08
0.3723280095371372,0.19583464,0.19583464,-3.3117675823923776e-09
0.2106865360089552,0.06385666,0.06385665,1.1319732665104887e-08
0.0373018785065035,-0.11609708,-0.11609702,-5.772731781483742e-08
-0.1464444119144213,-0.3103006,-0.3103007,1.1139221189893078e-07
-0.3446969884212086,-0.49291766,-0.49291778,1.231015014924175e-07
-0.5595281775975531,-0.66437715,-0.66437715,-2.9197693152127613e-09
-0.7877143603132631,-0.8442537,-0.8442537,-1.885299683035413e-08
1.4080307843658593,1.4031647,1.4031646,1.4437713624637638e-07
1.1174445456300104,1.1140442,1.1140442,-1.054687492896278e-08
0.8436671780730184,0.8163361,0.8163361,-4.666900643712779e-09
0.5701200690253257,0.5783221,0.5783221,1.2560272266703976e-08
0.2705537484268003,0.32670438,0.32670435,3.2896423363126814e-08
-0.0402952391273958,0.050022528,0.050022498,2.9575492860312025e-08
-0.3096976950076991,-0.26191896,-0.26191884,-1.2200180055099707e-07
-0.5443311159837925,-0.5453223,-0.5453222,-9.900360109504902e-08
-0.7909379794434548,-0.7787319,-0.778732,1.1742782590751233e-07
-0.6170928049224044,-0.6460372,-0.6460372,-2.0954895041391808e-08
-0.68064415348904,-0.68371373,-0.6837137,-3.414993288153312e-08
-0.7269261138582203,-0.72261536,-0.7226155,1.3878631588415402e-07
-0.7743593667738976,-0.74927837,-0.74927825,-1.1656570431117785e-07
-0.8194900345965809,-0.77612954,-0.7761294,-1.4378128054826078e-07
-0.8581734641588808,-0.82390875,-0.8239086,-1.4624252320238895e-07
-0.9019225809257676,-0.87907845,-0.87907857,1.221812439000658e-07
-0.932777221171888,-0.93963045,-0.93963045,1.1817932188407099e-09
-0.9859669368200504,-1.0063512,-1.0063512,-3.252868663317088e-08
0.3172962258145795,0.31958595,0.31958595,-8.174896315438218e-10
0.1938776648300986,0.20222472,0.20222472,-3.4558486905478247e-09
0.0566435932876535,0.09312929,0.09312931,-1.786952973092948e-08
-0.0898008186267678,-0.038245633,-0.038245603,-3.0244514462318683e-08
-0.2373965230876861,-0.1637988,-0.1637988,5.849647516376066e-09
-0.3960446359949758,-0.31686902,-0.31686902,-4.6203613157658197e-10
-0.5726529126276192,-0.49600935,-0.49600935,1.77001968637569e-10
-0.748340155223065,-0.6556011,-0.6556012,1.1576766967280605e-07
-0.9284023094951992,-0.831248,-0.831248,1.4636993395100717e-08
-0.5873894572227811,-0.6865612,-0.6865612,-2.68447876150546e-08
-0.6345924516291591,-0.721743,-0.721743,1.2367248558575739e-08
-0.68064415348904,-0.75006044,-0.7500604,-3.910980228560845e-08
-0.7273866308768191,-0.78411967,-0.78411955,-1.1562271118314982e-07
-0.7812671220528797,-0.8333805,-0.8333804,-1.2034378049641248e-07
-0.8372199398126351,-0.87724787,-0.87724787,3.158573402828324e-11
-0.8871860363306058,-0.9083317,-0.9083317,7.78121944655652e-09
-0.9431388540903612,-0.9538273,-0.9538273,-2.1529388383179082e-08
-0.99771012079432,-0.98911077,-0.9891109,1.321586609037695e-07
-0.3562099138861789,-0.40143353,-0.40143353,2.5303649731078792e-09
-0.4119324731366348,-0.45164412,-0.45164412,-2.6005554376595796e-09
-0.4713391685358812,-0.5060763,-0.5060763,2.3697662387967e-08
-0.5337392245560199,-0.5695786,-0.5695787,1.1199111937809647e-07
-0.5984418656691526,-0.6224447,-0.6224447,1.0726165733387916e-08
-0.6675194184589739,-0.6873066,-0.6873066,1.707229613234773e-08
-0.7393600733603881,-0.7527259,-0.75272584,-5.921951296006256e-08
-0.8116612452804012,-0.830761,-0.83076113,1.1458480830839335e-07
-0.8934030160816898,-0.9113954,-0.9113954,2.9039764370963894e-08
1.6212501639771075,1.6179243,1.6179242,1.3261871334435682e-07
1.3311244422598578,1.3387505,1.3387505,-1.839447016926954e-08
1.0587286257586623,1.0551922,1.0551921,1.321319580416258e-07
0.7923195304992512,0.7363077,0.7363077,-1.9393157968394803e-08
0.5176211289050615,0.47530597,0.4753059,7.448348998684295e-08
0.2178245497972367,0.1799841,0.1799841,-7.2875976642183815e-09
-0.0794391857082945,-0.12140511,-0.12140508,-2.9763145448225004e-08
-0.3953538604670776,-0.4555449,-0.4555449,1.1026763890864544e-08
-0.6882426842959203,-0.73451984,-0.7345197,-1.3928680420161044e-07
-0.5219960405817502,-0.49066752,-0.49066752,-1.9535827400218864e-09
-0.5772580828136072,-0.5126722,-0.5126722,1.41021728738977e-08
-0.6281452133687757,-0.5445617,-0.5445618,1.1586837767030289e-07
-0.6760389833030519,-0.57693636,-0.57693636,-4.173889123215702e-09
-0.7211696511257352,-0.6239457,-0.6239457,-1.3043212843122376e-08
-0.763767475346125,-0.67570466,-0.67570466,1.9685363339405626e-09
-0.8042929729828202,-0.75114983,-0.7511501,2.667976379822079e-07
-0.8425158855265215,-0.8331105,-0.8331105,-1.130294802198506e-08
-0.8788967299958272,-0.91199976,-0.9119999,1.3794174191783526e-07
0.4239059156202038,0.42631632,0.42631632,8.96148655282758e-10
0.3265065661865557,0.32468018,0.3246802,-2.0642471287857234e-08
0.2162127402321409,0.18040684,0.18040684,-1.344528210989182e-09
0.0930244377569594,0.029398888,0.029398888,3.4953307956331336e-10
-0.0472029944063779,-0.14874052,-0.14874049,-2.511287688911068e-08
-0.203778780729973,-0.3218838,-0.3218838,2.354431150042302e-09
-0.373939819102233,-0.49166656,-0.49166656,4.595336888790769e-09
-0.5625215382184454,-0.6507568,-0.6507568,2.366714479951071e-08
-0.7407416244161845,-0.8244806,-0.8244805,-9.320449834149258e-08
-0.6007444507621467,-0.62310666,-0.6231068,1.4154129024390727e-07
-0.5682780009509305,-0.6115769,-0.6115769,-1.4787292501594607e-08
-0.5655148988393377,-0.6168118,-0.6168118,-1.1923980691719294e-08
-0.5606794701440502,-0.62116367,-0.62116355,-1.1624832152445919e-07
-0.5765673072857092,-0.656385,-0.656385,-4.5204162635315015e-09
-0.6134086687736139,-0.71837044,-0.7183703,-1.3762207029532902e-07
-0.6739666567193573,-0.7960662,-0.7960662,-2.457504277852962e-08
-0.7409718829254839,-0.86556286,-0.86556286,3.802642867256623e-09
-0.8455092461474137,-0.93561226,-0.93561214,-1.2129531856697184e-07
-0.2767707281778843,-0.19932769,-0.19932766,-3.238948823036658e-08
-0.2371662645783867,-0.124419615,-0.124419615,3.273391696589911e-10
-0.1844370659488231,-0.047669068,-0.04766901,-5.797885894998078e-08
-0.1112148599916124,0.044334218,0.044334203,1.490599822739913e-08
-0.0299336062089225,0.11723787,0.1172379,-2.6624584203993606e-08
0.069998586827019,0.20028621,0.20028621,-4.1671752160077347e-10
0.1876606850790147,0.34301877,0.34301877,2.178955349485534e-10
0.3216711374912682,0.4787327,0.4787327,5.116271961647101e-09
0.4784771823241627,0.5651065,0.56510645,6.111602779412806e-08
0.093945471794157,0.0420323,0.042032287,1.4425933836381688e-08
0.2933493408474414,0.11007862,0.11007863,-1.2069587704277573e-08
0.5408772383443013,0.2616096,0.2616096,1.3895416262066362e-08
0.7994575442875328,0.4151558,0.4151558,-1.8032074167173562e-09
1.05573526513777,0.53215086,0.53215086,4.6011352505814784e-09
1.2489221544399705,0.6216344,0.6216344,2.3732757536976123e-08
1.3456307283457205,0.83050877,0.83050877,-1.4414978100063536e-09
1.31869048275769,0.940345,0.9403451,-1.1070022587489348e-07
1.1006356744511538,0.7688172,0.7688171,8.635559078928878e-08
0.3509139681722926,0.42398345,0.42398345,4.704284684020621e-09
0.423445398601605,0.40812153,0.4081215,2.6241302464313776e-08
0.470648393007983,0.38623923,0.38623923,6.327819934703882e-10
0.4982794141239116,0.35474163,0.35474163,2.938385035289315e-09
0.5084107885330853,0.36173892,0.36173892,2.1179197284837414e-10
0.5079502715144865,0.36178803,0.36178803,4.439086931373737e-09
0.494595277975121,0.35617653,0.35617653,-4.645614615217397e-09
0.4722602025730788,0.28886482,0.2888648,2.1195602439849637e-08
0.4395634942525633,0.24108347,0.24108346,1.29671478277249e-08
-0.4671945153684919,-0.42463815,-0.42463815,-2.1224975665923296e-09
-0.4082483369878443,-0.3311683,-0.3311683,6.047058132008232e-09
-0.3412431107817176,-0.2541051,-0.2541051,8.905029269534737e-09
-0.2696327143896028,-0.16361292,-0.16361295,3.293437958462597e-08
-0.182134480855829,-0.0782107,-0.0782107,3.4219741762431255e-09
-0.0725314304293124,-0.02548246,-0.02548249,2.9143562316896743e-08
0.0172693881974553,0.051681966,0.051681966,-4.104766873624932e-10
0.1176620982519957,0.12962192,0.12962192,2.969818113651712e-09
0.2410806592364766,0.24676077,0.24676077,6.785202122383538e-10
1.5768102716823225,1.402716,1.402716,4.0611267015933095e-08
1.4828647998881657,1.2399508,1.2399509,-1.2389984127558762e-07
1.3822418313243257,1.062981,1.062981,9.483337448656926e-09
1.2733295564257074,0.9350502,0.9350502,-1.0504913383613257e-08
1.1533648730807176,0.85180134,0.85180134,-4.188384972181325e-09
1.014749250482476,0.7303112,0.7303112,1.4923858593363093e-08
0.8613970832890725,0.64879996,0.64879996,-4.155120802984413e-09
0.6868611332401239,0.5417306,0.5417306,-1.7285919140519468e-08
0.4708786515172823,0.35937274,0.35937274,-4.97650148867379e-09
0.7920892719899517,0.7169549,0.7169549,-1.3086700390019246e-08
0.7416626584533822,0.6261335,0.62613344,6.152969356243432e-08
0.6866308747308245,0.5730493,0.5730493,6.869506852247298e-09
0.6216979751083924,0.51426286,0.51426286,-4.9470519902783394e-09
0.5503178372255769,0.4550234,0.4550234,7.936096169114393e-09
0.47179968555448,0.43147814,0.43147814,2.7383422751547926e-09
0.3829199009649098,0.41709313,0.41709313,-2.034072854595337e-09
0.2829877079289682,0.3508724,0.3508724,-2.577209445853157e-09
0.1669374192420683,0.15043113,0.1504311,2.6356124865900554e-08
1.2806978287232884,1.2832569,1.283257,-1.1161041268969996e-07
1.1975745068662034,1.1878936,1.1878936,2.9074096685732798e-08
1.1066223956929386,1.055234,1.0552338,1.5538330067066397e-07
1.0064599441476971,0.86270225,0.86270225,4.806518516531355e-10
0.8934030160816898,0.7337708,0.73377085,-6.228408810926567e-08
0.764918767892622,0.651112,0.65111196,6.001571650759985e-08
0.6170928049224044,0.60902226,0.60902226,-2.8778079919078436e-10
0.4425568548734556,0.51752627,0.51752627,-1.040954544784256e-09
0.2277256656971111,0.2313575,0.23135751,-1.004291533268642e-08
-0.0900310771360672,-0.046175793,-0.046175793,1.8669891327371957e-10
-0.0681565187526237,0.03185381,0.03185384,-3.004726410044123e-08
-0.0345387763949106,0.105234414,0.105234414,3.3906555341189915e-10
0.0080590478254791,0.15851188,0.15851188,-2.940063470457943e-09
0.0557225592504559,0.22971998,0.22971998,1.5511703588266812e-09
0.1091425334079177,0.31969735,0.31969735,2.635955898000475e-10
0.17016103837226,0.31561366,0.31561366,-2.7639007749158395e-09
0.2369360060690873,0.31229737,0.31229737,4.010086041006389e-09
0.3076253684240045,0.33785653,0.33785653,1.1431884883172927e-09
0.5351207756118163,1.0035511,1.003551,1.2552642814078752e-07
0.925869465892906,1.0926546,1.0926546,-1.4161682049262936e-08
1.237869745993599,1.1407382,1.1407382,4.882507331771535e-08
1.487700228583453,1.1312863,1.1312863,-3.653411861925804e-08
1.677663498755462,1.1170864,1.1170863,1.1052246096099339e-07
1.7577934599916545,1.0561984,1.0561984,-4.1464233380139603e-08
1.7577934599916545,0.90285784,0.90285784,6.118772155616625e-11
1.7110509826038756,0.60374457,0.60374457,-3.5594177605347e-09
1.4112544034960508,0.25558165,0.25558165,-2.8423309261782492e-09
-0.6776507928681478,-0.7099788,-0.7099788,-1.889343259620091e-08
-0.7188670660327411,-0.751241,-0.751241,-2.830886836058255e-08
-0.748340155223065,-0.772202,-0.7722019,-1.1492309570648729e-07
-0.7727475572088018,-0.7756967,-0.7756967,5.1490783858909595e-09
-0.7909379794434548,-0.77361035,-0.77361035,-3.4698486306439236e-09
-0.8012996123619279,-0.7878143,-0.78781444,1.2086624145979386e-07
-0.8015298708712274,-0.8003333,-0.80033344,1.189054870120998e-07
-0.807516592113012,-0.80009514,-0.800095,-1.4093399047787614e-07
-0.8112007282618023,-0.78160125,-0.78160125,-1.7166135179991215e-10
-0.4708786515172823,-0.51019186,-0.51019186,2.185211234184692e-09
-0.5123251831911753,-0.5622472,-0.5622471,-1.1670150756870612e-07
-0.5542322318836669,-0.5998417,-0.5998417,-1.3905334439456851e-08
-0.595909022066859,-0.6360014,-0.6360014,-8.100128123800232e-09
-0.6371252952314526,-0.67813486,-0.67813474,-1.1860824589149388e-07
-0.6755784662844531,-0.71075743,-0.71075755,1.1563186641527778e-07
-0.7124198277723578,-0.7292867,-0.7292866,-7.068481444605368e-08
-0.737057488267394,-0.7425203,-0.7425203,2.7268219016107764e-08
-0.7651490264019214,-0.7553842,-0.7553841,-1.0677185058316496e-07
0.8160361569570899,0.76766855,0.76766855,-4.753875737506519e-09
0.7062028480212739,0.6862124,0.6862124,2.046356206708566e-08
0.5680477424416311,0.6443572,0.6443572,4.437255896050374e-09
0.4402542697804616,0.6284728,0.6284728,5.023193305753182e-09
0.3262763076772563,0.4971195,0.49711943,5.633193972398587e-08
0.2162127402321409,0.3505212,0.3505212,6.855773948544197e-09
0.110984601482313,0.20886102,0.208861,2.318763733799578e-08
0.0110524084463714,0.03934002,0.039340004,1.522607422088651e-08
-0.0822022878198874,-0.07771094,-0.07771094,-1.4339065490531766e-09
0.0425978242203898,-0.13139115,-0.13139118,2.7260475154999853e-08
0.0389136880715993,-0.1353591,-0.1353591,6.453132639361314e-09
0.0352295519228089,-0.13252993,-0.13253002,9.071971893148678e-08
0.031315157264719,-0.13727666,-0.13727663,-3.437625883950801e-08
0.0276310211159285,-0.16871865,-0.16871865,-9.370803855102139e-10
0.0237166264578386,-0.18374683,-0.18374686,3.0371055614875075e-08
0.0195719732904493,-0.17526509,-0.17526512,3.132259368543444e-08
0.0163483541602577,-0.14413662,-0.14413665,2.7451896672525677e-08
0.0124339595021678,-0.086926654,-0.086926624,-2.998120880726152e-08
0.1837462904209248,0.25765923,0.25765923,-3.3440399338502402e-09
0.1542732012306011,0.2377555,0.2377555,7.230758658494096e-09
0.1264119216053731,0.21592616,0.21592614,1.5447959911263354e-08
0.0973993494336481,0.199283,0.199283,3.807067883165871e-09
0.0690775527898213,0.1507453,0.1507453,2.438735963172789e-09
0.0419070486924916,0.109979495,0.109979466,2.9406150819921706e-08
0.0202627488183476,0.06813732,0.06813733,-1.2104110713728744e-08
-0.0004605170185988,0.035153568,0.035153568,-2.090148956690463e-10
-0.0122037009928684,0.02382636,0.02382633,3.07025146487061e-08
0.3308814778632444,0.38983697,0.38983697,-3.008575444329864e-09
0.2972637355055313,0.36182332,0.3618233,2.0388793930958826e-08
0.2592710814711296,0.32409325,0.32409325,2.4204254156501293e-09
0.2194363593623325,0.27794063,0.27794063,9.127807398812138e-10
0.1754569840861463,0.2350145,0.2350145,-1.7662048212852e-09
0.132628901356457,0.1737602,0.1737602,5.507278438843244e-09
0.0902613356453665,0.1372157,0.1372157,3.725814823329898e-09
0.0524989401202642,0.09163576,0.09163576,3.645172122479501e-09
0.0149668031044612,0.07466972,0.074669704,1.4742370602061072e-08
-0.4372609091595693,-0.43773508,-0.43773496,-1.2071899413435005e-07
-0.4496948686617372,-0.49491996,-0.49491984,-1.1573043823265294e-07
-0.4496948686617372,-0.5049786,-0.5049786,2.8358460024691112e-09
-0.4402542697804616,-0.4879942,-0.4879942,5.9692382703424585e-09
-0.4158468677947247,-0.41881412,-0.41881406,-6.267684937721896e-08
-0.3826896424556104,-0.3243944,-0.3243944,-4.888153048998589e-09
-0.3255855321493581,-0.26400352,-0.2640034,-1.1524353027425605e-07
-0.261803925073423,-0.21689413,-0.21689413,-4.879112253108886e-09
-0.1874304265697153,-0.16731577,-0.16731574,-2.6215324411271723e-08
-1.2595140458677432,-1.2680007,-1.2680008,7.806854251946049e-08
-1.1621146964340952,-1.189566,-1.1895661,8.380279536979174e-08
-1.0571168161935665,-1.1153492,-1.1153492,2.6454162638245293e-08
-0.9479742827856488,-1.0331024,-1.0331022,-1.931503295082848e-07
-0.8287003749685571,-0.9504188,-0.9504188,2.9686737068601587e-08
-0.6981438001957948,-0.85238737,-0.85238737,1.3209533467062329e-09
-0.5544624903929662,-0.69994587,-0.69994575,-1.1706161495705913e-07
-0.4013405817088622,-0.5519631,-0.5519631,9.10339359450063e-09
-0.2408504007271772,-0.3181526,-0.3181526,-6.487274162303436e-09
0.0909521111732648,0.025598586,0.025598586,-3.9437866167224556e-10
0.0817417708012886,-0.022317067,-0.022317097,3.021132660013803e-08
0.0729919474479112,-0.057180062,-0.057180032,-2.993637848031083e-08
0.0635513485666356,-0.06546496,-0.06546496,1.4514541651911017e-09
0.05411074968536,-0.05905761,-0.059057638,2.9753196718884656e-08
0.0455911848412821,-0.04185213,-0.04185216,2.8514060973483524e-08
0.0361505859600065,-0.022999078,-0.022999048,-3.0035354613155985e-08
0.0264797285694315,-0.002119854,-0.002119884,2.9907402038405195e-08
0.0174996467067547,0.012711003,0.012711003,4.2273712134999197e-10
1.0971817968116628,0.8953167,0.89531684,-1.199911499050188e-07
1.2496129299678689,0.8486354,0.8486355,-1.2450027464527835e-07
0.9539610040274332,0.76253575,0.76253575,8.659363226470873e-10
1.1998770919591972,0.59739995,0.59739995,2.7465807406201748e-11
1.0529721630261772,0.42933553,0.42933553,4.572601297603285e-09
0.8376804568312339,0.35893875,0.35893875,3.6048889429096675e-09
0.6145599613201109,0.28896964,0.28896964,-4.036560086184693e-09
0.3907486902810895,0.20927463,0.20927463,4.7188949692245075e-09
0.1671676777513677,0.15066999,0.15066999,1.970062252221183e-09
-0.6048891039295359,-0.68376464,-0.68376476,1.2348342892654074e-07
-0.5229170746189478,-0.658858,-0.658858,-1.232147162077979e-09
-0.4480830590966413,-0.62792563,-0.62792575,1.1561584467578712e-07
-0.3794660233254188,-0.5765029,-0.57650304,1.208029174470937e-07
-0.3161449332680825,-0.4993345,-0.49933463,1.1585891723786546e-07
-0.2571987548874349,-0.42173755,-0.42173767,1.1831085205971092e-07
-0.2021669711648772,-0.31689227,-0.31689227,3.726501440759478e-09
-0.1503588065725112,-0.21111445,-0.21111451,5.8710823064300754e-08
-0.101313744091738,-0.14320119,-0.14320116,-2.7252998358040514e-08
1.574737945098628,1.4050945,1.4050943,2.0435638425908564e-07
1.4976013444833274,1.1534812,1.1534812,4.5040893459358244e-08
1.3578344293385889,0.9453992,0.9453992,2.4758148198245067e-08
1.156588492210909,0.750936,0.750936,-2.8263092088920416e-08
0.9431388540903612,0.60188085,0.6018808,4.840774536774006e-08
0.7237024947280287,0.4776882,0.4776882,-6.678771979906628e-09
0.509331822570283,0.32153726,0.32153726,-3.7591552648486015e-09
0.3154541577401843,0.2266159,0.2266159,5.761718741004174e-09
0.1319381258285588,0.14171088,0.1417109,-2.258148193434728e-08
0.4301228953712878,0.36373335,0.36373335,1.2306213270640853e-09
0.3884461051880955,0.32332563,0.32332563,4.002685571879994e-09
0.343775954384011,0.27470922,0.27470922,4.700927758172213e-09
0.2974939940148307,0.22369038,0.22369038,-4.314308160724423e-09
0.2502909996084528,0.17023961,0.1702396,1.2460136422642876e-08
0.2021669711648772,0.1158588,0.115858786,1.4709247583843954e-08
0.1542732012306011,0.0722259,0.0722259,-1.4957427935113898e-09
0.1031558121661332,0.033456326,0.033456296,2.9531005855953918e-08
0.0543410081946594,0.019611955,0.019611955,-3.109741214535333e-10
-1.0541234555726742,-1.0400174,-1.0400174,3.359069822295169e-08
-0.9866577123479486,-0.9722914,-0.9722914,-9.969329806125415e-09
-0.9182709350860256,-0.9137226,-0.9137226,2.5289154104157774e-08
-0.8365291642847369,-0.8709789,-0.8709789,8.150482178059804e-09
-0.744425760564975,-0.81599313,-0.81599313,-2.0706181214080743e-10
-0.6364345197035542,-0.7543178,-0.7543178,-2.007217403399153e-08
-0.5107133736260794,-0.6361095,-0.6361095,2.8678894037348357e-08
-0.3707161999720414,-0.50315976,-0.50315976,-1.4288330518752446e-09
-0.2203573933995301,-0.29229325,-0.29229325,-5.607604935953248e-10
1.007380978184895,0.953649,0.95364887,1.144322204771342e-07
0.8102796942246048,0.7577501,0.7577501,-6.063079815987749e-09
0.6355134856663567,0.59608316,0.59608316,4.215087945347307e-09
0.4754838217032704,0.48274976,0.48274976,1.5090939609052612e-10
0.3350261310306336,0.30281574,0.30281574,-4.659881591706494e-09
0.2023972296741766,0.19171613,0.19171613,4.548187243491597e-09
0.0941757303034564,0.12294868,0.12294868,-3.6522674606853656e-09
0.0029933606208922,0.062389284,0.062389284,3.723297087310229e-10
-0.0605579879457434,-0.03147112,-0.03147112,1.6690444928912918e-09
-0.674887690756555,-0.7404683,-0.7404683,-2.3230743440016965e-08
-0.5949879880296615,-0.7069239,-0.70692396,5.796524049639373e-08
-0.5196934554887562,-0.668737,-0.668737,5.733490016091025e-09
-0.4473922835687431,-0.6316339,-0.63163376,-1.1775421138171538e-07
-0.3778542137603229,-0.5842286,-0.5842287,1.2477035526980984e-07
-0.312460797119292,-0.5137413,-0.5137413,-1.4411163373750924e-08
-0.2468371219689617,-0.37556773,-0.37556762,-1.1424148560479352e-07
-0.1837462904209248,-0.25767523,-0.25767523,-5.030822980423011e-10
-0.1222672684379838,-0.1684487,-0.16844867,-3.150089264436495e-08
1.847824537127721,1.6893276,1.6893276,-2.3818969019373526e-09
1.6638479881974977,1.4697047,1.4697046,1.472000121793826e-07
1.4796411807579737,1.2019147,1.2019147,-3.1916808973520006e-08
1.2272778545658265,0.98961616,0.98961616,-4.375610318518852e-09
0.9905721070060386,0.76902825,0.76902825,-3.5972594902844435e-09
0.7598530806880351,0.5889845,0.5889845,-1.0559082053163138e-08
0.537193102195511,0.37241155,0.37241155,-9.086608687702835e-10
0.3414733692910169,0.23327115,0.23327115,1.7810821428820844e-09
0.211147053027554,0.14015844,0.14015844,4.643020634631512e-09
1.598684830065766,1.3114771,1.3114771,-3.491363531615832e-08
1.5800338908125144,1.1221408,1.1221408,-3.480987542658909e-08
1.4508588670955482,0.92486864,0.92486864,3.2838439745219716e-09
1.252145773570162,0.7480073,0.7480073,-2.4841309009815404e-09
1.027873985512542,0.5646376,0.5646376,1.3755798722314694e-09
0.7920892719899517,0.4119572,0.4119572,4.341888404368888e-09
0.5675872254230323,0.28611577,0.28611577,-4.4284057532095744e-09
0.3235132055656635,0.20838973,0.20838973,-7.386016798172079e-10
0.1510495821004094,0.10749012,0.10749013,-7.681732180908618e-09
1.161654179415496,1.088428,1.088428,2.0477294970788762e-08
1.01705183557547,0.97728544,0.97728544,4.736480763156692e-09
0.8676140630401565,0.8363615,0.8363615,2.7442932148957766e-08
0.7276168893861185,0.7163104,0.7163104,-1.8110656752057253e-08
0.5873894572227811,0.62570953,0.62570953,3.6914062917503543e-09
0.4400240112711621,0.4998951,0.49989504,5.582519529978569e-08
0.3276578587330527,0.31184912,0.31184912,-2.7209472452938144e-09
0.1623322490560802,0.21246544,0.21246542,1.5266494762800065e-08
0.0271705040973297,0.07169743,0.07169743,-1.177482611414149e-09
1.4563850713187338,1.3124768,1.3124768,-4.581146240134615e-08
1.4303658597679012,1.1069034,1.1069034,3.379974367057059e-08
1.3336572858621516,0.9223822,0.9223823,-1.240776061894877e-07
1.208166398293976,0.7800427,0.7800427,7.920074485134876e-09
1.0043876175640027,0.65049374,0.6504938,-5.8964538585115633e-08
0.802450904908425,0.5052066,0.5052066,-1.5069580028281848e-08
0.6065009134946318,0.2939863,0.2939863,-9.306716897139466e-09
0.3737095605929336,0.20835584,0.20835584,4.020843519247919e-09
0.1586481129072897,0.10805446,0.108054474,-1.4904998776876788e-08
-0.5933761784645656,-0.67778975,-0.67778987,1.2228500367861272e-07
-0.523607850146846,-0.64902544,-0.64902544,-2.1606449962519036e-10
-0.4570631409593181,-0.6239134,-0.6239134,-7.325744677544321e-09
-0.3928210168647842,-0.58528554,-0.58528566,1.1560455326353747e-07
-0.3311117363725438,-0.5481701,-0.5481701,1.0278320305978639e-08
-0.2717050409732974,-0.49754876,-0.49754876,1.0163879182734092e-09
-0.2143706721577457,-0.38245678,-0.38245678,5.200195274390751e-10
-0.1593388884351879,-0.27307528,-0.27307534,5.7426300048568635e-08
-0.1061491727870255,-0.17208625,-0.17208625,-3.762245182059587e-09
-0.6297570229338716,-0.70780265,-0.70780265,-3.3126831278096347e-09
-0.5576861095231579,-0.6735322,-0.67353207,-1.1793869014731229e-07
-0.4876875226961389,-0.6461774,-0.6461774,-1.1079406725400531e-08
-0.4197612624528145,-0.6174218,-0.6174218,-5.858612039943978e-09
-0.3539073287931848,-0.57661545,-0.57661545,-2.766418427668782e-09
-0.2903559802265492,-0.5225348,-0.5225348,1.2345123256984891e-08
-0.2284164412250093,-0.43728507,-0.43728495,-1.1565093993581854e-07
-0.1685492288071641,-0.30333704,-0.30333692,-1.1756332396473113e-07
-0.1107543429730136,-0.18576573,-0.18576573,1.6455459495023916e-09
-0.4275900517689943,-0.4669568,-0.46695668,-1.1426193236019344e-07
-0.3918999828275866,-0.46015894,-0.46015906,1.1587005616098267e-07
-0.3543678458117837,-0.45236158,-0.45236158,-3.7097168115174384e-09
-0.3161449332680825,-0.420918,-0.420918,1.2176513686235069e-08
-0.2758496941406867,-0.37767667,-0.37767667,4.217071525314253e-09
-0.2344031624667938,-0.3025682,-0.30256832,1.227496337907752e-07
-0.1922658552650028,-0.20990486,-0.20990486,-4.430427552604144e-09
-0.1494377725353135,-0.16562821,-0.16562824,3.028987885511647e-08
-0.1059189142777261,-0.119932726,-0.119932726,-2.558135647756643e-11
-0.8471210557125095,-0.7979972,-0.7979973,1.2335281374120655e-07
-0.8282398579499584,-0.7769924,-0.7769925,1.1938095090258116e-07
-0.8012996123619279,-0.74019116,-0.74019116,-1.632537882656493e-09
-0.750642740316059,-0.6894123,-0.6894123,4.181671120484509e-09
-0.6783415683960459,-0.6686111,-0.6686111,-9.256744371022307e-09
-0.5894617838064757,-0.6304792,-0.63047934,1.2342437749612856e-07
-0.4851546790938454,-0.5611264,-0.5611264,-1.0961151097887978e-08
-0.363117669165161,-0.4435556,-0.4435556,6.509399408383132e-09
-0.2235810125297218,-0.25896782,-0.25896782,3.1703186187392873e-09
-0.3327235459376396,-0.4594351,-0.45943522,1.1467620847360749e-07
-0.2938098578660402,-0.43310905,-0.43310905,4.971313471990868e-09
-0.2555869453223391,-0.3922534,-0.3922534,1.104736302437459e-09
-0.2201271348902308,-0.3507163,-0.3507163,7.141876201544051e-09
-0.1844370659488231,-0.32365686,-0.32365686,2.986297598095433e-09
-0.1487469970074153,-0.30136478,-0.30136478,5.276489245531479e-10
-0.1181226152705945,-0.26312667,-0.2631268,1.2868576049207547e-07
-0.0835838388756838,-0.19753055,-0.19753052,-3.2744865430256453e-08
-0.0435188582575874,-0.10760878,-0.10760881,2.9735145568032806e-08
0.3387102671794241,0.339189,0.339189,-7.022857684280126e-09
0.3037109737659146,0.32088095,0.32088095,-5.027770977328316e-10
0.2636459931478183,0.2872702,0.2872702,-1.166839597166458e-08
0.221969202964626,0.26374125,0.26374125,4.806518572042506e-09
0.1805226712907331,0.25403324,0.25403324,-2.3043060237704083e-09
0.1379248470703433,0.22979642,0.22979642,4.508094786359607e-09
0.0990111589987439,0.15288112,0.15288109,2.567497253691542e-08
0.0580251443434499,0.08517504,0.08517504,-2.6159667904090966e-09
0.0149668031044612,0.017747179,0.017747149,2.9673744201402785e-08
0.3783147307789217,0.38749218,0.38749218,-1.293945506297689e-10
0.3361774235771307,0.371598,0.371598,5.294799820809715e-09
0.2949611504125373,0.3374724,0.3374724,9.00993346597545e-09
0.2486791900433569,0.29562455,0.29562455,4.157257094128397e-09
0.2028577466927754,0.27170065,0.27170065,4.5356751687819497e-10
0.153121908684104,0.23390113,0.23390113,-1.8271255619595195e-09
0.1082214993707201,0.16326338,0.1632634,-1.947250366507447e-08
0.0610185049643422,0.08802703,0.088027015,1.5229568481323064e-08
0.0161180956509583,0.018202156,0.018202156,-1.715240484367886e-10
-0.5632123137463436,-0.65809435,-0.65809435,3.4767151380066252e-09
-0.5123251831911753,-0.644869,-0.644869,-2.9521942113142075e-08
-0.4591354675430127,-0.6306396,-0.6306396,-1.2674713167903917e-08
-0.404103683820455,-0.60717607,-0.6071762,1.3455505376569477e-07
-0.3474600905328015,-0.58662665,-0.58662665,1.0971069608345374e-09
-0.2898954632079504,-0.53059703,-0.53059715,1.1888351436617484e-07
-0.2314098018459016,-0.47371954,-0.47371954,2.741851801157935e-09
-0.172463623465254,-0.34188992,-0.34188992,2.1495056290454784e-09
-0.113287186575307,-0.2026201,-0.2026201,-3.9552688624322485e-09
0.841134334470725,0.7255884,0.72558844,-5.870956421016871e-08
0.7605438562159333,0.56817883,0.5681788,3.253097535793614e-08
0.6398883973430453,0.46837485,0.46837485,-1.6342163178251212e-09
0.5095620810795823,0.42434135,0.42434135,7.938384949390809e-10
0.3769331797231253,0.38617432,0.38617432,1.17462156667969e-09
0.2592710814711296,0.3875708,0.38757074,5.839706418431234e-08
0.1570363033421939,0.33936343,0.3393634,2.5970077532910807e-08
0.071149879373516,0.19831322,0.19831322,1.3354110595109603e-09
-0.0050656872045869,0.06117989,0.06117989,1.2286758416246712e-09
0.1112148599916124,0.12954406,0.12954408,-1.5597419744661778e-08
0.3094674364983997,0.1465098,0.1465098,-3.619003291488454e-09
0.299336062089226,0.1484391,0.1484391,-5.575752248798693e-09
0.2224297199832248,0.1467342,0.1467342,-7.03258515311056e-09
0.1365432960145469,0.16305181,0.1630518,1.3840866092129644e-08
0.0451306678226832,0.16952455,0.16952455,4.3792725001878807e-10
-0.0308546402461202,0.18999648,0.18999648,9.41772465568036e-10
-0.0944059888127558,0.14432046,0.14432046,-1.8262481804587338e-09
-0.1379248470703433,-0.0046437234,-0.0046437234,3.135528555547884e-11
-0.4759443387218692,-0.46735257,-0.46735257,8.967590559016969e-10
-0.5084107885330853,-0.5213122,-0.5213123,1.2281875605424375e-07
-0.5429495649279961,-0.56862044,-0.56862044,-3.344116206172032e-09
-0.5786396338694038,-0.61170864,-0.61170876,1.1894775386878109e-07
-0.6164020293945061,-0.6546763,-0.6546763,-1.8168640147919746e-08
-0.6562367515033031,-0.6895306,-0.6895306,-1.1038208014291229e-08
-0.6953806980842019,-0.71709883,-0.7170987,-1.3213043215110076e-07
-0.737057488267394,-0.7605232,-0.7605232,-3.5095260031425823e-11
-0.7831091901272751,-0.82179934,-0.82179934,2.1360778701406957e-09
-1.0736954288631235,-1.0836937,-1.0836937,-4.275207521331481e-08
-1.0575773332121652,-1.0693734,-1.0693733,-6.921691886319081e-08
-1.04030794501471,-1.0706025,-1.0706025,-3.620147714933353e-08
-1.019124162159165,-1.0624942,-1.062494,-1.5874481196220813e-07
-0.9960983112292242,-1.0557029,-1.0557029,-2.4728393555051298e-08
-0.9698488411690922,-1.0114081,-1.0114082,1.0940856931540566e-07
-0.940145493469469,-0.96853644,-0.96853644,3.4422302785941383e-09
-0.9083698191861512,-0.9528076,-0.9528076,-5.2665710681409905e-09
-0.8742915598098392,-0.939552,-0.939552,-9.105682319265895e-09
-0.1273329556425707,-0.112932816,-0.112932846,2.98521957431408e-08
-0.1991736105439849,-0.19871412,-0.19871409,-3.2176170339237586e-08
-0.2730865920290938,-0.27997547,-0.27997547,-3.880767818209563e-09
-0.3488416415885979,-0.34874082,-0.34874082,3.883666999104918e-09
-0.4271295347503955,-0.40885645,-0.40885645,-1.5113830742485845e-09
-0.5088713055516841,-0.49297446,-0.49297446,-1.2496947920936918e-10
-0.5924551444273679,-0.57675225,-0.57675225,4.57382198781886e-09
-0.6760389833030519,-0.6574006,-0.6574007,9.193725580836087e-08
-0.7623859242903286,-0.7380173,-0.7380173,-2.0632934583098006e-08
0.0391439465808987,0.008825451,0.008825451,1.3563537619443178e-10
-0.110984601482313,-0.18124272,-0.18124272,7.073593100148656e-10
-0.2293374752622069,-0.341915,-0.3419149,-1.1140594480263388e-07
-0.3423944033282146,-0.42903537,-0.42903537,4.4184875758190856e-09
-0.4699576174800848,-0.46748918,-0.46748918,-2.949066157942326e-09
-0.5710411030625234,-0.5318786,-0.5318787,1.0941619876803088e-07
-0.6348227101384585,-0.5944907,-0.5944906,-1.0692062379913381e-07
-0.7133408618095555,-0.66857046,-0.6685706,1.411109924465137e-07
-0.7985365102503351,-0.7675646,-0.7675646,5.2543640549629345e-09
1.1351744508460646,0.902148,0.902148,8.34655766723813e-09
0.9696185826597926,0.5076525,0.5076525,2.113342290055442e-08
0.7939313400643471,0.10469508,0.10469505,3.171081543185128e-08
0.6071916890225298,-0.12783141,-0.12783138,-3.434192658025026e-08
0.4087088540064431,-0.2920844,-0.29208452,1.241145324848425e-07
0.1947986988672962,-0.4384603,-0.43846017,-1.2043197633593294e-07
-0.0354598104321083,-0.61182284,-0.6118229,5.644836420515276e-08
-0.2832179664382676,-0.7090193,-0.7090192,-1.0332183841832432e-07
-0.556074299958062,-0.78160805,-0.7816079,-1.4510116574939502e-07
0.2302585092994046,0.23103999,0.23103999,-3.985633850733805e-09
0.0978598664522469,0.14046411,0.1404641,1.2162590018460762e-08
-0.0241771434764374,0.057833478,0.057833508,-3.014527130001943e-08
-0.153121908684104,-0.059152856,-0.059152856,-4.691543611934357e-10
-0.2772312451964831,-0.19230397,-0.19230394,-3.045612334551251e-08
-0.4022616157460598,-0.33710515,-0.33710515,-4.991149882282997e-09
-0.5275222448049359,-0.47270346,-0.47270346,3.121337910361177e-09
-0.6518618398266144,-0.597131,-0.597131,-1.3870239290447728e-08
-0.7725172986995025,-0.74460393,-0.74460393,-1.9038390863812538e-09
0.2344031624667938,0.23998332,0.23998332,2.362060547156375e-10
0.1899632701720087,0.14342204,0.14342204,-2.636947632472797e-09
0.1310170917913612,0.06959148,0.06959146,1.7513313299577504e-08
0.0554923007411565,-0.019605935,-0.019605964,2.9380096435577263e-08
-0.0386834295622999,-0.12084155,-0.12084158,3.2153205875573576e-08
-0.1540429427213016,-0.22733934,-0.22733934,-2.236518859000114e-09
-0.2965729599776331,-0.38790745,-0.38790745,4.569244371754877e-09
-0.4773258897776657,-0.59330636,-0.59330636,-2.6289367349718873e-09
-0.7158737054118489,-0.79387516,-0.79387504,-1.1783309938895314e-07
0.4725005094443228,0.53693724,0.53693724,-3.2141113104344754e-09
0.2538667239570503,0.36285967,0.3628596,6.634750365774877e-08
0.0563803334361076,0.20481305,0.20481305,-1.7564773524547661e-09
-0.1142891464021276,0.07989846,0.07989846,1.6994857743313219e-09
-0.2691874898156165,-0.061001673,-0.061001673,-3.4079742500248145e-10
-0.4049652330665133,-0.21861528,-0.21861525,-2.860164641238505e-08
-0.5361434317502807,-0.3692521,-0.36925215,6.431427002073775e-08
-0.6520052372287701,-0.52522534,-0.52522534,-1.320037856800127e-09
-0.7550225842780328,-0.66805995,-0.66806006,1.148934936079371e-07
0.1954894743951945,0.25510296,0.25510296,2.255477915547033e-09
0.0801299612361927,0.1783337,0.1783337,-2.967834589195917e-10
-0.0416767901831922,0.07196961,0.07196963,-1.6567115790344644e-08
-0.1678584532792659,-0.04663028,-0.04663025,-2.8229713441851878e-08
-0.3060135588589087,-0.18110122,-0.18110122,2.134056098501702e-09
-0.4430173718920544,-0.33517122,-0.33517122,-2.686767586190797e-09
-0.5784093753601043,-0.48865563,-0.48865563,3.226165778968948e-09
-0.7200183585792381,-0.6335654,-0.6335654,-2.5872802789095317e-08
-0.8611668247797731,-0.79935867,-0.7993588,1.3405685428402592e-07
0.958335915704122,1.0145328,1.0145328,4.489135729812688e-09
0.6467961526220275,0.7058644,0.7058644,2.9473877005692373e-08
0.3693346489162449,0.42987397,0.429874,-2.686882016877945e-08
0.1146687376311034,0.18148094,0.18148093,1.4156646716001475e-08
-0.11213589402881,-0.042022213,-0.042022213,-3.3980560032453866e-10
-0.3315722533911426,-0.25237507,-0.25237507,3.7196349889079272e-09
-0.5054174279121931,-0.44169986,-0.44169986,-2.4801635745141937e-09
-0.6493289962243208,-0.5983409,-0.5983409,-2.8554534958757927e-08
-0.7930103060271494,-0.7339022,-0.7339022,-1.5957641652519783e-08
-0.2291072167529075,-0.23444884,-0.23444878,-5.525371551962088e-08
-0.2869021025870581,-0.3060102,-0.3060103,1.1332778931949505e-07
-0.3479206075514003,-0.36973947,-0.36973947,-2.866058335104782e-09
-0.4243664326388026,-0.42399412,-0.42399412,-3.9356994885331176e-09
-0.5005819992169056,-0.47397113,-0.47397113,1.5362549010689008e-09
-0.5816329944902959,-0.5507399,-0.55073977,-1.1437652591705927e-07
-0.6656773503845788,-0.635972,-0.6359721,7.698974613390419e-08
-0.7547873934834483,-0.7553915,-0.7553916,1.2146148686831282e-07
-0.849653899314803,-0.8573616,-0.85736173,1.1529586796399371e-07
3.1561533869669387,3.1417615,3.1417615,4.1366577274715155e-08
2.8499095695987307,2.8018372,2.8018372,5.886840792612702e-09
2.515343955586696,2.4608881,2.460888,1.473541257901445e-07
2.1522262864215347,2.053836,2.0538363,-1.927459716277724e-07
1.760786820612547,1.6168486,1.6168487,-1.1201019289863723e-07
1.3410255581597323,1.1394209,1.139421,-1.3303375245854454e-07
0.892942499063091,0.68518925,0.68518925,-2.8686523156906674e-09
0.4165376433226229,0.25943395,0.25943395,4.954147314606416e-09
-0.0884192675709713,-0.21547662,-0.21547662,2.78293610378455e-09
-0.043288599748288,-0.07790138,-0.07790141,3.172603607604074e-08
-0.1340104524122534,-0.22116904,-0.22116904,3.929519765133449e-10
-0.2240415295483206,-0.32561463,-0.32561463,-1.17599485705e-09
-0.314763382212286,-0.40003222,-0.40003222,-2.270965582251705e-09
-0.4043339423297544,-0.48732626,-0.48732626,-4.381408680309562e-09
-0.4948255364844204,-0.5487954,-0.5487955,9.794998168111135e-08
-0.5841658380925894,-0.60895264,-0.60895276,1.185128783998124e-07
-0.6741969152286567,-0.69135165,-0.6913518,1.4785461421862323e-07
-0.7642279923647237,-0.7680646,-0.7680644,-2.1811065675780839e-07
1.3548410687176966,1.34099,1.34099,-5.2680969142571143e-08
1.116523511592813,1.0853906,1.0853906,-3.2220458967557875e-08
0.8749823353377375,0.7728166,0.7728166,-1.5846252088280721e-09
0.6274544378408775,0.5456184,0.5456184,1.487884526696348e-08
0.3790055063068199,0.32667527,0.32667524,2.6027450583665512e-08
0.1261816630960737,0.0903406,0.090340614,-1.4582313537236935e-08
-0.1273329556425707,-0.1701629,-0.17016296,5.8717689516152305e-08
-0.3843014520207062,-0.38094282,-0.38094282,-1.5026855315625198e-09
-0.6444935675290334,-0.6149126,-0.61491275,1.2087249756653762e-07
-0.9438296296182592,-0.910803,-0.9108029,-1.2000045779281265e-07
-0.9581056571948224,-0.9514399,-0.95144004,1.229124451107566e-07
-0.9622503103622118,-0.9574413,-0.95744115,-1.203514099490377e-07
-0.9615595348343136,-0.9431687,-0.9431688,1.0025863650398037e-07
-0.9627108273808108,-0.92114216,-0.92114216,-8.924865291248807e-10
-0.9468229902391516,-0.9262392,-0.9262392,7.514190714097424e-09
-0.925408948874307,-0.92407995,-0.92407984,-1.1462417603969044e-07
-0.8993897373234744,-0.91261965,-0.91261965,-3.6392211466562685e-10
-0.8630088928541685,-0.8650231,-0.8650232,1.2346572875188144e-07
1.2351066438820062,1.2259322,1.2259322,4.0486145103102444e-08
0.9083698191861512,0.922312,0.922312,2.1255493143357285e-08
0.6108758251713203,0.6513809,0.6513809,-3.4317017005847106e-09
0.3352563895399331,0.39496726,0.39496726,-2.0234680042641173e-09
0.0778273761431987,0.139536,0.139536,-6.662368767784699e-09
-0.151970616137607,-0.1125478,-0.11254777,-2.99448776192035e-08
-0.3539073287931848,-0.3463711,-0.3463711,-1.4253997815405484e-08
-0.5620610211998466,-0.5325231,-0.5325231,4.392242458628459e-09
-0.7388995563417894,-0.698558,-0.69855785,-1.2290801998382506e-07
0.3497626756257956,0.29907376,0.29907376,-4.258880637042495e-09
0.2261138561320153,0.18358725,0.18358727,-1.6906280514428218e-08
0.0930244377569594,0.08362426,0.083624244,1.463742828333725e-08
-0.0405254976366952,-0.04138793,-0.04138796,2.9487571717723426e-08
-0.1851278414767213,-0.16726269,-0.16726266,-2.827915190906083e-08
-0.3382497501608253,-0.30957508,-0.30957508,-8.715820287719112e-10
-0.4943650194658217,-0.45104718,-0.4510473,1.1791687010154206e-07
-0.657848561068399,-0.62378836,-0.6237885,1.4321899410862926e-07
-0.8323845111173476,-0.7795623,-0.7795622,-9.448318483151752e-08
0.15081932359111,0.152336,0.15233602,-1.8603820789442338e-08
0.0801299612361927,0.04466465,0.044664666,-1.4844528196944484e-08
0.0016118095650958,-0.06526138,-0.06526138,1.1156845031168316e-09
-0.0865771994965761,-0.14943285,-0.14943285,-2.8642654359423148e-09
-0.1869699095511165,-0.22583084,-0.22583084,1.915779118677463e-09
-0.302789939728717,-0.30740875,-0.30740887,1.1994277954174848e-07
-0.4388727187246651,-0.45866132,-0.45866144,1.2217468259301256e-07
-0.6025865188365418,-0.6245007,-0.6245008,1.0810928341431492e-07
-0.8068258165851137,-0.8020807,-0.8020807,9.139251688772276e-09
0.3191382938889747,0.32919985,0.32919985,5.592346030702799e-10
0.2017064541462784,0.23690158,0.23690158,1.287384032711003e-09
0.0764458250874023,0.1390321,0.1390321,-4.3292999185595704e-09
-0.0554923007411565,0.032473892,0.032473862,2.9973495484225676e-08
-0.1897330116627094,-0.080936745,-0.080936775,3.0190849306666045e-08
-0.3228224300377652,-0.19361366,-0.19361372,5.668422697890918e-08
-0.4605170185988092,-0.34898424,-0.34898436,1.1851440429033744e-07
-0.5963695390854579,-0.55000055,-0.55000055,1.6372680988752109e-09
-0.7393600733603881,-0.7560541,-0.7560541,-3.37448124998474e-09
1.7888783587470742,1.8874114,1.8874114,-4.402770992228966e-08
1.3718801984058526,1.4870987,1.4870987,-6.1523437455690555e-09
1.0313278631520333,1.1285535,1.1285535,9.712219251056808e-09
0.6541644249196085,0.83189905,0.83189905,-3.1021117896656847e-09
0.3315722533911426,0.5190777,0.51907766,5.825790405644682e-08
0.0474332529156773,0.23279919,0.23279919,-2.6974105726829123e-09
-0.2021669711648772,-0.06944044,-0.06944044,6.565475524356046e-10
-0.4856151961124443,-0.35520107,-0.35520107,4.459686286928388e-09
-0.7147224128653519,-0.63061494,-0.63061494,3.6482238341406514e-09
-0.5035753598377979,-0.483846,-0.4838459,-1.0877761841276978e-07
-0.5441008574744931,-0.50906104,-0.50906104,1.505889857256193e-09
-0.5837053210739906,-0.53769976,-0.53769976,9.934997269311907e-10
-0.6228492676548895,-0.5707371,-0.5707371,-2.3489379885610617e-08
-0.66130243870789,-0.6066842,-0.6066842,-7.916259758822264e-09
-0.6990648342329923,-0.64960676,-0.6496069,1.3568344114922581e-07
-0.7375180052859929,-0.692498,-0.692498,-2.8278350883148562e-08
-0.7748198837924964,-0.73466724,-0.73466736,1.1842666625128118e-07
-0.812121762299,-0.7804046,-0.78040475,1.226768493456376e-07
0.4315044464270842,0.41699398,0.41699398,-4.360656724600176e-09
0.3389405256887235,0.31265613,0.31265613,4.366989159176882e-09
0.2309492848273028,0.18159652,0.18159652,-2.4371338003259524e-09
0.1026952951475344,0.026412934,0.026412994,-5.993513488636304e-08
-0.0359203274507071,-0.1475453,-0.14754526,-3.297351836017981e-08
-0.1858186170046195,-0.3232602,-0.3232602,1.1897277829575614e-08
-0.3467693150049033,-0.4827878,-0.4827878,1.2085723866128717e-08
-0.5173908703957621,-0.63761866,-0.63761866,-9.268188438937841e-10
-0.6990648342329923,-0.78379387,-0.78379375,-1.1663436894071566e-07
-0.6251518527478835,-0.6285646,-0.6285646,3.8238525679190616e-09
-0.6062706549853323,-0.6313549,-0.6313549,-2.8016662545482518e-08
-0.6030470358551406,-0.6540343,-0.6540343,-1.653976444693228e-08
-0.6177835804503025,-0.67710286,-0.67710286,-3.788604763244052e-09
-0.6412699483988419,-0.70966035,-0.7096605,1.487236023223204e-07
-0.6822559630541358,-0.74204594,-0.742046,6.103134153612189e-08
-0.7345246446651007,-0.7818691,-0.781869,-1.1344528194623393e-07
-0.7930103060271494,-0.8098741,-0.8098741,-1.7374420124838252e-08
-0.853107776954294,-0.83799523,-0.83799523,-1.151580830693888e-09
-0.6689009695147703,-0.63944477,-0.63944465,-1.1842880254242516e-07
-0.6718943301356626,-0.64731336,-0.64731336,3.6004638159781166e-09
-0.674427173737956,-0.66833997,-0.66833997,2.272338872622015e-09
-0.6764995003216507,-0.65915483,-0.65915495,1.1763687135513123e-07
-0.6758087247937524,-0.6416105,-0.6416105,-3.1967163360846484e-09
-0.6725851056635609,-0.63395107,-0.63395107,2.075500438181166e-09
-0.6705127790798662,-0.62800413,-0.62800413,-3.701324469140843e-09
-0.6656773503845788,-0.6340425,-0.6340424,-1.0144958495494905e-07
-0.658999853614896,-0.65063256,-0.65063256,-2.531432841124115e-10
-0.5853171306390864,-0.6660343,-0.6660343,1.874618527075711e-08
-0.5952182465389609,-0.67195225,-0.67195237,1.223803710592719e-07
-0.6012049677807454,-0.68872637,-0.68872637,4.433746370047231e-09
-0.612948151755015,-0.69824845,-0.6982483,-1.459877013720856e-07
-0.6210071995804942,-0.69126874,-0.69126874,-2.084503125665549e-09
-0.6309083154803686,-0.68211037,-0.6821103,-6.920547490629758e-08
-0.6352832271570572,-0.68010205,-0.68010205,-3.044128282780889e-10
-0.6458751185848299,-0.66800636,-0.66800636,-5.308532502468211e-10
-0.6474869281499257,-0.6613648,-0.6613648,6.222534154609605e-09
-1.1294179881135795,-1.0338755,-1.0338755,3.460693354107036e-08
-1.1038592935813456,-1.0135204,-1.0135202,-1.5999298086377678e-07
-1.0780703405398122,-0.9960577,-0.9960578,1.1081008910451828e-07
-1.052281387498279,-0.97812825,-0.97812814,-1.1441360470154649e-07
-1.0262621759474462,-0.9702702,-0.9702701,-1.1646499631368101e-07
-1.0007034814152125,-0.9722875,-0.9722875,2.3937225313019894e-08
-0.9756053039015772,-0.9741972,-0.9741971,-1.0888137813580556e-07
-0.9516584189344393,-0.97194153,-0.97194153,-7.04498237524831e-10
-0.9286325680044988,-0.9659174,-0.9659173,-1.0846633913264014e-07
-0.9659344465110022,-1.0014685,-1.0014685,-3.923797597948919e-08
-0.9599477252692176,-0.9936997,-0.9936997,-2.944259647197356e-08
-0.9535004870088344,-0.9819184,-0.9819185,1.0543441775201501e-07
-0.9470532487484512,-0.9741866,-0.9741866,7.453918593469666e-10
-0.9410665275066664,-0.96782845,-0.96782845,-2.5871277342659482e-09
-0.9346192892462832,-0.9690178,-0.9690177,-1.0366897584823676e-07
-0.9281720509859,-0.9697527,-0.9697527,-2.8939056373467054e-08
-0.9214945542162172,-0.9677382,-0.9677382,-1.1154937751278737e-08
-0.914586798937235,-0.9614096,-0.9614096,-2.839126589382346e-08
-1.1690224517130772,-1.1218386,-1.1218386,3.0358886737857915e-08
-1.138858586994855,-1.0935228,-1.0935228,1.2905883695069065e-08
-1.1093854978045314,-1.0670903,-1.0670903,2.7096557664307852e-08
-1.080142667123507,-1.0353888,-1.0353887,-1.273239136345694e-07
-1.051130094951782,-1.0130461,-1.0130463,1.5456085211695836e-07
-1.022117522780057,-1.000428,-1.000428,3.865051279028364e-08
-0.9933352091176314,-0.9952367,-0.9952366,-9.481277463141424e-08
-0.9647831539645052,-0.9890601,-0.9890601,-3.893280031697088e-09
-0.9362310988113792,-0.97673064,-0.97673076,1.1529708865420929e-07
-0.7501822232974601,-0.7680965,-0.76809645,-5.659561153059656e-08
-0.7902472039155566,-0.82975835,-0.82975835,3.919219948578245e-09
-0.8199505516151798,-0.88713115,-0.8871313,1.4546279902827308e-07
-0.8464302801846112,-0.91601676,-0.91601676,2.5117492530313257e-09
-0.8703771651517493,-0.9505368,-0.9505368,1.2490081746641124e-08
-0.8924819820444921,-0.9560303,-0.9560304,9.079971308167956e-08
-0.9138960234093368,-0.96202916,-0.96202916,9.309387705158656e-10
-0.935079806264882,-0.9758715,-0.9758714,-1.0335311884102083e-07
-0.956033330611128,-0.98435646,-0.9843566,1.3704452517249166e-07
-0.7174855149769447,-0.71279234,-0.7127922,-1.3694076539394473e-07
-0.7453467946021727,-0.72700214,-0.727002,-1.4385986324416677e-07
-0.7785040199412869,-0.75457054,-0.7545704,-1.4376602175403264e-07
-0.8171874495035869,-0.78151065,-0.78151065,-1.1116028098001607e-09
-0.8487328652776053,-0.81473047,-0.81473047,4.5878600918314305e-09
-0.883271641672516,-0.8491939,-0.84919375,-1.2102127078250646e-07
-0.9136657649000374,-0.88397676,-0.88397664,-1.1752639772488749e-07
-0.9325469626625886,-0.912559,-0.9125591,1.2716445918492525e-07
-0.933928513718385,-0.9334131,-0.9334131,1.167831420456622e-08
-1.1363257433925615,-1.0418861,-1.041886,-9.123229971486069e-08
-1.1179050626486091,-1.0253392,-1.0253392,-4.5796203718140305e-08
-1.0997146404139564,-1.011816,-1.0118159,-1.2478027344720033e-07
-1.0815242181793034,-0.9970849,-0.9970849,-1.5637969918991246e-08
-1.0633337959446505,-0.98135465,-0.9813548,1.4616470334072318e-07
-1.044913115200698,-0.97378737,-0.9737876,2.3265609738754023e-07
-1.0264924344567457,-0.9743219,-0.9743219,-1.7982483280221118e-09
-1.0076112366941945,-0.9704496,-0.9704496,-2.6445770240357547e-08
-0.9887300389316434,-0.97557837,-0.9755786,2.3228988643708703e-07
-0.9776776304852718,-1.0020317,-1.0020317,1.6078186115819904e-08
-0.9806709911061642,-0.9978499,-0.99785,1.1835098268075939e-07
-0.9832038347084576,-0.9815201,-0.9815201,-1.632919310878833e-08
-0.9859669368200504,-0.9689593,-0.96895915,-1.2190780640519705e-07
-0.9871182293665476,-0.9591835,-0.9591835,-1.4118194613388368e-08
-0.988039263403745,-0.9535065,-0.95350665,1.2066879273575637e-07
-0.9875787463851464,-0.9538469,-0.95384663,-2.4185287472722194e-07
-0.984585385764254,-0.96630186,-0.96630186,1.5748595760811668e-09
-0.9792894400503678,-0.9793382,-0.97933847,2.412974547949531e-07
-1.180305118668748,-1.1314709,-1.1314708,-1.1865539550903748e-07
-1.1600423698504003,-1.1082973,-1.1082972,-1.4802246095513283e-07
-1.1383980699762564,-1.0839657,-1.0839655,-1.5914154061213992e-07
-1.116062994574214,-1.0584996,-1.0584996,2.533874510213252e-08
-1.092806885134974,-1.0323179,-1.032318,1.2318420417045672e-07
-1.0686297416585366,-1.0115349,-1.0115349,-2.927551268072648e-08
-1.043761822654201,-0.9943462,-0.9943463,9.858016969399586e-08
-1.0184333866312665,-0.9891445,-0.9891444,-1.0407028194769907e-07
-0.9933352091176314,-0.98779505,-0.98779505,-4.9125671308658525e-09
-1.1280364370577831,-1.048528,-1.0485281,1.439910888301199e-07
-1.101786966997651,-1.0317751,-1.0317752,8.307952881203562e-08
-1.0757677554468184,-1.0167496,-1.0167496,-2.0437622039182202e-08
-1.0502090609145844,-1.0020953,-1.0020951,-2.416824340656376e-07
-1.0246503663823503,-0.9984787,-0.9984786,-1.1065139771115895e-07
-0.9988614133408172,-0.99519926,-0.99519926,-3.095855682921922e-09
-0.9723816847713856,-0.9926633,-0.9926633,-2.38792419171574e-08
-0.9456716976926548,-0.9877482,-0.9877481,-1.0566177366388985e-07
-0.918040676576726,-0.979562,-0.97956187,-1.1453903203673121e-07
-0.969158065641194,-1.0009241,-1.0009241,-1.041259767298186e-08
-0.9638621199273076,-0.98836046,-0.9883606,1.3542709353941973e-07
-0.9571846231576248,-0.9681662,-0.9681662,2.7495574927982602e-08
-0.9495860923507444,-0.95135087,-0.951351,1.322517394486411e-07
-0.9406060104880676,-0.9343682,-0.9343683,1.0685043339009326e-07
-0.9309351530974928,-0.92465574,-0.924656,2.645072937346171e-07
-0.9208037786883188,-0.9283826,-0.9283827,1.244880676321003e-07
-0.9104421457698456,-0.9429204,-0.9429205,1.1320877080223113e-07
-0.9000805128513726,-0.95633477,-0.95633477,2.74200440131267e-10
-1.175239431464161,-1.1184309,-1.1184311,2.471099853629255e-07
-1.1487597028947296,-1.0864996,-1.0864996,2.8199768076220266e-08
-1.1211286817788009,-1.0435383,-1.0435383,-3.198547360305781e-08
-1.0923463681163754,-1.015003,-1.015003,3.407287607615217e-08
-1.061952244888854,-0.9937932,-0.9937932,1.0474395795156966e-08
-1.0306370876241349,-0.9749101,-0.9749102,1.195671081033467e-07
-0.9974798622850206,-0.97492033,-0.97492045,1.1756820683661573e-07
-0.9631713443994094,-0.9779919,-0.9779919,2.1013641382516823e-08
-0.9270207584394028,-0.973491,-0.9734908,-2.130500793562362e-07
-1.1754696899734602,-1.1177973,-1.1177971,-1.5551605225816445e-07
-1.1492202199133283,-1.0886427,-1.0886426,-1.1640777586308104e-07
-1.120437906250903,-1.0375432,-1.0375432,2.239532470582617e-08
-1.0888924904768842,-0.9719021,-0.9719021,2.7570343008598286e-08
-1.0538931970633747,-0.93025535,-0.93025535,-3.450775110103166e-09
-1.0149795089917757,-0.9088536,-0.9088536,9.51156620132565e-09
-0.9712303922248886,-0.8881119,-0.88811177,-1.1936233523801576e-07
-0.9221853297441156,-0.8678302,-0.86783034,1.2311538699627533e-07
-0.8671535460215577,-0.83519584,-0.83519596,1.205949401450468e-07
-0.1347012279401516,0.1412656,0.14126557,3.091972350377503e-08
-0.0771366006153005,0.15645373,0.15645373,-1.3241577279110572e-09
-0.0209535243462458,0.17748217,0.17748219,-1.7153205883468914e-08
0.0824325463291868,0.20298001,0.20298,1.17015838685397e-08
0.1802924127814338,0.22428472,0.22428472,3.4010696481345803e-09
0.2362452305411891,0.24357605,0.24357603,1.980468750106823e-08
0.2788430547615789,0.261566,0.261566,1.309776304081467e-08
0.3260460491679569,0.27363977,0.27363977,-1.6379547163047903e-09
0.3790055063068199,0.27745852,0.27745852,-1.2564849716234505e-09
-1.1312600561879749,-1.0389689,-1.0389689,-2.070770266371369e-08
-1.002775807998907,-0.8223358,-0.8223358,2.033309931537275e-08
-0.8510354503705994,-0.60480297,-0.60480297,3.882141164091024e-09
-0.6702825205705668,-0.38321012,-0.38321,-1.2258529663577988e-07
-0.4635103792197014,-0.11997928,-0.11997928,2.746849053769651e-09
-0.2150614476856439,0.13042574,0.13042575,-1.3691902167600745e-08
0.0690775527898213,0.4016698,0.4016698,2.815246369358704e-10
0.4011103231995628,0.6262464,0.62624645,-5.727310181669054e-08
0.8017601293805268,0.9242451,0.9242451,1.909484859119459e-08
-0.2539751357572432,-0.2512511,-0.2512511,-1.4938354442328716e-09
-0.2274954071878117,-0.22291957,-0.22291957,1.580543529389189e-09
-0.2030880052020748,-0.18780874,-0.1878087,-3.7158775334500405e-08
-0.1789108617256374,-0.15178277,-0.15178274,-2.598453521795996e-08
-0.1563455278142957,-0.1269721,-0.1269721,5.8218002363386034e-09
-0.1351617449587505,-0.10618074,-0.10618071,-3.2383003237268504e-08
-0.1137477035939058,-0.098196134,-0.098196164,3.002878570801393e-08
-0.0911823696825642,-0.07651006,-0.07651009,3.314670563026034e-08
-0.0697683283177195,-0.05096872,-0.05096872,-1.5089797952838602e-09
0.8252464973290661,0.86296535,0.8629652,1.4538269044184204e-07
0.6514013228080155,0.6387229,0.63872296,-6.342407221637814e-08
0.5079502715144865,0.41754925,0.41754925,2.5100708178626974e-09
0.3859132615858021,0.2671458,0.2671458,1.2511444102969449e-08
0.2746984015941897,0.10987514,0.10987514,2.5743103065911654e-09
0.1855883584953201,0.044626832,0.044626847,-1.4991638180861244e-08
0.0895705601174683,0.0090215355,0.0090215355,1.5785216883612563e-11
-0.001151292546497,-0.03848003,-0.03848006,3.148990631446358e-08
-0.0743734985037076,-0.07509561,-0.07509561,1.1695480278683945e-09
0.7633069583275263,0.7136818,0.7136818,1.7054748502332018e-08
0.5606794701440502,0.5773173,0.57731736,-6.254135132000016e-08
0.3796962818347181,0.4042955,0.4042955,4.093170191676876e-09
0.2270348901692129,0.2655888,0.2655888,-9.821701063561505e-09
0.1091425334079177,0.13672584,0.13672583,1.2952728278836645e-08
0.0126642180114672,0.03084664,0.03084664,4.676437362349795e-10
-0.0630908315480368,-0.009610549,-0.009610549,3.84544372039608e-10
-0.1204252003635886,-0.04965405,-0.04965405,-1.6614913958545863e-09
-0.1586481129072897,-0.07811494,-0.07811494,-1.716194159007145e-09
1.1823774452524425,1.0105104,1.0105104,4.464111325042097e-08
1.0674784491120397,0.7382169,0.7382169,-2.3016357375560403e-08
0.9479742827856488,0.4714991,0.47149915,-6.457366941159393e-08
0.8238649462732697,0.21476145,0.21476144,1.0886726381498235e-08
0.6939991470284055,0.09157163,0.09157163,-9.526062022535697e-10
0.5579163680324573,0.050822496,0.05082248,1.6414184567103973e-08
0.4158468677947247,0.028404072,0.028404102,-3.007292938284056e-08
0.2661788367501116,0.012275323,0.012275264,5.9271751404535444e-08
0.1096030504265166,-0.015078202,-0.015078202,1.1000824036433432e-10
0.8356081302475392,0.7850081,0.78500795,1.2285308836901265e-07
0.7877143603132631,0.71248806,0.71248806,-4.770812966903293e-09
0.7223209436722321,0.6380072,0.6380072,2.3606109622598126e-08
0.6472566696406263,0.57291794,0.57291794,-1.7675780838999344e-09
0.552620422318571,0.48935264,0.48935264,3.489837641090787e-09
0.4533790048105276,0.38809043,0.38809043,1.6902160782095166e-09
0.3320327704097414,0.3042022,0.3042022,-1.0177612086437193e-09
0.211147053027554,0.19791861,0.19791861,-1.2153243966750438e-09
0.083123321857085,0.09476538,0.09476538,2.4909976858999983e-11
-0.6170928049224044,-0.5965115,-0.5965115,1.68075561246539e-08
-0.5673569669137329,-0.5510583,-0.5510583,7.611083985281653e-09
-0.5178513874143609,-0.5058016,-0.5058016,-1.809921268414172e-08
-0.4678852908963901,-0.45737863,-0.45737875,1.241302490240237e-07
-0.4167679018319223,-0.4001994,-0.4001994,-1.3299560563950763e-08
-0.3644992202209574,-0.34701896,-0.34701896,2.8619384639938517e-09
-0.3115397630820944,-0.27673113,-0.27673113,-3.4609985433142754e-09
-0.2583500474339319,-0.21317895,-0.213179,5.243206024907465e-08
-0.2051603317857694,-0.15113376,-0.15113382,5.919010162558358e-08
0.9030738734722648,0.9537163,0.9537163,-2.1923828086301e-08
0.6831769970913335,0.8423271,0.8423271,1.7919921879716583e-08
0.4823915769822526,0.6223653,0.6223653,-4.113006601969005e-09
0.3090069194798009,0.36431867,0.36431867,-1.157684337282916e-09
0.1692400043350623,0.15547016,0.15547019,-2.7369918831343654e-08
0.0435188582575874,0.058848694,0.05884868,1.3966865539116746e-08
-0.0644723826038332,0.02729103,0.027291015,1.4691696168661617e-08
-0.1296355407355648,-0.019154608,-0.019154608,-2.4966430658968086e-10
-0.1595691469444873,-0.062287763,-0.062287763,2.388839751010785e-10
0.3757818871766283,0.41319823,0.41319823,2.650756836253265e-09
0.3382497501608253,0.40728855,0.40728852,3.133056641901888e-08
0.3007176131450224,0.4102586,0.4102586,-8.824920627592547e-09
0.2599618569990278,0.37552652,0.3755265,1.7629623427772856e-08
0.2159824817228414,0.33316267,0.33316267,-4.632873529253345e-09
0.1678584532792659,0.2718224,0.2718224,-7.0594787793254454e-09
0.1153595131590017,0.20365922,0.20365922,1.5299606304086666e-09
0.0566435932876535,0.13794754,0.13794754,4.4555282519009864e-09
-0.0089800818626767,0.06833343,0.06833343,2.0783615106712006e-09
1.431977669332997,1.4016229,1.4016228,9.142608647927375e-08
1.2648099915816295,1.2432104,1.2432104,3.491363531615832e-08
1.088662231967585,1.0680091,1.0680091,3.8107299760170577e-08
0.9030738734722648,0.9048723,0.9048723,-1.759338341678074e-09
0.7101172426793638,0.7910161,0.7910161,1.8371582033438472e-09
0.5109436321353787,0.57857627,0.57857627,-3.2344055211908085e-09
0.3140726066843878,0.40536618,0.40536618,2.3272704874344186e-09
0.1342407109215528,0.2299069,0.22990689,1.1717185971482635e-08
-0.0200324903090481,0.07927039,0.07927038,1.2656326292548314e-08
1.170173744259574,1.1524448,1.1524448,3.947753901556439e-08
0.9525794529716368,0.9230031,0.9230031,-2.249298092227292e-08
0.744425760564975,0.69936806,0.69936806,-3.6483760457173275e-10
0.5618307626905472,0.42829832,0.4282983,2.4346542337738697e-08
0.3891368807159938,0.23510915,0.23510915,4.096984973500639e-10
0.2189758423437337,0.095880195,0.095880195,4.984664903062708e-10
0.0739129814851088,0.052039474,0.05203949,-1.575111389234829e-08
-0.0359203274507071,0.006114781,0.0061148107,-2.9797137451013922e-08
-0.1215764929100856,-0.05265294,-0.05265291,-3.015407562534378e-08
1.4559245543001351,1.4215561,1.421556,1.1515045161836213e-07
1.2528365490980604,1.1508877,1.1508877,2.7737426799845366e-08
1.0601101768144587,0.8633476,0.8633476,-1.0030364983037998e-08
0.8715284576982464,0.60131127,0.60131127,-3.577728224790633e-09
0.6562367515033031,0.39774656,0.39774656,2.9577636451172395e-09
0.4957465705216181,0.23527598,0.23527598,3.810424809014279e-09
0.3255855321493581,0.16299707,0.16299707,-3.025360101327479e-09
0.1565757863235951,0.07817644,0.07817645,-1.1191558832446269e-08
0.0029933606208922,-0.02911444,-0.02911444,-8.350372476817469e-11
-0.283448224947567,-0.34792393,-0.34792393,-4.459686286928388e-09
-0.2295677337715063,-0.30922395,-0.30922395,9.078982010635173e-11
-0.1961802499230927,-0.27516514,-0.27516514,-6.288147225141927e-10
-0.1722333649559546,-0.22148941,-0.22148941,-4.572715761597124e-09
-0.153121908684104,-0.15061413,-0.15061413,2.483253491725179e-09
-0.1450628608586248,-0.11963855,-0.11963852,-2.730129242123347e-08
-0.1356222619773493,-0.11295785,-0.11295788,2.990139007230663e-08
-0.1342407109215528,-0.12530299,-0.12530299,4.689445498584632e-09
-0.1335499353936546,-0.11120589,-0.11120592,2.922527313209411e-08
0.9237971393092111,0.92232406,0.92232406,1.3937377918438187e-09
0.995407535701326,0.90187705,0.90187705,-4.368591266512567e-09
0.9894208144595416,0.8484436,0.8484436,2.735748294568907e-08
0.9095211117326482,0.80412126,0.80412126,-4.125366159790644e-09
0.7803460880156821,0.6386426,0.63864255,5.9119415252162355e-08
0.5926854029366675,0.44756678,0.44756678,-2.5322723362641852e-09
0.3868342956229997,0.27392143,0.27392143,1.1093137519679885e-10
0.1611809565095832,0.055406615,0.05540663,-1.4861946104338664e-08
-0.0538804911760606,-0.111635104,-0.11163513,2.6178245543517775e-08
-0.7103475011886632,-0.68077433,-0.68077433,-1.0928344895688724e-09
-0.6203164240525959,-0.6241699,-0.6241699,1.388778692046344e-08
-0.5567650754859602,-0.58016163,-0.58016163,-1.1073303385344957e-09
-0.4952860535030193,-0.5682447,-0.5682447,4.336547898553533e-09
-0.4386424602153657,-0.5339816,-0.53398174,1.1873458860556241e-07
-0.3849922275486044,-0.48394686,-0.48394686,1.6342160957805163e-10
-0.3375589746329271,-0.43867666,-0.43867677,1.147074890073263e-07
-0.3126910556285914,-0.3482569,-0.348257,1.1399459837191372e-07
-0.2970334769962319,-0.28867418,-0.28867418,4.260711672365858e-09
-0.5468639595860859,-0.51008385,-0.51008385,-4.1984558052377e-09
-0.6104153081527216,-0.5081804,-0.5081805,1.201324463240283e-07
-0.6788020854146447,-0.4987669,-0.4987669,8.911132942657218e-10
-0.7460375701300709,-0.48407423,-0.48407412,-1.1496246338227323e-07
-0.8125822793175987,-0.4928369,-0.49283677,-1.226048279012737e-07
-0.8756731108656357,-0.5034729,-0.50347304,1.1576751712816247e-07
-0.9323167041532892,-0.53661394,-0.53661406,1.188073730507e-07
-0.9815920251433616,-0.5172596,-0.5172596,2.2216797290752766e-09
-1.0216570057614582,-0.4121092,-0.4121092,3.8139343350174215e-09
-1.0020850324710089,-0.93068904,-0.93068916,1.2315383912664402e-07
-1.0071507196755958,-0.85868746,-0.85868746,-4.225159111470589e-10
-1.0126769238987814,-0.789301,-0.789301,2.181625369246376e-08
-1.0188939036498654,-0.72357935,-0.72357935,2.8663634799031e-09
-1.024420107873051,-0.6553589,-0.655359,8.943939211469853e-08
-1.030176570605536,-0.5855342,-0.5855342,-1.4973449702360142e-08
-1.0357027748287218,-0.5340626,-0.5340626,-2.3977661078866674e-08
-1.0421500130891053,-0.46772784,-0.46772784,5.3253179643775184e-11
-1.049978802405285,-0.33799833,-0.33799833,-5.931091173749792e-10
1.143924274199442,1.0378505,1.0378505,-8.468628021063296e-10
0.9599477252692176,0.85676104,0.85676104,-1.6966247295968628e-09
0.7531755839183524,0.6831665,0.68316656,-5.609374997828098e-08
0.521305265053852,0.5485138,0.5485139,-7.02919006334568e-08
0.2783825377429801,0.39695954,0.39695957,-2.677185056976228e-08
0.0198022317997487,0.21967077,0.21967079,-1.7447509770285308e-08
-0.2486791900433569,0.035301507,0.035301477,2.9519317629178587e-08
-0.5141672512655704,-0.18712391,-0.18712394,3.0407371509610925e-08
-0.7831091901272751,-0.33756506,-0.33756518,1.1556976320381551e-07
-0.7798855709970833,-0.77490467,-0.7749048,1.3166885370896608e-07
-0.7966944421759399,-0.78745085,-0.78745085,-9.918177390488836e-12
-0.8098191772060059,-0.7959716,-0.7959716,2.7600860597054577e-08
-0.8151151229198922,-0.80661696,-0.80661696,-1.956024120453037e-09
-0.812121762299,-0.8295904,-0.8295905,1.1980819702994694e-07
-0.8107402112432036,-0.8441569,-0.84415704,1.1909011843336259e-07
-0.8012996123619279,-0.8456475,-0.8456475,-1.3866424564135116e-08
-0.7913984964620536,-0.839335,-0.83933514,1.1564315793854973e-07
-0.7791947954691851,-0.8191387,-0.8191387,-5.7304382350409355e-09
-0.5938366954831645,-0.61698574,-0.61698574,1.7225646464780198e-09
-0.6233097846734882,-0.6442327,-0.6442327,9.665679923109849e-09
-0.6488684792057221,-0.6879212,-0.6879212,-2.602462767509195e-08
-0.6691312280240698,-0.71013606,-0.7101362,1.4405364989755753e-07
-0.6923873374633096,-0.70491284,-0.70491284,-1.320037856800127e-09
-0.7108080182072619,-0.70064276,-0.70064276,-4.56832882633762e-09
-0.737057488267394,-0.7252588,-0.7252587,-1.2720947262234716e-07
-0.7527150668997536,-0.749131,-0.749131,-2.3883819588732536e-08
-0.7589320466508376,-0.7987787,-0.7987786,-1.1274948119588402e-07
0.1114451185009118,0.046322405,0.04632242,-1.4661712649521874e-08
0.1049978802405285,-0.0013246834,-0.0013246834,-2.7810668915342895e-11
0.0994716760173427,-0.058381632,-0.05838166,2.8029594423273352e-08
0.0815115122919892,-0.14963771,-0.14963777,5.597164154380607e-08
0.0396044635994975,-0.27338684,-0.27338672,-1.1605194089048254e-07
-0.0343085178856112,-0.41338962,-0.41338962,-3.165130602056365e-09
-0.1482864799888165,-0.51498026,-0.51498026,3.4425353678813053e-09
-0.3161449332680825,-0.6080605,-0.6080605,2.0835876468616732e-08
-0.5341997415746187,-0.7444719,-0.7444718,-1.076156616042212e-07
0.3214408789819688,0.32603586,0.32603586,-2.7993774520673753e-09
0.2058511073136676,0.24544682,0.2454468,1.6086769111245403e-08
0.0792089271989951,0.14641838,0.1464184,-2.2242927555371494e-08
-0.0400649806180963,0.059357494,0.05935751,-1.5884170534441466e-08
-0.173614916011751,-0.08039744,-0.08039744,-1.98322296085518e-09
-0.3156844162494837,-0.23634811,-0.23634811,2.542839050434509e-09
-0.4566026239407193,-0.38572657,-0.38572657,-1.083068856821967e-09
-0.6085732400783262,-0.5488922,-0.5488922,6.866507362701668e-12
-0.7676818700042148,-0.72124875,-0.7212486,-1.4591827390830758e-07
-0.4628196036918032,-0.47614372,-0.47614372,2.234191887051651e-09
-0.5084107885330853,-0.51369315,-0.51369303,-1.2385818481952526e-07
-0.5546927489022657,-0.5449212,-0.5449212,-1.934890747623541e-08
-0.6021260018179431,-0.5819659,-0.5819659,-2.330932613592296e-08
-0.6500197717522191,-0.6231676,-0.6231676,2.5594329877698385e-08
-0.6988345757236929,-0.6682074,-0.6682074,-6.99768065715034e-09
-0.7488006722416637,-0.72866875,-0.72866863,-1.193324279391561e-07
-0.7994575442875328,-0.79770535,-0.79770535,-2.306365987081449e-09
-0.8517262258984976,-0.8649488,-0.8649489,9.085311891698922e-08
0.2783825377429801,0.31998885,0.31998885,-3.2211303624407606e-09
0.1625625075653796,0.22115171,0.22115171,-4.434204115000284e-10
0.0430583412389886,0.094177336,0.09417732,1.5500717168159817e-08
-0.0812812537826898,-0.022029355,-0.022029385,2.9831657408219137e-08
-0.2113773115368534,-0.17676751,-0.17676751,-3.1559372060119273e-09
-0.3465390564956039,-0.33014917,-0.33014917,-3.7365722738158524e-09
-0.4874572641868395,-0.45643944,-0.45643932,-1.1548202516475925e-07
-0.6304477984617698,-0.620738,-0.620738,-2.947998045677025e-08
-0.7743593667738976,-0.77685195,-0.77685183,-1.2207595823099382e-07
0.3488416415885979,0.23662563,0.23662564,-1.3316764829740535e-08
0.2256533391134165,0.07956456,0.07956456,-3.520545965862709e-09
0.102465036638235,-0.09305902,-0.09305902,1.7457199158465997e-09
-0.0255586945322339,-0.20715006,-0.20715,-5.695819854656392e-08
-0.1623322490560802,-0.32729465,-0.3272946,-4.769363404211191e-08
-0.3009478716543218,-0.45423174,-0.45423174,9.558105418250307e-10
-0.4471620250594437,-0.5543526,-0.5543526,1.849899289307899e-08
-0.5954485050482603,-0.671453,-0.671453,8.850097321655426e-10
-0.7418929169626816,-0.79442936,-0.79442936,-1.8202209739470732e-09
-0.5505480957348764,-0.5869126,-0.5869126,2.7616119391282723e-08
-0.5903828178436734,-0.6100705,-0.6100705,-2.659988407316405e-08
-0.631138573989668,-0.6437873,-0.6437872,-1.2442855834571276e-07
-0.6702825205705668,-0.6775438,-0.6775438,-1.895065304680088e-08
-0.7085054331142678,-0.7037873,-0.7037873,-2.6812744136073263e-08
-0.7446560190742745,-0.7373727,-0.7373727,3.600311271334533e-09
-0.7778132444133887,-0.76578003,-0.76578015,1.1831893920177805e-07
-0.810970469752503,-0.7979757,-0.7979757,-1.8975067184179295e-08
-0.8415948514893238,-0.83303505,-0.83303505,-1.8226623543782239e-09
-0.3939723094112812,-0.44931537,-0.44931537,8.708190835093887e-10
-0.4464712495315455,-0.4874642,-0.4874642,1.0470581068844353e-08
-0.5003517407076061,-0.5166628,-0.5166628,2.3529815651457398e-08
-0.5558440414487626,-0.5752704,-0.5752704,-1.4352417032625908e-08
-0.6131784102643144,-0.6411698,-0.6411699,1.135467528889933e-07
-0.669822003551968,-0.6830128,-0.6830129,1.1647262576630624e-07
-0.7255445628024239,-0.732373,-0.7323729,-9.91912841863396e-08
-0.7805763465249816,-0.79063326,-0.79063314,-1.2120376591262527e-07
-0.8250162388197667,-0.83043855,-0.83043844,-1.1428695678716849e-07
0.1142082206125046,0.022835553,0.022835553,-3.0758667141084217e-10
0.1123661525381094,-0.03912209,-0.03912209,2.563858014781317e-10
0.1119056355195106,-0.11584802,-0.11584799,-2.9719123842419926e-08
0.0992414175080433,-0.23691408,-0.23691408,-3.3616256722712734e-09
0.0630908315480368,-0.3847474,-0.3847475,1.1402130128956856e-07
-0.0057564627324851,-0.48937094,-0.48937094,-2.115783714895514e-09
-0.1167410642147981,-0.57218146,-0.57218146,-3.241577117840677e-09
-0.2836784834568664,-0.65676403,-0.65676403,-4.565429145841904e-10
-0.52591043523984,-0.7584433,-0.7584433,4.0443420834535004e-09
0.3290394097888491,0.28909698,0.289097,-1.871299742939314e-08
0.1991736105439849,0.14636345,0.14636345,2.076911920223523e-09
0.0697683283177195,0.0005891323,0.0005891025,2.9808959960890384e-08
-0.0727616889386118,-0.119760826,-0.1197608,-2.6230049132713873e-08
-0.2086142094252605,-0.23655303,-0.23655303,1.7741012547922708e-09
-0.3469995735142027,-0.36550885,-0.36550885,-4.3891906775783696e-09
-0.4987399311425103,-0.48366904,-0.48366916,1.1741271971343892e-07
-0.6541644249196085,-0.62121856,-0.62121856,-2.126159692750207e-09
-0.8135033133547964,-0.759729,-0.7597289,-1.277481078698628e-07
0.2806851228359742,0.3250118,0.32501182,-3.020126343455942e-08
0.1535824257027028,0.19770809,0.19770809,-4.820671084537764e-09
0.0260192115508327,0.038929984,0.03892997,1.3973503111552876e-08
-0.1008532270731392,-0.11810513,-0.11810513,1.5925216700907185e-09
-0.2272651486785123,-0.23451097,-0.23451103,5.690410614933583e-08
-0.3555191383582807,-0.3511665,-0.35116667,1.8325988770939716e-07
-0.4849244205845461,-0.48063987,-0.48063987,-4.9351501218986016e-09
-0.6205466825618954,-0.60262334,-0.6026236,2.5653228763466984e-07
-0.7630766998182268,-0.7596115,-0.7596115,1.2611389155203767e-08
0.0262494700601321,0.01748009,0.01748006,3.026050567761507e-08
-0.0651631581317315,-0.045602962,-0.045603022,5.962531280517824e-08
-0.1554244937770981,-0.13932492,-0.13932492,1.6106796174586435e-09
-0.2461463464410635,-0.25598192,-0.25598204,1.1785034181865939e-07
-0.3354866480492325,-0.35826182,-0.35826182,-3.654174796086096e-09
-0.424596691148102,-0.44763392,-0.44763404,1.1789993287214529e-07
-0.5116344076632771,-0.5111556,-0.5111556,-5.316162066115737e-09
-0.5984418656691526,-0.5804353,-0.5804353,2.3968505846738708e-08
-0.684098031128531,-0.64854175,-0.64854175,1.47628786972831e-09
-0.3228224300377652,-0.32335222,-0.32335222,2.325744652420525e-09
-0.352295519228089,-0.33569962,-0.33569962,2.137298560356271e-09
-0.3843014520207062,-0.34032422,-0.34032422,-3.041534413217306e-09
-0.4204520379807128,-0.3525157,-0.3525157,2.5207519405157086e-09
-0.4630498622011026,-0.37712258,-0.37712258,-1.0050964505126103e-09
-0.5097923395888818,-0.4145493,-0.41454917,-1.211338805928719e-07
-0.5629820552370443,-0.48512405,-0.48512405,-1.5708923606361225e-09
-0.6244610772199852,-0.570526,-0.57052606,5.6162414496796487e-08
-0.6933083715005072,-0.65301925,-0.65301925,5.60760549106476e-10
2.802246058173754,2.3771122,2.377112,1.501922608504458e-07
2.6380717410432784,2.2936182,2.2936182,2.209472604874918e-09
2.4814959547196835,2.2024693,2.202469,3.489074709150941e-07
2.33574231833316,2.1104152,2.1104152,2.0260620292589238e-08
2.201731865920906,2.0076036,2.0076036,4.5324707098615136e-08
2.087523645308402,1.9219042,1.9219042,6.275939989919266e-09
1.974006200223796,1.8383806,1.8383806,-2.4819946320420172e-08
1.8390747137743444,1.7581484,1.7581484,3.177795404596395e-08
1.7029919347783964,1.6776667,1.6776667,-3.5876464909989636e-08
-0.4206822964900122,-0.38165587,-0.38165587,-1.8681335367531915e-09
-0.2963427014683337,-0.18365262,-0.18365265,2.5512123108528684e-08
-0.1485167384981159,0.052677065,0.052677065,1.3404845983222557e-10
0.0257889530415333,0.28381878,0.28381878,1.3758850170297876e-09
0.2337123869388956,0.59742635,0.59742635,4.885101323459651e-09
0.4757140802125699,0.8566231,0.8566231,1.3155365019557053e-08
0.7812671220528797,1.1125948,1.1125947,1.4291076655403856e-07
1.072083619298028,1.3810143,1.3810143,4.707641609869029e-08
1.4713518744231953,1.6405252,1.6405252,2.1824646090351507e-08
-0.4296623783526889,-0.3940611,-0.3940611,1.1437988278739653e-08
-0.3368681991050289,-0.2617262,-0.2617262,-5.805969038874537e-10
-0.2357847135225903,-0.13491769,-0.13491766,-3.134998322051885e-08
-0.1215764929100856,-0.035797104,-0.035797104,-2.394638029534768e-10
0.0168088711788565,0.10995304,0.10995303,8.394451148086013e-09
0.1581875958886909,0.20234053,0.20234053,-1.6310501005367684e-09
0.2951914089218367,0.30974525,0.30974522,3.2132415783703294e-08
0.4271295347503955,0.46467528,0.46467525,2.747154237425775e-08
0.5549230074115651,0.5656674,0.5656674,-9.17663578459127e-09
-0.47179968555448,-0.49166805,-0.49166805,4.479217552422199e-09
-0.4892993322612347,-0.5387059,-0.5387059,1.4589691121891235e-08
-0.5081805300237859,-0.5917277,-0.59172773,5.599258423583109e-08
-0.5307458639351276,-0.6404161,-0.6404162,1.1427993773516221e-07
-0.5549230074115651,-0.67869604,-0.67869604,3.66119379258123e-09
-0.5802514434344995,-0.6909664,-0.6909664,-2.7326202411970257e-08
-0.6085732400783262,-0.7058008,-0.7058008,2.8286743170014006e-08
-0.6389673633058478,-0.72218734,-0.72218734,-2.595520465220602e-10
-0.6760389833030519,-0.7362979,-0.7362978,-1.0544509887466802e-07
0.521765563804325,0.55262774,0.55262774,2.2904967922343644e-09
0.341459778132252,0.42255962,0.42255962,-1.050109887934525e-09
0.1814878760453772,0.27097496,0.270975,-3.609657289738166e-08
0.04783732941416,0.14561644,0.14561644,1.965103135770363e-09
-0.0768810443359576,-0.0077852607,-0.0077853054,4.4722662353828546e-08
-0.1972321695297089,-0.14198427,-0.14198427,9.770584064039411e-10
-0.3133418192323586,-0.251536,-0.251536,-1.1695861834581933e-08
-0.4064656084417478,-0.33861464,-0.33861464,-2.620086647642239e-09
-0.49593701127224,-0.4447438,-0.4447438,-1.2084197975603672e-08
-0.4724904610823782,-0.45671457,-0.4567147,1.2947769162385825e-07
-0.4904506248077317,-0.4739434,-0.4739433,-1.1230392454875116e-07
-0.5091015640609835,-0.49215567,-0.49215567,-1.1196899518672865e-09
-0.5282130203328341,-0.50874716,-0.50874716,-4.3472292432511495e-10
-0.5473244766046848,-0.5252344,-0.5252345,9.877395634738662e-08
-0.5666661913858347,-0.54292434,-0.54292434,-4.539642328715843e-09
-0.5862381646762841,-0.5632958,-0.5632959,1.1838760372029355e-07
-0.6065009134946318,-0.5837242,-0.5837242,-7.255553935436865e-10
-0.6274544378408775,-0.60327446,-0.6032746,1.3539276122465083e-07
0.8750519838575576,0.8420411,0.8420411,-2.4770355211423123e-08
0.712949807856125,0.62470907,0.624709,6.972885135958506e-08
0.5458065926612362,0.41655976,0.41655976,-4.197845460129912e-09
0.3681093215643955,0.20411876,0.20411876,-1.5599823099954335e-09
0.1873090983049936,0.015015066,0.0150150955,-2.9829986572874057e-08
0.0207825391825284,-0.13048165,-0.13048165,4.535102848812755e-09
-0.1301086853470204,-0.23531999,-0.23531999,3.0605697698415923e-09
-0.2770718933397654,-0.330346,-0.330346,1.1726379367527073e-08
-0.4416105547445176,-0.44350493,-0.44350505,1.2045745850786105e-07
1.5148707326807829,1.4623646,1.4623644,1.544052123936268e-07
1.2595140458677432,1.2423773,1.2423773,-1.8811035173982305e-08
1.0087625292406914,1.039166,1.039166,-2.6336669955995262e-08
0.7628464413089273,0.83371574,0.83371574,-3.1340027240034374e-09
0.522456557600349,0.61382014,0.6138201,3.559341432701757e-08
0.2859810685498605,0.38296682,0.38296682,-3.5746764992516944e-09
0.0481240284435755,0.067939326,0.06793931,1.6167106625664118e-08
-0.1922658552650028,-0.23437063,-0.23437063,-3.95977020617444e-09
-0.4349583240665753,-0.46192563,-0.46192563,4.198913550190753e-09
0.4077878199692455,0.39832726,0.39832726,1.209487898723438e-09
0.3145331237029867,0.3078586,0.3078586,-1.3688659650235024e-08
0.2169035157600391,0.21508637,0.21508637,7.065582285914473e-10
0.1190436493077921,0.10306445,0.10306444,7.64137268738363e-09
-0.0066774967696827,-0.00537166,-0.00537169,3.000587463393434e-08
-0.124109336512379,-0.12305723,-0.12305726,2.8692970277521823e-08
-0.2454555709131653,-0.23247154,-0.23247154,-5.702590899492321e-10
-0.3958143774856765,-0.3799783,-0.3799783,8.590698152843856e-10
-0.52982482989793,-0.5269349,-0.526935,7.825851444653864e-08
-1.229350181149521,-1.2268273,-1.2268271,-1.638320923369463e-07
-1.1994165749405985,-1.1871877,-1.1871877,2.833862300377632e-08
-1.1602726283596998,-1.1459167,-1.1459166,-1.0036315911676752e-07
-1.1146814435184176,-1.1040633,-1.1040634,1.2752380373903804e-07
-1.0633337959446505,-1.0328822,-1.0328823,8.64074707340734e-08
-1.0041573590547035,-0.9380055,-0.9380055,-6.992340040312683e-09
-0.9454414391833552,-0.85676986,-0.85676986,2.091979922624887e-10
-0.8828111246539172,-0.7949353,-0.7949354,1.1395492549581832e-07
-0.8093586601874071,-0.72983605,-0.72983617,1.233042907777815e-07
-0.475253563193971,-0.47158796,-0.47158808,1.2404830934675815e-07
-0.5074897544958877,-0.5289053,-0.5289054,1.2751617428641282e-07
-0.540646979835002,-0.58602303,-0.58602303,-2.6652526852188885e-09
-0.5735739466648168,-0.6168113,-0.6168113,2.4517822216907348e-08
-0.6065009134946318,-0.6478136,-0.6478136,-1.818313599688537e-08
-0.6401186558523448,-0.6782121,-0.6782121,-6.2278747714472615e-09
-0.6739666567193573,-0.7087466,-0.7087466,-1.2071990962425616e-08
-0.7085054331142678,-0.72724473,-0.72724485,1.1523590093265312e-07
-0.7439652435463763,-0.7386721,-0.7386721,2.2344207817326378e-08
-0.1287145066983671,0.010784194,0.010784164,2.98734054559463e-08
0.0274007626066291,0.39336282,0.39336282,1.484680156593754e-10
0.1577270788700921,0.5626141,0.5626141,-1.670989990820715e-08
0.2643367686757165,0.6365232,0.6365232,-1.2839508012341128e-08
0.3488416415885979,0.65180874,0.65180874,-1.2915039038219334e-09
0.4135442827017306,0.6450162,0.6450162,-6.610107461391124e-09
0.4605170185988092,0.61394054,0.61394054,-3.024139383356328e-09
0.4916019173542288,0.5788106,0.5788105,7.262420653741941e-08
0.5086410470423848,0.53757566,0.53757566,2.1360778701406957e-09
-0.7009069023073876,-0.7039087,-0.70390856,-1.2186950681947195e-07
-0.722781460690831,-0.72546816,-0.72546816,1.278076200428302e-09
-0.7471888626765679,-0.7606622,-0.7606621,-9.806671141809886e-08
-0.7798855709970833,-0.7867078,-0.78670794,1.2149185180110322e-07
-0.7847209996923709,-0.78724045,-0.78724045,4.38613889652828e-09
-0.7985365102503351,-0.81145865,-0.81145865,2.748870797653069e-09
-0.8093586601874071,-0.8626483,-0.8626483,-8.277130092437801e-09
-0.8194900345965809,-0.86556476,-0.8655649,1.3645400998019142e-07
-0.8263977898755631,-0.85418826,-0.8541884,1.365837096756195e-07
-0.595909022066859,-0.6184907,-0.6184907,4.046630808218765e-09
-0.6230795261641888,-0.6273669,-0.627367,9.955596924626775e-08
-0.6502500302615185,-0.63866985,-0.63866997,1.21557922394544e-07
-0.6762692418123514,-0.66699606,-0.6669962,1.3819808963866365e-07
-0.702288453363184,-0.712315,-0.712315,-2.2945404021257332e-08
-0.7285379234233161,-0.7680126,-0.7680127,1.1674423217034047e-07
-0.75409661795555,-0.8117309,-0.8117309,-2.1268463101797863e-08
-0.7798855709970833,-0.817617,-0.817617,8.506775284189416e-10
-0.8063652995665149,-0.83576375,-0.83576375,-2.4604797088656483e-09
-0.645414601566231,-0.6554182,-0.6554182,-1.718215947299484e-08
-0.6664832551671267,-0.67953265,-0.67953265,2.8671264251656225e-09
-0.6883578135505699,-0.69978106,-0.6997811,3.978118900960226e-08
-0.711959310753759,-0.7232289,-0.7232289,2.817764277462942e-08
-0.732106930317457,-0.75205654,-0.7520564,-1.3905868534447308e-07
-0.7512183865893075,-0.786966,-0.786966,-2.5829315131176145e-08
-0.7706752306251071,-0.79762644,-0.79762655,1.1424331669562804e-07
-0.7912833672074039,-0.8086603,-0.8086603,-2.838821411277337e-08
-0.8170723202489372,-0.8292814,-0.8292814,1.0286712592844083e-08
-0.6631445067822852,-0.7133695,-0.7133696,1.1128387455983102e-07
-0.6868611332401239,-0.73691344,-0.73691344,-2.611694305265644e-09
-0.7091962086421661,-0.7561473,-0.7561473,-2.5038909945429566e-08
-0.7292286989512143,-0.76306015,-0.76306003,-1.225306701657658e-07
-0.7485704137323643,-0.7772724,-0.7772724,-3.2402038829815183e-09
-0.7683726455321132,-0.818041,-0.818041,-2.6592254620538824e-08
-0.7847209996923709,-0.8506672,-0.85066706,-1.1863082882701548e-07
-0.8006088368340298,-0.8478057,-0.8478057,2.1155548091122967e-08
-0.8151151229198922,-0.8502888,-0.8502889,9.165420533641111e-08
-0.5811724774716972,-0.6913495,-0.6913495,-6.378173877941151e-09
-0.6166322879038054,-0.7222184,-0.7222183,-9.427948000073627e-08
-0.6350529686477578,-0.7511318,-0.7511318,2.7005004898938978e-08
-0.6679799354775727,-0.77025455,-0.7702547,1.4763565059361383e-07
-0.6866308747308245,-0.7776802,-0.7776802,-1.8219757036419537e-08
-0.7292286989512143,-0.81058747,-0.81058747,4.236907935606382e-09
-0.7476493796951666,-0.84160787,-0.84160787,1.328582799331457e-09
-0.7851815167109697,-0.856916,-0.8569161,8.962020869862641e-08
-0.8144243473919941,-0.8574582,-0.85745806,-1.1422866819099653e-07
0.0748340155223065,-0.4761209,-0.476121,1.1081314088556837e-07
0.2309492848273028,-0.30233955,-0.30233967,1.1616699219230142e-07
0.4658129643126955,0.13930768,0.1393077,-2.2254180914726973e-08
0.854259069500791,0.6265643,0.6265643,2.390213016401077e-08
1.2882963595301686,0.8752338,0.8752338,2.902145390670796e-08
2.025123589288264,1.0680128,1.0680128,3.359527589452682e-08
2.857508100405611,1.1820519,1.1820519,-2.951049848931575e-09
3.122996161627825,1.2640265,1.2640264,1.2263641346876852e-07
2.0953524346245818,1.3041983,1.3041983,-3.492431632778903e-08
0.821792619689575,0.688284,0.688284,-2.0107269294022956e-08
0.4722602025730788,0.40506387,0.40506387,-2.4310302659813487e-09
0.3352563895399331,0.22436199,0.22436199,-4.078140269925257e-09
0.1584178543979903,0.1903769,0.1903769,-7.31410979004643e-09
0.0186509392532517,0.07415353,0.07415353,-2.382545466472763e-09
-0.0960177983778517,-0.03795372,-0.03795375,3.050327301162836e-08
-0.191805338246404,-0.14541392,-0.14541392,-2.8331756385391316e-10
-0.2691721973710039,-0.23262788,-0.23262794,5.6446495061424073e-08
-0.3216711374912682,-0.29352248,-0.29352248,2.850036595614114e-09
-0.1176620982519957,-0.09225519,-0.09225519,-1.4839171558200803e-11
-0.161641473528182,-0.121604696,-0.121604696,8.382415594976322e-11
-0.202627488183476,-0.12292446,-0.12292449,2.8039207455865522e-08
-0.2417714347643748,-0.14496149,-0.14496152,2.8772850046987486e-08
-0.2767707281778843,-0.18213694,-0.18213694,2.0241165132883765e-09
-0.3085464024612022,-0.22859274,-0.2285928,6.149082185102905e-08
-0.3380194916515259,-0.27855206,-0.27855206,4.641113271475206e-09
-0.3649597372395562,-0.34033298,-0.34033298,-4.924316399090856e-09
-0.3907486902810895,-0.38964677,-0.38964665,-1.1856994630576878e-07
-0.4600565015802104,-0.4121092,-0.4121092,3.8139343350174215e-09
-0.5208447480352532,-0.5172597,-0.5172597,-1.6987609874341558e-08
-0.5586071435603556,-0.53661394,-0.53661406,1.188073730507e-07
-0.5797909264159008,-0.50347304,-0.50347304,-3.441772422618783e-09
-0.5740344636834156,-0.4928369,-0.49283677,-1.226048279012737e-07
-0.56459386480214,-0.48407423,-0.48407412,-1.1496246338227323e-07
-0.5516993882813734,-0.49876702,-0.49876702,1.6818237358329213e-09
-0.5316668979723251,-0.5081805,-0.50818056,6.092315674166571e-08
-0.5063384619493907,-0.51008373,-0.51008373,-4.98916630231605e-09
-0.9541912625367326,-0.92258984,-0.92258984,1.4952087346031817e-09
-0.902613356453666,-0.87300676,-0.87300664,-1.2107406621719718e-07
-0.8475815727311082,-0.8200198,-0.8200199,1.1841049196714692e-07
-0.7939313400643471,-0.76431334,-0.76431334,-1.870728016939438e-10
-0.7326825765907053,-0.7053093,-0.7053093,2.818756106304221e-08
-0.6702825205705668,-0.647662,-0.647662,1.6033172567375686e-08
-0.6078824645504282,-0.59031874,-0.5903186,-1.3941421506125096e-07
-0.5434100819465948,-0.5408746,-0.54087466,5.958953852580606e-08
-0.4805495089078573,-0.49342954,-0.49342954,-1.5878295900328965e-09
-1.1851405473640355,-1.1950703,-1.1950704,1.3327636727566983e-07
-1.116523511592813,-1.122022,-1.1220222,1.6726226803598365e-07
-1.0430710471263027,-1.0501789,-1.0501789,1.4540100012894186e-08
-0.9587964327227207,-0.96456844,-0.9645683,-1.3614578242560071e-07
-0.8685350970773541,-0.83579236,-0.8357925,1.3731002812544801e-07
-0.7674516114949155,-0.73038423,-0.73038423,-6.137085284407817e-10
-0.6617629557264888,-0.64431334,-0.64431334,4.581298784778198e-09
-0.5512388712627746,-0.54513013,-0.5451302,6.637115479435352e-08
-0.4432476304013538,-0.45365083,-0.45365083,-2.1762084911891577e-09
0.8636996683820666,0.7346462,0.7346461,1.0113372805875542e-07
0.6235400431827876,0.5034898,0.5034898,-7.653045641653478e-09
0.3900579147531913,0.2968948,0.2968948,-1.1257934584563145e-08
0.1570363033421939,0.14678082,0.14678083,-1.1299209595749815e-08
-0.0780576346524981,0.014891431,0.014891401,2.9735588073440122e-08
-0.2576592719060337,-0.11328979,-0.11328982,3.163463592470439e-08
-0.3382497501608253,-0.22747435,-0.22747435,3.243064872204826e-09
-0.3792357648161193,-0.33409035,-0.33409035,-2.0584106641408084e-09
-0.4043339423297544,-0.41246134,-0.41246146,1.195726013203391e-07
-1.1708645197874723,-1.0632527,-1.0632527,1.2545776417738352e-08
-1.0985633478674597,-0.9643231,-0.96432334,2.365721130104248e-07
-1.024420107873051,-0.88201755,-0.88201755,-2.8526305761999993e-09
-0.9488953168228464,-0.80482787,-0.804828,1.3106155394293495e-07
-0.8689956140959529,-0.7271616,-0.7271616,1.3715362512378704e-08
-0.784260482673772,-0.6592254,-0.6592253,-1.0426254271056479e-07
-0.6969925076492978,-0.58751404,-0.5875139,-1.428543090487011e-07
-0.6051193624388352,-0.52507013,-0.52507013,-8.250427008249517e-10
-0.5123251831911753,-0.4815179,-0.4815179,-1.0957336427086517e-08
-0.1915750797371046,-0.201551,-0.201551,-5.244255057990088e-09
-0.2104562774996558,-0.22876607,-0.22876607,1.1838149904797035e-09
-0.2337123869388956,-0.25530738,-0.25530726,-1.1638473512709524e-07
-0.2571987548874349,-0.2727623,-0.2727623,1.4160156380782496e-09
-0.2802246058173754,-0.28895646,-0.28895658,1.1666305543833744e-07
-0.3055530418403099,-0.30021083,-0.30021095,1.1645050046471539e-07
-0.3334143214655379,-0.32055962,-0.32055974,1.1914276121238743e-07
-0.3612756010907658,-0.3442943,-0.3442943,-9.616088869623951e-09
-0.3872948126415985,-0.37796497,-0.3779651,1.2655029296704257e-07
-0.4980491556146121,-0.49495983,-0.49495995,1.1876220701312334e-07
-0.5194631969794568,-0.5033306,-0.5033306,1.1659240684025463e-08
-0.5284432788421336,-0.4859578,-0.4859578,-1.3420105027250884e-09
-0.5261406937491395,-0.46381605,-0.46381605,3.2852172648922817e-09
-0.5143975097748699,-0.46124077,-0.46124077,1.5673828346329799e-09
-0.4936742439379235,-0.45463753,-0.45463753,2.5341796994204913e-09
-0.4727207195916776,-0.42689085,-0.42689085,-6.713868350161079e-11
-0.4409450453083598,-0.40199727,-0.40199727,1.8000793633454748e-09
-0.4038734253111556,-0.3785144,-0.37851453,1.2093475343366578e-07
-0.9562635891204272,-0.9747372,-0.9747371,-1.2696304318993157e-07
-0.9185011935953248,-0.95475084,-0.9547506,-2.3589553832525922e-07
-0.8715284576982464,-0.9009252,-0.9009252,-1.9058990496922945e-08
-0.8162664154663892,-0.8240954,-0.8240953,-1.2798995974172556e-07
-0.7538663594462507,-0.72976047,-0.72976047,1.993865961225083e-09
-0.6854795821843275,-0.64737016,-0.64737016,3.7399294772200165e-10
-0.6085732400783262,-0.56949365,-0.5694938,1.4860992436638298e-07
-0.5279827618235348,-0.49833375,-0.49833375,-2.155303935325037e-09
-0.4374911676688687,-0.42660278,-0.42660278,-8.189391942359237e-10
-0.6829467385820339,-0.71030223,-0.71030235,1.1630401608453411e-07
-0.655085458956806,-0.7093165,-0.7093166,1.0791931148723677e-07
-0.6279149548594763,-0.6712101,-0.6712101,-1.0187530485872287e-08
-0.6012049677807454,-0.6505157,-0.6505157,2.4455261260492023e-08
-0.5749554977206133,-0.6368679,-0.6368678,-8.082122804342617e-08
-0.5489362861697805,-0.6031504,-0.6031504,-2.7341461206198403e-08
-0.5222262990910496,-0.5652997,-0.5652996,-8.976974485985778e-08
-0.4957465705216181,-0.5235538,-0.52355367,-1.1866195681609071e-07
-0.4701878759893841,-0.49104702,-0.49104702,-4.72686767505337e-09
-0.1883514606069129,-0.16355447,-0.1635545,2.528858183969973e-08
-0.2173640327786379,-0.20978697,-0.20978703,6.355693818460573e-08
-0.2463766049503629,-0.2303933,-0.2303933,-5.420875553996396e-09
-0.2730865920290938,-0.24095728,-0.24095722,-5.503299713160992e-08
-0.3007176131450224,-0.265984,-0.265984,1.2245178204750573e-09
-0.3265065661865557,-0.27824467,-0.27824455,-1.242057800499019e-07
-0.3506837096629931,-0.29813695,-0.29813695,4.608154413610066e-10
-0.373939819102233,-0.33381742,-0.33381742,-2.389984155026781e-09
-0.3955841189763771,-0.38141322,-0.3814131,-1.2135925292477978e-07
-0.5712713615718228,-0.5869526,-0.5869526,-2.670516963121372e-08
-0.5510086127534752,-0.5659115,-0.56591135,-1.2184371944723438e-07
-0.5312063809537264,-0.57085323,-0.57085335,1.1666259769338438e-07
-0.5095620810795823,-0.56722885,-0.5672289,4.629745486983694e-08
-0.4879177812054383,-0.55080825,-0.55080837,1.190959167951533e-07
-0.4674247738777913,-0.5226428,-0.5226427,-9.127120970120473e-08
-0.4453199569850484,-0.4764192,-0.4764192,-1.0433959973799034e-08
-0.422294106055108,-0.4363814,-0.4363814,3.6849973072961006e-10
-0.3967354115228741,-0.3959198,-0.3959198,1.953124884046531e-10
-0.7144921543560525,-0.7322354,-0.7322354,2.793350217800139e-08
-0.7087356916235674,-0.7258019,-0.7258019,1.4871978759600779e-08
-0.6919268204447108,-0.68742573,-0.68742573,-2.612609906194052e-09
-0.6640655408194828,-0.6475469,-0.6475469,1.26022339230758e-08
-0.6281452133687757,-0.60007185,-0.6000717,-1.4743881227019529e-07
-0.5832448040553919,-0.55070466,-0.55070466,1.9685363339405626e-09
-0.5314366394630258,-0.49662077,-0.49662077,-4.269104014742453e-09
-0.4743325291567734,-0.44767517,-0.44767517,1.4857483021657458e-09
-0.4098601465529402,-0.39709085,-0.39709085,-2.260589604397012e-09
-0.5754160147392121,-0.5453396,-0.54533947,-1.1435058588915581e-07
-0.5754160147392121,-0.55083805,-0.55083793,-1.2322647091611572e-07
-0.5698898105160264,-0.5549406,-0.5549406,1.8678283697504128e-08
-0.561139987162649,-0.5508806,-0.55088073,1.1905715946447515e-07
-0.548015252132583,-0.53572583,-0.53572583,-1.985473674359639e-09
-0.5307458639351276,-0.51576847,-0.5157686,1.3162002565625386e-07
-0.5107133736260794,-0.49005616,-0.49005616,2.88787843638616e-09
-0.4842336450566478,-0.4728067,-0.47280657,-1.2212341310435804e-07
-0.4529184877919288,-0.45193535,-0.4519351,-2.508949280000117e-07
0.0223350754020422,0.0168266,0.0168266,-1.6365051327960067e-10
-0.0101313744091738,-0.007053539,-0.007053539,-1.569137571613699e-10
-0.044439892294785,-0.040463284,-0.040463284,3.4197235321276054e-10
-0.084274614403582,-0.08963661,-0.08963661,1.0417556817188256e-09
-0.1254908875681755,-0.1434658,-0.14346577,-3.207347870626265e-08
-0.173614916011751,-0.18513273,-0.1851327,-2.7026939380947468e-08
-0.2254230806041171,-0.23715992,-0.23715986,-6.271900176990641e-08
-0.2864415855684593,-0.28615028,-0.28615028,3.3390807896438446e-09
-0.3504534511536938,-0.34469825,-0.34469825,-2.9373170562507767e-10
0.6035075528737395,0.58281016,0.58281016,3.4979248386690642e-09
0.5337392245560199,0.5209725,0.5209725,-9.689331004203439e-09
0.4556815899035216,0.45442012,0.4544201,1.9524002081716674e-08
0.3704859414627419,0.38116318,0.38116318,-1.2557982431715686e-10
0.2783825377429801,0.3043491,0.3043491,-5.370712263808031e-09
0.1782200861977391,0.20146608,0.20146607,1.3526611331027283e-08
0.0752945325409053,0.09084372,0.09084374,-1.7775764471483768e-08
-0.0326967083205154,-0.030111864,-0.030111864,-2.0917511125984056e-10
-0.1503588065725112,-0.1742671,-0.1742671,1.692390450003245e-09
-0.6912360449168127,-0.71474814,-0.71474814,-4.149780297169059e-09
-0.658999853614896,-0.7074085,-0.70740837,-1.1779678343870614e-07
-0.6315990910082667,-0.66673106,-0.6667312,1.4044876095464787e-07
-0.6069614305132305,-0.6561827,-0.6561827,-6.356048576350304e-09
-0.5774883413229067,-0.6318045,-0.6318045,-2.5852203378029515e-08
-0.5434100819465948,-0.58781326,-0.5878134,1.4182891849845447e-07
-0.5097923395888818,-0.51756984,-0.51756984,4.562372701855111e-11
-0.4780166653055639,-0.48815757,-0.48815757,-3.620910793422638e-10
-0.4423265963641562,-0.45558488,-0.45558488,-3.6898803457141582e-09
0.3884461051880955,0.33578986,0.33578986,-7.051086381437699e-10
0.4628196036918032,0.38150978,0.38150978,8.837890419499672e-10
0.5305156054258282,0.40212768,0.40212768,3.1626892216252145e-09
0.5721923956090204,0.42668256,0.42668253,3.163597106503602e-08
0.6097245326248233,0.44655,0.44655,1.163482665766935e-08
0.6223887506362906,0.45716214,0.45716214,1.79992676319074e-09
0.615250736848009,0.45450145,0.45450145,6.179812217510516e-11
0.5940669539924639,0.45218313,0.45218313,-2.5967407113469676e-09
0.5484757691511817,0.44054437,0.44054437,-3.163452166887737e-09
1.358525204866487,1.3453438,1.3453437,1.2820129402513203e-07
1.2705664543141144,1.2259812,1.2259812,3.550415028641396e-08
1.1846800303454366,1.0994295,1.0994295,-1.1817932188407099e-08
1.1038592935813456,1.0126545,1.0126545,4.29229736198522e-08
1.0228082983079552,0.95686173,0.9568616,1.3439025881023525e-07
0.93968497645087,0.89563924,0.89563924,7.417297887002405e-10
0.8537985524821923,0.8378963,0.8378963,-1.2558746376178931e-08
0.7656095434205203,0.76862115,0.76862115,-3.3210754146750787e-09
0.6783415683960459,0.69940555,0.69940555,9.567260317311366e-10
-0.594757729520362,-0.59906703,-0.5990671,6.766281124281903e-08
-0.4883782982240371,-0.47642523,-0.47642523,-5.030822980423011e-10
-0.3704859414627419,-0.3609624,-0.3609624,9.100341813450541e-09
-0.2482186730247581,-0.19595043,-0.19595043,-3.6118698032439056e-09
-0.1148989961404028,-0.066044584,-0.066044584,8.333587986353308e-11
0.0262494700601321,0.056160256,0.056160256,2.6659393442818313e-10
0.1733846575024516,0.18549752,0.18549751,1.235412597222485e-08
0.3255855321493581,0.32548702,0.32548702,-2.3684692540548724e-09
0.4798587333799591,0.47634548,0.47634548,-5.116271850624798e-10
-0.6875519087680221,-0.63256854,-0.6325684,-1.3818893429551338e-07
-0.6815651875262375,-0.59186274,-0.5918628,6.18675232155752e-08
-0.6633747652915847,-0.57140326,-0.57140326,-4.999389680016009e-09
-0.6357437441756562,-0.54895896,-0.54895896,2.804718013393881e-09
-0.6071916890225298,-0.53373796,-0.5337381,1.4252243041301682e-07
-0.5742647221927151,-0.51837796,-0.51837796,2.7175905970011627e-10
-0.5365023266676128,-0.46897292,-0.46897292,-1.3714599456093879e-09
-0.5040358768563967,-0.4323581,-0.43235797,-1.1610916139659366e-07
-0.4667339983498931,-0.40477335,-0.40477335,-4.5303344964331416e-09
-0.6463356356034287,-0.60953087,-0.609531,1.338539123985072e-07
-0.6315990910082667,-0.59060776,-0.59060776,-2.3367309198718544e-09
-0.6090337570969252,-0.57072216,-0.57072216,-2.723541281390851e-09
-0.5919946274087692,-0.5409022,-0.5409023,1.0263900751539268e-07
-0.5694292934974275,-0.4895326,-0.4895326,1.0087585433637969e-08
-0.5434100819465948,-0.45548606,-0.45548618,1.2081115724482672e-07
-0.5167000948678638,-0.44463545,-0.44463545,-8.399963502547791e-10
-0.4883782982240371,-0.42449367,-0.4244938,1.2953643796498326e-07
-0.4586749505244139,-0.39570254,-0.39570254,-8.744812096672661e-10
-0.5620610211998466,-0.635798,-0.635798,2.255249020866046e-08
-0.5551532659208644,-0.61439705,-0.6143969,-1.4895019528893272e-07
-0.5388049117606067,-0.60724217,-0.6072423,1.3300399781535077e-07
-0.5196934554887562,-0.60780936,-0.60780936,-4.79568484923476e-09
-0.5040358768563967,-0.56116956,-0.56116956,-4.723968549669166e-09
-0.4950557949937199,-0.5157174,-0.51571727,-1.171994018500655e-07
-0.4817008014543544,-0.4578005,-0.4578005,-7.545471192305087e-09
-0.463280120710402,-0.44030643,-0.4403063,-1.2509460450838006e-07
-0.4483133176059408,-0.41174173,-0.41174173,-3.5510254181581047e-09
-0.271474782463998,-0.27645934,-0.27645934,3.7191772439548743e-09
-0.2949611504125373,-0.3202896,-0.3202896,-1.1816406242370903e-08
-0.3143028651936873,-0.34960693,-0.34960693,-1.209564226556381e-09
-0.330651219353945,-0.36788678,-0.36788678,-1.6925048584859326e-09
-0.3442364714026098,-0.3891666,-0.3891666,6.448364231470549e-09
-0.3562099138861789,-0.394347,-0.3943469,-1.1204299926736994e-07
-0.3674925808418497,-0.3946244,-0.3946244,-1.205978394924756e-08
-0.3780844722696224,-0.38238454,-0.38238442,-1.1865051269266402e-07
-0.3877553296601973,-0.3727203,-0.3727203,-1.1512756303844185e-09
-0.4731812366102764,-0.4155587,-0.41555882,1.2420684813996274e-07
-0.4943650194658217,-0.44635397,-0.44635385,-1.2195816040394547e-07
-0.5164698363585645,-0.47797698,-0.4779771,1.221748351931673e-07
-0.5355812926304151,-0.50355846,-0.50355846,3.1022644453315706e-09
-0.5528506808278705,-0.52697045,-0.52697045,3.890228250646999e-09
-0.5673569669137329,-0.53618366,-0.53618366,4.738006542659434e-09
-0.5800211849252002,-0.5369672,-0.5369671,-1.1792221066286857e-07
-0.5906130763529728,-0.53750664,-0.53750664,4.257205699076394e-11
-0.5977510901412543,-0.5410587,-0.54105884,1.2084182743343774e-07
0.6746574322472554,0.6472646,0.6472646,-1.998901044686363e-10
1.0656363810376444,1.2911552,1.2911553,-8.092193604092301e-08
1.1745486559362628,1.5312933,1.5312933,-2.7027893034770045e-08
1.1278061785484836,1.5329494,1.5329496,-1.5236816408581433e-07
0.9673159975667986,1.394158,1.394158,5.7144164955502674e-09
0.7699844550972089,1.0581039,1.058104,-8.097076409363524e-08
0.5627517967277448,0.7435931,0.74359304,5.673309322329345e-08
0.3555191383582807,0.5155453,0.5155453,8.589935318603636e-09
0.1690097458257629,0.25844082,0.2584408,2.2362899754213572e-08
-1.2371789704657008,-1.270139,-1.2701391,1.2104187008254996e-07
-1.2691849032583182,-1.3040153,-1.3040153,2.1183776954813993e-08
-1.297506699902145,-1.3374887,-1.3374885,-1.5127563468553262e-07
-1.3281310816389655,-1.3710474,-1.3710474,2.2413635170082102e-08
-1.3541502931897984,-1.4046378,-1.4046379,8.643188476042951e-08
-1.3868470015103138,-1.4309348,-1.4309347,-8.679656993137996e-08
-1.4126359545518472,-1.4561985,-1.4561985,4.609680170908348e-08
-1.443260336288668,-1.4788446,-1.4788445,-1.4263916026102663e-07
-1.478489888211477,-1.5007304,-1.5007303,-9.531707756416097e-08
-0.6921570789540101,-0.66643614,-0.66643614,4.231109573815672e-09
-0.834917354719641,-0.8399969,-0.8399969,2.5667572067789024e-08
-0.9631713443994094,-0.9628597,-0.9628598,1.098106384711528e-07
-1.07507697991892,-1.0625153,-1.0625153,4.121093755138361e-08
-1.17178555382467,-1.1679263,-1.1679263,-1.1492919949063207e-08
-1.2569812022654498,-1.2725487,-1.2725489,2.2446289071886838e-07
-1.3313547007691575,-1.3496275,-1.3496274,-9.481201179717402e-08
-1.3976691514473858,-1.4157994,-1.4157993,-7.934875490001048e-08
-1.464904636162812,-1.4695628,-1.4695628,3.10638428313581e-08
-0.9949470186827272,-0.9496916,-0.94969183,2.3635299684077182e-07
-1.0264924344567457,-1.004139,-1.0041388,-1.4653320312696394e-07
-1.0958002457558664,-1.0623791,-1.0623791,-2.1780395487169812e-08
-1.143924274199442,-1.1252997,-1.1252996,-9.2153930708605e-08
-1.2037914866172872,-1.1985444,-1.1985444,1.695098883480739e-08
-1.256060168228252,-1.2711306,-1.2711306,3.817138671813325e-08
-1.3090196253671151,-1.3363296,-1.3363296,2.0646667486801107e-08
-1.3718801984058526,-1.4015298,-1.4015297,-8.897094727622346e-08
-1.4232278459796197,-1.4615883,-1.4615885,2.3648834224232473e-07
-0.7469586041672686,-0.73488635,-0.73488617,-1.7824752807094058e-07
-0.8141940888826947,-0.8114496,-0.81144947,-1.1734512328498425e-07
-0.8871860363306058,-0.8889379,-0.8889379,9.470367379194045e-09
-0.9585661742134212,-0.96732754,-0.96732765,1.1484756468060908e-07
-1.0398474279961112,-1.0580347,-1.0580345,-1.584320068470646e-07
-1.1305692806600764,-1.1583048,-1.1583048,-1.0523986793131712e-08
-1.2095479493497725,-1.2449734,-1.2449733,-1.2109680169736237e-07
-1.2984277339393424,-1.3352121,-1.3352119,-2.1147308348901106e-07
-1.4013532875961765,-1.4270283,-1.4270284,1.0162200925201148e-07
-0.4992004481611091,-0.48599225,-0.48599225,-2.8266906593188423e-09
-0.5896920423157751,-0.5737953,-0.5737953,-1.8603515616888444e-08
-0.6822559630541358,-0.6708724,-0.6708724,9.729766881072521e-09
-0.7831091901272751,-0.77117944,-0.7711793,-1.3763732908955717e-07
-0.8871860363306058,-0.87571806,-0.87571806,2.8443908339781387e-09
-0.9949470186827272,-0.993511,-0.993511,-2.113723751584473e-08
-1.116062994574214,-1.1092142,-1.109214,-1.8666839607384134e-07
-1.2364881949378028,-1.239016,-1.239016,-5.606079112041584e-08
-1.3658934771640678,-1.3785241,-1.3785242,1.3498229978203824e-07
-0.9571846231576248,-1.0008433,-1.0008433,1.3485717875738601e-08
-1.0603404353237582,-1.0980998,-1.0980997,-1.2776641855616333e-07
-1.1517530635156217,-1.1361891,-1.1361891,-3.1265259270440993e-09
-1.236718453447102,-1.1683921,-1.1683922,1.378128051676697e-07
-1.307868332820618,-1.2019843,-1.2019844,1.1369171137864953e-07
-1.3675052867291635,-1.2503601,-1.2503601,-3.126373293582674e-08
-1.4193134513215298,-1.3178493,-1.3178494,1.215499878526316e-07
-1.463292826597716,-1.394438,-1.394438,-2.833557122272623e-08
-1.5033578072158127,-1.44729,-1.4472901,1.5630493166440829e-07
-0.4220638475458086,-0.44064295,-0.44064295,-2.919006369950239e-09
-0.3819988669277122,-0.39018112,-0.39018112,-4.2103576736174375e-09
-0.3290394097888491,-0.34687376,-0.34687376,-2.2338869642979375e-10
-0.2608828910362254,-0.26622444,-0.26622444,-3.9125060968814296e-09
-0.1800621542721344,-0.18292902,-0.182929,-2.4100303641638732e-08
-0.0828930633477856,-0.05987911,-0.05987911,7.365798943004265e-10
0.0234863679485392,0.10948548,0.10948549,-1.2790908818227642e-08
0.1473654459516189,0.19530553,0.19530553,-3.743438725667403e-09
0.2786127962522795,0.3069407,0.30694073,-2.5415878290857563e-08
-0.9325469626625886,-0.957331,-0.9573311,9.824142455094886e-08
-0.8455092461474137,-0.89987105,-0.8998713,2.486885071206757e-07
-0.7543268764648494,-0.7973657,-0.7973657,-2.504043583595461e-08
-0.6518618398266144,-0.665681,-0.665681,-4.5242309898441135e-09
-0.52982482989793,-0.53679264,-0.53679264,4.08233646886913e-09
-0.3806173158719158,-0.39414322,-0.39414322,-3.762512190697009e-09
-0.2247323050762188,-0.20008375,-0.20008375,2.4938583420563987e-09
-0.0310848987554196,0.032787606,0.032787606,1.201095611857994e-10
0.1991736105439849,0.19122677,0.19122678,-1.4486579907879715e-08
-0.1581875958886909,-0.09131585,-0.09131582,-3.0615501397934786e-08
0.1556547522863975,0.2355651,0.2355651,-3.860092162577544e-09
0.3693346489162449,0.37921003,0.37921003,-4.92790219741579e-09
0.5047266523842949,0.49110115,0.49110115,-4.25567625583767e-09
0.5871591987134818,0.56734204,0.56734204,2.9229736409064344e-09
0.6438027920011352,0.6254249,0.6254249,2.1512603809448194e-08
0.6534736493917103,0.64559865,0.64559865,-2.136235632832495e-11
0.6403489143616442,0.63210464,0.63210464,-4.761352534465857e-09
0.6145599613201109,0.6214206,0.62142056,6.187194823148445e-08
1.9836770576143707,1.4415907,1.4415905,1.667709350616775e-07
3.114937113802345,2.062249,2.0622487,2.452362060090252e-07
3.1598375231157294,2.097814,2.0978138,2.8309936528359003e-07
2.805699935813245,1.912254,1.912254,-2.4131774800650874e-08
2.303045610012645,1.6466544,1.6466545,-1.325531004958691e-07
1.8109831756398167,1.3665656,1.3665656,-1.4863586361713033e-08
1.369347354803559,1.1086998,1.1086997,9.858398430928617e-08
1.0228082983079552,0.85829484,0.85829496,-1.153726196800875e-07
0.693768888519106,0.6519065,0.6519065,-9.674072320997595e-09
0.883271641672516,0.82581156,0.82581145,1.1492233276122477e-07
0.8892583629143005,0.83985484,0.83985484,-3.5360717687282772e-09
0.8959358596839833,0.85426867,0.8542688,-1.2991790776517576e-07
0.9042251660187618,0.8680684,0.8680684,-2.9548644642218846e-09
0.913435506390738,0.8647804,0.8647804,2.602539062035447e-08
0.92425765632781,0.8668381,0.86683816,-6.242767336406274e-08
0.9360008403020796,0.8781748,0.8781748,-1.8200683626901082e-08
0.9491255753321456,0.8884496,0.8884496,9.279632617875677e-09
0.9640923784366072,0.9065972,0.9065971,9.705581660579554e-08
1.1618844379247957,1.1251103,1.1251103,-3.1407165534957926e-08
1.1374770359390587,1.0924854,1.0924855,-7.214355468576628e-08
1.110306531841729,1.0712594,1.0712594,-2.0613098117294726e-08
1.0822149937072014,1.0509907,1.0509907,7.217406672310744e-10
1.0543537140819736,1.0331857,1.0331857,2.044372560128238e-08
1.0297160535869372,1.0136193,1.0136193,3.703308104618941e-09
1.0046178760733022,0.99338686,0.9933868,6.466217039591271e-08
0.9850459027828528,0.9682467,0.9682466,9.83795166442647e-08
0.9797499570689664,0.94948614,0.94948626,-1.2356353762399408e-07
0.956724106139026,0.85772824,0.85772824,2.8741454771719077e-09
1.015900543028973,0.8768817,0.8768816,1.186355590432342e-07
1.0686297416585366,0.8897841,0.8897841,-2.328491177649994e-09
1.1045500691092438,0.88641083,0.88641083,2.405090349100192e-09
1.1236615253810944,0.87916833,0.87916833,1.6230773391967546e-09
1.12918772960428,0.8891033,0.8891032,9.341888429492684e-08
1.116523511592813,0.9050633,0.9050633,-2.8477478042354676e-08
1.0983330893581598,0.90691936,0.90691936,1.6082768450331741e-10
1.0741559458817225,0.91738343,0.9173833,1.323883056514319e-07
0.8604760492518749,0.868605,0.868605,1.7662048379385453e-08
0.8754428523563362,0.8827983,0.8827983,1.4094543421272476e-08
0.8961661181932826,0.91411436,0.91411436,-3.959045424828389e-09
0.9233366222906124,0.95514446,0.95514435,1.1496963503443425e-07
0.9511979019158404,0.97254586,0.97254574,1.221978759291531e-07
0.9843551272549546,0.9861716,0.9861716,3.2028197871625252e-09
1.023959590854452,1.0231105,1.0231105,8.918762173237837e-09
1.073925687372423,1.0826937,1.0826937,-3.977966400725563e-09
1.15244383904352,1.1465011,1.1465011,-3.569946294135207e-08
-0.0202627488183476,0.024292752,0.024292752,1.467208854410984e-10
0.0174996467067547,0.043705106,0.043705106,-2.184448247288806e-10
0.0778273761431987,0.07091752,0.07091749,2.6946792602844383e-08
0.149668031044613,0.11793805,0.11793805,-8.624076869301334e-10
0.2279559242064105,0.1681234,0.1681234,-5.7491302551948564e-09
0.3246644981121604,0.28069195,0.28069195,1.5132903818937393e-09
0.4586749505244139,0.4406048,0.4406048,5.94635007900024e-09
0.6166322879038054,0.6663942,0.6663942,-2.590103154176404e-08
0.8118915037897007,0.90753514,0.907535,1.3574600221666344e-07
-0.3258157906586574,-0.26977527,-0.26977527,-1.4157104377687801e-09
-0.2970334769962319,-0.19300361,-0.19300358,-2.9776496879296843e-08
-0.2281861827157099,-0.14546059,-0.14546056,-3.0720176708021185e-08
-0.1086820163893189,-0.08296342,-0.08296345,2.8059196466312386e-08
0.0488148039714737,0.050049394,0.050049424,-2.9630874635866444e-08
0.2334821284295962,0.20679605,0.20679605,7.1716299565594e-11
0.4381819431967669,0.41612846,0.41612846,-3.4074401633610307e-09
0.6647563163473811,0.7161689,0.71616894,-5.953735349173428e-08
0.9198827446511214,0.9965627,0.9965626,1.1934509280830952e-07
0.2746984015941897,0.3161785,0.3161785,6.523132589641989e-10
0.2452253124038658,0.3016941,0.3016941,-4.865264913167522e-09
0.2417714347643748,0.2778186,0.2778186,-9.597396877225606e-09
0.264106510166417,0.25532812,0.25532812,-1.1988830483922186e-09
0.3133818311564896,0.26576626,0.26576626,3.008117699376811e-09
0.3826896424556104,0.3360632,0.3360632,6.195831292465925e-09
0.4736417536288752,0.41241908,0.41241908,7.342529362297512e-10
0.6035075528737395,0.6021601,0.6021601,-3.831481909521983e-09
0.7780435029226881,0.8563841,0.8563842,-1.0147018436601485e-07
0.2079234338973623,0.19497359,0.19497357,1.7989807116203238e-08
0.1452931193679243,0.2082812,0.20828122,-1.5895576466196104e-08
0.1086820163893189,0.1920389,0.1920389,-6.300354016275378e-09
0.1551942352677986,0.17823991,0.17823991,1.7946624741860262e-09
0.182134480855829,0.1915466,0.1915466,4.037284839775168e-09
0.1922658552650028,0.2660183,0.2660183,1.2485504297110595e-09
0.2795338302894771,0.34630585,0.34630585,-2.832031276156499e-09
0.3776239552510235,0.4238991,0.42389905,6.413192749077368e-08
0.4800889918892586,0.5149597,0.51495975,-5.704498295955318e-08
0.4271295347503955,0.44841337,0.44841343,-5.7960205079865545e-08
0.4305834123898865,0.43543014,0.43543017,-3.069679260780944e-08
0.4386424602153657,0.41767338,0.41767338,-8.171844312343524e-10
0.4549908143756234,0.3967234,0.3967234,-1.0374450687411496e-08
0.4943650194658217,0.43963364,0.43963367,-3.233329770591098e-08
0.562291279709146,0.53079987,0.5307999,-3.427734374117364e-08
0.6617629557264888,0.6430898,0.6430898,-2.872924809160793e-08
0.7983062517410358,0.7892294,0.7892294,-6.994628876100251e-09
1.0161308015382726,1.0519785,1.0519785,-3.11050414314451e-08
-0.361966376618664,-0.3584236,-0.3584236,9.339904794014586e-09
-0.2162127402321409,-0.21537243,-0.21537249,6.170200347876964e-08
-0.0743734985037076,-0.07088046,-0.07088046,2.2410965028196728e-09
0.083123321857085,0.08160159,0.08160162,-3.008186340303087e-08
0.2440740198573688,0.21833232,0.21833232,4.517364537992563e-10
0.4107811805901378,0.36072642,0.36072642,-3.889007560431423e-09
0.5744949807020144,0.46987325,0.46987325,-4.692077837376019e-10
0.7308405085163102,0.61212313,0.61212313,1.7520142003846217e-09
0.8874162948399054,0.824995,0.824995,-1.8711090121747986e-08
-1.1611936623968973,-1.1347772,-1.1347773,1.1169891367401874e-07
-1.0149795089917757,-0.97641355,-0.97641355,2.0072936646187145e-09
-0.822943912236072,-0.7978775,-0.7978774,-9.05204773360424e-08
-0.611796859208518,-0.6033809,-0.6033809,-1.8502807619391604e-08
-0.3796962818347181,-0.364519,-0.364519,-5.340577979850991e-11
-0.0957875398685523,-0.106808916,-0.106808946,3.026570892517011e-08
0.1913448212278052,0.1581685,0.15816846,3.470138548733459e-08
0.4635103792197014,0.47963858,0.47963858,-3.4924316216766726e-09
0.764918767892622,0.7795115,0.7795115,1.1325836157816127e-08
-0.7179460319955435,-0.8161841,-0.8161841,-3.4889221511846813e-09
-0.5728831711369186,-0.66197866,-0.6619788,1.3798599240999465e-07
-0.4169981603412217,-0.4869929,-0.4869929,4.396820074692442e-09
-0.2475278974968599,-0.28009313,-0.28009325,1.1655044557246086e-07
-0.0554923007411565,-0.05745311,-0.05745314,2.918590545630817e-08
0.1515100991190082,0.17020209,0.17020209,1.33625030485085e-09
0.3852224860579039,0.41370177,0.41370177,2.6898193117297353e-09
0.6341319346105602,0.6823783,0.68237835,-5.791625978801562e-08
0.9030738734722648,0.95059925,0.95059925,3.1776428155438907e-09
-0.5837053210739906,-0.66937387,-0.66937387,1.0406497885639965e-10
-0.4011103231995628,-0.48322332,-0.48322332,9.463501093875948e-10
-0.2185153253251349,-0.29388344,-0.29388344,-2.878723148747042e-09
-0.0379926540344017,-0.10797925,-0.10797922,-3.293445587082555e-08
0.1475957044609183,0.09147407,0.091474086,-1.4854942317898967e-08
0.3258157906586574,0.2683298,0.2683298,-8.247375560266335e-10
0.5001214821983068,0.47401285,0.47401285,1.7150879050298329e-09
0.6626839897636864,0.6826531,0.6826532,-7.089920039948794e-08
0.8125822793175987,0.8327746,0.8327746,-2.0475006135001195e-08
0.1416089832191338,0.11726432,0.11726435,-2.706346512171276e-08
0.2164429987414403,0.1874288,0.1874288,2.2518157893891555e-09
0.3076253684240045,0.30359057,0.30359057,-4.0801239054033545e-09
0.4317347049363836,0.4009855,0.40098548,2.9157180780892133e-08
0.5523901638092716,0.5130069,0.5130069,2.558288569876055e-08
0.7036700044189804,0.6822984,0.6822985,-7.814025881902609e-08
0.8724494917354441,0.85499,0.85499,5.493164034753306e-09
1.0508998364424824,1.0528126,1.0528126,-2.3706054674832444e-08
1.2270475960565272,1.216246,1.2162459,1.0887298573791782e-07
-0.1618717320374814,-0.19047643,-0.19047643,-2.4426650979680886e-09
-0.0640118655852344,-0.12997432,-0.12997432,-5.308914141632926e-10
0.0667749676968273,0.007052481,0.007052481,1.7446899393952497e-10
0.22427178805762,0.15651965,0.15651965,1.41296385702816e-09
0.3810778328905146,0.3710987,0.3710987,-2.8144836461407863e-09
0.5710411030625234,0.5602347,0.5602347,2.547531130492331e-08
0.7787342784505863,0.76649505,0.76649505,-1.0002135786280064e-09
0.9896510729688408,0.9639144,0.9639144,-5.6213378396563485e-09
1.195732438791808,1.1569766,1.1569767,-1.1938018795731864e-07
0.5097923395888818,0.5878494,0.5878494,-2.141418453671662e-08
0.5270617277863371,0.64143324,0.64143324,-1.0168457187376134e-09
0.5592979190882538,0.7288484,0.7288484,-2.2682189459999336e-09
0.6364345197035542,0.7961999,0.7961999,1.7793273965338585e-08
0.7303799914977113,0.8978955,0.8978955,1.4965057415494698e-08
0.8425158855265215,1.0054301,1.0054302,-9.765167230391114e-08
0.9677765145853976,1.0970042,1.097004,1.7518615713640884e-07
1.1047803276185433,1.1909976,1.1909975,1.0055541999065554e-07
1.249843188477168,1.2838458,1.2838458,-1.7720031664225644e-08
0.6251518527478835,0.69427925,0.6942792,5.348281861827786e-08
0.6200861655432965,0.7007062,0.7007062,-1.6089630072713135e-08
0.6520920983359139,0.75097275,0.7509728,-5.219726562089022e-08
0.7048212969654775,0.77511775,0.77511775,4.936218211959442e-09
0.7658398019298197,0.7998103,0.7998103,-9.663391087322282e-09
0.8427461440358208,0.8774729,0.8774729,-2.2497558593848055e-08
0.9380731668857742,0.97372234,0.97372234,-1.3235473828032696e-09
1.0624127619074528,1.0733209,1.073321,-1.3436889645390693e-07
1.2132320854985628,1.2313149,1.2313149,-2.462768655675518e-09
-0.4047944593483533,-0.42837757,-0.42837757,1.2782287450718854e-09
-0.2864415855684593,-0.3367496,-0.33674967,5.67149353036811e-08
-0.1478259629702177,-0.21711598,-0.21711604,5.6633033762576446e-08
0.0244074019857368,-0.01688999,-0.01688999,6.239318853240583e-10
0.2175942912879373,0.28530234,0.28530234,9.843444948032243e-10
0.4160771263040241,0.54467595,0.54467595,-3.764343281531524e-09
0.6173230634317037,0.7321663,0.7321663,-9.716796922631943e-09
0.8257070143476648,0.9276003,0.9276003,2.415390010224172e-08
1.05964965979586,1.1139039,1.1139038,8.011932361995378e-08
-0.3817686084184128,-0.40309596,-0.40309596,-6.170654542891896e-10
-0.2783825377429801,-0.28969675,-0.28969663,-1.2302505492112203e-07
-0.1597994054537868,-0.135015,-0.13501503,3.40674209675651e-08
-0.0279764088798776,0.021918595,0.021918595,-1.6281127834805176e-10
0.1261816630960737,0.15691924,0.15691924,9.515380983149413e-10
0.2871323610963575,0.28883058,0.28883058,-1.6728210483485384e-09
0.454760555866324,0.46056157,0.4605616,-2.6494598404092073e-08
0.6242308187106858,0.70274884,0.70274884,-4.9131775314847914e-09
0.8085527554048593,0.91715455,0.91715467,-1.1944763178561857e-07
-0.1973315424695897,-0.14807291,-0.14807294,2.6710929856843535e-08
-0.0755247910502047,-0.062617704,-0.062617704,-2.722702063806537e-10
0.0458214433505815,0.031138286,0.031138286,-5.4702770091452635e-12
0.1678584532792659,0.10708661,0.10708659,1.6323719029265327e-08
0.2889744291707528,0.22313485,0.22313485,-4.504775996672095e-09
0.4107811805901378,0.36703825,0.36703828,-3.0030517572665616e-08
0.5312063809537264,0.46689874,0.46689874,-6.62078836199953e-10
0.653934166410309,0.6144038,0.6144038,-1.5724945123807288e-08
0.7752804008110953,0.7849357,0.7849356,1.1281433109910921e-07
-0.2516725506642492,-0.2979378,-0.2979378,-1.0420990015358456e-08
-0.1568060448328945,-0.19469137,-0.19469135,-2.489795683513485e-08
-0.0483542869528749,-0.08249755,-0.08249755,-2.0372390718836897e-09
0.0752945325409053,0.045076147,0.04507613,1.672183990580889e-08
0.2143706721577457,0.15050614,0.15050614,-1.1984253034391656e-09
0.3677228393511491,0.251435,0.251435,1.1625289897398972e-08
0.5348905171025169,0.40629697,0.40629697,-1.539916971715627e-09
0.7149526713746512,0.61326766,0.61326766,1.4099121870003728e-10
0.9060672340931571,0.8593618,0.8593617,1.2737350463254415e-07
0.0628605730387374,0.053670928,0.053670898,2.988219451743879e-08
0.0787484101803963,0.059326142,0.059326127,1.5072677612970597e-08
0.0987809004894445,0.07599735,0.07599737,-1.739990233839972e-08
0.1551942352677986,0.12836653,0.12836653,-5.844116857112169e-11
0.2251928220948177,0.20533603,0.20533603,4.297943112518965e-09
0.329499926807448,0.27869675,0.27869675,-4.36592101360489e-09
0.4533790048105276,0.3986286,0.3986286,-7.508850097259767e-09
0.5968300561040567,0.566756,0.56675595,6.005554198384999e-08
0.7600833391973346,0.775051,0.775051,-2.265930221234669e-09
0.2710142654453992,0.2504265,0.2504265,1.0356903112906934e-09
0.3405523352538194,0.28100875,0.28100875,2.0027163261104874e-10
0.4100904050622396,0.3016979,0.3016979,9.832000713583255e-09
0.4796284748706598,0.32521725,0.32521725,-2.990722669515833e-09
0.5491665446790799,0.3788502,0.37885022,-2.816841127017966e-08
0.6187046144875001,0.46615097,0.46615097,-7.331085183359676e-10
0.6882426842959203,0.56613123,0.56613123,4.1690063623534e-09
0.7577807541043405,0.6784992,0.6784992,2.1801757843498137e-08
0.8273188239127607,0.816011,0.816011,1.1600494342900447e-08
-0.1671676777513677,-0.1357113,-0.13571127,-2.7392845158846768e-08
-0.1542732012306011,-0.11787672,-0.11787669,-3.340869902945798e-08
-0.0849653899314803,-0.08234863,-0.08234866,3.01677322428473e-08
-0.0158878371416589,-0.012708113,-0.012708113,4.0253448491123223e-10
0.0810509952733904,0.082290575,0.082290545,2.990825652415818e-08
0.2086142094252605,0.19270381,0.19270381,3.3144378630556304e-09
0.34032207674452,0.33811024,0.33811024,-1.6863250795751128e-09
0.470648393007983,0.5261081,0.5261081,-1.3890838590491228e-08
0.7029792288910822,0.74137485,0.74137485,2.731322945592751e-10
-0.3569006894140771,-0.3495165,-0.3495165,-1.0963439933675545e-08
-0.264106510166417,-0.25808656,-0.25808656,-2.156677225695347e-09
-0.142299758747032,-0.17669086,-0.17669086,-1.5827560373438132e-09
0.0064472382603833,-0.05948265,-0.05948265,1.0313034037867652e-09
0.1885817191162123,0.16263457,0.16263457,-3.573722845429117e-09
0.4027221327646586,0.45050877,0.45050877,3.3268737764657885e-09
0.6348227101384585,0.63113,0.6311299,8.008728025199474e-08
0.882120349126019,0.8468783,0.8468782,9.017639157615776e-08
1.1413914305971484,1.085729,1.0857291,-9.70474243189301e-08
0.0801299612361927,0.07466808,0.07466808,-3.8536071556016793e-10
0.084274614403582,0.107376665,0.10737665,1.4876937862173811e-08
0.0960177983778517,0.14681926,0.14681926,3.696670525243917e-09
0.1300960577541636,0.19722475,0.19722474,1.1114845266391171e-08
0.2178245497972367,0.26678878,0.26678878,6.892394988078365e-10
0.3398615597259212,0.36021754,0.36021754,1.4562225314485033e-09
0.5012727747448038,0.47633094,0.47633094,-4.044952373050137e-09
0.6861703577122257,0.622858,0.62285805,-6.211929326482846e-08
0.8841926757097136,0.88262236,0.88262236,1.1831664536998687e-09
0.3267368246958551,0.15734133,0.15734133,1.243515013182872e-09
0.4678852908963901,0.17126727,0.17126727,1.0418701179570888e-09
0.5862381646762841,0.17857277,0.17857277,3.93341065274555e-09
0.6873216502587227,0.22258176,0.22258174,1.9095191955420532e-08
0.7729778157181012,0.28427467,0.28427467,-2.4985504221142207e-09
0.8452789876381142,0.37547207,0.3754721,-3.1213378881567166e-08
0.9067580096210552,0.48993677,0.48993677,-9.913635468095094e-10
0.95902669123202,0.69785756,0.69785756,-1.272735583590645e-09
1.0034665835268053,0.944511,0.944511,-3.6582946671970262e-09
-0.3041714907845134,-0.32539892,-0.32539892,-1.966552753973616e-09
-0.2341729039574944,-0.2271101,-0.2271101,-2.7727126983290162e-09
-0.1372340715424451,-0.12016301,-0.12016307,6.142932891528563e-08
-0.0246376604950362,0.0041488856,0.0041489154,-2.9792280578297414e-08
0.1029255536568338,0.11080612,0.11080612,2.4222183286903842e-09
0.2592710814711296,0.21504997,0.21504998,-1.2830238343974898e-08
0.4285110858061919,0.36125124,0.36125124,-4.991760227390785e-09
0.6060403964760328,0.5797027,0.5797027,-2.4657440200748226e-08
0.791628754971353,0.7621757,0.7621757,-2.0793151866982384e-08
-0.122958043965882,-0.05494581,-0.05494581,-1.6292953514129849e-09
-0.0442096337854856,-0.015354976,-0.015354946,-3.005800628709532e-08
0.0488148039714737,0.06604904,0.06604904,-6.361389193187961e-10
0.1565757863235951,0.16918549,0.16918549,-5.838775574140698e-10
0.2790733132708783,0.2596406,0.2596406,4.2575836189939764e-09
0.4169981603412217,0.3786354,0.3786354,6.494140614154986e-09
0.5698898105160264,0.5267488,0.5267488,-2.35641479662263e-08
0.7363667127394958,0.7186791,0.7186791,-2.952728272997973e-08
0.9159683499930314,0.9105048,0.9105048,1.796264648135093e-08
-0.7139165080828039,-0.70318323,-0.70318305,-1.8373794552495326e-07
-0.6202012947979463,-0.6297293,-0.62972915,-1.2093505863397525e-07
-0.507374625241238,-0.5208655,-0.5208655,2.670286214367934e-11
-0.3677228393511491,-0.3812132,-0.3812133,1.1182861325842453e-07
-0.203778780729973,-0.21208863,-0.21208857,-5.960338592125858e-08
-0.0075985308068803,-0.03513117,-0.0351312,2.865428924692104e-08
0.2200120056355811,0.1612877,0.1612877,-4.830551153522933e-09
0.4582144335058151,0.43852282,0.43852282,-4.295654276731398e-09
0.708505433114268,0.71804833,0.71804833,4.121704089143918e-09
2.0575900390994795,1.9862047,1.9862047,4.33853148962271e-08
1.986209901216664,1.9048123,1.9048123,3.596801767535851e-08
1.9125271782408544,1.8240013,1.8240013,1.2255859438425887e-08
1.8358510946441529,1.7482285,1.7482287,-1.5004272468921442e-07
1.7564119089358583,1.6721044,1.6721042,1.5867309577366484e-07
1.6693741924206833,1.5964128,1.5964125,2.77900695788702e-07
1.5892442311844903,1.5263089,1.5263088,9.41574096469111e-08
1.5010552221228186,1.4633938,1.4633938,7.411193880813016e-09
1.4094123354216554,1.3877325,1.3877326,-9.42016602500928e-08
0.0317756742833178,0.10689347,0.10689346,1.2373485569483478e-08
0.0736827229758094,0.14943041,0.14943042,-1.0926170357361542e-08
0.133780193902954,0.22201422,0.22201422,-1.431198132229028e-09
0.1994038690532843,0.30323204,0.30323207,-2.601844789618113e-08
0.2905862387358486,0.3702302,0.3702302,-2.093505868661083e-09
0.4004195476716646,0.47534296,0.47534296,-8.344268609405958e-10
0.5399562043071038,0.64245546,0.64245546,-1.3589477321218624e-09
0.7188670660327411,0.8205117,0.8205117,-1.2771605994998936e-09
0.9514281604251398,1.0397557,1.0397557,2.0187378435565506e-09
-0.2185153253251349,-0.23884882,-0.23884882,-3.28712473907089e-10
-0.0879587505523725,-0.08265309,-0.08265309,-3.5778045803791514e-10
0.0416767901831922,0.069665015,0.069664985,2.974380493292461e-08
0.172463623465254,0.21128686,0.21128686,-2.275810234708686e-09
0.3020991642008188,0.3604855,0.3604855,-5.863189711519112e-09
0.4301228953712878,0.5332059,0.5332059,2.6418304432951345e-08
0.5606794701440502,0.6701188,0.67011875,5.874633790536876e-08
0.6887032013145191,0.78376865,0.78376853,1.238696288874408e-07
0.8187992590686828,0.86796784,0.86796796,-1.1599060056877164e-07
-0.3741700776115325,-0.3226642,-0.3226642,-1.259613024995332e-09
-0.3083161439519027,-0.25149077,-0.2514909,1.282295227222896e-07
-0.233942645448195,-0.17345919,-0.17345913,-5.715000153672101e-08
-0.1107543429730136,-0.083160445,-0.083160445,-9.410858203828809e-11
0.0059867212417845,0.036519304,0.036519304,-8.211517577016991e-11
0.1574968203607927,0.20190728,0.20190728,-2.892761225004037e-09
0.3451575054398075,0.37554783,0.37554783,-3.709869411672173e-09
0.6449540845476323,0.56052595,0.5605259,5.376968381654024e-08
0.9021528394350672,0.8530614,0.8530614,-2.1997833221654162e-08
0.611796859208518,0.4791748,0.4791748,-7.233428966912925e-09
0.6990648342329923,0.4400777,0.44007772,-2.772972107489835e-08
0.7812671220528797,0.39659345,0.39659345,1.4999389508218997e-09
0.8609365662704738,0.38785213,0.3878521,3.2320404075303344e-08
0.9309351530974928,0.43339884,0.43339887,-2.7188415518963893e-08
0.9905721070060386,0.54700303,0.5470031,-6.922302242529099e-08
1.043761822654201,0.6984982,0.6984982,-1.0550689655275391e-08
1.0868201638931896,0.83569634,0.83569646,-1.203927612047906e-07
1.1241220423996932,1.0450953,1.0450953,2.4516296326382303e-08
0.4250572081667008,0.377868,0.377868,-3.307342510971978e-09
0.4699576174800848,0.36541456,0.36541456,-1.5884399351406842e-10
0.5183119044329597,0.36105138,0.36105138,6.34307883995433e-10
0.5687385179695293,0.35243815,0.35243815,1.8363952580813248e-09
0.6187046144875001,0.3415766,0.3415766,6.035232535950286e-09
0.6670589014403752,0.3851483,0.3851483,-1.3180541991175687e-08
0.711959310753759,0.45332628,0.4533263,-1.5114593521214914e-08
0.7575504955950412,0.5516643,0.5516643,-7.187652584228488e-09
0.8038324559642215,0.7038833,0.7038833,-9.709167470006719e-09
0.4363398751223717,0.3660102,0.3660102,-1.0943603523383416e-08
0.4683458079149889,0.35810602,0.35810602,-2.887268091278372e-09
0.5003517407076061,0.3657894,0.3657894,1.3452148450721069e-08
0.5325879320095228,0.37215108,0.37215105,2.6793670671043657e-08
0.5643636062928407,0.4081744,0.4081744,-4.4387817310642674e-09
0.5965997975947572,0.4594257,0.4594257,-1.2210083000230298e-08
0.6283754718780751,0.54915977,0.54915977,-4.7564697736035555e-09
0.6606116631799918,0.63476676,0.63476676,-2.5117492530313257e-09
0.6926175959726091,0.7375373,0.73753726,6.442855837729411e-08
2.2917629430569737,2.2290618,2.229062,-1.580352781971328e-07
2.197126695734919,2.140425,2.140425,-3.3187866232964325e-08
2.093740625059486,2.0358522,2.0358522,-6.167602428774899e-09
2.008544976618706,1.9250249,1.925025,-1.3294219969317567e-07
1.9049286474339744,1.8182031,1.8182031,-8.378601146219467e-09
1.807068780981728,1.713576,1.7135758,1.59205627348058e-07
1.698156506083109,1.6085856,1.6085857,-1.0391540516963005e-07
1.5643763121801548,1.5130843,1.5130844,-1.075881959078373e-07
1.4460234384002608,1.4232973,1.4232974,-1.1396636967475615e-07
-0.151970616137607,-0.14783613,-0.14783613,-3.83769988010485e-09
-0.0580251443434499,-0.07448529,-0.07448529,2.929725642641934e-09
0.0458214433505815,0.0040444285,0.0040444285,-3.224945050589456e-11
0.1690097458257629,0.10431806,0.10431806,-1.913071090431373e-11
0.3000268376171242,0.28348908,0.28348908,-1.7166900678766694e-09
0.4374911676688687,0.41101563,0.41101563,-2.3162843865165428e-10
0.5965997975947572,0.5563713,0.5563713,-2.8389740003298414e-08
0.7501822232974601,0.6935574,0.6935574,-1.8370056142913427e-08
0.882120349126019,0.82553524,0.82553524,-2.2108459507563794e-09
-0.2415411762550754,-0.7402951,-0.7402949,-2.1213302614508933e-07
0.1096030504265166,-0.6259518,-0.6259518,-2.6572418265757847e-08
0.3463087979863045,-0.48687267,-0.4868726,-7.3034667980032e-08
0.5266012107677382,-0.29586327,-0.29586327,-7.595825080031204e-10
0.669822003551968,0.0009893179,0.0009892881,2.979398193349997e-08
0.7907077209341553,0.2556512,0.2556512,5.778121925370527e-09
0.8989292203048755,0.50151014,0.50151014,3.2800292482093596e-09
0.9942562431548292,0.7093153,0.7093153,-1.2207013178056059e-11
1.0769190479933153,0.95944315,0.95944315,1.950836159281266e-09
-0.5001214821983068,-0.4735871,-0.4735871,4.262542707689221e-09
-0.3575914649419753,-0.4345529,-0.43455303,1.2205627442085643e-07
-0.2479884145154587,-0.36878544,-0.36878544,-9.217834273655967e-10
-0.1222672684379838,-0.2158385,-0.2158385,-6.8178176992894635e-09
0.0633210900573362,-0.0064558685,-0.0064558685,1.741027808033202e-11
0.3184475183610765,0.22093748,0.22093748,-4.437904349563482e-09
0.4952860535030193,0.4377017,0.43770173,-2.788208008919213e-08
0.6580788195776983,0.60418296,0.60418296,-1.3970947732033778e-09
0.8065955580758143,0.84096384,0.84096384,4.84619122609331e-10
0.5565348169766609,0.5746182,0.5746182,2.032928470008244e-08
0.5675872254230323,0.58203286,0.58203286,-6.745910496874785e-10
0.6018957433086436,0.61909384,0.6190939,-6.464614865642204e-08
0.6532433908824108,0.655162,0.655162,-2.318573000259505e-08
0.711959310753759,0.71244925,0.71244925,2.605438198521881e-09
0.7884051358411612,0.8076793,0.8076793,-4.460144031881441e-09
0.8722192332261447,0.9005196,0.9005196,9.45129396967559e-09
0.9650134124738046,0.9819403,0.9819403,2.907485963099532e-08
1.0389263939589135,1.0194194,1.0194196,-1.6831359861413375e-07
-0.4849244205845461,-0.42887235,-0.42887247,1.2312194824781741e-07
-0.3773936967417241,-0.33594614,-0.33594614,-2.673492427440749e-09
-0.203778780729973,-0.24918117,-0.24918117,3.7087631299392854e-09
-0.0253284360229345,-0.14244564,-0.14244564,1.2241745117602676e-09
0.1190436493077921,0.067657545,0.06765753,1.520893097572973e-08
0.3133818311564896,0.2694094,0.2694094,-1.1696243307213194e-08
0.4925229513914264,0.4533425,0.4533425,-2.651214581206318e-09
0.6695917450426686,0.66945225,0.66945225,3.814726312612038e-12
0.8540288109914916,0.86124873,0.86124873,1.6131591618062657e-09
1.1190563551951065,1.1156603,1.1156604,-9.02084351661614e-08
1.080833442651405,1.0659231,1.0659232,-1.0525054938703704e-07
1.0492880268773868,1.0261744,1.0261744,2.6078796455664133e-08
1.0177426111033685,0.98967355,0.9896737,-1.4510269163992007e-07
0.9901115899874398,0.9553922,0.9553922,-1.812667849154792e-08
0.9682370316039962,0.9243551,0.9243551,-1.033554075657861e-08
0.948204541294948,0.8944531,0.8944531,8.310699461944182e-09
0.9307048945881934,0.8671552,0.8671552,-5.717468276600357e-09
0.9092908532233488,0.84086674,0.8408666,1.4451828000972e-07
-1.224284493944934,-0.97929686,-0.97929686,-3.0790709981687314e-09
-1.157049009229508,-0.8615269,-0.8615268,-1.0649032589071794e-07
-1.0799124086142076,-0.72123796,-0.72123796,2.522430375684337e-09
-0.9878090048944456,-0.5584932,-0.5584932,3.0357361069377475e-09
-0.8574826886309828,-0.39701337,-0.39701337,3.77761838477042e-09
-0.6606116631799918,-0.22562249,-0.22562255,5.9951591496743e-08
-0.3753213701580295,-0.019649893,-0.019649893,-4.542541343077744e-11
-0.0078287893161797,0.20716393,0.20716393,-6.07299766031133e-11
0.4414055623269586,0.4954821,0.4954821,-1.2864685039470913e-08
-0.3216711374912682,-0.28966188,-0.28966188,-4.307861345420605e-09
-0.2394688496713807,-0.22609477,-0.22609477,2.5487136845470104e-09
-0.1565757863235951,-0.19774072,-0.19774072,1.2776565638805693e-09
-0.0856561654593785,-0.11857809,-0.11857806,-3.1263771058109846e-08
-0.0170391296881559,0.0114417225,0.011441693,2.9512245178914265e-08
0.0787484101803963,0.207845,0.207845,2.4127960185360564e-09
0.2438437613480694,0.37919983,0.37919986,-2.732215881318112e-08
0.500812257726205,0.5945152,0.5945152,4.42962644342515e-09
0.8432066610544197,0.85900116,0.85900104,1.1966796875650942e-07
-0.6817954460355369,-0.6898437,-0.6898437,-1.4237213186163444e-08
-0.5830145455460923,-0.60480416,-0.60480416,1.7892456405377288e-09
-0.4517671952454318,-0.52138066,-0.52138054,-1.2291809081688143e-07
-0.3044017492938129,-0.38389635,-0.38389635,-8.605957058094305e-10
-0.084274614403582,-0.18769081,-0.18769075,-5.9369087229699247e-08
0.1365432960145469,0.029005751,0.029005721,3.001375579667065e-08
0.3191382938889747,0.2572136,0.2572136,-7.470703111689403e-09
0.6495592547336204,0.50833017,0.50833017,-3.6601257580315405e-09
0.9332377381904868,0.78613913,0.78613913,5.923461721124568e-10
-0.6039680698923382,-0.39175743,-0.39175743,1.3539123711048262e-09
-0.6408094313802429,-0.3141079,-0.3141079,5.102539057944e-09
-0.655085458956806,-0.2578764,-0.2578764,3.820800786868972e-09
-0.6415002069081412,-0.1953444,-0.19534437,-3.338611603842523e-08
-0.5979813486505536,-0.055426136,-0.055426076,-5.965921783673833e-08
-0.5035753598377979,0.10864459,0.108644605,-1.5218238835768005e-08
-0.3336445799748372,0.2879154,0.28791544,-3.138870241503611e-08
-0.0501963550272702,0.44271523,0.44271517,5.760391236231399e-08
0.380156798853317,0.62029153,0.62029153,1.0859679822061707e-09
-1.38063002175923,-1.2592589,-1.259259,1.336898802772879e-07
-1.2751716245001026,-1.1484739,-1.1484739,4.1166686948201914e-08
-1.05182087047968,-1.0216143,-1.0216143,-1.3125610376363284e-08
-0.7989970272689338,-0.8887519,-0.8887519,-2.4037933310516735e-08
-0.5807119604530984,-0.70368934,-0.7036892,-1.3677673338374774e-07
-0.2687116803524051,-0.49574077,-0.4957409,1.2870635984763013e-07
-0.0149668031044612,-0.29166806,-0.29166806,2.558288580978285e-09
0.2113773115368534,0.026152238,0.026152268,-2.975022125178972e-08
0.3997287721437664,0.36926532,0.3692653,1.7916870098666493e-08
-0.9129749893721392,-0.97480196,-0.9748021,1.4239273071758873e-07
-0.644263309019734,-0.7785886,-0.7785886,6.993865930837728e-09
-0.4107811805901378,-0.569754,-0.569754,-4.4784546071596765e-09
-0.2058511073136676,-0.3778298,-0.3778299,1.0988464355099481e-07
-0.0223350754020422,-0.18872108,-0.1887211,2.434597015654738e-08
0.1459838948958225,-0.0031639487,-0.0031640083,5.964487152093634e-08
0.3053227833310105,0.19886574,0.19886574,1.491317735968778e-09
0.4715694270451806,0.35055962,0.35055962,2.0493316488234825e-09
0.6665983844217762,0.5655429,0.5655429,-2.327957149272919e-08
2.996814498531751,2.9150336,2.9150336,-2.1127319449476545e-08
2.798792180534263,2.7072551,2.7072554,-2.749542238333902e-07
2.5947831412949904,2.4253387,2.4253385,2.451171874362501e-07
2.3852478978325324,2.1728635,2.1728637,-2.1657104509742453e-07
2.1655812799609,1.9105651,1.9105651,3.786315927456485e-08
1.9410792333939808,1.679967,1.6799669,1.4578399665232666e-07
1.7115114996224745,1.3825758,1.3825758,-4.964904776194601e-08
1.4628323095791174,1.1388522,1.1388522,3.865509023981417e-08
1.1789235676129517,0.9866933,0.9866933,2.2658538822994956e-08
0.4393332357432639,0.38116485,0.38116485,-1.1955261225438107e-09
0.3893671392252931,0.32914448,0.32914445,2.7844238303931235e-08
0.3453877639491068,0.32277894,0.32277897,-2.979919433432343e-08
0.322131654509867,0.30855247,0.30855244,3.37834930586034e-08
0.3237434640749628,0.33946055,0.33946052,3.17387390258439e-08
0.3516047437001908,0.3936485,0.3936485,5.210876452554913e-09
0.4268992762410961,0.52560604,0.52560604,-3.813781734862687e-09
0.537193102195511,0.62237704,0.62237704,-1.9979858878471646e-09
0.6783415683960459,0.6998728,0.6998728,-8.232879600278409e-09
0.8565616545937851,0.91815335,0.91815335,-4.4151305944595265e-09
0.7002161267794893,0.78894484,0.78894484,4.3121339832197236e-10
0.5791001508880026,0.6669139,0.666914,-7.339859009469762e-08
0.5070292374772889,0.6126888,0.61268884,-6.016906739514383e-08
0.4840033865473484,0.59576625,0.59576625,-3.681182914050396e-09
0.4916019173542288,0.604748,0.604748,1.0635376024303866e-08
0.5358115511397145,0.6306038,0.6306038,-9.716796922631943e-09
0.6154809953573084,0.6798231,0.67982316,-5.9433135968234296e-08
0.7333733521186037,0.74604946,0.74604946,3.748931831637492e-09
-0.4096298880436407,-0.49108303,-0.49108303,4.067687964237621e-09
-0.3624268936372628,-0.4129547,-0.4129547,1.1927795418031906e-08
-0.3269670832051545,-0.33037692,-0.33037704,1.169157409774968e-07
-0.2790733132708783,-0.22268339,-0.22268344,5.4985466013679485e-08
-0.1975618009788891,-0.10827641,-0.10827641,-1.8909835780567263e-09
-0.0720709134107136,0.017115206,0.017115206,-4.736480721523328e-10
0.1082214993707201,0.18303426,0.18303424,1.6100654615103238e-08
0.330651219353945,0.3735366,0.3735366,-1.323852538703818e-08
0.5738042051741162,0.5912857,0.5912857,5.566406224843945e-09
0.1478259629702177,0.21273507,0.21273506,1.177829742071701e-08
0.1146687376311034,0.20102192,0.20102191,1.4614906312937492e-08
0.1073004653335225,0.16208735,0.16208737,-1.8916244515221337e-08
0.1238790780030796,0.1775203,0.1775203,4.918289192579195e-09
0.1680887117885653,0.25711647,0.25711647,-3.239364609886053e-09
0.2445345368759676,0.33536947,0.33536947,-2.2647094755079422e-09
0.361966376618664,0.4159029,0.4159029,1.2616729716530273e-08
0.5061082034400913,0.54713875,0.54713875,5.531310964812519e-10
0.669822003551968,0.6575063,0.65750635,-6.290206910897211e-08
-0.2226599784925242,-0.25490457,-0.25490445,-1.1819534301293899e-07
-0.2132193796112486,-0.2548713,-0.2548712,-1.0880355832965094e-07
-0.2056208488043683,-0.23435275,-0.23435275,-2.566337586884515e-09
-0.1890422361348112,-0.19671552,-0.19671549,-2.883220673322029e-08
-0.1510495821004094,-0.12268148,-0.122681454,-2.9626365666279852e-08
-0.0764458250874023,-0.019794986,-0.019795015,2.9348030089471067e-08
0.0504266135365696,0.109880924,0.109880924,2.2485351081069638e-10
0.2307190263180034,0.2893529,0.28935292,-2.6170654310320174e-08
0.4575236579779169,0.45879084,0.45879087,-3.128158571064077e-08
-0.6366647782128537,-0.6620707,-0.6620707,8.414459240491112e-09
-0.56850825946023,-0.6522701,-0.6522701,2.134094234662598e-08
-0.4867664886589413,-0.5789859,-0.5789859,-2.9489135688898216e-08
-0.3843014520207062,-0.45147973,-0.45147985,1.1700973512329682e-07
-0.2525935847014468,-0.2526729,-0.25267303,1.1930969240347977e-07
-0.0840443558942826,-0.020004049,-0.020004079,3.005648040871334e-08
0.141148466200535,0.18881041,0.18881041,-1.884613048952488e-09
0.4142350582296288,0.42185676,0.42185676,9.786987331672492e-10
0.7630766998182268,0.7491218,0.7491218,-1.4836120554306831e-08
0.5086410470423848,0.47235918,0.47235918,4.504394635063136e-10
0.4881480397147377,0.41616923,0.41616923,-3.8304138194611426e-09
0.4508461612082342,0.37868065,0.37868065,-3.580474861042404e-09
0.4119324731366348,0.3598011,0.3598011,1.3605499282753897e-08
0.3994985136344669,0.3763395,0.3763395,-4.81796263995804e-09
0.4259782422038984,0.4548049,0.4548049,-2.6916504025642496e-09
0.5420285308907984,0.58944947,0.58944947,-4.725189239884742e-09
0.744425760564975,0.7267808,0.7267808,-2.7790832524132725e-08
0.9967890867571224,0.9246202,0.9246202,1.1124420162822446e-08
-0.4782469238148633,-0.20093767,-0.20093764,-3.3449516295691595e-08
-0.8455092461474137,-0.1468523,-0.1468523,4.28962698695301e-10
-1.259974562886342,-0.082212195,-0.082212195,1.9962310970900177e-10
-1.340334782631834,-0.016680121,-0.016680092,-2.9421813964314314e-08
-1.0806031841421058,0.1069264,0.1069264,-3.510856633193171e-09
-0.6332109005733627,0.21374092,0.2137409,1.506004332352262e-08
-0.2012459371276796,0.33277738,0.33277738,9.432983283375052e-10
0.1934171478114998,0.46334037,0.4633404,-2.8152847275642046e-08
0.5498573202069782,0.6275019,0.62750185,5.4964446993821525e-08
0.9201130031604208,0.96951354,0.9695136,-6.450042722150329e-08
0.912284213844241,0.9684228,0.9684228,-2.949981692257353e-08
0.900310771360672,0.9186472,0.9186472,2.9671478274373442e-08
0.8798177640330249,0.8522957,0.8522957,-3.2646179093376304e-09
0.8510354503705994,0.83531386,0.83531386,-3.398284875721913e-09
0.8187992590686828,0.8165637,0.8165637,2.5471496578610697e-08
0.7890959113690595,0.77093184,0.77093184,-5.706790595638722e-11
0.7669910944763167,0.760807,0.760807,-2.225112916143246e-08
0.7589320466508376,0.76233745,0.76233745,-3.787231417362591e-09
-0.2274954071878117,-0.2257336,-0.2257336,6.893730170043355e-09
-0.2120680870647516,-0.19840936,-0.1984093,-6.362743376620017e-08
-0.1860488755139189,-0.13952266,-0.13952266,3.2016372608634214e-09
-0.1372340715424451,-0.05263619,-0.05263619,-1.2488937384258492e-09
-0.0511173890644678,0.03645782,0.03645785,-2.8273200988748748e-08
0.0824325463291868,0.17354086,0.17354086,4.145050136461492e-10
0.264106510166417,0.30908266,0.30908266,-2.9012298674579995e-09
0.482621835491552,0.50386703,0.50386703,1.4373779944065745e-10
0.721630168144334,0.7163324,0.7163324,-2.3996734599407432e-08
-0.4268992762410961,-0.46460474,-0.46460474,4.625549332448742e-09
-0.363117669165161,-0.37567258,-0.37567258,1.1883544703827909e-09
-0.2689419388617046,-0.243053,-0.24305294,-6.414562225831588e-08
-0.1475957044609183,-0.011576131,-0.011576131,1.37863158389262e-11
0.0138155105579642,0.32826906,0.32826906,4.426422117731477e-09
0.2189758423437337,0.6030559,0.60305595,-5.562515259516232e-08
0.4545302973570246,0.8005986,0.8005986,2.136840815403218e-08
0.7418929169626816,1.0572494,1.0572494,2.6841735945026812e-08
1.1112275658789266,1.279354,1.279354,-2.375030527801414e-08
-0.7319918010628073,-0.7420575,-0.7420575,-2.2697448365249784e-09
-0.684098031128531,-0.694007,-0.694007,2.0534515421388733e-08
-0.6143297028108115,-0.6123436,-0.6123436,-9.333038342163036e-09
-0.5222262990910496,-0.5123791,-0.5123791,-9.859466576500608e-09
-0.4140047997203294,-0.37612104,-0.37612104,-4.158935529297025e-09
-0.2682511633338064,-0.22365893,-0.22365905,1.157644271831959e-07
-0.0835838388756838,0.0015307665,0.0015307367,2.9787121582020362e-08
0.1471351874423195,0.26428092,0.2642809,1.526031495613367e-08
0.4153863507761259,0.6587526,0.6587526,2.0220184304697852e-08
-0.2268046316599135,-0.23886164,-0.2388616,-3.5327339165114324e-08
-0.2097655019717575,-0.2159888,-0.21598874,-5.992961882306247e-08
-0.1952592158858951,-0.15872191,-0.15872191,1.0730361876820638e-09
-0.173614916011751,-0.09462209,-0.094622,-9.045886993630514e-08
-0.1261816630960737,0.0024475753,0.0024475455,2.983073425300367e-08
-0.0271705040973297,0.1451745,0.14517449,1.3326416026249177e-08
0.1356222619773493,0.26521334,0.26521334,5.208587450233892e-10
0.3541375873024842,0.40715206,0.40715206,-3.3059692206016678e-09
0.6062706549853323,0.6992657,0.6992657,1.8460083017757256e-08
-0.2265743731506141,-0.22977455,-0.22977449,-5.9603462221335946e-08
-0.2185153253251349,-0.20770939,-0.20770939,3.055229180759511e-09
-0.2033182637113742,-0.1430072,-0.14300717,-3.393657685424323e-08
-0.1694702628443617,-0.05663888,-0.05663885,-3.1564140322293266e-08
-0.103616329184732,0.038520813,0.038520813,-1.1718750969613723e-11
0.0020723265836946,0.14941096,0.14941096,3.0584716703696557e-09
0.153121908684104,0.25640115,0.25640115,1.4186858909859268e-09
0.3405523352538194,0.36424258,0.36424258,3.5132599052190017e-09
0.557225592504559,0.60822386,0.60822386,-4.504547068684417e-09
0.4614380526360068,0.47314805,0.47314805,-2.07595823864537e-09
0.5192329384701574,0.56503975,0.56503975,3.913879442762891e-09
0.5864684231855835,0.6598872,0.6598872,-5.366516120375309e-09
0.657848561068399,0.72432345,0.72432345,1.5190124713626574e-09
0.7301497329884119,0.79583746,0.79583746,1.9483947788501155e-09
0.8047534900014189,0.8873815,0.8873814,9.404525758149873e-08
0.8841926757097136,0.9624911,0.9624911,-4.9339294871941775e-09
0.9650134124738046,1.043127,1.043127,-5.927276602868403e-08
1.046985441784393,1.144003,1.1440029,1.3363800044352558e-07
-0.3106187290448968,-0.33962393,-0.33962393,1.9299316589282967e-09
-0.2535146187386444,-0.320113,-0.320113,-3.253936786684619e-09
-0.1899632701720087,-0.3329532,-0.3329532,-1.4645385737477312e-08
-0.1130569280660076,-0.30248928,-0.30248928,-7.006835667233702e-10
-0.013124735030066,-0.22463726,-0.22463731,5.4927406317739624e-08
0.1291750237169659,-0.04219313,-0.0421931,-2.9658699038370706e-08
0.3292696682981485,0.21645127,0.21645127,2.368431090138401e-09
0.5926854029366675,0.60872525,0.60872525,-2.326965287124949e-10
0.9086000776954504,0.94386727,0.94386727,-3.821868932440964e-09
-0.2270348901692129,-0.2463886,-0.2463886,7.234573495829011e-10
-0.2164429987414403,-0.2284889,-0.2284889,-7.2179794363691485e-09
-0.2010156786183802,-0.17729391,-0.17729391,-1.576271058123524e-09
-0.1708518139001582,-0.09402518,-0.09402518,2.562332152011848e-10
-0.1102938259544148,0.018354312,0.018354341,-2.941457366914535e-08
-0.0135852520486648,0.137686,0.137686,-7.257461576148927e-10
0.1248001120402772,0.2364674,0.2364674,6.15367889977847e-09
0.299336062089226,0.33033472,0.33033472,2.995758030532869e-09
0.4936742439379235,0.5005786,0.5005786,-1.7713165267885245e-08
-0.3161449332680825,-0.24806745,-0.24806745,-3.5036087087103596e-09
-0.250981775136351,-0.16203098,-0.16203101,3.000904083561018e-08
-0.1697005213536611,-0.0939102,-0.09391023,2.7616004941166672e-08
-0.0693078112991207,0.007716432,0.007716432,2.1378326452853313e-10
0.0610185049643422,0.13150819,0.13150817,1.6459541313240678e-08
0.2311795433366022,0.26928785,0.26928785,4.433059697106501e-09
0.4434778889106532,0.5767783,0.5767783,-7.344055141800254e-09
0.6916965619354114,0.8420805,0.84208035,1.2389984127558762e-07
0.9638621199273076,1.0662194,1.0662194,4.904327388643992e-08
-0.3090069194798009,-0.3671943,-0.3671943,5.070495578962664e-09
-0.2093049849531587,-0.22429879,-0.22429879,-9.723663541016947e-11
-0.0870377165151749,-0.12900262,-0.12900259,-2.5809440612478696e-08
0.0186509392532517,-0.018462375,-0.018462375,1.9359588585010634e-10
0.1994038690532843,0.087244645,0.08724466,-1.5238914491400024e-08
0.3490719000978974,0.19605155,0.19605155,2.891731271104092e-09
0.5394956872885049,0.3148817,0.3148817,1.2198257459683504e-08
0.7382087808138911,0.53190064,0.53190064,4.302368128428213e-09
0.9668554805481998,0.7669811,0.7669811,2.4877929716282665e-08
-0.5047266523842949,-0.5150983,-0.5150983,2.624588013588891e-08
-0.451306678226833,-0.4214903,-0.4214903,-1.1622619644491294e-08
-0.3723280095371372,-0.29068935,-0.29068923,-1.191744994910593e-07
-0.2661788367501116,-0.17667563,-0.1766756,-3.259601594196582e-08
-0.1545034597399004,-0.077862576,-0.077862546,-2.9650215144227943e-08
-0.0094405988812755,0.06445001,0.06444998,3.065731048190745e-08
0.1650953511676731,0.18702081,0.1870208,8.458328260019243e-09
0.3732490435743348,0.44379157,0.44379157,-1.720733666665808e-09
0.660151146161393,0.72822475,0.72822475,4.333496117503444e-09
0.6910057864075131,0.72331697,0.72331697,-2.5126647429374316e-09
0.691466303426112,0.7077628,0.7077628,-2.219467165609501e-08
0.6956109565935013,0.67256206,0.67256206,2.7403259661440416e-09
0.7029792288910822,0.6430067,0.6430067,-1.760406498352296e-08
0.7138013788281542,0.61245984,0.6124598,3.839035034314264e-08
0.7299194744791125,0.6283439,0.6283439,-1.9823455765788367e-08
0.752945325409053,0.7176088,0.7176088,9.471130324456567e-09
0.7895564283876583,0.7556006,0.7556007,-1.2836761476009428e-07
0.8415948514893238,0.77857554,0.77857554,-4.1107173220922277e-10
-0.5558440414487626,-0.57466817,-0.5746682,3.0978393517067104e-08
-0.4623590866732044,-0.48488712,-0.48488712,-3.1079101514563945e-09
-0.3578217234512748,-0.36071557,-0.36071557,1.934356674837545e-09
-0.2403898837085784,-0.20018812,-0.20018812,4.7608566255963325e-09
-0.1077609823521213,0.02200362,0.02200365,-2.9137039184168323e-08
0.0455911848412821,0.26136765,0.26136765,-1.160049445392275e-09
0.2247323050762188,0.48839802,0.48839802,-4.500884998037691e-09
0.4393332357432639,0.6639502,0.6639502,4.8492431181657025e-09
0.7066633650398727,0.8170206,0.8170206,-4.926300034568953e-09
0.2926585653195432,0.38486016,0.3848601,5.796661378676404e-08
0.3163751917773819,0.45518616,0.45518613,2.8418655373396717e-08
0.3617361181093645,0.50733405,0.50733405,3.516387958590883e-09
0.4188402284156169,0.5469764,0.5469764,-1.2499237089791393e-08
0.4985096726332109,0.6227873,0.6227873,-3.2279968698034622e-09
0.5982116071598531,0.6910678,0.6910679,-8.517303462518555e-08
0.7195578415606394,0.79843646,0.79843646,2.879180893700095e-09
0.874752076828438,0.9465919,0.9465919,1.3700103718150558e-08
1.0679389661306384,1.1420522,1.1420522,-2.6385498008707486e-08
-0.1922658552650028,-0.13893558,-0.13893561,2.915035246520148e-08
-0.1644045756397749,-0.1408139,-0.1408139,-2.020454414886075e-09
-0.1363130375052475,-0.12638973,-0.12638973,3.003578191718148e-09
-0.0773668591245999,-0.08784233,-0.08784236,2.9663429254589424e-08
-0.0029933606208922,-0.014756367,-0.014756367,3.894729608266978e-10
0.1022347781289356,0.10302193,0.10302194,-1.2822093969910853e-08
0.2560474623409379,0.22162187,0.22162187,9.945678725031826e-10
0.4298926368619883,0.45628938,0.45628938,7.888030784108935e-10
0.6389673633058478,0.70613915,0.70613915,-2.71835332021908e-09
1.180305118668748,1.0983764,1.0983764,-6.681823760956718e-09
1.165568574073586,1.0716536,1.0716536,4.5074461940686206e-09
1.1489899614040289,1.0321351,1.032135,1.2897491452612542e-07
1.1335626412809687,1.0015951,1.0015951,3.9503478932445546e-08
1.1142209264998189,0.96895057,0.96895045,1.1962966917078433e-07
1.0833662862536986,0.9255646,0.9255647,-1.1288375856288724e-07
1.0421500130891053,0.888104,0.888104,2.1549224848982362e-08
0.9894208144595416,0.8554899,0.8554899,9.648895238356658e-09
0.907218526639654,0.8163518,0.8163518,-2.8645324667841976e-08
0.47179968555448,0.45242357,0.45242357,2.5402832060095193e-09
0.5318971564816246,0.5269736,0.5269736,5.155944782231359e-09
0.6014352262900448,0.596134,0.59613395,5.6977081275277897e-08
0.6737363982100579,0.6511432,0.6511432,-6.7550659510473565e-09
0.7511032573346578,0.75707126,0.75707126,-3.3624267814502673e-09
0.8282398579499584,0.86852074,0.8685206,1.3669433596152913e-07
0.9083698191861512,0.9110248,0.9110248,8.883667024228714e-09
0.9903418484967392,0.9659978,0.9659978,1.5132141095719476e-08
1.0769190479933153,1.0380982,1.0380982,1.6056823648469276e-08
0.6371252952314526,0.64540184,0.6454018,3.5441589329998635e-08
0.5938366954831645,0.57884264,0.5788427,-6.007690434017832e-08
0.5464034425674871,0.5092352,0.5092352,3.2661437998626752e-09
0.5185421629422592,0.4681532,0.46815318,2.8494186399274923e-08
0.5042661353656961,0.4539,0.4539,9.393691990933206e-09
0.5120949246818758,0.45602453,0.45602456,-3.2450256370886166e-08
0.5457126670395889,0.5112613,0.5112613,-1.564865115266656e-08
0.6166322879038054,0.6352338,0.6352339,-8.051528932462304e-08
0.7522545498811548,0.8263952,0.8263951,1.1360397333959327e-07
2.8796129172983536,2.8464735,2.8464735,-4.4570922952402725e-08
2.5461985958328155,2.5680356,2.5680358,-1.974304200125232e-07
2.246171758215692,2.2698517,2.2698514,2.84570312647503e-07
1.9869006767445625,1.9930317,1.9930317,4.0188598671164755e-08
1.7098996900573786,1.7168034,1.7168034,3.1510925202482554e-08
1.4384249075933806,1.4560243,1.4560243,-1.0868835387256581e-08
1.216225446119455,1.181405,1.181405,-5.176544193297161e-08
0.9739934943364814,0.92037386,0.92037374,1.1702133173585594e-07
0.7561689445392448,0.7521119,0.7521119,1.1773681585225404e-08
0.5510086127534752,0.6181523,0.6181524,-7.961502079822935e-08
0.5551532659208644,0.68503857,0.6850385,6.658935547410039e-08
0.5860079061669847,0.77432114,0.77432114,-1.1412047973280437e-09
0.646565894112728,0.7746496,0.7746496,2.0056152294500862e-08
0.7050515554747769,0.7636141,0.763614,1.1809921263150613e-07
0.781957897580778,0.8286616,0.8286616,2.0616912843607338e-08
0.8772849204307315,0.90702945,0.90702933,1.1993972781620954e-07
0.9785986645224696,0.9753139,0.9753139,1.9012451613065195e-09
1.077379565011914,1.0352156,1.0352156,1.6226196386526226e-08
-1.2747111074815038,-1.2985773,-1.2985773,-8.654785110806529e-09
-1.2643494745630306,-1.2842814,-1.2842813,-7.302398685737899e-08
-1.2528365490980604,-1.2620156,-1.2620155,-8.113098148854192e-08
-1.2371789704657008,-1.2344126,-1.2344126,4.907379147489621e-08
-1.218988548231048,-1.2087169,-1.208717,1.30645751994507e-07
-1.1989560579219998,-1.1785345,-1.1785344,-1.0775146486174947e-07
-1.1770814995385563,-1.1554316,-1.1554316,-2.8227233883626468e-08
-1.1533648730807176,-1.1336789,-1.1336787,-2.1311645514998645e-07
-1.1261943689833878,-1.1107246,-1.1107247,1.3163299561469444e-07
1.1061618786743397,1.1001383,1.1001383,6.617736802994045e-09
0.8130427963361977,0.78779835,0.78779835,-4.911041240340808e-09
0.5206144895259538,0.5160801,0.5160801,-1.8537139934160507e-08
0.2431529858201712,0.30441326,0.3044133,-4.097061157004589e-08
-0.0200324903090481,0.07138869,0.07138869,1.663742060786788e-09
-0.2770009866871837,-0.17161466,-0.17161472,5.818721771078117e-08
-0.5219960405817502,-0.43655568,-0.43655568,-3.6128234848220586e-09
-0.7497217062788614,-0.67952436,-0.6795245,1.37912750219904e-07
-0.9730724602992836,-0.88585633,-0.88585633,-3.947449034313877e-10
-0.2857508100405611,-0.37010628,-0.37010628,1.499939061844202e-10
-0.3382497501608253,-0.4257064,-0.4257064,1.3433837875442833e-08
-0.4160771263040241,-0.47739166,-0.47739154,-1.202134704558766e-07
-0.4833126110194502,-0.5385651,-0.5385651,7.606506535751123e-10
-0.5533111978464693,-0.6143984,-0.6143984,-1.9857025135294748e-08
-0.6368950367221531,-0.683155,-0.6831551,9.979019166550529e-08
-0.7368272297580947,-0.7869647,-0.7869647,-1.452713016547591e-08
-0.8141940888826947,-0.89128405,-0.89128405,1.442718500221929e-09
-0.8917912065165939,-0.9961495,-0.9961495,1.9657135030826112e-08
0.5086410470423848,0.52716,0.52716,-1.1119842491247312e-08
0.3633479276744604,0.34574425,0.34574425,2.204895044322086e-09
0.2307190263180034,0.15062553,0.15062553,-3.094940193015816e-09
0.0326967083205154,-0.030472204,-0.030472204,-8.91647346235036e-11
-0.0785181516710969,-0.17017545,-0.17017542,-2.8060035711652276e-08
-0.1478259629702177,-0.35321343,-0.35321343,5.490112253703217e-10
-0.3456180224584063,-0.5240545,-0.5240545,-2.7282714865073388e-08
-0.6288359888966739,-0.728009,-0.728009,1.448059083752895e-08
-0.7888656528597602,-0.9185212,-0.91852134,1.1454757686824024e-07
-0.9615595348343136,-0.9616818,-0.9616818,1.68006897283135e-08
-0.9788289230317688,-0.972621,-0.9726209,-1.2365493773369707e-07
-0.9963285697385236,-0.97070163,-0.9707015,-1.3488388062032897e-07
-1.0138282164452783,-0.9826978,-0.9826979,1.1509933472986233e-07
-1.0299463120962369,-1.0049461,-1.004946,-1.1263275156991881e-07
-1.0446828566913986,-1.0242724,-1.0242724,-4.1864013589076876e-08
-1.0587286257586623,-1.0381879,-1.0381879,3.855743413438972e-08
-1.0725441363166266,-1.0539678,-1.0539678,-3.3518982034408396e-08
-1.083136027744399,-1.0707474,-1.0707475,1.2451171871319389e-07
0.2109167945182546,0.120128945,0.120128945,-4.838180550637006e-10
0.1307868332820618,-0.054640934,-0.054640993,5.91287307727395e-08
0.043288599748288,-0.18181883,-0.18181883,2.013282762725055e-09
-0.0522686816109648,-0.300107,-0.300107,-2.2583007686094447e-09
-0.1581875958886909,-0.42928934,-0.42928934,-9.729003713765394e-10
-0.2765404696685849,-0.55003303,-0.55003303,-2.8941344876187713e-09
-0.4107811805901378,-0.6819556,-0.6819556,2.4057006831057492e-08
-0.5659754158579364,-0.8254383,-0.82543844,1.1936325072792187e-07
-0.749491447769562,-0.9662673,-0.9662674,1.1226882934423088e-07
0.3064740758775075,0.2900173,0.2900173,6.804657004533254e-09
0.1517403576283076,0.17165463,0.17165463,-3.2728958154759624e-09
-0.0050656872045869,0.03301598,0.03301595,3.131656646504499e-08
-0.1618717320374814,-0.13733964,-0.13733964,3.316535962527567e-09
-0.3177567428331783,-0.281026,-0.2810259,-1.0574493408688213e-07
-0.4727207195916776,-0.41353482,-0.4135347,-1.2007980348949232e-07
-0.6279149548594763,-0.5858827,-0.5858826,-1.2333145138487822e-07
-0.7824184145993768,-0.76487446,-0.76487446,1.6870117525158435e-09
-0.9371521328485766,-0.9369238,-0.9369239,9.810104373286777e-08
-0.7308405085163102,-0.83031815,-0.83031815,-2.9045105209846156e-09
-0.8489631237869047,-0.8626948,-0.8626949,1.0009994511062104e-07
-0.8894886214235999,-0.8762712,-0.87627107,-1.1825912471508104e-07
-0.8973174107397797,-0.88878983,-0.88878983,-2.5920104951282497e-09
-0.8798177640330249,-0.889317,-0.889317,2.3929595971416973e-08
-0.9127447308628396,-0.8895139,-0.8895139,-9.816741974866261e-09
-0.9433691125996606,-0.9258577,-0.9258576,-1.2275924687887851e-07
-0.9751447868829785,-0.97333795,-0.9733382,2.516777038996665e-07
-1.011295372842985,-1.0195025,-1.0195025,-2.0561218283532412e-08
-0.6295267644245721,-0.61487144,-0.61487144,-2.317962599640566e-09
-0.7101172426793638,-0.6627192,-0.6627192,9.879302931281586e-09
-0.7750501423017959,-0.72660214,-0.72660214,2.9112243726814313e-09
-0.8254767558383654,-0.7889685,-0.7889684,-1.03475189194846e-07
-0.8724494917354441,-0.84353274,-0.84353274,-1.0697936980719192e-09
-0.9187314521046244,-0.8878638,-0.8878637,-1.1483077999585589e-07
-0.9558030721018284,-0.94366413,-0.94366413,-3.5487365268593862e-09
-0.9903418484967392,-0.98761624,-0.98761624,-9.78240932703045e-10
-1.0193544206684642,-1.0353385,-1.0353385,-2.1003723205126335e-08
-0.4899901077891329,-0.5795242,-0.5795241,-1.1903610230845629e-07
-0.4807797674171568,-0.5916206,-0.5916205,-1.2406539917630965e-07
-0.4791679578520609,-0.60415316,-0.60415316,3.7194823887531925e-09
-0.4987399311425103,-0.62802744,-0.62802744,8.825683517343919e-10
-0.5447916330023913,-0.70009285,-0.70009273,-1.2211563105157808e-07
-0.6244610772199852,-0.77800447,-0.77800435,-1.1748733519389987e-07
-0.7241630117466274,-0.84730273,-0.84730273,-4.851837154262739e-09
-0.8406738174521261,-0.9301736,-0.9301737,1.241218566816471e-07
-0.9677765145853976,-0.9992984,-0.9992983,-9.372634890425502e-08
3.3394391603692646,3.3010085,3.3010082,2.6290588373001356e-07
3.1167791818767405,3.122464,3.122464,-5.84259032265777e-08
2.8796129172983536,2.921059,2.9210587,1.9320373523257217e-07
2.632085019801494,2.694696,2.694696,-5.044555662081507e-08
2.3751165234233587,2.4546857,2.4546857,-1.198120136436387e-08
2.1059443260523545,2.2017117,2.2017117,-4.5336914222815494e-08
1.8236473936512845,1.9233228,1.9233229,-1.0317840581919313e-07
1.52362055603416,1.6082078,1.608208,-1.781539917811159e-07
1.2037914866172872,1.2416939,1.2416937,1.5433197031455848e-07
-0.6281452133687757,-0.5990224,-0.5990224,1.1541748001775431e-08
-0.4393332357432639,-0.37281013,-0.37281,-1.253509521736973e-07
-0.2530541017200456,-0.14198132,-0.14198138,6.140697478285162e-08
-0.074603757013007,0.10141947,0.10141947,1.2042808555934315e-09
0.0932546962662588,0.2664332,0.26643324,-3.0819168106432926e-08
0.2417714347643748,0.38662654,0.38662654,1.6145324521765758e-09
0.3771634382324247,0.5065653,0.5065653,-2.7191925044967036e-08
0.4948255364844204,0.59898114,0.59898114,2.0440673598187686e-09
0.5650543818207389,0.61180574,0.61180574,-2.9814147817219805e-09
0.673275881191459,0.69079566,0.6907956,6.001892094431582e-08
0.7276168893861185,0.755454,0.7554539,1.038108825568429e-07
0.7672213529856161,0.78648025,0.7864801,1.4797439573666082e-07
0.796233925157341,0.8077855,0.8077855,1.1016845657962904e-08
0.8164966739756887,0.797886,0.7978859,1.1398468013901208e-07
0.8291608919871559,0.81744295,0.81744295,3.5865783676314322e-09
0.8358383887568387,0.8109801,0.8109801,-1.844177244247902e-08
0.839983041924228,0.81009555,0.81009555,-1.3702392553938125e-09
0.8445882121102161,0.82691854,0.82691854,2.385101338653328e-09
-0.2866718440777587,-0.25972658,-0.25972658,-3.957672134458079e-09
-0.0536502326667612,0.009506553,0.009506524,2.941148376407743e-08
0.17016103837226,0.21876058,0.21876058,-1.7555237818989156e-10
0.3476903490421009,0.39808756,0.39808756,1.1305236746750325e-09
0.4784771823241627,0.52331483,0.52331483,3.6410522374907828e-09
0.5954485050482603,0.60138637,0.60138637,-1.72531122721864e-09
0.6859400992029263,0.652061,0.652061,-1.4434814454844513e-08
0.7674516114949155,0.7130934,0.7130934,1.5258905250448151e-12
0.821792619689575,0.7770586,0.7770586,1.379394487521779e-09
1.2256660450007306,1.1851591,1.1851592,-1.1281890865966204e-07
1.1197471307230045,1.1134728,1.1134729,-8.067169199321711e-08
1.0126769238987814,1.0494659,1.0494658,9.469909678649913e-08
0.9175801595581272,0.9849712,0.9849712,2.526168818572927e-08
0.8372199398126351,0.9154085,0.9154085,-7.91168208724713e-09
0.7713660061530054,0.83150804,0.83150804,4.2816161727188273e-10
0.7156434469025496,0.73797387,0.73797375,1.1884689332664067e-07
0.6988345757236929,0.68354964,0.6835497,-5.743713382688753e-08
0.68064415348904,0.6452368,0.6452368,-9.81979375591635e-09
-0.662453731254387,-0.6138333,-0.6138333,-8.21990964183783e-09
-0.499660965179708,-0.39912522,-0.39912522,1.6085815457422825e-09
-0.3205198449447711,-0.16871385,-0.16871385,-2.763175965814213e-09
-0.1517403576283076,0.082455754,0.08245574,1.4280090332441375e-08
0.0177299052160541,0.2827692,0.28276917,3.318603514212981e-08
0.1655558681862719,0.44026214,0.44026214,-1.1564636470673406e-09
0.2912770142637468,0.5415311,0.54153115,-6.403198238302821e-08
0.3905184317717902,0.5995507,0.5995507,2.402954102365129e-08
0.4651221887847973,0.5665732,0.5665732,2.6100158700970155e-09
-0.279994347308076,-0.27800757,-0.2780077,1.3307113649885238e-07
-0.0594066953992463,-0.070463076,-0.070463076,-2.338638310783736e-10
0.1254908875681755,0.11806787,0.11806788,-1.194608688359633e-08
0.2779220207243813,0.26441744,0.26441744,-3.008270299531546e-10
0.3900579147531913,0.36756432,0.36756432,5.642700195984673e-10
0.4807797674171568,0.4615867,0.4615867,1.379089353825691e-08
0.5590676605789543,0.5398748,0.5398748,-7.901000964594118e-09
0.6309083154803686,0.61732775,0.61732775,-2.708434587717079e-10
0.689163718333118,0.67896825,0.67896825,7.514953104248434e-10
1.2859937744371746,0.9563115,0.9563115,2.3914337177188827e-08
2.169035157600391,1.5900755,1.5900755,-7.141113256281528e-09
2.767246764760244,2.2311473,2.2311473,-1.0723876897600348e-08
3.1923039729269456,2.6780334,2.6780336,-2.4810180665468806e-07
3.522264416752992,3.0261745,3.0261748,-2.547119142271015e-07
3.798114110893679,3.3273244,3.3273242,1.9041137688802223e-07
4.057845709383407,3.6084585,3.6084583,2.1898193347524852e-07
4.196461331981649,3.8159566,3.8159566,-7.440185356699658e-09
4.2954724909803925,4.018208,4.018208,2.6885986770253112e-08
-0.5266012107677382,-0.6527455,-0.6527455,1.4694213845700688e-08
-0.3633479276744604,-0.48760593,-0.48760593,6.253051965110501e-10
-0.1872001680604159,-0.3307888,-0.33078867,-1.2117965697555633e-07
-0.0009210340371976,-0.14577259,-0.14577256,-3.123325348353134e-08
0.1957197329044939,0.04798773,0.04798773,-6.890106193924161e-10
0.4015708402181616,0.2554706,0.2554706,3.7044525225127245e-09
0.615711253866608,0.46931607,0.46931607,-4.688568089328271e-09
0.8358383887568387,0.6914602,0.69146025,-5.7796478269978024e-08
1.0559655236470695,0.9721792,0.9721792,-2.5576782247682672e-08
-0.4268992762410961,-0.45616025,-0.45616025,2.6741027725485367e-09
-0.2866718440777587,-0.3086477,-0.3086477,7.796478296295817e-09
-0.1367735545238463,-0.15290613,-0.15290613,-4.724617003182274e-09
0.0165786126695571,0.0034992099,0.0034992695,-5.9619171142479e-08
0.1807529298000326,0.15372127,0.15372127,2.9454040595400244e-09
0.3569006894140771,0.33637872,0.33637872,3.3829498091719756e-09
0.5429495649279961,0.52575773,0.52575773,7.171596649868661e-12
0.7322220595721066,0.68971634,0.68971634,-8.886719138345711e-10
0.9244879148371096,0.89236295,0.89236295,2.232360851728288e-09
0.7515637743532566,0.7537657,0.7537657,2.2476196459564335e-09
1.124582559418292,1.1325356,1.1325356,-2.317962644049487e-08
1.2272778545658265,1.117059,1.117059,-7.614135766331742e-09
1.2316527662425152,1.0527045,1.0527045,-4.653167717805218e-08
1.1908970100965206,1.0350448,1.0350449,-1.1068572991490555e-07
1.1340231582995677,0.9857906,0.9857906,1.0313415566010065e-08
1.0766887894840158,0.9078918,0.9078918,9.940338108194169e-09
1.018663645140566,0.8555416,0.85554147,1.1687591550124665e-07
0.9643226369459064,0.84868026,0.84868026,-2.2027587531781023e-09
0.4713391685358812,0.498497,0.498497,9.277343726576959e-09
0.421142813508611,0.4550243,0.4550243,2.005767829604821e-09
0.381308091399814,0.41128764,0.4112876,3.5564804101717584e-08
0.3493021586071967,0.36344928,0.36344928,-4.506378159518931e-09
0.3198290694168729,0.29011664,0.29011664,-2.054824810304723e-09
0.2949611504125373,0.227391,0.22739102,-1.5437622069569557e-08
0.2664090952594111,0.18676515,0.18676515,-7.642745880609425e-10
0.2224297199832248,0.15325445,0.15325445,-6.324767931609188e-10
0.160490180981685,0.12432095,0.12432092,2.6633815763954516e-08
-0.6857098406936268,-0.6181651,-0.6181651,2.4221038841254483e-08
-0.7015976778352858,-0.64959383,-0.64959395,1.1989135739742807e-07
-0.7064331065305733,-0.71962786,-0.719628,1.4279174809228579e-07
-0.7050515554747769,-0.7088219,-0.7088219,7.261657719581649e-09
-0.6928478544819084,-0.69244,-0.69244,2.6645660455848486e-08
-0.6762692418123514,-0.6805812,-0.6805812,-1.2043762209756892e-08
-0.6518618398266144,-0.64865375,-0.64865375,4.348754911731589e-09
-0.6198559070339972,-0.6241459,-0.62414604,1.1495498652980274e-07
-0.5820935115088949,-0.5930466,-0.5930466,-5.5870056359097475e-09
1.344939952817822,1.4284002,1.4284002,-4.111785889548969e-08
2.058280814627378,1.9470847,1.9470847,-3.4701538087489325e-08
2.367748251125777,2.1102688,2.1102688,3.1253051702151424e-08
2.4372863209341977,2.080486,2.0804863,-2.4081115723717517e-07
2.37834014255355,1.9523736,1.9523737,-7.615203867494813e-08
2.197587212753517,1.8220083,1.8220081,1.5214385995498958e-07
2.0069331670536106,1.7034298,1.7034299,-8.184661859367282e-08
1.8045359373794336,1.5581825,1.5581825,-2.2048950221176256e-08
1.5989150885750656,1.4613627,1.4613627,1.953582762226347e-08
1.5487187335477952,1.501905,1.5019048,1.6444702155560265e-07
1.665229539253294,1.6252584,1.6252584,4.573974599075825e-08
1.8185817064466967,1.7671143,1.7671142,8.16543579418294e-08
1.9519013833310528,1.9204383,1.9204382,8.964233400021726e-08
2.1259768163614026,2.1108036,2.1108036,4.125976449387281e-09
2.336202835351759,2.369524,2.369524,2.075195126849394e-09
2.5800465966998285,2.659729,2.659729,3.906249990137667e-09
2.860961978045102,2.9769316,2.9769316,-2.8039550681313585e-08
3.2261519737939577,3.3016782,3.3016782,-1.930541992933854e-08
-0.3555191383582807,-0.34004968,-0.34004968,-4.047698953790757e-09
-0.3467693150049033,-0.30936414,-0.30936414,-3.3721914149964505e-11
-0.3271973417144539,-0.28141016,-0.28141016,2.3194885456767622e-09
-0.3037109737659146,-0.23858528,-0.23858528,1.6081619369501254e-09
-0.2889744291707528,-0.21921085,-0.21921085,1.7877578861735799e-09
-0.2744681430848902,-0.18765242,-0.1876524,-2.3977851870693456e-08
-0.2569684963781355,-0.14528157,-0.1452816,3.183040619969546e-08
-0.2332518699202968,-0.12410225,-0.12410228,3.025844573512071e-08
-0.1895027531534099,-0.10910545,-0.10910542,-3.289516449511698e-08
1.3891495866033077,1.2542778,1.2542778,2.535552967586341e-08
1.6030597417424548,1.3569053,1.3569053,4.114837648394598e-08
1.7098996900573786,1.2487133,1.2487133,-4.5071411047814536e-08
1.6546376478255214,1.0539795,1.0539795,1.6029357841063074e-08
1.4271422406377097,0.892933,0.892933,1.1054992699044419e-08
1.0939581776814713,0.7141561,0.7141561,-8.786773642022183e-09
0.7294589574605138,0.32737654,0.32737654,4.4755554262643216e-09
0.3999590306530657,0.1558198,0.1558198,3.476333609864213e-09
0.0822022878198874,-0.026691452,-0.026691452,3.3126068207933734e-10
1.5468766654734,1.5020499,1.5020499,2.2943115185469765e-08
1.5072722018739024,1.3305317,1.3305316,1.1634674068616846e-07
1.392603464242799,1.1680256,1.1680256,1.2831115725475684e-08
1.1839892548175384,0.94156283,0.94156283,1.4018249894220958e-09
0.9224155882534149,0.6628104,0.6628104,-1.4772796652628983e-08
0.6327503835547638,0.4124282,0.4124282,2.4490354189055097e-10
0.3575914649419753,0.24622253,0.24622253,-4.164962763564262e-09
0.1098333089358159,0.08249998,0.08249998,9.265136713398903e-10
-0.1243395950216784,-0.10436098,-0.10436104,5.7224311830750274e-08
1.9495987982380587,1.837663,1.837663,5.446624751215268e-08
1.8528902243323089,1.6792042,1.6792042,2.55401610971262e-08
1.7018406422318992,1.4073865,1.4073864,1.4136657711105727e-07
1.4522404181513449,1.1007689,1.100769,-7.624053965926691e-08
1.1607331453782983,0.81815,0.81815,-1.611709599114164e-08
0.8356081302475392,0.5270457,0.5270457,2.6776123096539095e-08
0.5316668979723251,0.2717789,0.27177894,-2.864784243161722e-08
0.2519028091735486,0.12356938,0.12356939,-1.3233318330030386e-08
-0.0073682722975809,-0.05166833,-0.05166833,-1.027030946398888e-09
1.6615454031045036,1.4068875,1.4068877,-1.687194823851712e-07
1.6820384104321506,1.2678559,1.2678559,-1.7355346715319797e-08
1.6260855926723954,1.0948477,1.0948478,-1.208618163328623e-07
1.4437208533072667,0.9173107,0.9173107,1.472167965310689e-08
1.2021796770521913,0.67355835,0.67355835,4.377746609662836e-09
0.8869557778213064,0.4089737,0.4089737,-6.1523437455690555e-09
0.5500875787162776,0.2407018,0.2407018,-5.375671380258851e-09
0.2410806592364766,0.090806976,0.09080699,-1.4039268497745283e-08
-0.0271705040973297,-0.06869875,-0.06869875,1.0538101224977225e-09
1.6173357693190178,1.3251877,1.3251877,-1.6894531329469942e-08
1.6827291859600488,1.1400728,1.1400728,2.2570800783938694e-08
1.686413322108839,1.0168223,1.0168223,3.810424797912049e-08
1.5973032790099695,0.8634222,0.8634222,1.4984893770275676e-08
1.3863864844917149,0.7230097,0.7230097,5.543518089012878e-09
1.1938903707174129,0.5135013,0.5135012,8.65066528410452e-08
0.7276168893861185,0.27701175,0.27701178,-2.7871398911027967e-08
0.392130241336886,0.13095005,0.13095006,-1.143413544402172e-08
0.0861166824779773,-0.05184506,-0.05184506,1.2012100203406817e-09
-0.7004463852887888,-0.61436844,-0.61436856,1.2127929682748118e-07
-0.6693614865333691,-0.5864878,-0.5864878,-2.9685211178076543e-08
-0.6364345197035542,-0.54777044,-0.54777044,-5.784607237657724e-10
-0.5995931582156496,-0.5176994,-0.5176994,-2.0452117888147825e-08
-0.5553835244301638,-0.479487,-0.47948688,-1.218959045368173e-07
-0.5074897544958877,-0.43199843,-0.43199843,-1.6825866810954437e-09
-0.4379516846874675,-0.3931654,-0.3931654,-9.564971925613008e-09
-0.3969656700321735,-0.35731697,-0.35731697,-8.251953009796864e-10
-0.3361774235771307,-0.3012851,-0.3012851,1.1937713595422395e-08
-0.737057488267394,-0.59145254,-0.5914524,-1.389671325791042e-07
-0.7048212969654775,-0.55640626,-0.55640626,4.6325687730330856e-10
-0.6670589014403752,-0.5265513,-0.5265513,-6.247711126228239e-09
-0.6281452133687757,-0.4933107,-0.4933107,1.0073852529934868e-08
-0.5864684231855835,-0.444234,-0.444234,-1.3557434064281892e-08
-0.532127414990924,-0.39194977,-0.3919499,1.2716522218569892e-07
-0.480319250398558,-0.3600217,-0.3600216,-1.1039581299110424e-07
-0.4144653167389282,-0.3298962,-0.3298962,-1.162414553501634e-08
-0.3336445799748372,-0.28499097,-0.28499097,3.6799621683236694e-09
-0.4517671952454318,-0.4149965,-0.4149965,-4.783630380700288e-09
-0.4425568548734556,-0.38740355,-0.38740343,-1.177638244698187e-07
-0.4285110858061919,-0.36546057,-0.3654607,1.25373077419777e-07
-0.4128535071738324,-0.3500964,-0.3500964,-4.552459742512838e-09
-0.3937420509019819,-0.32814592,-0.32814592,-1.2303161822657671e-09
-0.3707161999720414,-0.29708827,-0.29708827,4.58099363997988e-09
-0.3520652607187896,-0.27727717,-0.27727717,-1.6117858714359556e-09
-0.3242039810935617,-0.25373834,-0.25373834,-3.7156677179517317e-09
-0.2926585653195432,-0.25338608,-0.25338608,-2.6504515249214933e-10
-0.0822022878198874,-0.09638403,-0.09638403,-3.5607528731107507e-09
-0.061479021982941,-0.109867945,-0.109867975,2.9686546332285957e-08
-0.0400649806180963,-0.1346557,-0.1346557,8.661270034515667e-10
-0.0250981775136351,-0.14226775,-0.14226772,-2.8713493360754683e-08
-0.0158878371416589,-0.17038237,-0.17038237,4.4156265310846265e-09
-0.0163483541602577,-0.16574837,-0.16574837,-2.6739883363102734e-09
-0.0264797285694315,-0.13924234,-0.13924237,3.384601593436898e-08
-0.0474332529156773,-0.11217673,-0.11217679,5.8771171568272607e-08
-0.0789786686896957,-0.10002355,-0.10002355,-2.775382992870057e-09
-0.5252196597119418,-0.49357516,-0.49357527,1.1426498414124353e-07
-0.4612077941267074,-0.401116,-0.401116,-1.3526916531336752e-08
-0.4036431668018562,-0.3051319,-0.3051319,-1.2231445301047472e-08
-0.3516047437001908,-0.23605783,-0.23605777,-6.283710479726423e-08
-0.3050925248217111,-0.19151767,-0.1915176,-6.598224638887373e-08
-0.2624947006013212,-0.15939628,-0.1593963,2.4122047415087167e-08
-0.2228902370018236,-0.1280313,-0.1280313,1.4818191396148706e-09
-0.1867396510418171,-0.102893576,-0.102893606,2.9974037168978285e-08
-0.1547337182491998,-0.09590085,-0.09590088,3.1492118829357096e-08
0.3527560362466878,0.42412764,0.42412764,-1.6600036345515434e-09
0.5592979190882538,0.58771664,0.58771664,-9.580993776125979e-10
0.6166322879038054,0.59526515,0.59526515,7.019040904054918e-11
0.5691990349881282,0.46234488,0.46234488,4.8724365098173905e-09
0.4540697803384258,0.340932,0.340932,1.1604309069213059e-08
0.3011781301636212,0.25773707,0.25773707,3.2203673061559357e-10
0.1413787247098344,0.18757465,0.18757467,-1.5182418822146104e-08
-0.0052959457138863,0.043455377,0.043455377,2.2110747954773302e-10
-0.1420695002377326,-0.09210698,-0.09210695,-3.3065605156701317e-08
0.501963550272702,0.41240925,0.41240922,2.596786496944503e-08
0.524759142693343,0.414635,0.414635,2.613067651147105e-09
0.5466337010767865,0.418446,0.418446,4.390716568103414e-09
0.5680477424416311,0.42936218,0.42936218,-2.1511840642141067e-09
0.5885407497692782,0.45622388,0.45622388,-4.7158050797690976e-09
0.6071916890225298,0.50463957,0.50463957,-4.055328406415981e-09
0.624921594238584,0.5586774,0.5586774,-2.4683380117629383e-08
0.6424212409453388,0.6134143,0.6134143,-1.2432861296041153e-08
0.6594603706334947,0.6646963,0.6646963,-2.381210328916694e-08
-0.4195310039435151,-0.3300984,-0.3300984,9.420776381219298e-09
-0.2125286040833504,-0.11376198,-0.11376198,3.6387252794201075e-09
-0.0373018785065035,0.11552106,0.11552104,1.8440208429670868e-08
0.0946362473220552,0.23525797,0.23525797,-1.6934585678196612e-09
0.1922658552650028,0.32917792,0.32917792,-3.950042737344006e-09
0.2687116803524051,0.389331,0.38933098,3.2964248664058005e-08
0.3343353555027354,0.42562473,0.42562473,-1.79718018245012e-09
0.392130241336886,0.44052273,0.44052273,3.5049441127199543e-10
0.4370306506502699,0.44201556,0.4420156,-4.15187835778319e-08
0.4517671952454318,1.2591581,1.2591581,3.4460449160889084e-08
0.807516592113012,1.5890683,1.5890682,9.3571472126186e-08
0.9990916718501164,1.5571254,1.5571257,-2.508193970296446e-07
1.085208354328094,1.4221714,1.4221714,-4.5706176843296475e-08
1.088662231967585,1.2740554,1.2740554,-3.825225824982681e-08
1.047215700293692,1.0797819,1.0797819,-1.008453365258788e-08
0.8830413831632167,0.90477496,0.90477496,3.855743391234512e-09
0.7319918010628073,0.7433027,0.7433027,2.903747575722093e-09
0.5940669539924639,0.6134727,0.6134727,1.1901857277507588e-10
0.3375589746329271,0.38052925,0.38052928,-2.5325088526262363e-08
0.2917375312823456,0.35713536,0.35713536,-4.527435315537787e-09
0.2456858294224647,0.32828265,0.32828265,4.285430899031439e-09
0.1994038690532843,0.29580566,0.29580566,2.8704070786922387e-09
0.1528916501748046,0.26363036,0.26363036,3.6491393240467573e-10
0.1082214993707201,0.24764425,0.24764425,-4.375457773875269e-09
0.0607882464550428,0.16874546,0.16874546,-1.8739318985439013e-09
0.0135852520486648,0.056558862,0.056558847,1.532852935554052e-08
-0.0363808444693059,-0.01898168,-0.01898168,-2.740097038156364e-10
1.0598799183051593,1.0970803,1.0970803,4.9922180167527586e-08
0.8478118312404077,0.87063015,0.87063015,-4.927062979831476e-09
0.6737363982100579,0.6505723,0.65057236,-6.0042724570053e-08
0.5266012107677382,0.49421275,0.49421275,-3.3798217558000943e-09
0.3884461051880955,0.35319108,0.35319108,-2.290801992543834e-09
0.2652578027129141,0.24827372,0.24827373,-1.4623146055159353e-08
0.1595691469444873,0.17163554,0.17163552,1.8339614854534503e-08
0.0769063421060011,0.123926684,0.123926684,2.6036835187870366e-10
0.0168088711788565,0.059895635,0.059895635,-3.488159205922159e-10
-0.2684814218431057,-0.26478785,-0.26478785,-2.764129647392366e-09
-0.2173640327786379,-0.23198138,-0.23198138,-1.7739486823931117e-09
-0.1551942352677986,-0.21255,-0.21255006,6.06437301764462e-08
-0.0932546962662588,-0.17854066,-0.17854063,-3.1931037897114933e-08
-0.033617742357713,-0.13283418,-0.13283418,-1.189537052193046e-09
0.0156575786323595,-0.07332294,-0.07332294,3.1074905426642374e-09
0.0564133347783541,-0.022056565,-0.022056535,-2.968868255751045e-08
0.0826628048384862,0.013667569,0.013667598,-2.9435585021525545e-08
0.1026952951475344,0.053605124,0.05360511,1.4354362490309747e-08
1.093267402153573,1.1489377,1.1489378,-9.782104481992349e-08
0.9578753986855232,1.0040945,1.0040945,-1.8531799206300548e-08
0.8222531367081737,0.86164767,0.86164755,1.1550064082932465e-07
0.6866308747308245,0.70120394,0.70120394,2.298889190122111e-09
0.5505480957348764,0.50852036,0.5085203,6.47613525028845e-08
0.4142350582296288,0.3253745,0.3253745,1.386451720097881e-08
0.2772312451964831,0.22766453,0.22766453,2.77252193425781e-10
0.1390761396168403,0.10892014,0.10892014,2.0545578016673005e-09
-0.0006907755278982,-0.032894,-0.03289403,2.9588966367344316e-08
0.4186099699063175,0.34430727,0.34430727,3.626327516048633e-09
0.3771634382324247,0.2786019,0.27860194,-2.5355758659362237e-08
0.3341050969934361,0.2002834,0.20028338,1.3263816822650654e-08
0.2887441706614533,0.17221396,0.17221397,-1.3286323541361611e-08
0.240159625199279,0.15113938,0.15113938,-1.4523315328140995e-09
0.1874304265697153,0.110949636,0.11094965,-1.4494323727354264e-08
0.1300960577541636,0.055240482,0.055240467,1.5091903685093833e-08
0.0681565187526237,-0.008368298,-0.008368328,2.958863067580031e-08
0.0004605170185988,-0.0408998,-0.0408998,1.7259597778762625e-09
0.1264119216053731,0.09577516,0.09577516,-2.7867889385024824e-09
0.1197344248356903,0.10369613,0.103696145,-1.4783878329871492e-08
0.1096030504265166,0.11094783,0.11094783,2.465171816679046e-09
0.0980901249615463,0.10853597,0.10853597,-2.232761378562209e-09
0.083123321857085,0.0694675,0.0694675,-1.4781952051290403e-10
0.0651631581317315,0.03274654,0.03274648,5.8519859312544664e-08
0.0442096337854856,0.017934352,0.017934501,-1.4884049987645698e-07
0.0200324903090481,0.018883541,0.018883646,-1.0477361297653309e-07
-0.0073682722975809,-0.019219175,-0.019219205,3.001888275108722e-08
