y_true,y_pred_recomputed,y_pred_reference,delta
0.2852902930219623,0.34335998,0.34335995,2.7006912206584133e-08
0.4623590866732044,0.51483643,0.5148365,-6.945037844818813e-08
0.4540697803384258,0.5097057,0.5097057,2.233200069312602e-08
0.4443989229478509,0.5008066,0.5008066,2.965774537067034e-08
0.4508461612082342,0.5061711,0.5061711,7.29217530803794e-09
0.4600565015802104,0.50922924,0.50922924,2.8016662323437913e-09
0.4701878759893841,0.50730324,0.50730324,-2.0849609816409043e-09
0.4830823525101508,0.5107673,0.5107673,-1.8944549595723004e-08
0.5061082034400913,0.50809246,0.50809246,3.0165100417534063e-09
-0.0359203274507071,0.047397643,0.047397643,3.2771300950695803e-10
-0.0059867212417845,0.10623951,0.1062395,1.2562751769418234e-08
0.3785449892882211,0.42132115,0.42132115,3.6407470926924645e-09
0.0241771434764374,0.14831999,0.14831999,-5.571746952703904e-10
0.05411074968536,0.18715928,0.1871593,-1.5050697327323448e-08
-0.4757140802125699,-0.41161978,-0.4116199,1.1755218504161391e-07
-0.343775954384011,-0.27771467,-0.27771467,2.955627409484407e-10
-0.2178245497972367,-0.1576625,-0.1576625,4.02927399778541e-09
-0.1581875958886909,-0.09325214,-0.09325214,2.6966476412981777e-09
-0.0280915381345273,0.06675215,0.066752136,1.4654792782065051e-08
0.0672354847154261,0.20482692,0.20482692,1.2245941205524247e-09
0.3140726066843878,0.36068332,0.36068332,1.952819850270515e-09
-0.9178104180674268,-0.88771856,-0.88771844,-1.1831146240481871e-07
-0.7688331625507119,-0.757381,-0.757381,-2.197647097634814e-08
-0.62261900914559,-0.6019308,-0.6019308,2.899932849409481e-09
-0.4694971004614859,-0.415511,-0.41551095,-6.207733155294548e-08
-0.3030201982380164,-0.25834012,-0.25834012,-3.1555175139530434e-10
-0.1197344248356903,-0.08452158,-0.08452155,-2.6762199401009212e-08
0.0573343688155517,0.09339202,0.09339204,-1.8045940394784132e-08
0.2390083326527819,0.24124308,0.2412431,-2.0695304858708852e-08
-0.4913716588449294,-0.48813093,-0.48813093,2.9141235535767862e-09
-0.4395634942525633,-0.45386112,-0.45386118,6.263702390096881e-08
-0.3868342956229997,-0.4235015,-0.4235015,8.453369115812848e-09
-0.3292696682981485,-0.39362824,-0.39362824,3.6834718608602657e-10
-0.2721655579918962,-0.33776414,-0.33776414,-3.943786630600243e-09
-0.2116075700461528,-0.26913095,-0.2691309,-4.520568847032891e-08
-0.1487469970074153,-0.19255139,-0.19255136,-2.9336585993799957e-08
-0.0856561654593785,-0.12240778,-0.12240775,-2.909755707214412e-08
-0.040986014655294,-0.020333797,-0.020333797,2.6042175360618813e-10
-0.0773668591245999,-0.048715815,-0.048715845,3.005191803046037e-08
-0.1146687376311034,-0.080238715,-0.080238685,-2.981418609215858e-08
-0.1418392417284332,-0.10694505,-0.10694502,-3.274295806710015e-08
-0.1648650926583736,-0.13079761,-0.13079761,3.131485071250495e-10
-0.1814437053279308,-0.15266515,-0.15266515,-3.1457901006337607e-09
-0.1959499914137933,-0.14741845,-0.14741845,-4.289436333904106e-09
-0.1950289573765956,-0.1484722,-0.1484722,-4.80442047257057e-09
0.7246235287652262,0.84908074,0.8490807,4.140548703901459e-08
0.5954485050482603,0.7585519,0.7585519,-4.3815612249531455e-09
0.4754838217032704,0.6286448,0.6286449,-7.597198481423817e-08
0.3587427574884723,0.50244534,0.50244534,1.5655521323765242e-10
0.2403898837085784,0.38820884,0.38820884,-3.682937621540816e-09
0.1201949418542892,0.24691483,0.24691483,3.784103391746285e-09
0.0299336062089225,0.09991141,0.09991141,-3.363761907904106e-09
-0.2758496941406867,-0.32570088,-0.32570094,6.090301513106411e-08
-0.2420016932736742,-0.07660027,-0.07660024,-2.848316192627376e-08
-0.1542732012306011,0.2845394,0.2845394,1.5312194845407134e-09
-0.0739129814851088,0.84881943,0.84881943,4.642791706643834e-09
0.0069077552789821,1.9474227,1.9474226,1.428436280370704e-07
0.0925639207383606,1.9055941,1.9055942,-8.951110830324183e-08
0.1793713787442361,1.3168056,1.3168058,-1.9888000490908553e-07
0.2627249591106206,0.8294441,0.8294441,1.0393524152441103e-08
0.3435456958747116,0.6346538,0.6346538,6.68640132150955e-09
-0.5556137829394633,-0.5368331,-0.5368331,-7.471466112463077e-09
-0.4897598492798335,-0.45570958,-0.45570964,6.339324953863468e-08
-0.4144653167389282,-0.36910248,-0.36910254,6.197265622898129e-08
-0.3126910556285914,-0.27613455,-0.2761345,-5.0571441645441695e-08
-0.1766082766326433,-0.19402374,-0.19402374,-3.271827697659546e-09
-0.044439892294785,-0.097659305,-0.097659305,2.6195526303673944e-10
0.0914126281918636,0.0042809844,0.0042809844,1.7028808918517768e-12
-0.6520920983359139,-0.6467468,-0.6467468,-1.4250946089866545e-08
-0.5834750625646913,-0.5406349,-0.54063493,5.9470825153340456e-08
-0.5155488023213668,-0.441117,-0.441117,1.1341094952044273e-08
-0.4289716028247907,-0.33503538,-0.33503538,-3.701324469140843e-09
-0.3225921715284658,-0.22098036,-0.22098036,-1.1040115488469837e-09
-0.1881212020976135,-0.13790642,-0.13790639,-2.7250633249931155e-08
-0.0511173890644678,-0.04221289,-0.04221286,-2.8598442079752484e-08
0.0999321930359416,0.05887997,0.05887994,3.150421142711357e-08
-0.5728831711369186,-0.6118741,-0.61187404,-6.35461425702033e-08
-0.5146277682841692,-0.49838758,-0.49838763,5.485046389308579e-08
-0.4448594399664496,-0.3932085,-0.39320862,1.1627685547743738e-07
-0.3644992202209574,-0.29551512,-0.29551518,5.997055052553435e-08
-0.2691721973710039,-0.2097493,-0.20974927,-2.6307563794070177e-08
-0.1383853640889421,-0.12369327,-0.12369324,-3.247142792150992e-08
-0.0048354286952874,-0.024700895,-0.024700895,4.817962695469191e-11
-0.4849244205845461,-0.5342693,-0.53426933,5.67189025746373e-08
-0.430813670899186,-0.4394747,-0.43947476,5.811859132842656e-08
-0.363117669165161,-0.3632918,-0.36329168,-1.2002212523842815e-07
-0.2839087419661659,-0.2782483,-0.27824825,-6.008911135335637e-08
-0.1904237871906076,-0.1939076,-0.19390763,2.637851714837325e-08
-0.0782878931617975,-0.094174996,-0.094175056,5.99815902641021e-08
0.0373018785065035,0.016514152,0.016514167,-1.4711563110086923e-08
0.1528916501748046,0.124655716,0.124655716,1.211967470826636e-10
0.9270207584394028,0.8762706,0.87627053,6.221267701000954e-08
0.7469586041672686,0.7163015,0.71630144,6.079727177255023e-08
0.563442572255643,0.52658373,0.52658373,1.1744689665249552e-09
0.3967354115228741,0.36245427,0.3624543,-3.4643936164258093e-08
0.2493699655712551,0.17540422,0.17540422,8.194732670219196e-10
0.121806751419385,0.069002315,0.069002315,4.020309501973074e-10
0.0115129254649702,0.01475364,0.01475364,-3.0197143570387386e-10
-0.0886495260802707,-0.06239526,-0.06239529,3.0262031554262325e-08
0.5263709522584389,0.4608488,0.4608488,8.288574215864486e-09
-0.0545712667039588,-0.087642804,-0.087642774,-2.9788185113011068e-08
0.0073682722975809,-0.026338592,-0.026338622,2.9828330992687224e-08
0.0748340155223065,0.036829352,0.036829367,-1.462115478689796e-08
0.1450628608586248,0.10088369,0.10088369,2.502975465779045e-09
0.2185153253251349,0.1632007,0.1632007,6.243515010551093e-09
0.2935795993567409,0.22944884,0.22944884,2.2087109918800252e-11
0.3700254244441432,0.2892432,0.2892432,-8.519363381420675e-09
0.4483133176059408,0.3889838,0.3889838,-1.3893890371541318e-08
2.005781874507113,1.9099615,1.9099615,-3.7979126066289837e-08
1.7048340028527915,1.5053651,1.505365,1.332855223967755e-07
1.410793886477452,1.1323717,1.1323715,1.6404724112462077e-07
1.1305692806600764,0.7696301,0.76963013,-5.5498962425737375e-08
0.8609365662704738,0.49737412,0.49737412,-2.6255798091234794e-09
0.6025865188365418,0.2842731,0.2842731,-1.2021636963677196e-08
0.3541375873024842,0.15976241,0.15976241,2.3096466128524895e-09
0.1199646833449897,-0.019131929,-0.019131899,-2.968232726968667e-08
0.896202466007963,0.80640256,0.80640256,4.048767099362749e-09
0.4699576174800848,0.3812425,0.3812425,1.365661622676484e-08
0.3548283628303824,0.234974,0.234974,-3.1223297003446504e-09
0.5506972788567452,0.3887855,0.38878548,3.12552642656172e-08
0.2371662645783867,0.09145722,0.09145722,-2.0682525692095055e-09
0.1172015812333969,-0.01808235,-0.01808235,-4.92477416486059e-10
-0.0055262042231857,-0.11729775,-0.11729775,-3.691673272632201e-09
0.142979918436182,0.058420077,0.058420062,1.4966285703799098e-08
-0.7879446188225625,-0.7770495,-0.7770496,1.1813125611048747e-07
-0.7064331065305733,-0.67938954,-0.67938954,3.619232136209405e-09
-0.62653340380368,-0.6108319,-0.6108319,-1.633224488983842e-08
-0.5466337010767865,-0.55035144,-0.55035144,-9.06524633137451e-10
-0.4662734813312943,-0.45437407,-0.45437407,-4.935913067161124e-09
-0.3900579147531913,-0.3449061,-0.34490603,-6.169006350198458e-08
-0.3096976950076991,-0.2692815,-0.26928145,-5.653839113550774e-08
-0.6933083715005072,-0.75457895,-0.75457895,1.9790649119499903e-09
-0.615711253866608,-0.6854457,-0.6854458,7.408218383186949e-08
-0.5496270616976787,-0.6024204,-0.60242033,-5.965225224890958e-08
-0.4669642568591925,-0.49593025,-0.49593025,-4.459381086618919e-09
-0.4096298880436407,-0.4159813,-0.41598135,5.727539065247811e-08
-0.3394010427073223,-0.34830344,-0.34830338,-5.723297119564208e-08
-0.2712445239546986,-0.27891058,-0.27891052,-5.7297210698248335e-08
-0.9035343904908636,-0.8816519,-0.8816519,2.1643066450138804e-08
-0.8473513142218089,-0.8452214,-0.8452214,-2.6092528138121907e-10
-0.7428139509998792,-0.777138,-0.7771381,1.0523376470228385e-07
-0.6532433908824108,-0.67264444,-0.67264456,1.2364059442937503e-07
-0.5698898105160264,-0.5794766,-0.5794766,5.075073250537798e-09
-0.4918321758635282,-0.5017654,-0.5017654,2.963104250852666e-08
-0.422294106055108,-0.41257596,-0.41257596,-1.5930173846712137e-10
-0.3778542137603229,-0.35759437,-0.3575943,-7.084198000439912e-08
-0.3691043904069455,-0.3502003,-0.3502003,4.551696797250315e-09
-0.3545981043210831,-0.34558105,-0.34558105,-4.6874999992674304e-09
-0.3357169065585319,-0.3385262,-0.33852613,-5.9327240009565685e-08
-0.3110792460634956,-0.29370588,-0.29370588,-6.419372811095059e-10
-1.0198113655977203,-0.9992347,-0.99923456,-1.163610839904905e-07
-0.7732620983405689,-0.79466414,-0.79466426,1.1548400880023735e-07
-0.6605167077228116,-0.6809837,-0.6809837,-2.2209930450323156e-08
-0.5501827556105452,-0.5237512,-0.52375114,-5.9245452876943716e-08
-0.3332991505876174,-0.32867467,-0.32867467,-4.034118650242391e-09
-0.7844636473830162,-0.780153,-0.780153,2.348709104982305e-08
-0.5959934705566825,-0.57619387,-0.57619387,8.860778777375344e-10
-0.5090161248304395,-0.46095985,-0.46095985,-1.7417907671735122e-09
-0.4256888647084429,-0.3861655,-0.38616556,6.031280519458448e-08
-0.2923454860819376,-0.26518387,-0.26518387,3.975982654225163e-09
-0.5489043805343995,-0.5569698,-0.5569699,7.854690553532606e-08
-0.4661832561730424,-0.4487474,-0.4487474,3.5308838075565063e-09
-0.4048634111590855,-0.38749343,-0.3874935,6.843185423877074e-08
-0.3322757541835717,-0.32120532,-0.32120532,2.0259094402064193e-09
-0.2373608970054412,-0.22968341,-0.22968344,2.5898399341750533e-08
-0.2835061603886686,-0.35157752,-0.35157758,5.962951660221094e-08
-0.264950906142519,-0.36330426,-0.36330432,6.260711671313146e-08
-0.2488251818841673,-0.3124351,-0.3124351,9.45816042152714e-09
-0.2282321952796798,-0.2566396,-0.2566396,1.9989015997978754e-10
-0.1889352531483772,-0.18858393,-0.18858396,3.4633598322564296e-08
0.0246376604950362,0.004480064,0.004480079,-1.5084747314111913e-08
-0.004605170185988,-0.03066948,-0.03066948,-5.622100840430022e-10
-0.0331572253391142,-0.058740422,-0.058740422,-1.2963104201180187e-10
-0.0594066953992463,-0.07753326,-0.07753329,3.001216888898206e-08
-0.0782878931617975,-0.09534006,-0.09534,-5.8207511907659715e-08
-0.1093727919172171,-0.113424614,-0.113424614,-7.184600137044583e-11
-0.1224975269472832,-0.12870769,-0.12870772,2.79729080177038e-08
-0.5922690790952853,-0.5137019,-0.5137018,-1.1574096681066237e-07
-0.4837341488617465,-0.47239226,-0.47239232,5.89717101817655e-08
-0.4280568162814031,-0.4284193,-0.4284194,1.0802688599209631e-07
-0.3728521925194324,-0.3808123,-0.38081235,6.266937258025962e-08
-0.2637480381107767,-0.2859745,-0.28597456,5.743652342626859e-08
-0.622816508860211,-0.6359118,-0.6359119,7.768096921267897e-08
-0.5068161006575796,-0.538916,-0.53891593,-6.17831420468562e-08
-0.4466588967352838,-0.4541496,-0.45414966,5.615631104571861e-08
-0.3886344928678382,-0.3895285,-0.3895285,-1.2954711914314743e-08
-0.2732429586685899,-0.25471717,-0.2547171,-7.119216921536164e-08
-0.5610911938115868,-0.5845765,-0.5845764,-8.75411987344421e-08
-0.5484877686513696,-0.574982,-0.5749821,1.1252365117453422e-07
1.3695776133128583,1.425663,1.425663,-5.615234277556169e-09
1.5657578632359512,1.644701,1.6447009,1.0402832040234955e-07
1.732004506950121,1.8337395,1.8337395,1.9119262617550703e-08
1.7600960450846486,1.8685856,1.8685857,-1.1345214834257433e-07
-0.3087766609705015,-0.26706606,-0.26706606,-1.4967346251282265e-09
-0.0158878371416589,0.028048784,0.028048798,-1.4459274291778179e-08
0.2790733132708783,0.36567146,0.36567146,-4.139862064267419e-09
0.5353510341211157,0.66726446,0.6672644,6.151733400461268e-08
0.8227136537267726,0.97912264,0.97912264,-1.2976074659221126e-09
1.1526740975528196,1.2453206,1.2453206,-4.145202647798385e-08
1.4121754375332485,1.4938105,1.4938104,1.344772337930067e-07
1.7313137314222231,1.7782292,1.7782291,1.3660278330718256e-07
1.176390724010658,0.92739576,0.92739576,1.0130309924250014e-09
1.4031953556705716,1.1163836,1.1163834,1.5255126961655208e-07
1.601447932177359,1.3265249,1.3265246,2.537063599206135e-07
1.786345515144781,1.5475655,1.5475655,-3.9794921802283056e-08
1.946835696126466,1.7837539,1.7837539,-2.8082275393970235e-08
2.0845302846875096,1.9451014,1.9451014,-1.9651794413988455e-08
2.209330396727787,2.0997603,2.0997605,-2.06039428629623e-07
1.388689069584709,1.3544766,1.3544766,-2.8916931071876206e-08
1.491614623241543,1.440992,1.4409919,9.77188110429239e-08
1.5903955237309877,1.5319935,1.5319934,1.0833892827299962e-07
1.6801963423577553,1.611727,1.6117269,9.928283684068617e-08
1.762628888686942,1.6998311,1.6998311,2.812042243505175e-08
1.842528591413836,1.7885244,1.7885244,-1.0733032240750617e-08
1.9201257090477348,1.8762848,1.8762848,3.772277823443915e-08
1.995189983079341,1.9628474,1.9628474,-4.797210695350884e-08
-0.07345246446651,-0.15571575,-0.15571578,3.133228301810398e-08
0.2571987548874349,0.17861938,0.1786194,-1.5234375011496937e-08
0.5887710082785775,0.510831,0.510831,-1.5792847030127177e-09
0.90491594154666,0.8482837,0.8482837,8.0955505632474e-09
1.1978047653755026,1.1279335,1.1279335,2.1972657027191644e-09
1.4600692074675246,1.420451,1.420451,4.5036316009827715e-08
1.6910184922948277,1.6818637,1.6818638,-1.344192503971442e-07
1.8908828783667109,1.9054909,1.9054908,7.524414069592922e-08
1.6012176736680597,1.5930346,1.5930346,2.505340579439519e-08
1.6712162604950784,1.6509823,1.6509821,1.6070404051937714e-07
1.7382214867012054,1.7077792,1.7077792,-3.0917358451176824e-08
1.8020030937771403,1.767635,1.767635,-1.2168884344632147e-08
1.8627913402321832,1.8280977,1.8280975,2.0107269294022956e-07
1.921507260103532,1.8870142,1.8870142,-4.938049324998417e-08
1.978611370409784,1.9490668,1.9490668,-4.18441772342959e-08
-0.3228224300377652,-0.26982117,-0.2698211,-6.69921875195989e-08
-0.0743734985037076,-0.032718644,-0.032718644,4.5389556696529e-10
0.2058511073136676,0.19387421,0.19387421,1.1924744525160236e-10
0.51048311511678,0.5161433,0.5161433,2.1990966825313762e-08
0.8220228781988743,0.8592493,0.85924923,6.380416872620032e-08
1.141621689106448,1.1642365,1.1642365,4.556274424416529e-08
1.462602051069818,1.4717249,1.4717249,-3.217926014542627e-08
1.7716089705496187,1.7775059,1.7775059,-2.5366210909538722e-08
-0.2512120336456504,-0.22853835,-0.22853835,7.291793835406679e-10
0.0179601637253535,0.0027931035,0.0027931035,-4.350280769296888e-11
0.3037109737659146,0.2622697,0.2622697,5.533981328742499e-09
0.604428586910937,0.5419674,0.5419674,-8.03222655054725e-09
0.9092908532233488,0.8601593,0.8601593,-2.208404537018538e-08
1.2210608748147425,1.1624727,1.1624727,2.4914550866839136e-08
1.529837535785244,1.4721485,1.4721485,3.763580314064541e-08
1.8300946319116675,1.7829994,1.7829994,-3.675842297212739e-09
0.2341729039574944,0.1442091,0.14420912,-1.8203849788678284e-08
0.5155488023213668,0.4672082,0.4672082,6.653594952776842e-09
0.7893261698783589,0.7380458,0.7380458,1.1653137232947586e-08
1.0589588842679616,0.9771849,0.9771849,-8.299255394028648e-09
1.3071775572927198,1.2672058,1.2672057,1.343887328086879e-07
1.5378965836107237,1.4960095,1.4960095,-3.096771239441409e-08
1.7412148473220974,1.7141533,1.7141532,8.979492194249872e-08
1.9145995048245488,1.9241261,1.9241261,4.822387689173979e-08
0.6596906291427941,0.591441,0.5914409,7.566604609543504e-08
6.6800296132850265,1.8515054,1.8515052,1.9875030510263514e-07
4.778785101999843,2.0505238,2.0505238,-4.206542980611516e-08
3.307663486085948,1.866973,1.866973,4.24880981508835e-08
2.260908302810854,1.6973944,1.6973945,-1.289672850735002e-07
1.244086725744683,0.8049692,0.8049693,-1.0844879150262443e-07
0.552620422318571,0.4700141,0.4700141,-4.6936035058564585e-09
-0.1328591598657564,0.13649236,0.13649236,-3.342018134455671e-09
0.3787752477975206,0.39564347,0.39564347,2.6715087919626512e-09
-1.1434637571808433,-1.279175,-1.2791749,-1.4310607920897667e-07
-0.9963285697385236,-1.128223,-1.128223,5.764770505400918e-08
0.2466068634596623,0.08870198,0.08870195,2.8325843809406948e-08
0.2585803059432313,0.051142886,0.0511429,-1.3718986509314579e-08
-0.6808744119983394,-0.75197357,-0.7519736,3.0606842060798556e-08
-0.5445613744930918,-0.6748677,-0.67486775,6.039047240058437e-08
-0.4236756571109044,-0.55186343,-0.5518634,-3.193054198824541e-08
-0.2972637355055313,-0.47868693,-0.47868693,1.2509155378204184e-09
0.5735739466648168,0.52754223,0.52754223,3.4671020499033034e-09
-0.0600974709271446,-0.116276994,-0.116277024,2.9652427679938143e-08
-0.9021528394350672,-0.76455563,-0.7645555,-1.3306808466229114e-07
-0.8300819260243535,-0.6790523,-0.6790523,6.699371390972431e-09
-0.7048212969654775,-0.54149354,-0.54149354,4.958190968906706e-09
-0.5786396338694038,-0.3945452,-0.39454526,6.251312256733144e-08
-0.3656505127674544,-0.22158317,-0.22158317,-2.6789474527610935e-09
-0.1554244937770981,0.018101022,0.018101022,-3.5254669322748455e-10
0.1261816630960737,0.28423995,0.28423995,-2.2041320990595636e-09
0.4298926368619883,0.63212943,0.63212943,7.708740312750706e-10
-0.8906399139700969,-0.86817884,-0.86817884,-4.451904289659581e-09
-0.7329128351000048,-0.721417,-0.721417,-9.830474878569362e-09
-0.5569953339952597,-0.55975765,-0.55975765,1.0147094275936297e-10
-0.3785449892882211,-0.36470938,-0.36470938,2.7111816680580603e-09
-0.2005551615997814,-0.20087095,-0.200871,5.395030974741921e-08
-0.010822149937072,0.016343504,0.016343504,1.9044494800612988e-10
0.1743056915396492,0.22100542,0.22100542,4.857139579428349e-09
0.3594335330163705,0.39579433,0.39579433,2.027435275220313e-09
0.6663681259124768,0.6890268,0.6890267,7.297592163890698e-08
0.6111060836806198,0.6323179,0.63231796,-5.9342346148127945e-08
0.5528506808278705,0.5625183,0.56251824,5.862594609773453e-08
0.4863059716403425,0.49840587,0.49840587,3.775482204648739e-09
0.4202217794714133,0.4204121,0.4204121,-6.5990448105957e-09
0.3513744851908914,0.34102076,0.34102076,2.920379660320549e-09
0.2753891771220879,0.26243776,0.26243776,8.299255171984043e-10
2.364294373486286,1.7695771,1.7695773,-1.5442352285788274e-07
1.9065404569990696,1.7621672,1.7621675,-2.846527100697216e-07
1.5148707326807829,1.5270283,1.5270284,-7.778015143067307e-08
1.1881339079849278,1.1483389,1.1483389,1.391754156365721e-08
1.1112275658789266,1.0757906,1.0757906,4.369201667131506e-08
1.2427051746888864,1.1532465,1.1532465,2.1949768003182157e-08
1.3490846059852115,1.2451174,1.2451174,2.5918579060757452e-08
1.450628608586249,1.3407537,1.3407534,2.745071410181765e-07
1.5471069239826996,1.4459424,1.4459425,-9.811401358028604e-08
1.6375985181373656,1.5516204,1.5516202,1.6418914805527152e-07
1.723254683596744,1.6551796,1.6551796,1.9789123451019464e-08
1.803845161851536,1.7602111,1.7602111,1.011505124104417e-08
1.2968159243742468,1.29775,1.29775,-3.814697224768793e-09
1.3967481174101883,1.3729299,1.3729299,3.0686950758251896e-08
1.4821740243602677,1.4530246,1.4530246,2.5778198242676353e-08
1.5602316590127654,1.5317405,1.5317408,-2.537734984375817e-07
1.6325328309327785,1.6056414,1.6056414,-3.4948730576189746e-08
1.703222193287696,1.6768379,1.6768379,2.1142578132682388e-08
1.7725300045868166,1.7459244,1.7459246,-2.464004515978502e-07
1.840226006320841,1.8163648,1.8163648,-3.4832763562420155e-08
1.0161308015382726,1.07451,1.07451,-2.170562751757643e-08
1.0640245714725487,1.1296095,1.1296095,-3.4400939874501546e-08
1.1123788584254235,1.1954402,1.19544,1.7314910882859635e-07
1.161654179415496,1.2296101,1.2296102,-1.145126342638747e-07
1.2113900174241676,1.2155793,1.2155793,-2.868347159790119e-08
-1.0527419045168778,-0.8881227,-0.8881227,2.2196960491882578e-08
-0.747879638204466,-0.54934996,-0.54934996,-3.665008518893842e-09
-0.4448594399664496,-0.22592576,-0.22592582,6.151897430362041e-08
-0.1699307798629606,0.010865286,0.010865286,-7.377624552939999e-12
0.103616329184732,0.24888608,0.24888608,-1.4038848972219853e-09
0.3803870573626164,0.5450882,0.5450881,7.195892337552579e-08
0.6389673633058478,0.8063978,0.80639786,-6.432281496326908e-08
0.9037646490001632,0.9592475,0.9592475,2.950668331891393e-08
0.3410128522724182,0.29758355,0.29758355,2.1476748157667203e-10
0.4494646101524377,0.4796024,0.4796024,-3.5118102870157486e-09
0.569659552006727,0.6362029,0.6362029,-2.820053102148279e-08
0.7020581948538847,0.7591723,0.7591724,-7.963409420774781e-08
0.8199505516151798,0.8594741,0.8594741,2.2524261455991734e-08
0.9463624732205528,0.9417144,0.94171447,-6.398651120065324e-08
1.0633337959446505,1.0289903,1.0289904,-1.312927246921447e-07
1.1789235676129517,1.1134574,1.1134574,4.1329956124158684e-08
0.0435188582575874,0.050402105,0.05040209,1.4854583743617589e-08
0.0483542869528749,0.06234014,0.06234014,3.4271240012540005e-10
0.0543410081946594,0.07291648,0.07291648,-2.0813751278048187e-09
0.071149879373516,0.09694151,0.09694151,-1.6472434943848313e-09
0.0865771994965761,0.107716866,0.10771686,5.8375740075167215e-09
0.1114451185009118,0.11603968,0.11603966,1.8454399106082597e-08
0.1503588065725112,0.13519463,0.13519463,-5.692291360492874e-10
0.1791411202349367,0.17331925,0.17331925,3.4523009451170594e-10
0.8029114219270238,0.890954,0.89095396,5.763916011147785e-08
0.71541318839325,0.82617015,0.82617015,-3.5346985338691184e-09
0.6334411590826621,0.7558051,0.7558051,-2.4831390388335706e-08
0.5602189531254513,0.65736276,0.6573627,5.911331180108448e-08
0.493443985428624,0.546092,0.546092,-2.621841432848271e-08
0.4271295347503955,0.474396,0.474396,-9.628295882802007e-09
0.3670320638232509,0.39445862,0.3944586,2.1740341193954293e-08
0.3138423481750885,0.3386955,0.3386955,-3.6792754953829387e-09
0.1231883024751814,0.1315033,0.13150331,-1.1121330273367036e-08
0.1077609823521213,0.10786298,0.10786298,-8.2633971887347e-10
0.0907218526639654,0.099759325,0.09975931,1.538509368514962e-08
0.0759853080688035,0.07603717,0.07603717,-1.4971923839590673e-09
0.0651631581317315,0.057887822,0.057887822,3.8960266263154963e-10
0.0545712667039588,0.05407767,0.05407767,-2.1858216625592064e-11
0.0455911848412821,0.054848745,0.05484876,-1.453472137785683e-08
0.967933585538742,0.9483273,0.94832724,6.293273924207199e-08
0.7314671147201562,0.7071264,0.7071264,-2.0986938520373144e-08
0.4811271073360736,0.48695397,0.4869539,7.377014160647732e-08
-0.5484757691511817,-0.61474884,-0.6147489,6.443634037456292e-08
-0.4156166092854252,-0.46163517,-0.46163517,-2.3670959636845623e-09
-0.293119082338142,-0.27613032,-0.27613026,-5.8641662581404574e-08
-0.1924961137743022,-0.14591216,-0.14591216,4.491004956808098e-09
-0.0764458250874023,-0.046193138,-0.046193138,2.350692765440421e-10
0.0320059327926172,0.05990979,0.059909806,-1.5245681765641006e-08
0.1238790780030796,0.15196662,0.1519666,1.6511344902436775e-08
-0.3951236019577783,-0.23117565,-0.23117568,3.3814125055542377e-08
-0.3444667299119093,-0.16604878,-0.16604881,2.99163436801031e-08
-0.2974939940148307,-0.13263418,-0.13263418,2.1960067653203907e-09
-0.2535146187386444,-0.11085202,-0.11085202,2.0013046220235253e-09
-0.2139101551391468,-0.103334114,-0.103334084,-2.995549773510131e-08
-0.1800621542721344,-0.099412605,-0.099412635,2.9833564757497655e-08
-0.1489772555167147,-0.095994845,-0.095994785,-6.003269195642424e-08
-0.1185831322891933,-0.09987678,-0.09987675,-2.6337623595940052e-08
-0.3357169065585319,-0.32842797,-0.32842803,5.9590606671378055e-08
-0.2767707281778843,-0.24618815,-0.24618815,1.1438369695859762e-09
-0.2109167945182546,-0.18689184,-0.18689184,1.091804507913352e-09
-0.1439115683121278,-0.14648484,-0.14648487,3.306400297997669e-08
-0.0759853080688035,-0.05765395,-0.05765395,1.3353347802502746e-09
-0.0089800818626767,0.029652,0.029652,-5.264282239292317e-10
0.062630314529438,0.11628606,0.11628608,-1.8295841217041975e-08
0.1356222619773493,0.1922867,0.1922867,1.0299677777325655e-11
1.7292414048385285,0.93700624,0.9370063,-6.487731929460949e-08
1.3437886602713252,0.8425151,0.8425151,1.0969543495775724e-08
1.0423802715984043,0.72548264,0.7254827,-5.734939578783127e-08
0.8001483198154309,0.60891026,0.6089103,-3.741531373613327e-08
0.6028167773458412,0.46786028,0.46786028,1.4674377268875105e-09
0.4368003921409705,0.36076468,0.36076465,3.229293821238599e-08
0.3080858854426033,0.29428712,0.29428712,-4.66453553560342e-09
-0.4160771263040241,-0.31337798,-0.31337792,-5.64175415274093e-08
1.230501473696018,1.2924465,1.2924465,-5.897522026288016e-09
1.0241898493637516,1.0959227,1.0959227,8.51135251167534e-09
0.8316937355894495,0.90838367,0.9083836,6.746902470045057e-08
0.669822003551968,0.71823984,0.7182399,-5.615463261054998e-08
0.533278707537421,0.59108543,0.59108543,3.959960914734495e-09
0.4140047997203294,0.48345113,0.48345113,-1.994018561379818e-09
0.3168357087959807,0.39321706,0.39321706,-3.0103302073314353e-09
0.2376267815969855,0.31034735,0.31034735,-1.5483856419251651e-09
-0.6134086687736139,-0.6009574,-0.6009574,6.353759740562737e-09
-0.5355812926304151,-0.51977587,-0.51977587,2.5378418255783686e-09
-0.4575236579779169,-0.43350524,-0.43350518,-5.710250855495147e-08
0.133780193902954,0.13322854,0.13322854,4.205322201578099e-10
0.1409182076912356,0.15795232,0.15795234,-1.6444053646536005e-08
0.1632532830932778,0.18030149,0.18030149,-2.554168709867355e-09
0.17016103837226,0.19795325,0.19795325,3.984451296679126e-09
0.1977920594881885,0.21602885,0.21602885,4.2509079034580566e-09
0.2097655019717575,0.23415002,0.23415002,2.268295301588452e-09
0.2364754890504885,0.25154373,0.25154373,4.97360208573383e-10
0.2555869453223391,0.26852137,0.26852137,-1.496429424818757e-09
2.8630343046287967,1.9063463,1.9063463,2.1105956982125917e-08
5.256801767305407,2.4130478,2.4130478,-9.472656437026217e-09
5.9943197725914,2.3980725,2.398072,4.811553955264003e-07
4.391490289358244,2.1942286,2.1942286,4.9139404101339323e-08
1.7501949291847745,1.3222102,1.3222103,-1.0731964117383086e-07
0.776892210376191,1.1120075,1.1120075,-1.2588501352439607e-09
0.3103884705355973,0.59541655,0.59541655,-4.1320801225097625e-09
0.0909521111732648,0.3128228,0.3128228,-1.1046218884036563e-08
1.037139659144754,1.0569556,1.0569557,-1.240570068894442e-07
0.9232237564216476,0.93739766,0.93739766,-1.1750793671438942e-09
0.8058331992224008,0.8272798,0.8272798,6.13708495134091e-09
-0.4306450745622653,-0.6615901,-0.6615901,6.652831618936261e-10
-0.0861096271428059,-0.055908576,-0.055908576,3.4597015530213326e-10
0.4253486552674984,0.49776208,0.49776202,6.400726315636263e-08
-0.5207691052276158,-0.5214723,-0.5214723,2.474288940401692e-08
0.0085591467735051,0.03328243,0.03328243,-1.020126344508654e-09
-0.1116753770102112,-0.06668131,-0.06668131,-5.344772402438025e-10
0.4575272628068597,0.5361943,0.5361943,2.4493408190551236e-08
-0.5086760940611655,-0.48120314,-0.48120314,1.171722385784335e-09
-0.4870105149963359,-0.45816565,-0.4581657,5.440063477468726e-08
-0.1364771350666956,-0.16151692,-0.16151695,3.026790618143593e-08
0.0368674115020896,-0.0011416525,-0.0011416227,-2.9764866638255782e-08
0.1994517929021591,0.17725582,0.17725584,-1.5791740415327382e-08
0.4829331666151857,0.47268552,0.47268552,-4.119415308867502e-09
-0.0497723341605066,-0.17557685,-0.17557682,-3.0771903997139916e-08
0.1408606457099742,-0.09305887,-0.09305887,7.573318500098125e-10
0.3197669403362889,0.07029928,0.07029925,3.267002106344119e-08
0.394086613605277,0.27135932,0.27135932,4.4552612155079885e-09
0.612673761018368,0.64120525,0.64120525,1.2168884788721357e-09
-0.3652070853004633,-0.30383134,-0.30383134,1.117553716234454e-09
-0.0542202111059573,-0.024070546,-0.024070516,-3.003099822984634e-08
0.0807631550428413,0.14320731,0.14320731,1.63024901911335e-09
0.2452022613877431,0.2852918,0.2852918,-9.037780746012913e-09
0.5061230981236697,0.5132173,0.5132173,-2.9625701891689005e-08
-0.1441714212736883,-0.16709273,-0.16709273,4.365425104735365e-09
0.2105202111526332,0.16358565,0.16358566,-1.2059364312699827e-08
0.5256971649810228,0.5551933,0.5551933,5.01556396415026e-09
1.7697669024752236,-0.35625476,-0.3562547,-5.6450653096451475e-08
-0.4054852348762515,-0.4207117,-0.42071176,6.385208128900643e-08
-0.2226599784925242,-0.2611165,-0.26111656,5.5330810544429454e-08
-0.0460517018598809,-0.120858684,-0.120858684,-1.8216705921503262e-10
0.1254908875681755,0.09947465,0.09947464,1.3601646420280389e-08
0.2915072727730461,0.30570447,0.30570447,4.4491577089189605e-09
-0.8975872535189537,-0.8712808,-0.8712808,1.0624694790628553e-08
-0.5728475935435073,-0.5595511,-0.559551,-1.1980438230363433e-07
0.0224004187396655,0.011049792,0.011049792,1.705245979144454e-10
0.4003268364379055,0.37135068,0.37135068,-4.1786956672673625e-09
0.8637109969029467,0.8824168,0.8824168,-1.5236663819528928e-08
0.1759175011047451,0.08952603,0.08952603,-2.55897522616344e-09
-0.3867666428216162,-0.4373207,-0.43732065,-5.922851564754694e-08
0.1615412371122963,0.11914349,0.11914349,3.473529811004461e-09
0.3465038094358325,0.30880517,0.30880517,-2.3249817071580026e-09
0.5305834820600536,0.46540618,0.46540612,5.942810060721726e-08
0.8642832282261947,0.78602743,0.7860274,3.1488037066651486e-08
-0.0375321370158029,0.012607664,0.012607664,-1.3014221124374448e-10
-0.0921034037197618,-0.1336283,-0.1336283,6.128120427772998e-09
0.011973442483569,-0.047611132,-0.047611102,-3.0264137265700874e-08
0.121806751419385,0.052542016,0.05254203,-1.4089851382848018e-08
0.2325610943923986,0.14642146,0.14642146,2.297439571918858e-09
0.3350261310306336,0.25444818,0.25444818,-4.569702172219081e-09
0.4374911676688687,0.37141436,0.37141436,3.384246827220494e-09
0.5341997415746187,0.5106482,0.51064813,6.097518923109391e-08
0.1415565050968706,0.05813293,0.05813293,1.5900802619039922e-09
0.6002743210508761,0.5079576,0.50795764,-6.22946166872751e-08
0.887563317824851,0.8528463,0.8528464,-7.555618286581023e-08
1.0268816104490686,1.0312415,1.0312415,3.6140441972420945e-08
-0.3651008221604983,-0.17795537,-0.1779554,2.5878334058981878e-08
0.1765164731864278,0.3037394,0.3037394,-1.2821197437062892e-09
0.3589743933773292,0.42479044,0.42479044,1.9898986902688875e-09
0.540385929695725,0.5253763,0.5253764,-8.011474605940094e-08
0.8687581516544417,0.8297058,0.8297057,7.478408814431958e-08
-0.2311570418603628,-0.19066648,-0.19066648,-1.852531433810256e-09
0.1368913448453393,0.13864562,0.13864562,-8.460235567664398e-10
0.3602836861885602,0.26514965,0.26514965,2.9579162452719743e-09
0.4662351188845239,0.35075605,0.35075605,-8.4381102105624e-10
0.816380794787767,0.73517764,0.73517764,-3.853454555446945e-09
0.9728042035169217,0.9636434,0.96364343,-5.794113155932479e-08
-0.0323546852424143,-0.114506796,-0.114506796,-2.388006459241865e-12
0.4534690016605521,0.3054961,0.3054961,-3.388977043439212e-09
0.8626551976358456,0.8159084,0.81590843,-5.7597808855724963e-08
0.4061760104041497,0.25209573,0.25209573,-8.873748957860528e-10
0.2159824817228414,0.17685401,0.17685403,-1.5603332514935175e-08
1.8266407542721763,-0.36955178,-0.3695519,1.2216033934420167e-07
0.3288091512795498,-0.055462614,-0.055462614,2.9817962682310295e-10
0.1093727919172171,0.29572827,0.29572827,-3.760833755528381e-09
0.2330216114109974,0.6847055,0.68470544,5.583435058742481e-08
-0.6488684792057221,-0.6965047,-0.6965048,8.789520267171724e-08
-0.5196934554887562,-0.60530245,-0.6053025,4.6958923305417954e-08
-0.3951236019577783,-0.49316317,-0.49316323,6.15696716388392e-08
-0.2756194356313873,-0.36912423,-0.36912423,-3.722686769958017e-09
-0.161641473528182,-0.24475558,-0.24475558,-1.0213088985633334e-09
-0.051808164592366,-0.13176014,-0.13176017,3.470699311280967e-08
0.0536502326667612,-0.020580828,-0.020580769,-5.918984985475717e-08
0.153121908684104,0.124192104,0.124192104,-2.564468359889105e-10
2.8275744941966883,2.7995436,2.799544,-3.808441162433951e-07
3.473679871290817,3.45981,3.4598098,2.185394287756992e-07
3.035267669584752,3.0582054,3.058205,3.6613464349244396e-07
2.5289292076353607,2.6958108,2.6958108,-5.169677574912157e-09
3.5075278721578305,3.4756835,3.4756835,-4.9301147608815654e-08
2.9841502805202835,3.151737,3.151737,-2.5283813265275512e-08
3.561178104824591,3.6005824,3.6005824,-3.877868648416438e-08
2.9224410000280434,3.3426273,3.3426273,-1.3088989447851418e-08
2.308341555726531,3.0442574,3.0442574,2.420044165063473e-09
0.6371252952314526,0.62912285,0.62912285,3.2791137583032537e-09
0.4863059716403425,0.47377646,0.47377646,-3.0609131895786845e-10
0.3267368246958551,0.3115997,0.3115997,1.6429901328329777e-09
0.1761477596140445,0.14215693,0.14215693,-1.2223052847648574e-09
0.0472029944063779,0.0053482354,0.0053482503,-1.4931271362546295e-08
-0.0667749676968273,-0.10110988,-0.10110985,-2.7228736876327986e-08
-0.161641473528182,-0.17752267,-0.17752267,-4.202919012818995e-09
-0.2090747264438593,-0.21819125,-0.21819131,5.8841285704991364e-08
0.7907077209341553,0.8629715,0.8629715,-1.5338897707550814e-08
0.5643636062928407,0.63377094,0.6337709,4.268798825535214e-08
0.3283486342609509,0.43873358,0.43873358,-2.2717285275142274e-09
0.1503588065725112,0.26103997,0.26103997,2.305297841509457e-09
0.0218745583834434,0.1234718,0.12347178,1.6512603756568822e-08
-0.0817417708012886,-0.013123676,-0.013123706,2.981916046203292e-08
-0.1634835416025772,-0.1229292,-0.1229292,-5.300521827011906e-10
-0.2212784274367278,-0.19810109,-0.19810109,1.595344550908706e-09
0.90491594154666,0.89724183,0.8972419,-6.917419437257877e-08
0.6788020854146447,0.7392763,0.73927635,-6.006011965542513e-08
0.4669642568591925,0.5712093,0.5712093,1.1485290496437983e-08
0.2901257217172497,0.4137841,0.4137841,-1.3295745837638151e-08
0.1330894183750558,0.19374849,0.19374849,-9.777450515890962e-10
0.0117431839742696,0.04169008,0.041690066,1.5357955934769407e-08
-0.1105240844637142,-0.08713327,-0.08713327,-3.4823226940927654e-09
1.60490180981685,1.6022048,1.6022047,9.965209968321176e-08
1.406879491819362,1.418364,1.418364,4.800415043249018e-08
1.1931995951895145,1.2370801,1.2370801,-2.801513687700208e-09
0.9746842698643796,1.0367482,1.036748,1.708526611299277e-07
0.7538663594462507,0.79831666,0.7983167,-4.245681761716469e-08
0.5381141362327085,0.5610851,0.5610851,4.9423217740596215e-09
0.3258157906586574,0.3353468,0.3353468,-1.183204650923031e-08
0.1199646833449897,0.09262446,0.09262448,-1.6859035487093443e-08
-0.8551801035379887,-0.83495927,-0.83495915,-1.1856994630576878e-07
-0.7766619518668917,-0.7685467,-0.7685467,-4.776000706030459e-10
-0.7098869841700644,-0.7169703,-0.7169703,-2.4516296437404606e-08
-0.6210071995804942,-0.66257966,-0.6625797,4.435272216163355e-08
-0.5199237139980556,-0.56985176,-0.5698517,-5.6095886269424966e-08
-0.4036431668018562,-0.44884676,-0.44884682,6.25880431925907e-08
-0.2719352994825968,-0.29359215,-0.2935921,-5.497970578804967e-08
-0.1165108057054987,-0.10195355,-0.10195355,-1.173210140148484e-09
-0.4176889358691199,-0.39169085,-0.39169085,-2.5787355584228067e-10
-0.3965051530135747,-0.37376636,-0.37376636,-2.6670837205422515e-09
-0.3596637915256699,-0.35053128,-0.35053128,-4.074096615624967e-11
-0.3073951099147051,-0.3092944,-0.3092944,-2.599334691932853e-09
-0.242462210292273,-0.2537176,-0.2537176,-1.299285901090741e-09
-0.1607204394909844,-0.15287958,-0.15287958,-8.553695807211881e-10
-0.0610185049643422,-0.023403764,-0.023403764,2.2894287160513116e-10
0.0508871305551684,0.10726809,0.10726812,-3.243410109932121e-08
0.4761745972311687,0.3956908,0.3956908,-1.2405395599657254e-09
0.3435456958747116,0.06389408,0.06389409,-1.1864509583126015e-08
0.0554923007411565,-0.20689227,-0.20689224,-2.6869544977881077e-08
-0.3796962818347181,-0.43470925,-0.4347092,-5.0926971417730726e-08
-0.6811046705076388,-0.7225156,-0.72251546,-1.2303833007987208e-07
0.3668018053139515,0.35115337,0.35115337,3.718261698537617e-09
0.2921980483009445,0.23013468,0.23013468,8.671951212679829e-10
0.214600930667045,0.14136839,0.14136839,-8.703613385563358e-10
0.1321683843378582,0.033552825,0.033552796,2.945089721401173e-08
0.044439892294785,-0.056380138,-0.056380168,3.0198829652217096e-08
-0.0430583412389886,-0.12003161,-0.12003158,-3.013126373407893e-08
-0.1188133907984927,-0.19595022,-0.19595022,-4.9956130898642925e-09
-0.1892724946441105,-0.25387383,-0.25387383,4.9267578350331576e-09
-0.0973993494336481,-0.098437056,-0.098437026,-2.994539642642291e-08
-0.1344709694308523,-0.115622416,-0.115622476,5.986135101498924e-08
-0.1708518139001582,-0.1287206,-0.1287206,3.5673141385306195e-09
-0.2060813658229671,-0.14938112,-0.14938118,6.396739959946274e-08
-0.2387780741434825,-0.18056117,-0.18056117,1.8043511129661738e-11
-0.270323489917501,-0.22013818,-0.22013815,-2.727565764915063e-08
-0.2991058035799265,-0.26175606,-0.26175612,5.7492370586498254e-08
-0.3886763636973949,-0.37269008,-0.37269014,5.8403625491365574e-08
-0.3942025679205806,-0.35582495,-0.3558249,-4.7357177734852485e-08
-0.3969656700321735,-0.34580994,-0.34580988,-5.652343748607791e-08
-0.3967354115228741,-0.34118456,-0.34118444,-1.164842224343765e-07
-0.3939723094112812,-0.34265137,-0.3426513,-6.718750000800355e-08
-0.3916697243182872,-0.34291106,-0.34291106,-4.624786387186219e-09
-0.3840711935114068,-0.34359372,-0.34359372,3.378601065584519e-09
1.3847746749266192,1.5624847,1.5624846,1.4121093760977033e-07
1.330663925241259,1.3299998,1.3299997,1.0449676524082463e-07
1.0879714564396867,1.1166244,1.1166244,-4.468383796307762e-08
0.8549498450286893,0.9251723,0.9251723,2.8948974661879845e-08
0.6233097846734882,0.7526278,0.7526278,-1.0025787311462864e-08
0.4050247178576526,0.57431716,0.57431716,-2.731475823303242e-09
0.1994038690532843,0.28529397,0.28529397,-3.468246467797087e-09
0.0117431839742696,0.07775302,0.07775302,2.3131179749391606e-09
0.2516725506642492,0.17933977,0.17933977,-3.4976196383595948e-09
0.1973315424695897,0.15522742,0.15522741,1.271423338833344e-08
0.1367735545238463,0.1169994,0.11699942,-1.7357749945712264e-08
0.074603757013007,0.053180218,0.053180233,-1.5257080078490137e-08
0.0124339595021678,-0.009899944,-0.009899974,2.9932998657847265e-08
-0.0476635114249767,-0.06812127,-0.06812127,6.547164893566659e-10
-0.1183528737798939,-0.117674366,-0.117674306,-5.963968657818342e-08
-0.1828252563837272,-0.17947637,-0.17947637,4.5529556236267865e-09
-0.8358383887568387,-0.81066084,-0.8106607,-1.3908081053504162e-07
-0.7727475572088018,-0.7524988,-0.7524988,-5.522918677947075e-09
-0.7114987937351602,-0.69620234,-0.6962023,-3.7741851754979905e-08
-0.6490987377150215,-0.641709,-0.641709,-2.967453005542353e-08
-0.5862381646762841,-0.5796387,-0.57963866,-5.9558715848062604e-08
-0.524759142693343,-0.51817083,-0.5181707,-1.3358764650028832e-07
-0.4635103792197014,-0.4506148,-0.45061487,6.001007080147502e-08
-0.4027221327646586,-0.38789207,-0.387892,-6.74324035498941e-08
-0.614099444301512,-0.6120251,-0.6120251,1.788864134599777e-08
-0.5802514434344995,-0.5852651,-0.58526516,5.999771113263108e-08
-0.5450218915116907,-0.5553675,-0.5553675,-2.9392242417713987e-08
-0.5107133736260794,-0.529926,-0.52992606,5.79743957285217e-08
-0.4747930461753722,-0.4942822,-0.4942822,1.3968658452157001e-08
-0.4386424602153657,-0.45789248,-0.45789248,2.4876403714735318e-09
-0.4027221327646586,-0.41648334,-0.41648334,-2.647552510559592e-09
-0.3658807712767539,-0.36274743,-0.36274743,-8.01391619731362e-10
-0.6882426842959203,-0.76855236,-0.7685523,-6.29188537937253e-08
-0.6463356356034287,-0.75085604,-0.75085604,-1.9082642133128047e-09
-0.5917643688994698,-0.7293166,-0.7293167,1.077835083407308e-07
-0.5284432788421336,-0.69976616,-0.6997662,4.0942382817377165e-08
-0.4434778889106532,-0.6040077,-0.6040077,-2.0947265588766584e-08
-0.3571309479233765,-0.43168503,-0.43168497,-6.04603576648266e-08
-0.3417036278003164,-0.42252004,-0.42251998,-6.146575926013753e-08
-0.3163751917773819,-0.42547238,-0.4254725,1.2126922604993595e-07
-0.2825271909103694,-0.4280445,-0.42804444,-5.7966766331407626e-08
-0.2417714347643748,-0.39757645,-0.3975764,-5.1301574710560516e-08
-0.1869699095511165,-0.33775276,-0.33775282,6.054336548766415e-08
-0.0870377165151749,-0.24539135,-0.24539135,-3.964805594947052e-09
-0.7833394486365745,-0.7176584,-0.7176584,-5.35583466465539e-10
-0.749491447769562,-0.71407634,-0.71407634,-1.9851686960947745e-10
-0.6930781129912078,-0.66529787,-0.66529787,4.1323852117969295e-09
-0.6207769410711947,-0.582968,-0.582968,3.402710002653464e-09
-0.5392654287792056,-0.51191765,-0.51191765,-6.996154766625295e-10
-0.434267548538677,-0.40209347,-0.40209347,-9.65881263859103e-11
-2.079464597482923,-0.20132412,-0.20132406,-6.016391754237738e-08
2.1075561356174504,2.1320333,2.1320333,4.80834962957033e-08
1.847133761599824,1.8723428,1.8723427,1.2493591317053188e-07
1.583257509942706,1.6396307,1.6396308,-1.2468414301025632e-07
1.3110919519508095,1.4094629,1.409463,-7.122802725412214e-08
1.035242257810123,1.1783887,1.1783887,1.4790344282644696e-08
0.7513335158439571,0.9509813,0.9509813,1.895065304680088e-08
0.4623590866732044,0.628924,0.628924,1.218414302783799e-08
2.120450612138217,2.139774,2.139774,8.409118645857916e-08
1.9005537357572853,1.8495908,1.8495908,-2.1649170012238983e-08
1.6465786000000422,1.522031,1.5220311,-1.5040740963812027e-07
1.357143653810691,1.2209939,1.2209939,-2.354278572092028e-08
1.0435315641449017,0.9300121,0.93001205,5.6895446798321814e-08
0.7050515554747769,0.608604,0.608604,1.3919830288422474e-08
0.3806173158719158,0.28625765,0.28625765,4.428482081042517e-09
-0.8151151229198922,-0.7574281,-0.7574281,-9.645843457306569e-09
-0.7709054891344065,-0.7068709,-0.7068709,-1.3505554230519579e-08
-0.7117290522444596,-0.6461133,-0.6461134,1.2351837153090628e-07
-0.6230795261641888,-0.58553517,-0.5855352,3.135223392014552e-08
-0.534430000083918,-0.5148535,-0.51485354,6.252197271017224e-08
-0.405254976366952,-0.39896375,-0.39896363,-1.1940872191029683e-07
-0.2542053942665426,-0.25358987,-0.25358987,1.454467768446932e-09
3.686668992392767,3.7494066,3.7494066,-2.3843383711863453e-08
3.420950672661254,3.3898954,3.3898954,3.914794932668997e-08
3.13635115516719,3.0107465,3.010747,-5.209655760118892e-07
2.793726493329676,2.6737342,2.6737342,-1.1920166187451287e-08
2.4165630550972512,2.3257024,2.3257024,2.8817749075926713e-08
1.9758482682981908,1.9538877,1.9538878,-9.89654540539675e-08
1.4796411807579737,1.5263888,1.5263886,1.6438140870711493e-07
0.9581056571948224,1.0813894,1.0813894,2.7185058648626637e-08
0.6935386300098066,0.5993749,0.59937495,-5.967254634864361e-08
-0.0619395390015398,-0.05899243,-0.0589924,-3.056774139365004e-08
0.3730187850650354,1.0839167,1.0839167,-3.5876464909989636e-08
1.3161576391553966,1.5556644,1.5556644,2.012786870508876e-08
1.487700228583453,1.718194,1.718194,7.873535157187916e-09
1.666380831799791,1.8909427,1.8909426,9.2756652803061e-08
1.8505876392393144,2.0586097,2.0586095,2.2404479960158596e-07
2.044235045560114,2.2337823,2.2337823,-8.587646593838372e-09
2.2500861528737817,2.4011798,2.4011798,-9.503173803437903e-09
2.4709040632919104,2.581463,2.581463,9.852600113546828e-08
2.5841912498672177,2.640336,2.640336,3.668212888996436e-08
0.5335089660467204,0.57094294,0.57094294,-1.6722107032407507e-09
2.791423908236682,2.9636765,2.9636765,-4.7363281296952664e-08
3.267284964075888,3.3228896,3.322889,5.664215088074798e-07
-0.2915072727730461,-0.3209095,-0.32090944,-6.012207032224381e-08
-0.2228902370018236,-0.27482766,-0.27482772,6.086990356202193e-08
-0.1597994054537868,-0.192946,-0.19294597,-3.188732147774154e-08
-0.05411074968536,-0.07961045,-0.07961045,-2.0559310920376106e-09
0.0354598104321083,0.01798299,0.01798299,-4.5036315995949927e-10
0.1321683843378582,0.12631628,0.12631628,-8.271026641359924e-10
0.2348636794853926,0.23052615,0.23052615,-7.270813118243069e-10
0.352295519228089,0.34888136,0.34888136,3.8687134051862415e-09
1.596382244972772,1.4531256,1.4531256,-3.953552152324846e-09
1.5153312496993816,1.4381334,1.4381331,2.589553833587388e-07
1.3893798451126074,1.4596412,1.4596412,1.8185424721650634e-08
1.2164557046287543,1.374425,1.374425,5.359649657421528e-08
1.026031917438147,1.221945,1.221945,4.737853998015851e-08
0.842285627017222,1.0590478,1.0590478,1.818389883112559e-08
0.6845585481471299,0.869653,0.86965305,-6.34735107807316e-08
0.5491665446790799,0.6099375,0.60993755,-6.096725468918152e-08
0.0078287893161797,0.017148763,0.017148763,-5.863952726170574e-11
0.1333196768843552,0.10852894,0.10852894,1.869735713477816e-09
0.2293374752622069,0.20869693,0.20869693,1.6005706759969485e-09
0.3126910556285914,0.3030458,0.3030458,9.268951439711515e-09
0.383610676492808,0.35025573,0.35025573,-2.2320556514188183e-09
0.4469317665501442,0.39401177,0.39401177,-4.2815399003970356e-09
0.5003517407076061,0.45746177,0.45746177,4.349212656684642e-09
0.5441008574744931,0.4765005,0.4765005,1.116943360024436e-08
1.668683416892785,1.3503442,1.3503442,-1.893920908990765e-08
1.8158186043351048,1.3534504,1.3534504,1.7518615669231963e-08
1.8020030937771403,1.333472,1.333472,1.3473510751538242e-08
1.655558681862719,1.3177729,1.3177729,-3.4704589868539415e-08
1.4243791385261169,1.2481933,1.2481933,-3.599243170171462e-08
1.164877798545688,1.1134027,1.1134027,2.4266052278676398e-08
0.9143565404279356,0.9520464,0.9520464,-5.65185542811264e-09
0.6555459759754049,0.6322312,0.6322312,-2.4100494377954362e-08
0.9201130031604208,0.93375564,0.9337556,3.6215209942014326e-08
1.138167811466957,1.1320224,1.1320224,-1.9171142673357622e-08
1.3557621027548945,1.3238496,1.3238496,-4.1169738729252003e-08
1.572895877024233,1.5405475,1.5405475,-9.880065876544109e-09
1.7838126715424876,1.7626405,1.7626406,-1.2377319325018732e-07
1.9880519692910592,1.9886626,1.9886626,5.172728911873037e-10
2.18883738940014,2.2111113,2.2111108,5.07144164885176e-07
1.8059174884352305,1.1089664,1.1089662,1.505554199088266e-07
1.1156024775556153,1.1436107,1.1436106,1.1586608894553763e-07
1.288526618039468,1.2623677,1.2623678,-7.462768558674782e-08
1.4612205000140217,1.4008535,1.4008534,1.1467132576825634e-07
1.6302302458397844,1.5822641,1.5822643,-2.342575073921438e-07
1.8024636107957392,1.7479728,1.747973,-1.5396881103413307e-07
1.9779205948818848,1.890473,1.890473,8.155822683875158e-09
2.1453185311425527,2.0723298,2.0723295,2.5959777838480136e-07
2.314328276968316,2.2758052,2.2758052,3.490905742253858e-08
1.2790860191581923,1.0253266,1.0253267,-9.038848869380445e-08
1.441648526723572,1.1342069,1.134207,-1.0894012447693058e-07
1.5804944078311132,1.29412,1.29412,-4.5890808042514664e-08
1.702301159250498,1.4541253,1.4541254,-1.1485137929589939e-07
1.810292400111919,1.6033554,1.6033554,7.71484365280628e-09
1.907691749545567,1.7317961,1.7317961,4.543914799981508e-08
1.9963412756258376,1.8444874,1.8444874,2.8665161133645256e-08
2.077162012389929,2.016785,2.016785,-9.36126709483176e-08
2.8314888888547785,-0.24328472,-0.24328472,2.7978134253814346e-09
4.764278815913981,0.1496959,0.1496959,3.062820441712688e-09
5.160093193399657,1.166427,1.1664271,-8.374176019287916e-08
3.446509367193488,1.1132424,1.1132425,-1.122283934673618e-07
2.0935103665501864,0.9859813,0.9859812,8.55720519998826e-08
1.393294239770697,0.6891762,0.6891762,1.8203735185906567e-09
0.6845585481471299,0.28862816,0.28862816,9.535217060374634e-10
1.5510213186407893,1.5257152,1.5257152,3.189544672821398e-08
1.312243244497307,1.2508259,1.250826,-1.1804199218090616e-07
1.0617219863795546,1.0141201,1.01412,1.0192871102709944e-07
0.8063652995665149,0.6866869,0.6866869,-2.65640258678701e-08
0.5461731840581877,0.4402412,0.4402412,-1.2189102172044386e-08
0.2898954632079504,0.18109946,0.18109946,-4.710769552218608e-10
0.0366111029786053,-0.058874294,-0.058874324,2.98382034288891e-08
-0.2017064541462784,-0.24283348,-0.24283348,-2.389144992953618e-10
-0.3237434640749628,-0.35479474,-0.35479468,-6.067687990940485e-08
-0.3499929341350949,-0.38697284,-0.38697284,-4.6006775056284255e-09
-0.3771634382324247,-0.44025576,-0.4402557,-6.114654538258435e-08
-0.405254976366952,-0.5050856,-0.5050857,1.1249847409189329e-07
-0.4344978070479764,-0.5213314,-0.5213314,-2.9481506347295294e-08
-0.4616683111453062,-0.5266861,-0.5266861,2.7650451706051626e-08
-0.4888388152426359,-0.5080886,-0.5080885,-8.871459955539507e-08
-0.5160093193399656,-0.5373897,-0.53738976,6.435562138751294e-08
0.6474869281499257,0.47572374,0.47572368,6.343872072100964e-08
0.7151829298839506,0.49247098,0.49247098,-3.094482448062763e-10
0.7766619518668917,0.5232225,0.52322257,-6.395370488743168e-08
0.8194900345965809,0.5650394,0.5650394,-3.713989227271952e-09
0.8475815727311082,0.6546898,0.6546898,-1.1181640613422417e-08
0.8586339811774797,0.7722932,0.7722932,1.0029602037775476e-08
0.8574826886309828,0.8352708,0.8352709,-7.795181278247298e-08
0.8505749333520005,0.8149325,0.8149325,2.5157928518204642e-08
-0.997019345266422,-1.0571281,-1.0571281,2.821502675942611e-08
-0.7985365102503351,-0.9591234,-0.95912325,-1.2303161622817527e-07
-0.6138691857922126,-0.8165109,-0.8165108,-1.1575622560489052e-07
-0.4186099699063175,-0.6737118,-0.67371184,6.326660151323438e-08
-0.1768385351419427,-0.5343183,-0.5343183,-2.790374753480762e-08
-0.0366111029786053,-0.4120742,-0.4120742,-8.25958251793324e-09
0.1227277854565826,-0.26106757,-0.26106757,7.441711691313913e-10
0.3000268376171242,-0.12322639,-0.12322645,6.071109771854655e-08
0.6046588454202364,0.50057155,0.50057155,-1.0612487555405892e-09
0.6313688324989674,0.43432376,0.43432376,-2.1131134064766854e-09
0.6889334598238186,0.3722988,0.3722988,6.905746474661356e-09
0.7713660061530054,0.27773723,0.2777372,3.006248472381401e-08
0.5982116071598531,0.66933143,0.6693314,3.138885495967969e-08
0.7064331065305733,0.71993923,0.7199393,-6.81274413549815e-08
0.7775829859040893,0.747174,0.747174,2.458190917487002e-08
0.8406738174521261,0.7357761,0.7357761,2.6384735063444964e-08
0.8922517235351928,0.7164769,0.7164769,1.7266845731001013e-08
0.9507373848972416,0.6847632,0.6847632,-6.869506852247298e-09
1.0267226929660451,0.64304006,0.64304,6.099700933237528e-08
1.110997307369627,0.59806114,0.59806114,4.3519592374252625e-09
-0.4974687774358327,-0.49982178,-0.49982178,-2.1121215887376366e-09
-0.6532953266295607,-0.6428141,-0.64281404,-5.978866579603448e-08
-0.7646440216145943,-0.7568563,-0.7568563,-2.228851314622915e-08
-0.8715990078126591,-0.8584746,-0.85847473,1.1776397701446228e-07
-0.9619816449077524,-0.9089799,-0.9089799,7.2692870611845706e-09
-1.0544655697173526,-0.9796984,-0.9796984,-1.9570922882294894e-08
-1.0964859736092367,-1.000183,-1.0001827,-2.862594603580959e-07
-1.1482647924340703,-1.0414191,-1.0414193,1.5155487065321438e-07
-1.0582681087400636,-0.3994916,-0.39949167,6.185714723772051e-08
-1.0683994831492374,-0.5430807,-0.5430807,1.2477111788200546e-08
-1.0911950755698785,-0.6963465,-0.6963465,-2.137756349718245e-08
-1.1372467774297592,-0.87447536,-0.87447524,-1.199166870247126e-07
0.5574558510138585,0.089195356,0.089195356,-2.2702789648221255e-10
0.6115666006992186,0.008261442,0.008261412,3.018444824295918e-08
0.6981438001957948,-0.0941668,-0.09416683,2.9620246894124236e-08
-0.4059457518948503,-0.46822566,-0.46822566,2.0600890993094367e-09
0.4667339983498931,-0.26319265,-0.26319265,-3.6560058869206102e-09
2.272190969766525,-0.08326502,-0.08326502,-1.4433670092461881e-09
3.5724607717802623,0.14041558,0.14041561,-3.091941833122114e-08
5.470711922444554,0.21847616,0.21847616,1.3607406590399052e-09
4.488198863263994,0.2707883,0.2707883,1.1958313006488197e-08
3.4011484408615056,0.3667463,0.3667463,6.419372533539303e-09
2.394688496713808,0.21119644,0.21119644,-2.5219345223259637e-09
0.3479206075514003,-0.33441985,-0.33441985,3.4652710145799404e-09
0.5431798234372954,-0.075197,-0.075197026,2.9668785095360306e-08
2.258835976227159,0.2201315,0.2201315,1.5554428023367706e-09
3.998208755474861,0.412916,0.41291595,5.465774538526702e-08
5.841428122416596,0.5785155,0.5785155,2.9632568399051706e-08
5.248512460970628,0.74929315,0.74929315,-1.4823913208061867e-09
3.812620396979541,0.8076442,0.80764425,-6.159591670051867e-08
0.1363130375052475,-0.21370475,-0.21370475,5.817413217812373e-11
0.718176290504843,0.02437824,0.024378255,-1.4891510011216802e-08
1.433128961879494,0.21501277,0.21501277,3.87142182201039e-09
2.3182426716264053,0.53117573,0.53117573,2.612609906194052e-09
3.487495381848782,1.0556191,1.055619,1.20597839270431e-07
3.933736372871028,1.6302289,1.6302286,2.770675660013211e-07
4.037122443546461,1.9862515,1.9862516,-1.2657318104736248e-07
2.344722400195837,1.4867786,1.4867786,1.690521234110065e-08
0.5984418656691526,0.6211533,0.6211533,-4.959869404075334e-09
0.214600930667045,0.2687402,0.2687402,6.956863418672299e-09
-0.0884192675709713,0.015019715,0.015019685,2.983230590856978e-08
-0.3009478716543218,-0.18593426,-0.18593429,2.9512443544543743e-08
-0.4759443387218692,-0.38606066,-0.38606066,4.882965087826818e-09
-0.6456448600755305,-0.543164,-0.543164,-1.4816284199525853e-08
-0.7791947954691851,-0.70090455,-0.70090455,1.8318175865061903e-09
-0.8639299268913659,-0.80060136,-0.8006015,1.3681793209485704e-07
-0.8795875055237256,-0.861076,-0.8610759,-9.735260009247071e-08
-0.9058369755838576,-0.89726317,-0.89726305,-1.1928863530297207e-07
-0.9323167041532892,-0.92983115,-0.92983115,2.8060913592753423e-09
-0.9576451401762236,-0.9531201,-0.9531201,-1.2419128392338052e-08
-0.9804407325968648,-0.9666908,-0.9666909,1.2126770021492206e-07
-1.002315290980308,-0.9875864,-0.9875864,2.094879147929163e-08
-1.0246503663823503,-0.9978744,-0.9978744,2.084198003071691e-08
0.2323308358830992,0.7222441,0.72224414,-5.611862186061245e-08
-0.0644723826038332,0.56897444,0.56897444,-4.670562714359505e-09
-0.2634157346385188,0.38681918,0.38681918,3.826446548504947e-09
-0.4556815899035216,0.14287582,0.1428758,2.0398330691229205e-08
-0.616862546413105,-0.11926721,-0.11926721,-3.6434173733557174e-10
-0.7575504955950412,-0.47252756,-0.47252744,-1.2357192991085952e-07
-0.8837321586911148,-0.7613126,-0.7613127,9.604949946506736e-08
-0.7365969712487953,-0.7305321,-0.730532,-1.0973739628106216e-07
-0.7897866868969579,-0.77669317,-0.7766933,1.3469772341956343e-07
-0.8273188239127607,-0.7941371,-0.7941371,-2.0246887166841532e-08
-0.8641601854006655,-0.80843663,-0.80843675,1.1784362796696257e-07
-0.8968568937211809,-0.83284295,-0.83284295,3.9474487012469694e-09
-0.9244879148371096,-0.85393465,-0.85393465,4.3472290212065445e-09
-0.9491255753321456,-0.89663076,-0.89663076,-4.007568388253446e-09
-0.9677765145853976,-0.9384903,-0.93849015,-1.2156829831688754e-07
-0.5242986256747443,-0.5626568,-0.56265694,1.201795959415719e-07
-0.5268314692770377,-0.6139208,-0.6139208,-7.83843989715649e-09
-0.533278707537421,-0.62258136,-0.62258136,-2.7243042266533735e-09
-0.5337392245560199,-0.61696875,-0.6169688,4.904632566749001e-08
-0.5309761224444269,-0.59192014,-0.5919201,-3.740539555874278e-08
-0.5309761224444269,-0.57696915,-0.57696915,3.271484416700332e-09
-0.5277525033142353,-0.5669602,-0.5669602,-1.556854245521322e-08
-0.5305156054258282,-0.5477106,-0.54771054,-5.751510623319689e-08
-0.3861435200951014,-0.3825022,-0.38250232,1.2178070069035485e-07
-0.4494646101524377,-0.45414394,-0.45414394,-1.4024352790187322e-09
-0.513936992756271,-0.51095885,-0.51095885,-3.83758580468907e-10
-0.5625215382184454,-0.5521103,-0.5521103,-1.4369201606356796e-08
-0.6062706549853323,-0.5874469,-0.5874469,-2.8024291998107742e-08
-0.6500197717522191,-0.63062185,-0.6306218,-5.049057005823698e-08
-0.6930781129912078,-0.6862451,-0.6862451,1.61911011264948e-08
-0.7347549031744001,-0.75738305,-0.75738305,1.4656066360529962e-09
2.603072447629769,2.772262,2.772262,9.640502929286754e-08
2.1653510214516007,2.3300347,2.3300347,3.281860339043874e-08
1.6716767775136774,1.9169394,1.9169393,7.778472910224821e-08
1.1955021802825083,1.4833263,1.4833263,1.5879821679831707e-08
0.8494236408055036,1.1007439,1.1007439,-1.0191345323207202e-08
0.5291340543700318,0.7825576,0.78255767,-6.330291746348138e-08
0.2346334209760933,0.5026352,0.5026352,-1.9049835153772676e-08
-0.0271705040973297,0.20067741,0.20067741,-2.3189544728907663e-10
3.0138536282199064,3.0117211,3.0117211,3.4185791086827066e-08
2.526396364033067,2.460031,2.4600306,4.325622557921349e-07
1.9735456832051967,1.995065,1.9950651,-1.2616882316685007e-07
1.3757945930639426,1.5671496,1.5671496,3.912963864038943e-08
0.8224833952174733,1.132832,1.132832,5.03234862669899e-08
0.5074897544958877,0.8088993,0.8088993,-1.6590881335432073e-08
0.1998643860718832,0.5319879,0.5319879,5.502319377903575e-09
-0.0478937699342761,0.21961907,0.21961905,1.552314757291562e-08
0.1116753770102112,0.003043443,0.0030434579,-1.493544616714554e-08
-0.8961661181932826,-0.80082536,-0.80082536,2.5628662525534196e-09
-0.8187992590686828,-0.7021493,-0.70214915,-1.2196502685579702e-07
-0.7382087808138911,-0.65230274,-0.65230274,-2.004394539234511e-09
-0.6799533779611417,-0.58868665,-0.5886866,-4.503097539299006e-08
-0.610645566662021,-0.5386148,-0.53861475,-5.951309201002175e-08
-0.5544624903929662,-0.4722767,-0.47227663,-5.762207033743749e-08
-0.4582144335058151,-0.41837716,-0.4183771,-6.102600097479538e-08
-0.3656505127674544,-0.35129339,-0.35129333,-5.5028839096582516e-08
0.49114140033563,0.30377123,0.30377123,-2.4018096955735757e-09
1.2364881949378028,0.6221935,0.62219346,5.530075075643737e-08
-0.4457804740036473,-0.42798185,-0.42798185,-3.4851074248720693e-09
-0.45245797077333,-0.43406934,-0.43406934,4.5393371839175245e-09
-0.449004093133839,-0.44418454,-0.44418454,-1.702270491232838e-09
-0.4397937527618628,-0.44742554,-0.44742548,-6.426193238651123e-08
-0.4289716028247907,-0.45309037,-0.4530903,-6.970138549666771e-08
-0.4103206635715389,-0.43658662,-0.43658662,1.5765380667609463e-09
-0.3907486902810895,-0.40410364,-0.4041037,6.325836182652367e-08
-0.358512498979173,-0.3665263,-0.3665262,-1.0567550656759295e-07
-0.9491255753321456,-0.9204787,-0.9204788,9.840850834219594e-08
-0.8761336278842344,-0.8724967,-0.87249684,1.158712769067094e-07
-0.7828789316179756,-0.81711245,-0.8171123,-1.4583129881451384e-07
-0.6695917450426686,-0.7475911,-0.7475911,2.1718597364994707e-08
-0.5358115511397145,-0.62028354,-0.62028366,1.1593643189922176e-07
-0.3815383499091134,-0.4650705,-0.46507055,6.393127444104252e-08
-0.2070023998601647,-0.2808305,-0.28083056,5.74899292060671e-08
-0.0122037009928684,-0.037493214,-0.037493244,2.9988807680181306e-08
-0.4975886385960132,-0.41941637,-0.4194165,1.3199234011329608e-07
-0.3951236019577783,-0.31095672,-0.31095672,3.46252443383932e-09
-0.2786127962522795,-0.17438196,-0.17438196,3.541908266679883e-09
-0.1393063981261397,-0.026527047,-0.026527077,2.984271240194514e-08
0.0405254976366952,0.13717969,0.13717969,-2.3807907034711917e-09
-0.5989023826877513,-0.5872018,-0.5872018,2.5879669185435716e-08
-0.4743325291567734,-0.4599219,-0.45992196,6.354232789940184e-08
-0.3502231926443944,-0.35153115,-0.3515311,-4.7956848159280696e-08
-0.2291072167529075,-0.23376645,-0.23376648,2.852199554315149e-08
-0.1077609823521213,-0.093647644,-0.093647644,7.624054165766836e-11
0.0225653339113416,0.04471375,0.044713765,-1.4518394472751162e-08
0.1310170917913612,0.15751967,0.15751967,-1.659317017121964e-09
0.2380872986155843,0.2811179,0.2811179,-1.3695144629455314e-08
0.2654880612222134,0.2596062,0.2596062,1.2377548208597489e-08
0.2238112710390212,0.25932598,0.25932598,1.140136707267203e-09
0.1851278414767213,0.2612142,0.2612142,-3.3180236891361403e-09
0.1662466437141701,0.28654832,0.28654832,-3.5212707749643357e-09
0.1501285480632117,0.3104573,0.3104573,-1.078109740371147e-08
0.1409182076912356,0.30982363,0.30982363,2.240295393640679e-09
0.1448326023493255,0.30003545,0.30003545,-3.1177520565250916e-09
0.1614112150188826,0.29815897,0.29815897,3.455429054000092e-09
-0.0375321370158029,0.057068124,0.057068124,4.1349029755721745e-10
-0.0732222059572106,0.137028,0.13702801,-1.620174408523134e-08
-0.069998586827019,0.1701849,0.1701849,-4.603767395083835e-09
-0.0792089271989951,0.17632489,0.17632489,-9.361648678485324e-10
-0.0621697975108392,0.22184628,0.22184628,2.4821472099922914e-09
-0.0361505859600065,0.24248517,0.24248517,-4.403991699097887e-09
-0.0082893063347785,0.24358274,0.24358274,4.2606354555552173e-10
0.051808164592366,0.24583511,0.24583511,5.451583906523894e-10
-0.0748313106230034,-0.3825155,-0.38251543,-6.005508423889694e-08
0.0966728872602606,-0.26277393,-0.262774,6.897354126733646e-08
0.1151128071005046,-0.12894015,-0.12894015,-1.417160000460882e-10
0.2600539053343068,0.039914846,0.03991483,1.642028808757079e-08
0.5664495275139878,0.39692461,0.3969246,1.490631101885853e-08
0.6729444732424258,0.47352642,0.47352642,-1.7909240757063571e-09
-1.2783952436302943,-1.216771,-1.2167712,1.9341583246124117e-07
-1.1563582337016098,-1.059674,-1.059674,-2.458190917487002e-08
-0.9802104740875652,-0.8750485,-0.8750485,-1.8180847161097802e-08
-0.7771224688854905,-0.66419363,-0.6641936,-3.0218505808754514e-08
-0.5266012107677382,-0.42558324,-0.42558324,-3.37005617856434e-09
-0.2620341835827224,-0.19227599,-0.19227596,-2.6075401310388102e-08
0.1015440026010374,0.10407509,0.10407509,-9.029769848512004e-10
0.4257479836945991,0.38629234,0.38629234,-1.6287231563438809e-09
-0.1452422683622423,-0.5574969,-0.5574969,-5.326843299791051e-09
-0.1307056356065949,-0.5189083,-0.5189084,7.814254765481365e-08
-0.0345148906741596,-0.32643247,-0.32643253,6.349304199071426e-08
0.0296970042076345,-0.2333013,-0.23330127,-2.6830177302095137e-08
0.0968700155021695,-0.12890615,-0.12890615,4.308128354058027e-09
0.202324794253914,0.017805874,0.01780589,-1.5652313233721626e-08
0.3223734958160502,0.18147917,0.18147919,-1.9081535351794798e-08
0.3906431759112733,0.29263002,0.29263002,-3.1962585356204443e-09
0.1245698535309779,0.10055421,0.10055421,2.9278182933634156e-09
0.3734793020836343,0.36630994,0.36630994,8.149719232797281e-10
0.6408094313802429,0.6333744,0.63337433,6.298629762202523e-08
0.9302443775695944,0.96703637,0.96703637,-3.5372924589438526e-09
1.2463893108376771,1.4120449,1.4120449,-1.7225646908869408e-08
1.5931586258425805,1.8264065,1.8264066,-1.21118164164713e-07
1.975618009788892,2.239502,2.239502,-4.6874999881652e-08
2.4048198711229816,2.6121094,2.6121094,2.268371579461359e-08
0.8897188799328993,0.95284796,0.952848,-4.2388916043911706e-08
-0.3569006894140771,-0.25558233,-0.25558233,-2.611083960157856e-09
-0.6461053770941293,-0.63903993,-0.63904,6.631851201532868e-08
-0.211147053027554,-0.23958768,-0.23958774,6.049465178792346e-08
-0.6974530246678965,-0.68832797,-0.6883281,1.3187942504711003e-07
0.7607741147252328,0.4925502,0.4925502,-5.7365417416299636e-09
0.7591623051601369,0.48626512,0.48626512,2.8904724169720453e-09
0.7589320466508376,0.476636,0.476636,-7.47299194747697e-09
0.7589320466508376,0.47471696,0.47471696,1.3838195589421787e-09
0.7593925636694363,0.48209888,0.48209888,-2.5700378492032883e-09
0.7598530806880351,0.4868881,0.4868881,1.0637664804580282e-08
0.7598530806880351,0.48228478,0.48228478,4.317016577548571e-09
3.747077509369416,3.8628201,3.8628201,4.846801759939012e-08
3.2912883097891443,3.4771342,3.4771342,2.775268548305121e-08
2.0840830325013457,2.2283058,2.2283058,1.6650390843864216e-08
-0.5972905731226555,-0.4388697,-0.43886983,1.1526306153974986e-07
-0.5127857002097741,-0.33667463,-0.33667463,-6.419372811095059e-10
-0.4103206635715389,-0.23236896,-0.23236896,-9.766006336953126e-10
-0.2894349461893515,-0.12314148,-0.12314148,-2.4724197411618576e-09
-0.1503588065725112,0.007372871,0.007372871,4.129791300599983e-11
0.010822149937072,0.103779934,0.103779934,3.4667586856773625e-10
0.1980223179974879,0.2715023,0.2715023,-1.380424496932875e-08
0.0642421240945338,0.12403311,0.12403311,-1.6463851948422814e-09
0.0739129814851088,0.1448074,0.1448074,-1.680755618016505e-09
0.1026952951475344,0.15267792,0.15267792,3.4409332327900444e-09
0.1492075140260141,0.18964615,0.18964615,4.6421050892142546e-09
0.2212784274367278,0.25850827,0.25850827,-4.981536849690826e-09
0.3085464024612022,0.35442746,0.35442746,-3.1442261017033957e-09
0.4280505687875932,0.47852558,0.47852558,-1.0243225156969515e-09
0.5735739466648168,0.60810167,0.60810167,-4.0263367084847346e-09
1.3456307283457205,0.3728201,0.37282008,2.912895202822341e-08
1.3974388929380863,0.6145316,0.6145316,-2.336654658652293e-08
1.679045049811258,-0.2004305,-0.20043053,3.247287749807981e-08
2.081997441085216,0.10262849,0.10262849,1.818904873940319e-09
2.362452305411891,0.19466612,0.19466612,-2.5702667216798147e-09
-0.5245288841840436,-0.44102466,-0.4410246,-6.106414796036574e-08
-0.4469317665501442,-0.34847748,-0.34847748,-2.795715325909498e-09
-0.3469995735142027,-0.25176686,-0.25176686,-4.850769230735352e-10
-0.221969202964626,-0.13487856,-0.13487856,-9.00688162941421e-10
-0.0755247910502047,-0.0011985302,-0.0011985302,2.8564453320029104e-12
0.0978598664522469,0.16598798,0.16598798,3.3459854054118665e-09
0.2885139121521539,0.33309054,0.33309054,3.7469482516705455e-09
-0.6283754718780751,-0.45837647,-0.45837653,6.277206421323456e-08
-0.5521599052999723,-0.35932583,-0.35932577,-5.616806031394361e-08
-0.4515369367361324,-0.26566005,-0.26566005,2.4688720512422435e-09
-0.3370984576143283,-0.1586179,-0.15861793,3.117816924080863e-08
-0.1931868893022004,-0.019565135,-0.019565135,-2.405548087114351e-10
-0.0370716199972041,0.1415984,0.1415984,3.4538268911532555e-09
0.1333196768843552,0.30334118,0.3033412,-1.9913864113263458e-08
0.3320327704097414,0.45625624,0.45625624,6.063080038032354e-10
-0.3822291254370116,-0.46509576,-0.46509576,1.5618896731517395e-09
-0.3156844162494837,-0.37645137,-0.3764513,-7.310028077300856e-08
-0.2281861827157099,-0.28431278,-0.28431278,-4.671783460086232e-09
-0.1264119216053731,-0.16502361,-0.16502364,3.0004158019236726e-08
-0.0105918914277726,-0.02977392,-0.02977392,-7.744598400083458e-10
0.1162805471961993,0.1259605,0.1259605,-9.517669707914678e-10
0.2636459931478183,0.2733784,0.27337843,-2.8005294805399927e-08
0.4349583240665753,0.49021697,0.49021703,-5.95562744121203e-08
-0.7725172986995025,-0.6703753,-0.6703753,1.2467193610810057e-08
-0.6502500302615185,-0.53111005,-0.53111005,1.7059326173907152e-09
-0.5035753598377979,-0.37174165,-0.3717416,-5.248870849072773e-08
-0.3377892331422265,-0.19773565,-0.19773565,-2.3275375238274165e-09
-0.1565757863235951,-0.022227451,-0.022227451,-2.052536023089413e-10
0.0508871305551684,0.1756561,0.1756561,-4.8528671359182596e-09
0.2707840069360998,0.36589605,0.36589605,-3.838348361373534e-09
0.4994307066704085,0.56032234,0.56032234,4.303131073690736e-09
3.687590026429964,1.4625912,1.462591,1.7126464846306533e-07
-0.5392654287792056,-0.5396019,-0.539602,7.796478274091356e-08
-0.3882158466787961,-0.39868736,-0.39868742,5.732910157707494e-08
-0.2394688496713807,-0.25008816,-0.25008816,4.730377201056513e-09
-0.0921034037197618,-0.1268201,-0.12682007,-3.2334022515012606e-08
0.0545712667039588,0.01563321,0.01563318,3.053981781006576e-08
0.2042392977485718,0.1872742,0.1872742,2.7044296246891975e-09
0.3417036278003164,0.34530514,0.3453052,-5.521316526202469e-08
0.4770956312683663,0.45116502,0.45116502,4.658508023780428e-10
-0.6251518527478835,-0.471263,-0.471263,8.571624743325401e-09
-0.5609097286533496,-0.40797275,-0.40797275,-3.0479431201158036e-09
-0.4743325291567734,-0.35940403,-0.3594041,7.25379943888882e-08
-0.3658807712767539,-0.3014934,-0.30149347,6.370422361845485e-08
-0.2332518699202968,-0.20517315,-0.20517315,2.9506683207891626e-10
-0.0697683283177195,-0.07257865,-0.07257868,2.6306800848807654e-08
0.1358525204866487,0.15096822,0.15096822,3.8101959365377525e-09
-0.0557225592504559,0.08936484,0.08936483,1.1580390923970896e-08
0.0128944765207666,0.09183014,0.09183014,1.8423652603516416e-09
-0.0013815510557964,0.08093144,0.080931425,1.499576568475547e-08
0.0048354286952874,0.05677706,0.056777075,-1.4968109134094743e-08
0.0310848987554196,0.08746174,0.08746171,2.9778518678691412e-08
0.0872679750244743,0.109222434,0.10922242,1.4461116790154271e-08
0.1722333649559546,0.21792063,0.21792063,1.1702728230922332e-09
0.3085464024612022,0.39161646,0.39161643,3.3661193832301706e-08
-0.8406738174521261,-0.7720395,-0.7720395,2.6943206776763873e-08
-0.7621556657810292,-0.67067724,-0.6706772,-4.466323855201182e-08
-0.674887690756555,-0.5906736,-0.5906737,7.453079220454129e-08
-0.5655148988393377,-0.50748223,-0.50748223,-6.632995264155284e-10
-0.4315044464270842,-0.40823036,-0.40823036,-4.3226623391845465e-09
-0.2869021025870581,-0.28050888,-0.28050888,4.153137223017467e-09
-0.1093727919172171,-0.1240405,-0.1240405,6.704330424156524e-10
0.1330894183750558,0.11657713,0.11657715,-1.6463661198229396e-08
-0.6122573762271168,-0.59539056,-0.59539056,1.7572021615563926e-09
-0.5814027359809966,-0.54859334,-0.54859334,-2.3042296959374653e-09
-0.5309761224444269,-0.49726534,-0.49726534,1.1022949220063083e-09
-0.4584446920151145,-0.42639142,-0.42639142,-2.748565652854751e-09
-0.3628874106558616,-0.34704483,-0.34704477,-5.555389404054978e-08
-0.2314098018459016,-0.20661877,-0.20661874,-3.095699310784461e-08
-0.0693078112991207,-0.037835345,-0.037835345,3.277969354287258e-10
0.1487469970074153,0.17313421,0.17313422,-1.2274475102991289e-08
-0.6313688324989674,-0.38937765,-0.3893776,-5.359878541000285e-08
-0.5733436881555174,-0.28540403,-0.28540403,3.4916686764141502e-09
-0.4943650194658217,-0.17084183,-0.17084183,2.0113754273243245e-09
-0.3946630849391794,-0.0447561,-0.04475607,-2.9581718442861504e-08
-0.2680209048245069,0.08354373,0.08354373,2.762336734352111e-09
-0.1162805471961993,0.25427288,0.25427288,-1.8299865511828273e-09
0.0729919474479112,0.41364273,0.41364273,4.2891692975111084e-09
0.3258157906586574,0.59935254,0.5993525,3.858566288705845e-08
-0.3849922275486044,-0.46081334,-0.46081334,-3.524932845611062e-09
-0.3446969884212086,-0.3606211,-0.36062104,-5.470367431259504e-08
-0.2657183197315129,-0.24922384,-0.2492239,5.678310394108266e-08
-0.1782200861977391,-0.09691487,-0.09691487,-2.5271224973755224e-09
-0.0513476475737672,0.08090249,0.08090249,-2.960433953536068e-09
0.1031558121661332,0.28985918,0.28985918,-4.3179321229658285e-09
0.3002570961264235,0.49008942,0.49008942,-3.49609374783455e-09
-0.8257070143476648,-0.6797207,-0.6797207,2.1286006290921478e-10
-0.7368272297580947,-0.56355995,-0.56355995,6.019592602157786e-10
-0.6258426282757816,-0.40536088,-0.40536094,6.248611450487829e-08
-0.4899901077891329,-0.23431127,-0.23431127,2.266426074593042e-09
-0.3283486342609509,-0.0052800328,-0.0052800328,4.6055602907768556e-11
-0.121806751419385,0.23769782,0.23769781,1.4835777273347617e-08
0.1330894183750558,0.41407594,0.4140759,4.084739685383809e-08
0.4384122017060664,0.64014864,0.64014864,-3.210449683876959e-10
0.8920214650258934,0.9626263,0.9626263,-2.1599578903241934e-08
-0.5360418096490139,-0.528299,-0.5282991,1.2596282961130356e-07
-0.474102270647474,-0.4474377,-0.44743764,-6.36094665273923e-08
-0.3587427574884723,-0.33189535,-0.33189535,-1.4099121314892216e-09
-0.2028577466927754,-0.18655072,-0.18655069,-3.152614594381653e-08
-0.0138155105579642,-0.039024726,-0.039024666,-5.9556373596669765e-08
0.2042392977485718,0.11068447,0.110684484,-1.4657768249159986e-08
0.4370306506502699,0.3202055,0.32020548,2.9662628187043794e-08
-0.3985774795972693,-0.4294157,-0.4294157,-2.819824207467292e-09
-0.3859132615858021,-0.3898868,-0.38988686,6.352554321464865e-08
-0.3509139681722926,-0.30277455,-0.30277455,1.4694213623656083e-09
-0.2721655579918962,-0.21936132,-0.21936132,-1.3797760156641914e-10
-0.1738451745210504,-0.13131167,-0.13131164,-2.9945716850665605e-08
-0.021644299874144,0.0068689883,0.006869003,-1.4724472046159787e-08
0.1644045756397749,0.15111864,0.1511186,3.6131286629270676e-08
0.3621966351279634,0.35862887,0.3586289,-3.094329831254683e-08
0.8945543086281869,0.9804239,0.98042387,5.7307128931149975e-08
-0.1911145627185058,-0.20980208,-0.2098021,2.3779487601238714e-08
0.004605170185988,-0.009558812,-0.009558812,2.1620941148547956e-10
0.1904237871906076,0.13501859,0.13501859,-2.8875732360766904e-09
0.3647294787302569,0.29477447,0.29477447,2.7134704483344763e-09
0.5316668979723251,0.46479636,0.46479636,4.307403544956401e-09
0.6893939768424173,0.6110986,0.61109865,-6.248702999478439e-08
0.8395225249056291,0.76080453,0.76080453,3.95843502420945e-09
0.9797499570689664,0.93308103,0.933081,3.084564204058893e-08
-0.8130427963361977,-0.8449837,-0.8449838,1.0306243891644584e-07
-0.8883373288771028,-0.9238076,-0.92380774,1.189978027227312e-07
-0.9684672901132956,-1.0036087,-1.0036088,9.63867188286116e-08
-1.0529721630261772,-1.0847627,-1.0847626,-9.245147714054269e-08
-1.1425427231436456,-1.1601794,-1.1601794,2.3397827231264046e-08
-1.2371789704657008,-1.2315904,-1.2315905,1.0979461673166213e-07
-0.1176620982519957,-0.07810317,-0.07810323,6.020114898253048e-08
-0.273777367556992,-0.224265,-0.22426502,2.573635102254279e-08
-0.43311625599218,-0.39192855,-0.39192855,-3.5812378063049266e-09
-0.593606436973865,-0.5657281,-0.5657282,7.204360963353196e-08
-0.7536361009369512,-0.7279276,-0.7279276,-2.5179290763510664e-08
-0.9217248127255164,-0.8847486,-0.8847487,1.2192840581626285e-07
-1.0863596468745909,-1.0425146,-1.0425147,1.3739318838190684e-07
-1.2585930118305455,-1.1905106,-1.1905106,-3.0607604895038776e-08
-0.615711253866608,-0.6147029,-0.6147029,1.9617462210241854e-08
-0.7112685352258608,-0.6281627,-0.6281628,1.1794357301919689e-07
-0.8065955580758143,-0.63872725,-0.6387272,-4.771499628741793e-08
-0.9021528394350672,-0.69951385,-0.69951385,-2.5962829663939146e-09
-0.9974798622850206,-0.7855905,-0.7855905,-2.9441833526711036e-08
-1.4441813703258657,-1.28181,-1.2818099,-1.4524230951273864e-07
1.4352012884631888,1.4354874,1.4354875,-1.1043548586719965e-07
1.1197471307230045,1.0937507,1.0937506,1.152557373984564e-07
0.7900169454062572,0.7621272,0.7621272,2.063064574731044e-08
0.480319250398558,0.4995591,0.49955916,-5.555740356655292e-08
0.2118378285554522,0.18634662,0.18634662,3.212738131086468e-10
-0.0425978242203898,-0.06057243,-0.06057243,-4.914474521777734e-10
-0.3133818311564896,-0.2783745,-0.2783745,6.877899194623893e-09
-0.5422587894000978,-0.500248,-0.500248,-1.4926910374413183e-08
-0.6292965059152728,-0.6006325,-0.6006325,1.1272430433528768e-08
-0.6695917450426686,-0.6303199,-0.6303199,6.639862104584893e-09
-0.7266958553489209,-0.71557933,-0.7155792,-1.3092117312485385e-07
-0.7679121285135143,-0.7791888,-0.7791887,-1.1177902226044978e-07
-0.7960036666480417,-0.7987343,-0.7987344,9.271087642037656e-08
-0.8206413271430779,-0.8076141,-0.8076141,1.1941528321735007e-08
-0.842285627017222,-0.81218207,-0.8121822,1.3117523189887237e-07
-0.8613970832890725,-0.8187797,-0.81877995,2.430450439794285e-07
2.9694137359251216,2.948378,2.948378,8.609008794735473e-08
-0.3453877639491068,-0.2526924,-0.25269234,-6.140914915464535e-08
-0.231640060355201,-0.1561573,-0.15615733,3.012378693711959e-08
-0.2864415855684593,-0.13520013,-0.13520013,2.0407485978868323e-09
-0.344927246930508,-0.17812528,-0.17812528,2.8384017913829496e-09
-0.406406268913449,-0.23998444,-0.23998444,2.176704400058682e-09
-0.4727207195916776,-0.34014654,-0.34014648,-6.159545901107677e-08
-0.5429495649279961,-0.4497124,-0.4497124,4.331970226978399e-09
-0.6187046144875001,-0.54984385,-0.5498439,5.2248382620412315e-08
-0.701137160816687,-0.6473214,-0.64732146,5.697341920463117e-08
-0.8782059544679292,-0.6025111,-0.60251105,-5.792160029383098e-08
-0.8696863896238511,-0.58014685,-0.5801469,5.084457399551212e-08
-0.8593247567053779,-0.61426735,-0.61426747,1.207568359751221e-07
-0.8480420897497072,-0.6774458,-0.67744577,-5.891464238683142e-08
-0.8369896813033356,-0.709313,-0.709313,2.4593353242785554e-08
-0.8289306334778564,-0.7286149,-0.7286148,-1.2633819579388472e-07
-0.8174177080128863,-0.74363965,-0.74363965,2.0393371436000507e-09
-0.8063652995665149,-0.74076563,-0.74076575,1.1880111694395623e-07
-0.7485704137323643,-0.7589409,-0.758941,1.2446975705682206e-07
-0.8319239940987488,-0.85535574,-0.8553556,-1.395935058656761e-07
-0.9095211117326482,-0.9457034,-0.9457034,1.273956296010681e-08
-0.9804407325968648,-1.0611545,-1.0611545,1.525115966849455e-08
-1.0347817407915243,-1.1532596,-1.1532598,1.6502838140475262e-07
-1.0893530074954831,-1.2115617,-1.2115617,2.0159912184070095e-08
-1.140470396559951,-1.258748,-1.2587478,-2.54504394447963e-07
-1.1858313228919335,-1.3057811,-1.305781,-1.260223387866688e-07
1.1006356744511538,1.1143392,1.1143391,1.3244476315676934e-07
0.2569684963781355,0.3051173,0.3051173,9.09347536159899e-09
0.3906335610264398,0.44293603,0.44293603,3.01048280748617e-09
0.5761067902671103,0.60464174,0.60464174,-4.446258583534757e-09
0.8023357756537752,0.8628829,0.86288285,6.215896608541271e-08
1.095569987246567,1.1938516,1.1938517,-1.0984344478437436e-07
1.3032631626346298,1.3013633,1.3013632,1.4896087652260803e-07
1.119977389232304,1.1040796,1.1040796,4.148864807262953e-09
1.3237561699622769,1.1736944,1.1736944,-2.782287600311406e-08
1.4372736150468834,1.2354019,1.2354019,-3.117980962308309e-08
1.5130286646063875,1.2701764,1.2701764,1.0675048844888124e-08
1.5636855366522566,1.2870107,1.2870108,-1.3029174805723187e-07
1.588553455656592,1.3050987,1.3050987,-4.716033941143394e-08
1.5634552781429574,1.3176906,1.3176906,1.0885620183032074e-08
1.5289165017480466,1.3336885,1.3336884,9.754333496481138e-08
1.4805622147951716,1.3604059,1.3604059,2.193603521050136e-08
1.0621825033981531,1.0677565,1.0677567,-1.663772581927958e-07
0.7398205903789868,0.78614384,0.7861438,3.935928349907414e-08
0.4492343516431383,0.5539497,0.5539497,1.370697022551326e-08
0.203778780729973,0.31307322,0.31307322,-2.131195053767243e-09
-0.0322361913019166,0.06692712,0.066927135,-1.4910469053885933e-08
-0.2675603878059081,-0.1928549,-0.19285496,6.381221770435097e-08
-0.4909111418263306,-0.40772593,-0.40772593,-2.1392820848120664e-10
-0.68064415348904,-0.61743873,-0.61743873,-3.577728224790633e-09
1.3251377210180737,1.2600971,1.2600971,4.603424064164585e-08
0.98228280067126,0.9775987,0.9775986,1.2674942018175983e-07
0.6854795821843275,0.70319355,0.70319355,-4.658508245825033e-09
0.3953538604670776,0.46468467,0.46468467,-4.796905539450336e-09
0.1038465876940314,0.21829277,0.21829277,2.7699279814275e-09
-0.13147760880996,-0.07418315,-0.07418312,-3.112590789278169e-08
-0.3681833563697479,-0.34004807,-0.3400482,1.2527770998360666e-07
-0.6456448600755305,-0.5720229,-0.57202286,-5.488647458751217e-08
-0.6845585481471299,-0.65926254,-0.65926254,2.043762159509299e-09
-0.732452318081406,-0.6937428,-0.6937428,-1.1679840095091265e-08
-0.7782737614319876,-0.7356271,-0.73562723,1.1522720333445591e-07
-0.8222531367081737,-0.7708866,-0.7708865,-1.0001754757738013e-07
-0.8625483758355695,-0.8245722,-0.8245721,-1.0554351803637729e-07
-0.90100154688857,-0.8665428,-0.86654305,2.3383789060638094e-07
-0.938994200922972,-0.905797,-0.905797,-4.699707067956638e-09
-0.974914528373679,-0.94939494,-0.9493948,-1.413299560715231e-07
-0.4812402844357555,-0.53102267,-0.5310227,3.21151732984859e-08
-0.3695649074255444,-0.39716727,-0.3971672,-6.541519165237375e-08
-0.2721655579918962,-0.2661705,-0.26617056,5.8291015625488996e-08
-0.2104562774996558,-0.1736552,-0.17365517,-2.7024345400361582e-08
-0.1625625075653796,-0.1028683,-0.102868274,-2.9656578068304462e-08
-0.1059189142777261,-0.057262406,-0.057262376,-2.9753135684373877e-08
-0.0515779060830666,-0.025095716,-0.025095657,-5.9118812560654543e-08
0.0149668031044612,-0.0039970577,-0.003996998,-5.967631530774675e-08
0.6827164800727346,-0.8599149,-0.8599149,1.1276245492908288e-09
2.996123723003852,-0.91517174,-0.91517174,-2.4392700082032093e-09
-0.0221048168927428,-0.1477222,-0.1477222,4.407882669976715e-10
-0.1291750237169659,-0.23754169,-0.23754169,-4.687881471898692e-10
-0.2380872986155843,-0.33098274,-0.33098274,-4.693756106011193e-09
-0.3458482809677057,-0.42268324,-0.4226833,6.101684568715626e-08
-0.4547605558663241,-0.5133341,-0.5133341,4.521942154056546e-09
-0.5675872254230323,-0.5984411,-0.59844124,1.1603759764167165e-07
-0.6804138949797405,-0.7006633,-0.70066327,-5.8170776418009496e-08
-0.8001483198154309,-0.8056483,-0.8056483,-2.6873779312985846e-08
-0.4344978070479764,-0.43249744,-0.4324975,5.823135373894672e-08
-0.5058779449307919,-0.5988827,-0.5988827,2.482910155254814e-08
-0.571962137099721,-0.6585723,-0.65857226,-5.616973874911224e-08
-0.6315990910082667,-0.70879865,-0.70879865,3.073120091734438e-09
-0.686400616221525,-0.775683,-0.7756831,1.1421737666772458e-07
-0.7377482637952923,-0.81280136,-0.81280124,-1.2108398439458767e-07
-0.7867933262760655,-0.8448384,-0.8448384,1.9186401356563465e-08
-0.8298516675150541,-0.8721864,-0.8721864,-2.2348022432616688e-08
-0.4971281215774145,-0.48619568,-0.48619568,-3.4793090630813595e-09
-0.5279827618235348,-0.50624144,-0.50624144,-7.730102113967519e-10
-0.551469129772074,-0.53658265,-0.5365827,5.124588009497444e-08
-0.5857776476576854,-0.57762516,-0.5776252,4.455108637557714e-08
-0.6256123697664823,-0.6225789,-0.6225789,-1.893386836204769e-08
-0.6728153641728603,-0.6632221,-0.663222,-7.450866701397274e-08
-0.7158737054118489,-0.6914259,-0.691426,8.046722410615104e-08
-0.4727207195916776,-0.43658596,-0.43658596,-2.7723693896142265e-09
-0.5017332917634026,-0.4427486,-0.44274867,6.37950134385612e-08
-0.5300550884072294,-0.4679036,-0.46790367,5.5955810540631035e-08
-0.5616005041812479,-0.49616498,-0.49616498,2.4494933859031676e-09
-0.604428586910937,-0.53195566,-0.5319556,-5.938949587669384e-08
-0.6541644249196085,-0.6008487,-0.60084873,5.52258301311781e-08
-0.7027489703817829,-0.6577808,-0.65778095,1.2390823367347537e-07
-0.7520242913718554,-0.7113067,-0.71130675,5.883026121811241e-08
0.842285627017222,0.7924415,0.7924414,8.731231693204222e-08
0.5701200690253257,0.6110745,0.61107457,-6.276351927070323e-08
0.3476903490421009,0.42970198,0.42970198,3.928680436526832e-09
0.134931486449451,0.24428988,0.24428988,-4.969482408911929e-09
-0.0660841921689291,0.050826922,0.050826922,5.905914646220367e-11
-0.2687116803524051,-0.14875333,-0.14875336,2.9888496400065634e-08
-0.451306678226833,-0.3263378,-0.3263378,-1.4331054676297583e-08
-0.5956787635575597,-0.54183674,-0.5418366,-1.3858642577968538e-07
-0.1756872425954457,-0.15933554,-0.15933554,1.2550735450922446e-09
-0.2279559242064105,-0.18870749,-0.18870752,3.4204978932583785e-08
-0.2857508100405611,-0.23914392,-0.23914386,-6.292499540871965e-08
-0.3499929341350949,-0.30170798,-0.30170798,-3.0169677867064593e-09
-0.5530809393371698,-0.4738295,-0.4738295,-7.82775877450348e-09
-0.60327729436444,-0.50921744,-0.50921744,-1.0820007112499752e-09
-0.647026411131327,-0.5608117,-0.5608117,1.5632629635220496e-09
-0.6893939768424173,-0.6067028,-0.60670274,-6.456542966937207e-08
-0.7223209436722321,-0.6435758,-0.64357585,6.245574946106558e-08
-0.7559386860299452,-0.67006034,-0.67006034,3.410186799612802e-09
-0.7840302241644727,-0.7055453,-0.7055453,-6.205749469856414e-09
-0.2984150280520283,-0.2557115,-0.25571144,-5.587631224379663e-08
-0.3258157906586574,-0.29236174,-0.29236174,3.7023925592016838e-09
-0.3605848255628676,-0.32518518,-0.32518524,6.02896118029328e-08
-0.4050247178576526,-0.3703668,-0.3703668,-1.1752319339919381e-08
-0.4559118484128211,-0.4278571,-0.42785704,-6.096359250751249e-08
-0.5095620810795823,-0.5084903,-0.5084904,7.597961426686339e-08
-0.5715016200811222,-0.582631,-0.582631,8.064270029528586e-09
-0.647026411131327,-0.6415016,-0.64150155,-5.551071169396238e-08
1.2859937744371746,1.3706791,1.370679,1.4009094240208242e-07
1.0195846791777636,1.1330819,1.1330819,1.299438467938785e-08
0.7628464413089273,0.8722137,0.8722137,2.1275329609160565e-08
0.5134764757376723,0.6250313,0.6250313,-7.561492876284603e-09
0.2429227273108718,0.38848126,0.3884813,-4.065399167307859e-08
-0.0082893063347785,0.11564862,0.11564862,-1.693916257261563e-10
-0.2489094485526563,-0.13526554,-0.13526557,2.5943107606618554e-08
-0.4883782982240371,-0.39248806,-0.39248806,-2.381744357293769e-09
-0.3442364714026098,-0.3207726,-0.3207726,1.1746978778592876e-08
-0.3815383499091134,-0.33148348,-0.33148354,5.66854858607968e-08
-0.4209125549993116,-0.37745947,-0.37745947,3.5426330757815094e-09
-0.4628196036918032,-0.4397897,-0.43978977,5.757095339342655e-08
-0.5162395778492651,-0.49939293,-0.49939287,-5.669296265775614e-08
-0.5765673072857092,-0.5636247,-0.5636246,-8.004226681457283e-08
-0.6433422749825364,-0.6314855,-0.63148546,-6.179336542455616e-08
-0.2053905902950689,-0.20445131,-0.20445134,3.234561921083845e-08
-0.241310917745776,-0.22724287,-0.22724287,-2.1189498766727155e-09
-0.2816061568731718,-0.23837365,-0.23837365,-2.100563056828264e-09
-0.3347958725213343,-0.26475167,-0.26475167,-2.74475098205329e-09
-0.3925907583554848,-0.32682055,-0.3268205,-5.2349090562398004e-08
-0.4600565015802104,-0.40832484,-0.40832484,2.315368674565832e-09
-0.5385746532513074,-0.49418026,-0.49418026,-2.088775652442365e-09
-0.6200861655432965,-0.59728235,-0.59728235,-6.332401270014998e-11
-0.6058101379667334,-0.5699085,-0.56990856,6.028228760612819e-08
-0.5862381646762841,-0.5207702,-0.5207702,7.853698691384636e-09
-0.5818632529995954,-0.5171901,-0.51719016,6.123748774733428e-08
-0.5834750625646913,-0.53304905,-0.53304905,3.006744409006501e-09
-0.6065009134946318,-0.547965,-0.54796505,5.986099238519671e-08
-0.6463356356034287,-0.59042835,-0.5904283,-5.2355957014249555e-08
-0.6976832831771959,-0.658013,-0.658013,1.3816833455138067e-08
0.4130837656831318,0.34240612,0.34240612,3.876571674776841e-09
0.2751589186127884,0.23223679,0.23223679,-2.3231887802399598e-09
0.1549639767584993,0.15367211,0.15367211,4.014625548665052e-09
0.052959457138863,0.08301677,0.08301677,-1.9021225011739418e-09
-0.0188811977625511,0.0143362135,0.014336184,2.9469505309978605e-08
-0.0720709134107136,-0.042515144,-0.042515114,-2.975209808381285e-08
-0.0317756742833178,0.03882155,0.03882155,-1.7765045198792073e-09
-0.0384531710530005,0.053113565,0.05311355,1.4848899838881824e-08
-0.052959457138863,0.04936388,0.04936388,1.3495635997617939e-09
-0.0619395390015398,0.03390181,0.033901796,1.4646057130973666e-08
-0.0741432399944082,-0.007283047,-0.007283032,-1.4841621398878346e-08
-0.0854259069500791,-0.047680393,-0.047680393,1.386337294961848e-10
-0.1003927100545404,-0.09579174,-0.09579171,-3.220561980987746e-08
0.6509408057894168,-0.15819193,-0.15819193,-4.227943412038471e-09
-0.442787113382755,-0.41417438,-0.4141745,1.2208175659278453e-07
-0.5148580267934686,-0.46586668,-0.46586663,-5.491363525012005e-08
-0.5811724774716972,-0.52208006,-0.52208024,1.7618011471931538e-07
-0.6440330505104347,-0.5717074,-0.5717074,-2.750167849008278e-08
-0.7002161267794893,-0.6137472,-0.6137471,-7.950820923863233e-08
-0.7534058424276519,-0.65993375,-0.6599338,5.413894654804352e-08
-0.7992272857782334,-0.72344816,-0.72344816,2.689514166931417e-09
-0.8427461440358208,-0.7827143,-0.7827144,9.269180301085811e-08
0.3983472210879699,0.4168169,0.4168169,-9.760284414017661e-09
0.2466068634596623,0.28963855,0.28963855,-9.105682319265895e-10
0.113287186575307,0.15753984,0.15753984,4.512939466572163e-09
-0.0391439465808987,-0.0021304935,-0.0021304935,-2.169036868518437e-11
-0.1971012839602903,-0.17387624,-0.17387627,2.9150505065356214e-08
-0.3550586213396819,-0.3180474,-0.31804746,5.571075439858575e-08
-0.5157790608306663,-0.4913693,-0.49136925,-5.704116823324057e-08
-0.7851815167109697,-0.8059199,-0.8059199,1.4364624045803964e-08
-0.4823915769822526,-0.54458493,-0.54458493,5.691525029050126e-11
-0.4916019173542288,-0.5524008,-0.5524008,-2.740783688892634e-08
-0.5226868161096484,-0.54533154,-0.54533154,2.276458688221794e-09
-0.5664359328765353,-0.5603252,-0.56032515,-5.5326080272699585e-08
-0.6147902198294103,-0.5825424,-0.5825424,-1.9433593734241583e-08
-0.6677496769682733,-0.62425256,-0.62425256,2.2454833548124498e-09
-0.7260050798210227,-0.6916178,-0.6916178,1.3115692087950492e-08
-0.7872538432946643,-0.7557649,-0.7557649,-1.6380310441377333e-09
-0.8540288109914916,-0.6210982,-0.6210983,7.965164183776352e-08
-0.8459697631660125,-0.6845958,-0.68459576,-6.32879638695627e-08
-0.8441276950916172,-0.7440745,-0.7440744,-1.2344894406712825e-07
0.4506159026989348,0.404442,0.404442,1.2310028052464617e-08
0.3299604438260468,0.26767278,0.26767278,-2.824096678732957e-09
0.211147053027554,0.127691,0.12769102,-1.9300003040179092e-08
0.0997019345266421,0.0065522343,0.0065522343,-7.969665725970909e-12
-0.0020723265836946,-0.1321909,-0.1321909,1.939201355050102e-09
-0.1056886557684267,-0.22338845,-0.22338842,-2.8357582088078814e-08
-0.2017064541462784,-0.30521643,-0.3052165,6.838226318528484e-08
-0.3067043343868069,-0.3877216,-0.38772172,1.2185165404465792e-07
-0.4667339983498931,-0.47821456,-0.47821456,-1.939239491210998e-09
-0.4867664886589413,-0.49642038,-0.49642032,-6.345336911461885e-08
-0.5012727747448038,-0.51784784,-0.5178479,6.398239138505346e-08
-0.5081805300237859,-0.53364086,-0.5336408,-6.15112304425125e-08
-0.5164698363585645,-0.547775,-0.5477749,-7.0531463669532e-08
-0.5226868161096484,-0.55597657,-0.5559765,-6.965255738844434e-08
-0.5266012107677382,-0.56017905,-0.56017905,-4.737091052753328e-09
-1.3649724431268704,-1.3750095,-1.3750095,-3.674316406687694e-08
-1.3085591083485164,-1.3138607,-1.3138608,1.451690674336703e-07
-1.245698535309779,-1.2573491,-1.2573493,1.6650848388977124e-07
-1.182147186743143,-1.2018188,-1.201819,1.7618560788079662e-07
-1.1146814435184176,-1.1464676,-1.1464676,3.3509826691258127e-08
-1.053432680044776,-1.0849285,-1.0849286,8.742675783324216e-08
-0.9815920251433616,-1.0246338,-1.0246339,1.3477935789651951e-07
-0.500812257726205,-0.467093,-0.467093,9.124755839806653e-09
-0.5443311159837925,-0.5122969,-0.512297,8.494567871331071e-08
-0.5887710082785775,-0.56814736,-0.5681473,-6.12785339138e-08
-0.6329806420640631,-0.62083864,-0.6208387,5.787963863745915e-08
-0.6797231194518424,-0.6732454,-0.67324525,-1.2038803098857187e-07
-0.7253143042931245,-0.7216427,-0.7216427,2.6984405487873175e-08
-0.7722870401902029,-0.7621806,-0.7621805,-1.263923644634346e-07
-0.8199505516151798,-0.8188133,-0.8188132,-1.239746093562033e-07
0.6175533219410031,0.8934665,0.8934666,-1.2737426757780668e-07
0.4720299440637794,0.73555243,0.73555243,1.5289303156862388e-10
0.3430851788561128,0.57443446,0.57443446,-7.905578414124648e-10
0.2337123869388956,0.44133693,0.44133693,-2.018737954578853e-10
0.1379248470703433,0.26975322,0.26975322,-2.3028564610783064e-09
0.0497358380086713,0.085627496,0.085627496,2.42523195970179e-10
-0.0315454157740184,-0.04446985,-0.04446979,-5.827518462925285e-08
-0.114438479121804,-0.115313575,-0.115313575,3.2825470119846045e-10
-0.2371662645783867,-0.12746386,-0.12746389,2.7700080867942845e-08
-0.2079234338973623,-0.089251444,-0.089251444,2.5629424971196357e-10
-0.1961802499230927,-0.049546584,-0.049546555,-2.9486961365676745e-08
-0.1853580999860207,-0.06676717,-0.0667672,2.8974723814689796e-08
-0.1756872425954457,-0.08935808,-0.08935805,-2.6453208928911565e-08
-0.1699307798629606,-0.10412906,-0.10412906,-1.1028671309532e-09
-0.1597994054537868,-0.11696343,-0.11696349,5.876087189049528e-08
-0.153121908684104,-0.13947432,-0.13947435,3.256855010680404e-08
-0.1236488194937802,-0.02499856,-0.02499853,-3.05478286728722e-08
-0.1261816630960737,0.04251176,0.042511746,1.518850707704633e-08
-0.1289447652076665,0.08922307,0.08922306,1.1932792656765834e-08
-0.1312473503006606,0.094004795,0.094004825,-3.004474639911603e-08
-0.1321683843378582,0.0474793,0.047479287,1.4691055295890099e-08
-0.1347012279401516,-0.005908191,-0.005908191,-2.0407104478481486e-10
-0.1356222619773493,-0.044774547,-0.044774547,-2.1927643034658217e-10
-0.1383853640889421,-0.08692755,-0.08692752,-2.8050880437890946e-08
0.6131784102643144,0.5717129,0.5717129,1.112899783439758e-08
0.5703503275346252,0.5457152,0.5457152,1.2821960493347717e-08
0.5203842310166544,0.48054975,0.48054975,2.712249758118901e-09
0.4609775356174079,0.3600996,0.3600996,1.3666534404155328e-08
0.392130241336886,0.23028639,0.23028637,1.9589309702139346e-08
0.3087766609705015,0.12406317,0.124063164,7.446323391224752e-09
0.2044695562578712,0.015818462,0.015818462,-2.242202742919197e-10
0.0630908315480368,-0.06845431,-0.06845431,-2.9796599909648336e-10
0.3953538604670776,0.43667603,0.43667603,-4.609374992803339e-09
0.1980223179974879,0.30834442,0.30834442,3.770904533073605e-09
-0.0039143946580898,0.18675613,0.18675613,4.033203132580709e-09
-0.2175942912879373,0.051582992,0.051582992,7.687377817644503e-11
-0.4289716028247907,-0.082444444,-0.082444444,-2.9874419604780655e-10
-0.6359740026849555,-0.21186908,-0.21186908,4.105644213492354e-09
-0.8187992590686828,-0.30196327,-0.30196333,6.028945920277806e-08
-0.98619719532935,-0.34157735,-0.3415773,-5.1093292263715284e-08
0.0704591038456178,-0.080075696,-0.08007567,-2.611072540126269e-08
0.0048354286952874,-0.11445595,-0.11445598,2.675960540654554e-08
-0.0575646273248511,-0.16948779,-0.16948779,7.267379753539416e-10
-0.1190436493077921,-0.21382381,-0.21382378,-3.021976471839771e-08
-0.1802924127814338,-0.25976986,-0.25976986,3.0702209663502344e-09
-0.2422319517829736,-0.3006373,-0.30063736,5.5217132588492035e-08
-0.3037109737659146,-0.3418854,-0.3418854,1.2102508550881907e-08
-0.3649597372395562,-0.38353002,-0.3835299,-1.2071380617317828e-07
-0.1418392417284332,-0.119426146,-0.119426146,-1.496353180252541e-10
-0.1570363033421939,-0.10875885,-0.10875888,2.8114204408957733e-08
-0.1761477596140445,-0.10303347,-0.10303344,-2.812725066747568e-08
-0.1966407669416915,-0.11669277,-0.1166928,3.345279693534042e-08
-0.2224297199832248,-0.15555005,-0.15555005,2.2447586012219745e-09
0.1904237871906076,0.12244029,0.12244029,3.43128205015919e-09
0.0647026411131326,0.009548143,0.009548157,-1.4447624206367915e-08
-0.0550317837225577,-0.08153884,-0.08153887,2.8871650695205808e-08
-0.1703912968815593,-0.17061858,-0.17061861,3.1208381656711026e-08
-0.2827574494196688,-0.28169358,-0.28169358,2.233581541943863e-09
-0.3914394658089878,-0.42045665,-0.4204566,-4.7872924791025895e-08
-0.4971281215774145,-0.52587444,-0.5258743,-1.3590164182897269e-07
-0.6012049677807454,-0.6224709,-0.6224709,-1.531753535122249e-08
-0.0870377165151749,-0.07223557,-0.07223554,-2.935787200841755e-08
-0.1429905342749302,-0.10395025,-0.10395022,-2.716854095863308e-08
-0.2042392977485718,-0.17167418,-0.17167424,6.294940949058692e-08
-0.2696327143896028,-0.23566546,-0.23566546,4.539451592400212e-09
-0.3410128522724182,-0.3201897,-0.32018977,5.556823728936067e-08
0.9419875615438642,0.90577316,0.9057732,-3.715820307004236e-08
0.9120539553349416,0.8839568,0.8839568,-1.0029602037775476e-08
0.8768244034121327,0.887196,0.887196,4.390716568103414e-09
0.8346870962103417,0.87494683,0.8749469,-6.73431396203128e-08
0.7890959113690595,0.86695015,0.8669502,-4.569549560962116e-08
0.7402811073975858,0.8448228,0.8448228,2.4001312270982567e-08
0.6843282896378304,0.7752397,0.77523977,-6.396057128377208e-08
0.6242308187106859,0.6985022,0.69850224,-5.703948979807194e-08
1.1522135805342204,1.0690691,1.0690691,4.7109985246152064e-08
1.099944898923256,1.0268672,1.0268672,-4.8739624114446656e-08
1.0446828566913986,1.0147346,1.0147345,1.2581634512009998e-07
0.9813617666340624,0.9872216,0.98722154,5.8625183152472005e-08
0.9120539553349416,0.93609977,0.9360997,6.768493654440988e-08
0.8376804568312339,0.8889897,0.88898975,-6.303405764018777e-08
0.7520242913718554,0.8123012,0.81230134,-1.2149032591057818e-07
0.6606116631799918,0.71050245,0.71050245,-4.30221558378463e-09
1.3610580484687804,1.3112903,1.3112903,-3.587036134788946e-08
1.29175023716966,1.2337354,1.2337354,4.2161560021014566e-08
1.217376738665952,1.1563156,1.1563154,1.6510925293644618e-07
1.1358652263739628,1.0935569,1.0935569,-1.9049072319532456e-08
1.0479064758215904,1.0302702,1.0302701,1.1884918205140593e-07
0.9509676434065408,0.9557723,0.9557721,1.8069305418588755e-07
0.842285627017222,0.87436604,0.8743661,-5.500183108964052e-08
0.7197881000699388,0.74664086,0.7466409,-3.896560674121474e-08
1.5208574539225672,1.4824572,1.4824573,-1.3905029305760763e-07
1.4225370704517215,1.3706435,1.3706434,9.65133666319673e-08
1.3253679795273727,1.2586238,1.2586238,3.8424682546889244e-08
1.223593718417036,1.1722102,1.1722102,1.6522216705894266e-08
1.1158327360649145,1.0999707,1.0999707,-1.6433716609753901e-09
1.0009337399245115,1.0144912,1.0144912,4.4708259316905696e-10
0.8742915598098392,0.91185844,0.9118584,3.9445495647605355e-08
0.7359061957208971,0.77303505,0.77303505,-5.615233833466959e-10
1.6744398796252702,1.6807112,1.6807113,-1.4983062746054543e-07
1.5535541622430826,1.5450865,1.5450865,3.028869599575046e-09
1.4391156831212788,1.4050914,1.4050915,-9.5085143980711e-08
1.32260487741578,1.2823931,1.282393,9.787750254730554e-08
1.2001073504684967,1.1749495,1.1749495,2.6786804108169804e-08
1.068860000167836,1.0936058,1.0936056,1.5675964348815796e-07
0.9240273978185106,0.98330396,0.9833039,6.41380309973627e-08
0.764918767892622,0.8255675,0.8255675,-1.609802247060088e-08
-0.657848561068399,-0.65350866,-0.6535087,3.682250981906776e-08
-0.7059725895119744,-0.75019574,-0.75019586,1.1834655766485014e-07
-0.717715773486244,-0.77652055,-0.77652055,-2.5100710399073023e-10
-0.7285379234233161,-0.7862824,-0.78628254,1.1984161374378743e-07
-0.7402811073975858,-0.7849211,-0.784921,-1.0967636110414958e-07
-0.750642740316059,-0.776016,-0.776016,3.0670166406565613e-09
-0.7612346317438315,-0.77594674,-0.77594686,1.2366424562149092e-07
-0.7718265231716042,-0.77478015,-0.77478015,-4.228210448431469e-09
-0.780806605034281,-0.7794179,-0.7794179,2.7571105953860808e-08
-1.0532024215354765,-1.0660032,-1.066003,-2.0339202877472928e-07
-1.027873985512542,-1.0513008,-1.0513006,-1.6408386227517724e-07
-1.0011639984338112,-1.0272408,-1.0272408,4.682617182893978e-08
-0.9733027188085832,-1.0011297,-1.0011297,-4.643707285367782e-08
-0.9429085955810618,-0.9708911,-0.970891,-1.1804962163353139e-07
-0.9104421457698456,-0.9327482,-0.9327483,1.0149078366605835e-07
-0.8793572470144262,-0.8965274,-0.8965273,-1.0955352780506189e-07
-0.8485026067683059,-0.8526658,-0.8526658,1.8025207548788558e-08
-0.4973583800867139,-0.4943943,-0.49439436,5.7631835914673246e-08
-0.5355812926304151,-0.5464315,-0.5464315,1.8161773640557044e-08
-0.5758765317578108,-0.6053936,-0.6053936,1.1457061743769259e-08
-0.6159415123759073,-0.65110064,-0.6511007,6.447143552357204e-08
-0.6557762344847042,-0.6930138,-0.6930137,-8.726959233040787e-08
-0.6972227661585971,-0.7249801,-0.72498,-1.1589050297189374e-07
-0.7400508488882864,-0.76230156,-0.76230145,-1.1421661372246206e-07
-0.7844907411830715,-0.812029,-0.81202877,-2.3409698490794995e-07
1.0863596468745909,1.0913849,1.091385,-1.1230468754952483e-07
1.0753072384282194,0.97356844,0.9735685,-6.051635736969985e-08
0.9532702284995348,0.8486244,0.84862435,5.8245086642649824e-08
0.7983062517410358,0.73616177,0.7361617,6.843643185483472e-08
0.6256123697664823,0.63326687,0.63326687,-3.792877234509717e-09
0.4637406377290008,0.56826794,0.56826794,1.4749145238468486e-09
0.3207501034540706,0.43431342,0.43431345,-3.351898192338609e-08
0.2044695562578712,0.27670404,0.27670404,3.1499481356611625e-09
-0.5797909264159008,-0.5925969,-0.5925969,1.1457824689031781e-08
-0.7103475011886632,-0.71660477,-0.71660477,7.701110860125482e-10
-0.8413645929800244,-0.83313835,-0.83313835,3.3279419220377804e-09
-0.969158065641194,-0.92963505,-0.9296349,-1.4791259761448572e-07
-1.093267402153573,-1.0241017,-1.0241017,-3.4161377060470954e-08
-1.2141531195357604,-1.122953,-1.1229532,1.4271087644956992e-07
-1.3228351359250794,-1.2373724,-1.2373726,2.0162353520092324e-07
-1.4236883629982184,-1.3434908,-1.3434908,-3.9004516505514175e-08
-0.8045232314921196,-0.7751964,-0.7751964,2.653732300572642e-08
-0.928862826513798,-0.8819525,-0.88195264,1.1581481929034965e-07
-1.0451433737099975,-0.976786,-0.97678614,1.2258209225457506e-07
-1.1584305602853044,-1.068963,-1.068963,-5.084228504870225e-08
-1.2714874883513123,-1.1479862,-1.1479862,2.6370239325501643e-08
-1.3751038175360442,-1.2221614,-1.2221615,8.776092519369172e-08
-1.468819030820902,-1.3064109,-1.3064108,-1.0869903555033034e-07
-1.541810978268813,-1.3906081,-1.3906081,2.7719116113544828e-08
-0.1473654459516189,-0.17530067,-0.17530067,-2.650337227461108e-09
-0.2908164972451479,-0.30105734,-0.30105728,-5.8714599626696895e-08
-0.4414055623269586,-0.46839905,-0.46839917,1.2214843747582194e-07
-0.6078824645504282,-0.6052451,-0.6052451,-1.3372802754041402e-08
-0.7669910944763167,-0.7149438,-0.7149437,-1.2619857792106615e-07
-0.931625928625391,-0.8998964,-0.8998964,1.6714477579782283e-08
-1.118365579667208,-1.0928779,-1.092878,1.351623535317259e-07
0.5431798234372954,0.425196,0.425196,-8.007049578928616e-09
0.6108758251713203,0.4991454,0.4991454,-1.139678956763035e-08
0.6799533779611417,0.5728022,0.5728022,-1.3987731972697759e-08
0.7488006722416637,0.628283,0.62828296,6.383422856970355e-08
0.8162664154663892,0.7098957,0.7098957,-2.9586029071104747e-08
0.8922517235351928,0.7950453,0.7950453,1.6219329879163524e-08
0.9620200518529124,0.88076615,0.8807661,5.333557129283406e-08
1.031788380170632,1.0084498,1.0084498,-7.138061475231439e-09
-0.5065687204586901,-0.5266136,-0.52661365,5.6898498579371903e-08
-0.2466068634596623,-0.24415915,-0.24415915,2.856636038828242e-09
-0.0255586945322339,0.0025930405,0.0025930107,2.976630859375176e-08
0.1770687936512421,0.21310395,0.21310395,2.365113660474094e-11
0.3612756010907658,0.41306925,0.41306925,-1.8005371082985278e-09
0.5309761224444269,0.5698903,0.5698903,2.0301055947413715e-08
0.6930781129912078,0.7450607,0.7450607,-1.7703247090494756e-08
0.8505749333520005,0.9002789,0.9002789,2.5895690924926384e-08
0.9532702284995348,0.94746643,0.94746643,3.048248320425273e-09
0.9624805688715112,0.95873266,0.95873266,4.58511351109081e-09
-0.7402811073975858,-0.85036385,-0.85036385,-5.935668623280321e-10
-0.2599618569990278,-0.28356165,-0.28356165,3.0616760238189045e-09
0.8379107153405333,0.788515,0.788515,-2.8266906704210726e-08
-0.6776507928681478,-0.6857637,-0.6857638,8.330230716335763e-08
-0.5945274710110626,-0.62067604,-0.62067604,-6.49414078068844e-10
-0.5116344076632771,-0.5392927,-0.5392927,6.861877399622074e-09
-0.3953538604670776,-0.42572486,-0.42572486,-4.0060424977284015e-09
-0.2661788367501116,-0.25629455,-0.2562946,5.1488494856588574e-08
-0.0854259069500791,-0.050112918,-0.050112948,2.9980705258669804e-08
0.1137477035939058,0.17296398,0.17296396,1.6860046386790728e-08
0.3718674925185384,0.4105338,0.4105338,-1.4179992680052322e-08
0.480319250398558,0.4253012,0.4253012,-5.80902098645808e-09
0.5277525033142353,0.4714104,0.4714104,-6.285095222047232e-09
0.5862381646762841,0.50840646,0.50840646,2.851867630937477e-10
0.6516315813173149,0.5353143,0.5353143,2.151794431526355e-08
0.7264655968396215,0.5711997,0.5711997,1.5137481712557133e-08
0.8008390953433292,0.6248181,0.62481815,-6.337585445326255e-08
0.8835019001818154,0.74862003,0.74862,3.326416020410505e-08
0.9700790996783916,0.90906435,0.90906435,2.5123596536502646e-09
1.1326416072437713,1.193795,1.193795,-3.425598138484531e-08
1.1540556486086158,1.1779836,1.1779835,1.416244506113884e-07
0.5203842310166544,0.51190597,0.51190597,-1.8107605415096373e-09
0.599823416724949,0.6033311,0.6033311,-1.0980224618428736e-08
0.6912360449168127,0.68239605,0.68239605,4.2678832690157265e-09
0.7803460880156821,0.79562926,0.7956292,6.292419429954066e-08
0.8756731108656357,0.9307077,0.9307077,-6.900024440703589e-09
0.9806709911061642,1.0415672,1.0415672,6.382751438493983e-09
1.0868201638931896,1.1484588,1.1484588,3.846282958797076e-08
1.1948114047546106,1.3032717,1.3032715,1.51268005454952e-07
1.387537777038212,1.55597,1.55597,-4.6463012770558976e-08
1.4020440631240745,1.5681683,1.5681684,-1.1749114992021248e-07
1.4538522277164403,1.5925565,1.5925565,-2.340698235236971e-08
-0.7635372168368256,-0.8494792,-0.84947956,3.615441894755378e-07
-0.71541318839325,-0.80637443,-0.80637443,-6.564331300751292e-10
-0.6329806420640631,-0.7409623,-0.74096227,-5.652664181177158e-08
-0.3092371779891004,-0.29866886,-0.2986688,-6.138916014419848e-08
1.292441012697558,1.323875,1.323875,-4.9591064366083515e-08
1.309480142385714,1.4099176,1.4099177,-1.0699768071553706e-07
1.3852351919452182,1.502516,1.502516,3.126525882635178e-08
0.5169303533771633,0.54147404,0.54147404,4.322967539494016e-09
0.5751857562299126,0.61822116,0.61822116,3.749694776900014e-09
0.6355134856663567,0.69866294,0.69866294,-3.3125304721437487e-09
0.6972227661585971,0.7834882,0.7834883,-8.598403933302023e-08
0.7639977338554244,0.8269124,0.8269124,3.106689461240819e-09
0.8342265791917428,0.8987083,0.89870834,-5.609878539480917e-08
0.9035343904908636,0.99465036,0.99465036,3.9221191849847514e-09
0.976065820920176,1.0881542,1.0881541,9.67391968753617e-08
-0.0879587505523725,-0.10504417,-0.10504414,-3.121410370454658e-08
0.2300282507901052,0.14770952,0.14770952,-1.3289642442071425e-09
0.5114041491539776,0.3877474,0.3877474,6.959533671579976e-09
0.7513335158439571,0.6120477,0.61204773,-5.772827149641557e-08
0.9643226369459064,0.8138776,0.8138776,-1.744995115071646e-08
1.1236615253810944,0.9870212,0.9870212,7.809448199225244e-09
1.2357974194099044,1.0837482,1.0837482,2.1397399851963428e-08
1.4414182682142729,1.16162,1.16162,2.086639394605072e-08
1.365432960145469,1.1888237,1.1888237,-4.8828052712224235e-11
-0.3667252797922339,-0.5266375,-0.5266375,5.4359435841533355e-09
-0.49593701127224,-0.55829644,-0.5582964,-4.203186032558648e-08
-0.623621117911335,-0.6657001,-0.66570014,6.198944091373448e-08
-0.7236063880446539,-0.76666826,-0.76666814,-1.2009750360864047e-07
-0.7635696448564911,-0.80044365,-0.80044365,7.080077635279736e-10
-0.8675005677047231,-0.9100268,-0.9100268,1.1288452173019436e-08
-0.95711272639441,-0.9726136,-0.9726136,2.692565914674816e-08
-0.8301130356331028,-0.7677615,-0.7677615,-2.84919738913203e-08
-0.8603830999358592,-0.7735368,-0.77353644,-3.61338195808969e-07
-0.8770700187208739,-0.79137504,-0.79137504,-1.007995575896814e-09
-0.9063404010209868,-0.83041084,-0.8304107,-1.3812713628436057e-07
-0.941608539858445,-0.8805541,-0.8805541,1.9990539557035447e-08
-0.951917909517306,-0.90071774,-0.90071785,1.1470947269831555e-07
-1.0216512475319814,-0.9985919,-0.9985919,1.281738049030423e-10
-0.5756462732485115,-0.60619944,-0.60619944,-3.34030147985942e-09
-0.6313688324989674,-0.65597934,-0.6559793,-3.5308074908257936e-08
-0.6889334598238186,-0.7174158,-0.7174157,-1.0963134766672766e-07
-0.7462678286393702,-0.76967275,-0.76967275,-1.4266967607312608e-09
-0.8082073676409101,-0.8196105,-0.81961036,-1.1649383546696868e-07
-0.8788967299958272,-0.8645005,-0.8645005,-2.261352538557304e-08
-0.87014690664245,-0.9164251,-0.9164252,9.109039311727685e-08
-0.901462063907169,-0.9097557,-0.9097556,-1.0678710937739311e-07
1.7043734858341928,1.6874919,1.687492,-1.0623168944512429e-07
1.5899350067123887,1.5672771,1.567277,7.386016842581e-08
1.4690492893302014,1.4539938,1.4539939,-1.0269775385651769e-07
1.3486240889666128,1.3468513,1.3468513,4.8876953151477665e-08
1.2249752694728324,1.2452755,1.2452756,-1.0256347660053677e-07
1.1024777425255492,1.131092,1.1310918,1.5232391348263263e-07
0.9762960794294754,1.0045079,1.004508,-1.0071563716351761e-07
0.8595550152146774,0.83574283,0.83574283,1.2301635265998812e-09
0.2226599784925242,0.12959641,0.12959641,2.1818542528251328e-09
0.213449638120548,0.17629576,0.17629576,-2.706298823929032e-09
0.2019367126555778,0.17599188,0.17599188,-2.0865249528156937e-09
0.1791411202349367,0.14403793,0.14403795,-1.7842483518437646e-08
0.1480562214795171,0.09308833,0.09308833,-1.1616516082391115e-09
0.1100635674451154,0.065041855,0.06504184,1.4977607723509756e-08
0.0649328996224321,0.057831243,0.057831243,-3.194503758741085e-10
1.312916891315115,1.3009534,1.3009535,-1.1178588876781248e-07
1.049422044477338,1.168585,1.168585,-5.718231199658419e-08
0.8224195162640844,0.98802733,0.9880274,-6.578674316415345e-08
0.6026752773958697,0.81202847,0.8120285,-3.234481815717061e-08
0.191805338246404,0.25564352,0.25564352,-3.221054090118969e-09
0.0483542869528749,0.2739484,0.2739484,1.2126922799282625e-09
-0.0193417147811499,0.28607532,0.28607532,3.820114113928241e-09
-0.0750642740316058,0.29556733,0.29556736,-2.630172729611857e-08
-0.1816739638372302,0.28262168,0.2826217,-1.8309783911263366e-08
-0.2599618569990278,0.26417097,0.26417097,4.4930267284470915e-09
-0.3046320078031123,0.23980778,0.23980778,4.557342531130715e-09
-0.4285110858061919,0.21983425,0.21983425,3.1919479281938834e-09
0.3674925808418497,0.2969942,0.2969942,9.289550795266166e-09
0.3230526885470646,0.24561837,0.24561837,3.155593869541562e-09
0.2795338302894771,0.20993084,0.20993085,-1.2845611574441307e-08
0.2387780741434825,0.09242012,0.09242014,-1.6482486722702028e-08
0.1950289573765956,-0.0056406856,-0.0056407154,2.984168090847811e-08
0.1510495821004094,-0.015839249,-0.015839279,3.010435485964469e-08
0.103616329184732,-0.0560845,-0.0560845,1.2369155907854257e-09
0.0543410081946594,-0.05919437,-0.05919437,-1.1042404143846163e-09
-0.0029933606208922,-0.07149188,-0.07149182,-6.220500946285679e-08
0.9523491944623376,0.93989605,0.939896,4.7115325974012023e-08
0.7720567816809035,0.7979157,0.7979157,-2.9022216851970484e-09
0.5940669539924639,0.5957008,0.5957008,4.1885372947803035e-10
0.4075575614599461,0.42298937,0.42298937,-1.5612792725328006e-09
0.2180548083065361,0.24175777,0.24175777,-4.5876693832713755e-09
0.0290125721717249,0.030008718,0.030008689,2.9371391294802374e-08
-0.1591086299258885,-0.171499,-0.17149903,3.100040435466411e-08
-0.3400918182352205,-0.39207476,-0.39207482,5.622512816438885e-08
-0.5088713055516841,-0.58926165,-0.5892617,4.8960876464221315e-08
1.0582681087400636,1.1047646,1.1047646,-1.9273376450357205e-08
0.7428139509998792,0.84170765,0.8417076,4.684677124000558e-08
0.4987399311425103,0.6095397,0.6095396,8.76335144450735e-08
0.2475278974968599,0.44190794,0.44190794,2.295074463809499e-09
0.0257889530415333,0.18942678,0.18942678,-2.529907117132524e-10
-0.1777595691791403,-0.06669854,-0.06669854,3.7231826788275413e-09
-0.3635781861837598,-0.283835,-0.28383493,-6.383926393072059e-08
-0.5431798234372954,-0.4969679,-0.4969678,-1.1172027586381361e-07
-0.183285773402326,-0.23215707,-0.2321571,3.353557587182365e-08
-0.2429227273108718,-0.33470863,-0.33470857,-6.103866578843764e-08
-0.2903559802265492,-0.40461272,-0.40461266,-6.001266478206091e-08
-0.3359471650678313,-0.45755482,-0.45755482,2.8002929419734812e-09
-0.3757818871766283,-0.49073064,-0.49073064,-3.272399906606438e-09
-0.4098601465529402,-0.5325042,-0.53250414,-6.093536375484376e-08
-0.4635103792197014,-0.5750097,-0.57500976,5.636383060281247e-08
-0.5266012107677382,-0.6018906,-0.60189056,-6.356948856200972e-08
-0.5933761784645656,-0.62186444,-0.6218644,-3.805694581693331e-08
-0.4616683111453062,-0.4746219,-0.4746219,8.024597153433177e-09
-0.5040358768563967,-0.5202227,-0.5202227,-2.348403926877296e-08
-0.5378838777234092,-0.5476102,-0.54761016,-6.329330448640036e-08
-0.56850825946023,-0.563992,-0.563992,-2.3468017529282292e-08
-0.5968300561040567,-0.577857,-0.577857,-1.751708988972922e-08
-0.6203164240525959,-0.59698975,-0.59698987,1.1913787845152513e-07
-0.6378160707593508,-0.6209576,-0.6209576,-1.2991333009360062e-08
-0.6523223568452132,-0.6317917,-0.6317917,-1.0853576704050738e-08
-0.6631445067822852,-0.63796884,-0.6379687,-1.3821487421239453e-07
-1.2176069971752517,-1.2093593,-1.209359,-2.8821563713421483e-07
-1.1842195133268378,-1.175249,-1.1752489,-8.052215583198574e-08
-1.1434637571808433,-1.1379554,-1.1379553,-1.271697998017629e-07
-1.0974120553209623,-1.0964683,-1.0964684,7.057037354485374e-08
-1.0462946662564945,-1.0462579,-1.0462577,-1.535079956482832e-07
-0.983434093217757,-0.9657352,-0.9657352,2.9327392736533398e-09
-0.7101172426793638,-0.87694955,-0.8769493,-2.4872131343389725e-07
-0.6827164800727346,-0.7974149,-0.7974149,1.1276245492908288e-09
-0.6691312280240698,-0.71909744,-0.7190973,-1.354743957016069e-07
-1.0479064758215904,-1.1350785,-1.1350787,1.5061492919521413e-07
-1.0018547739617094,-1.092354,-1.0923539,-1.592193603627834e-07
-0.9551122965739304,-1.0484132,-1.0484132,4.2536926203595726e-08
-0.907218526639654,-1.0070417,-1.0070417,7.266235391156783e-09
-0.8588642396867792,-0.9372009,-0.9372009,-3.892517086434566e-09
-0.8112007282618023,-0.85784984,-0.85784984,3.6505126699282187e-09
-0.7605438562159333,-0.7796471,-0.7796471,-1.189270015800048e-08
-0.7096567256607649,-0.71315354,-0.71315354,-1.0881042733501545e-09
-0.6573880440498,-0.6602532,-0.66025317,-5.675704961571881e-08
-0.3651899957488556,-0.3877465,-0.38774657,5.711013795206554e-08
-0.3955841189763771,-0.42995882,-0.42995888,5.965698240961714e-08
-0.4252874666760002,-0.45288444,-0.45288438,-5.565368654814051e-08
-0.4552210728849228,-0.47125763,-0.47125763,2.989654523943841e-09
-0.4872270056775401,-0.5022981,-0.5022981,-1.6683959991325992e-08
-0.5206144895259538,-0.5301519,-0.5301519,-3.6293029692657797e-09
-0.5551532659208644,-0.55141926,-0.55141926,1.8823241854093453e-09
-0.591303851880871,-0.5730537,-0.5730538,8.238677973171349e-08
-0.626072886785081,-0.60013944,-0.6001395,6.089401249909088e-08
-0.5961392805761585,-0.633003,-0.633003,3.5552978339126184e-09
-0.6108758251713203,-0.6483693,-0.64836943,1.1771362307122502e-07
-0.626072886785081,-0.6450431,-0.645043,-7.508468624628506e-08
-0.6398883973430453,-0.65427727,-0.6542772,-6.507186889326277e-08
-0.6500197717522191,-0.6556552,-0.6556552,-5.2497863833878e-09
-0.6557762344847042,-0.652189,-0.6521891,8.36578368801355e-08
-0.6619932142357882,-0.6444667,-0.6444667,1.8302916959811455e-09
-0.6654470918752792,-0.6355279,-0.6355279,-8.802032436250329e-09
-0.6652168333659798,-0.6327208,-0.6327208,-2.8056335477089078e-08
-0.6537039079010096,-0.648148,-0.64814806,5.975967409810323e-08
-0.6562367515033031,-0.65947866,-0.65947866,-4.3981933650627525e-09
-0.6587695951055966,-0.6621722,-0.6621722,1.7044067268656704e-09
-0.6608419216892911,-0.6517694,-0.6517694,3.5705571832522764e-10
-0.662453731254387,-0.6518874,-0.6518874,-1.6839599603635236e-08
-0.6638352823101834,-0.662909,-0.662909,2.869033810526389e-08
-0.6647563163473811,-0.65363795,-0.653638,5.4347991995662426e-08
-0.6654470918752792,-0.64441985,-0.64441985,1.0810852213438693e-09
-0.6654470918752792,-0.63532764,-0.6353277,6.280441289252536e-08
-0.5291340543700318,-0.53746176,-0.5374618,4.234008788017718e-08
-0.5544624903929662,-0.5578475,-0.55784756,6.01525879107001e-08
-0.5770278243043079,-0.57840025,-0.5784003,4.5750427224433565e-08
-0.5952182465389609,-0.60002923,-0.60002923,-1.1779788255950052e-10
-0.6088034985876258,-0.6222188,-0.62221885,6.23298644919501e-08
-0.6196256485246978,-0.6459596,-0.6459596,-1.5707397493791575e-08
-0.6267636623129793,-0.6591708,-0.65917075,-5.6407928439305977e-08
-0.6295267644245721,-0.65175736,-0.6517574,4.049530033523041e-08
-0.6283754718780751,-0.638047,-0.63804704,6.009582520505319e-08
-0.2291072167529075,-0.2358435,-0.2358435,5.4655075187870494e-09
-0.2848297760033635,-0.28103304,-0.28103304,9.069824336016552e-10
-0.3366379405957295,-0.3339352,-0.33393514,-6.116806028355626e-08
-0.3875250711508979,-0.3927412,-0.39274114,-6.33081054801643e-08
-0.4414055623269586,-0.44074357,-0.4407435,-6.555938719676746e-08
-0.4860757131310431,-0.46765804,-0.46765804,-2.9077148466782887e-09
-0.5335089660467204,-0.49952132,-0.49952126,-5.509780881540749e-08
-0.5811724774716972,-0.54445857,-0.54445857,1.9038390863812538e-09
-0.626072886785081,-0.5931156,-0.5931157,7.223434450587263e-08
-0.6062706549853323,-0.596409,-0.5964091,7.71919250741604e-08
-0.5754160147392121,-0.53649837,-0.53649837,2.2135925314969995e-09
-0.5516993882813734,-0.45441705,-0.454417,-4.9884796127219744e-08
-0.5434100819465948,-0.46983618,-0.46983618,4.558258048792396e-09
-0.5519296467906728,-0.49194008,-0.49194014,5.888046267221725e-08
-0.5627517967277448,-0.49507403,-0.4950741,6.62628173997426e-08
-0.5749554977206133,-0.52748436,-0.5274844,4.2642974817930224e-08
-0.594757729520362,-0.5646726,-0.5646726,1.0697936980719192e-08
-0.6258426282757816,-0.6022848,-0.6022848,1.0914611769941018e-08
0.249830482589854,0.18598849,0.18598849,-4.186859137167431e-09
0.4377214261781681,0.42339048,0.4233905,-2.210426330861992e-08
0.4886085567333365,0.5661345,0.5661345,1.242446900917571e-08
0.4869967471682407,0.6325011,0.6325011,2.533569332108243e-08
0.4519974537547312,0.6269405,0.6269405,-1.1184692394472506e-08
0.4312741879177847,0.60896146,0.6089615,-3.702545170458649e-08
0.4057154933855508,0.5946341,0.5946341,1.569595331485374e-08
0.3930512753740836,0.57066125,0.57066125,-3.2234191982283278e-09
0.3895973977345925,0.5057865,0.50578654,-6.148056030941262e-08
-0.3981169625786705,-0.40084356,-0.40084356,-6.95648205706334e-10
-0.3341050969934361,-0.3354522,-0.33545214,-5.898223875977493e-08
-0.2636459931478183,-0.26552653,-0.26552665,1.1687316892050603e-07
-0.1872001680604159,-0.19819675,-0.19819675,-3.859519953630652e-09
-0.1089122748986183,-0.12034108,-0.12034108,2.553062442012255e-09
-0.0264797285694315,-0.01761888,-0.01761891,3.032413482817464e-08
0.0674657432247255,0.078654885,0.07865487,1.5292053220927748e-08
0.1591086299258885,0.16300595,0.16300595,-1.9332885847767045e-09
0.2530541017200456,0.25692812,0.25692812,-3.916854840468886e-09
1.026031917438147,1.0140454,1.0140454,-4.229583749904009e-08
0.8245557218011678,0.76337385,0.76337385,1.7761230264312644e-09
0.6705127790798662,0.58867663,0.58867663,1.45065304213432e-09
0.5521599052999723,0.50189704,0.5018971,-6.297073362748762e-08
0.4492343516431383,0.45138383,0.4513838,2.9116821287367145e-08
0.3737095605929336,0.40003377,0.40003377,1.9917297255922506e-09
0.3168357087959807,0.36433446,0.36433446,4.073181125718861e-09
0.2880533951335551,0.34690785,0.34690785,4.080200177725146e-09
0.2942703748846391,0.35012797,0.35012794,2.5211868259766845e-08
1.2489221544399705,1.2785312,1.2785313,-1.0626678470515571e-07
1.0193544206684642,1.0188929,1.0188929,-1.5745544423850788e-08
0.8457395046567131,0.8090442,0.8090441,8.230056758318227e-08
0.6983740587050942,0.6787962,0.6787962,-2.7857971152123184e-08
0.5749554977206133,0.591229,0.591229,2.1549224848982362e-08
0.4955163120123186,0.5173052,0.5173052,-4.668426534237824e-09
0.4036431668018562,0.44941851,0.44941851,4.966964728403411e-09
0.3357169065585319,0.41014385,0.41014385,2.2338867422533326e-09
0.314763382212286,0.38174954,0.38174957,-2.9432601911238976e-08
1.2694151617676177,1.354474,1.3544741,-1.51521301283708e-07
1.044913115200698,1.0458587,1.0458587,4.08065796708712e-08
0.8694561311145517,0.8463326,0.84633255,5.965347293912515e-08
0.7223209436722321,0.7208457,0.7208457,-6.896972992720407e-10
0.598672124178452,0.62254727,0.62254727,-1.1325073101531302e-09
0.5194631969794568,0.53582895,0.53582895,-1.9790649119499903e-09
0.4204520379807128,0.4833101,0.4833101,3.4164428508454137e-09
0.3516047437001908,0.43359268,0.43359268,-2.883605965120495e-09
0.3202895864354718,0.39759505,0.39759502,2.7950744607707634e-08
0.4770956312683663,0.4352688,0.43526876,2.9529800438243825e-08
0.4533790048105276,0.39890388,0.39890385,2.6543045039684188e-08
0.4377214261781681,0.36310303,0.36310303,2.1121215887376366e-09
0.4167679018319223,0.33285457,0.3328546,-3.1041717529767254e-08
0.4004195476716646,0.3022892,0.3022892,-1.2091827372717745e-08
0.3861435200951014,0.29318362,0.29318365,-2.5255584734651393e-08
0.3755516286673289,0.28870484,0.28870484,2.32902525043599e-09
0.3661110297860533,0.30265728,0.30265728,-3.6080169407703977e-09
0.3580519819605741,0.33004603,0.33004603,-2.1012115380969476e-09
0.509331822570283,0.5033473,0.50334734,-6.235870364523777e-08
0.4895295907705342,0.45827132,0.45827132,4.634552019933125e-09
0.4676550323870907,0.41937014,0.41937017,-2.5394363389885655e-08
0.4531487463012282,0.3818699,0.38186994,-2.7852478046153095e-08
0.435418841085174,0.34818956,0.34818953,3.2559127782771924e-08
0.4082483369878443,0.32797247,0.32797247,1.714019759457841e-09
0.3960446359949758,0.32044894,0.32044894,-4.968109146297195e-09
0.3748608531394307,0.3224238,0.3224238,-1.4075088483611609e-08
0.3661110297860533,0.34252548,0.34252548,2.1777343817142025e-09
-0.5802514434344995,-0.5911429,-0.59114295,5.716247553078091e-08
-0.4674247738777913,-0.4658773,-0.46587723,-6.454040529790817e-08
-0.3506837096629931,-0.36174083,-0.36174083,2.4395752085126787e-09
-0.2344031624667938,-0.23838528,-0.23838528,4.993705754463562e-09
-0.1298657992448642,-0.14934309,-0.14934306,-2.8269233703914765e-08
-0.0260192115508327,-0.06932695,-0.06932695,-2.0998001115657416e-09
0.0660841921689291,0.035179064,0.03517908,-1.6322212220698518e-08
0.1637138001118766,0.13882941,0.13882941,7.614137098599372e-11
0.2562777208502373,0.22317165,0.22317165,1.363372803542262e-09
-0.3230526885470646,-0.4087209,-0.4087209,-1.0549163820261498e-08
-0.13147760880996,-0.29276365,-0.2927636,-5.0417327868146344e-08
0.020493007327647,-0.21688916,-0.21688913,-2.7891273485236567e-08
0.1441418268214273,-0.10368125,-0.10368128,2.859333038396361e-08
0.254435652775842,0.052089617,0.05208963,-1.3343696592116316e-08
0.3419338863096158,0.17503908,0.17503907,1.2765579232576485e-08
0.4167679018319223,0.28890848,0.28890848,1.59790036757812e-09
0.4846941620752466,0.4174425,0.4174425,5.912780820516161e-10
0.5415680138721995,0.55033946,0.5503395,-3.9627075176795756e-08
-0.5779488583415056,-0.4888168,-0.48881674,-5.773330685743261e-08
-0.4902203662984324,-0.34391063,-0.34391063,-4.517669682790881e-09
-0.3831501594742092,-0.23797782,-0.23797782,2.3453903263970233e-09
-0.2668696122780099,-0.10849343,-0.10849343,-2.402610776996994e-09
-0.1402274321633374,0.037153512,0.037153512,2.394561771090764e-10
-0.0069077552789821,0.17155747,0.17155747,1.1561203105969753e-09
0.1367735545238463,0.29021233,0.29021233,3.2023620422094723e-09
0.2839087419661659,0.40841067,0.40841067,-1.6268920655093666e-09
0.4303531538805872,0.5473943,0.5473943,-2.4334716797191902e-08
-0.031315157264719,-0.11933248,-0.11933251,3.254962921417359e-08
0.0932546962662588,0.008625284,0.008625269,1.4837318420765633e-08
0.2040090392392724,0.1574731,0.15747312,-1.778804778473919e-08
0.2933493408474414,0.26466185,0.26466185,-1.454925513399985e-09
0.3762424041952271,0.35234052,0.35234052,-5.717468165578055e-10
0.4402542697804616,0.4023385,0.4023385,4.791259777814361e-09
0.4888388152426359,0.4305308,0.4305308,-1.3485717764716298e-08
0.5337392245560199,0.50148004,0.50148004,2.934417708821968e-09
0.5655148988393377,0.5981657,0.59816563,6.089889525995318e-08
-0.4271295347503955,-0.35109317,-0.35109323,5.6972961404166966e-08
-0.2254230806041171,-0.052050307,-0.052050337,2.9606925966429998e-08
-0.0630908315480368,0.1701122,0.17011221,-1.7369232191422057e-08
0.0697683283177195,0.29614466,0.29614466,4.287567134664272e-09
0.1844370659488231,0.3820675,0.3820675,1.5449523882438143e-09
0.28229693240107,0.45644483,0.45644483,-2.9762270425948145e-10
0.3684136148790473,0.53223515,0.53223515,-4.431152333950195e-09
0.4469317665501442,0.5861182,0.5861182,2.1282958950763486e-08
0.5203842310166544,0.63324624,0.63324624,3.0000305573096853e-09
-1.1130696339533217,-1.0812919,-1.0812919,-1.3986205971150412e-08
-0.959487208250619,-0.95174396,-0.95174396,-3.805541437529314e-10
-0.7913984964620536,-0.8043219,-0.8043221,2.1489105228589267e-07
-0.6060403964760328,-0.6524716,-0.65247166,5.803695679595933e-08
-0.3985774795972693,-0.49002755,-0.49002755,3.1173705838938304e-09
-0.190654045699907,-0.31895906,-0.31895906,2.6689148113767658e-09
0.0179601637253535,-0.1035838,-0.1035838,2.1875381506220037e-09
0.2245020465669195,0.1274746,0.1274746,6.037139899106592e-09
0.4264387592224973,0.3660886,0.36608857,2.8966598508706198e-08
-1.1259641104740885,-1.1204684,-1.1204684,2.193298342945127e-08
-0.9882695219130444,-1.0026615,-1.0026615,3.3401489352158364e-08
-0.8358383887568387,-0.8817774,-0.8817775,9.426116942545804e-08
-0.6760389833030519,-0.75140923,-0.7514091,-1.3261642450856925e-07
-0.5190026799608579,-0.61218387,-0.61218387,1.1149596801374173e-09
-0.3481508660606997,-0.46628857,-0.4662885,-6.658935547410039e-08
-0.1673979362606671,-0.29613292,-0.29613292,-2.1725463650312804e-09
0.0191114562718505,-0.08030902,-0.08030902,1.5073013254207623e-09
0.2081536924066617,0.14436445,0.14436445,-3.5984039359338027e-09
-0.5424890479093972,-0.55883723,-0.55883723,-4.973907508087905e-09
-0.4538395218291264,-0.49232006,-0.49232006,-7.299804649640862e-10
-0.3681833563697479,-0.42227238,-0.42227238,-4.166717526565833e-09
-0.2767707281778843,-0.3594451,-0.35944515,5.4937744131677846e-08
-0.1865093925325177,-0.31451,-0.31451005,6.21688842628032e-08
-0.0955572813592529,-0.25966024,-0.25966018,-6.398803709117828e-08
-0.0078287893161797,-0.177085,-0.177085,2.703666679426675e-09
0.0803602197454922,-0.050448284,-0.050448313,2.944687652745026e-08
0.1673979362606671,0.099612474,0.09961246,1.4441528320419117e-08
-0.6016654847993441,-0.59415215,-0.5941521,-5.253829959972478e-08
-0.5109436321353787,-0.5232029,-0.52320296,6.38818359322002e-08
-0.4123929901552336,-0.44380838,-0.44380832,-5.6789093039189e-08
-0.3184475183610765,-0.3825208,-0.3825208,5.1315307558752465e-09
-0.223120495511123,-0.32138985,-0.3213899,4.604568482058369e-08
-0.122958043965882,-0.24722953,-0.24722959,5.859264373686557e-08
-0.0359203274507071,-0.15021189,-0.15021186,-2.5571479794761487e-08
0.0630908315480368,-0.02977711,-0.02977711,3.77044676730387e-10
0.1602599224723855,0.10593846,0.10593843,2.695257186879907e-08
-0.5323576735002233,-0.56338435,-0.56338435,-4.11453249249405e-09
-0.4595959845616115,-0.4889561,-0.4889561,6.2118530319565934e-09
-0.3843014520207062,-0.41330963,-0.41330963,-3.7318420575971345e-09
-0.2997965791078248,-0.34465337,-0.34465343,6.200378416254537e-08
-0.2136798966298474,-0.27193183,-0.27193183,2.931671128081348e-09
-0.1190436493077921,-0.18682195,-0.18682201,5.75378036604679e-08
-0.021644299874144,-0.09309937,-0.09309937,-5.987930290496379e-10
0.0748340155223065,0.0027775466,0.0027775168,2.9844210815317684e-08
0.1660163852048707,0.121646516,0.12164653,-1.3974933626981212e-08
-0.5590676605789543,-0.59300953,-0.5930095,-3.149795535506428e-08
-0.475253563193971,-0.5132839,-0.51328397,6.163284305138461e-08
-0.3914394658089878,-0.44132817,-0.4413281,-6.791534423733481e-08
-0.3018689056915194,-0.37762535,-0.3776254,5.3816223144487196e-08
-0.212298345574051,-0.30942345,-0.30942345,3.3447265512798197e-09
-0.1213462344007862,-0.23006557,-0.23006551,-5.928157806311951e-08
-0.0294730891903237,-0.12666728,-0.12666728,3.975181572801745e-09
0.0642421240945338,-0.018412158,-0.018412128,-2.989318084734016e-08
0.1561152693049963,0.10786758,0.1078676,-1.6367530816796538e-08
-0.3382497501608253,-0.37940937,-0.3794093,-7.280654906738349e-08
-0.2631854761292194,-0.33743733,-0.33743733,-1.6764831745064157e-09
-0.2090747264438593,-0.30213422,-0.30213422,4.168243417090878e-09
-0.1436813098028284,-0.25522226,-0.25522238,1.1904800417683603e-07
-0.0778273761431987,-0.190964,-0.19096403,3.1563072211415744e-08
-0.0105918914277726,-0.11508681,-0.11508681,1.1993026710621635e-09
0.05411074968536,-0.050971016,-0.050970957,-5.9287803652607884e-08
0.1190436493077921,0.044177607,0.04417762,-1.3298149109663981e-08
0.1830555148930266,0.13174143,0.13174146,-2.5664291386506832e-08
-0.6007444507621467,-0.44331777,-0.44331777,-9.579467774578632e-10
-0.5383443947420079,-0.28955472,-0.28955472,4.843444811886144e-09
-0.4713391685358812,-0.15981196,-0.15981193,-2.86706161589656e-08
-0.3985774795972693,-0.054387942,-0.05438797,2.8043479920192294e-08
-0.3168357087959807,0.03140521,0.03140524,-2.95050048837453e-08
-0.2205876519088296,0.113325804,0.11332582,-1.552803038928907e-08
-0.110984601482313,0.19289343,0.19289343,5.90629573027357e-10
0.0101313744091738,0.22020628,0.22020628,-4.417686466640092e-09
0.1397669151447385,0.23264936,0.23264936,-3.873214721172857e-09
-0.3937420509019819,-0.29337323,-0.29337317,-5.7119445784348244e-08
-0.3315722533911426,-0.25758237,-0.25758237,3.5334777881423918e-09
-0.2595013399804289,-0.16356914,-0.1635692,6.254596709998061e-08
-0.1943381818486974,-0.0722657,-0.0722657,4.941940329183936e-10
-0.1347012279401516,-0.0109179765,-0.0109179765,1.3961800465756014e-12
-0.0755247910502047,0.03317383,0.03317383,-6.829071058644942e-10
-0.0149668031044612,0.06919186,0.06919184,1.817241668256031e-08
0.052959457138863,0.11401791,0.1140179,1.1255359644302132e-08
0.133780193902954,0.14924525,0.14924526,-1.275516509080532e-08
2.095582693133881,2.4070263,2.4070263,-9.10644537555072e-09
1.9984136022095325,1.9991734,1.9991734,2.7862547824497597e-09
1.8906526198574112,1.5697645,1.5697647,-2.0510406484319788e-07
1.7693063854566249,1.2163504,1.2163504,3.621063227043919e-08
1.630460504349084,0.9287997,0.9287996,8.881607060917673e-08
1.4669769627465066,0.72016585,0.72016585,-1.2680053673719272e-09
1.2691849032583182,0.56414944,0.5641494,3.9334869361695723e-08
1.0200451961963624,0.43100962,0.43100962,4.28085344950091e-10
0.6870913917494232,0.29816884,0.29816884,-1.9758605862563172e-09
-0.4202217794714133,-0.3646037,-0.36460376,6.17463684071673e-08
-0.2855205515312617,-0.14901634,-0.14901634,4.393424984927563e-09
-0.1733846575024516,-0.02780059,-0.02780059,2.001190185785262e-10
-0.0789786686896957,0.065053895,0.065053895,1.1585235548672301e-10
0.0013815510557964,0.13889834,0.13889834,2.8478240876594896e-09
0.0718406549014142,0.17391522,0.17391524,-1.7712821959170455e-08
0.1321683843378582,0.18889847,0.18889849,-1.6021957399692255e-08
0.1839765489302242,0.21225144,0.21225144,-3.0941010864538043e-10
0.2295677337715063,0.2233367,0.2233367,-3.375244139736111e-09
0.4646616717661985,0.39226413,0.39226413,-2.2686767464641378e-09
0.4561421069221205,0.3682253,0.3682253,6.272506736237915e-09
0.4473922835687431,0.3557365,0.3557365,-5.935668956347229e-09
0.4381819431967669,0.34217802,0.34217805,-3.309898377601428e-08
0.4266690177317966,0.32937405,0.32937407,-2.486640932053419e-08
0.4110114390994371,0.33307427,0.33307427,1.6789245549375664e-09
0.3882158466787961,0.37990528,0.37990528,3.4510803104126353e-09
0.3564401723954783,0.347015,0.34701502,-2.657081604739986e-08
0.3168357087959807,0.29164025,0.29164025,1.87492371628295e-09
0.9244879148371096,0.9268158,0.92681587,-6.21806335310282e-08
0.7994575442875328,0.769974,0.769974,-6.698608445709908e-09
0.7015976778352858,0.6437931,0.64379305,5.6079101584671776e-08
0.6205466825618954,0.5539756,0.5539756,-1.7877197278082235e-08
0.5558440414487626,0.49873412,0.49873412,-3.4457397490861297e-09
0.4980491556146121,0.4525301,0.45253006,2.6040496814427883e-08
0.4446291814571502,0.41813093,0.41813093,4.238433826131427e-09
0.3953538604670776,0.35421145,0.35421148,-3.037689211282668e-08
0.3442364714026098,0.29269373,0.29269373,4.1690063623534e-09
4.27705181023644,4.3439107,4.3439107,-5.877685893551643e-09
3.795120750272787,3.7715647,3.7715647,2.2061157345376614e-08
3.261151267207467,3.333578,3.3335776,5.09741211018877e-07
2.697017919423926,2.8662355,2.8662355,-5.386352697200891e-09
2.2438691731226976,2.4095938,2.4095938,2.057189929516312e-08
1.7531882898056663,1.9693618,1.9693618,-1.792602533079446e-08
1.312243244497307,1.4690231,1.4690233,-1.9151763908098474e-07
0.8098191772060059,0.971592,0.971592,9.067535389206682e-09
0.4140047997203294,0.6178783,0.6178783,1.7832946785922843e-08
-0.0716103963921148,-0.0638686,-0.0638686,2.8501510596079527e-09
-0.010822149937072,0.018600479,0.018600449,2.9768348692310598e-08
0.0423675657110904,0.094590716,0.0945907,1.6063976288061e-08
0.0898008186267678,0.13903147,0.13903147,-1.7807005869840964e-10
0.1319381258285588,0.18256834,0.18256834,1.4936065717563451e-09
0.1673979362606671,0.22756818,0.22756818,-6.310272304688169e-10
0.1989433520346855,0.25448674,0.25448674,-3.6453245977341453e-10
0.2263441146413147,0.2563221,0.2563221,-1.414260863974448e-08
0.2486791900433569,0.2552985,0.25529853,-3.4707336449280035e-08
-0.3198290694168729,-0.3025586,-0.3025586,-9.025573621812555e-10
-0.2060813658229671,-0.19454123,-0.19454117,-6.07977676259086e-08
-0.1096030504265166,-0.07864089,-0.07864092,2.6898307803335797e-08
-0.0253284360229345,0.009675145,0.00967519,-4.4850769043147665e-08
0.0485845454621743,0.07221149,0.072211474,1.5081382753745487e-08
0.1091425334079177,0.13457757,0.13457757,2.345733635111813e-09
0.1597994054537868,0.19360328,0.19360328,-2.7935790902766655e-09
0.2040090392392724,0.22984007,0.22984007,9.231559960909408e-12
0.2387780741434825,0.24016148,0.24016148,-1.4805603132383993e-09
-0.6997556097608906,-0.59732413,-0.5973242,6.708068844840653e-08
-0.5779488583415056,-0.47592193,-0.47592205,1.2111740110842817e-07
-0.4630498622011026,-0.37080538,-0.37080544,5.727142332601076e-08
-0.3562099138861789,-0.2645983,-0.2645983,-9.993743887992679e-09
-0.2578895304153331,-0.1655324,-0.16553245,5.4756355283291924e-08
-0.1609506980002838,-0.07778667,-0.07778667,8.649063132359913e-10
-0.0702288453363184,-0.013729647,-0.013729617,-2.9801948547847346e-08
0.0145062860858624,0.042410538,0.042410567,-2.9399482730230186e-08
0.1068399483149237,0.10281553,0.10281553,1.1942100502926323e-09
0.8130427963361977,0.78128487,0.78128487,-1.2828064166470199e-09
0.7884051358411612,0.72791606,0.72791606,1.8782043698095663e-09
0.7584715296322387,0.67562336,0.6756234,-4.2704009994842806e-08
0.7172552564676453,0.63675094,0.63675094,-3.491821276568885e-09
0.658999853614896,0.6039528,0.6039528,2.5069427533885857e-08
0.5908433348622721,0.57697964,0.57697964,-2.8540039220814606e-09
0.5180816459236603,0.5654596,0.5654596,9.031677294935037e-09
0.4457804740036473,0.52811325,0.52811325,-4.035949685565754e-09
0.3587427574884723,0.40535927,0.40535924,2.8188476552948316e-08
-0.7091962086421661,-0.616464,-0.61646396,-5.882171627558108e-08
-0.5965997975947572,-0.48380017,-0.48380023,5.719421386496393e-08
-0.4835428695287496,-0.3643856,-0.36438555,-5.485839843499818e-08
-0.3693346489162449,-0.23823155,-0.23823155,-4.627418531688576e-09
-0.2620341835827224,-0.1226411,-0.12264113,2.8520469666504233e-08
-0.1623322490560802,-0.057344332,-0.057344392,5.966262054540872e-08
-0.0594066953992463,-0.010877594,-0.010877565,-2.9351768493154906e-08
0.031315157264719,0.047528476,0.04752846,1.5522994993577566e-08
0.13147760880996,0.10882612,0.10882612,3.178005220094704e-09
-0.5929156614459669,-0.5385733,-0.5385733,-2.4680328336579294e-08
-0.5063384619493907,-0.40563935,-0.4056394,4.958572386026816e-08
-0.4193007454342158,-0.3078575,-0.3078575,-1.3427734368853805e-08
-0.3311117363725438,-0.20425184,-0.20425184,-7.106399635414817e-10
-0.242462210292273,-0.089686826,-0.089686826,1.2853240693999624e-10
-0.1406879491819362,-0.03446211,-0.03446208,-2.920810699552634e-08
-0.0469727358970785,0.0027813762,0.0027813762,4.263763430864542e-11
0.040986014655294,0.054892853,0.054892853,-9.758758384714739e-11
0.1204252003635886,0.122673795,0.1226738,-5.372810363279967e-09
-0.6440330505104347,-0.56056035,-0.5605604,5.435028072042769e-08
-0.548015252132583,-0.44486803,-0.44486803,1.8360901132830065e-09
-0.449004093133839,-0.3106653,-0.3106653,-9.429168723595893e-09
-0.3829199009649098,-0.19650863,-0.19650866,2.888980865645152e-08
-0.2958821844497349,-0.09338291,-0.09338291,1.0601043654023812e-10
-0.1987130935253861,-0.029132634,-0.029132634,-4.013214101317164e-10
-0.1031558121661332,0.014416814,0.014416844,-3.0149597167808406e-08
-0.0087498233533773,0.06236732,0.062367335,-1.4939270022440443e-08
0.0856561654593785,0.12621066,0.12621066,-2.576446556101786e-10
0.0368413614879047,0.046313748,0.046313733,1.4763633725267677e-08
0.0879587505523725,0.121654384,0.121654384,-1.6182327700065002e-10
0.1360827789959481,0.20665047,0.20665047,-4.273147585776016e-09
0.1798318957628349,0.25411224,0.25411227,-2.634765622344659e-08
0.2198968763809314,0.27691016,0.27691016,-3.988418595390897e-09
0.2571987548874349,0.3013189,0.30131888,3.3698196399978286e-08
0.2903559802265492,0.30552155,0.30552155,-2.2056579340734572e-09
0.3202895864354718,0.33040953,0.33040956,-3.317504881916733e-08
0.346078539477005,0.37982106,0.37982103,3.208801269138917e-08
-1.2217516503426409,-1.1557566,-1.1557566,7.2494505953812904e-09
-1.166719866620083,-1.0824856,-1.0824854,-1.5660247809634598e-07
-1.106852654202238,-1.0019112,-1.0019112,3.6669921765764e-08
-1.040998720542608,-0.9249804,-0.9249804,-1.9927978156530912e-09
-0.9751447868829785,-0.8555387,-0.8555387,-2.5852966323292037e-08
-0.9178104180674268,-0.7955402,-0.7955402,-1.3584899871688094e-08
-0.8517262258984976,-0.72179717,-0.72179717,1.74514769302192e-09
-0.7570899785764422,-0.6476443,-0.6476442,-8.1387329098348e-08
-0.658539336596297,-0.5649358,-0.5649358,-3.4133911253064753e-09
-0.311309504572795,-0.22307347,-0.22307344,-2.7612266528809215e-08
-0.2940401163753396,-0.17335545,-0.17335545,4.734230035774445e-09
-0.2751589186127884,-0.15021686,-0.15021683,-3.255931854684313e-08
-0.2592710814711296,-0.1671903,-0.16719027,-2.8438072202652265e-08
-0.24361350283877,-0.19787697,-0.19787697,-4.940299974665052e-09
-0.2369360060690873,-0.23566897,-0.235669,2.7865409840677202e-08
-0.231640060355201,-0.2521801,-0.2521801,5.126953306344717e-10
-0.2263441146413147,-0.26944143,-0.2694415,7.419967651411952e-08
-0.22427178805762,-0.27649254,-0.27649254,3.93203736237524e-09
-1.0895832660047826,-1.1698772,-1.1698772,2.8483581493432553e-08
-1.0428407886170037,-1.1139439,-1.1139439,-3.4440612806108106e-08
-0.99771012079432,-1.0613048,-1.0613048,-7.662963819043966e-09
-0.9445204051461576,-1.0050867,-1.0050865,-1.6038513184213343e-07
-0.8876465533492047,-0.9408138,-0.9408138,2.016906741619806e-08
-0.8220228781988743,-0.85437095,-0.8543711,1.4834747319447672e-07
-0.7587017881415382,-0.7646774,-0.7646775,9.464263917013938e-08
-0.6916965619354114,-0.64360565,-0.64360553,-1.1947128297773446e-07
-0.6258426282757816,-0.57687455,-0.5768745,-5.4157257123321756e-08
-0.5613702456719484,-0.597001,-0.5970011,8.386001582039171e-08
-0.56459386480214,-0.6238216,-0.6238215,-1.1617279049858098e-07
-0.5650543818207389,-0.63191974,-0.63191974,-1.6305542471783951e-09
-0.5666661913858347,-0.64113593,-0.6411359,-3.1015014667623575e-08
-0.5691990349881282,-0.6486574,-0.6486574,1.8465423634594913e-08
-0.5668964498951341,-0.65133095,-0.65133095,2.124023401606223e-09
-0.5657451573486371,-0.6506996,-0.6506996,-1.547851558036939e-08
-0.5641333477835412,-0.62511134,-0.6251113,-4.147644039331766e-08
-0.5592979190882538,-0.5635173,-0.5635173,2.752761840696394e-08
-0.1330894183750558,-0.20146503,-0.201465,-2.5544166559754444e-08
-0.174766208558248,-0.2237371,-0.2237371,-5.727195745430791e-09
-0.2148311891763444,-0.21667312,-0.21667309,-3.0856285082592194e-08
-0.2542053942665426,-0.21973829,-0.21973823,-5.971385955150232e-08
-0.2988755450706271,-0.23229332,-0.23229332,-2.6823806786868687e-09
-0.3472298320235021,-0.28057337,-0.28057343,6.19274902469158e-08
-0.3988077381065687,-0.33653575,-0.3365357,-5.181961060252149e-08
-0.451306678226833,-0.41168696,-0.41168696,3.117523184048565e-09
-0.5033451013284984,-0.4546743,-0.4546743,-3.5316467528190287e-09
-0.4780166653055639,-0.63699555,-0.63699555,-3.970336948100339e-09
-0.4959768290309175,-0.6081457,-0.6081457,-1.3806152332485055e-08
-0.5141672512655704,-0.56279135,-0.56279135,2.4963379141595965e-09
-0.5309761224444269,-0.5079914,-0.5079914,2.6461029034585692e-08
-0.5438705989651936,-0.44717783,-0.44717783,2.6417541487688823e-09
-0.5519296467906728,-0.41115725,-0.4111572,-5.0404357909705766e-08
-0.5556137829394633,-0.3707171,-0.3707171,-8.2496642850316e-09
-0.5592979190882538,-0.38840616,-0.38840616,2.50640869170482e-09
-0.559988694616152,-0.46094233,-0.46094233,2.0237732045735868e-09
-0.2721655579918962,-0.19965659,-0.19965662,2.9180641181181244e-08
-0.2928888238288427,-0.24395756,-0.2439575,-6.423473358774245e-08
-0.2921980483009445,-0.27943498,-0.27943492,-5.896194460452975e-08
-0.2894349461893515,-0.3058362,-0.3058362,-7.141113256281528e-10
-0.2825271909103694,-0.32129955,-0.3212995,-5.29174804531074e-08
-0.270323489917501,-0.33533233,-0.33533233,-4.041595447201729e-09
-0.2507515166270516,-0.33230662,-0.33230662,-3.458862307681443e-09
-0.2224297199832248,-0.32503933,-0.3250394,7.285537717560686e-08
-0.1835160319116254,-0.32163203,-0.32163197,-5.762603760839369e-08
-0.0822952427268301,-0.12168209,-0.12168209,-2.54741668037628e-09
-0.0356271776431511,0.03916061,0.039160624,-1.4754699705077368e-08
0.0372957847436969,0.16597828,0.16597828,2.6900482119618374e-09
0.1186715297174985,0.25334498,0.253345,-1.7137527452693035e-08
0.2029408439966903,0.3371055,0.3371055,1.261901855231784e-08
0.2889312918522128,0.39813274,0.39813274,1.451263442753259e-09
0.3886579897917832,0.44942808,0.44942802,6.151245118823923e-08
0.4934759854308776,0.52383167,0.52383167,-4.4841003132845e-09
0.594982931772714,0.5745491,0.5745491,-2.1058654819938738e-08
0.6951504395749024,0.6274647,0.6274647,1.1666107191388164e-08
0.5747252392113138,0.4546075,0.45460755,-6.327514651127686e-08
0.4618985696546056,0.36519432,0.36519432,6.787109207984088e-10
0.364268961711658,0.29734457,0.29734457,-4.608459447386082e-09
0.2875928781149563,0.2590406,0.2590406,-5.899047861301909e-09
0.2265743731506141,0.23063731,0.23063731,1.9354247926539614e-09
0.2005551615997814,0.20482162,0.20482162,-3.588790903341632e-09
0.2017064541462784,0.20539567,0.20539568,-1.1254959103590423e-08
0.2194363593623325,0.22838172,0.22838172,3.1655120746876264e-09
0.8853439682562106,0.8842215,0.8842216,-1.0580215459299325e-07
0.7492611892602626,0.71158385,0.71158385,2.767944318193827e-09
0.6281452133687757,0.53736985,0.53736985,-2.702331580728412e-09
0.5173908703957621,0.4498272,0.4498272,-5.7861327951158614e-09
0.4255177251852997,0.3951763,0.39517632,-2.8534240748001594e-08
0.358512498979173,0.32650036,0.3265004,-4.380264284620239e-08
0.3138423481750885,0.2821185,0.2821185,-7.209777774797033e-10
0.2894349461893515,0.2658085,0.2658085,-7.101058963066009e-09
0.2852902930219623,0.26443312,0.26443312,-4.27925112012062e-09
-0.6453098511457852,-0.63588804,-0.63588804,-6.57653931313007e-11
-0.5591409007122115,-0.5456453,-0.54564524,-5.6573638884671595e-08
-0.4027188824401392,-0.34277028,-0.34277028,1.5461730784593897e-09
-0.3160815469734789,-0.22100334,-0.22100328,-5.869457245233356e-08
-0.1382281192834431,-0.055898055,-0.055898055,-4.342269877000149e-10
-0.0412387480165975,-0.0010982156,-0.0010982156,2.0013427763990177e-11
0.1239859797809911,0.12696409,0.12696409,2.254638670207143e-09
0.3025460541003228,0.25857592,0.25857592,-3.7097168115174384e-09
0.5713184721948117,0.5460571,0.54605716,-5.4935607951556165e-08
1.0799124086142076,1.1248647,1.1248647,-2.5436401873690784e-09
0.9373823913578762,0.9829953,0.98299533,-5.831726068716847e-08
0.7964641836666404,0.80424094,0.80424094,2.001342758184421e-09
0.662453731254387,0.6371882,0.6371882,-3.817749005818882e-09
0.5394956872885049,0.49662912,0.49662912,-1.0806274208796651e-09
0.4268992762410961,0.43990904,0.43990904,9.27886989465776e-10
0.3373287161236277,0.3692968,0.3692968,-1.0830688457197368e-08
0.3002570961264235,0.30874696,0.30874696,3.739395126878264e-09
0.281145639854573,0.28559595,0.28559595,3.464508069317418e-09
1.2542181001538568,1.331842,1.331842,-5.4351806610952735e-08
1.0997146404139564,1.1545451,1.1545451,-3.1259155264251604e-08
0.9541912625367326,0.99330884,0.99330896,-1.17817840594725e-07
0.8208715856523773,0.8502661,0.8502661,-1.0238647707438986e-09
0.7039002629282799,0.685763,0.685763,1.4419555549594065e-09
0.6014352262900448,0.5310342,0.5310342,-2.841873170122966e-08
0.5284432788421336,0.44912586,0.44912586,-3.8388824341595296e-09
0.4423265963641562,0.3630342,0.3630342,-1.1252593967725488e-08
0.3635781861837598,0.30376738,0.30376738,3.0986023191736933e-09
1.2806978287232884,1.3122246,1.3122247,-7.345886232634768e-08
1.0366238088659194,1.0638239,1.0638239,3.836975093207684e-08
0.8749823353377375,0.8640051,0.8640051,-1.1193847626600473e-08
0.7504124818067596,0.66760176,0.6676017,6.420211795532538e-08
0.6461053770941293,0.6125774,0.6125773,7.874984742084479e-08
0.5620610211998466,0.55293614,0.5529361,3.672256465581114e-08
0.5049569108935943,0.5036963,0.5036963,2.2441101088510607e-08
0.4817008014543544,0.48428732,0.48428732,1.5675353792765634e-09
0.4667339983498931,0.47470027,0.4747002,7.208328245411622e-08
0.0476635114249767,0.043176964,0.04317698,-1.6074638363450244e-08
0.1448326023493255,0.27856496,0.27856496,-2.3551938177490683e-10
0.3018689056915194,0.5109942,0.5109942,-4.061889602446911e-09
0.4471620250594437,0.77368766,0.77368766,6.941223151812892e-10
0.5917643688994698,0.943876,0.943876,2.806091303764191e-08
0.7630766998182268,1.0622216,1.0622218,-1.5369110117902096e-07
0.9182709350860256,1.1347411,1.1347411,-3.211364751898316e-08
1.0771493065026148,1.2166735,1.2166735,-6.614685021943956e-09
1.2721782638792103,1.3074886,1.3074886,-3.932342518275789e-08
0.0693078112991207,0.12975883,0.12975883,4.838867195822161e-09
0.1738451745210504,0.2770171,0.2770171,-1.3255691544422632e-08
0.2995663205985253,0.41432893,0.4143289,3.276214599612359e-08
0.4084785954971437,0.5528301,0.5528301,5.950928638753794e-11
0.5569953339952597,0.69542044,0.69542044,4.011688203853225e-09
0.6923873374633096,0.82404363,0.8240435,1.3155364986250362e-07
0.8800480225423243,0.950826,0.9508259,8.92463684065703e-08
1.0502090609145844,1.1022563,1.1022563,-1.9348145308129006e-09
1.2233634599077363,1.2597404,1.2597405,-1.4736938469539496e-07
-0.496897863068115,-0.45708793,-0.45708793,-4.017181420845617e-09
-0.4130837656831318,-0.35032427,-0.35032427,-3.1094360419814393e-09
-0.3258157906586574,-0.2628333,-0.2628333,2.7473449626391755e-09
-0.2274954071878117,-0.18311839,-0.18311836,-2.805675505812566e-08
-0.1185831322891933,-0.078004405,-0.078004435,3.0097541806051176e-08
0.0013815510557964,0.032054454,0.032054454,8.821105651479755e-11
0.1208857173821874,0.17186901,0.17186901,-2.667999154937206e-10
0.2459160879317641,0.2950704,0.2950704,9.774780262983285e-09
0.3748608531394307,0.4117021,0.4117021,-3.5377502594080568e-09
-0.66130243870789,-0.61564714,-0.6156472,6.283493036995935e-08
-0.5604492116347508,-0.51169205,-0.51169205,2.8808593288687234e-09
-0.4529184877919288,-0.41970336,-0.41970336,-4.372253392670444e-09
-0.3518350022094902,-0.33879834,-0.3387984,5.5864715575726365e-08
-0.2502909996084528,-0.24735008,-0.24735011,2.8198585522165587e-08
-0.133780193902954,-0.15123744,-0.15123747,2.691051484426943e-08
-0.0193417147811499,-0.052198008,-0.052198038,3.029717254854347e-08
0.0909521111732648,0.045745596,0.04574561,-1.3710365294461457e-08
0.2072326583694641,0.16864282,0.16864282,-1.0722351062586455e-09
-0.0543410081946594,-0.07776834,-0.07776831,-3.070682526307156e-08
0.0110524084463714,-0.008039311,-0.00803934,2.9425468445545833e-08
0.0727616889386118,0.051054895,0.051054925,-3.0075836182641424e-08
0.130326316263463,0.109062776,0.10906276,1.5969505315349686e-08
0.1853580999860207,0.1609027,0.1609027,-6.132316598961296e-09
0.2422319517829736,0.21879439,0.21879439,5.591964669093841e-10
0.2970334769962319,0.27861652,0.27861655,-3.22177887146502e-08
0.3520652607187896,0.35955778,0.35955778,-2.356796258151661e-09
0.4057154933855508,0.4036106,0.4036106,-1.2879943833699059e-08
1.5351334814991302,1.5871927,1.5871925,1.5460968016967058e-07
1.3000395435044385,1.3614868,1.3614869,-1.0743560796555585e-07
1.1284969540763818,1.1549114,1.1549115,-1.011123658134494e-07
0.969158065641194,0.9899232,0.98992324,-6.085037229652812e-08
0.8344568377010423,0.8488014,0.8488013,7.44354248238821e-08
0.7133408618095555,0.74462086,0.74462086,-3.770447287720913e-10
0.6191651315060989,0.65425396,0.65425396,-3.442383045282327e-10
0.5388049117606067,0.59759694,0.5975969,4.33784484998867e-08
0.4936742439379235,0.55235946,0.5523594,6.178436284809408e-08
0.3509139681722926,0.3107113,0.3107113,-5.587387108541009e-09
0.3668018053139515,0.3220228,0.3220228,-4.322814939339281e-09
0.380156798853317,0.33223784,0.33223784,-3.012085025844158e-10
0.389827656243892,0.33743784,0.33743784,-1.6840362437875456e-09
0.3971959285414729,0.3563305,0.3563305,1.3954162603191378e-08
0.4022616157460598,0.3697545,0.3697545,-6.7634582379128005e-09
0.4045642008390538,0.38480645,0.38480645,4.181671120484509e-09
0.4050247178576526,0.3768447,0.3768447,4.151153587539369e-09
0.4047944593483533,0.36885703,0.36885703,-3.899841283239169e-09
-0.0580251443434499,-0.13610892,-0.13610889,-2.9978141774522626e-08
0.0416767901831922,-0.06196843,-0.06196843,-8.767318745994679e-10
0.1259514045867743,0.035713494,0.035713494,-1.7599487145414372e-10
0.2030880052020748,0.110887,0.110887,-1.5254020685473435e-09
0.2694024558803033,0.18897764,0.18897763,1.3847465507588197e-08
0.3246644981121604,0.26504374,0.26504374,-4.495849637020655e-09
0.3737095605929336,0.34908813,0.34908813,2.381439212495451e-09
0.4225243645644074,0.4064243,0.4064243,1.3783645613774098e-08
0.4681155494056895,0.47029942,0.47029942,2.740936255740678e-09
-0.4075575614599461,-0.45590854,-0.45590854,3.0889892310703715e-09
-0.2000946445811826,-0.23411836,-0.23411836,2.699241635761851e-09
-0.0398347221087969,-0.045732692,-0.045732692,1.1595916588058586e-10
0.0762155665781029,0.11035098,0.110350996,-1.4645286566805638e-08
0.1715425894280564,0.24212958,0.2421296,-2.0813560486221405e-08
0.2601921155083272,0.36250734,0.36250737,-2.6707763667310758e-08
0.331802511900442,0.44187498,0.44187492,6.092651366751412e-08
0.4036431668018562,0.47201723,0.47201723,-1.3966369727391736e-09
0.4616683111453062,0.49511844,0.49511844,-8.024597097922026e-10
-1.0815242181793034,-1.0495199,-1.0495199,3.492736766474991e-09
-0.9030738734722648,-0.89542127,-0.8954214,1.3344421390115713e-07
-0.716564480939747,-0.73657614,-0.736576,-1.3992691039188543e-07
-0.522456557600349,-0.5691886,-0.5691886,5.181884810134818e-09
-0.3193685523982741,-0.36994267,-0.36994267,4.899902317223592e-09
-0.1234185609844808,-0.17325072,-0.17325072,9.510039977733697e-11
0.0640118655852344,0.014739856,0.014739841,1.5123924255316945e-08
0.2468371219689617,0.25523695,0.25523695,3.496932965418864e-09
0.4264387592224973,0.4748829,0.4748829,7.148742708906752e-10
-1.1241220423996932,-1.0753288,-1.0753286,-2.2690429690719327e-07
-0.9832038347084576,-0.93822443,-0.93822443,-4.852600099525262e-09
-0.8257070143476648,-0.7882972,-0.7882972,2.3638916046841985e-08
-0.660151146161393,-0.62151974,-0.62151974,-4.396209729584655e-09
-0.4929834684100252,-0.43737066,-0.43737072,6.207916258826884e-08
-0.3186777768703759,-0.28149402,-0.28149414,1.1858428955457967e-07
-0.1409182076912356,-0.12079601,-0.12079601,1.0181426535194049e-10
0.0414465316738928,0.087616324,0.08761631,1.4424743649543714e-08
0.2302585092994046,0.2908235,0.2908235,-1.0572433484234978e-08
-0.3018689056915194,-0.23170967,-0.23170967,-4.000740044807216e-09
-0.2519028091735486,-0.20932017,-0.20932011,-6.266750335326421e-08
-0.1980223179974879,-0.1923713,-0.19237135,5.609760284075449e-08
-0.143451051293529,-0.1572722,-0.15727223,2.5243263257479498e-08
-0.0879587505523725,-0.11788075,-0.11788078,3.327777862993653e-08
-0.0315454157740184,-0.097123995,-0.097124055,5.957668304523711e-08
0.0250981775136351,-0.07109989,-0.07109989,-2.25864410507981e-09
0.0822022878198874,-0.051818773,-0.051818773,-1.5044403223196667e-10
0.1397669151447385,-0.024612278,-0.024612308,3.0253799437884865e-08
-0.610645566662021,-0.52015835,-0.52015835,-4.67681893212557e-10
-0.5084107885330853,-0.40916646,-0.40916646,4.731140146319035e-09
-0.406406268913449,-0.27982324,-0.2798233,5.638198852242482e-08
-0.300487354635723,-0.15162624,-0.15162624,-4.187355046036956e-09
-0.1885817191162123,-0.07814382,-0.07814382,-1.665878268664045e-10
-0.0713801378828154,-0.020713583,-0.020713612,2.936507415701728e-08
0.0538804911760606,0.050305456,0.05030544,1.592308044445767e-08
0.1851278414767213,0.14707205,0.14707205,-3.004837045850195e-09
4.604709668969493,4.3605204,4.3605213,-9.371459963603002e-07
4.124160160061636,3.7828472,3.7828467,4.6606140147176234e-07
3.6242689363726286,3.3535419,3.3535419,-4.8956299014690785e-08
3.139344515788082,2.89084,2.89084,5.355834975517837e-08
2.643597945266464,2.3735511,2.3735511,3.029480000193985e-08
2.1584432661726187,1.9292016,1.9292016,2.935790943681127e-09
1.6912487508041267,1.4193201,1.4193202,-9.349365237554252e-08
1.22589630351003,1.0141789,1.014179,-1.2789154046899398e-07
0.7775829859040893,0.6186111,0.6186111,-2.6641845396468966e-09
1.8213448085582904,2.0932064,2.0932064,5.639648303912281e-09
-1.3905311376591043,-1.3384194,-1.3384194,-3.740844722877057e-08
-1.324907462508774,-1.2278373,-1.2278372,-1.241424560927129e-07
-1.25306680760736,-1.1159313,-1.1159313,2.7493286092195035e-08
-1.1743183974269635,-1.0037111,-1.0037111,-4.393005292868679e-09
-1.0877411979303873,-0.9140161,-0.914016,-1.2758636469545337e-07
-0.9933352091176314,-0.81198406,-0.81198406,-2.1948242112657113e-09
-0.8938635331002885,-0.70879143,-0.70879143,-4.7648620604689995e-09
-0.7824184145993768,-0.6048505,-0.6048505,2.8980255084576356e-08
-0.6502500302615185,-0.51869464,-0.5186946,-3.920593261153016e-08
-0.4319649634456829,-0.43348008,-0.43348002,-6.394241330864858e-08
-0.4665037398405937,-0.42736006,-0.42736,-5.7830810529235777e-08
-0.4881480397147377,-0.4445899,-0.44458985,-6.289138793080795e-08
-0.4962070875402168,-0.45897305,-0.4589731,4.988250734694333e-08
-0.4941347609565222,-0.45226753,-0.45226753,2.4197387427093986e-09
-0.5056476864214925,-0.41241944,-0.4124195,6.163787841240165e-08
-0.465582705803396,-0.39920652,-0.39920652,8.73107919296956e-10
-0.440484528289761,-0.3393283,-0.3393283,1.096801760525068e-08
-0.3974261870507723,-0.36746103,-0.36746103,4.285125754233121e-09
0.2318703188645004,0.26929456,0.26929456,-4.440309231412698e-11
0.1535824257027028,0.15616393,0.15616393,8.929443295890849e-10
0.0621697975108392,0.045890108,0.045890093,1.4750892639303625e-08
-0.0126642180114672,-0.06535132,-0.06535135,2.770671844731787e-08
-0.090491594154666,-0.18504073,-0.18504073,2.7422714099500922e-09
-0.1542732012306011,-0.25875026,-0.25875032,6.012374875741244e-08
-0.223120495511123,-0.30474812,-0.30474812,2.0762634389548396e-09
-0.2917375312823456,-0.32755703,-0.3275571,7.266006468720221e-08
-0.3389405256887235,-0.28839493,-0.28839487,-5.797851559963263e-08
1.003927100545404,1.0193022,1.0193022,4.8954772902121135e-08
0.8397527834149286,0.88885874,0.88885885,-1.1443862912852154e-07
0.6735061397007583,0.7263619,0.7263618,7.076568608876954e-08
0.5065687204586901,0.5109886,0.5109886,-6.8984985501785445e-09
0.3350261310306336,0.30537626,0.30537626,1.4727020158922244e-09
0.15081932359111,0.13119084,0.1311908,3.6429595950959737e-08
-0.0310848987554196,-0.023284405,-0.023284405,-4.698944081060752e-10
-0.1936474063207992,-0.14900403,-0.149004,-2.7247428896481907e-08
-0.3543678458117837,-0.24857284,-0.24857284,-1.2866592513649522e-09
-0.2859810685498605,-0.30052203,-0.3005221,7.06001281880475e-08
-0.3336445799748372,-0.33526725,-0.3352673,5.4230499257901243e-08
-0.3843014520207062,-0.38013583,-0.38013583,-4.217071525314253e-09
-0.4241361741295033,-0.4124509,-0.41245097,6.038543698405618e-08
-0.451306678226833,-0.4356401,-0.43564004,-5.666442870477795e-08
-0.4734114951195758,-0.45863461,-0.45863456,-5.494445798337466e-08
-0.4743325291567734,-0.47679514,-0.47679508,-5.692855836736399e-08
-0.4600565015802104,-0.46858472,-0.46858472,3.6799621683236694e-09
-0.430813670899186,-0.36356378,-0.36356378,3.983764651493971e-09
-0.4828520940008514,-0.45203733,-0.45203733,-4.442138656912675e-09
-0.5309761224444269,-0.47667015,-0.47667015,4.011535659209642e-09
-0.5583768850510561,-0.48732555,-0.48732555,8.743286095125313e-10
-0.5820935115088949,-0.49218142,-0.49218148,5.967376709437033e-08
-0.6078824645504282,-0.49595684,-0.49595684,1.8690490821704486e-09
-0.6014352262900448,-0.48028576,-0.48028582,5.62594604236466e-08
-0.5853171306390864,-0.44342512,-0.44342512,1.0768127500782043e-09
-0.5505480957348764,-0.3964464,-0.3964464,-6.841278099578574e-09
-0.5102528566074805,-0.37381506,-0.373815,-5.96618652259906e-08
-0.4962070875402168,-0.47249174,-0.47249174,-1.1804199284703998e-09
-0.5424890479093972,-0.49637753,-0.49637753,2.2862243764798507e-09
-0.5675872254230323,-0.5184779,-0.51847786,-5.671752933977814e-08
-0.5910735933715715,-0.5225344,-0.5225344,2.9577636673217e-08
-0.6021260018179431,-0.5161625,-0.5161625,-1.4686584504097766e-08
-0.5982116071598531,-0.49214572,-0.49214578,6.285598752597821e-08
-0.5832448040553919,-0.45056224,-0.45056218,-5.869323732587972e-08
-0.5643636062928407,-0.39370662,-0.39370662,2.604675364281661e-10
-0.5178513874143609,-0.3643989,-0.36439884,-5.6694183347971716e-08
-0.7280774064047173,-0.7151533,-0.7151533,2.3079681388260553e-08
-0.7234722362187291,-0.7059775,-0.70597756,6.051498413484069e-08
-0.722781460690831,-0.69638777,-0.69638777,2.2082519146593427e-09
-0.7179460319955435,-0.6892894,-0.68928945,5.8959197968277977e-08
-0.6974530246678965,-0.6599686,-0.65996855,-6.457824708316906e-08
-0.6746574322472554,-0.60671306,-0.6067132,1.434356688978511e-07
-0.6366647782128537,-0.536607,-0.536607,-2.7053833062673505e-08
-0.5885407497692782,-0.46153718,-0.46153718,-2.3310852137470306e-09
-0.5318971564816246,-0.39794767,-0.39794773,6.097076415967351e-08
0.3879855881694967,-0.25247186,-0.25247186,-4.223480232212751e-09
0.2928888238288427,-0.25247198,-0.25247198,-3.4327697906455512e-09
0.2060813658229671,-0.25247192,-0.25247192,-3.828124983673575e-09
0.1273329556425707,-0.25247198,-0.25247198,-3.4327697906455512e-09
0.0405254976366952,-0.25247198,-0.25247192,-6.34327697590642e-08
-0.0377623955251023,-0.25247198,-0.25247192,-6.34327697590642e-08
-0.125260629058876,-0.25247198,-0.25247192,-6.34327697590642e-08
-0.2051603317857694,-0.25247198,-0.25247198,-3.4327697906455512e-09
-0.2871323610963575,-0.25247192,-0.25247192,-3.828124983673575e-09
-0.9212642957069178,-0.9113953,-0.91139543,1.18644409186075e-07
-0.8908701724793964,-0.8525311,-0.8525312,1.245223999468692e-07
-0.8648509609285636,-0.7733547,-0.77335495,2.4085159300302195e-07
-0.8379107153405333,-0.694528,-0.69452804,5.6334533704571754e-08
-0.8040627144735208,-0.6149961,-0.61499614,6.43698120361691e-08
-0.7646885093833227,-0.54062784,-0.54062784,2.8189086620500348e-09
-0.720478875597837,-0.4927171,-0.49271715,6.273117064692357e-08
-0.6659076088938781,-0.4587227,-0.45872265,-6.060943602559377e-08
-0.5910735933715715,-0.44513094,-0.44513094,-4.252014185190944e-09
1.2249752694728324,1.2617819,1.2617819,3.0923462013277e-08
1.053432680044776,1.10028,1.10028,4.6463012770558976e-08
0.8802782810516236,0.949827,0.9498271,-8.460006717392332e-08
0.6992950927422918,0.76530576,0.76530576,-2.4774169382624223e-09
0.5127857002097741,0.53239137,0.53239137,-6.571960753376516e-10
0.3195988109075736,0.3061874,0.3061874,-8.718872068769201e-09
0.1317078673192594,0.114880085,0.114880085,-8.544928653542172e-12
-0.0725314304293124,-0.058931097,-0.058931097,-3.882675153610293e-10
-0.2682511633338064,-0.20249905,-0.20249905,3.0782699722564644e-09
0.22427178805762,0.20942836,0.20942836,-4.902229316927631e-09
0.1195041663263909,0.10249034,0.10249034,3.1534767158669652e-09
0.0297033476996231,0.025166243,0.025166243,3.147430406580387e-10
-0.1082214993707201,-0.06735213,-0.0673521,-3.10091018695946e-08
-0.1450628608586248,-0.1563841,-0.15638413,3.445041657501591e-08
-0.2268046316599135,-0.25097865,-0.2509786,-4.8662567142532254e-08
-0.2889744291707528,-0.3422758,-0.3422758,1.6792297552470359e-09
-0.3405523352538194,-0.40694857,-0.40694857,3.5632324313361607e-09
-0.3916697243182872,-0.33855385,-0.3385539,5.411758424722635e-08
0.3101582120262979,0.29517174,0.29517174,-2.329101578268933e-09
0.2263441146413147,0.21907377,0.21907377,2.430419920873561e-09
0.1300960577541636,0.14029796,0.14029795,1.4215278620888228e-08
0.0306243817368208,0.044025674,0.044025674,4.623184196583807e-10
-0.0617092804922404,-0.07383253,-0.07383253,3.196983330844283e-09
-0.1473654459516189,-0.18760143,-0.1876014,-3.220424651950715e-08
-0.2224297199832248,-0.28944218,-0.28944224,5.841278077900469e-08
-0.2928888238288427,-0.36713392,-0.36713392,4.5756530786533745e-09
-0.3380194916515259,-0.30996603,-0.30996603,2.263336185137632e-09
-0.6553157174661055,-0.6769106,-0.6769106,2.0795440702769952e-08
-0.662453731254387,-0.66795397,-0.66795397,1.951904304853258e-09
-0.6677496769682733,-0.65291864,-0.6529187,6.320114132041255e-08
-0.6663681259124768,-0.625976,-0.6259761,7.394180301378839e-08
-0.6610721801985906,-0.6038947,-0.6038947,-1.0540771477884903e-08
-0.6493289962243208,-0.5695148,-0.56951475,-6.103897098874711e-08
-0.6269939208222787,-0.51783526,-0.5178352,-5.9437560984143545e-08
-0.5910735933715715,-0.4538452,-0.45384526,5.707717892766695e-08
-0.5305156054258282,-0.4000486,-0.40004855,-6.354827880583613e-08
1.4186226757936315,1.4690125,1.4690125,-1.1444092340440193e-09
1.253757583135258,1.2964486,1.2964486,-1.1628723095569171e-08
1.0755374969375189,1.1253972,1.1253972,5.352783105649905e-09
0.8830413831632167,0.9561701,0.95617,8.209228519184819e-08
0.6850190651657286,0.7664806,0.76648057,5.4675750704724635e-08
0.4773258897776657,0.525797,0.525797,9.46807865442878e-09
0.2581197889246325,0.24874863,0.24874863,2.8526306317111505e-10
0.0492753209900725,0.02618207,0.026182085,-1.4625511170207606e-08
-0.1814437053279308,-0.16148756,-0.16148753,-3.4444541940903406e-08
-0.3265065661865557,-0.3365457,-0.33654577,6.420471193591126e-08
-0.3506837096629931,-0.31232613,-0.3123262,6.674880981272224e-08
-0.3704859414627419,-0.29441744,-0.29441744,-8.912658944204566e-10
-0.3918999828275866,-0.28701,-0.28701007,5.5942840582190456e-08
-0.409169371025042,-0.29074526,-0.29074526,1.6687011772376081e-09
-0.4204520379807128,-0.2862535,-0.2862535,-1.190567017195221e-08
-0.4296623783526889,-0.29087025,-0.2908702,-4.927139279908843e-08
-0.4384122017060664,-0.3345539,-0.3345539,2.619171157736133e-09
-0.4393332357432639,-0.36065918,-0.36065912,-6.20716857913095e-08
-0.8917912065165939,-0.9021081,-0.90210795,-1.23234558113694e-07
-0.8268583068941618,-0.8845998,-0.8845998,-4.878234816096949e-09
-0.7508729988253584,-0.8882146,-0.8882146,1.1834716762137987e-08
-0.6569275270312013,-0.8775445,-0.87754464,1.1771453856113112e-07
-0.5763370487764098,-0.85857296,-0.85857296,1.0009770790020411e-10
-0.6288359888966739,-0.8216065,-0.82160664,1.231619263242223e-07
-0.6182440974689014,-0.76315063,-0.76315063,-2.3814391569842996e-09
-0.6081127230597275,-0.68296355,-0.6829635,-5.009078984929971e-08
-0.5979813486505536,-0.5399397,-0.5399397,-1.5571594014218704e-09
0.2928888238288427,0.36026138,0.36026138,6.72454814054646e-10
0.2023972296741766,0.2866155,0.2866155,-9.08660890974744e-09
0.1146687376311034,0.20859493,0.20859493,3.1521987797766826e-09
0.0237166264578386,0.10904274,0.10904274,1.3582801827727309e-09
-0.0651631581317315,0.038058862,0.038058862,9.011077994891536e-11
-0.1515100991190082,-0.03698443,-0.0369844,-2.8763389586794474e-08
-0.2314098018459016,-0.108812496,-0.108812496,-6.609345015728962e-11
-0.3046320078031123,-0.18720789,-0.18720786,-3.2537117000686067e-08
-0.3799265403440175,-0.27068645,-0.27068645,2.379608177172088e-09
-1.1229707498531962,-1.1105266,-1.1105267,1.3826293954188884e-07
-0.9650134124738046,-0.97436917,-0.9743693,1.3171844481796313e-07
-0.7543268764648494,-0.78274584,-0.7827456,-2.381652831617842e-07
-0.5864684231855835,-0.5648427,-0.56484276,5.904174804616247e-08
-0.3598940500349694,-0.3531658,-0.35316586,5.466018676569817e-08
-0.1248001120402772,-0.15197684,-0.15197687,3.129207609697815e-08
0.1227277854565826,0.09537295,0.09537294,1.2520847317287753e-08
0.3720977510278378,0.3112555,0.3112555,1.4621734600872571e-08
0.6325201250454644,0.5455279,0.5455279,-2.4576568558032363e-08
-0.1358525204866487,-0.20893727,-0.20893721,-6.242946623546963e-08
-0.212298345574051,-0.29647362,-0.29647356,-6.23220824946813e-08
-0.2921980483009445,-0.40226007,-0.40226,-6.507873534511432e-08
-0.3767029212138259,-0.47898823,-0.47898817,-6.022842408137663e-08
-0.465582705803396,-0.5593279,-0.5593279,-4.096984973500639e-10
-0.5597584361068526,-0.64203703,-0.6420371,6.596527102331606e-08
-0.658539336596297,-0.7288406,-0.7288406,1.047668451992223e-08
-0.7633069583275263,-0.8160553,-0.8160553,2.1484375389846377e-09
-0.8685350970773541,-0.9024917,-0.9024917,1.1271667488266246e-08
0.3163751917773819,0.2049904,0.2049904,1.8640518295587327e-09
0.1994038690532843,0.05421956,0.054219574,-1.5164970397496536e-08
0.0729919474479112,-0.081969395,-0.081969365,-3.027988433601525e-08
-0.0536502326667612,-0.19279061,-0.19279064,2.7421607984301488e-08
-0.1901935286813082,-0.29814655,-0.29814655,4.113006601969005e-09
-0.3419338863096158,-0.43928856,-0.43928856,3.4242248481142212e-09
-0.4975886385960132,-0.6228004,-0.6228005,9.020614621935152e-08
-0.6537039079010096,-0.76484615,-0.76484627,1.238932800795567e-07
-0.8498841578241023,-0.8910569,-0.8910569,4.74395756011603e-09
0.32098036196337,0.30774,0.30774,2.8705596788469734e-09
0.1706215553908588,0.15184155,0.15184154,1.1065444949220904e-08
0.0188811977625511,0.023561358,0.023561358,4.518432607236722e-10
-0.132628901356457,-0.08647795,-0.08647795,-2.1533966276798822e-10
-0.2845995174940641,-0.21536793,-0.21536793,1.8526840339649908e-09
-0.430813670899186,-0.37865275,-0.3786527,-5.1445770254954226e-08
-0.5756462732485115,-0.58085936,-0.58085936,-3.0790709981687314e-09
-0.71541318839325,-0.7393377,-0.7393377,1.727600096312898e-08
-0.8540288109914916,-0.87721217,-0.87721205,-1.1678619382671229e-07
-0.0918731452104624,-0.075055584,-0.075055584,-3.1148529588964635e-10
-0.1522008746469064,-0.09811638,-0.09811635,-3.295650481682788e-08
-0.2173640327786379,-0.15602012,-0.15602012,2.1373749992115165e-10
-0.2875928781149563,-0.2310435,-0.2310435,-2.6884078851985294e-09
-0.3925907583554848,-0.38703722,-0.38703716,-5.7617034920909305e-08
-0.2470673804782611,-0.28862977,-0.28862977,-2.7893065634998493e-10
-0.1116753770102112,-0.19772299,-0.19772299,3.6594772212517057e-09
0.0564133347783541,-0.10846983,-0.10846983,1.036720279068426e-09
0.2500607410991534,0.0049564093,0.0049564242,-1.486486358656669e-08
0.4133140241924312,0.13618502,0.13618502,2.0835877467817454e-10
0.5655148988393377,0.4388129,0.4388129,1.1510467523567769e-08
0.721630168144334,0.6953205,0.6953205,-1.2977600105656961e-08
0.8784362129772285,0.8684035,0.86840343,6.435806276794409e-08
-0.002302585092994,-0.045342907,-0.045342907,-3.0953216378915016e-10
0.1142082206125046,0.03642918,0.036429167,1.4694984437624292e-08
0.2318703188645004,0.10639245,0.10639245,6.306648259180037e-10
0.3527560362466878,0.2126386,0.2126386,1.66072844365317e-09
0.4731812366102764,0.3701589,0.3701589,1.0751342760517701e-08
0.5864684231855835,0.53387636,0.53387636,-5.372620126564698e-10
0.6887032013145191,0.6824695,0.68246955,-6.280975339834072e-08
0.8049837485107185,0.8254669,0.8254669,-2.8738403323735895e-08
0.9201130031604208,0.9344161,0.9344161,1.528396609273841e-08
-0.4128535071738324,-0.3310538,-0.33105373,-6.343032837863305e-08
-0.4197612624528145,-0.38088608,-0.38088602,-5.788085938318588e-08
-0.4250572081667008,-0.40195972,-0.40195978,6.272628783055012e-08
-0.4287413443154914,-0.40306914,-0.40306914,1.4730834885234856e-09
-0.4317347049363836,-0.39817816,-0.3981781,-6.019058229611574e-08
-0.4347280655572758,-0.39403695,-0.39403695,1.3191223113828698e-09
-0.4381819431967669,-0.39474398,-0.39474398,1.0227966251719067e-09
-0.4384122017060664,-0.3910975,-0.39109743,-5.6019134497820033e-08
-0.4384122017060664,-0.39226896,-0.39226896,4.2924499510377245e-09
0.5754160147392121,0.5128557,0.5128557,8.599090550731603e-09
0.5374233607048103,0.41832924,0.41832924,-1.1083984285953363e-09
0.4499251271710365,0.37272078,0.37272075,2.7988433848324945e-08
0.323282947056364,0.26571602,0.26571602,-3.707427975729871e-09
0.1540429427213016,0.14907348,0.14907347,1.1559753404499773e-08
-0.0485845454621743,0.033809632,0.033809632,6.291198811902987e-11
-0.2542053942665426,-0.10463302,-0.10463302,1.625556939055528e-09
-0.4146955752482277,-0.20861928,-0.20861925,-3.1649589532500855e-08
-0.4851546790938454,-0.29474837,-0.2947483,-6.58790588192737e-08
-1.1634962474898911,-1.1346394,-1.1346394,1.763763424200704e-08
-1.0951094702279682,-1.0621023,-1.0621022,-1.1781005859745619e-07
-1.022117522780057,-0.99530196,-0.9953021,1.3810119625645711e-07
-0.944750663655457,-0.92315555,-0.92315555,3.8116455547410055e-09
-0.8641601854006655,-0.85085154,-0.85085166,1.2420288086900655e-07
-0.7794250539784846,-0.76723427,-0.76723427,4.1957092244970795e-09
-0.6916965619354114,-0.6843784,-0.6843784,1.4456176811172838e-08
-0.6005141922528471,-0.60459405,-0.60459405,-1.8379211486063696e-09
1.058037850230764,0.95240444,0.9524045,-6.055068968446875e-08
0.8885675873864024,0.7582435,0.75824356,-5.881362918902511e-08
0.7225512021815317,0.62706727,0.62706727,-2.105255081374935e-09
0.5639030892742418,0.5747225,0.5747225,2.8457641576551396e-08
0.4105509220808384,0.47040015,0.47040015,4.590606672572051e-09
0.2590408229618302,0.32361034,0.3236103,3.5588455182811174e-08
0.1063794312963249,0.17009997,0.17009997,3.6785888779533593e-09
-0.061479021982941,-0.08286302,-0.08286302,2.0833206132442328e-09
-0.2608828910362254,-0.34201396,-0.3420139,-5.511627199084046e-08
-0.1968710254509909,-0.23111852,-0.23111849,-2.5133857717296593e-08
-0.2265743731506141,-0.2507704,-0.2507704,9.966278080586477e-09
-0.2569684963781355,-0.27101249,-0.27101249,4.972686762361178e-09
-0.2894349461893515,-0.3053301,-0.30533004,-5.7675323461570116e-08
-0.3239737225842622,-0.33325005,-0.3332501,5.422363280604969e-08
-0.361966376618664,-0.36150652,-0.36150658,5.8298187277650015e-08
-0.3971959285414729,-0.3947522,-0.3947522,-4.418182375509616e-09
-0.4351885825758746,-0.42594606,-0.42594612,6.315719602856262e-08
-0.4764048557404681,-0.46270537,-0.46270537,-3.764038081222054e-09
3.1794094964061785,3.1223524,3.1223524,-3.8320922879364616e-08
2.91967789791645,2.8017716,2.8017716,4.0777587972939955e-08
2.630933727254997,2.4994106,2.4994106,2.927246089967639e-08
2.313176984421818,2.2335827,2.2335827,3.506164558686464e-08
1.9666379279262145,1.9079003,1.9079003,3.340454091116385e-08
1.5910862992588857,1.565278,1.5652779,1.5328369129541386e-07
1.1862918399105324,1.2515085,1.2515084,7.43499755095911e-08
0.752945325409053,0.80858254,0.8085825,4.4326782244752394e-08
0.2903559802265492,0.26660052,0.26660052,-5.812835768281843e-10
-0.1084517578800195,-0.04845549,-0.04845546,-3.166202545284991e-08
-0.3011781301636212,-0.086807564,-0.086807534,-2.990094756516459e-08
-0.4572933994686175,-0.12607138,-0.12607135,-2.8588676453944473e-08
-0.5770278243043079,-0.17334925,-0.17334922,-2.6382713319561546e-08
-0.6592301121241954,-0.23113464,-0.23113467,3.1809730516307866e-08
-0.7048212969654775,-0.27943677,-0.27943677,2.8987121591939058e-09
-0.7149526713746512,-0.3213688,-0.32136887,5.6485290500507546e-08
-0.6870913917494232,-0.36498052,-0.36498052,1.182098363639028e-09
-0.6235400431827876,-0.40426475,-0.4042647,-4.809646608761042e-08
-0.3493021586071967,-0.36041033,-0.36041033,-2.6797485341845118e-09
-0.3767029212138259,-0.3691579,-0.36915785,-6.03469848536875e-08
-0.3999590306530657,-0.38311267,-0.38311267,1.0089111213140711e-09
-0.419991520962114,-0.39393997,-0.39394003,5.807617187159053e-08
-0.4358793581037729,-0.4003356,-0.4003356,-9.912872300787967e-09
-0.4485435761152401,-0.4051904,-0.4051904,-8.22982787473947e-09
-0.4572933994686175,-0.41025102,-0.41025102,-1.3851928493124888e-09
-0.462128828163905,-0.422867,-0.42286694,-6.010299680170306e-08
-0.4630498622011026,-0.4375661,-0.43756616,5.844894407358581e-08
0.3900579147531913,0.42417932,0.42417932,-4.432983424784709e-09
0.1761477596140445,0.34559947,0.34559947,2.5227355759938064e-09
-0.0087498233533773,0.24304955,0.24304956,-1.2923774717066294e-08
-0.1641743171304754,0.15309927,0.15309927,-1.3251495456501061e-09
-0.2903559802265492,0.053018212,0.053018183,2.9318420406709844e-08
-0.3868342956229997,-0.05146818,-0.05146821,3.137012481724266e-08
-0.4543000388477252,-0.16922395,-0.16922395,6.868362545375817e-10
-0.4920624343728276,-0.25908554,-0.25908554,3.996887210089284e-09
-0.5003517407076061,-0.33916646,-0.33916646,-2.421417233389178e-09
-0.5749554977206133,-0.5752501,-0.57525,-8.916854854490452e-08
-0.5763370487764098,-0.58471566,-0.5847156,-6.438674926556587e-08
-0.5726529126276192,-0.5847581,-0.58475804,-6.289382936675025e-08
-0.5671267084044335,-0.5746982,-0.5746982,-9.762573194294077e-09
-0.5588374020696549,-0.56062734,-0.5606274,5.872955322061557e-08
-0.5468639595860859,-0.54538774,-0.5453878,5.509643552503718e-08
-0.5323576735002233,-0.5250738,-0.52507377,-5.6313018803599846e-08
-0.5148580267934686,-0.5024443,-0.5024444,7.312240601908826e-08
-0.4943650194658217,-0.48387533,-0.48387533,-4.26284790799869e-09
1.3944455323171945,1.3875034,1.3875033,8.554382313619158e-08
1.1888246835128258,1.2048126,1.2048125,1.459121703462074e-07
0.9728422017899844,1.0132196,1.0132196,-5.044555662081507e-09
0.749491447769562,0.83167505,0.83167505,2.642822294340874e-09
0.5171606118864627,0.58232623,0.58232623,3.3869934634722654e-09
0.2806851228359742,0.3487355,0.3487355,1.130294802198506e-08
0.0504266135365696,0.07268308,0.072683066,1.5030845637586943e-08
-0.1614112150188826,-0.17259501,-0.17259495,-5.9207725527921085e-08
-0.3341050969934361,-0.3316589,-0.33165896,6.02159118678891e-08
-0.3080858854426033,-0.32220757,-0.32220757,-7.598877083125899e-11
-0.324434239602861,-0.34246123,-0.34246117,-5.837066652247813e-08
-0.3405523352538194,-0.3611793,-0.3611793,7.79800413130971e-09
-0.3566704309047777,-0.3792081,-0.3792081,1.2078857414277167e-08
-0.372788526555736,-0.3977521,-0.3977521,-6.189727785876897e-09
-0.3889066222066943,-0.41414,-0.41413993,-5.603820801836079e-08
-0.4045642008390538,-0.42681044,-0.42681038,-6.34013366807018e-08
-0.4204520379807128,-0.43685532,-0.43685532,3.837890616420481e-09
-0.4374911676688687,-0.44729477,-0.44729477,-1.6712951578234936e-09
-0.2192061008530332,-0.18516089,-0.18516092,2.977840424245315e-08
-0.2468371219689617,-0.23902173,-0.23902173,-3.403205883767413e-09
-0.2756194356313873,-0.27294773,-0.27294773,1.3661193842828823e-09
-0.3023294227101182,-0.29338157,-0.29338163,5.823028564888588e-08
-0.3290394097888491,-0.30459875,-0.30459875,1.3160705303327802e-09
-0.3566704309047777,-0.31280088,-0.31280094,5.575317385542178e-08
-0.3826896424556104,-0.32816958,-0.32816958,-4.274291975914224e-09
-0.4059457518948503,-0.35292,-0.35292,4.21524048999089e-09
1.2979672169207437,1.2331918,1.2331917,1.4780120860535817e-07
1.1282666955670824,1.0475283,1.0475284,-1.3309326174493208e-07
0.958335915704122,0.89395547,0.8939555,-3.08685302874423e-08
0.7932405645364488,0.74156404,0.741564,3.541564941311748e-08
0.6279149548594763,0.6037726,0.6037726,-1.9376373283641612e-08
0.4586749505244139,0.45927292,0.45927292,1.0853576926095343e-09
0.2802246058173754,0.29884195,0.29884198,-2.6722412116431116e-08
0.0792089271989951,0.067426845,0.067426845,4.313278206824478e-10
-0.1720031064466552,-0.25696045,-0.25696045,-1.6029357841063074e-09
-0.589001266787877,-0.6211795,-0.6211794,-1.210838317389218e-07
-0.5830145455460923,-0.6096543,-0.60965437,6.263458252053766e-08
-0.5749554977206133,-0.5931008,-0.5931007,-8.62091064091075e-08
-0.5662056743672359,-0.57301456,-0.5730145,-5.7361602801009326e-08
-0.5535414563557687,-0.5559387,-0.5559388,7.929687495522586e-08
-0.5408772383443013,-0.5444252,-0.54442525,6.050491330178431e-08
-0.52591043523984,-0.52724594,-0.52724594,1.2220764400439066e-09
-0.5084107885330853,-0.5116689,-0.511669,7.94830322670137e-08
-0.4897598492798335,-0.4940573,-0.49405736,6.229339599705952e-08
-0.3573612064326759,-0.40820664,-0.40820664,-1.6740417385641138e-09
-0.3771634382324247,-0.4034341,-0.40343404,-5.776687622693899e-08
-0.3942025679205806,-0.3976801,-0.3976801,-3.778839130497147e-09
-0.4096298880436407,-0.40307432,-0.40307426,-6.413101194535642e-08
-0.4225243645644074,-0.422589,-0.422589,-4.039764411878366e-09
-0.4340372900293776,-0.4481904,-0.4481904,8.93630980325355e-09
-0.4423265963641562,-0.4606738,-0.4606738,-9.051513649716014e-09
-0.4492343516431383,-0.46096116,-0.46096122,5.695602417477019e-08
-0.4538395218291264,-0.4504987,-0.4504987,-1.4190676411729441e-10
-0.0193417147811499,-0.011815369,-0.011815369,-1.291809090253615e-10
-0.0672354847154261,-0.061247393,-0.061247453,5.951111602814363e-08
-0.1178923567612951,-0.123355314,-0.123355344,2.986444855301862e-08
-0.1671676777513677,-0.18601547,-0.18601556,8.818393706921945e-08
-0.2173640327786379,-0.23458616,-0.23458616,-4.3552780271127745e-09
-0.2682511633338064,-0.2593649,-0.2593649,-2.97317503950012e-09
-0.3200593279261724,-0.28155988,-0.28155988,-4.548187271247173e-09
-0.3702556829534426,-0.32104778,-0.32104778,-2.8979492139313834e-09
-0.6622234727450876,-0.646708,-0.6467081,8.837280274232029e-08
-0.6523223568452132,-0.64011115,-0.64011115,1.6426086046905652e-09
-0.6325201250454644,-0.62111485,-0.6211148,-5.004425052135275e-08
-0.6092640156062246,-0.5965723,-0.59657234,6.006988528817203e-08
-0.5811724774716972,-0.5634703,-0.56347024,-6.401229857289081e-08
-0.5473244766046848,-0.5231716,-0.52317166,5.63203430559156e-08
-0.5084107885330853,-0.48422027,-0.48422027,3.6578369222439733e-09
-0.4642011547475996,-0.44811374,-0.44811368,-5.9490509018989e-08
-0.4142350582296288,-0.41398466,-0.41398466,3.666076664465834e-09
0.2951914089218367,0.28870612,0.28870612,3.828887928936098e-09
0.2178245497972367,0.2406337,0.2406337,-3.6823272764330284e-09
0.1360827789959481,0.19943239,0.19943239,-2.0519637933258394e-09
0.0497358380086713,0.14091858,0.14091858,2.6778411987837814e-09
-0.0386834295622999,0.071355894,0.071355894,2.0795440369703044e-10
-0.1287145066983671,-0.036953524,-0.036953524,2.4492645411822167e-10
-0.2194363593623325,-0.14134143,-0.14134146,2.7070961000630334e-08
-0.3110792460634956,-0.26696634,-0.26696634,-2.926025366445373e-09
-0.4024918742553592,-0.3873319,-0.38733184,-6.298080446054399e-08
-0.4160771263040241,-0.40665036,-0.40665036,-4.398956310325275e-09
-0.4395634942525633,-0.43136537,-0.43136543,5.9249572748054646e-08
-0.463280120710402,-0.4609148,-0.4609148,9.369659437208355e-09
-0.4595959845616115,-0.47765446,-0.4776544,-5.709228517725151e-08
-0.4607472771081086,-0.46752387,-0.46752387,-2.852325431401681e-09
-0.4593657260523122,-0.4487052,-0.4487052,3.619384791875291e-09
-0.4503856441896354,-0.43343943,-0.4334395,6.64253234639034e-08
-0.4370306506502699,-0.41430944,-0.41430938,-6.204330443848605e-08
-0.4188402284156169,-0.4021901,-0.40219015,6.077423098105328e-08
1.7391425207384028,1.7246677,1.7246678,-1.3165740964105055e-07
1.5749682036079276,1.5661274,1.5661274,1.9471740664300796e-08
1.4073400088379608,1.4062474,1.4062474,-2.2604370153445075e-08
1.236027677919204,1.2333645,1.2333645,-3.714752194738935e-08
1.0541234555726742,1.0387255,1.0387256,-1.0466156008526184e-07
0.8565616545937851,0.79178846,0.7917885,-4.117584229135218e-08
0.6375858122500513,0.57038814,0.5703882,-6.170578004116578e-08
0.3753213701580295,0.2834494,0.2834494,1.1392211896055215e-08
0.0241771434764374,-0.13085772,-0.13085769,-3.097110748417897e-08
-0.5533111978464693,-0.55696076,-0.55696076,-1.5470885683654956e-09
-0.6870913917494232,-0.542977,-0.54297704,6.455902101798472e-08
-1.201488901524293,-1.177605,-1.1776052,1.670791625052459e-07
-1.1413914305971484,-1.1242617,-1.1242617,-3.686981209227724e-08
-1.077379565011914,-1.0727837,-1.0727837,-8.572387688587924e-09
-1.0237293323451528,-1.0211514,-1.0211513,-1.234542845729436e-07
-0.9373823913578762,-0.95992064,-0.95992064,-4.7601318442502816e-09
-0.865081219437863,-0.90521586,-0.90521586,5.868530106312164e-10
-0.7943918570829458,-0.842396,-0.842396,-2.088928219290409e-08
-0.7167947394490466,-0.7489943,-0.7489943,9.171295167753613e-09
-0.6348227101384585,-0.6593917,-0.6593917,-1.2214660394249677e-09
0.8876465533492047,0.8873755,0.88737553,-5.60238647695499e-08
0.6076522060411288,0.6802595,0.6802595,2.5775909406888786e-08
0.3691043904069455,0.5113381,0.5113381,1.473846433786008e-08
0.1687794873164635,0.27607173,0.27607173,-2.7241516264986387e-09
-0.0080590478254791,0.06320684,0.06320681,2.6581230161415448e-08
-0.1568060448328945,-0.12926374,-0.12926371,-3.375820159523535e-08
-0.2901257217172497,-0.2714247,-0.2714247,-1.0750579815255179e-08
-0.3990379966158682,-0.40769947,-0.40769947,4.248352059033067e-09
-0.4892993322612347,-0.5103637,-0.5103638,1.0199432376456485e-07
-0.5051871694028937,-0.45521384,-0.45521384,-4.77615358374095e-09
-0.5302853469165287,-0.4657632,-0.4657632,-1.1250305187449072e-08
-0.5519296467906728,-0.4884417,-0.48844165,-5.5703735346579464e-08
-0.5691990349881282,-0.50733536,-0.5073354,3.518142699387994e-08
-0.5818632529995954,-0.52840114,-0.52840114,3.6016846172159944e-09
-0.5908433348622721,-0.5530917,-0.5530917,-4.845428502875393e-09
-0.5938366954831645,-0.5742753,-0.57427526,-5.4807891891606175e-08
-0.5933761784645656,-0.59708387,-0.5970838,-6.659622187044079e-08
-1.0506695779331832,-1.0409449,-1.0409449,-3.3891296435939466e-08
-1.0165913185568711,-1.0061201,-1.0061202,1.1428375246147482e-07
-0.9781381475038708,-0.9666892,-0.96668947,2.409884644061222e-07
-0.9332377381904868,-0.9294573,-0.9294574,9.313812254774234e-08
-0.882120349126019,-0.8890619,-0.8890619,-2.779541019570786e-08
-0.8231741707453714,-0.84696126,-0.84696126,1.5808110376269724e-10
-0.7614648902531309,-0.7874774,-0.7874774,2.5923156732332586e-08
-0.6817954460355369,-0.7314004,-0.7314004,2.9402160595104476e-08
-0.5910735933715715,-0.6684764,-0.6684764,-2.7595520313283828e-09
0.5982116071598531,0.5856859,0.5856859,8.794403094647407e-09
0.4773258897776657,0.45815414,0.45815414,1.902923596475148e-09
0.3509139681722926,0.31711617,0.31711614,3.112159729923292e-08
0.2240415295483206,0.16470435,0.16470437,-1.7382736194893056e-08
0.0999321930359416,0.03274566,0.03274566,-6.486511258674277e-10
-0.0195719732904493,-0.11455174,-0.11455174,2.095451354100497e-09
-0.1282539896797683,-0.24392469,-0.24392463,-6.227313995021966e-08
-0.2489094485526563,-0.38480175,-0.3848017,-4.541473386243666e-08
-1.2063243302195807,-1.1534976,-1.1534976,2.328643788906959e-08
-1.1471478933296335,-1.1014584,-1.1014584,-3.029022210832011e-08
-1.07507697991892,-1.0458689,-1.045869,1.2640380853135014e-07
-0.9986311548315177,-0.99322736,-0.99322736,-2.6327514612844993e-09
-0.9302443775695944,-0.9289501,-0.92894995,-1.2133483884291252e-07
-0.8551801035379887,-0.86383295,-0.8638332,2.494079589521192e-07
-0.7814973805621791,-0.78589857,-0.78589857,3.753967248165679e-09
-0.7020581948538847,-0.6958594,-0.69585925,-1.2261581416872502e-07
-0.6145599613201109,-0.5953877,-0.59538764,-5.7219848637046766e-08
-0.5394956872885049,-0.55479306,-0.554793,-5.982589723618759e-08
-0.5394956872885049,-0.53688926,-0.53688914,-1.1504684449548108e-07
-0.5341997415746187,-0.531324,-0.531324,-2.8968811016660823e-08
-0.5268314692770377,-0.52549076,-0.52549076,-8.032227105658762e-10
-0.5137067342469717,-0.5212738,-0.5212738,8.209991464447342e-09
-0.4992004481611091,-0.5184409,-0.5184408,-1.0223312374435523e-07
-0.4833126110194502,-0.50586176,-0.50586176,8.142090335283569e-10
-0.4671945153684919,-0.49065912,-0.49065912,2.3013305705532616e-09
-0.5767975657950085,-0.5658306,-0.5658306,1.1659240684025463e-08
-0.5735739466648168,-0.5523236,-0.5523236,2.021179201783241e-08
-0.569659552006727,-0.5400176,-0.5400176,-4.82788087285968e-09
-0.5629820552370443,-0.5323158,-0.5323158,9.346771245866137e-09
-0.5546927489022657,-0.5258853,-0.5258852,-8.394699091418545e-08
-0.5466337010767865,-0.52250487,-0.52250475,-1.1612319950060623e-07
-0.5348905171025169,-0.51170933,-0.51170945,1.1753387452184683e-07
-0.520153972507355,-0.5026428,-0.50264275,-6.034469601789993e-08
-0.6131784102643144,-0.61207294,-0.6120729,-4.464111325042097e-08
-0.6055798794574341,-0.597055,-0.59705514,1.2205184940494718e-07
-0.5989023826877513,-0.589604,-0.5896041,7.988128658542593e-08
-0.5887710082785775,-0.5766334,-0.5766334,6.235504113050183e-09
-0.5747252392113138,-0.55141526,-0.55141526,-4.606475867419135e-09
-0.5581466265417567,-0.52468204,-0.524682,-4.4982910174518054e-08
-0.5397259457978043,-0.51241297,-0.51241297,4.702300993031372e-09
-0.5208447480352532,-0.50186837,-0.50186837,2.8048705580374644e-09
-0.6256123697664823,-0.653918,-0.65391815,1.221221923586313e-07
-0.6113363421899192,-0.6567443,-0.65674436,5.868087771254693e-08
-0.5963695390854579,-0.6540837,-0.6540837,-2.879028315749821e-08
-0.579330409397302,-0.65339655,-0.6533965,-4.68406676779054e-08
-0.5618307626905472,-0.6363037,-0.6363037,-2.2858428927463592e-08
-0.5431798234372954,-0.6036218,-0.6036217,-8.087234493192597e-08
-0.5238381086561454,-0.5674636,-0.5674636,2.320632930263855e-08
-0.5042661353656961,-0.5307831,-0.53078306,-5.681747439201246e-08
-0.4386424602153657,-0.44907856,-0.44907862,6.012451170267497e-08
-0.4494646101524377,-0.47555774,-0.47555768,-6.450302125760032e-08
-0.4602867600895097,-0.50627065,-0.5062705,-1.470489502386485e-07
-0.4697273589707853,-0.5431504,-0.5431504,-2.495727535745118e-08
-0.4777864067962645,-0.56087136,-0.5608714,3.731384279337391e-08
-0.4846941620752466,-0.57515806,-0.5751582,1.4040298457196343e-07
-0.4899901077891329,-0.5491064,-0.5491065,8.091354375405757e-08
-0.494595277975121,-0.50605595,-0.50605595,-1.1184692061405599e-09
0.5606794701440502,0.38220263,0.38220263,-4.725341784528325e-09
0.6516315813173149,0.40264207,0.40264207,1.2471008115078064e-09
0.7278471478954179,0.44476193,0.44476193,1.896209689267181e-09
0.8049837485107185,0.48244816,0.48244822,-5.93516540359218e-08
0.8777454374493303,0.52747023,0.52747023,1.0562133390124018e-09
0.9383034253950736,0.6105103,0.6105103,-1.0330963085003475e-08
0.9836643517270564,0.6916976,0.6916976,-2.4963379141595965e-09
1.003927100545404,0.78680325,0.78680336,-1.1445556635791831e-07
1.0202754547056618,0.8782282,0.87822825,-6.243896488733469e-08
-0.2940401163753396,-0.58625114,-0.58625114,3.591918984469089e-10
-0.0658539336596297,-0.52468294,-0.5246829,-3.905258183500848e-08
0.1010834855824386,-0.44079387,-0.44079387,-1.8795776601798764e-09
0.2318703188645004,-0.35329258,-0.35329258,-4.419250465570457e-09
0.3347958725213343,-0.20824067,-0.2082407,2.7054023743477984e-08
0.4400240112711621,0.011908233,0.011908263,-2.983425903373138e-08
0.5470942180953853,0.25865906,0.25865906,4.769744876842452e-09
0.6997556097608906,0.46591932,0.46591926,5.581497192208573e-08
0.8505749333520005,0.725774,0.72577405,-5.984573359096856e-08
0.8462000216753118,0.7226722,0.7226723,-7.595520024050728e-08
1.254448358663156,1.1156179,1.1156179,-2.8715515076882525e-08
1.3808602802685292,1.2792857,1.2792857,-3.067321774352649e-08
1.405267682254266,1.2589271,1.2589271,6.857299839069242e-09
1.3711894228779544,1.239894,1.2398942,-1.6752166742683983e-07
1.2724085223885098,1.2422832,1.2422833,-7.494049070189135e-08
1.169482968731676,1.2291802,1.2291802,1.6789245549375664e-08
1.042610530107704,1.1594825,1.1594826,-1.2090454104551895e-07
0.9205735201790196,1.0803514,1.0803514,-4.730834968214026e-08
-0.6279149548594763,-0.61057085,-0.61057097,1.2201187138405345e-07
-0.6124876347364162,-0.59219056,-0.59219056,-3.678741422596943e-09
-0.5961392805761585,-0.56023073,-0.56023073,-1.964111318031314e-09
-0.5788698923787031,-0.5339941,-0.5339941,2.136383059347935e-08
-0.5606794701440502,-0.5113432,-0.5113431,-8.113327021330718e-08
-0.5424890479093972,-0.4830323,-0.48303235,6.38328552238221e-08
-0.5219960405817502,-0.46263057,-0.46263063,6.006515501644216e-08
-0.5001214821983068,-0.4573866,-0.4573866,-1.2892150902388266e-08
-0.475253563193971,-0.4508872,-0.4508872,-3.2165527463767773e-09
-0.5070292374772889,-0.5079603,-0.50796044,1.204809569887999e-07
-0.5021938087820014,-0.49524474,-0.49524486,1.1856018067302188e-07
-0.500812257726205,-0.4919561,-0.4919561,-1.4768981926316371e-08
-0.4975886385960132,-0.48870122,-0.48870122,-4.327087410604946e-09
-0.4943650194658217,-0.48146898,-0.4814691,1.2445602415311896e-07
-0.4904506248077317,-0.4679612,-0.46796113,-6.213104247754231e-08
-0.483773128038049,-0.43324548,-0.43324548,-6.057737644837857e-11
-0.4759443387218692,-0.42163682,-0.42163682,1.6052248419384796e-10
-0.4646616717661985,-0.42959213,-0.42959213,-2.5683593585235087e-09
-1.20264019407079,-1.1621455,-1.1621455,4.585266166756696e-09
-1.126885144511286,-1.0698005,-1.0698006,1.0389862059589916e-07
-1.0541234555726742,-0.98894227,-0.9889425,2.3448944086457146e-07
-0.9779078889945714,-0.907614,-0.9076141,1.0730895994015555e-07
-0.8977779277583785,-0.8293196,-0.8293196,3.70941166671912e-09
-0.8107402112432036,-0.74195266,-0.74195266,2.3004150806471557e-09
-0.7213999096350346,-0.65467495,-0.65467495,2.738189675000058e-09
-0.6345924516291591,-0.56773317,-0.5677332,3.139801030282996e-08
-0.5473244766046848,-0.47277594,-0.47277594,3.873291021250225e-09
1.0497485438959857,1.1187798,1.1187798,-2.1519470205788593e-08
1.0911950755698785,1.1318283,1.1318283,8.105468740637889e-09
1.114451185009118,1.0840759,1.0840758,1.27734375077182e-07
1.120668164760202,1.0116411,1.0116411,4.4752502370570824e-08
1.11376040948122,0.91013855,0.91013855,-2.579498281640724e-09
1.0783005990491117,0.8048509,0.80485094,-6.366867066898152e-08
1.0188939036498654,0.72133386,0.72133386,1.3510131902094713e-09
0.9281720509859,0.6814925,0.6814925,7.457733208759976e-09
0.7656095434205203,0.6481072,0.64810723,-5.8941345248975097e-08
2.456167518696749,2.4046888,2.4046888,3.514404278703864e-08
2.2668950240526384,2.2194653,2.2194653,-4.426269528678972e-08
2.0859118357433064,1.9379401,1.9379401,2.0697021430038376e-08
1.8805212454482367,1.5249093,1.5249093,-4.21112060777773e-08
1.561613210068562,1.1853461,1.1853462,-7.344360342109724e-08
1.294052822262654,0.8903774,0.89037734,6.230560301023758e-08
1.1278061785484836,0.69529116,0.6952912,-3.846282958797076e-08
0.8770546619214321,0.542334,0.542334,2.0137786882479247e-08
0.7117290522444596,0.4311824,0.43118238,3.4293289208342514e-08
1.686413322108839,1.6519623,1.6519623,-1.972656260562644e-08
1.621940939505006,1.5343134,1.5343136,-1.5967712396758316e-07
1.5425017537967114,1.4253618,1.425362,-2.474899292170818e-07
1.4503983500769495,1.2963413,1.2963413,1.0681233675313706e-11
1.3375716805202411,1.1746217,1.1746217,1.240539448943423e-09
1.2072453642567782,1.0389867,1.0389867,-1.7108154226619376e-08
1.0649456055097464,0.90282804,0.90282804,-2.261200005015951e-09
0.917349901048828,0.78041905,0.780419,5.164718630545906e-08
-0.7672213529856161,-0.47478932,-0.47478932,-1.4225768896203306e-09
-0.684098031128531,-0.33674306,-0.33674306,3.2258605786594785e-09
-0.5659754158579364,-0.22291745,-0.22291751,5.7545433057581974e-08
-0.4374911676688687,-0.11527155,-0.11527155,-3.3971786495001766e-09
-0.2832179664382676,-0.016345441,-0.016345441,-3.414001477353157e-10
-0.1084517578800195,0.07832901,0.078329,1.17979049724104e-08
0.0545712667039588,0.19379716,0.19379717,-1.3785285940537406e-08
0.2074629168787635,0.29165986,0.29165986,1.8030548165626215e-09
0.3589730159977717,0.37047172,0.37047172,-4.072875980920543e-09
-0.1851278414767213,-0.26784807,-0.26784813,5.556381227345142e-08
0.1459838948958225,0.012343094,0.012343094,-2.471389776853572e-10
0.3935117923926824,0.21180113,0.21180113,-3.400688175503319e-09
0.569659552006727,0.39420033,0.39420033,-4.987792956434589e-09
0.66130243870789,0.54462487,0.54462487,-4.944915810156658e-09
0.7108080182072619,0.7022291,0.702229,8.258438111141686e-08
0.7232419777094298,0.76114863,0.7611487,-6.842727662270676e-08
0.7207091341071363,0.77059245,0.77059245,1.0955810703094926e-09
0.7151829298839506,0.71389276,0.71389276,-2.1073913725189186e-09
0.9433691125996606,0.84919,0.8491899,9.671936029853612e-08
1.455233778772237,1.0071113,1.0071113,1.095886226210041e-08
1.4494773160397518,0.98058623,0.98058623,7.548522917844025e-10
1.302111870088133,0.8899371,0.88993716,-5.720535278808114e-08
1.1128393754440224,0.8087202,0.80872023,-5.854843143637822e-08
0.9113631798070432,0.7493766,0.7493766,-4.979705758856312e-09
0.7094264671514655,0.66855085,0.6685509,-5.10391234831431e-08
0.5141672512655704,0.5203398,0.52033985,-6.299362187434099e-08
0.3315722533911426,0.3460213,0.3460213,-5.4061889409595665e-09
2.5436657522305226,1.0412312,1.041231,1.5539550779486433e-07
3.10941090957916,1.7936304,1.7936302,1.6155700688358365e-07
3.3514126028528337,2.3206556,2.3206556,-1.5664672670112623e-08
3.4419041970075,2.6951902,2.6951902,-8.731078970924955e-09
3.429700496014632,2.8361926,2.8361926,7.879638719288096e-09
3.359932167696912,2.870358,2.870358,-9.735107386887876e-09
3.272203675653839,2.860415,2.8604145,4.818420409335999e-07
3.177567428331783,2.8182044,2.818204,4.0292358383098303e-07
3.052767316291506,2.7384984,2.738498,4.4932556164667403e-07
-1.0736954288631235,-1.1844456,-1.1844457,8.041687005189146e-08
-1.092806885134974,-1.1910856,-1.1910856,2.2988891679176504e-08
-1.1082342052580345,-1.1991999,-1.1992,8.506774906713588e-08
-1.1213589402881003,-1.2182868,-1.2182869,1.472991943973767e-07
-1.1321810902251723,-1.2408575,-1.2408576,1.1804351807143121e-07
-1.1418519476157474,-1.2564327,-1.2564328,1.4752655030925155e-07
-1.151292546497023,-1.2587109,-1.2587107,-1.612060547273586e-07
-1.1595818528318016,-1.2554833,-1.2554832,-6.969146726376607e-08
-1.1669501251293826,-1.2502606,-1.2502605,-9.150695801096731e-08
-0.9965588282478232,-1.0204226,-1.0204227,1.221420287134123e-07
-1.047215700293692,-1.0479615,-1.0479615,2.6535034169938854e-08
-1.0951094702279682,-1.0718039,-1.0718039,-2.7421569903651744e-08
-1.1397796210320528,-1.0926023,-1.0926024,1.4703979500652054e-07
-1.1800748601594484,-1.1210467,-1.1210467,3.766937251015179e-08
-1.2157649291008563,-1.1454022,-1.1454024,2.0693054203491101e-07
-1.2468498278562758,-1.1769892,-1.1769892,2.268981891262456e-09
-1.2747111074815038,-1.2173023,-1.2173024,7.761230458314117e-08
-1.2979672169207437,-1.2532334,-1.2532334,-3.2769775337726514e-08
0.6474869281499257,0.6870956,0.6870956,-1.7514801053941653e-08
0.4777864067962645,0.48265487,0.48265487,-4.4357301165476315e-10
0.3044017492938129,0.30538636,0.30538636,4.4599914317267064e-09
0.1142082206125046,0.09274409,0.09274409,-3.369712842093975e-10
-0.0865771994965761,-0.1104555,-0.1104555,1.9006729107262643e-09
-0.2997965791078248,-0.31679237,-0.3167923,-6.888885495381913e-08
-0.528673537351433,-0.5549343,-0.5549344,7.716598515727924e-08
-0.7734383327366999,-0.8204678,-0.8204677,-1.2970428464598172e-07
-1.0292555365683385,-1.0409422,-1.0409422,7.92236320990014e-09
-0.2793035717801778,-0.33544636,-0.3354463,-5.77270508062e-08
-0.4146955752482277,-0.44456106,-0.44456106,-4.24331664250488e-09
-0.5399562043071038,-0.57552415,-0.5755241,-5.132522584716526e-08
-0.6626839897636864,-0.69711703,-0.69711703,-6.205749247811809e-10
-0.7715962646623048,-0.8140876,-0.8140875,-1.2931823734074754e-07
-0.8991594788141749,-0.9103786,-0.9103787,1.2467498777812835e-07
-1.0115256313522845,-0.99037695,-0.99037707,1.2068969723610934e-07
-1.12918772960428,-1.0746562,-1.0746564,1.5190734869996447e-07
-1.2226726843798383,-1.1837003,-1.1837002,-1.231048583072436e-07
-0.2189758423437337,-0.23092414,-0.23092411,-3.438724519022607e-08
-0.3458482809677057,-0.34801084,-0.34801078,-5.8031768779276405e-08
-0.4747930461753722,-0.43812698,-0.43812704,5.8741607689150044e-08
-0.6016654847993441,-0.5387997,-0.5387997,-3.1211853102064424e-09
-0.7243932702559268,-0.6521478,-0.6521478,-2.9532623235795086e-08
-0.8406738174521261,-0.7649343,-0.7649344,9.862365724089273e-08
-0.952118935953038,-0.90582716,-0.90582716,-4.649963414316005e-09
-1.0575773332121652,-1.0366615,-1.0366614,-1.0569915764868654e-07
-1.1568187507202086,-1.1457245,-1.1457247,1.6501159660897713e-07
-0.5385746532513074,-0.5210981,-0.5210981,2.2702789315154348e-08
-0.6362042611942549,-0.60881066,-0.6088107,3.6776733436383324e-08
-0.7289984404419149,-0.70308334,-0.70308334,3.6466979436156066e-09
-0.8234044292546707,-0.78793967,-0.78793967,2.298278789503172e-09
-0.9097513702419476,-0.88245463,-0.88245463,-3.7127685370563768e-09
-0.986887970857248,-0.97510874,-0.9751086,-1.4271392823062e-07
-1.068169224639938,-1.0609806,-1.0609806,4.16046141982207e-08
-1.1508320294784242,-1.1504878,-1.1504877,-8.057098388469797e-08
-1.2247450109635332,-1.2408727,-1.2408725,-2.4074554438868745e-07
-0.3905184317717902,-0.34335244,-0.34335244,2.980651836459458e-09
-0.4957465705216181,-0.46621966,-0.46621966,-3.6199951369830785e-09
-0.6014352262900448,-0.57618254,-0.5761826,5.576858519429351e-08
-0.7075843990770704,-0.674243,-0.67424303,5.667236324669034e-08
-0.8151151229198922,-0.7740355,-0.7740355,-1.3401031506710126e-08
-0.9175801595581272,-0.8688396,-0.8688396,-2.1543884232144705e-08
-1.0126769238987814,-0.9557935,-0.9557936,1.0005340578267408e-07
-1.1047803276185433,-1.0425344,-1.0425344,4.865112313012787e-08
-1.1943508877360118,-1.1343043,-1.1343043,1.4950561455506772e-08
-0.3262763076772563,-0.36786288,-0.36786294,5.977005007595793e-08
-0.4393332357432639,-0.5282726,-0.52827257,-5.8784179635118505e-08
-0.5482455106418823,-0.6654651,-0.665465,-1.1650085451897496e-07
-0.6543946834289078,-0.7779283,-0.7779283,7.2486877611410705e-09
-0.7568597200671429,-0.8456763,-0.8456764,9.709014892056445e-08
-0.8556406205565874,-0.9018178,-0.9018179,1.0138549799698637e-07
-0.9525794529716368,-0.9805397,-0.98053956,-1.1952728273811886e-07
-1.046524924765794,-1.0637404,-1.0637403,-7.265777579590349e-08
-1.1372467774297592,-1.1399624,-1.1399623,-1.347686766628442e-07
1.1989560579219998,1.260113,1.2601129,1.0086975099632411e-07
0.883271641672516,0.97882885,0.97882885,-2.59170529481878e-09
0.5786396338694038,0.6940515,0.69405156,-5.58648681758811e-08
0.2654880612222134,0.35152662,0.35152662,-1.9961547970126503e-09
-0.0320059327926172,0.08837612,0.088376135,-1.5267143244068748e-08
-0.2765404696685849,-0.16481592,-0.16481592,2.388877873293893e-09
-0.522456557600349,-0.4306659,-0.4306659,-1.0243988046720887e-08
-0.7907077209341553,-0.7324103,-0.7324103,-1.1698913615632023e-08
-1.0725441363166266,-0.9903034,-0.9903033,-9.717864990488323e-08
-0.4117022146273353,-0.35479742,-0.35479748,5.711410522302174e-08
-0.5176211289050615,-0.4524889,-0.45248896,6.076904296437036e-08
-0.6230795261641888,-0.54916114,-0.54916114,3.849639940156635e-09
-0.7250840457838251,-0.63665235,-0.63665235,-4.25720236840732e-10
-0.821792619689575,-0.72258794,-0.72258794,-3.0770873626906337e-09
-0.9189617106139236,-0.81874573,-0.81874585,1.1769256591520616e-07
-1.006229685638398,-0.93630695,-0.93630695,-3.4301758100596658e-09
-1.0905043000419803,-1.0543635,-1.0543635,1.0848999032475604e-08
-1.170173744259574,-1.1566893,-1.1566893,1.3768005402425842e-08
-0.2687116803524051,-0.34807712,-0.34807712,1.6032409844157769e-09
-0.3939723094112812,-0.4579103,-0.45791036,6.069885255532981e-08
-0.5086410470423848,-0.54805523,-0.54805535,1.1842880254242516e-07
-0.627224179331578,-0.6335034,-0.6335033,-7.743759156131347e-08
-0.7462678286393702,-0.740352,-0.74035186,-1.1496414187295301e-07
-0.8533380354635933,-0.85023963,-0.8502395,-1.3451385494356316e-07
-0.9456716976926548,-0.9668822,-0.96688247,2.411486816900066e-07
-1.027873985512542,-1.0627726,-1.0627726,-3.164520268050808e-08
-1.1181353211579086,-1.1584914,-1.1584914,2.6937866159926216e-08
-0.162792766074679,-0.22727309,-0.22727312,2.832614898196084e-08
-0.3271973417144539,-0.41897148,-0.41897148,1.060943610742271e-09
-0.481470542945055,-0.5514082,-0.5514081,-7.165374760198517e-08
-0.627684696350177,-0.64139616,-0.64139616,-4.894104010944034e-09
-0.7607741147252328,-0.7197257,-0.7197256,-1.2803497317914747e-07
-0.8765941449028333,-0.8159969,-0.815997,1.1470031735516528e-07
-0.9769868549573736,-0.9176111,-0.9176111,-2.213134764339486e-08
-1.0663271565655428,-1.0074307,-1.0074307,2.735443116463898e-08
-1.1453058252552384,-1.097698,-1.0976981,1.26748657125475e-07
0.7702147136065084,0.7963862,0.7963862,-1.7691803022579222e-08
0.5017332917634026,0.5295848,0.5295849,-7.496109011295715e-08
0.2765404696685849,0.29880452,0.29880452,1.560668927425013e-09
0.0271705040973297,0.08966866,0.08966866,1.3559722927825035e-09
-0.2357847135225903,-0.09578325,-0.09578319,-5.854373931468704e-08
-0.499660965179708,-0.29020905,-0.29020905,-4.946899390123605e-09
-0.7522545498811548,-0.56577754,-0.56577754,-2.0690915647492147e-10
-0.9809012496154637,-0.86943686,-0.86943686,-8.453371336258897e-11
-1.1745486559362628,-1.1595366,-1.1595366,-1.1291501067489662e-10
0.2076931753880629,0.3864318,0.38643178,3.324005126703611e-08
-0.0274007626066291,0.1694251,0.1694251,8.81195116875233e-11
-0.2302585092994046,-0.047786787,-0.047786787,-1.5229034699970612e-10
-0.4013405817088622,-0.22363515,-0.22363515,-1.9823074293157106e-09
-0.6048891039295359,-0.42283857,-0.42283857,1.3125610598407889e-09
-0.8487328652776053,-0.63392943,-0.63392943,-1.438446028956264e-09
-0.6778810513774471,-0.6793486,-0.6793486,1.2010192840250511e-08
-0.7713660061530054,-0.75644195,-0.75644195,-7.980346383718029e-10
-0.8563313960844857,-0.8301003,-0.8301002,-9.792785649054281e-08
-0.9419875615438642,-0.8947154,-0.8947154,-2.835235590747942e-08
-1.023268815326554,-0.95117533,-0.95117545,1.1793060306075631e-07
-1.102708001034849,-1.0109727,-1.0109729,1.6173400885222122e-07
-1.1835287377989396,-1.0756867,-1.0756867,6.808471786357018e-09
-1.2459287938190784,-1.1454744,-1.1454744,-3.389892588856469e-08
-1.2965856658649473,-1.2163285,-1.2163284,-1.0170135489318e-07
-0.5514749223657114,-0.6074843,-0.60748434,5.8936920122043546e-08
-0.6998096069158585,-0.73824084,-0.7382407,-1.3805084231321985e-07
-0.8805417420304114,-0.8922156,-0.8922157,9.044952387071703e-08
-0.2221060709331465,-0.3245437,-0.3245437,-1.4523315439163298e-08
-0.5056110380148621,-0.6123858,-0.6123858,-9.42153932648182e-09
-0.6710600774120061,-0.7289402,-0.7289403,1.111152648780589e-07
-0.8583283032573956,-0.86535907,-0.86535907,2.08312989080639e-09
-1.0750172459140344,-1.0327628,-1.0327626,-1.6588439932796462e-07
-0.8314716580280018,-0.7459621,-0.7459621,1.66603087992101e-08
-0.9260696717305992,-0.77535015,-0.77535015,-3.446197549550334e-09
-0.9938152339946128,-0.82312226,-0.82312214,-1.229547119674379e-07
-1.070722068561032,-0.9349724,-0.9349723,-1.0543365480675249e-07
-1.1572587895782696,-1.0915122,-1.0915122,-3.2165528018879286e-09
-0.5111738906446782,-0.47548187,-0.47548187,2.2097778051843875e-09
-0.6290662474059734,-0.5386861,-0.5386861,3.33175653732809e-09
-0.7377482637952923,-0.6258653,-0.6258653,1.9371795612066478e-08
-0.8353778717382399,-0.70760614,-0.70760614,3.201141351993897e-09
-0.9221853297441156,-0.7778498,-0.7778498,6.5658569692317315e-09
-1.001394256943111,-0.8530221,-0.8530221,1.458740239712597e-09
-1.0656363810376444,-0.938346,-0.93834615,1.2167205809543447e-07
-1.1413914305971484,-1.0241436,-1.0241437,1.2337799071282518e-07
-1.1989560579219998,-1.1181823,-1.1181821,-2.0152130120187906e-07
0.2096503727171078,0.10468704,0.10468703,1.2534351348514328e-08
0.0017269388197455,-0.065381005,-0.065381005,-4.0637969378476413e-10
-0.1911145627185058,-0.23776521,-0.23776515,-5.788669585338191e-08
-0.3862586493497512,-0.36882865,-0.36882865,-4.289245625344051e-09
-0.5573407217592088,-0.5356596,-0.5356597,8.877487178704513e-08
-0.7189821952873908,-0.6650248,-0.66502476,-5.698989868907489e-08
-0.8733705257726416,-0.8108716,-0.8108715,-1.0110473636082418e-07
-1.0018547739617094,-0.96739674,-0.96739674,3.854980445971989e-09
-1.1387434577402056,-1.1205765,-1.1205765,-8.926390737684642e-10
0.2893198169347019,0.24015835,0.24015835,-7.244110034054785e-10
0.0960177983778517,0.044935122,0.044935122,1.3230132961394858e-10
-0.0967085739057499,-0.1190369,-0.1190369,1.983070374578233e-09
-0.2882836536428545,-0.26105946,-0.26105946,-3.024139383356328e-09
-0.4731812366102764,-0.43012553,-0.43012547,-6.453445433596272e-08
-0.6482928329324735,-0.5823483,-0.5823483,1.2894439738175834e-08
-0.812467150062949,-0.7538898,-0.7538898,8.819580621377554e-10
-0.9690429363865444,-0.945081,-0.9450809,-9.555969238128625e-08
-1.097066667557013,-1.1107295,-1.1107293,-1.5594787594608306e-07
-0.3994533304702529,-0.49400127,-0.49400133,6.065948487954387e-08
-0.6024017116872005,-0.74454117,-0.74454117,1.7871093493937451e-09
-0.7711809944790854,-0.8733722,-0.8733722,2.8488159609096897e-09
-0.902372894272274,-0.9714892,-0.9714891,-9.105529785724542e-08
-1.0954059806716945,-1.0999638,-1.0999638,1.578216557440726e-08
-0.2730865920290938,-0.26141882,-0.26141882,5.725097618203279e-10
-0.4239059156202038,-0.37957823,-0.37957823,-2.7651977374532066e-09
-0.556074299958062,-0.48512298,-0.48512292,-5.868728636393428e-08
-0.6739666567193573,-0.58492666,-0.58492655,-1.1482925410533085e-07
-0.7835697071458738,-0.7080375,-0.7080375,4.386901841790802e-09
-0.884422934219013,-0.8346406,-0.8346406,-2.2138977096020085e-08
-0.9751447868829785,-0.9486942,-0.9486941,-1.2912597657788183e-07
-1.05964965979586,-1.0373553,-1.0373552,-1.0376434333991824e-07
-1.1411611720878492,-1.1191164,-1.1191164,-2.5514221180245045e-08
-0.9986311548315177,-0.8941654,-0.8941655,1.0330963129412396e-07
-1.0419197545798058,-0.95701265,-0.95701265,-3.3508300578688477e-09
-1.0776098235212137,-1.028257,-1.0282568,-2.1236724845330457e-07
-1.104089552090645,-1.0827099,-1.08271,9.151458746359253e-08
-1.1303390221507772,-1.122306,-1.122306,1.0734558131275662e-08
-1.1515228050063224,-1.1422567,-1.1422567,-3.67553711910773e-08
-1.1720158123339697,-1.1586243,-1.1586243,8.580017141213148e-09
-0.6583090780869977,-0.61583036,-0.61583036,-1.8431091097781405e-09
-0.7223209436722321,-0.67790675,-0.67790675,-1.6326904273000764e-09
-0.7902472039155566,-0.7397514,-0.7397513,-9.856338500924267e-08
-0.8620878588169708,-0.8130883,-0.8130884,1.0215606693897428e-07
-0.9343890307369838,-0.89490354,-0.89490354,-6.112670369873285e-10
-1.0041573590547035,-0.97651446,-0.97651434,-1.1865631099894358e-07
-1.0677087076213392,-1.0543988,-1.0543989,1.248992920199754e-07
-1.1218194573066993,-1.1170233,-1.1170233,-4.880828852193986e-08
-1.157509526248107,-1.1654783,-1.1654782,-1.4873199472020815e-07
0.3997287721437664,0.5427413,0.5427413,-1.3244628727093755e-09
0.1966407669416915,0.42028558,0.42028558,2.5424194416423518e-09
-0.0161180956509583,0.2987244,0.2987244,1.2918090819269423e-08
-0.1971012839602903,0.063996986,0.063996986,-4.4530487630645155e-10
-0.4006498061809639,-0.16398309,-0.16398306,-3.171199797202817e-08
-0.5567650754859602,-0.3866917,-0.3866918,1.1050872800177913e-07
-0.7082751746049685,-0.6044604,-0.6044605,8.177566523936974e-08
-0.9182709350860256,-0.79857194,-0.7985717,-2.442367553756597e-07
-1.0456038907285965,-0.9751003,-0.9751003,2.1145629913732478e-08
-0.7257748213117232,-0.72817,-0.72817,2.233505247417611e-08
-0.8084376261502095,-0.7965429,-0.7965429,1.7080688530235477e-08
-0.8775151789400308,-0.8627882,-0.8627881,-1.0037841802201797e-07
-0.9484347998042476,-0.93052924,-0.93052924,3.2064819688315538e-09
-1.003927100545404,-0.97947586,-0.97947586,4.172668433000126e-09
-1.068169224639938,-1.033687,-1.033687,4.493713401387822e-09
-1.1181353211579086,-1.0732284,-1.0732286,2.407775878676688e-07
-1.1669501251293826,-1.1284748,-1.128475,1.6841888417218343e-07
-1.2093176908404728,-1.1815324,-1.1815325,1.1703491220593776e-07
0.941296786015966,0.9082528,0.9082527,7.566909787648513e-08
0.9465927317298524,0.9186487,0.9186487,1.978759767151672e-08
0.9712303922248886,0.9300169,0.9300169,-2.4732971226626432e-08
0.9921839165711344,0.95973015,0.9597302,-5.168457029025575e-08
1.0241898493637516,0.9945964,0.9945965,-7.828140258236971e-08
1.068169224639938,1.0301268,1.0301268,1.007385264095717e-08
1.1153722190463158,1.0729262,1.0729263,-1.363265991205509e-07
1.1676409006572808,1.1356947,1.1356947,4.220275884314617e-08
1.2427051746888864,1.2165948,1.2165948,1.525421144954464e-08
1.0879714564396867,1.1508718,1.1508719,-1.4630737310561415e-07
1.04030794501471,1.1058575,1.1058574,9.14932249962419e-08
1.026031917438147,1.0748641,1.0748643,-1.5090637206505164e-07
1.0138282164452783,1.0513942,1.0513942,2.41668700606823e-08
1.0103743388057873,1.0583558,1.0583558,8.258056682919346e-09
1.0322488971892307,1.0929016,1.0929016,-1.2513732938757016e-08
1.0693205171864348,1.1478549,1.1478548,1.2420196537910044e-07
1.1296482466228788,1.22674,1.22674,2.632141171687863e-09
1.219218806740347,1.2994181,1.299418,9.177398685444871e-08
-0.8072863336037125,-0.78061414,-0.78061414,2.3504638235749553e-09
-0.6046588454202364,-0.5753883,-0.5753883,-1.2339782751169537e-08
-0.3780844722696224,-0.32312834,-0.32312834,-2.6284789900188343e-09
-0.1250303705495767,-0.06310578,-0.06310578,3.093986511437663e-09
0.1397669151447385,0.20799221,0.20799221,9.842300308093854e-10
0.3983472210879699,0.47630745,0.47630745,1.7250060824203217e-09
0.6606116631799918,0.69662344,0.69662344,4.557189958731556e-09
0.9019225809257676,0.92220205,0.922202,5.068588260215279e-08
1.1172142871207111,1.1336006,1.1336006,-7.386779854456904e-09
-0.314763382212286,-0.27429432,-0.27429438,6.323135376407052e-08
-0.1920355967557034,-0.17348652,-0.17348658,6.41203689588643e-08
-0.040986014655294,-0.06071852,-0.06071852,-1.4757919331032099e-09
0.1227277854565826,0.07745136,0.07745135,1.3205909726865528e-08
0.2972637355055313,0.21303529,0.21303529,-4.527130115228317e-09
0.4844639035659472,0.42077428,0.42077428,1.0249328608047392e-09
0.6822559630541358,0.627273,0.627273,2.312850955199508e-08
0.8862650022934083,0.84966916,0.8496693,-1.4154129024390727e-07
1.0916555925884772,1.0752538,1.0752538,4.426116939626468e-08
1.2051730376730836,1.1664135,1.1664135,4.560852051582742e-08
1.1849102888547358,1.1149997,1.1149998,-1.4809112558467064e-07
1.166259349601484,1.0741863,1.0741863,2.5073242149176167e-08
1.1494504784226276,1.0674717,1.0674717,4.2630004859489645e-08
1.134253416808867,1.0638845,1.0638845,-3.3111571262622874e-09
1.1208984232695016,1.0616786,1.0616786,4.799499508933991e-08
1.109155239295232,1.0547439,1.054744,-1.1400604238431811e-07
1.0990238648860582,1.053784,1.053784,1.2794494574919213e-08
1.0907345585512795,1.0557773,1.0557773,1.1325073323575907e-08
-0.3342202262480858,-0.33262074,-0.33262062,-1.1993682863531419e-07
-0.2027426174381257,-0.18755473,-0.1875547,-3.196506501157437e-08
-0.0520384231016654,-0.0393707,-0.03937067,-3.071697234763304e-08
0.1038465876940314,0.10528016,0.105280176,-1.509606933902674e-08
0.2829877079289682,0.2513571,0.25135714,-3.164543149747345e-08
0.4711089100265818,0.4614012,0.4614012,-5.665969859958153e-09
0.6693614865333692,0.67502743,0.6750275,-6.99424743677568e-08
0.8813144443434711,0.9234583,0.9234583,-2.1820831253016593e-08
1.0961456335198156,1.139525,1.139525,5.588531504230332e-08
-0.2277256656971111,-0.24200918,-0.24200912,-5.7803993230853834e-08
-0.1082214993707201,-0.14274497,-0.14274497,-3.301887513407209e-09
0.0264797285694315,-0.018623143,-0.018623114,-2.9434524536492424e-08
0.1759175011047451,0.1648266,0.1648266,1.7436981303298182e-09
0.3391707841980229,0.39451915,0.39451912,3.025711059478908e-08
0.5157790608306663,0.5576467,0.55764675,-5.820083615049043e-08
0.7041305214375793,0.6859453,0.68594533,-5.7554321308828094e-08
0.9023830979443668,0.840649,0.840649,8.750915547750537e-09
1.1098460148231302,1.0694488,1.0694487,1.286972046710133e-07
-0.8726797502447434,-0.8888141,-0.8888142,1.083175659166713e-07
-0.7902472039155566,-0.75149286,-0.75149286,2.0669556066721384e-09
-0.5972905731226555,-0.5860603,-0.5860603,1.4431762673794424e-08
-0.3868342956229997,-0.39293778,-0.39293784,6.057342527565623e-08
-0.1436813098028284,-0.18389614,-0.18389611,-2.926410674897184e-08
0.1215764929100856,0.04293236,0.04293236,1.364364621281311e-09
0.3914394658089878,0.31038994,0.31038994,-4.029693578821991e-09
0.68064415348904,0.61280227,0.61280227,-2.925415021337585e-09
0.9422178200531636,0.95474356,0.95474356,4.128875685793787e-09
1.417701641756434,1.4230933,1.4230933,1.893920908990765e-08
1.389840362131206,1.3993886,1.3993886,-4.8287963849702464e-08
1.3688868377849603,1.3761241,1.3761243,-1.5639953621082725e-07
1.3523082251154033,1.3533882,1.3533882,-9.730529715312741e-09
1.3230653944343789,1.3308846,1.3308846,-2.415618904905159e-08
1.2864542914557733,1.3020195,1.3020195,-2.3109436142476625e-08
1.250994481023665,1.2719768,1.271977,-1.714248656359274e-07
1.2148438950636584,1.2419138,1.2419138,-4.528808661419248e-09
-0.6900847523703156,-0.6165047,-0.61650467,-5.8794097923531297e-08
-0.5715016200811222,-0.4979478,-0.49794787,5.791961671386403e-08
-0.3946630849391794,-0.35391355,-0.35391355,4.391479513365937e-09
-0.2063116243322665,-0.20079742,-0.20079748,5.627964019816467e-08
-0.0209535243462458,-0.033734113,-0.033734113,2.2018435685833282e-11
0.1623322490560802,0.13401762,0.13401762,-3.4896087686142607e-09
0.3640387032023586,0.31028676,0.31028676,3.3020020051566235e-10
0.5873894572227811,0.538249,0.538249,1.5808105491288416e-08
0.8185690005593833,0.82161164,0.82161164,2.8375244376377395e-09
-0.2198968763809314,-0.21452285,-0.21452285,-3.493690503564295e-09
-0.1466746704237207,-0.14896296,-0.14896293,-2.9647178656500017e-08
-0.0732222059572106,-0.059515163,-0.059515163,-3.0242156695559075e-10
0.0524989401202642,0.056552276,0.056552306,-2.998471831938687e-08
0.1572665618514933,0.2001901,0.2001901,-2.906417856385346e-09
0.2991058035799265,0.3397883,0.33978832,-3.212196347801566e-08
0.450155385680336,0.48275,0.48275,-1.4305114870438729e-09
0.6359740026849555,0.6793182,0.6793182,-1.037902830347548e-08
0.8485026067683059,0.8589267,0.8589266,1.1346664430256226e-07
-0.6065009134946318,-0.5750737,-0.57507366,-5.902465816109981e-08
-0.5001214821983068,-0.4565994,-0.45659947,5.5651397712352946e-08
-0.3693346489162449,-0.31489468,-0.31489468,3.791503888628256e-09
-0.2171337742693385,-0.17780088,-0.17780088,1.1175918523953499e-09
-0.0414465316738928,-0.013268173,-0.013268232,5.925906372029888e-08
0.149668031044613,0.16964294,0.16964296,-1.98363876435792e-08
0.364268961711658,0.3747753,0.3747753,-9.510803200551976e-09
0.5961392805761585,0.6055001,0.6055001,2.0431518699126627e-09
0.8353778717382399,0.84323865,0.84323865,1.7524719453376747e-09
-0.6318293495175662,-0.60084283,-0.6008428,-3.351898192338609e-08
-0.5127857002097741,-0.46609193,-0.46609193,-8.662414674454055e-10
-0.3697951659348437,-0.3471735,-0.34717357,5.8018035875573304e-08
-0.2109167945182546,-0.19862278,-0.19862278,1.941947935790722e-09
-0.0317756742833178,-0.03804384,-0.038043812,-2.971962737713385e-08
0.1641743171304754,0.13259679,0.13259679,7.905578691680404e-10
0.3806173158719158,0.31579328,0.31579328,-4.166870126720568e-09
0.6094942741155239,0.5500951,0.5500951,-1.8670654244878904e-08
0.8427461440358208,0.81418455,0.81418455,-3.5293579170314615e-09
-0.4093996295343414,-0.3921312,-0.3921312,-9.373474108009816e-09
-0.3085464024612022,-0.30725652,-0.30725652,2.0553586610461139e-10
-0.1837462904209248,-0.15617035,-0.15617035,-3.2934188709532464e-09
-0.0419070486924916,-0.031929478,-0.031929478,-4.9278262026497544e-11
0.1158200301776005,0.09409297,0.094093,-2.742338180150572e-08
0.2873626196056569,0.2709695,0.2709695,1.0078430201510002e-08
0.4745627876660728,0.4573351,0.4573351,1.4479064947003906e-08
0.674887690756555,0.6510027,0.6510027,5.097198441106343e-09
0.8775151789400308,0.8510494,0.85104936,6.321777346052215e-08
0.0826628048384862,0.05272454,0.05272454,2.3361206025196424e-10
0.0962480568871511,0.110607944,0.11060796,-1.5571079259313336e-08
0.1296355407355648,0.19751309,0.19751309,-1.4160537742391455e-09
0.1954894743951945,0.29014534,0.2901453,3.758163452660668e-08
0.3133818311564896,0.42805704,0.42805704,4.744491577390875e-09
0.4724904610823782,0.5544199,0.55441993,-5.485504150914977e-08
0.6672891599496745,0.69902855,0.6990286,-4.8421478271443164e-08
0.8860347437841088,0.90211284,0.9021129,-5.839385985861867e-08
1.1174445456300104,1.1087812,1.1087811,1.1852874748363718e-07
1.6649992807439946,1.6102065,1.6102065,-1.5205383396832417e-08
1.5740471695707297,1.4771273,1.4771273,1.361389156961934e-08
1.4801016977765729,1.3787417,1.3787417,4.118041996292732e-08
1.3532292591526007,1.2872353,1.2872354,-1.3999023429356328e-07
1.2588232703398448,1.197175,1.197175,2.5939941306063474e-08
1.141621689106448,1.0579953,1.0579953,1.9366455106251124e-08
1.0007034814152125,0.9649359,0.9649359,-1.2191772036374005e-09
0.8588642396867792,0.91893953,0.9189395,3.084945676690154e-08
0.7644582508740233,0.8701348,0.87013483,-5.91297912855282e-08
0.5185421629422592,0.48644656,0.48644656,-5.708312711405483e-10
0.5989023826877513,0.5298067,0.5298067,-2.647323604776375e-08
0.6804138949797405,0.5847337,0.5847337,2.4594116188048076e-08
0.7630766998182268,0.6646726,0.6646726,1.3143920951641519e-08
0.8466605386939108,0.7501549,0.7501549,1.2471771282385191e-08
0.931625928625391,0.842587,0.84258705,-5.582885742594357e-08
1.017512352594069,0.94441974,0.94441974,1.6305542471783951e-09
1.1045500691092438,1.0368475,1.0368474,7.219085684795346e-08
1.1920483026430178,1.1127264,1.1127263,1.499664306070514e-07
0.1708518139001582,0.25879857,0.2587986,-3.055915831495781e-08
0.2417714347643748,0.40641302,0.40641302,-1.2965393203501208e-09
0.3191382938889747,0.48058182,0.48058182,1.1138923117215427e-11
0.4197612624528145,0.5635205,0.5635205,-8.876800516866012e-09
0.5355812926304151,0.65537983,0.65537983,1.7909240757063571e-09
0.6707430375891655,0.7849636,0.78496367,-6.221191406474702e-08
0.8358383887568387,0.96177244,0.96177244,1.8640137211534125e-09
1.0085322707313922,1.1020076,1.1020076,2.7487182530094856e-08
0.6509408057894168,0.66147727,0.6614772,6.774215699500985e-08
0.6088034985876258,0.65377694,0.653777,-5.6316375784959405e-08
0.5834750625646913,0.6487812,0.6487812,-1.9618225044482074e-08
0.5767975657950085,0.65481913,0.65481913,8.975219456530681e-10
0.5931459199552662,0.6534193,0.6534193,1.5814971887628815e-08
0.6302175399524703,0.6821924,0.6821924,-1.4803314241085275e-08
0.6958412151028007,0.7528207,0.7528207,-2.9395294198764077e-08
0.7983062517410358,0.84859294,0.84859294,-3.0073546986031374e-09
0.9576451401762236,0.9955984,0.9955984,-2.4202728265976248e-08
2.8522121546917245,2.8293214,2.8293211,2.844299316073773e-07
2.53307386080275,2.5236707,2.5236707,-2.6629638494313213e-08
2.21209349883938,2.2127383,2.2127383,-2.4472045723200608e-08
1.9829862820864723,1.9356499,1.93565,-1.2817382821772583e-07
1.7285506293106303,1.7028897,1.7028897,-1.913757330385124e-08
1.4932264328066387,1.4984542,1.4984541,1.1314239500848089e-07
1.2756321415187015,1.3111361,1.3111361,2.6518249596207966e-08
1.0803729256328063,1.1386031,1.1386031,-8.760070890900806e-09
0.9185011935953248,0.99013287,0.99013287,-1.7100525440127967e-09
-0.1020045196196362,-0.043830857,-0.043830886,2.9319129943305988e-08
0.0,0.04239829,0.04239829,-1.1539840680252489e-09
0.1162805471961993,0.14524767,0.14524768,-1.197212218251309e-08
0.2484489315340575,0.25357294,0.25357294,8.264159911952618e-10
0.3953538604670776,0.36638242,0.36638242,6.301881239068052e-11
0.5565348169766609,0.49770802,0.49770808,-5.740554809285925e-08
0.7308405085163102,0.62272125,0.6227213,-4.5174407992121246e-08
0.918040676576726,0.8270575,0.8270575,-1.918792724708851e-08
1.1146814435184176,1.0689616,1.0689615,1.203308106489942e-07
-0.6910057864075131,-0.6174746,-0.61747456,-5.557388305099664e-08
-0.5523901638092716,-0.507351,-0.507351,1.8764495846035345e-08
-0.3893671392252931,-0.35180926,-0.35180932,5.677062986375603e-08
-0.2058511073136676,-0.18703432,-0.18703432,-3.811531062991591e-09
0.0050656872045869,0.005919054,0.005919054,1.505813598812189e-10
0.24361350283877,0.23302431,0.2330243,1.4045906077120307e-08
0.5054174279121931,0.47814733,0.47814733,-2.100067120203164e-09
0.7851815167109697,0.78423214,0.7842321,3.95874023562115e-08
1.077379565011914,1.0897137,1.0897136,9.266510003769213e-08
1.6120398236051314,1.6044036,1.6044035,1.1499786367608067e-07
1.5662183802545502,1.5506097,1.5506096,1.0783233639344303e-07
1.5203969369039685,1.4975348,1.4975349,-1.4810791015840152e-07
1.474114976534788,1.4499555,1.4499555,-3.6590576124595486e-08
1.4253001725633143,1.4051366,1.4051366,-1.476440436576354e-08
1.3737222664802478,1.3594735,1.3594735,-3.312683105605174e-08
1.3212233263599835,1.3128277,1.3128277,6.3369751668318486e-09
1.2678033522025216,1.2601011,1.2601011,-2.005920407555095e-08
-0.1726938819745534,-0.21804906,-0.21804912,5.572139741283344e-08
-0.0080590478254791,-0.09526716,-0.09526719,2.82730484024718e-08
0.1570363033421939,0.08101304,0.08101304,-1.2455367986996535e-09
0.3205198449447711,0.25256577,0.25256577,1.3413238297843577e-09
0.481470542945055,0.42913646,0.42913646,-4.940948483689311e-09
0.6461053770941293,0.60002387,0.60002387,-4.300231948306532e-09
0.8054442655293172,0.7549382,0.7549381,8.521499639257968e-08
0.9569543646483256,0.90130615,0.90130615,2.3437499718781396e-09
1.102938259544148,1.0534208,1.0534209,-1.1791076670597533e-07
-0.2924283068102438,-0.3243932,-0.3243931,-1.1279525757856845e-07
-0.1680887117885653,-0.24034365,-0.24034365,4.784965507154126e-09
-0.0992414175080433,-0.16014476,-0.16014476,-1.2047195463438243e-09
0.0596369539085457,-0.048292533,-0.048292533,4.3679046490829876e-10
0.1703912968815593,0.10944299,0.10944299,-3.452053073949024e-09
0.3702556829534426,0.30901963,0.30901963,-4.813079823584587e-09
0.5516993882813734,0.60680884,0.6068089,-5.8771514876987396e-08
0.7833394486365745,0.86227524,0.8622752,4.280548093760217e-08
0.997019345266422,1.112664,1.112664,-1.5701294042713698e-08
1.8298643734023683,1.8230617,1.8230618,-9.536437994839275e-08
1.7674643173822295,1.7525406,1.7525407,-1.1162109370133066e-07
1.7036827103062946,1.6815265,1.6815265,4.170989997831498e-08
1.638519552174563,1.6138409,1.6138409,3.7614440895339385e-08
1.5726656185149337,1.5455682,1.5455683,-7.223205567008506e-08
1.498982895539124,1.4767145,1.4767144,9.184417715246695e-08
1.420464743868027,1.4060565,1.4060565,2.332305903962606e-08
1.347472796420116,1.3367851,1.3367852,-1.2195129395209392e-07
-0.1379248470703433,-0.14678629,-0.14678632,3.257305145054623e-08
-0.0041446531673892,-0.043659195,-0.043659195,-3.039169332863523e-10
0.1335499353936546,0.060469538,0.060469538,-2.6596072566498208e-11
0.3009478716543218,0.17361365,0.17361365,2.5869369424391664e-09
0.4572933994686175,0.34552127,0.34552127,1.2287902917407223e-09
0.6302175399524703,0.50662684,0.50662684,4.4061279069751436e-09
0.7849512582016702,0.66180605,0.66180605,-3.0372619974627924e-09
0.9445204051461576,0.8698928,0.8698928,-2.3987579367279466e-08
1.099944898923256,1.0286511,1.0286511,1.8278503377544553e-08
-0.2675603878059081,-0.25624585,-0.25624585,-1.5167236355750902e-09
0.0115129254649702,0.027224496,0.027224466,3.000696563795757e-08
0.2675603878059081,0.26143268,0.26143268,-2.492599460168776e-09
0.4849244205845461,0.4928506,0.49285054,6.167312621707666e-08
0.6870913917494232,0.70534825,0.70534825,3.250122060372007e-09
0.8703771651517493,0.8917696,0.89176965,-6.200637814313126e-08
1.0462946662564945,1.0592045,1.0592043,1.5919036866485214e-07
1.2118505344427664,1.2293949,1.2293949,1.2719726605325832e-08
1.3638211505803737,1.387197,1.3871971,-8.233032233739834e-08
0.5802514434344995,0.583571,0.583571,1.6788482715135444e-08
0.6235400431827876,0.6216873,0.62168723,6.305267330475317e-08
0.6900847523703156,0.6827774,0.6827774,4.785156271225333e-09
0.7702147136065084,0.7757887,0.7757887,2.4422454836248164e-08
0.8611668247797731,0.90714157,0.90714157,-3.723449659709388e-09
0.96294108589011,0.9973916,0.9973915,8.153533936905433e-08
1.0658666395469438,1.0774852,1.0774853,-9.625701902216122e-08
1.1773117580478556,1.1639395,1.1639395,-2.398681631099464e-08
1.276553175555899,1.2463752,1.2463751,1.0313262932548639e-07
0.8897188799328993,1.2425374,1.2425374,-2.073516847111989e-08
1.170173744259574,1.2246647,1.2246647,-1.188964837695039e-08
1.1856010643826342,1.2310413,1.2310413,1.2217712397344371e-08
-0.7960036666480417,-0.8541522,-0.8541521,-1.0260620120217112e-07
-0.4648919302754978,-0.59292936,-0.59292936,-3.250732460990946e-09
-0.2007854201090808,-0.3590753,-0.35907537,6.215393066888453e-08
0.0158878371416589,-0.16154985,-0.16154982,-3.129833220372191e-08
0.2070023998601647,0.0073037297,0.0073037297,-4.664154045624924e-11
0.3810778328905146,0.18044947,0.18044947,8.776473992000433e-10
0.5445613744930918,0.37232852,0.3723285,1.982116698551195e-08
0.7039002629282799,0.57389385,0.57389385,-4.918670692966032e-09
0.8680745800587553,0.8176558,0.8176558,1.7730712453811748e-09
-0.1547337182491998,-0.25965822,-0.25965822,2.5698852490485535e-09
0.0004605170185988,-0.23593514,-0.23593514,3.3241653318860642e-09
0.1551942352677986,-0.17337318,-0.17337324,6.235240937457753e-08
0.3103884705355973,-0.058969215,-0.058969244,2.944139861765782e-08
0.465582705803396,0.06746332,0.06746331,1.34739303603304e-08
0.6210071995804942,0.2327835,0.23278351,-1.3620147704118679e-08
0.7759711763389935,0.46315518,0.46315518,2.1583557163751266e-10
0.931165411606792,0.6933496,0.6933496,-1.6174317440942332e-10
1.0863596468745909,0.9311593,0.93115926,5.7493438676559094e-08
-0.2157522232135421,-0.21141718,-0.21141718,-3.2799911398040393e-09
-0.0923336622290612,-0.109290466,-0.109290436,-2.971254729755568e-08
0.0442096337854856,-0.0016775429,-0.0016775429,-2.48809813897799e-11
0.1996341275625837,0.14989895,0.14989895,-3.71475220029005e-09
0.3875250711508979,0.34561938,0.34561938,4.740906001110545e-10
0.6065009134946318,0.6651732,0.66517323,-5.7049255319796544e-08
0.8588642396867792,1.0002016,1.0002016,-1.709136965288849e-08
-0.5346602585932174,-0.5777489,-0.5777488,-9.46914673338739e-08
-0.4082483369878443,-0.49497736,-0.4949773,-5.500335692465441e-08
-0.2707840069360998,-0.37618637,-0.3761865,1.2915039060423794e-07
-0.1570363033421939,-0.2444825,-0.24448244,-6.234127045146032e-08
-0.0025328436022934,-0.12765105,-0.12765108,2.931316375742732e-08
0.2076931753880629,0.048207268,0.048207283,-1.488114165920651e-08
0.4393332357432639,0.26720968,0.26720968,-1.1116790821219524e-09
0.7075843990770704,0.645665,0.645665,-1.0051727339366323e-08
0.9758355624108768,0.95343256,0.9534325,5.996704099953121e-08
0.3741700776115325,0.53900766,0.5390077,-3.627319333787682e-08
0.2951914089218367,0.6106447,0.61064476,-6.185699463756578e-08
0.2525935847014468,0.72668505,0.7266851,-5.285034176960579e-08
0.2546659112851415,0.8253035,0.8253035,-5.069732633700141e-09
0.3311117363725438,0.8659492,0.8659492,1.3504791285257056e-08
0.4720299440637794,0.91978425,0.9197842,4.787521357130231e-08
0.669822003551968,0.9873175,0.9873175,2.4986267499471637e-09
0.8986989617955761,1.0787178,1.0787178,2.7796936086232904e-08
1.1363257433925615,1.2241529,1.2241529,2.263031007032623e-08
0.9320864456439898,0.92349315,0.9234932,-5.310363770938409e-08
0.9371521328485766,1.0035908,1.0035908,2.2219848627713645e-08
0.9341587722276844,1.0732938,1.0732938,5.122375412724978e-09
0.9212642957069178,1.0965565,1.0965565,4.430389410892133e-08
0.9046856830373609,1.0674397,1.0674397,-2.466888426866376e-08
0.8911004309886957,1.034416,1.034416,-3.968811035370834e-08
0.8835019001818154,1.0135934,1.0135934,3.5287475608214436e-08
0.882120349126019,1.0057304,1.0057304,-9.45129396967559e-09
0.8911004309886957,0.9824893,0.9824893,-1.21467590430413e-08
-0.2585803059432313,-0.2647602,-0.2647602,3.791046143675203e-09
0.0250981775136351,0.031558737,0.031558737,1.5877532621999535e-10
0.2809153813452736,0.2730277,0.2730277,-1.173515318253493e-08
0.5146277682841692,0.4866624,0.4866624,-1.2152099604367805e-08
0.7232419777094298,0.6783936,0.67839354,6.237121585872529e-08
0.9099816287512468,0.8868295,0.88682944,5.54299927069124e-08
1.080833442651405,1.0193933,1.0193933,2.4851989799401508e-08
1.2116202759334669,1.1582903,1.1582903,-3.300933837380171e-08
1.3265192720738697,1.3161906,1.3161906,3.9520253736213817e-10
-0.2802246058173754,-0.18822758,-0.18822755,-2.8997612006032014e-08
0.030163864718222,0.12114237,0.12114239,-1.7511024477667725e-08
0.2772312451964831,0.40482438,0.40482438,-3.893737776650141e-09
0.5339694830653192,0.62739277,0.62739277,-1.1401367627783543e-09
0.744425760564975,0.87550426,0.87550426,-4.705200229437878e-09
0.9631713443994094,1.0690347,1.0690348,-1.0437469488699946e-07
1.1542859071179152,1.2417665,1.2417665,-4.721069335467121e-08
1.3495451230038102,1.394665,1.3946649,1.0282287599139295e-07
1.5118773720598904,1.5241845,1.5241846,-1.3459167469420663e-07
-0.2624947006013212,-0.25183004,-0.25182998,-6.140853880953756e-08
0.050656872045869,0.04787171,0.047871694,1.4869934082673009e-08
0.3433154373654122,0.26723343,0.26723343,1.3392639219844682e-09
0.5832448040553919,0.5310974,0.5310974,1.2109374947222307e-08
0.8300819260243535,0.7357019,0.735702,-8.139801022100102e-08
1.0451433737099975,0.9721257,0.97212577,-6.094314575211257e-08
1.231422507733216,1.1829367,1.1829368,-1.316040039167632e-07
1.375564334554643,1.3534057,1.3534058,-8.596496581247948e-08
1.458457397902429,1.5014356,1.5014356,3.7474060077258287e-08
-0.5563045584673615,-0.47668713,-0.47668707,-6.331222535127523e-08
-0.6055798794574341,-0.5288777,-0.5288776,-7.553329472997916e-08
-0.6438027920011352,-0.59274435,-0.5927444,4.95666503397274e-08
-0.6847888066564293,-0.64965296,-0.64965296,2.0837401804030264e-09
-0.7561689445392448,-0.6946084,-0.6946084,9.668731704159939e-09
-0.8257070143476648,-0.7406478,-0.7406478,7.183837857915876e-09
-0.8657719949657613,-0.7950394,-0.7950394,-1.5359497118616616e-08
-0.8973174107397797,-0.83643496,-0.8364351,1.396347045767854e-07
-0.9237971393092111,-0.8840747,-0.8840747,1.2042236319231847e-08
-0.2698629728989021,-0.22824587,-0.22824581,-5.927890778245626e-08
0.0451306678226832,0.066895425,0.066895425,3.196716363840224e-10
0.3037109737659146,0.33712626,0.33712626,-4.964599620294052e-09
0.5569953339952597,0.57977355,0.57977355,-4.734802216965761e-09
0.805904782547916,0.8084508,0.8084508,1.8061828588322726e-08
1.019124162159165,1.0522729,1.0522728,1.1584014902865647e-07
1.2447775012725812,1.2736133,1.2736133,3.370208734310154e-08
1.431286893805099,1.473,1.4729999,1.4959106442447023e-07
1.6097372385121376,1.6367476,1.6367475,9.864807126724884e-08
-0.2155219647042427,-0.18955658,-0.18955661,2.6237831102227105e-08
0.1554244937770981,0.12390802,0.12390802,5.559730592574752e-10
0.4761745972311687,0.42594716,0.42594716,-4.712676915374914e-10
0.751794032862556,0.66634536,0.6663453,5.78948974316873e-08
0.956033330611128,0.9224052,0.9224052,-1.6684722936588514e-08
1.1167537701021122,1.0682452,1.0682452,-2.7499389654295214e-08
1.2113900174241676,1.1759344,1.1759344,3.39370727076016e-08
1.2779347266116956,1.2480601,1.2480601,7.2311401311253576e-09
1.3359598709551457,1.3185619,1.3185619,1.1582946823907037e-08
-0.2848297760033635,-0.26450163,-0.26450163,-1.2599182253048014e-09
0.0128944765207666,0.023265228,0.023265228,-3.2456207166298157e-10
0.2659485782408123,0.31209487,0.31209487,-2.7705383542908635e-09
0.4897598492798335,0.55613565,0.55613565,4.44946290922843e-09
0.6986043172143935,0.7522461,0.75224614,-5.817092896265308e-08
0.9007712883792708,0.9156223,0.9156223,-6.0508728028096925e-09
1.0693205171864348,1.0719547,1.0719547,2.7172851524426278e-08
1.189975976059323,1.220041,1.2200409,1.3660583486618805e-07
1.2684941277304198,1.3220191,1.3220191,1.8920909283792753e-10
-0.614099444301512,-0.67017114,-0.6701711,-4.162445066402398e-08
-0.6587695951055966,-0.74678123,-0.7467811,-1.2997283937998816e-07
-0.7055120724933757,-0.794459,-0.79445887,-1.1532867427721527e-07
-0.7508729988253584,-0.85853803,-0.85853815,1.1842193603506246e-07
-0.7994575442875328,-0.9137629,-0.91376305,1.2294464113438153e-07
-0.8471210557125095,-0.9679706,-0.9679706,-9.664916977847327e-09
-0.8968568937211809,-1.018202,-1.0182017,-2.472122191399251e-07
-0.9479742827856488,-1.0716132,-1.0716133,1.0744171152765603e-07
-0.9988614133408172,-1.1226724,-1.1226727,2.6137847908280776e-07
-0.5516993882813734,-0.51151365,-0.5115137,4.958267207921807e-08
-0.6557762344847042,-0.58287746,-0.5828775,4.285812382764931e-08
-0.7460375701300709,-0.6957637,-0.69576377,6.283905029658143e-08
-0.8236346877639703,-0.78024095,-0.78024095,-2.9685973679249855e-09
-0.8954753426653845,-0.8541008,-0.85410094,1.165975952455156e-07
-0.9703093581876908,-0.92464876,-0.9246489,1.3825073241768848e-07
-1.0412289790519076,-0.99603415,-0.99603415,4.644775342121932e-09
-1.1022474840162495,-1.0575417,-1.0575416,-1.2801971438491933e-07
-1.156588492210909,-1.1168871,-1.1168873,2.074096678850168e-07
-0.9518886774437384,-1.0073714,-1.0073713,-1.256286621398317e-07
-0.961789793343613,-1.0464722,-1.0464721,-9.181060800500518e-08
-0.9820525421619606,-1.0727494,-1.0727491,-2.762969970593332e-07
-1.003927100545404,-1.0951753,-1.0951751,-1.6626586907264596e-07
-1.0281042440218415,-1.1102872,-1.1102872,1.0516357340506488e-08
-1.0430710471263027,-1.1151682,-1.1151682,-1.3844299262544268e-08
-1.0582681087400636,-1.114329,-1.114329,1.95541380865194e-08
-1.0633337959446505,-1.1374307,-1.1374307,3.212280264008882e-08
-1.0628732789260515,-1.1574208,-1.1574209,1.4556732175208253e-07
-0.7538663594462507,-0.7823079,-0.7823078,-1.2284011841057207e-07
-0.7780435029226881,-0.8486098,-0.8486097,-1.0510711667688355e-07
-0.8141940888826947,-0.87487805,-0.8748779,-1.4889678956464536e-07
-0.8547195865193897,-0.9121635,-0.9121635,3.982543961278395e-09
-0.9109026627884446,-0.9464166,-0.9464166,-1.643981928367566e-08
-0.9562635891204272,-0.9899112,-0.9899111,-9.86160277882675e-08
-0.9960983112292242,-1.0203986,-1.0203987,8.320922861848601e-08
-1.026031917438147,-1.0652285,-1.0652283,-1.622192382644272e-07
-1.0419197545798058,-1.1223181,-1.1223181,-4.8612976089046356e-08
0.0317756742833178,0.10189624,0.10189624,1.3072586069196035e-09
-0.0950967643406541,-0.0020742118,-0.0020742118,-3.58612059318808e-11
-0.2325610943923986,-0.12211467,-0.12211473,5.674312592018893e-08
-0.3762424041952271,-0.23608126,-0.23608126,2.5374984613524276e-09
-0.51048311511678,-0.36682338,-0.36682338,4.774932838014223e-09
-0.653934166410309,-0.5077243,-0.50772434,5.487426757433411e-08
-0.7782737614319876,-0.6508183,-0.6508183,1.1673736532991086e-08
-0.907218526639654,-0.8070978,-0.80709803,2.3737457277572815e-07
-1.0513603534610814,-0.9936955,-0.99369586,3.6248718260356583e-07
-0.5447916330023913,-0.6155328,-0.6155328,-1.5456390389800845e-08
-0.5464034425674871,-0.6268318,-0.6268318,-2.954788203002323e-08
-0.5604492116347508,-0.63401353,-0.63401353,-3.592224073756256e-09
-0.5924551444273679,-0.6674823,-0.6674823,-1.6493988064247844e-08
-0.6481777036778239,-0.71912616,-0.7191263,1.350868225058477e-07
-0.7257748213117232,-0.7690915,-0.7690916,1.1306915281839025e-07
-0.8392922663963297,-0.8317077,-0.8317077,-1.5988159129953772e-08
-0.9525794529716368,-0.92120504,-0.92120504,-3.792724578843831e-09
-1.0799124086142076,-1.0189523,-1.0189521,-1.504806519392332e-07
-0.6292965059152728,-0.6428515,-0.6428514,-7.190093997966329e-08
-0.6737363982100579,-0.71213204,-0.71213204,3.3140563626687936e-09
-0.7147224128653519,-0.75928646,-0.75928634,-1.2326065068624104e-07
-0.7538663594462507,-0.78808117,-0.78808117,8.715820287719112e-10
-0.7865630677667661,-0.8150395,-0.81503963,1.1450469972196231e-07
-0.8176479665221857,-0.84497344,-0.84497356,1.150613403444467e-07
-0.8471210557125095,-0.86943936,-0.86943936,-3.479614263390829e-09
-0.8692258726052523,-0.88941693,-0.88941693,-3.0596923883408067e-09
-0.8835019001818154,-0.91464746,-0.91464734,-1.1998382565270305e-07
-0.6762692418123514,-0.6963426,-0.69634265,6.252899165115622e-08
-0.704591038456178,-0.7442897,-0.7442897,3.783416802072281e-09
-0.7306102500070109,-0.78953826,-0.7895384,1.3572540280559764e-07
-0.7554781690113465,-0.82323587,-0.823236,1.3059234615919735e-07
-0.7824184145993768,-0.8425448,-0.8425449,1.0591735843945571e-07
-0.8102796942246048,-0.86287427,-0.8628744,1.3051452640855388e-07
-0.8409040759614256,-0.88225937,-0.8822595,1.3110351559930677e-07
-0.8756731108656357,-0.9054744,-0.9054744,-2.4362182604598104e-08
-0.9115934383163428,-0.94101334,-0.9410132,-1.3618164063089466e-07
-0.5885407497692782,-0.61477983,-0.6147799,7.00210571746851e-08
-0.6051193624388352,-0.6378641,-0.63786405,-6.285400389050011e-08
-0.6375858122500513,-0.69468486,-0.69468486,-3.0905151771065675e-09
-0.6689009695147703,-0.74966455,-0.74966455,4.940795883534577e-09
-0.7062028480212739,-0.80042005,-0.80042017,1.241473388535752e-07
-0.7368272297580947,-0.8099308,-0.8099308,-1.3916016117221375e-09
-0.7607741147252328,-0.8110188,-0.8110187,-1.245773315616816e-07
-0.7844907411830715,-0.8273287,-0.8273287,1.8054199246719804e-08
-0.8068258165851137,-0.85560024,-0.85560024,2.1536255001564086e-09
0.8358383887568387,0.87575966,0.87575966,1.197662302665492e-09
0.6378160707593508,0.66191316,0.66191316,-3.4906005863533096e-09
0.4476225420780425,0.45903528,0.45903528,-2.633361806392287e-09
0.2650275442036147,0.27101585,0.27101585,2.6897430394079436e-09
0.0895705601174683,0.07301615,0.07301615,1.7858505230172739e-09
-0.0796694442175939,-0.059086278,-0.05908625,-2.8080940246699715e-08
-0.2426924688015724,-0.2131729,-0.2131729,2.30350494234699e-09
-0.3971959285414729,-0.37606674,-0.3760668,5.567245481286065e-08
-0.5443311159837925,-0.5378942,-0.5378942,1.0642242420644266e-08
1.14852944438543,1.145516,1.1455159,1.3794097908359504e-07
0.8749823353377375,0.9714162,0.9714163,-1.2463455201228157e-07
0.6039680698923382,0.7457693,0.74576926,6.191848755943141e-08
0.3463087979863045,0.45626566,0.45626566,-1.8598175222095392e-09
0.0992414175080433,0.19116856,0.19116856,1.5777969486485688e-09
-0.1358525204866487,0.037445202,0.037445217,-1.4530174258231554e-08
-0.3476903490421009,-0.0758944,-0.0758944,-4.774093620429909e-10
-0.5153185438120674,-0.29476005,-0.29476005,1.6105651812203803e-09
-0.62261900914559,-0.50080705,-0.50080705,3.1097412422909088e-09
1.5675999313103464,1.6910509,1.6910509,-1.2892150902388266e-08
1.2984277339393424,1.5499536,1.5499536,-2.0097351116632467e-08
1.0308673461334343,1.3171326,1.3171326,-7.798767187594535e-09
0.7688331625507119,1.0896407,1.0896407,3.657989511296478e-08
0.5123251831911753,0.7034466,0.7034466,2.6663207974841896e-08
0.2624947006013212,0.26714134,0.26714134,2.1630859325938445e-09
0.0186509392532517,0.03622234,0.03622231,2.8676452636100525e-08
-0.2192061008530332,-0.18013592,-0.18013592,-6.438064525937648e-10
-0.4529184877919288,-0.4277966,-0.4277966,-2.249145480970327e-09
1.638519552174563,1.8612427,1.8612427,-4.8060607937827626e-08
1.3030329041253306,1.692278,1.692278,2.753448491432664e-08
0.9647831539645052,1.4611725,1.4611726,-1.3849029545376368e-07
0.6279149548594763,1.2336657,1.2336656,1.0472717293374956e-07
0.3023294227101182,0.87092584,0.8709258,4.371566775240865e-08
-0.0009210340371976,0.39918086,0.39918086,-6.726837420423237e-10
-0.2661788367501116,0.08091414,0.08091414,-2.523803666054647e-10
-0.4747930461753722,-0.1485204,-0.14852042,2.484027861182625e-08
-0.6115666006992186,-0.41481715,-0.41481715,-4.407501197345454e-09
3.313880465837031,3.2593954,3.2593954,-3.90533445582264e-08
3.084773249084123,3.0265443,3.026544,3.325042725599303e-07
2.852672671710323,2.811014,2.8110144,-4.6300353995221144e-07
2.6148156316040385,2.6052697,2.6052697,-2.951354982627663e-08
2.367748251125777,2.400221,2.400221,1.0939025862910512e-07
2.1137731153685344,2.1915998,2.1916003,-4.5411376969894945e-07
1.8545020338974043,1.9712945,1.9712944,1.2228546153458808e-07
1.6000663811215623,1.7122298,1.7122297,1.479080200539329e-07
1.3437886602713252,1.3647723,1.3647724,-8.020629893579212e-08
-0.5505480957348764,-0.54425806,-0.54425806,1.9288635133563048e-09
-0.3368681991050289,-0.31613976,-0.3161397,-5.7633209205043556e-08
-0.1091425334079177,-0.088260844,-0.088260844,-3.4986114005874924e-10
0.1245698535309779,0.16294022,0.16294022,-9.553146329555062e-10
0.3262763076772563,0.36012173,0.36012173,-3.0102538794984923e-09
0.5169303533771633,0.54845715,0.54845715,-4.309081980125029e-09
0.6725851056635609,0.6510307,0.65103066,5.928024293666567e-08
0.7948523741015446,0.7529863,0.7529864,-8.808746332356066e-08
0.8745218183191387,0.8651603,0.8651603,-1.357345580377256e-08
-0.8155756399384911,-0.7770982,-0.77709806,-1.1886352535572797e-07
-0.5473244766046848,-0.5654712,-0.5654711,-7.23327636675819e-08
-0.3076253684240045,-0.31193805,-0.31193817,1.2259094239741586e-07
-0.0361505859600065,-0.076177165,-0.076177165,8.777618909494578e-11
0.2198968763809314,0.15320797,0.15320796,1.264575957837799e-08
0.4549908143756234,0.33256158,0.33256158,2.3268890148031574e-09
0.6320596080268657,0.5261102,0.52611023,-5.772827149641557e-08
0.7791947954691851,0.6611089,0.6611089,1.1037445069028706e-08
0.8800480225423243,0.8290614,0.8290614,-1.1030578561666005e-08
2.1906794574745354,2.1271832,2.127183,1.9892883296179775e-07
2.0575900390994795,1.9597393,1.9597392,1.2743072508314413e-07
1.919665192029136,1.8025947,1.8025947,-3.8287353509858235e-08
1.7748325896798107,1.6492486,1.6492485,1.000061036204869e-07
1.621940939505006,1.4484696,1.4484696,3.882446297787112e-08
1.4683585138023032,1.2864972,1.2864971,1.3529815667823186e-07
1.3051052307090252,1.1613225,1.1613225,-2.5520324742345224e-08
1.1383980699762564,1.0454047,1.0454048,-1.2737731935885677e-07
0.9682370316039962,0.9343779,0.9343779,8.706665055591145e-09
1.0423802715984043,1.0546131,1.0546131,1.340332023147539e-08
1.1745486559362628,1.1876242,1.1876242,1.607971200634495e-08
1.2668823181653242,1.2394369,1.2394369,-3.514709479013334e-08
1.320532550832085,1.2707838,1.2707838,-1.7994689960332266e-08
1.3258284965459717,1.2959664,1.2959665,-1.1320495607591852e-07
1.301421094560235,1.2726018,1.2726018,4.2880249129240156e-08
1.2318830247518149,1.1896037,1.1896037,-1.36672972939067e-08
1.1220497158159983,1.053892,1.0538923,-2.8358917236737113e-07
0.9716909092434872,0.9148622,0.9148622,1.5518951457238472e-08
0.7135711203188548,0.64306474,0.64306474,-2.6800537344939812e-09
0.7985365102503351,0.7319761,0.73197615,-5.8138275194075106e-08
0.8611668247797731,0.789501,0.789501,1.1371612540500564e-08
0.9104421457698456,0.8408538,0.84085375,6.031036381415333e-08
0.9475137657670498,0.8754123,0.8754123,-1.4672088655132143e-08
0.9751447868829785,0.9104003,0.9104003,-2.8584289601951696e-08
0.9935654676269308,0.93564415,0.93564415,-2.1972657027191644e-10
1.0071507196755958,0.96833915,0.96833915,-4.816436804944146e-09
1.020505713214961,1.0109115,1.0109116,-1.3530883791190718e-07
-0.4992004481611091,-0.49679297,-0.49679303,5.791213991690469e-08
-0.3697951659348437,-0.36259884,-0.36259884,3.5780334251001022e-09
-0.2353241965039915,-0.20382868,-0.2038287,2.2464942933675403e-08
-0.0962480568871511,-0.06576581,-0.06576581,-2.993049627586508e-09
0.0476635114249767,0.056982115,0.0569821,1.4911079405932615e-08
0.1966407669416915,0.18574616,0.18574618,-1.6870193492168895e-08
0.3499929341350949,0.2787996,0.27879962,-2.655136110973899e-08
0.5081805300237859,0.43989444,0.43989447,-3.221008298970318e-08
0.670973296098465,0.6450759,0.6450759,1.7243957484147643e-08
-0.5712713615718228,-0.55413526,-0.55413526,-2.966155987493835e-09
-0.4400240112711621,-0.4263652,-0.4263652,3.2951354977939218e-09
-0.3030201982380164,-0.25061363,-0.25061357,-5.981796263876404e-08
-0.1588783714165891,-0.12693281,-0.12693281,-4.717292778622095e-09
-0.0094405988812755,0.014351413,0.014351442,-2.9346076966044188e-08
0.1469049289330201,0.15474972,0.15474972,1.2886810230039458e-09
0.3090069194798009,0.29762676,0.29762676,3.5822296240439755e-09
0.4775561482869651,0.4608843,0.4608843,2.8545379393563053e-09
0.6523223568452132,0.65739816,0.6573981,6.427230836436593e-08
0.4547605558663241,0.46501243,0.46501243,1.1447143788423375e-09
0.4858454546217436,0.4955154,0.4955154,6.131744390014404e-09
0.523607850146846,0.5451168,0.5451167,8.21884155177699e-08
0.5781791168508049,0.5934449,0.59344494,-5.617660525647494e-08
0.6242308187106859,0.6363791,0.63637906,6.273406982781893e-08
0.6665983844217762,0.66859084,0.66859084,3.6775207323813675e-09
0.7041305214375793,0.7112159,0.711216,-8.670425410972626e-08
0.7361364542301965,0.7596897,0.7596896,8.868255618743603e-08
0.7582412711229393,0.7967953,0.7967953,8.589935318603636e-09
-0.3527560362466878,-0.40964293,-0.40964293,-4.799194319726752e-09
-0.2233507540204224,-0.27439827,-0.27439827,2.7308654781954544e-09
-0.0888797845895701,-0.12602307,-0.1260231,3.097591400047506e-08
0.0508871305551684,0.03503479,0.03503479,6.351089446021696e-10
0.1950289573765956,0.21578397,0.21578397,-1.4321517860516053e-09
0.3451575054398075,0.38726908,0.3872691,-2.0314788795605665e-08
0.4992004481611091,0.48016942,0.48016942,-4.5260620251674766e-09
0.6587695951055966,0.66996545,0.66996545,-4.00466915184694e-09
0.822943912236072,0.8367028,0.8367028,2.3638916046841985e-08
-0.3978867040693711,-0.39174527,-0.39174533,6.070144653591569e-08
-0.2825271909103694,-0.25411296,-0.25411296,1.0919189441516153e-09
-0.1565757863235951,-0.13796826,-0.13796826,2.9304123017048767e-09
-0.0207232658369464,-0.027514055,-0.027514055,-3.712844857950426e-10
0.125260629058876,0.082456216,0.0824562,1.6216087347920016e-08
0.2813758983638724,0.29501137,0.29501137,1.3741302540282163e-09
0.4476225420780425,0.483544,0.48354393,6.204254149322352e-08
0.623770301692087,0.6913846,0.6913846,1.3513946517385023e-08
0.8102796942246048,0.8459373,0.84593725,6.164932253582833e-08
-0.5436403404558943,-0.5386136,-0.5386137,8.257980343984173e-08
-0.41377454121103,-0.3684349,-0.36843497,6.399414059776731e-08
-0.2776917622150819,-0.23722844,-0.23722844,1.7418289310899837e-09
-0.1372340715424451,-0.11401938,-0.11401938,9.802627598531899e-10
0.0103616329184732,0.01591821,0.01591821,1.4881134172139987e-10
0.1632532830932778,0.14524344,0.14524344,-3.90190124655021e-09
0.3228224300377652,0.33407775,0.33407778,-3.432395934144239e-08
0.4874572641868395,0.47189742,0.47189742,3.2673644900782506e-09
0.6580788195776983,0.6644139,0.664414,-7.10144042459504e-08
-0.1947986988672962,-0.22118156,-0.22118162,6.341754912875253e-08
-0.0861166824779773,-0.10136472,-0.10136469,-2.6887474066650263e-08
0.0276310211159285,-0.023956224,-0.023956224,-3.223190291057332e-10
0.1478259629702177,0.052418694,0.052418694,-9.989166438462149e-11
0.2733168505383933,0.21340922,0.21340922,-4.788131724442479e-09
0.404103683820455,0.4083371,0.40833706,2.6439132716493674e-08
0.5408772383443013,0.56544954,0.56544954,-4.1532898231722015e-09
0.6829467385820339,0.730284,0.73028404,-6.439880373410034e-08
0.8310029600615512,0.8818547,0.8818547,1.2963104256691338e-08
0.4766351142497674,0.50822026,0.50822026,-4.625091531984538e-09
0.521305265053852,0.56387305,0.56387305,2.597045911656437e-09
0.5533111978464693,0.63072467,0.63072467,-1.4971923700812795e-09
0.6021260018179431,0.6638311,0.66383106,5.476898190526214e-08
0.6490987377150215,0.6860831,0.6860831,-2.16156005317103e-08
0.684098031128531,0.7188702,0.7188702,2.2568511948151126e-08
0.7246235287652262,0.75741285,0.75741285,8.567809794968184e-10
0.7559386860299452,0.79723084,0.79723084,-2.706909141281244e-10
0.7679121285135143,0.8153938,0.8153938,5.50384526842862e-09
0.0978598664522469,0.12655461,0.12655461,-1.6549682735345073e-09
0.1416089832191338,0.26156268,0.26156268,-4.762344352204906e-09
0.1984828350160867,0.38412195,0.38412195,4.441070566851835e-09
0.2654880612222134,0.4345256,0.4345256,9.01641844519574e-09
0.3366379405957295,0.47834986,0.47834986,4.482879623068925e-09
0.4135442827017306,0.5209843,0.5209843,-7.969665483109623e-09
0.5054174279121931,0.5904471,0.5904471,2.781906127680145e-08
0.594757729520362,0.68630916,0.68630916,-1.1979675029749615e-09
0.6976832831771959,0.7658551,0.7658551,-2.607116700303891e-08
1.6638479881974977,1.6788566,1.6788567,-8.874816903592375e-08
1.5517120941686875,1.5454057,1.5454059,-1.544937133779456e-07
1.453621969207141,1.4400197,1.4400197,2.6753234960708028e-08
1.3534595176619002,1.346101,1.346101,4.560852051582742e-08
1.2604350799049406,1.2647293,1.2647293,-3.860168451552681e-08
1.173627621899065,1.1716875,1.1716876,-1.1621246343018754e-07
1.0953397287372677,1.0884857,1.0884856,1.1777343744689972e-07
1.020505713214961,1.012979,1.012979,3.060913078556382e-08
0.953730745518134,0.94166166,0.9416617,-4.409713749708999e-08
3.5793685270592444,3.433203,3.4332027,2.8194885270949044e-07
3.3679912155223906,3.225864,3.2258635,4.3356323242704775e-07
3.148324597650759,3.0094495,3.0094495,-1.803588878246387e-08
2.9171450543141564,2.7785044,2.7785048,-4.283569334795345e-07
2.673301292966088,2.5355992,2.5355992,3.171997065010146e-08
2.412878918948461,2.29008,2.29008,7.049560535321575e-08
2.128509659963696,2.032875,2.0328753,-2.3896484391272566e-07
1.823417135141985,1.7567236,1.7567235,1.4234924305966956e-07
1.466746704237207,1.3898649,1.3898649,2.1569824149025862e-08
-0.0274007626066291,-0.14986889,-0.14986889,-6.431198074086097e-10
0.1745359500489487,-0.030921027,-0.030921027,-6.432342505857669e-11
0.3267368246958551,0.12678619,0.1267862,-1.2708854663090463e-08
0.4648919302754978,0.27274138,0.27274135,2.735366821937646e-08
0.6180138389596019,0.42956853,0.42956853,-8.709716836641235e-10
0.748340155223065,0.54672825,0.5467283,-4.663543695659911e-08
0.8588642396867792,0.6401995,0.6401995,-1.7559051546101045e-08
0.9429085955810618,0.76183903,0.76183903,2.1731567656502193e-09
0.985736678310751,0.8575919,0.857592,-7.294845583150078e-08
0.8839624172004142,0.92865175,0.92865175,8.77380390562621e-11
0.805904782547916,0.8572582,0.85725814,6.06454467755313e-08
0.7382087808138911,0.80626124,0.80626124,1.4360046485251132e-09
0.684098031128531,0.7647978,0.7647978,6.739807156819211e-09
0.6463356356034287,0.73895323,0.73895323,2.7651977374532066e-09
0.627684696350177,0.7188269,0.7188269,-1.0008239792469453e-08
0.6258426282757816,0.69698864,0.69698864,2.2157287116186808e-09
0.6451843430569316,0.6957488,0.6957488,5.999755914309901e-09
0.6834072556006329,0.71566063,0.71566063,1.6566467087031356e-09
0.41377454121103,0.35839978,0.35839978,-1.39549255484539e-09
0.4600565015802104,0.39047155,0.39047152,2.784202574046546e-08
0.5047266523842949,0.43001443,0.43001443,1.4765930145266282e-09
0.5477849936232835,0.45016676,0.45016676,1.8751525887594767e-09
0.5892315252971764,0.47028893,0.470289,-6.767654420203328e-08
0.6290662474059734,0.507298,0.507298,-7.293701198562985e-09
0.6677496769682733,0.5575404,0.55754036,5.671752933977814e-08
0.7055120724933757,0.61518836,0.6151884,-3.978576657015509e-08
0.7421231754719809,0.69385594,0.69385594,1.2956238304440149e-09
-0.689163718333118,-0.31582087,-0.315821,1.2721633912970987e-07
-0.4395634942525633,0.021832556,0.02183257,-1.4467544554724876e-08
-0.1980223179974879,0.30834657,0.3083466,-3.046188357114232e-08
0.0271705040973297,0.4304439,0.43044388,3.274452209378609e-08
0.2475278974968599,0.54703116,0.54703116,4.16931156266287e-09
0.4483133176059408,0.65882564,0.65882564,-4.0899658104720515e-09
0.6228492676548895,0.7804238,0.7804238,2.001876830970417e-08
0.7831091901272751,0.87071013,0.87071013,4.506225614875348e-09
0.9198827446511214,0.9615794,0.9615793,8.241958615595735e-08
-0.4748151862429576,-0.49038827,-0.4903882,-7.419281006226797e-08
-0.3243460568233724,-0.35110343,-0.35110337,-5.502593991568716e-08
-0.1660545843300827,-0.20140372,-0.20140369,-3.2167015079354044e-08
0.0059820716775474,-0.05020924,-0.05020924,8.747482321824762e-10
0.1663615372152252,0.10421743,0.10421745,-1.7560672763150542e-08
0.3321773123383321,0.26304856,0.26304856,-5.727386342968543e-10
0.4916428043492167,0.44355273,0.44355273,2.467651361026668e-09
0.6538864666066427,0.5925135,0.5925135,1.64413449521561e-09
0.8228587870816026,0.77840906,0.7784091,-3.618392940829551e-08
-0.4121627316459342,-0.3422873,-0.34228724,-6.201721192145015e-08
-0.1722333649559546,-0.020904362,-0.020904362,-2.0169067457831424e-10
0.0640118655852344,0.25179803,0.25179803,3.7142944275814216e-09
0.2979545110334295,0.46168745,0.46168745,-4.359436034384601e-09
0.4975886385960132,0.6023326,0.60233265,-5.798950197810626e-08
0.6665983844217762,0.70652485,0.70652485,-1.0620117008031116e-09
0.8038324559642215,0.8210663,0.8210663,1.9942474338563443e-08
0.9023830979443668,0.8994579,0.8994579,-2.8086090120282847e-08
0.9838946102363558,0.9713504,0.9713504,-2.8162383980401273e-08
-0.5772580828136072,-0.58917785,-0.58917785,3.0914306670126734e-09
-0.4024918742553592,-0.40743488,-0.40743488,-7.334899909672288e-10
-0.2173640327786379,-0.22439905,-0.22439907,2.4890251165698984e-08
-0.0193417147811499,-0.014230788,-0.014230788,2.4594116153353607e-10
0.1478259629702177,0.1783795,0.17837952,-1.4127273573194543e-08
0.3163751917773819,0.37497255,0.37497255,2.0610809170484856e-09
0.4665037398405937,0.5438624,0.5438624,2.4391174635596258e-09
0.5945274710110626,0.6611846,0.66118455,5.893630983244691e-08
0.6820257045448365,0.7364333,0.7364333,2.7198028607067215e-08
1.4909238477136446,1.483334,1.4833341,-1.5472564696139557e-07
1.2668823181653242,1.2767527,1.2767527,1.0342407152919009e-08
1.0373145843938176,1.0267407,1.0267407,-2.9795837352963872e-08
0.802450904908425,0.7690353,0.7690352,7.975082394473532e-08
0.5613702456719484,0.5757671,0.57576704,5.985733031454998e-08
0.3214408789819688,0.36035943,0.36035943,3.131103709641536e-10
0.0907218526639654,0.089598924,0.089598924,-7.841491345139673e-11
-0.133780193902954,-0.14428668,-0.14428668,2.7586746220720215e-09
-0.3575914649419753,-0.37289226,-0.37289232,5.944854736261718e-08
-0.8459697631660125,-0.80919695,-0.80919695,9.94873072812652e-10
-0.8415948514893238,-0.746373,-0.746373,2.239227248068687e-09
-0.8268583068941618,-0.6995196,-0.6995196,2.5357818622673278e-08
-0.8010693538526286,-0.6490077,-0.6490077,2.1968078578460393e-08
-0.7598530806880351,-0.6080265,-0.6080265,-4.5166015372188895e-09
-0.7128803447909566,-0.6418134,-0.6418134,2.5924682400813026e-09
-0.6560064929940036,-0.7056836,-0.7056835,-8.898162839887647e-08
-0.701137160816687,-0.77000225,-0.77000225,4.096984862478337e-09
-0.8627786343448689,-0.8350059,-0.83500576,-1.194021606032436e-07
1.2519155150608627,1.0406317,1.0406317,-4.812164311474021e-08
1.4646743776535125,1.528929,1.5289289,9.513244636494278e-08
1.4798714392672734,1.7758986,1.7758986,-2.4217224225964173e-08
1.4605297244861233,1.7733325,1.7733325,-2.3384094216538642e-08
1.4253001725633143,1.6898515,1.6898516,-7.755432118727867e-08
1.3813207972871282,1.6031848,1.6031848,1.922149661659489e-08
1.3352690954272473,1.5262783,1.5262783,-4.2630004859489645e-08
1.2938225637533542,1.441274,1.441274,4.6897888239527674e-08
1.249843188477168,1.3470291,1.3470292,-1.1007232658677424e-07
-0.1763780181233439,-0.2180491,-0.2180491,5.919075007909669e-09
-0.0690775527898213,-0.13644265,-0.13644262,-2.638423921008659e-08
0.0600974709271446,-0.030564517,-0.030564487,-2.97827606188239e-08
0.2021669711648772,0.11211646,0.11211646,3.482379912211897e-09
0.3469995735142027,0.28585285,0.28585285,-5.165100014359325e-10
0.500812257726205,0.45735374,0.4573537,4.093055727683037e-08
0.6576183025590996,0.6541215,0.6541215,1.8135070778413365e-08
0.8105099527339041,0.8140857,0.8140857,2.1969604468985438e-08
0.9680067730946968,0.9423481,0.9423481,2.259674070081985e-08
1.696544696518013,1.8005115,1.8005114,7.937774659794172e-08
1.5544751962802803,1.6779681,1.6779681,4.4416809119596223e-08
1.4441813703258657,1.5925455,1.5925457,-1.9066162115777274e-07
1.3472425379108162,1.4940523,1.4940523,-9.083557239719653e-09
1.2820793797790846,1.3715825,1.3715825,8.087158276381956e-09
1.2113900174241676,1.2874604,1.2874604,4.63577269904647e-08
1.169482968731676,1.2358779,1.2358779,-2.8486633274482642e-08
1.1335626412809687,1.2169191,1.2169192,-1.3547821042791952e-07
1.112148599916124,1.2059556,1.2059555,1.245803833427317e-07
-0.9986311548315177,-0.9738797,-0.9738797,5.061340346834697e-09
-0.9355403232834808,-0.9143859,-0.9143859,-1.4802551295822752e-08
-0.861627341798372,-0.85683787,-0.85683787,1.3095092787906992e-09
-0.7801158295063827,-0.7839506,-0.7839506,-2.6850128120869954e-08
-0.6919268204447108,-0.7000851,-0.7000851,-3.5118102870157486e-09
-0.5991326411970507,-0.6027932,-0.6027931,-1.1670532229501873e-07
-0.4998912236890073,-0.4993103,-0.49931026,-5.465530394932472e-08
-0.3958143774856765,-0.40258533,-0.4025854,7.237472532395373e-08
-0.2825271909103694,-0.31653935,-0.31653935,2.828216549843887e-09
0.5588374020696549,0.6139653,0.6139653,-2.7096557664307852e-08
0.4768653727590669,0.5241204,0.5241204,-9.584808391416288e-09
0.3958143774856765,0.42752674,0.42752674,2.219924910562554e-09
0.3131515726471903,0.3170035,0.3170035,-1.1459350579556826e-08
0.2309492848273028,0.20202024,0.20202024,2.8102493387915928e-09
0.1563455278142957,0.102874234,0.102874234,3.18733220372458e-10
0.0824325463291868,0.021215722,0.021215692,2.996483611933387e-08
0.0013815510557964,-0.051318392,-0.051318392,-1.5755462906552609e-10
-0.0794391857082945,-0.12969564,-0.12969564,9.857559213344302e-10
-0.7785040199412869,-0.75543505,-0.75543505,4.661560026875122e-10
-0.744425760564975,-0.7172973,-0.7172972,-1.1559753421153118e-07
-0.6889334598238186,-0.6729732,-0.6729731,-1.1557998658151547e-07
-0.6426514994546383,-0.6252056,-0.62520564,6.358016968466274e-08
-0.5802514434344995,-0.5582297,-0.55822957,-1.148297119613062e-07
-0.5127857002097741,-0.49299216,-0.4929921,-6.27044677847799e-08
-0.4315044464270842,-0.42689717,-0.42689717,1.840515129192255e-09
-0.3569006894140771,-0.3666355,-0.3666355,-1.3847351043594358e-09
-0.2654880612222134,-0.2951548,-0.2951548,-9.951782231620854e-09
0.3423944033282146,0.35464805,0.35464805,3.64608765401897e-09
0.2917375312823456,0.28506935,0.28506935,-3.572082518665809e-09
0.2399293666899795,0.2337137,0.2337137,1.3673782384149291e-09
0.1865093925325177,0.20368434,0.20368434,4.887733467962008e-09
0.1317078673192594,0.16359834,0.16359833,1.3729972853093741e-08
0.0743734985037076,0.08663359,0.08663359,2.844009402980241e-09
0.0147365445951618,0.0018122792,0.0018122792,2.439575191165444e-11
-0.0458214433505815,-0.06747402,-0.06747399,-3.250766754392398e-08
-0.1093727919172171,-0.13802002,-0.13802002,-3.703575141011939e-09
0.3948933434484789,0.38745898,0.38745898,8.34655677905971e-11
0.3357169065585319,0.30803442,0.30803442,1.342775890478265e-11
0.2751589186127884,0.26854026,0.26854026,3.1759643803752624e-09
0.2139101551391468,0.22907597,0.22907598,-1.173446656510535e-08
0.1517403576283076,0.17958796,0.17958796,2.4322510672192266e-10
0.0898008186267678,0.087697744,0.087697744,3.6950684179082316e-10
0.0257889530415333,0.004722476,0.004722476,5.5541994614660695e-12
-0.0398347221087969,-0.06500311,-0.06500308,-3.195850371839892e-08
-0.1063794312963249,-0.13475443,-0.1347544,-3.422794342400337e-08
-0.579330409397302,-0.5542696,-0.5542696,-1.1835479707400509e-08
-0.5797909264159008,-0.5424857,-0.5424857,-1.3958740274766512e-08
-0.5447916330023913,-0.5261566,-0.5261566,-4.290008570606574e-09
-0.5088713055516841,-0.49256444,-0.49256444,2.2644042196873215e-10
-0.4810100259264562,-0.45549977,-0.45549977,1.742858912745504e-09
-0.43311625599218,-0.4168728,-0.41687274,-5.939651487318898e-08
-0.3783147307789217,-0.37717533,-0.37717545,1.1888427736694851e-07
-0.3292696682981485,-0.33392316,-0.33392322,5.897018434675161e-08
-0.2590408229618302,-0.2763431,-0.2763431,-7.223510734011285e-09
-0.0069077552789821,-0.049490556,-0.049490526,-3.012087249759654e-08
0.0200324903090481,-0.00523372,-0.00523369,-2.994495391841351e-08
0.0402952391273958,-0.0042840242,-0.004284054,2.9761413574032336e-08
0.0573343688155517,-0.030871853,-0.030871883,2.976761627124236e-08
0.0554923007411565,-0.056879923,-0.056879953,3.025238799747587e-08
0.042137307201791,-0.06687935,-0.06687941,6.303325653100877e-08
0.031315157264719,-0.06558387,-0.06558387,1.8512726074337849e-10
0.0138155105579642,-0.05111505,-0.05111505,-9.119033791971098e-10
-0.6002839337435477,-0.6499994,-0.6499994,1.9888305669013562e-08
-0.453609263319827,-0.54496044,-0.5449604,-3.9205169666267636e-08
-0.3347958725213343,-0.45435125,-0.45435125,3.6430358729688805e-09
-0.2355544550132909,-0.39252234,-0.39252228,-5.505249023318726e-08
-0.171312330918757,-0.3288837,-0.32888377,6.247665407244085e-08
-0.114438479121804,-0.25271887,-0.25271893,6.412857056492527e-08
-0.0805904782547916,-0.19435467,-0.19435464,-2.8259620671322594e-08
-0.0460517018598809,-0.14338036,-0.14338036,1.184806835974328e-09
-0.0246376604950362,-0.10155903,-0.101559,-2.8029441836996405e-08
-0.3856830030765027,-0.3789441,-0.37894404,-5.894943239104222e-08
-0.2961124429590342,-0.3719911,-0.37199104,-5.792709351082337e-08
-0.2228902370018236,-0.3090083,-0.30900824,-6.030441285220789e-08
-0.163944058621176,-0.21441723,-0.21441726,2.593685149987479e-08
-0.1153595131590017,-0.14277585,-0.14277579,-5.850788115102645e-08
-0.0732222059572106,-0.09624757,-0.09624754,-2.872653960539484e-08
-0.0393742050901981,-0.054871336,-0.054871336,3.7435150118669824e-10
-0.0089800818626767,-0.02629906,-0.02629906,6.089782705887004e-10
0.0218745583834434,0.009712115,0.009712085,2.993015289255718e-08
-0.3140726066843878,-0.40527284,-0.40527284,-1.453552223029675e-09
-0.0607882464550428,-0.21033193,-0.21033193,-1.710243224817276e-09
0.0280915381345273,-0.07786964,-0.07786967,3.119937896922664e-08
0.0794391857082945,-0.016804814,-0.016804785,-2.9338684082863553e-08
0.0895705601174683,-0.012270704,-0.012270734,3.008821868911993e-08
0.0748340155223065,-0.038037732,-0.038037732,-2.435379051202169e-10
0.0527291986295636,-0.05447714,-0.05447714,-3.0742645235060095e-10
0.0320059327926172,-0.052848503,-0.052848503,6.416318865110071e-12
0.010822149937072,-0.045272276,-0.045272276,1.945266725478234e-10
0.732452318081406,0.7734666,0.7734666,-1.2933349613497569e-08
0.8300819260243535,0.78110176,0.78110176,3.248443625203379e-09
0.621467716599093,0.620197,0.620197,-1.880645750240717e-09
0.4280505687875932,0.386914,0.386914,1.4816284199525853e-08
0.2650275442036147,0.18250158,0.18250158,4.291458133298676e-09
0.1420695002377326,0.05472356,0.05472353,3.081008911193228e-08
0.0522686816109648,-0.035234883,-0.035234854,-2.9427619931132742e-08
-0.0389136880715993,-0.088192,-0.088192,-9.851455623488548e-10
-0.0895705601174683,-0.13806506,-0.13806506,4.987297047565065e-09
2.212554015857979,2.1342125,2.1342127,-2.0610351558758566e-07
2.5496524734723067,2.5431697,2.5431697,3.686218263965202e-08
2.8208969974270057,2.86267,2.86267,-5.523681645414058e-08
3.010169492071116,3.0458105,3.0458105,-3.895568845280195e-08
3.158686230569232,3.1815717,3.1815717,2.2030639534875718e-08
3.250329117270395,3.3002596,3.3002594,1.9014892593816057e-07
0.2323308358830992,0.1443705,0.1443705,-3.726959241223682e-09
0.6723548471542614,0.5634624,0.5634624,-2.3405456572866967e-08
1.084747837309495,0.9940212,0.9940212,-2.2708129931992005e-08
1.4697400648580994,1.350002,1.350002,5.0399780349152934e-08
1.827101271290776,1.6652011,1.6652012,-1.3207550053628836e-07
2.156601198098224,1.9528621,1.9528624,-2.564834595819576e-07
2.458700362299042,2.2728677,2.2728672,4.795959474002132e-07
2.7331685053839325,2.558203,2.5582035,-5.180511473135141e-07
2.9800056273528943,2.8389673,2.8389668,5.233032225326895e-07
-0.1257211460774749,-0.17224641,-0.17224644,2.85572433478265e-08
0.2832179664382676,0.20039897,0.20039895,1.6670036323551685e-08
0.68064415348904,0.6943743,0.6943744,-7.710876459565696e-08
1.066557415074842,1.117191,1.1171911,-1.4293060313086414e-07
1.4411880097049734,1.5173515,1.5173515,8.140564000669315e-09
1.8043056788701344,1.8407754,1.8407753,7.059783935225994e-08
2.156370939588924,2.1774082,2.1774082,1.838378915763883e-08
2.4969232748427435,2.5014224,2.5014224,5.242919876025098e-09
2.825962684631593,2.8020103,2.8020103,-2.224731510125366e-09
0.6606116631799918,0.6982533,0.6982533,-2.6036071743007483e-08
0.9610990178157148,1.0101563,1.0101564,-1.2615814215521937e-07
1.2562904267375514,1.2870305,1.2870306,-1.4154968264179502e-07
1.5459556314362024,1.5235399,1.5235399,7.797240630935676e-10
1.8305551489302665,1.7832161,1.7832161,1.881256106450735e-08
2.1096284622011447,2.0388734,2.0388732,2.3406677263082543e-07
2.383175571248837,2.2942863,2.2942863,-4.893188476629007e-08
2.651426734582644,2.5620852,2.562085,1.516723631134198e-07
2.914381952202564,2.840309,2.8403094,-4.953521730577393e-07
-0.5995931582156496,-0.59122133,-0.5912213,-3.25500488784769e-08
-0.5970603146133561,-0.59473294,-0.59473294,-1.9699097908443264e-10
-0.5740344636834156,-0.6012189,-0.6012189,2.0777130127491716e-08
-0.5441008574744931,-0.5914342,-0.59143424,5.926345825191248e-08
-0.5125554417004746,-0.57083315,-0.5708332,5.342788700346546e-08
-0.4770956312683663,-0.5569067,-0.5569067,-1.3427736700322157e-10
-0.4391029772339646,-0.53252476,-0.5325248,3.546218874106444e-08
-0.3992682551251675,-0.4891773,-0.4891774,1.1337509153719338e-07
-0.3578217234512748,-0.42181623,-0.42181623,1.7974854937818918e-10
-0.6813349290169382,-0.6083155,-0.6083156,7.256088252471926e-08
-0.6827164800727346,-0.58850116,-0.58850116,4.623565641459493e-09
-0.6645260578380817,-0.57567334,-0.57567334,-1.7510985994562134e-09
-0.6385068462872489,-0.55275095,-0.552751,5.49087524337466e-08
-0.6039680698923382,-0.5331024,-0.53310245,5.6849670415637377e-08
-0.5588374020696549,-0.52450246,-0.52450246,3.811798099384589e-09
-0.5111738906446782,-0.50610274,-0.50610274,-7.646179245313078e-10
-0.4616683111453062,-0.46736103,-0.46736097,-6.296279908557523e-08
-0.4098601465529402,-0.41312498,-0.41312504,6.14576721180704e-08
1.2625074064886357,1.268579,1.2685791,-9.380493160016101e-08
1.0803729256328063,1.0967549,1.0967549,8.56170645491261e-09
0.8772849204307315,0.94109696,0.941097,-3.8501739463292495e-08
0.6580788195776983,0.7331514,0.7331513,7.624740605560731e-08
0.4275900517689943,0.44826025,0.44826028,-3.229263306758767e-08
0.1869699095511165,0.17477272,0.17477274,-1.549076081297507e-08
-0.052959457138863,-0.08695941,-0.08695941,3.2664871224552527e-09
-0.2845995174940641,-0.31579167,-0.31579173,6.349227904545174e-08
-0.5185421629422592,-0.5605025,-0.5605026,7.085571285259107e-08
1.4796411807579737,1.496061,1.4960607,2.674453736251081e-07
1.2830004138162825,1.3000259,1.3000259,3.9941406182464334e-08
1.0635640544539495,1.1147687,1.1147686,1.435150145390196e-07
0.8222531367081737,0.88827413,0.8882741,3.320541386298004e-08
0.5636728307649425,0.62508374,0.62508374,4.525909425012742e-09
0.2995663205985253,0.3143108,0.3143108,-1.0891723634109951e-08
0.0343085178856112,0.03809139,0.03809139,1.3249969454953714e-09
-0.2238112710390212,-0.25283563,-0.25283563,-1.370544455703282e-09
1.383623382380122,1.3362883,1.3362886,-2.670608520993767e-07
1.2698756787862162,1.2341968,1.2341969,-1.1788787834809966e-07
1.1284969540763818,1.1048512,1.1048512,4.5880127030883955e-08
0.9394547179415706,0.93362916,0.93362916,-4.841003375943842e-09
0.7096567256607649,0.7205736,0.7205736,4.1069030398688255e-09
0.4658129643126955,0.45130143,0.45130143,-4.304580691893989e-09
0.1825949978744278,0.14302942,0.14302942,1.5679168796634002e-09
-0.1462141534051219,-0.16673927,-0.16673927,-9.105682874377408e-11
-0.4464712495315455,-0.4592638,-0.45926386,5.842529299249222e-08
1.585099578017101,1.6466696,1.6466695,1.2623596190586284e-07
1.3541502931897984,1.4130512,1.4130514,-1.5240325934584575e-07
1.0741559458817225,1.1739508,1.1739508,-8.64105231812573e-09
0.7706752306251071,0.9013753,0.9013753,-6.268310537294042e-09
0.4492343516431383,0.58929145,0.58929145,3.361511180521859e-09
0.1563455278142957,0.2902009,0.2902009,-1.0889434798322384e-08
-0.1710820724094576,-0.06163217,-0.06163217,-1.2732315063379573e-09
-0.4667339983498931,-0.39845687,-0.39845693,5.849044798500458e-08
-0.7481098967137656,-0.7026389,-0.7026389,-2.4121856734282687e-08
0.1646348341490742,0.21508718,0.21508718,-4.630737293620513e-09
2.35139989696552,2.4485643,2.4485643,-8.999633926976003e-09
0.3955841189763771,0.32270256,0.32270253,2.684852601353427e-08
0.4642011547475996,0.40393573,0.40393573,4.57305915357864e-10
0.5261406937491395,0.4483623,0.4483623,-9.140777579297321e-09
0.5807119604530984,0.52163464,0.5216347,-6.169052124693764e-08
0.6304477984617698,0.54717207,0.54717207,-4.504394635063136e-10
0.6755784662844531,0.5834936,0.5834936,-9.645080512044046e-09
0.7163342224304476,0.6739216,0.6739216,-1.4916992197022694e-08
0.7536361009369512,0.76453507,0.76453507,-5.343627762499636e-10
0.7884051358411612,0.89410764,0.89410764,-2.1041868247806406e-10
1.409642593930955,1.4308854,1.4308853,1.3415069588518236e-07
2.376267815969856,2.4637349,2.4637349,-3.481140131711413e-08
2.9146122107118635,2.9635396,2.9635396,3.723146235756758e-10
3.2079615515593045,3.2416356,3.2416356,-3.9010620067614354e-08
3.3656886304293967,3.2771406,3.2771401,5.173706054684146e-07
3.4366082512936136,3.3267078,3.3267078,3.996582043086505e-08
3.452726346944572,3.3420637,3.3420637,-3.4609985544165056e-08
3.437068768312212,3.3576596,3.357659,5.783233643086305e-07
3.4071351621032897,3.294038,3.294038,5.732727048624042e-08
1.6136516331702273,1.5249594,1.5249592,2.449996947540001e-07
1.892034170913208,1.772661,1.7726609,7.068786622710377e-08
2.2033436754860025,2.1034,2.1034,-8.01086441626353e-09
2.616657699678434,2.4598868,2.4598868,-1.0678100625938214e-08
3.0417149078451344,2.821,2.821,9.918212873216703e-08
3.4831204701720933,3.2799118,3.2799122,-4.4348449712572346e-07
3.9977482384562624,3.8123055,3.812306,-5.495605468475162e-07
4.540467544874959,4.3977485,4.397749,-5.296936036458533e-07
5.106903477751495,5.0323744,5.0323744,-1.7980957167651468e-08
0.1356222619773493,0.13913557,0.13913557,-6.659698348343568e-10
0.0851956484407796,0.09204458,0.09204458,-2.9974746712513323e-09
0.0260192115508327,0.040144935,0.040144935,2.502822879502098e-10
-0.0377623955251023,-0.015486538,-0.015486509,-2.9410186766845592e-08
-0.1045373632219296,-0.06637554,-0.06637554,1.293220516784821e-09
-0.1648650926583736,-0.11970417,-0.1197042,2.798480987220575e-08
-0.2065418828415659,-0.18524806,-0.18524803,-3.20145797649829e-08
-0.2470673804782611,-0.24615832,-0.24615832,3.2685470718885057e-09
-0.299336062089226,-0.3049304,-0.30493045,6.107254030274234e-08
2.472285614347707,2.0794675,2.0794675,3.50189210962526e-08
3.425325584337943,3.2207773,3.2207778,-5.268218994380902e-07
3.7762395525102352,3.4900649,3.4900653,-4.406097411369103e-07
3.787291960956607,3.4674692,3.4674687,5.153930664469897e-07
3.7087738092855096,3.3280733,3.3280733,-3.683166482915112e-08
3.558415002712999,3.2350392,3.2350392,3.416137683842635e-08
3.320327704097414,3.0619652,3.0619648,4.271270750422218e-07
3.09766772560489,2.910163,2.910163,-7.427978498952825e-08
2.901487475681797,2.8218188,2.8218188,2.858276371142665e-08
1.172936846371167,1.174505,1.174505,-4.653930574249898e-09
1.11376040948122,1.0741211,1.0741211,1.7591857970344904e-08
1.049978802405285,0.991531,0.9915311,-8.555755615091698e-08
0.9809012496154637,0.90982604,0.909826,4.026794431233327e-08
0.9056067170745582,0.8211784,0.8211784,-2.3325347875413627e-08
0.8231741707453714,0.7117988,0.7117987,8.711700438812642e-08
0.7317615425535079,0.5726438,0.5726438,1.6471099817394474e-08
0.629987281443171,0.48241895,0.48241895,4.372405992825179e-09
0.5155488023213668,0.42584723,0.42584723,2.341766336400042e-09
1.0532024215354765,0.98387736,0.98387736,8.207702295592867e-10
0.9841248687456552,0.97579014,0.9757901,4.301300049469603e-08
0.9138960234093368,0.93697435,0.93697435,-3.3622741257843813e-09
0.842285627017222,0.8591942,0.85919416,5.911239620015607e-08
0.7692936795693107,0.75503105,0.7550311,-5.074844355856811e-08
0.694920181065603,0.6324882,0.6324882,-8.872222845290878e-09
0.6191651315060989,0.54435664,0.54435664,4.153595023481671e-09
0.5420285308907984,0.48078573,0.48078573,-2.4990844949002167e-09
0.4637406377290008,0.40101433,0.40101436,-3.199707032663923e-08
0.5040358768563967,0.5046298,0.5046298,-9.21707155043805e-09
0.5088713055516841,0.5199184,0.5199183,8.21678161067041e-08
0.5137067342469717,0.5250374,0.5250374,7.875061047712961e-09
0.5180816459236603,0.5403551,0.540355,8.632659909135754e-08
0.5217657820724508,0.5466885,0.5466885,-2.933502218915862e-09
0.5242986256747443,0.54311746,0.54311746,3.5887145477531135e-09
0.5263709522584389,0.5401865,0.5401865,2.439117430252935e-08
0.5279827618235348,0.50527287,0.50527287,-4.704589828818939e-09
0.52982482989793,0.50249517,0.5024952,-3.036041262838296e-08
1.1540556486086158,1.1271491,1.127149,1.0507202152787443e-07
1.0725441363166266,0.9721158,0.97211576,5.468582153778101e-08
0.983434093217757,0.8233871,0.823387,8.639144899458273e-08
0.8839624172004142,0.674417,0.67441696,5.889038090511889e-08
0.7722870401902029,0.5323387,0.5323387,-2.116317754374819e-08
0.6454146015662311,0.42120725,0.42120725,-8.354186786796447e-10
0.4982794141239116,0.30332536,0.30332536,-4.9470519902783394e-09
0.3239737225842622,0.14139917,0.14139915,2.492866515990677e-08
0.1105240844637142,-0.025424838,-0.025424838,-6.610107253224307e-11
1.0011639984338112,0.97882634,0.97882634,4.01321409437827e-09
0.8795875055237256,0.9412373,0.9412372,7.083206177149748e-08
0.7559386860299452,0.85048616,0.8504862,-4.067535397389577e-08
0.6304477984617698,0.6844854,0.6844854,-2.4118804953232598e-08
0.5028845843098997,0.51774377,0.51774377,-3.6921692370128767e-09
0.3730187850650354,0.43021822,0.43021822,-2.429199064124532e-10
0.2410806592364766,0.28567407,0.28567404,2.5351486188096573e-08
0.1075307238428219,0.122407705,0.12240769,1.4591751099080064e-08
-0.0283217966438267,-0.026548982,-0.026549011,2.9333435059425428e-08
0.4630498622011026,0.47295213,0.47295213,-2.543334987059609e-09
0.4239059156202038,0.45543063,0.4554307,-7.313079836146485e-08
0.3822291254370116,0.42803383,0.42803383,-1.2646484415235193e-09
0.3354866480492325,0.39722586,0.39722583,2.6781005857401396e-08
0.2841390004754652,0.34375456,0.34375456,-2.446746694140245e-10
0.2268046316599135,0.26676562,0.26676562,4.28474428160186e-09
0.1637138001118766,0.20074663,0.20074663,-4.338150033644794e-09
0.0911823696825642,0.12078679,0.12078681,-1.6470012659253186e-08
0.0103616329184732,0.008910373,0.008910373,-1.467208854410984e-10
1.3714196813872537,1.4893634,1.4893633,1.3193054204663213e-07
1.1266548860019867,1.3208166,1.3208166,3.608551035760854e-08
0.9106724042791452,1.1367527,1.1367527,2.4647522023357737e-08
0.7188670660327411,0.9581344,0.9581344,1.2765502876987966e-08
0.5438705989651936,0.77261066,0.7726107,-3.5632324202339305e-08
0.3937420509019819,0.577521,0.577521,2.613449101573906e-08
0.2645670271850159,0.38707703,0.38707703,3.519744884439291e-09
0.1487469970074153,0.17959665,0.17959665,-2.379798885732143e-09
0.0405254976366952,0.025441572,0.025441602,-2.9929878235523955e-08
1.1611936623968973,1.1369787,1.1369787,4.54605102451211e-08
1.0872806809117883,0.996386,0.99638593,6.157333376499707e-08
1.0069204611662963,0.8616272,0.8616272,2.1107482872650962e-08
0.9182709350860256,0.73863435,0.73863435,-2.0843505810219654e-09
0.8199505516151798,0.60073435,0.60073435,3.0654907501315165e-09
0.7096567256607649,0.46540773,0.4654078,-7.085113523652709e-08
0.5841658380925894,0.36334404,0.36334404,3.493270894772138e-09
0.4393332357432639,0.23803188,0.23803188,-9.325790417680224e-10
0.2670998707873093,0.11908522,0.11908522,2.4826812689004996e-09
1.023268815326554,0.95931864,0.9593187,-6.215209957805001e-08
0.9237971393092111,0.9298136,0.9298136,2.3428344708698035e-08
0.8222531367081737,0.8708089,0.8708089,-5.973815886406442e-10
0.7188670660327411,0.7433197,0.74331975,-5.977249140087793e-08
0.6131784102643144,0.6062655,0.6062654,8.528671269214527e-08
0.5054174279121931,0.48121303,0.4812131,-6.680068970199571e-08
0.3955841189763771,0.3376135,0.33761352,-2.679588317899828e-08
0.2836784834568664,0.21242677,0.21242677,-3.246803270684495e-09
0.1697005213536611,0.108067475,0.108067475,2.5930405045393456e-10
-0.0911823696825642,-0.12611507,-0.12611501,-5.87932968143523e-08
-0.0750642740316058,-0.113196716,-0.113196746,3.0287452698618544e-08
-0.0568738517969529,-0.102837875,-0.102837905,2.9514579766298787e-08
-0.0349992934135095,-0.09461938,-0.09461938,1.552467349119624e-09
-0.0161180956509583,-0.07793896,-0.07793893,-2.900249480852768e-08
0.0066774967696827,-0.054196134,-0.054196164,2.9790367124526984e-08
0.0292428306810243,-0.015146092,-0.015146062,-2.9580390930109002e-08
0.05411074968536,0.031413257,0.031413257,1.220397949364127e-10
0.0792089271989951,0.08341855,0.08341855,-1.892852777296561e-09
0.4782469238148633,0.4749788,0.4749788,4.588317892295635e-09
0.4538395218291264,0.46274346,0.46274346,1.1320495652000773e-09
0.4282808272968925,0.44683984,0.44683987,-3.077995297529057e-08
0.4011103231995628,0.43596542,0.43596542,-1.1843871994265953e-09
0.3711767169906402,0.40413716,0.40413716,4.3543243455346214e-09
0.3387102671794241,0.36635345,0.36635345,2.2056579340734572e-09
0.3032504567473159,0.34406355,0.34406355,2.338409466062785e-10
0.2645670271850159,0.31131503,0.311315,2.985954283829528e-08
0.2228902370018236,0.22430348,0.22430348,3.963012695784585e-09
1.205863813200982,1.403332,1.4033321,-1.0498962410565582e-07
0.9788289230317688,1.2431747,1.2431747,-2.787322994635133e-08
0.7789645369598857,1.0755538,1.0755538,-2.5166320805070086e-08
0.6090337570969252,0.9328469,0.9328469,3.800964321065692e-09
0.4623590866732044,0.7514652,0.75146526,-5.8622131371421915e-08
0.3301907023353462,0.55641085,0.55641085,-9.056091432313451e-10
0.2201271348902308,0.3430397,0.3430397,-8.551788333033272e-09
0.1858186170046195,0.2655515,0.26555148,2.7472991936949853e-08
0.2030880052020748,0.2214006,0.2214006,3.6520004242923676e-09
-0.2433832443294706,-0.23443423,-0.23443423,-2.1157455509790424e-09
-0.2028577466927754,-0.2005872,-0.20058723,3.1861763005736066e-08
-0.1740754330303498,-0.17146187,-0.17146187,4.694099414725983e-09
-0.1469049289330201,-0.13949032,-0.13949035,2.872142793042265e-08
-0.1112148599916124,-0.10383047,-0.10383047,-1.6348648129715926e-09
-0.0688472942805219,-0.06898306,-0.06898306,-3.1017684948286828e-09
0.4443989229478509,0.40925062,0.4092506,1.7027282694925816e-08
0.3783147307789217,0.3727341,0.37273413,-3.037345885914533e-08
0.3177567428331783,0.3224194,0.3224194,4.983520485168924e-09
0.2537448772479438,0.26268408,0.26268408,-2.975540147609479e-09
0.2023972296741766,0.19404481,0.19404481,3.5137557863329505e-09
0.1549639767584993,0.14465669,0.14465669,-2.0250701948665295e-09
0.1093727919172171,0.08368054,0.08368054,3.2325744858674454e-10
0.0693078112991207,0.040538162,0.040538177,-1.5006973268227863e-08
0.0306243817368208,0.0022789687,0.0022789687,-8.174133245275605e-12
1.1920483026430178,1.1153679,1.1153679,-1.0595703203719609e-08
1.138858586994855,0.9388937,0.9388937,-2.419586186963585e-08
1.0709323267515307,0.77497494,0.7749749,4.2207336403699e-08
0.988039263403745,0.6174283,0.6174283,2.764892537143737e-09
0.8904096554607975,0.47399974,0.47399974,-1.306762698050079e-09
0.7752804008110953,0.3707267,0.37072667,3.459747316414408e-08
0.6362042611942549,0.24554783,0.24554783,1.0585022025555446e-09
0.462128828163905,0.10173474,0.10173473,1.2522239689616299e-08
0.231640060355201,-0.030690983,-0.030691043,6.006218719600831e-08
-0.2933493408474414,-0.29323262,-0.29323262,2.375793450859476e-10
-0.250981775136351,-0.24511378,-0.24511378,4.865913394436205e-09
-0.212298345574051,-0.19289072,-0.19289075,3.1420707702345396e-08
-0.1768385351419427,-0.13833843,-0.13833846,2.828403472543428e-08
-0.1439115683121278,-0.08498789,-0.084987864,-2.970059967410954e-08
-0.1130569280660076,-0.05861692,-0.05861695,2.8694343567892133e-08
-0.0840443558942826,-0.05346717,-0.05346714,-2.9404029842916568e-08
-0.0566435932876535,-0.04754789,-0.047547862,-2.9736030575377992e-08
-0.0299336062089225,-0.03714387,-0.03714384,-3.118816375990985e-08
-0.0957875398685523,-0.14027591,-0.14027588,-3.04967117392696e-08
-0.0854259069500791,-0.13877125,-0.13877119,-6.084400178130167e-08
-0.0750642740316058,-0.1375039,-0.1375039,-7.084465014628449e-09
-0.0651631581317315,-0.12966047,-0.12966047,-2.2738265992305884e-09
-0.0534199741574618,-0.11705224,-0.11705224,-2.1598434429837e-09
-0.0446701508040844,-0.1037073,-0.1037073,1.3635635398578927e-09
-0.0303941232275214,-0.09052865,-0.09052868,2.792804718043662e-08
-0.0211837828555452,-0.074910715,-0.074910715,-2.2235870089648557e-10
-0.0135852520486648,-0.05777569,-0.05777563,-6.115161895609011e-08
-0.5242986256747443,-0.47805148,-0.47805136,-1.2363113405244874e-07
-0.4625893451825038,-0.41446722,-0.41446716,-5.5538024901213845e-08
-0.3983472210879699,-0.353257,-0.353257,-4.463195923953833e-10
-0.3389405256887235,-0.28967857,-0.28967857,-3.608398413401659e-09
-0.2813758983638724,-0.23894517,-0.23894523,5.8763008126128113e-08
-0.221969202964626,-0.18644933,-0.18644933,-4.025382999151006e-09
-0.1646348341490742,-0.1319801,-0.13198014,3.376544951971816e-08
-0.1102938259544148,-0.08049403,-0.08049403,-1.310081487737591e-09
0.4506159026989348,0.45551652,0.45551652,-2.837676982281323e-09
0.402952391273958,0.42037305,0.42037305,2.358627293475024e-09
0.3552888798489813,0.37244755,0.37244755,2.9678343116401606e-10
0.3064740758775075,0.32111278,0.32111278,1.7630767956688942e-09
0.2560474623409379,0.27115712,0.27115712,-4.302139255951687e-09
0.2046998147671707,0.21948507,0.21948507,4.28169250055177e-09
0.15081932359111,0.16025935,0.16025935,1.134300237071173e-09
0.0962480568871511,0.08541317,0.08541317,2.84107208592399e-09
0.0405254976366952,0.017442971,0.017442986,-1.4532028198843694e-08
1.4952987593903333,1.5796404,1.5796404,-1.151123041331914e-08
1.2392512970493956,1.4245008,1.4245007,1.2302093499449995e-07
1.007380978184895,1.2064897,1.2064896,8.219757074989786e-08
0.8056745240386166,1.0180722,1.0180724,-1.5249481211121463e-07
0.6309083154803686,0.8122343,0.8122343,-1.7506408656053907e-08
0.4805495089078573,0.5484257,0.5484257,-2.5561523453454527e-08
0.3361774235771307,0.36246425,0.36246422,2.913406371707339e-08
0.2141404136484462,0.19651057,0.19651057,-1.7388534501172614e-09
0.1054583972591273,0.0853772,0.0853772,1.4379501339645273e-09
1.671446519004378,1.6729778,1.6729776,2.0513763421270426e-07
1.369347354803559,1.421971,1.421971,-3.6521911717102284e-08
1.0732349118445248,1.2007726,1.2007726,4.3089294354814456e-08
0.8017601293805268,0.9583976,0.9583977,-7.312316896435078e-08
0.5837053210739906,0.7481027,0.74810266,6.455215451062202e-08
0.4229848815830062,0.5647244,0.5647244,-1.4261627212519556e-08
0.3230526885470646,0.3914159,0.3914159,-5.968475325079936e-09
0.2666393537687105,0.20193256,0.20193255,1.4377784740560173e-08
0.1878909435883141,0.07370448,0.07370448,1.1248779269168452e-09
-0.570810844553224,-0.6150318,-0.6150317,-7.881240848828241e-08
-0.4688063249335877,-0.52352786,-0.5235278,-6.06414795045751e-08
-0.3866040371137003,-0.39486855,-0.3948685,-5.268478392439491e-08
-0.2866718440777587,-0.27265632,-0.27265632,-1.5255737229047384e-09
-0.2072326583694641,-0.21454196,-0.21454196,3.2176590003540895e-09
-0.1551942352677986,-0.1855715,-0.1855715,-6.619453429834721e-09
-0.124109336512379,-0.1506489,-0.1506489,-6.8269729591730055e-09
-0.0990111589987439,-0.13941868,-0.1394187,2.3504447943523132e-08
-0.080820736764091,-0.10649334,-0.10649337,3.1057472232864924e-08
0.4671945153684919,0.46091065,0.46091065,-1.892471290787512e-09
0.4206822964900122,0.39300787,0.3930079,-2.5511169454706106e-08
0.3702556829534426,0.32594454,0.32594454,2.88482665533607e-09
0.3193685523982741,0.27188072,0.27188072,-3.91456606019247e-09
0.2652578027129141,0.20315015,0.20315015,3.1600952132837534e-09
0.2070023998601647,0.15386641,0.15386643,-1.9744567869572904e-08
0.1464444119144213,0.092719354,0.09271935,3.735446924002517e-09
0.0833535803663844,0.029066771,0.029066756,1.5268844605342835e-08
0.0211837828555452,-0.020129204,-0.020129204,2.0361328248452715e-10
1.186522098419832,1.0825227,1.0825227,4.990081792222156e-08
1.1259641104740885,0.854862,0.8548619,7.47161865710666e-08
1.047215700293692,0.63579875,0.6357988,-4.7692108151586865e-08
0.9518886774437384,0.46212396,0.462124,-3.9743423441152004e-08
0.8392922663963297,0.33602813,0.3360281,2.8862380985206215e-08
0.7050515554747769,0.19104815,0.19104816,-1.4705810541526532e-08
0.5411074968536007,0.017378166,0.017378181,-1.468206024118901e-08
0.3301907023353462,-0.12895663,-0.12895663,-8.259964101586803e-10
0.0363808444693059,-0.27794468,-0.27794468,-4.0286254887611506e-09
1.3382624560481395,1.32305,1.3230499,1.221252441396814e-07
1.1225102328345973,1.1245182,1.1245182,-4.3948364281121144e-08
0.903304131981564,0.9471005,0.94710046,6.01339721351124e-08
0.685249323675028,0.6667247,0.6667246,8.185424804629804e-08
0.4734114951195758,0.44582123,0.4458213,-7.43568420169538e-08
0.2647972856943152,0.2354284,0.2354284,-7.11288453136838e-09
0.0667749676968273,0.067622796,0.067622796,-2.9897308240212084e-10
-0.1114451185009118,-0.08908959,-0.08908956,-2.7330818178072924e-08
-0.2654880612222134,-0.225511,-0.225511,4.3964384910388787e-10
0.1660163852048707,0.15463737,0.15463735,1.653327941220084e-08
0.1098333089358159,0.12722968,0.12722969,-1.4349403387736714e-08
0.0596369539085457,0.093528524,0.093528524,4.1175840514995343e-11
0.0089800818626767,0.024895415,0.024895415,-2.8995513975949017e-10
-0.0423675657110904,-0.043098465,-0.043098465,3.918075586195613e-10
-0.0976296079429475,-0.11161502,-0.11161499,-2.705646515166471e-08
-0.1535824257027028,-0.16994657,-0.1699466,3.377590179765022e-08
-0.2072326583694641,-0.22051834,-0.22051834,4.299964911913534e-09
-0.2475278974968599,-0.29796863,-0.29796863,3.977661144904943e-09
-0.0792089271989951,-0.14412297,-0.14412288,-9.308444975930641e-08
-0.1075307238428219,-0.16812266,-0.1681227,3.590602876135662e-08
-0.143451051293529,-0.19206245,-0.19206242,-3.243549345777197e-08
-0.1685492288071641,-0.21656431,-0.21656434,2.7422752374439696e-08
-0.1766082766326433,-0.2411039,-0.24110396,5.7540855413762415e-08
-0.2046998147671707,-0.25706798,-0.25706798,1.6178893780249837e-09
-0.2293374752622069,-0.27142173,-0.27142167,-6.05183410606891e-08
-0.2546659112851415,-0.29077756,-0.29077756,-4.048767099362749e-09
-0.2809153813452736,-0.32129014,-0.32129008,-5.5383605979120176e-08
0.4292018613340901,0.43822742,0.43822747,-5.49151611406451e-08
0.3601243085442688,0.38188294,0.38188294,-4.237594608547113e-09
0.2885139121521539,0.28479373,0.28479373,4.550476051523589e-09
0.213449638120548,0.21164583,0.21164583,-3.3026504586697314e-09
0.1335499353936546,0.13905035,0.13905036,-1.0406837475107622e-08
0.0462819603691803,0.06540266,0.06540261,4.679359436043917e-08
-0.0474332529156773,-0.021492735,-0.021492764,2.9448570252471606e-08
-0.1492075140260141,-0.123551205,-0.123551175,-2.9800605774732425e-08
-0.2571987548874349,-0.22051726,-0.22051726,-2.816429145457988e-09
0.3170659673052801,-0.27050346,-0.27050346,-1.3609314231111114e-09
0.1812134468186314,-0.3104949,-0.31049496,6.025024412714686e-08
0.0511173890644678,-0.35349655,-0.35349655,-1.5136718545250005e-09
-0.0439793752761862,-0.40242404,-0.40242404,2.5434875317031924e-09
-0.1073004653335225,-0.4247296,-0.4247296,1.4352416977114757e-08
-0.1936474063207992,-0.42640185,-0.4264018,-5.3561401369695005e-08
-0.2869021025870581,-0.42375726,-0.42375726,4.922637963922227e-09
-0.3596637915256699,-0.42664903,-0.42664903,-4.023284927434645e-09
-0.41377454121103,-0.43672878,-0.43672872,-5.550125120601379e-08
1.5567777813732746,1.5503424,1.5503424,4.060516367587752e-08
1.3297428912040616,1.3374598,1.3374597,1.0262756355849945e-07
1.0992541233953574,1.1250061,1.1250061,-2.032623291903235e-08
0.8678443215494559,0.9028874,0.9028874,3.964996331262682e-09
0.6362042611942549,0.6055251,0.60552514,-6.361068727311903e-08
0.4100904050622396,0.4115233,0.4115233,1.2330245990899158e-08
0.1848975829674218,0.18270403,0.18270403,1.4674377546430861e-09
-0.0230258509299404,-0.021472856,-0.021472856,-4.0239715726198e-10
-0.2169035157600391,-0.19672577,-0.19672574,-3.0831108083217984e-08
1.5203969369039685,1.5581583,1.5581584,-1.2153472894738115e-07
1.2477708618934735,1.3561686,1.3561687,-7.226104736801631e-08
0.9762960794294754,1.1339873,1.1339873,7.548522917844025e-09
0.7087356916235674,0.93386596,0.93386596,4.412689214028376e-09
0.470648393007983,0.56859773,0.5685978,-6.602554325496612e-08
0.2687116803524051,0.31544012,0.3154401,1.8312835692313456e-08
0.102465036638235,0.071441025,0.07144101,1.4541854859162484e-08
-0.0398347221087969,-0.089203194,-0.089203194,2.1623992874086895e-10
-0.1697005213536611,-0.22571744,-0.22571738,-6.024753571032271e-08
1.685031771053043,1.6442255,1.6442256,-1.218276977077437e-07
1.383162865361523,1.3568332,1.3568333,-8.047180166670387e-08
1.0746164629003212,1.1027068,1.1027068,-1.0029602037775476e-08
0.7658398019298197,0.8511661,0.8511662,-7.08877563315724e-08
0.4770956312683663,0.59379184,0.59379184,2.4606323645315342e-09
0.2302585092994046,0.30754557,0.30754557,2.5193023778236068e-09
0.0481240284435755,0.103893824,0.10389384,-1.6078319550749676e-08
-0.0930244377569594,-0.07692994,-0.07692994,-1.7734146096071157e-09
-0.2053905902950689,-0.2252867,-0.22528665,-5.728206634025845e-08
0.7605438562159333,0.6803329,0.68033296,-6.090637205691252e-08
0.5751857562299126,0.50310725,0.50310725,-2.632141171687863e-10
0.4236756571109044,0.3505201,0.3505201,4.169845579937714e-09
0.2974939940148307,0.22193518,0.22193517,1.2809829724735877e-08
0.1899632701720087,0.09021695,0.090216964,-1.4417900082164259e-08
0.0739129814851088,-0.04056953,-0.04056953,1.0626602167662647e-09
-0.060327729436444,-0.16415422,-0.16415422,3.352851857263417e-09
-0.2367057475597879,-0.2765866,-0.27658653,-6.21974182157814e-08
-0.3895973977345925,-0.4036063,-0.40360624,-5.5585632319221645e-08
1.7635499227241398,1.7877508,1.7877508,4.018707278063971e-08
1.5286862432387471,1.5752592,1.5752592,8.679199137162641e-09
1.288526618039468,1.3426527,1.3426526,7.848968497370379e-08
1.0453736322192968,1.0908653,1.0908653,-4.559783928215211e-08
0.7994575442875328,0.82766813,0.8276682,-6.960220333418476e-08
0.5523901638092716,0.51504415,0.5150442,-4.7263336133696043e-08
0.3014083886729206,0.29088932,0.29088932,2.7577209404938685e-09
0.0568738517969529,0.050534323,0.050534338,-1.514214324760399e-08
-0.1772990521605415,-0.15953185,-0.15953182,-2.6642494210804557e-08
-0.143451051293529,-0.15839623,-0.1583962,-2.9147911084770328e-08
-0.1697005213536611,-0.19771026,-0.19771026,-7.488632214336377e-10
-0.191805338246404,-0.22715907,-0.22715904,-2.7988395684408474e-08
-0.2106865360089552,-0.26195693,-0.26195693,-1.6052248419384796e-10
-0.2261138561320153,-0.28919345,-0.2891934,-5.1404571543844924e-08
-0.2394688496713807,-0.31020278,-0.31020284,6.261428830978133e-08
-0.2516725506642492,-0.33205497,-0.3320549,-7.264862061928667e-08
-0.2627249591106206,-0.35476142,-0.35476136,-6.168045041388126e-08
-0.2728563335197944,-0.35227728,-0.35227728,1.0998535415751576e-09
-0.6426514994546383,-0.66256124,-0.66256124,2.187957814925312e-09
-0.5807119604530984,-0.6136643,-0.61366427,-5.9051971423862426e-08
-0.501963550272702,-0.5488909,-0.5488909,1.1309051473062937e-08
-0.4607472771081086,-0.46837145,-0.46837145,-9.010314716562107e-10
-0.440484528289761,-0.4231586,-0.4231586,1.397476195874603e-08
-0.4259782422038984,-0.40865386,-0.40865386,4.67620847599548e-09
-0.41377454121103,-0.42292118,-0.42292118,-7.250976485906335e-10
-0.4068667859320479,-0.43561798,-0.43561792,-6.334121704920648e-08
-0.4015708402181616,-0.42569953,-0.42569947,-6.20320129152141e-08
1.3113222104601092,1.1762121,1.1762121,-2.762756357022056e-08
1.505890650818106,1.2610548,1.2610549,-1.4574279783019506e-07
1.640822137267557,1.3271449,1.3271449,-3.877868648416438e-08
1.7246362346525403,1.4036039,1.403604,-8.860015876521743e-08
1.803614903342236,1.4114889,1.4114889,-9.352111751681491e-09
1.7303926973850254,1.3595556,1.3595556,2.073669458368954e-09
1.6281579192560898,1.344794,1.344794,3.495788569729541e-08
1.4501680915676505,1.2652771,1.2652771,4.729309077688981e-08
1.251454998042264,1.0860058,1.0860058,6.922912687556959e-09
0.1839765489302242,0.96252847,0.9625285,-3.282165528251113e-08
0.6143297028108115,0.50545526,0.50545526,-4.4915771102438384e-09
0.7559386860299452,0.6022725,0.60227257,-5.9471435553959395e-08
0.932777221171888,0.76082754,0.76082754,1.3513183905189408e-09
1.0610312108516564,0.9201796,0.9201796,5.48400880262534e-09
1.170173744259574,1.001134,1.001134,3.797149661366461e-08
1.201949418542892,1.0537063,1.0537063,-1.1662292465075552e-08
1.2155346705915568,1.0643469,1.0643469,9.523010158218881e-09
1.1591213358132026,1.0360751,1.036075,1.1520385734264948e-07
1.0635640544539495,0.9743432,0.9743432,-1.9343566859397754e-08
0.6269939208222787,0.5739009,0.5739009,-2.1570587205310687e-08
0.7762014348482928,0.72599965,0.72599965,3.339385989953314e-09
0.956033330611128,0.8683407,0.86834073,-5.8937530522662485e-08
1.066557415074842,0.99987936,0.9998793,6.019897458298118e-08
1.1699434857502746,1.1510975,1.1510975,3.608703602608898e-08
1.2171464801566525,1.2467303,1.2467303,2.7606201102869932e-08
1.2159951876101556,1.2355958,1.2355957,1.223342895873003e-07
1.16395676450849,1.1895651,1.1895651,-3.7477111858308376e-08
1.0610312108516564,1.0463715,1.0463715,-4.003906250993339e-08
0.2788430547615789,0.1659695,0.16596949,1.5906105044205532e-08
0.3912092072996884,0.2961887,0.2961887,1.2120056125386469e-08
0.5926854029366675,0.4438119,0.44381186,3.346313476315643e-08
0.7365969712487953,0.5609763,0.5609763,2.6465606706160827e-08
0.8754428523563362,0.6632013,0.6632013,-2.7512359612735793e-08
0.9926444335897332,0.80217236,0.80217224,1.22804412860944e-07
1.080142667123507,0.88998234,0.8899824,-5.727996821303094e-08
1.119977389232304,0.94680065,0.94680065,-8.338928436657511e-10
1.0824452522165011,0.96295834,0.9629583,3.5876464798967334e-08
-0.3831501594742092,-0.39190453,-0.39190453,-2.9093933373580683e-09
-0.4001892891623652,-0.42809993,-0.42809993,-2.8640745330932305e-10
-0.4218335890365092,-0.47533983,-0.4753399,7.007827756977392e-08
-0.4476225420780425,-0.505346,-0.505346,-1.9454959865328192e-10
-0.475253563193971,-0.53710914,-0.53710914,3.418579086478246e-09
-0.5107133736260794,-0.5770859,-0.5770859,-1.222763057473486e-08
-0.5489362861697805,-0.60499066,-0.6049906,-6.114425654679678e-08
-0.5938366954831645,-0.6318024,-0.6318023,-8.008499141620717e-08
-0.6532433908824108,-0.65560603,-0.65560603,-1.4178467289127639e-09
-0.4777864067962645,-0.17131598,-0.17131601,2.7062187185622477e-08
-0.5604492116347508,-0.5548759,-0.5548759,-1.028213503229125e-08
-0.4962070875402168,-0.5195653,-0.5195653,1.5747833259638355e-08
-0.3854527445672032,-0.5151819,-0.5151819,9.292602243249348e-10
-0.4453199569850484,-0.52375484,-0.52375484,4.871215875112966e-09
-0.5051871694028937,-0.5100166,-0.5100166,-2.015914912778527e-08
-0.5051871694028937,-0.4950859,-0.4950859,4.938507103258161e-09
-0.5049569108935943,-0.5025844,-0.5025844,2.2071838801096533e-09
-0.5040358768563967,-0.49091756,-0.4909175,-6.343841552070018e-08
-0.5026543258006002,-0.45226938,-0.45226938,4.675750731042427e-09
1.2127715684799638,1.1655649,1.1655649,-5.323791407718659e-09
1.1777722750664543,1.0750989,1.0750989,-2.7815246550488837e-08
1.1271154030205854,0.971613,0.971613,-1.0097503611028458e-08
1.065406122528345,0.8797933,0.8797933,-1.3676452637056968e-08
0.9926444335897332,0.80622345,0.8062234,5.2091217006555723e-08
0.9095211117326482,0.689576,0.689576,2.977752688870794e-08
0.8123520208082994,0.57189995,0.57189995,5.043029327467252e-10
0.694920181065603,0.49752164,0.49752164,-1.12976072941251e-09
0.5424890479093972,0.4257326,0.4257326,1.2609863264678722e-08
1.1805353771780474,1.2667747,1.2667747,-4.561157229687751e-08
1.0414592375612068,1.1770811,1.1770811,8.09326161643753e-09
0.9323167041532892,1.0932539,1.0932539,-4.90631102412209e-08
0.8450487291288148,1.0340066,1.0340066,-4.38842784333815e-09
0.7713660061530054,0.9699493,0.96994936,-5.4942474347896564e-08
0.7094264671514655,0.9235464,0.9235463,7.384414668631933e-08
0.6638352823101834,0.86650556,0.8665055,6.325912471627504e-08
0.6440330505104347,0.7898029,0.78980297,-6.110260009073443e-08
0.610645566662021,0.7052953,0.7052953,2.4325561565063936e-08
-0.2638762516571176,-0.2766565,-0.2766565,-8.445739718698775e-09
-0.1657861266955713,-0.21343939,-0.21343936,-3.0063285832993e-08
-0.0780576346524981,-0.16174655,-0.16174652,-2.6626090998682628e-08
0.021644299874144,-0.11903395,-0.11903392,-2.7587013243235425e-08
0.124109336512379,-0.05421193,-0.05421193,5.595016464021718e-10
0.2263441146413147,0.12153823,0.12153823,-7.133293122851825e-10
0.3414733692910169,0.27541366,0.27541363,3.21952056681063e-08
-0.2270348901692129,-0.27516806,-0.275168,-6.125640866772031e-08
-0.1554244937770981,-0.22227092,-0.22227098,5.9127311713425e-08
-0.0815115122919892,-0.15451838,-0.15451835,-3.076114654665396e-08
-0.0069077552789821,-0.05673839,-0.05673836,-3.151859283290204e-08
0.0693078112991207,0.0370892,0.0370892,-1.1722564724481188e-09
0.1471351874423195,0.13694608,0.13694608,2.1151733420321506e-09
0.2270348901692129,0.21492311,0.21492311,3.584518432075967e-09
0.3076253684240045,0.303221,0.303221,-1.2680053729230423e-08
0.3902881732624908,0.37182277,0.37182274,3.441024781780655e-08
-0.8146546059012935,-0.8071308,-0.8071307,-1.1359863283377791e-07
-0.6788020854146447,-0.71710205,-0.71710205,-7.812499536186124e-10
-0.5348905171025169,-0.60506934,-0.6050694,6.072463987205623e-08
-0.2272651486785123,-0.39312732,-0.3931272,-1.22196960439247e-07
-0.3624268936372628,-0.4975493,-0.49754936,6.457458495701118e-08
-0.2173640327786379,-0.3802411,-0.38024104,-5.601974489843897e-08
-0.0845048729128814,-0.23503469,-0.23503466,-2.930721282323745e-08
0.0782878931617975,-0.08144675,-0.08144672,-3.195217132545558e-08
0.250981775136351,0.15975305,0.15975305,4.380416862570513e-09
0.2484489315340575,0.22227795,0.22227795,4.220771787633026e-09
0.2772312451964831,0.2905733,0.29057333,-3.106887819237514e-08
0.302789939728717,0.3561694,0.3561694,2.599334691932853e-09
0.3288091512795498,0.391593,0.39159304,-3.076652527189694e-08
0.3421641448189152,0.4074852,0.4074852,-1.2946319571938147e-08
0.3575914649419753,0.41731757,0.41731757,-7.441711691313913e-10
0.3840711935114068,0.41627526,0.41627526,2.832641621264287e-09
0.4084785954971437,0.40704155,0.40704155,-3.173827867186674e-10
0.4333465145014794,0.3918047,0.3918047,-4.8706054744940275e-09
-0.5489362861697805,-0.51093143,-0.5109315,6.775283811766286e-08
-0.4450896984757491,-0.3836198,-0.38361984,5.4691162099107515e-08
-0.3398615597259212,-0.2699343,-0.2699343,3.3920288244893015e-09
-0.2376267815969855,-0.20476688,-0.20476685,-3.444614410375024e-08
-0.1280237311704689,-0.12880324,-0.12880327,3.1727333066333685e-08
-0.003453877639491,-0.023632973,-0.023632973,-4.3254089199251666e-10
0.121806751419385,0.108793035,0.108793035,1.4957428351447533e-10
0.2475278974968599,0.22919223,0.22919223,-2.8748321501126384e-09
0.3928210168647842,0.35490373,0.3549037,2.7769851695946812e-08
-0.0329269668298148,-0.080914006,-0.080914006,3.628311123771155e-10
0.0020723265836946,-0.035799667,-0.035799667,-2.3918914765497234e-10
0.0573343688155517,0.01106666,0.011066675,-1.4715003967061269e-08
0.1086820163893189,0.06166017,0.06166017,5.551147458371375e-10
0.1786806032163379,0.12313586,0.12313586,-2.7159309384794383e-09
0.2274954071878117,0.19183725,0.19183725,1.1863708626602687e-09
0.2926585653195432,0.26773012,0.26773012,-3.155822769773664e-09
0.3679530978604485,0.34017915,0.34017915,-4.6638488626626895e-09
0.3955841189763771,0.3992833,0.3992833,-1.0090637214688059e-08
0.4186099699063175,0.5397919,0.5397919,-1.7961883536088408e-08
0.2908164972451479,0.21811032,0.21811032,2.952270511391575e-09
0.3025596812194176,0.21894197,0.21894197,1.6596603258367537e-09
0.3225921715284658,0.22242627,0.22242627,-4.521865853979179e-09
0.3458482809677057,0.23791213,0.23791213,3.336067200265802e-09
0.3748608531394307,0.26436552,0.26436552,4.053573587903259e-09
0.4167679018319223,0.3014257,0.3014257,-4.580688495181562e-09
0.4720299440637794,0.34118938,0.3411894,-1.5539550757281972e-08
0.5173908703957621,0.44751745,0.44751745,4.624176042078432e-09
0.5613702456719484,0.5440894,0.5440894,-2.3073577826160374e-08
-0.3350261310306336,-0.38389415,-0.3838941,-4.5488738997789824e-08
-0.2530541017200456,-0.28053147,-0.28053147,3.9927673389783536e-09
-0.2035485222206736,-0.1762935,-0.1762935,-7.21836090900041e-09
-0.1630230245839784,-0.0679432,-0.0679432,-4.690170335441834e-10
-0.1312473503006606,0.049273863,0.04927388,-1.6565208434127232e-08
-0.0856561654593785,0.16942067,0.16942067,4.443244938645563e-09
0.0080590478254791,0.29666018,0.29666018,4.8602294966393345e-09
0.1600296639630862,0.39127868,0.39127868,4.139251719159631e-09
0.3587427574884723,0.47355264,0.47355264,4.2527770749423155e-09
-0.4207974257446619,-0.4894699,-0.4894699,1.4173889173463294e-08
-0.2470673804782611,-0.38731945,-0.3873194,-4.561004640635247e-08
-0.1046524924765793,-0.3039376,-0.3039376,-1.3964080836093018e-08
0.019687102545099,-0.21907602,-0.21907605,2.7494239801528764e-08
0.1290598944623162,-0.063632324,-0.063632324,-3.379592855567992e-10
0.2727412042651447,0.082076326,0.082076326,1.2611384159200156e-11
0.3509139681722926,0.22343673,0.22343673,-1.8801498413711926e-09
0.4237907863655542,0.33515793,0.33515793,8.509826732172598e-10
0.5135916049923219,0.42976418,0.42976415,3.137550352860785e-08
-0.032466449811216,0.07125378,0.07125379,-1.3449707028656555e-08
-0.2102260189903564,-0.11787568,-0.11787571,2.9672584528350754e-08
-0.3879855881694967,-0.32839078,-0.32839084,6.28889465503768e-08
-0.5657451573486371,-0.50444305,-0.50444305,5.6915283597192e-10
-0.3322630289190408,-0.3718394,-0.3718394,-4.106140150117454e-09
-0.383610676492808,-0.43927073,-0.43927068,-5.47869872802309e-08
-0.4298926368619883,-0.503588,-0.50358796,-6.08015442438159e-08
-0.4688063249335877,-0.5474431,-0.5474431,8.130645712256523e-09
-0.5033451013284984,-0.5766413,-0.5766412,-1.2118225101165336e-07
-0.5302853469165287,-0.58865595,-0.58865595,1.361084023265846e-09
-0.5507783542441758,-0.61498207,-0.6149822,1.3146133426289452e-07
-0.5715016200811222,-0.63665557,-0.63665545,-1.1907653807430307e-07
-0.5968300561040567,-0.6361179,-0.63611794,6.442398070571898e-08
-0.5033451013284984,-0.47011608,-0.47011608,1.1463928140109658e-09
-0.548015252132583,-0.49890262,-0.49890262,1.1149597356485685e-09
-0.5841658380925894,-0.52808976,-0.52808976,-1.7340088254158559e-09
-0.6279149548594763,-0.5593151,-0.5593151,1.4588928176628713e-08
-0.6461053770941293,-0.5763073,-0.57630724,-5.675292968909673e-08
-0.655085458956806,-0.5842395,-0.5842395,1.7120361350819735e-08
-0.6493289962243208,-0.5964198,-0.5964199,8.875122070595154e-08
-0.6410396898895423,-0.6015514,-0.6015514,-1.353607181897587e-08
-0.6101850496434222,-0.586977,-0.586977,-5.004882841497249e-09
1.1623449549433944,1.2197111,1.219711,6.529235840879721e-08
0.9903418484967392,1.1081506,1.1081506,1.3870238291247006e-09
0.8153453814291917,0.9777687,0.9777688,-8.080368041341046e-08
0.647026411131327,0.5836165,0.58361655,-5.4867553722637297e-08
0.4630498622011026,0.313271,0.313271,-1.3919830343933626e-08
0.2046998147671707,0.16027147,0.16027147,-4.221649169133812e-09
0.0075985308068803,-0.015106276,-0.015106246,-2.967768096898138e-08
-0.1634835416025772,-0.15156932,-0.15156929,-3.1751594548046214e-08
-0.3421641448189152,-0.33962047,-0.33962053,5.899932858932644e-08
-1.05964965979586,-0.84800124,-0.84800124,-1.6839599714657538e-09
1.2130018269892635,1.255302,1.255302,-4.763793937101468e-08
0.9548820380646308,1.050983,1.050983,-4.788208007866501e-08
0.7029792288910822,0.8212022,0.8212022,1.8532562262585373e-08
0.4374911676688687,0.5645154,0.5645155,-8.814620966468567e-08
0.1443720853307266,0.29291502,0.29291502,-3.587265040572163e-09
-0.1448326023493255,0.105360456,0.105360456,-1.8897629294745144e-10
-0.363117669165161,-0.1235729,-0.1235729,-8.913040167035646e-10
-0.5035753598377979,-0.31696367,-0.31696367,-2.6379394779674215e-09
-0.5841658380925894,-0.48447752,-0.48447758,6.001098634689228e-08
0.1743056915396492,0.1239236,0.12392361,-1.027999878278063e-08
0.1257211460774749,0.102986924,0.102986924,3.502616946482462e-10
0.072301171920013,0.067273825,0.06727384,-1.4592971803173427e-08
0.0128944765207666,0.014202833,0.014202833,1.7565917991013702e-10
-0.0534199741574618,-0.094517544,-0.09451757,2.6088066096274787e-08
-0.1284842481890677,-0.18239094,-0.18239094,-3.169593809637661e-09
-0.2141404136484462,-0.27130604,-0.27130604,2.0971679948189603e-09
-0.3138423481750885,-0.3485651,-0.3485651,-1.6235351396609587e-09
-0.4315044464270842,-0.43586522,-0.43586522,-3.4077453636705e-09
0.0667749676968273,0.104933284,0.1049333,-1.577692031184963e-08
-0.0105918914277726,0.016129896,0.016129881,1.5044731141444778e-08
-0.090491594154666,-0.09102319,-0.09102319,-1.809654232021174e-09
-0.1726938819745534,-0.19373007,-0.19373007,-1.1870193439289523e-09
-0.2590408229618302,-0.28393358,-0.28393352,-5.992172241731097e-08
-0.3405523352538194,-0.3473463,-0.34734637,6.41528320466378e-08
-0.4282808272968925,-0.416798,-0.416798,4.432678224475239e-09
-0.5155488023213668,-0.49830574,-0.4983058,6.202774049945958e-08
-0.5945274710110626,-0.5668725,-0.56687254,6.246856687486257e-08
-0.0455911848412821,-0.096846834,-0.096846834,1.748886174768316e-10
-0.1112148599916124,-0.152029,-0.152029,7.227897641515213e-09
-0.174766208558248,-0.20479815,-0.2047982,5.291767121717861e-08
-0.2415411762550754,-0.26786697,-0.26786697,8.914184390640401e-10
-0.3267368246958551,-0.32294977,-0.32294977,2.887268091278372e-09
-0.4158468677947247,-0.38090205,-0.38090205,-1.9256591876626317e-09
-0.4807797674171568,-0.4519629,-0.4519629,1.1759185791770932e-08
-0.5351207756118163,-0.52729595,-0.5272959,-4.707489009714294e-08
1.7368399356454087,1.7490399,1.7490398,8.838195797444826e-08
1.3985901854845837,1.5162299,1.51623,-1.3206481930261305e-07
1.0690902586771356,1.3184751,1.3184751,2.7220153908658062e-08
0.7563992030485441,1.0846531,1.0846531,3.911437995718359e-08
0.4791679578520609,0.8569768,0.85697675,5.71174622043813e-08
0.2420016932736742,0.5331501,0.5331501,-2.3133850057810434e-08
-0.0237166264578386,0.1394474,0.13944739,1.5934333796874256e-08
-0.2542053942665426,-0.15017723,-0.1501772,-2.5470542897032544e-08
-0.4614380526360068,-0.3976192,-0.3976192,1.2168121343858473e-08
1.191818044133718,1.3938314,1.3938313,7.226104736801631e-08
0.9302443775695944,1.2601922,1.2601922,-4.4161987400315184e-08
0.6792626024332435,1.1279281,1.1279283,-1.6222076415495224e-07
0.4335767730107788,0.9852036,0.9852036,2.377166752332016e-08
0.2127588625926498,0.6329853,0.6329853,-6.134796115553343e-09
0.0099011158998743,0.18291792,0.18291791,1.2735214244274928e-08
-0.1851278414767213,-0.07715039,-0.07715039,4.478836052035362e-10
-0.372788526555736,-0.2911361,-0.2911361,1.4012908944316393e-08
-0.5422587894000978,-0.46082848,-0.46082848,-3.1047058257627214e-09
-0.1860488755139189,-0.23845677,-0.23845671,-6.077770234313995e-08
-0.2302585092994046,-0.27758998,-0.27758992,-5.678756714866395e-08
-0.2776917622150819,-0.3217923,-0.32179224,-6.451583861588617e-08
-0.3262763076772563,-0.3601948,-0.36019486,5.771575928292805e-08
-0.3762424041952271,-0.3923449,-0.3923449,7.97500609994728e-09
-0.4239059156202038,-0.43405515,-0.43405515,4.447937018703385e-10
-0.4704181344986836,-0.48057532,-0.48057532,-3.104858425917456e-09
-0.5199237139980556,-0.5248649,-0.524865,8.796691897128284e-08
-0.5758765317578108,-0.5753814,-0.57538134,-5.820098880615632e-08
1.2238239769263353,1.4129659,1.4129659,-6.254577744613243e-09
0.912284213844241,1.3311329,1.3311329,-1.1206054750800831e-08
0.6781113098867465,1.1902493,1.1902493,2.3844909602388498e-08
0.4510764197175336,1.037046,1.037046,-4.434204092795824e-08
0.2546659112851415,0.89828664,0.8982866,4.064407344017695e-08
0.0391439465808987,0.75363374,0.75363374,-2.4359131378659526e-09
-0.1358525204866487,0.49052298,0.49052298,6.900024440703589e-10
-0.2984150280520283,0.06146604,0.061466023,1.5227081297253253e-08
-0.4446291814571502,-0.27390766,-0.27390766,-1.437988284003211e-09
0.2901257217172497,0.5179957,0.5179957,1.5141296438869745e-08
0.1427602757656308,0.3374282,0.33742824,-2.783416747087486e-08
-0.0075985308068803,0.19919626,0.19919626,4.147758470018914e-09
-0.1455233778772237,0.06449363,0.06449363,-3.6438751183087703e-09
-0.2613434080548242,-0.07544927,-0.07544927,-2.9902267467685206e-09
-0.3603545670535681,-0.1866092,-0.18660916,-3.368267059711272e-08
-0.4047944593483533,-0.37282515,-0.37282515,4.278564447179889e-09
-0.4471620250594437,-0.4002558,-0.40025592,1.2070648192086253e-07
-0.4916019173542288,-0.4291935,-0.42919338,-1.16704101549292e-07
-0.5203842310166544,-0.4592002,-0.4592002,-3.418731686632981e-09
-0.5516993882813734,-0.49279314,-0.49279326,1.1720443726659369e-07
-0.5915341103901705,-0.5279954,-0.52799535,-5.758132937128124e-08
-0.6297570229338716,-0.5615516,-0.56155163,5.910766598393735e-08
-0.658999853614896,-0.58947843,-0.5894783,-1.3313217162025381e-07
-0.6834072556006329,-0.62869936,-0.6286993,-6.227798465818779e-08
-0.4282808272968925,-0.43515438,-0.43515438,1.5858459545547987e-09
-0.4648919302754978,-0.4657104,-0.46571052,1.1846496583700628e-07
-0.5042661353656961,-0.4976948,-0.4976948,9.636688225178602e-09
-0.537193102195511,-0.52081597,-0.520816,3.148651117612644e-08
-0.570810844553224,-0.53711516,-0.53711516,3.349456823009689e-09
-0.599823416724949,-0.56183714,-0.56183714,3.2545470762812556e-09
-0.6269939208222787,-0.5869796,-0.5869795,-1.2760925294230674e-07
-0.6622234727450876,-0.6131538,-0.6131538,-1.5269470243772787e-08
-0.6870913917494232,-0.63688505,-0.63688505,3.041076612753102e-09
0.5629820552370443,0.5126256,0.51262563,-5.493438726134059e-08
0.4351885825758746,0.4352709,0.4352709,5.494689925278351e-09
0.3133818311564896,0.37521243,0.37521243,9.539795065016676e-10
0.1694702628443617,0.28856835,0.28856835,-2.3075103494640814e-09
0.0686170357712225,0.21386302,0.21386302,-4.825134264363484e-09
-0.0566435932876535,0.095084086,0.095084086,6.052398859868191e-11
-0.1754569840861463,-0.010193929,-0.010193899,-3.0076194763861697e-08
-0.289665204698651,-0.18736641,-0.18736635,-6.108989716868685e-08
-0.3902881732624908,-0.3537854,-0.35378534,-5.5622253414266964e-08
-0.7151829298839506,-0.7170445,-0.7170446,1.2730560305929117e-07
-0.7213999096350346,-0.7191711,-0.7191711,-6.815338182697417e-09
-0.7280774064047173,-0.71957445,-0.71957445,-1.446533226534541e-09
-0.7299194744791125,-0.7191244,-0.7191244,2.322616576844183e-08
-0.7352154201929988,-0.7157978,-0.7157978,1.805572513724485e-08
-0.7361364542301965,-0.71176714,-0.7117671,-3.705062867620512e-08
-0.7352154201929988,-0.7089835,-0.7089834,-8.093032832778846e-08
-0.7303799914977113,-0.7083089,-0.7083089,2.4439239521001355e-08
-0.7269261138582203,-0.69390833,-0.69390833,-3.778381385544094e-09
-0.3732490435743348,-0.39206892,-0.39206886,-6.251968381887352e-08
-0.4319649634456829,-0.4396943,-0.43969434,5.4607238786363865e-08
-0.4906808833170312,-0.48501176,-0.4850117,-5.6420135507995184e-08
-0.5493968031883794,-0.5322376,-0.5322375,-8.93592834172452e-08
-0.1416089832191338,-0.014861032,-0.014861062,2.9633247375024374e-08
-0.4070970444413473,-0.41293305,-0.4129331,4.841384887432909e-08
0.3138423481750885,-0.31992477,-0.31992477,-1.785736059023435e-09
0.1492075140260141,-0.4104715,-0.4104715,1.0337829481343874e-09
-0.0018420680743952,-0.4835313,-0.48353124,-5.625320437241399e-08
-0.1413787247098344,-0.539729,-0.539729,8.621215963344753e-10
-0.2664090952594111,-0.58208406,-0.58208406,2.8472901814069473e-10
-0.3771634382324247,-0.6381293,-0.63812935,5.608139042045934e-08
-0.4773258897776657,-0.67173296,-0.67173296,-2.1315001985655613e-09
-0.5738042051741162,-0.67558813,-0.67558813,-9.509277809627292e-10
-0.6417304654174406,-0.6844682,-0.6844682,-9.743499784775622e-09
-0.2464884562906021,-0.23523979,-0.23523979,1.1101150554360117e-09
-0.3672057789364039,-0.30167544,-0.30167538,-5.88809204171703e-08
-0.416373767989093,-0.32616955,-0.3261696,4.958114624420418e-08
-0.477261110544722,-0.3712656,-0.37126553,-6.019088744091405e-08
-0.5180647656397055,-0.45021474,-0.45021474,-3.6141967751923687e-09
-0.674887690756555,-0.66576016,-0.6657603,1.4050750729577288e-07
-0.7002161267794893,-0.67638135,-0.67638135,4.3640135949374326e-10
-0.7078146575863697,-0.6799307,-0.67993057,-1.1695068358186234e-07
-0.7082751746049685,-0.68058914,-0.6805891,-3.9461517387096023e-08
-0.7124198277723578,-0.6817989,-0.6817989,2.4668121323401238e-08
-0.7052818139840763,-0.6903417,-0.69034183,1.1895568852171579e-07
-0.6824862215634352,-0.6925436,-0.6925437,7.41683959804007e-08
-0.6396581388337459,-0.6792058,-0.67920583,5.4739074717424785e-08
-0.5862381646762841,-0.62308294,-0.62308294,4.18991086270637e-09
-0.4952860535030193,-0.52316177,-0.52316177,1.0867309274686932e-09
-0.5125554417004746,-0.5349224,-0.5349224,-2.0978546122485398e-08
-0.5279827618235348,-0.5444525,-0.5444525,1.157760620706938e-08
-0.5422587894000978,-0.55304074,-0.55304074,-2.8741454771719077e-09
-0.5533111978464693,-0.56854874,-0.5685487,-3.8956451398064473e-08
-0.5620610211998466,-0.5852505,-0.58525044,-5.6864318809246583e-08
-0.5678174839323318,-0.61415654,-0.61415654,-4.2085266382940745e-09
-0.5728831711369186,-0.6293733,-0.6293734,8.8003540010817e-08
-0.573113429646218,-0.6309939,-0.6309939,-2.6832580601876543e-09
0.0971690909243487,0.06331204,0.06331204,-1.2207412719567046e-09
0.0255586945322339,-0.022398457,-0.022398427,-2.993111419824501e-08
-0.0550317837225577,-0.10995947,-0.10995947,1.7544937169766683e-09
-0.1450628608586248,-0.18585078,-0.18585075,-3.4182548513950195e-08
-0.2355544550132909,-0.25426823,-0.25426823,9.922790367156153e-10
-0.3145331237029867,-0.33714837,-0.33714837,1.6413879144749899e-09
-0.3886763636973949,-0.41353852,-0.41353852,4.4322204795221865e-09
-0.47179968555448,-0.4732722,-0.47327226,5.560089111344979e-08
-0.52982482989793,-0.5193654,-0.5193654,2.9726409889185845e-08
0.483773128038049,0.4291808,0.4291808,9.147644308704628e-10
0.364268961711658,0.32371786,0.32371786,2.367629980959407e-09
0.2447647953852671,0.2265264,0.2265264,-5.5135726817479025e-09
0.121806751419385,0.08658701,0.086587,1.1814117434338911e-08
-0.0048354286952874,-0.05530794,-0.05530791,-2.9648628233069907e-08
-0.1335499353936546,-0.16501062,-0.16501059,-2.6183280932290387e-08
-0.2666393537687105,-0.265374,-0.265374,-4.8408508313002585e-09
-0.4027221327646586,-0.38076812,-0.38076812,-2.88848889251625e-10
-0.5328181905188222,-0.49908102,-0.4990809,-1.1558685303336702e-07
0.1793713787442361,0.17150158,0.17150158,-3.0995178090797992e-09
0.0598672124178451,0.08652921,0.086529195,1.520984649339141e-08
-0.0596369539085457,-0.0053635538,-0.0053635538,3.756408725741345e-11
0.3343353555027354,0.24966818,0.24966817,1.0942535405567e-08
0.2452253124038658,0.12884292,0.12884292,6.492614779141093e-11
0.1464444119144213,0.047126517,0.047126517,-3.002090451231787e-10
0.0435188582575874,-0.02944003,-0.02944,-3.0455589293543195e-08
-0.0665447091875279,-0.13373245,-0.13373248,2.7011375414165428e-08
-0.182134480855829,-0.23291133,-0.23291136,2.6558265697751438e-08
-0.289665204698651,-0.3472594,-0.34725946,5.7724914570567165e-08
-0.4061760104041497,-0.4370221,-0.43702215,6.004180908014689e-08
-0.5249894012026425,-0.5166548,-0.5166548,1.0552215545800436e-08
0.589001266787877,0.54187846,0.54187846,1.837768603962786e-09
0.4858454546217436,0.42744136,0.42744136,-1.433715812737546e-09
0.3792357648161193,0.31418496,0.31418496,3.703155504464206e-09
0.2705537484268003,0.19611102,0.19611102,3.42605591119316e-09
0.1572665618514933,0.07893796,0.07893796,2.6512527451227896e-09
0.0412162731645934,-0.040422723,-0.040422693,-2.969725799301104e-08
-0.0874982335337737,-0.1598333,-0.15983333,3.2866554255939207e-08
-0.2256533391134165,-0.25620323,-0.25620317,-6.419570924842688e-08
-0.3638084446930592,-0.37546766,-0.37546766,1.957092266025029e-09
-0.627684696350177,-0.65833163,-0.65833163,-2.614135796719097e-09
-0.6504802887708179,-0.66146815,-0.66146815,1.7684936848283428e-09
-0.6716640716263632,-0.66624105,-0.66624105,2.334594739750173e-10
-0.6912360449168127,-0.6692759,-0.6692759,2.0140075718266814e-08
-0.7108080182072619,-0.6738378,-0.6738378,1.904754642900741e-08
-0.7179460319955435,-0.6806655,-0.6806655,6.988525425022374e-09
-0.7266958553489209,-0.682173,-0.68217295,-6.368713378890334e-08
-0.7359061957208971,-0.6853802,-0.6853802,-2.041320801282609e-08
-0.7257748213117232,-0.6864839,-0.68648386,-5.962051397023771e-08
1.6712162604950784,1.7354906,1.7354904,1.605316162223147e-07
1.4338197374073924,1.5032012,1.5032012,4.6261596775565295e-08
1.187673390966329,1.2214395,1.2214395,-1.92184448355448e-08
0.9332377381904868,0.94678026,0.94678026,4.37759395399695e-09
0.6695917450426686,0.7050601,0.70506006,6.43972778435753e-08
0.3944328264298801,0.4082361,0.40823606,2.6368560779310712e-08
0.1116753770102112,0.11168113,0.11168113,3.508682247521655e-09
-0.1572665618514933,-0.17859916,-0.17859913,-3.388988495389711e-08
-0.404103683820455,-0.41451985,-0.4145198,-4.6439361578443084e-08
1.3127037615159056,1.2672553,1.2672552,1.0624389656932465e-07
1.2210608748147425,1.1034355,1.1034355,1.6357421861457055e-08
1.1070829127115374,0.95389324,0.95389324,4.266510034156568e-09
0.969158065641194,0.7569158,0.75691575,5.772399902514991e-08
0.8042929729828202,0.520321,0.520321,1.1543273892300476e-08
0.6094942741155239,0.3321475,0.3321475,8.859634414992712e-09
0.3808475743812152,0.12767676,0.12767677,-1.4810104365103882e-08
0.1153595131590017,-0.061510816,-0.061510846,2.9783531189930823e-08
-0.1860488755139189,-0.2687868,-0.26878673,-5.798675539736564e-08
-0.8973174107397797,-0.82048714,-0.82048714,-1.6091918908500702e-09
-0.8204110686337786,-0.7847801,-0.7847802,1.149131775290968e-07
-0.7863328092574667,-0.76491416,-0.76491433,1.7499359128425596e-07
-0.7485704137323643,-0.7308751,-0.7308751,2.5136566161876317e-08
-0.7071238820584714,-0.6957282,-0.69572824,5.720733642355924e-08
-0.6631445067822852,-0.6645859,-0.66458577,-1.1838577274048134e-07
-0.6161717708852067,-0.64987314,-0.64987326,1.2252593994954708e-07
-0.5632123137463436,-0.5822563,-0.5822563,-1.713867192609797e-08
-0.380156798853317,-0.39521068,-0.39521068,-3.3457946968518115e-09
-0.3889066222066943,-0.45490003,-0.45490003,3.6785888779533593e-09
-0.3978867040693711,-0.5108778,-0.5108777,-8.806686402351716e-08
-0.4061760104041497,-0.56624293,-0.56624293,-3.273315396512544e-09
-0.4167679018319223,-0.5764632,-0.5764632,-2.2503662155948234e-08
-0.4294321198433896,-0.52694756,-0.5269476,4.2073821981958304e-08
-0.4441686644385514,-0.49523038,-0.49523038,3.279571558767458e-09
-0.4616683111453062,-0.46887332,-0.46887338,5.7989959723059314e-08
-0.4817008014543544,-0.4615991,-0.46159905,-6.155700682519694e-08
-0.482621835491552,-0.51906365,-0.51906365,-1.5617370729970048e-09
-0.4897598492798335,-0.52753705,-0.5275371,5.213699338924016e-08
-0.4987399311425103,-0.52696323,-0.52696323,-3.947753901556439e-09
-0.5033451013284984,-0.52046883,-0.52046883,-1.062316901112581e-09
-0.5067989789679895,-0.51001585,-0.51001585,4.7012329584816825e-09
-0.5100225980981812,-0.5320423,-0.5320424,7.545700075883843e-08
-0.5137067342469717,-0.54676527,-0.54676527,2.151031464059372e-09
-0.5169303533771633,-0.5412425,-0.5412425,1.9721984823029004e-08
-0.5173908703957621,-0.53229046,-0.5322905,4.1320800781008415e-08
1.3198417753041871,1.2539047,1.2539047,2.792357456371519e-10
1.3025723871067316,1.2179904,1.2179904,-1.5930174956935161e-09
1.2871450669836717,1.2028273,1.2028273,3.4403991655551636e-08
1.2733295564257074,1.1885382,1.1885382,-6.297302235225288e-09
1.2608955969235396,1.169403,1.169403,-4.303741452105214e-08
1.250303705495767,1.1582724,1.1582724,-1.4402770975863177e-08
1.2410933651237908,1.1503423,1.1503422,1.452377318411635e-07
1.2341856098448087,1.1622045,1.1622044,1.040130614970991e-07
1.2300409566774193,1.1854229,1.1854229,-2.6611328696191094e-09
-0.0370716199972041,-0.18251188,-0.18251188,-9.938430911571317e-10
0.2194363593623325,-0.04599999,-0.04599996,-2.8913536072316948e-08
0.4220638475458086,0.123822436,0.12382244,-4.263343816868215e-09
0.5887710082785775,0.3049712,0.3049712,-1.1693191526163105e-08
0.7310707670256096,0.430677,0.430677,-3.292083716743832e-09
0.854259069500791,0.53511864,0.53511864,-5.308532502468211e-10
0.9631713443994094,0.6938869,0.6938868,7.610626218124139e-08
1.060800952342357,0.8716215,0.8716216,-1.104751586877839e-07
1.14852944438543,1.0876579,1.0876579,2.8466796919701665e-08
-0.0508871305551684,-0.20689337,-0.2068934,3.044452667744224e-08
0.209995760481057,-0.06741239,-0.06741245,5.86950302111644e-08
0.4158468677947247,0.083359584,0.0833596,-1.578769684429382e-08
0.584396096601889,0.26445234,0.26445234,-1.7813110431141865e-09
0.7278471478954179,0.41269076,0.4126908,-4.129486086412726e-08
0.8517262258984976,0.5128244,0.5128244,1.616058353803851e-08
0.9622503103622118,0.67667127,0.6766712,6.6555786104594e-08
1.0601101768144587,0.8783376,0.8783376,2.1688842721800938e-08
1.14852944438543,1.0922912,1.0922912,3.5923767072176815e-08
0.0059867212417845,-0.10560794,-0.10560794,-1.7467117335856486e-09
0.2502909996084528,0.061020464,0.06102045,1.3705062869295848e-08
0.4443989229478509,0.25569597,0.25569597,-1.1336517280469138e-09
0.6051193624388352,0.40863597,0.40863597,3.930358871695461e-09
0.7430442095091786,0.5087589,0.50875896,-5.7450256329971694e-08
0.8630088928541685,0.6769143,0.67691433,-5.530746460813418e-08
0.9696185826597926,0.83038825,0.8303882,4.7966766336671185e-08
1.0649456055097464,0.9946865,0.9946865,-1.5663147001632183e-08
1.1506017709691247,1.1388587,1.1388587,-2.404327381633209e-08
1.7527277727870678,1.6817048,1.6817046,1.5959777832641464e-07
1.7080576219829833,1.6474844,1.6474844,2.1730041543932543e-08
1.6603941105580065,1.6206094,1.6206094,2.656555198043975e-09
1.6101977555307363,1.5942287,1.5942287,4.450683599444005e-08
1.557008039882574,1.5649635,1.5649635,-4.0031433057308163e-08
1.500134188085621,1.4860269,1.4860269,-1.687469475264436e-08
1.4398064586491768,1.4140735,1.4140736,-1.3274536136975712e-07
1.3746433005174454,1.3543714,1.3543713,1.2848968511391945e-07
1.304414455181127,1.2888589,1.288859,-1.0946655271126815e-07
1.505890650818106,1.5007383,1.5007381,1.631301880244962e-07
1.4725031669696922,1.4516269,1.4516268,9.685821522609217e-08
1.4398064586491768,1.408549,1.408549,-4.885101323459651e-08
1.40757026734726,1.3608136,1.3608136,1.7706298871544845e-08
1.375564334554643,1.3122876,1.3122876,-3.0953979601733295e-08
1.343558401762026,1.273694,1.273694,3.839111317738286e-08
1.3127037615159056,1.232428,1.2324281,-1.453262328254823e-07
1.2820793797790846,1.2145443,1.2145443,-3.735351583600277e-09
1.25306680760736,1.2092282,1.2092282,-4.2002868738677535e-08
0.3364076820864301,0.3077085,0.3077085,1.8157959025266734e-09
0.4381819431967669,0.38481927,0.38481927,-8.197021394984461e-10
0.5385746532513074,0.45335197,0.45335194,3.448730467869865e-08
0.6382765877779495,0.50296646,0.50296646,3.565826411922046e-09
0.7372877467766935,0.5532137,0.5532137,1.5553283660985073e-08
0.836068647266138,0.6743202,0.67432016,6.094726567873465e-08
0.9346192892462832,0.8154165,0.8154165,1.4873504650125824e-08
1.032939672717129,0.95807827,0.9580782,6.519012452077533e-08
1.1310297976786754,1.1172513,1.1172512,7.696990955707861e-08
-0.1807529298000326,-0.18393032,-0.1839303,-2.2527885445988716e-08
0.0126642180114672,-0.016132101,-0.016132101,-4.165878302042625e-10
0.1938776648300986,0.15617082,0.15617083,-1.4770584116918783e-08
0.3628874106558616,0.30787826,0.30787826,-4.155883803758087e-09
0.5196934554887562,0.44654673,0.44654673,3.3793640108470413e-09
0.6642957993287822,0.54716104,0.5471611,-5.730972285622471e-08
0.7966944421759399,0.71215135,0.7121513,4.859085078745551e-08
0.9168893840302292,0.8916761,0.8916761,2.7910614042170323e-08
1.0246503663823503,0.9786011,0.97860104,5.8060607877052917e-08
-0.2104562774996558,-0.18574952,-0.18574952,4.1089248670189704e-09
-0.0193417147811499,-0.016743764,-0.016743764,-2.812728869261427e-10
0.1614112150188826,0.15609235,0.15609233,1.5714569090441444e-08
0.3311117363725438,0.3131888,0.3131888,-8.72497557535823e-09
0.4897598492798335,0.44517428,0.44517428,-3.1712341086453932e-09
0.6378160707593508,0.5506907,0.5506907,1.0544586204197515e-08
0.774589625283197,0.7408366,0.74083656,6.033081056955325e-08
0.9007712883792708,0.911184,0.911184,1.2889862066600699e-08
1.0161308015382726,0.9777863,0.9777863,2.5665283232001457e-09
-0.1404576906726368,-0.074056104,-0.074056104,1.7443084476820303e-10
0.0343085178856112,0.10724105,0.10724105,-5.910873457359855e-10
0.2010156786183802,0.3100421,0.3100421,1.3065719617344485e-08
0.358512498979173,0.47696668,0.47696668,-9.037780523968308e-10
0.5074897544958877,0.59104246,0.59104246,-9.889221663783587e-10
0.6477171866592251,0.7203716,0.72037166,-5.6034240691893444e-08
0.7789645369598857,0.8451826,0.8451826,-2.3628234924188973e-09
0.9016923224164684,0.94503444,0.9450344,4.433212275056775e-08
1.0154400260103742,0.9914245,0.99142456,-5.9057769785653136e-08
-0.0822022878198874,-0.077532575,-0.077532575,4.6558380761840823e-10
0.0165786126695571,0.08391282,0.083912805,1.4623947150460559e-08
0.1130569280660076,0.21147168,0.21147166,1.6826477045039923e-08
0.2162127402321409,0.38360882,0.38360882,-1.94580079826423e-09
0.3122305386099926,0.5296349,0.52963483,6.29405212393408e-08
0.4165376433226229,0.6950812,0.6950812,-2.562637324565742e-08
0.5157790608306663,0.8471155,0.8471155,1.6662597634997667e-08
0.6223887506362906,0.95344275,0.95344275,2.3612976018938525e-09
0.7174855149769447,0.98160076,0.98160076,1.4135742576470989e-09
-0.0191114562718505,-0.07568799,-0.07568799,4.074478116011804e-10
0.2021669711648772,0.122793086,0.1227931,-1.4126873018605046e-08
0.3808475743812152,0.21336259,0.21336259,-5.215072540476484e-10
0.5302853469165287,0.32964358,0.32964358,-2.6627349769547948e-09
0.6592301121241954,0.4757319,0.4757319,9.275054946300543e-09
0.7722870401902029,0.6808781,0.6808781,2.7793883861093605e-09
0.8731402672633422,0.8272893,0.8272893,-1.6724395757172772e-08
0.9636318614180082,0.95074534,0.95074534,4.161987310347115e-09
1.0458341492378955,0.9940796,0.9940796,-1.0156249952153473e-08
0.5632123137463436,0.5905728,0.5905728,-2.558975220612325e-08
0.6039680698923382,0.6444575,0.6444575,1.905441282534781e-08
0.6421909824360393,0.7192717,0.7192717,1.945571903583243e-08
0.6822559630541358,0.82048845,0.82048845,2.911376917325015e-09
0.7133408618095555,0.93483543,0.9348355,-6.604003910393175e-08
0.7386692978324899,1.0077854,1.0077854,3.949127203028979e-08
0.7715962646623048,1.0321816,1.0321816,2.0597839434088883e-08
0.7939313400643471,1.0268891,1.0268891,-1.4230346678800743e-08
0.8093586601874071,1.0054114,1.0054114,-1.3510131902094713e-08
1.1494504784226276,1.0218135,1.0218135,1.184844977686339e-08
1.3348085784086483,1.0773298,1.0773299,-1.4517059332419535e-07
1.5005947051042197,1.1541655,1.1541655,6.3629150837130055e-09
1.6495719606209345,1.2714823,1.2714823,4.8442077682508966e-08
1.7653919907985351,1.3622345,1.3622345,-2.677154542496396e-08
1.8429891084324344,1.4588811,1.4588813,-1.6024475102405233e-07
1.86785702743677,1.5319747,1.5319747,-2.672882071230731e-08
1.830785407439566,1.5770673,1.5770673,-4.4026184031764615e-08
1.7504251876940735,1.5990607,1.5990607,-4.5359802136601957e-08
0.1855883584953201,0.33554494,0.33554494,3.809509263597022e-09
0.295421667431136,0.5030347,0.5030348,-8.911590576587969e-08
0.4487738346245395,0.68208116,0.68208116,2.9295349479596666e-09
0.6769600173402495,0.8789066,0.8789066,7.627868670034843e-09
0.874752076828438,0.98294,0.98294,1.817703243478519e-08
0.961789793343613,1.1123319,1.1123319,-3.278198246192687e-08
1.0842873202908965,1.2543963,1.2543963,1.938934324208219e-08
1.2579022363026473,1.4028858,1.4028858,-5.360412558275129e-09
1.4801016977765729,1.5207114,1.5207113,1.2196655263529976e-07
0.944750663655457,0.81710374,0.81710374,3.553161653790937e-09
1.1508320294784242,0.8958999,0.8958999,-8.146667451747192e-09
1.356222619773493,0.99401474,0.9940148,-6.000976560116555e-08
1.544113563361807,1.1035074,1.1035073,9.955902102731784e-08
1.6986170231017077,1.2038668,1.203867,-1.6059112550870225e-07
1.808450332037524,1.2825767,1.2825766,8.018341057791645e-08
1.837923421227848,1.3802502,1.3802502,1.5530395414131704e-08
1.796707148063254,1.4553185,1.4553183,1.5092773431035766e-07
1.693090818878522,1.5143772,1.5143771,1.3636627205215746e-07
0.2917375312823456,0.335599,0.335599,5.222320575981598e-09
0.4584446920151145,0.48811388,0.48811388,1.5747070314375833e-10
0.60327729436444,0.6662041,0.6662041,-5.113220180597011e-09
0.7812671220528797,0.7928325,0.79283243,6.378204342460947e-08
0.930474636078894,0.92016476,0.92016464,1.239274597386597e-07
1.1494504784226276,1.0694684,1.0694684,-2.0979309178770222e-08
1.2684941277304198,1.2096156,1.2096156,-1.181182862630692e-08
1.2952041148091509,1.3177347,1.3177347,1.8322753980726247e-08
1.3175391902111933,1.3619165,1.3619164,1.4205322274030152e-07
0.1478259629702177,0.10773376,0.10773376,-3.696212766413076e-09
0.2968032184869325,0.27193204,0.27193204,-4.315414414701735e-09
0.4582144335058151,0.43832064,0.43832064,-3.250732405479795e-09
0.6373555537407519,0.55750614,0.55750614,4.046783463884651e-09
0.8227136537267726,0.67730427,0.67730427,-2.116699260312771e-09
1.0048481345826017,0.8135741,0.8135741,-2.430114742768552e-08
1.2143833780450597,1.0097754,1.0097754,1.6174306338712086e-10
1.382932606852224,1.1757343,1.1757343,-1.8460083017757256e-08
1.4909238477136446,1.3521438,1.3521438,-3.550415028641396e-08
0.0911823696825642,0.07678613,0.076786146,-1.5333267211481427e-08
0.4628196036918032,0.45463234,0.45463234,1.861724829854694e-09
0.6785718269053453,0.8174302,0.8174302,-1.8074035601500782e-09
0.781957897580778,1.0399464,1.0399464,3.6882018994433e-08
0.8791269885051267,1.1990861,1.1990861,-2.993926995209506e-08
0.9848156442735536,1.3272111,1.327211,1.4158630379235149e-07
1.0930371436442736,1.3694892,1.3694892,-7.0373535887569005e-09
1.0536629385540754,1.3816141,1.3816141,-1.0987853960031657e-08
1.15244383904352,1.231113,1.2311131,-1.4299926753835734e-07
-0.4397937527618628,-0.50586337,-0.50586325,-1.1851119996464377e-07
-0.3536770702838854,-0.42131788,-0.42131788,4.6147155541298446e-09
-0.2892046876800521,-0.3614812,-0.3614813,1.1027221680226518e-07
-0.2364754890504885,-0.31868213,-0.31868207,-6.415145875626749e-08
-0.1996341275625837,-0.25635314,-0.2563532,6.01226806673516e-08
-0.1828252563837272,-0.22343798,-0.22343792,-5.981739042981715e-08
-0.1565757863235951,-0.20596941,-0.20596935,-5.8154487614370254e-08
-0.1443720853307266,-0.18294583,-0.1829458,-3.261013031830018e-08
-0.1439115683121278,-0.15580694,-0.155807,5.622577667341311e-08
0.3677228393511491,0.1529556,0.1529556,6.579780581494887e-09
0.5846263551111883,0.37980926,0.37980923,3.036834717029535e-08
0.5795606679066013,0.45624146,0.45624146,-1.3455963010500227e-09
0.4932137269193246,0.4200195,0.4200195,7.408142099762927e-09
0.3856830030765027,0.3204425,0.3204425,-2.2697448920361296e-09
0.2325610943923986,0.2377622,0.2377622,-2.1478653022821703e-09
0.0955572813592529,0.13185856,0.13185854,1.7462692264436086e-08
-0.0568738517969529,0.008743852,0.0087438375,1.4876937865643258e-08
-0.2104562774996558,-0.13810687,-0.13810687,2.328987114275094e-09
0.6813349290169382,0.14708103,0.14708105,-1.76046371369587e-08
-0.6198559070339972,-0.5972737,-0.5972737,-7.389831524484691e-09
-0.5883104912599787,-0.5700814,-0.5700814,-1.2792205850153948e-08
-0.5563045584673615,-0.54213727,-0.54213727,4.7946167036627685e-09
-0.5238381086561454,-0.50830716,-0.5083072,4.1053008992264495e-08
-0.4918321758635282,-0.47704762,-0.47704756,-6.22038269226799e-08
-0.4600565015802104,-0.4396022,-0.43960208,-1.1621658324578732e-07
-0.4289716028247907,-0.41242677,-0.41242677,2.6657104301719414e-10
-0.3985774795972693,-0.3858955,-0.3858955,9.353637697717687e-09
-0.3686438733883467,-0.3597656,-0.35976553,-5.9237213134721856e-08
0.5005819992169056,0.28134423,0.28134423,4.943389919631613e-09
0.7400508488882864,0.5153936,0.5153936,1.4768981926316371e-08
0.7835697071458738,0.6052853,0.60528535,-6.30966187076254e-08
0.6972227661585971,0.53256845,0.53256845,4.742431669590985e-09
0.5302853469165287,0.38274968,0.38274968,-3.2955932427469747e-09
0.3159146747587831,0.22068754,0.22068754,-1.6146087522539432e-09
0.1197344248356903,0.05525571,0.055255726,-1.4921356199237845e-08
-0.0513476475737672,-0.12976955,-0.12976958,3.122623443152506e-08
-0.2293374752622069,-0.27261984,-0.27261972,-1.2348297118158769e-07
1.263428440525833,1.2204463,1.2204463,4.819030752223341e-08
1.175239431464161,1.1133372,1.113337,1.5915679929534576e-07
1.0971817968116628,1.0571096,1.0571096,-5.6549072091627295e-09
1.0267226929660451,0.9997075,0.9997075,2.000808718705116e-08
0.9696185826597926,0.93765193,0.93765193,2.2395324483781565e-09
0.9373823913578762,0.8996747,0.8996747,1.3611602733831774e-08
0.9284023094951992,0.89409214,0.89409214,2.581939662071875e-09
0.9454414391833552,0.9352057,0.9352057,-1.9866943645752144e-09
1.0304068291148356,1.015939,1.0159389,9.726867666870476e-08
-0.5903828178436734,-0.46040362,-0.46040362,-1.196746812759386e-09
-0.4506159026989348,-0.28991222,-0.28991222,-3.815917970495519e-09
-0.3195988109075736,-0.16924904,-0.16924907,2.7131385804679553e-08
-0.1694702628443617,-0.051599607,-0.051599607,1.28395079290744e-10
0.0025328436022934,0.06356433,0.06356433,3.3943176047657175e-10
0.173614916011751,0.18933801,0.18933801,3.5297775258236186e-09
0.3767029212138259,0.3339408,0.3339408,4.004669207358091e-09
0.5894617838064757,0.5249732,0.5249732,1.3672637910744356e-08
0.8247859803104672,0.83801407,0.83801407,-3.780670221331661e-09
1.5560870058453762,1.5915928,1.5915929,-1.11303710914612e-07
1.5892442311844903,1.6905154,1.6905154,-1.020812989693809e-09
1.6311512798769825,1.7741529,1.774153,-1.250534058527819e-07
1.654407389316222,1.81113,1.81113,4.6844482515240315e-08
1.6272368852188923,1.769591,1.769591,-2.614593497263229e-08
1.580954924849712,1.72473,1.72473,1.4801025294275405e-08
1.5217784879597651,1.552969,1.552969,-2.1118164106326276e-08
1.4421090437421709,1.4230343,1.4230344,-8.965911857394815e-08
1.2836911893441805,1.2997887,1.2997886,1.1345520012362442e-07
-0.2044695562578712,-0.39397353,-0.39397353,6.611633462938471e-10
0.0246376604950362,-0.25083858,-0.25083852,-5.774734496144518e-08
0.2746984015941897,-0.13057639,-0.13057642,3.2952232359440004e-08
0.5353510341211157,-0.035468206,-0.035468236,3.0190406799524006e-08
0.7303799914977113,0.09207557,0.09207557,1.4178085372407168e-09
0.7996878027968322,0.21943799,0.21943799,-3.387680053146269e-09
0.8887978458957018,0.4083715,0.4083715,8.121490480128557e-09
0.9838946102363558,0.6210775,0.6210775,-2.206802363069471e-08
1.0559655236470695,0.9473346,0.9473346,-1.2425994899700754e-08
0.124109336512379,0.12249958,0.12249958,-2.2989082304469832e-09
0.213449638120548,0.21556972,0.21556972,-3.277969284898319e-10
0.3048622663124116,0.3160567,0.31605673,-3.1439285286261054e-08
0.3985774795972693,0.3963548,0.3963548,-5.497741706328441e-09
0.4978188971053127,0.46954584,0.46954584,1.2170410235157192e-09
0.6028167773458412,0.5964804,0.5964804,2.917251584744207e-08
0.717715773486244,0.7885647,0.7885647,-1.799316406980722e-08
0.8462000216753118,0.96956134,0.9695614,-6.157531740047517e-08
0.9933352091176314,1.0729746,1.0729744,1.6264495839024562e-07
-0.010822149937072,0.08101623,0.08101623,-2.3970413154383863e-09
0.0997019345266421,0.33497533,0.33497536,-2.797828674294678e-08
0.2268046316599135,0.5563523,0.55635226,5.7333221392674716e-08
0.3633479276744604,0.80188954,0.8018895,3.876495358046128e-08
0.51048311511678,0.85154825,0.85154825,4.48989867507521e-09
0.652782873863812,0.8744969,0.8744968,7.719345096468544e-08
0.8086678846595089,0.95783865,0.95783865,4.518127427743934e-09
0.9700790996783916,1.0951241,1.0951241,2.5480651810738664e-08
1.1459966007831366,1.2118192,1.2118192,-2.8094482518170594e-08
-0.5503178372255769,-0.1477562,-0.1477562,-4.009056087106444e-09
-0.451306678226833,0.119888864,0.119888864,4.576072715201107e-10
-0.3354866480492325,0.38410607,0.38410607,-1.9676210660790616e-10
-0.1749964670675474,0.5942768,0.5942768,-1.4149475147107182e-08
0.0050656872045869,0.7493855,0.7493855,-2.3887634315045148e-08
0.1971012839602903,0.85129356,0.85129356,3.842773432793933e-09
0.401801098727461,0.93090326,0.9309033,-4.406051634653352e-08
0.6233097846734882,1.0678327,1.0678327,8.358764569393884e-09
0.8742915598098392,1.2006868,1.2006868,1.240081792808212e-08
0.7124198277723578,0.6878067,0.6878067,2.550201416706699e-08
0.7923195304992512,0.8139857,0.81398565,5.5375671381696634e-08
0.8544893280100904,1.0213144,1.0213143,8.255310057769805e-08
0.919652486141822,1.1317092,1.1317091,1.1802520760717528e-07
0.9866577123479486,1.1804136,1.1804135,1.0378265380417417e-07
1.0578075917214649,1.2093395,1.2093395,-5.264282343375726e-10
1.1162932530835137,1.2488185,1.2488184,1.1673126221189989e-07
1.178002533575754,1.2757713,1.2757713,-3.973846429694561e-08
1.2413236236330902,1.3039182,1.3039182,4.245452878137712e-08
0.1720031064466552,0.15513597,0.15513599,-1.5712013246016454e-08
0.2175942912879373,0.20309639,0.20309639,-2.2949217526324617e-10
0.2705537484268003,0.30584955,0.30584955,2.1545409900625145e-09
0.3297301853167473,0.43550676,0.43550682,-5.8925933854592216e-08
0.3955841189763771,0.5153074,0.5153075,-7.354736331066647e-08
0.4662734813312943,0.5761939,0.5761939,2.8718566857932615e-08
0.541798272381499,0.63599706,0.6359971,-4.303894041157719e-08
0.6212374580897936,0.68681926,0.68681926,-4.647979778837907e-09
0.7029792288910822,0.70773226,0.70773226,2.2720336723125456e-10
0.9007712883792708,0.90491694,0.90491694,2.1195983856969747e-09
0.8911004309886957,1.0117351,1.0117351,-1.8327331652301382e-08
0.8793572470144262,1.1543894,1.1543894,-1.8591308492688086e-08
0.86623251198436,1.1225649,1.1225649,1.184234621476321e-08
0.8519564844077969,1.081986,1.081986,-4.953002918917093e-08
0.8372199398126351,1.1291162,1.129116,1.7755889891724053e-07
0.8211018441616768,1.0047023,1.0047023,2.9635620180101796e-08
0.8038324559642215,0.8445992,0.8445992,-1.262588500416939e-08
0.784260482673772,0.7574157,0.7574157,1.1879730199559901e-08
1.1278061785484836,1.221925,1.2219249,1.202178954162747e-07
0.8627786343448689,1.0096748,1.0096747,8.752136237966113e-08
0.7075843990770704,0.7772492,0.7772492,1.7033386257025995e-08
0.5579163680324573,0.5749209,0.5749209,-7.284545855412716e-09
0.2961124429590342,0.3503529,0.3503529,1.314125058771154e-08
0.09279417924766,0.119671434,0.119671434,1.6404724800800352e-10
-0.0458214433505815,-0.050757453,-0.050757423,-2.984557342239347e-08
-0.1678584532792659,-0.17073138,-0.17073135,-3.05818557699844e-08
1.6267763682002934,1.6861415,1.6861416,-1.0906372072128079e-07
1.3127037615159056,1.4009353,1.4009352,9.224395758344883e-08
1.0258016589288474,1.1791029,1.1791029,-2.3559569850561957e-09
0.7851815167109697,0.9300826,0.93008274,-1.208097839544564e-07
0.5703503275346252,0.69020253,0.69020253,4.198761005547169e-09
0.3582822404698735,0.43848825,0.4384883,-5.498962402095131e-08
0.1738451745210504,0.17938107,0.17938109,-1.7478790276248546e-08
-0.0004605170185988,-0.02237621,-0.02237624,3.0502548216404524e-08
-0.1420695002377326,-0.15771805,-0.15771805,2.500343321276688e-09
0.3601243085442688,0.31098694,0.31098694,-3.907623280507977e-09
0.3817686084184128,0.32113472,0.32113472,-3.727645858653261e-09
0.4004195476716646,0.33615962,0.33615962,-3.291244499159518e-09
0.4163073848133234,0.35595682,0.35595682,2.6337432790235482e-09
0.4298926368619883,0.3676709,0.3676709,-6.330871604731669e-09
0.4400240112711621,0.3814298,0.3814298,-8.549499497245705e-09
0.4473922835687431,0.3993813,0.3993813,9.747695928208344e-09
0.4529184877919288,0.4209228,0.4209228,-1.4002609238783492e-08
0.4577539164872163,0.4424518,0.44245178,2.4876327497924677e-08
-0.1538126842120022,-0.1109706,-0.1109706,-1.4394760106117843e-09
-0.1248001120402772,-0.018844306,-0.018844306,-4.689636214083581e-10
-0.0755247910502047,0.14247844,0.14247844,-3.7683868525650865e-09
-0.0234863679485392,0.2561802,0.2561802,-2.9994964845236893e-09
0.0446701508040844,0.34183782,0.34183782,3.3909606789173097e-09
0.1231883024751814,0.3761616,0.3761616,5.119705215328452e-09
0.2127588625926498,0.40073982,0.4007398,1.8811416646613566e-08
0.3154541577401843,0.43808857,0.4380886,-3.3935165399956446e-08
0.4358793581037729,0.50332445,0.5033245,-5.093765254038374e-08
-0.627684696350177,-0.39618713,-0.3961872,7.336349489017735e-08
-0.5659754158579364,-0.12038411,-0.12038414,2.799953460752569e-08
-0.4830823525101508,0.09819296,0.098192975,-1.4976119996901183e-08
-0.3817686084184128,0.23698571,0.2369857,1.3243484503489e-08
-0.2622644420920218,0.32256997,0.32256997,-3.6837768391251302e-09
-0.132628901356457,0.3791632,0.3791632,5.623626730955067e-09
0.0135852520486648,0.4244871,0.4244871,1.3952636712666333e-08
0.1768385351419427,0.4497798,0.4497798,8.521270744576981e-09
0.3543678458117837,0.5034622,0.5034622,-4.603576631012629e-09
2.452022865529359,1.1099982,1.1099981,1.2616577138579999e-07
1.9493685397287592,0.88062465,0.88062465,1.908874502909441e-09
1.5376663251014238,0.6541685,0.6541685,-1.3404846233022738e-08
1.1395493625227533,0.42729503,0.42729503,-8.366394244063713e-10
0.7854117752202691,0.26932865,0.26932865,3.812408444492377e-09
0.4455502154943478,0.103382364,0.103382364,-8.455658395689625e-11
0.1614112150188826,-0.042624786,-0.042624786,-4.961624167076906e-10
-0.0973993494336481,-0.18563019,-0.18563019,2.6077651982259198e-09
-0.3246644981121604,-0.33624083,-0.3362407,-1.280372619594239e-07
1.0990238648860582,1.2396636,1.2396636,9.216307716997107e-10
0.8390620078870303,0.9997533,0.99975336,-6.36247253771316e-08
0.6014352262900448,0.6355803,0.6355803,1.2847900521251177e-09
0.3889066222066943,0.3037377,0.30373773,-3.001449583317495e-08
0.1973315424695897,0.1250038,0.1250038,-2.0389556709687895e-10
0.0218745583834434,-0.020131394,-0.020131424,2.9732917784103252e-08
-0.1321683843378582,-0.15479149,-0.15479149,7.564926185477105e-10
-0.1289447652076665,-0.17950787,-0.17950796,9.349819182769004e-08
-0.2314098018459016,-0.24079712,-0.24079706,-5.7352485649531104e-08
-0.3023294227101182,-0.28300184,-0.28300184,-1.1459350135467616e-10
-0.3562099138861789,-0.3271429,-0.32714283,-6.426803589310026e-08
-0.4013405817088622,-0.3547827,-0.35478264,-6.053863527144543e-08
-0.4363398751223717,-0.3711639,-0.3711639,-4.666900643712779e-09
-0.4566026239407193,-0.39727968,-0.39727968,2.2476198680010384e-10
-0.472950978100977,-0.42192274,-0.42192268,-6.332046509349709e-08
-0.4736417536288752,-0.43442243,-0.4344223,-1.33376312272393e-07
0.5595281775975531,0.69004697,0.69004697,-3.924102820462849e-09
0.3817686084184128,0.4858908,0.4858908,5.721282947401818e-09
0.223120495511123,0.30736,0.30736,-6.5422058326269905e-09
0.0824325463291868,0.22034329,0.22034329,1.7594909695883842e-09
-0.0407557561459946,0.13449916,0.13449916,2.4355316097235402e-09
-0.1475957044609183,0.042249456,0.04224947,-1.3951988217519862e-08
-0.569659552006727,-0.5610348,-0.5610348,1.3778685969967341e-09
-0.5866986816948829,-0.5599765,-0.5599765,-1.8154144298954122e-08
-0.5929156614459669,-0.5517302,-0.5517303,8.445053101269195e-08
-0.593606436973865,-0.5396399,-0.53964,1.0980606079957766e-07
-0.5866986816948829,-0.52667993,-0.5266799,-3.3071136495976816e-08
-0.5772580828136072,-0.5122425,-0.51224244,-5.6013641391849944e-08
-0.5592979190882538,-0.4971516,-0.49715155,-6.323547363518145e-08
-0.5339694830653192,-0.48600584,-0.48600584,-2.685699440618805e-09
-0.4994307066704085,-0.46813864,-0.46813864,4.841461176408046e-09
1.322374618906481,1.4373078,1.437308,-1.6537475588940254e-07
1.060800952342357,1.1418169,1.1418167,1.544769288042147e-07
0.8139638303733951,0.8712027,0.8712027,7.2906494175128955e-09
0.5830145455460923,0.58229464,0.58229464,2.9252624766940016e-09
0.3605848255628676,0.35119992,0.35119992,4.945831300062764e-09
0.1487469970074153,0.16989264,0.16989264,-1.0782623405258818e-09
-0.0476635114249767,-0.04920946,-0.04920946,-6.161117588332488e-10
-0.231640060355201,-0.24092917,-0.24092911,-6.144298553278915e-08
-0.4888388152426359,-0.55501,-0.55500996,-6.073287961427809e-08
-0.5081805300237859,-0.5423429,-0.5423429,-1.2298584373127142e-09
-0.5226868161096484,-0.5407632,-0.54076314,-5.9329376189687366e-08
-0.5346602585932174,-0.5518297,-0.55182964,-5.570159911094663e-08
-0.5291340543700318,-0.55518025,-0.5551803,4.8401641805639883e-08
-0.5397259457978043,-0.546446,-0.546446,-2.537155152637638e-08
-0.5305156054258282,-0.52868074,-0.5286807,-4.178695678369593e-08
-0.5102528566074805,-0.50795084,-0.50795084,-2.3805236670781937e-09
-0.4846941620752466,-0.47774237,-0.47774243,5.605667113828261e-08
3.313880465837031,3.3502145,3.3502145,-1.864624010750049e-08
3.213257497273191,3.2818642,3.2818642,-3.374023416213845e-08
3.1246079711929204,3.213514,3.2135139,1.8958435044069688e-07
3.026057329212775,3.1447384,3.1447384,3.57452392130142e-08
2.949150987106774,3.075062,3.075062,3.651428226447706e-08
2.8826062779192463,3.010368,3.0103676,5.087493897271145e-07
2.8248113920850955,2.9456842,2.9456842,-5.4351807499131155e-09
2.786588479541394,2.8810318,2.8810318,-4.8367309712915585e-08
2.761950819046358,2.8163786,2.8163786,-6.555175957601023e-09
0.0472029944063779,0.0026996285,0.0026996285,-2.7671814058910504e-11
0.2010156786183802,0.13556096,0.13556093,2.9577560428650784e-08
0.3453877639491068,0.3068444,0.3068444,1.3280487043410005e-08
0.5070292374772889,0.50360084,0.5036009,-6.419982911953781e-08
0.657848561068399,0.68617,0.68617,-1.804351801304449e-08
0.8031416804363232,0.90798324,0.9079832,4.346542359368044e-08
0.9385336839043732,1.0204111,1.0204111,3.376617430106421e-08
1.064715347000447,1.1214302,1.1214302,-4.138488773897109e-08
1.1961929558104067,1.2175936,1.2175937,-1.4931793201888865e-07
0.1526613916655052,0.7510368,0.7510368,2.2795867971048267e-08
-0.190654045699907,-0.14342867,-0.1434287,3.162021636193835e-08
-0.4743325291567734,-0.44597483,-0.4459747,-1.2681274413894883e-07
-0.4496948686617372,-0.41078734,-0.41078734,-3.978881835120518e-09
-0.424596691148102,-0.36784297,-0.3678431,1.277214050077191e-07
-0.3990379966158682,-0.33030373,-0.33030373,1.4195251640813922e-09
-0.372788526555736,-0.3106392,-0.3106392,-2.59475707586887e-09
-0.3463087979863045,-0.27944422,-0.27944416,-5.768188476862335e-08
-0.3193685523982741,-0.24863498,-0.24863498,8.711624199797541e-10
-0.2921980483009445,-0.22410299,-0.22410296,-2.8839149485149207e-08
-0.2647972856943152,-0.19503851,-0.19503851,-2.3491287248766923e-09
-0.1565757863235951,-0.036255643,-0.036255613,-2.977172088719504e-08
-0.1505890650818106,-0.1145,-0.1145,-1.0728836014051168e-09
-0.1296355407355648,-0.11675073,-0.11675073,-2.0642471343368385e-09
-0.1439115683121278,-0.029935181,-0.029935211,2.9859100341561584e-08
-0.1650953511676731,-0.053196803,-0.053196803,2.6467132652197023e-10
-0.1439115683121278,-0.15349065,-0.15349062,-2.7673606878275692e-08
-0.1611809565095832,-0.16739808,-0.16739808,-2.2975921165624413e-10
-0.1768385351419427,-0.17907928,-0.17907925,-2.9303550724835148e-08
-0.190654045699907,-0.18469058,-0.18469055,-2.9771995535554652e-08
-0.202627488183476,-0.18483536,-0.18483539,3.054584502004687e-08
-0.2127588625926498,-0.18482332,-0.18482329,-2.931591033816794e-08
-0.2212784274367278,-0.18269332,-0.18269332,2.4674606247110376e-09
-0.2281861827157099,-0.17218445,-0.17218445,-2.414512645376732e-09
-0.2332518699202968,-0.16221158,-0.16221158,-2.0646286069680997e-09
0.022795592420641,-0.3061173,-0.3061173,3.781127910773563e-09
-0.0186509392532517,-0.32389772,-0.32389772,6.167602539797201e-10
-0.0566435932876535,-0.32111806,-0.32111806,3.2258605786594785e-09
-0.0914126281918636,-0.3089251,-0.30892515,5.7779693585224834e-08
-0.122958043965882,-0.2970593,-0.29705936,6.243835448671575e-08
-0.1515100991190082,-0.27033257,-0.27033257,-4.844360357303401e-09
-0.1775293106698409,-0.2476512,-0.24765114,-6.446681977134716e-08
-0.2005551615997814,-0.2218969,-0.2218969,-1.7267227092609971e-09
-0.2212784274367278,-0.19186749,-0.19186752,3.4357566847109666e-08
-0.0704591038456178,0.36463958,0.3646396,-1.975021363120888e-08
0.0439793752761862,0.5997234,0.5997234,-1.3145446953188866e-09
0.2562777208502373,0.27462775,0.27462775,-4.848480228414331e-09
0.1853580999860207,0.21155635,0.21155635,-4.775619510954954e-09
0.1190436493077921,0.15203494,0.15203494,-1.6645813061266779e-09
0.0568738517969529,0.08230217,0.08230217,-1.988334649705159e-09
-0.001151292546497,0.022762358,0.022762388,-2.981137085106278e-08
-0.0557225592504559,-0.019088745,-0.019088745,-1.1718749928779637e-10
-0.1068399483149237,-0.0752701,-0.07527016,5.857196808123355e-08
-0.1549639767584993,-0.12991692,-0.12991692,-1.2579727259875995e-09
-0.1984828350160867,-0.14647691,-0.14647694,3.048175811759535e-08
-0.2215086859460272,-0.19744454,-0.19744454,-3.2424545270970384e-09
-0.2519028091735486,-0.22388609,-0.22388609,2.463188181200948e-09
-0.2756194356313873,-0.22214781,-0.22214778,-2.7478904734978826e-08
-0.2898954632079504,-0.21483351,-0.21483357,5.709774017481628e-08
-0.2991058035799265,-0.23120214,-0.23120211,-3.045047761163211e-08
-0.3041714907845134,-0.23434438,-0.23434438,1.8862533479602206e-09
-0.3032504567473159,-0.256113,-0.256113,7.236480692451863e-09
-0.2979545110334295,-0.25947273,-0.25947273,2.2244262543047455e-09
-0.2933493408474414,-0.24900885,-0.24900885,7.368087806547408e-10
-0.5238381086561454,-0.54474896,-0.5447489,-6.19255066114377e-08
-0.4070970444413473,-0.43916315,-0.43916315,1.5968322775172794e-09
-0.3214408789819688,-0.3392291,-0.3392291,-6.903076166242528e-09
-0.2634157346385188,-0.29107302,-0.29107302,-4.272918685543914e-09
-0.2249625635855182,-0.26528317,-0.2652831,-6.736221314085356e-08
-0.2171337742693385,-0.2684449,-0.2684449,4.25567625583767e-09
-0.2228902370018236,-0.26589358,-0.26589364,6.147064207651098e-08
-0.2399293666899795,-0.25964797,-0.25964803,6.456878659522047e-08
-0.2604223740176266,-0.2521389,-0.2521389,-1.2677764893442856e-08
-0.6424212409453388,-0.52646714,-0.52646726,1.1551071166238103e-07
-0.6062706549853323,-0.3842051,-0.38420522,1.1707946778738432e-07
-0.5705805860439246,-0.27876514,-0.2787652,5.803604125054207e-08
-0.5353510341211157,-0.24538012,-0.24538012,1.5107345652243254e-09
-0.4989701896518098,-0.24175878,-0.24175884,6.13087081935415e-08
-0.4625893451825038,-0.21900122,-0.21900122,1.3234329188094307e-09
-0.4273597932596948,-0.24164031,-0.24164031,-4.4598007231666514e-09
-0.390978948790389,-0.26780784,-0.26780778,-6.130096436018917e-08
-0.3557493968675801,-0.28798634,-0.28798622,-1.1813858030729207e-07
-0.6352832271570572,-0.6192944,-0.61929435,-5.498352051436228e-08
-0.6090337570969252,-0.6080364,-0.60803634,-5.888763432437827e-08
-0.5800211849252002,-0.5876469,-0.58764684,-6.160751342410009e-08
-0.5468639595860859,-0.56405,-0.56404996,-5.878738407183448e-08
-0.5123251831911753,-0.5266921,-0.5266921,7.581329342087884e-09
-0.4743325291567734,-0.48249835,-0.4824983,-4.7759246835088476e-08
-0.4338070315200782,-0.44075423,-0.44075423,-4.7908019773501564e-09
-0.390978948790389,-0.40517187,-0.40517187,-1.1853027448438525e-09
-0.3444667299119093,-0.3565759,-0.35657597,6.37232971389956e-08
-0.5717318785904216,-0.55174166,-0.55174154,-1.1964126589436574e-07
-0.5549230074115651,-0.52371544,-0.52371544,3.541412385565934e-09
-0.5376536192141097,-0.4903013,-0.4903013,-1.1016082768211533e-08
-0.5194631969794568,-0.46078503,-0.46078503,-1.3186645664298169e-09
-0.501963550272702,-0.44151902,-0.44151908,5.801208496913901e-08
-0.4821613184729532,-0.41665214,-0.41665214,-3.001556392323579e-09
-0.4612077941267074,-0.3898083,-0.3898083,2.8427123988095104e-09
-0.4358793581037729,-0.37874353,-0.37874353,6.802368113234536e-10
-0.401801098727461,-0.37118047,-0.37118053,5.5241851815157617e-08
-0.2044695562578712,-0.21612479,-0.21612479,2.0733261218985888e-09
-0.221969202964626,-0.2573108,-0.2573108,-7.704925530926943e-09
-0.2348636794853926,-0.26700002,-0.26700002,4.496765182437912e-10
-0.2505212581177521,-0.28956133,-0.28956133,-1.2721252384828574e-09
-0.2666393537687105,-0.33025897,-0.33025897,4.507751449889241e-09
-0.2806851228359742,-0.36463994,-0.36463988,-5.7877655001981054e-08
-0.2940401163753396,-0.3806255,-0.3806255,1.3626098638308548e-08
-0.3115397630820944,-0.3639444,-0.3639444,-1.1277770994855274e-08
-0.3345656140120349,-0.33325863,-0.33325863,1.154785156387561e-09
-0.4572933994686175,-0.5397089,-0.5397089,-1.2372589064391093e-08
-0.5450218915116907,-0.5695677,-0.5695677,1.9641113291335444e-08
-0.4480830590966413,-0.497958,-0.49795806,5.5525360087571585e-08
-0.3794660233254188,-0.44492155,-0.4449215,-5.313491818759175e-08
-0.3357169065585319,-0.42039615,-0.42039615,8.41522240779824e-10
-0.3140726066843878,-0.40709436,-0.40709436,6.021118048593621e-10
-0.3041714907845134,-0.41756147,-0.4175616,1.2853775022136915e-07
-0.3096976950076991,-0.3928634,-0.3928635,1.0717010495708834e-07
-0.3205198449447711,-0.3633331,-0.36333317,6.395904539324704e-08
-0.3380194916515259,-0.3452562,-0.34525627,6.062652585514527e-08
-0.1683189702978647,-0.16606258,-0.16606258,1.4410781734586209e-09
-0.1406879491819362,-0.13602231,-0.13602231,-4.42928313471036e-09
-0.1125964110474088,-0.1099125,-0.10991244,-5.978542327866876e-08
-0.0895705601174683,-0.08388825,-0.08388822,-2.760913848931512e-08
-0.0697683283177195,-0.048364118,-0.048364148,3.0258415224804214e-08
-0.051808164592366,-0.03443806,-0.034438,-5.8733940121180606e-08
-0.0352295519228089,0.0062312633,0.006231278,-1.4720085143860029e-08
-0.020493007327647,0.07081492,0.07081492,2.4519729580063654e-09
1.17178555382467,1.1856117,1.1856116,1.2485351552626867e-07
1.3635908920710738,1.5928053,1.5928053,-3.3619689920882934e-08
1.2747111074815038,1.4276502,1.4276502,1.324157716808827e-08
1.0882017149489862,1.1755998,1.1755997,1.134613036857246e-07
0.9148170574465344,1.0289519,1.0289519,-1.6683959991325992e-08
0.7458073116207715,0.89516246,0.8951625,-3.681182858539245e-08
0.5876197157320805,0.67541444,0.6754144,4.301605227574612e-08
0.441635820836258,0.49106878,0.49106878,4.2221071083758943e-10
0.3090069194798009,0.35104576,0.35104576,-2.4678802335031946e-09
-0.1317078673192594,-0.19685991,-0.19685988,-3.108417512276418e-08
-0.2696327143896028,-0.36060447,-0.36060464,1.7499221799388565e-07
-0.3985774795972693,-0.47874975,-0.4787497,-5.2044677734119915e-08
-0.5185421629422592,-0.5660813,-0.5660813,1.4523315439163298e-08
-0.6240005602013865,-0.6299191,-0.6299191,-1.1728668258825792e-08
-0.7126500862816572,-0.68678814,-0.6867882,5.8272552450056025e-08
-0.7828789316179756,-0.75354505,-0.75354505,4.147338916737908e-09
-0.8358383887568387,-0.802114,-0.802114,-9.857177740713041e-09
-0.8881070703678035,-0.8468152,-0.8468152,-2.846221924812653e-08
-0.6751179492658543,-0.6701368,-0.67013675,-5.934906011084706e-08
-0.7361364542301965,-0.716482,-0.7164821,1.1633834839930302e-07
-0.8010693538526286,-0.77114284,-0.77114284,-3.854370156375353e-10
-0.8572524301216833,-0.817435,-0.81743515,1.2383117675707211e-07
-0.8989292203048755,-0.869064,-0.869064,2.6573181099998067e-08
-0.9364613573206784,-0.90898585,-0.90898573,-1.231951903823969e-07
-0.9815920251433616,-0.9409057,-0.9409056,-9.019317626091095e-08
-1.0198149376870629,-0.9745889,-0.9745889,2.899780271459207e-08
-1.0389263939589135,-1.0131515,-1.0131516,7.354888920119151e-08
-0.6939991470284055,-0.6925982,-0.6925983,7.631378173833525e-08
-0.7557084275206458,-0.7292477,-0.7292478,1.1075286865391831e-07
-0.8072863336037125,-0.7605845,-0.76058424,-2.3360992429388716e-07
-0.8533380354635933,-0.79192984,-0.7919297,-1.4104156498273568e-07
-0.8973174107397797,-0.82588375,-0.82588387,1.238528442026876e-07
-0.9334679966997862,-0.86193645,-0.86193633,-1.2000457760841243e-07
-0.9661647050203016,-0.9050696,-0.9050696,1.0385131865575659e-08
-0.995407535701326,-0.9463805,-0.9463806,1.0397491456703989e-07
-1.020505713214961,-0.9954622,-0.9954623,1.2081604006120017e-07
0.2385478156341831,-0.35277838,-0.35277838,4.8512268091549515e-09
0.0218745583834434,-0.48646486,-0.4864648,-5.805511477108283e-08
-0.1692400043350623,-0.58381665,-0.58381665,2.4703979972784396e-09
-0.3419338863096158,-0.65522224,-0.65522236,1.228898620642127e-07
-0.4840033865473484,-0.7197945,-0.71979463,1.1820495604553116e-07
-0.6230795261641888,-0.774021,-0.774021,-2.9472351115167328e-08
-0.75409661795555,-0.8277868,-0.8277868,-3.2455443887968727e-09
-0.8779756959586297,-0.9157218,-0.9157218,2.5898742705976474e-08
-0.9871182293665476,-1.0144707,-1.0144709,2.0355072027911092e-07
1.3937547567892958,1.3350817,1.3350816,9.651031485091721e-08
1.1169840286114117,1.0306262,1.0306262,-2.221221917508842e-08
0.7969247006852394,0.73657775,0.7365778,-5.074768061330559e-08
0.4724904610823782,0.41556972,0.41556975,-2.734756471278743e-08
0.1768385351419427,0.1395295,0.1395295,-3.5686492927400337e-09
-0.1070702068242231,-0.10554765,-0.10554765,-1.648521416597326e-09
-0.3815383499091134,-0.36956418,-0.36956418,4.394226094106557e-09
-0.6380463292686501,-0.647171,-0.647171,-2.050781244822275e-08
-0.5088713055516841,-0.4671802,-0.4671802,7.529449452814418e-09
-0.59936289970635,-0.51965743,-0.5196573,-1.3303298951328202e-07
-0.6769600173402495,-0.57561094,-0.575611,6.431198118495018e-08
-0.7464980871486696,-0.6469139,-0.64691395,6.392974849500632e-08
-0.807056075094413,-0.7076511,-0.7076512,1.2129898074864087e-07
-0.8533380354635933,-0.75961787,-0.7596178,-6.508560179696588e-08
-0.90100154688857,-0.800655,-0.8006551,9.263763423028593e-08
-0.9371521328485766,-0.8523247,-0.85232484,1.1580261227717159e-07
-0.9716909092434872,-0.91456926,-0.91456914,-1.1868988036844996e-07
0.2010156786183802,0.12835537,0.12835537,-1.0281753504148838e-09
0.0133549935393654,-0.023489445,-0.023489445,-4.4792175177277294e-10
-0.1597994054537868,-0.18921937,-0.18921934,-3.048435209818123e-08
-0.323282947056364,-0.3040412,-0.30404115,-5.68367004571968e-08
-0.4759443387218692,-0.4297369,-0.42973685,-6.225051879527044e-08
-0.616862546413105,-0.56991094,-0.569911,5.6491851752049627e-08
-0.7488006722416637,-0.7047834,-0.7047833,-8.003158569191982e-08
-0.8694561311145517,-0.81779706,-0.81779706,-4.781189000269137e-09
-0.9698488411690922,-0.91133773,-0.91133785,1.1673126221189989e-07
0.2871323610963575,0.25963008,0.25963008,4.037780776400268e-09
0.0902613356453665,0.09280358,0.0928036,-1.74509048461724e-08
-0.081972029310588,-0.056848958,-0.05684893,-2.813465118517433e-08
-0.2486791900433569,-0.18334131,-0.18334128,-2.9428215031490623e-08
-0.4034129082925568,-0.3211519,-0.32115197,5.7787628182648376e-08
-0.5521599052999723,-0.4855646,-0.4855646,1.04995727667756e-08
-0.689163718333118,-0.64979684,-0.64979684,-3.5287475164125226e-09
-0.8190295175779821,-0.78971326,-0.78971326,-3.511657742372165e-09
-0.9415270445252654,-0.90027356,-0.90027356,-1.4776611045874688e-09
-0.2332518699202968,-0.17950915,-0.17950918,3.19983291530157e-08
-0.1678584532792659,-0.072714135,-0.072714135,-5.077362141836517e-11
-0.0706893623549172,0.0479524,0.047952384,1.4657798766415375e-08
0.0642421240945338,0.19857061,0.19857061,-9.07287606155549e-10
0.2035485222206736,0.3700583,0.37005827,2.8110961891592012e-08
0.3628874106558616,0.52266484,0.52266484,4.989776591912687e-09
0.5659754158579364,0.7105988,0.7105988,2.6408386255560856e-08
0.784260482673772,0.91089165,0.91089165,2.1072387168530327e-09
1.0345514822822248,1.1041654,1.1041653,1.34837341292382e-07
0.0962480568871511,0.08697215,0.08697215,-2.7736663799071692e-09
0.149668031044613,0.19757481,0.19757481,-8.063888445875023e-10
0.2376267815969855,0.35084164,0.35084164,1.4260864156234732e-09
0.3672623223325503,0.51396906,0.513969,6.375885008846893e-08
0.5316668979723251,0.6117471,0.6117471,-1.395187376740381e-08
0.7269261138582203,0.7763278,0.7763278,-1.1170196545506883e-08
0.940145493469469,0.9848678,0.9848679,-8.879699708863598e-08
1.1664896081107838,1.171422,1.171422,4.699707067956638e-09
1.398820443993883,1.3747152,1.3747152,9.007263157556622e-09
0.5438705989651936,0.5098583,0.5098583,1.0222625745903713e-08
0.6507105472801175,0.5826223,0.58262235,-6.034240718211237e-08
0.7589320466508376,0.6816619,0.6816619,3.8581847716656625e-09
0.8692258726052523,0.7939766,0.7939766,4.9385070477470094e-09
0.979980215578266,0.9044892,0.90448916,5.91886901712968e-08
1.0916555925884772,0.9874102,0.9874102,-1.2278747574256954e-08
1.2040217451265869,1.0980225,1.0980225,-3.906249990137667e-08
1.3168484146832948,1.211898,1.2118979,6.924591056112206e-08
1.4303658597679012,1.3344294,1.3344294,-1.6722107032407507e-08
0.0633210900573362,0.076518625,0.076518655,-2.99790191699012e-08
0.1515100991190082,0.1594238,0.15942381,-1.1677322386827171e-08
0.2705537484268003,0.29183847,0.29183847,-2.878875748901777e-09
0.4047944593483533,0.47824097,0.47824097,-3.2031249874719947e-09
0.5528506808278705,0.668636,0.668636,2.3998260489932477e-08
0.7135711203188548,0.8930025,0.89300245,6.007080077807814e-08
0.9069882681303546,1.0986834,1.0986834,-4.276123055646508e-08
1.16787115916658,1.3105673,1.3105671,1.59788513087733e-07
1.4232278459796197,1.5308464,1.5308464,-4.265441888584576e-08
0.6785718269053453,0.5770781,0.5770781,4.0191650008125634e-09
0.585086872129787,0.59688926,0.59688926,-2.5689697036312964e-09
0.5956787635575597,0.62338984,0.62338984,1.2603762478136105e-10
0.6267636623129793,0.65131825,0.65131825,2.0866394168095326e-09
0.6831769970913335,0.70086265,0.70086265,-3.8970947580097e-09
0.7593925636694363,0.7635952,0.7635952,2.342681881817299e-08
0.8540288109914916,0.85554874,0.8555487,3.9433288523405e-08
0.9804407325968648,0.99884725,0.99884725,-3.829956018996938e-09
1.1784630505943527,1.2080702,1.20807,1.5895843508140217e-07
0.0437491167668868,-0.011750221,-0.011750191,-3.025244140614225e-08
0.2297979922808057,0.18883,0.18883,3.1423568747079855e-09
0.4167679018319223,0.40402353,0.40402353,-1.90093996099705e-09
0.6074219475318292,0.62499994,0.62499994,3.9535519302802413e-10
0.7948523741015446,0.83312273,0.83312273,2.5512691959050926e-10
0.9728422017899844,0.9987461,0.99874604,5.708786010583111e-08
1.139319104013454,1.1575383,1.1575383,-5.2078246159936725e-09
1.2910594616417614,1.3034136,1.3034135,1.2953186034891928e-07
1.383162865361523,1.3729105,1.3729105,-4.2724601634347437e-10
1.4315171523143984,1.4251593,1.4251593,3.5136413556458024e-08
1.481483248832369,1.4658655,1.4658656,-1.0717926035574976e-07
1.525923141127154,1.5088743,1.5088743,-2.857971193037656e-09
1.5634552781429574,1.5522071,1.5522071,1.2312316943763335e-08
1.594079659879778,1.5890086,1.5890086,-3.028259287773949e-08
1.6214804224864072,1.6356276,1.6356277,-7.26272582074472e-08
1.652104804223228,1.6790673,1.6790671,1.5406646736160212e-07
1.6951631454622165,1.7288791,1.7288791,-5.876159558937388e-09
-0.1010834855824386,-0.11849372,-0.11849375,2.911090850321596e-08
0.1084517578800195,0.024086595,0.024086595,-4.1839599493331825e-10
0.2611131495455248,0.14134748,0.14134748,2.8004837060446874e-09
0.4347280655572758,0.33869815,0.33869815,-1.2725829834359104e-09
0.6175533219410031,0.5289171,0.5289171,-2.579650881795459e-08
0.7985365102503351,0.70955205,0.70955205,-3.6315916940310444e-10
0.9712303922248886,0.96344346,0.96344346,-1.9197082812283384e-09
1.139319104013454,1.1367217,1.1367217,3.0232238712457615e-08
1.2880661010208694,1.3011482,1.3011482,-2.3806762783351587e-08
-0.358512498979173,-0.37301695,-0.3730169,-5.346832276931224e-08
-0.0345387763949106,-0.05209528,-0.05209531,3.0902442930969e-08
0.2399293666899795,0.23875378,0.23875378,7.226181042430113e-10
0.4761745972311687,0.4938637,0.4938637,1.8203735185906567e-09
0.6827164800727346,0.7203766,0.7203766,1.0755920376581685e-08
0.8660022534750607,0.893349,0.893349,-8.129119821731479e-09
1.0308673461334343,1.0623246,1.0623246,4.3135070848521195e-08
1.1812261527059456,1.2232361,1.2232362,-1.16015625106769e-07
1.3200720338134866,1.3559797,1.3559797,-1.8984985361569784e-08
0.611796859208518,0.60845184,0.60845184,3.2617187839534267e-09
0.6887032013145191,0.6869883,0.68698835,-5.587539675389053e-08
0.7884051358411612,0.7799129,0.7799128,8.900375370046731e-08
0.897547669249079,0.9145769,0.9145769,-1.191558840485385e-08
1.024420107873051,1.0893158,1.0893158,-2.794342046641418e-08
1.1367862604111605,1.204388,1.2043881,-7.757720954515435e-08
1.2714874883513123,1.2927709,1.2927709,-3.742065435297093e-08
1.3882285525661102,1.3903115,1.3903116,-1.2043151853546874e-07
1.5148707326807829,1.495744,1.4957439,8.994445810373008e-08
2.167883865053894,1.2544132,1.2544131,1.4710845941401374e-07
2.225448492378745,1.3790408,1.379041,-1.6271209712925838e-07
2.1169967344987257,1.4911027,1.4911027,-4.534912001474822e-09
1.9486777642008613,1.6381263,1.6381263,-4.5918273849920865e-08
1.7048340028527915,1.7757603,1.7757604,-1.0699310304396192e-07
0.482621835491552,0.5408546,0.5408546,-2.6750183068635636e-08
0.4450896984757491,0.630403,0.630403,-1.776504521266986e-08
0.4374911676688687,0.7568258,0.75682586,-5.5289611777809e-08
0.4556815899035216,0.90970564,0.9097057,-6.111450190360301e-08
0.551469129772074,0.96960384,0.9696037,1.3653640751343232e-07
0.7128803447909566,1.0844256,1.0844254,1.6858062745761515e-07
0.9281720509859,1.2096097,1.2096099,-1.5306701661721434e-07
1.1782327920850535,1.3429716,1.3429716,-3.666076664465834e-08
1.4328987033701948,1.4444748,1.4444748,1.632232660142563e-08
0.958335915704122,0.9338222,0.9338223,-8.539657592177008e-08
0.988499780422344,1.0648013,1.0648013,3.5334777770401615e-08
1.0108348558243865,1.1762775,1.1762775,1.8272399815444373e-08
1.023959590854452,1.2362874,1.2362875,-1.4457702635084502e-07
1.036854067375219,1.2510833,1.2510833,-4.518585194901448e-08
1.0525116460075783,1.247618,1.247618,-4.002380360468294e-08
1.0713928437701294,1.1804963,1.1804962,1.3502960194422542e-07
1.09441869470007,1.1612847,1.1612848,-1.148651123106248e-07
1.1271154030205854,1.1821823,1.1821823,1.2011718730775556e-08
1.217376738665952,1.2233117,1.2233117,-3.7326049806551964e-08
1.6350656745350718,1.5658525,1.5658524,1.2285003658796256e-07
1.723254683596744,1.6927491,1.6927493,-1.573532104615083e-07
1.7103602070759774,1.5523585,1.5523585,8.110046412213023e-09
1.673749104097372,1.5104705,1.5104705,9.52911372031906e-09
1.6341446404978743,1.5413811,1.5413812,-7.931823731155418e-08
1.6019084491959577,1.5219572,1.5219572,-4.095764150058301e-08
1.5722051014963343,1.5029603,1.5029604,-7.57125855344043e-08
1.542271495287412,1.491462,1.4914621,-1.0773620595649902e-07
-0.6645260578380817,-0.57936466,-0.5793646,-5.7402038566856106e-08
-0.6405791728709436,-0.5354615,-0.5354615,1.461410525926965e-08
-0.5979813486505536,-0.5007478,-0.50074786,6.012664799381895e-08
-0.5450218915116907,-0.45717478,-0.45717478,2.0153808621969915e-09
-0.4876875226961389,-0.41306567,-0.41306573,5.807922365264062e-08
-0.4183797113970181,-0.3662339,-0.3662339,1.47117614757164e-08
-0.3421641448189152,-0.31862944,-0.31862944,-3.6454773089111825e-09
-0.2613434080548242,-0.27513295,-0.27513295,-4.120635999083078e-09
-0.1872001680604159,-0.21595342,-0.2159534,-2.457294465130211e-08
0.2065418828415659,0.20548669,0.20548669,-4.9623870845838525e-09
-0.6583090780869977,-0.61812323,-0.61812323,-3.3183288339344585e-09
-0.6131784102643144,-0.5637792,-0.56377923,5.471847530635898e-08
-0.5284432788421336,-0.4869358,-0.4869358,5.646514866786134e-09
-0.4384122017060664,-0.4059264,-0.40592647,6.361648557939859e-08
-0.3506837096629931,-0.33093274,-0.33093268,-5.639678957169991e-08
-0.2760799526499861,-0.26326603,-0.26326597,-5.697372434942949e-08
-0.1975618009788891,-0.1965134,-0.1965134,5.182266282766079e-10
-0.1257211460774749,-0.1233937,-0.1233937,4.732131908546933e-10
-0.0610185049643422,-0.059043422,-0.059043452,2.9658653262487622e-08
0.0739129814851088,0.0704093,0.07040931,-1.2056884768352205e-08
0.0911823696825642,0.08614442,0.0861444,1.752433777257867e-08
0.1079912408614207,0.10880328,0.10880328,-3.0210495216564937e-10
0.1192739078170915,0.12926538,0.1292654,-1.71140670801595e-08
0.1393063981261397,0.14680219,0.14680219,-3.034057616257968e-09
0.1641743171304754,0.15919459,0.15919459,-1.3388061492758396e-09
0.1959499914137933,0.17556787,0.17556787,-4.628295885433786e-09
0.2187455838344343,0.19424301,0.19424301,3.8587951722846014e-09
0.2369360060690873,0.21600822,0.21600822,-3.857345581836924e-09
-0.1690097458257629,-0.22572394,-0.2257239,-3.7153816218049585e-08
-0.1650953511676731,-0.24243997,-0.24243991,-6.037410735237891e-08
-0.1554244937770981,-0.23087163,-0.23087166,2.7304801947236612e-08
-0.1427602757656308,-0.20153521,-0.20153518,-3.0013389579197636e-08
-0.1224975269472832,-0.17363368,-0.17363368,2.524185305219362e-10
-0.0918731452104624,-0.16073622,-0.16073616,-5.809482575558356e-08
-0.0598672124178451,-0.10742982,-0.10742979,-2.7318916323570974e-08
-0.0156575786323595,-0.043284103,-0.043284073,-3.0274345398650926e-08
0.0379926540344017,-0.022261232,-0.022261202,-3.013768005294404e-08
-0.5823237700181942,-0.62457967,-0.6245796,-6.80450439327629e-08
-0.4904506248077317,-0.5424875,-0.5424875,-2.0980834847250662e-09
-0.4075575614599461,-0.42619652,-0.42619663,1.1443984987424827e-07
-0.3357169065585319,-0.36383235,-0.3638323,-5.4545593264343495e-08
-0.2779220207243813,-0.30761045,-0.30761045,-2.175140401128317e-09
-0.2240415295483206,-0.2383001,-0.2383001,3.108976964760757e-11
-0.1671676777513677,-0.1708055,-0.17080547,-2.8957633985138287e-08
-0.1128266695567082,-0.10291301,-0.10291304,3.28598403903646e-08
-0.0534199741574618,-0.05944778,-0.05944778,-2.5150299204357296e-10
0.6378160707593508,0.5932802,0.59328026,-6.381011963263461e-08
0.6362042611942549,0.5582853,0.5582853,-4.036712630828276e-09
0.6309083154803686,0.52938646,0.52938646,7.810974089750289e-10
0.6196256485246978,0.4907722,0.4907722,-1.2290191642172488e-08
0.5510086127534752,0.4644361,0.4644361,1.383438108515378e-08
0.483773128038049,0.44010293,0.44010296,-2.516265867891221e-08
0.4123929901552336,0.37105083,0.37105083,4.655761720595564e-09
0.3341050969934361,0.2916214,0.2916214,-1.2995147680161523e-08
0.2502909996084528,0.21570545,0.21570545,4.349517829238536e-09
-0.4328859974828806,-0.41507417,-0.41507423,6.036422728339375e-08
-0.3322630289190408,-0.317128,-0.317128,-2.6435851840922453e-09
-0.2638762516571176,-0.244906,-0.244906,6.657600415405085e-09
-0.1715425894280564,-0.14386792,-0.1438679,-2.480945587857164e-08
-0.0828930633477856,-0.035666063,-0.035666093,2.9572074893013944e-08
0.0165786126695571,0.060050234,0.060050234,1.985702505202802e-10
0.1086820163893189,0.14641407,0.14641407,1.3214874194922288e-09
0.2196666178716319,0.22797117,0.22797118,-1.3627700801155385e-08
0.312460797119292,0.28090763,0.28090763,9.204101369952866e-10
1.7752931066984097,1.7588627,1.7588626,1.338409423290443e-07
1.570823550440538,1.5179161,1.517916,8.33358764218417e-08
1.3928337227520984,1.2940717,1.2940716,7.434692372854101e-08
1.2348763853727067,1.134931,1.134931,-3.1715392978526324e-08
1.0458341492378955,0.9960161,0.9960161,-1.4852142293797499e-08
0.8372199398126351,0.8626119,0.8626119,-1.0160827623728608e-08
0.6191651315060989,0.6776566,0.67765653,6.093856808053744e-08
0.4662734813312943,0.49605757,0.49605757,-1.937866533907595e-11
0.3200593279261724,0.33877832,0.33877835,-3.302536011329238e-08
-0.4957465705216181,-0.51508886,-0.5150888,-5.6220245348015396e-08
-0.4266690177317966,-0.4519173,-0.45191723,-6.068756103205786e-08
-0.3543678458117837,-0.37390423,-0.3739043,7.178955080400229e-08
-0.2779220207243813,-0.28921914,-0.28921914,-1.0064697408829204e-09
-0.1987130935253861,-0.21050556,-0.21050553,-3.004047394172815e-08
-0.1151292546497023,-0.12883516,-0.12883513,-2.655994416067564e-08
-0.0250981775136351,-0.028737798,-0.028737769,-2.9333168029971324e-08
0.0683867772619231,0.08748056,0.08748056,-5.489349252929543e-11
0.1533521671934034,0.13902558,0.13902557,1.3863258374602339e-08
0.3707161999720414,0.3658139,0.36581394,-2.9038848881057788e-08
0.250981775136351,0.2845695,0.2845695,1.876831079439256e-09
0.1294052822262653,0.21613273,0.21613273,2.4559021483128163e-10
0.0036841361487904,0.15290615,0.15290615,-3.742217924429525e-10
-0.1215764929100856,0.081357315,0.081357345,-2.981731414553046e-08
-0.2344031624667938,0.028550103,0.028550133,-2.9693229673666277e-08
-0.3297301853167473,-0.03557764,-0.03557764,6.259918278184173e-11
-0.3870645541322991,-0.09312977,-0.09312977,1.0323715216031815e-09
-0.3866040371137003,-0.15760227,-0.15760227,4.522819507801756e-09
0.3771634382324247,0.37383038,0.37383038,-1.94442750789392e-09
0.2698629728989021,0.30028954,0.30028954,1.4829253935921827e-09
0.1646348341490742,0.23494701,0.23494701,8.747482183046884e-10
0.0619395390015398,0.15472388,0.15472388,2.675170890364953e-09
-0.0308546402461202,0.08162156,0.08162156,-2.5258636432434756e-09
-0.1185831322891933,0.018137276,0.018137261,1.5172637941179845e-08
-0.192956630792901,-0.051847294,-0.051847294,2.7030946925243882e-11
-0.2581197889246325,-0.11808662,-0.11808665,2.8834724427606595e-08
-0.3159146747587831,-0.1923577,-0.19235773,2.595661163784513e-08
0.381308091399814,0.38419783,0.38419783,1.153869610970304e-09
0.2917375312823456,0.31932202,0.31932202,-1.8455503791869887e-10
0.2088444679345599,0.26852813,0.26852813,3.6307525874690327e-09
0.1335499353936546,0.21728022,0.21728024,-1.6034355176941517e-08
0.0658539336596297,0.14931048,0.14931048,4.528541569515099e-09
0.0062169797510839,0.07835883,0.078358844,-1.497854613952132e-08
-0.0504266135365696,0.013594553,0.013594538,1.4874565124750605e-08
-0.1017742611103368,-0.053933397,-0.053933397,6.453704931574933e-11
-0.1565757863235951,-0.10868053,-0.1086805,-3.138256073065282e-08
0.0762155665781029,-0.10694219,-0.10694216,-3.1720008855651294e-08
0.1812134468186314,-0.09185867,-0.0918587,2.988452911523165e-08
0.2776917622150819,-0.07844366,-0.07844369,2.8667869564347193e-08
0.3405523352538194,-0.06836115,-0.06836112,-2.8238182070428053e-08
0.3741700776115325,-0.05984579,-0.05984579,-2.669906587482451e-10
0.3822291254370116,-0.04484214,-0.04484214,1.113548281361787e-09
0.3624268936372628,-0.015569091,-0.015569031,-5.984320068305737e-08
0.3149936407215855,0.018949956,0.018949926,2.9701828004047304e-08
0.2141404136484462,0.06607899,0.066079006,-1.5302139277917348e-08
-0.5125554417004746,-0.5414952,-0.54149514,-6.397186280704403e-08
-0.4294321198433896,-0.43260193,-0.432602,7.128906248654587e-08
-0.346078539477005,-0.32056105,-0.32056093,-1.2136871335721722e-07
-0.2571987548874349,-0.2235976,-0.2235976,-1.0560989305297142e-09
-0.1708518139001582,-0.1416667,-0.1416667,4.5244216984041685e-09
-0.0950967643406541,-0.0616688,-0.0616688,1.6725540188944343e-09
0.0,0.051432878,0.051432863,1.4779006955734086e-08
0.1213462344007862,0.21056695,0.21056695,2.8245925876024813e-09
0.279994347308076,0.37355784,0.3735578,3.581733704072221e-08
-0.5270617277863371,-0.55645925,-0.5564593,5.1934051503721435e-08
-0.4218335890365092,-0.42146248,-0.42146254,6.374649047513614e-08
-0.3285788927702503,-0.30772382,-0.30772376,-6.020950316099061e-08
-0.2394688496713807,-0.2048728,-0.20487286,5.8100090016832695e-08
-0.149668031044613,-0.10195212,-0.10195215,2.933826447060195e-08
-0.072301171920013,-0.016601726,-0.016601726,-4.1277313164722607e-10
0.0170391296881559,0.09972966,0.09972964,1.7173156743877094e-08
0.1330894183750558,0.24862793,0.24862795,-1.9120407090955638e-08
0.2882836536428546,0.3853209,0.3853209,1.870727517339077e-09
-0.3504534511536938,-0.35168505,-0.35168505,2.8503417959235833e-09
-0.2790733132708783,-0.25798982,-0.25798982,-3.8182068062830865e-09
-0.2067721413508653,-0.1573949,-0.1573949,-9.180068927250318e-10
-0.1333196768843552,-0.0845675,-0.08456753,2.785900116153428e-08
-0.0566435932876535,-0.009018242,-0.009018272,2.9640838623834487e-08
0.011973442483569,0.042711467,0.04271145,1.6550827028338766e-08
0.0967085739057499,0.13018897,0.13018897,1.7578888067415477e-09
0.1991736105439849,0.24495794,0.24495794,-1.2096786627946443e-09
0.331802511900442,0.39265448,0.39265448,-1.4500426970265323e-09
-0.4759443387218692,-0.5187692,-0.51876915,-5.4616546618646566e-08
-0.3833804179835086,-0.38673425,-0.3867342,-4.720764162913227e-08
-0.2866718440777587,-0.2709285,-0.2709285,-2.0828246904969205e-09
-0.2083839509159611,-0.17872275,-0.17872275,-4.120826707643133e-09
-0.1335499353936546,-0.069117114,-0.069117084,-2.9947868351865026e-08
-0.0577948858341505,0.036708295,0.036708295,3.453063945890733e-10
0.030163864718222,0.14285031,0.14285031,-3.896331868258329e-10
0.1443720853307266,0.24919212,0.24919212,-1.3552856337195607e-09
0.3025596812194176,0.4004293,0.4004293,8.414459240491112e-09
-0.5180816459236603,-0.53965384,-0.53965384,2.319183400878444e-09
-0.4176889358691199,-0.40295565,-0.4029556,-5.128326413528228e-08
-0.3161449332680825,-0.29416722,-0.29416722,-5.924987722671915e-10
-0.2286466997343087,-0.19001721,-0.19001724,3.154300690089151e-08
-0.139997173654038,-0.06397076,-0.06397076,4.890060439910471e-10
-0.0610185049643422,0.042517528,0.042517528,-6.211089975671769e-11
0.0310848987554196,0.14751466,0.14751466,-3.81389617110095e-09
0.1462141534051219,0.28089118,0.28089118,3.8452130368682447e-11
0.3087766609705015,0.4250382,0.42503816,2.8695907594578074e-08
-0.3433154373654122,-0.3392591,-0.33925903,-5.803939817639048e-08
-0.2523633261921474,-0.22571595,-0.22571598,2.986858368969614e-08
-0.1597994054537868,-0.094971105,-0.094971135,2.95436477643074e-08
-0.0651631581317315,0.013166055,0.013166025,3.008327484170514e-08
0.0308546402461202,0.103099704,0.10309972,-1.6211242681585247e-08
0.1353920034680499,0.18002287,0.18002288,-1.4466171260885119e-08
0.2332518699202968,0.26995313,0.26995313,1.6757202292438933e-09
0.3322630289190408,0.3740229,0.37402293,-2.8941802954207674e-08
0.4393332357432639,0.45895484,0.45895484,8.985138189032682e-10
-0.3918999828275866,-0.42317867,-0.42317867,-2.790527364737727e-09
-0.1964105084323921,-0.26951945,-0.2695194,-4.828033445258839e-08
-0.0310848987554196,-0.13765456,-0.13765456,2.175865182474368e-09
0.1040768462033308,0.004853189,0.004853189,-8.453369081118378e-12
0.2159824817228414,0.14667663,0.14667663,-2.18276979824239e-10
0.3202895864354718,0.26576823,0.26576823,-3.8604730523417174e-11
0.4165376433226229,0.4136982,0.4136982,-3.5888672034189995e-09
0.5107133736260794,0.57378,0.57378,2.098083928814276e-10
0.6134086687736139,0.6620707,0.6620707,-8.414459240491112e-09
1.630690762858383,1.7106296,1.7106296,-1.7594909751394994e-08
1.2608955969235396,1.4136549,1.4136549,2.3439025831351046e-08
0.9518886774437384,1.1647975,1.1647975,4.447937018703385e-08
0.6424212409453388,0.87072647,0.8707264,6.61788940314878e-08
0.3587427574884723,0.5677062,0.5677063,-7.269744872751005e-08
0.0990111589987439,0.2146844,0.2146844,-3.0178070042907734e-09
-0.1413787247098344,-0.06609495,-0.06609498,3.01585006690086e-08
-0.3513744851908914,-0.28253698,-0.28253698,-3.489990241245522e-09
-0.5445613744930918,-0.5039515,-0.5039515,1.007461547519739e-08
1.33803219753884,1.5007043,1.5007044,-1.1151733403380604e-07
1.0018547739617094,1.2999043,1.2999043,4.6466064551609065e-08
0.7190973245420406,1.0918854,1.0918854,4.750213622450872e-08
0.4483133176059408,0.85239506,0.852395,5.767822264246547e-08
0.2129891211019492,0.43441236,0.43441236,1.9134521744845756e-10
-0.0032236191301916,0.03927739,0.039277405,-1.535442352429417e-08
-0.2097655019717575,-0.18437763,-0.18437763,4.4153976308525245e-09
-0.4020313572367604,-0.3556711,-0.3556711,-7.769012433378464e-09
-0.5883104912599787,-0.53321636,-0.53321636,2.7688598080999327e-09
-0.0511173890644678,-0.07019018,-0.07019018,3.6322403001998183e-09
-0.1125964110474088,-0.13145022,-0.13145022,-9.424972469140869e-10
-0.1740754330303498,-0.18924718,-0.1892472,2.394886017276221e-08
-0.2357847135225903,-0.24278127,-0.24278127,3.429908745911092e-09
-0.2917375312823456,-0.29185277,-0.2918527,-7.223587034088652e-08
-0.3520652607187896,-0.33686954,-0.33686954,2.1696472396470767e-09
-0.4151560922668264,-0.38606983,-0.38606983,-4.232330319542399e-09
-0.47179968555448,-0.44860035,-0.44860035,-1.8104553412001678e-09
-0.5337392245560199,-0.5162902,-0.5162902,1.2164306673057013e-08
0.8825808661446177,0.8781743,0.8781743,4.962158239862902e-09
0.6661378674031775,0.6386532,0.6386532,1.874618527075711e-08
0.4446291814571502,0.39645815,0.39645812,2.8956298803173297e-08
0.2396991081806802,0.2479347,0.2479347,-9.414672930141421e-10
0.0244074019857368,0.093658626,0.09365861,1.6079559322923487e-08
-0.1528916501748046,-0.04658352,-0.04658355,3.161411285534932e-08
-0.3472298320235021,-0.25692254,-0.25692248,-6.304885863395171e-08
-0.5256801767305407,-0.4506424,-0.4506424,-6.9404602065503695e-09
-0.6716640716263632,-0.61720866,-0.6172087,4.03511047908367e-08
1.1538253900993165,1.382825,1.3828251,-8.302459719722322e-08
0.9042251660187618,1.2529042,1.2529042,-2.3287963779594634e-08
0.604428586910937,1.0679109,1.0679109,9.65270996466927e-09
0.4054852348762515,0.8822188,0.8822188,-2.186660763570103e-08
0.1823647393651284,0.6987267,0.6987267,1.365737911651621e-08
-0.0191114562718505,0.3042025,0.3042025,-2.9945373403172937e-09
-0.2044695562578712,0.036624834,0.036624834,-5.854034618169024e-11
-0.3566704309047777,-0.17931281,-0.17931278,-3.030178069574063e-08
-0.5125554417004746,-0.43190503,-0.43190497,-6.120422363364852e-08
0.352295519228089,0.60809535,0.60809535,-2.1186828957908688e-09
0.139997173654038,0.3948436,0.39484364,-3.185905456115634e-08
-0.0280915381345273,0.2179165,0.2179165,3.5486221183766986e-09
-0.163944058621176,0.089517206,0.089517206,-4.6401979481025535e-11
-0.2848297760033635,-0.04733239,-0.04733239,-1.1428451518469274e-09
-0.3953538604670776,-0.18055011,-0.18055014,2.6679649350880297e-08
-0.4925229513914264,-0.31763232,-0.31763232,2.456970238373657e-09
0.0354598104321083,0.07551494,0.07551494,2.40760802960871e-09
-0.0499660965179708,0.062069356,0.06206934,1.6441497802111016e-08
-0.1284842481890677,0.048418358,0.04841833,2.7968330380823136e-08
-0.2095352434624581,0.025662825,0.025662795,2.951152801647372e-08
-0.2882836536428546,-0.007060945,-0.007060915,-3.003402709953612e-08
-0.3711767169906402,-0.10914205,-0.10914205,-1.4705657525038163e-10
-0.4469317665501442,-0.2444639,-0.24446385,-5.5692100514592724e-08
-0.52591043523984,-0.3651361,-0.3651361,1.3059234638124195e-08
-0.6058101379667334,-0.5013396,-0.50133955,-6.4391326937141e-08
0.2813758983638724,-0.3321054,-0.33210528,-1.1817810058323275e-07
0.0980901249615463,-0.43262517,-0.43262523,5.54776001249202e-08
-0.0640118655852344,-0.51777285,-0.5177728,-5.3374481168155796e-08
-0.2136798966298474,-0.59718734,-0.5971874,5.974044803291889e-08
-0.3658807712767539,-0.6374047,-0.63740474,5.974792482987823e-08
-0.4271295347503955,-0.6694325,-0.66943246,-6.086639403601879e-08
-0.5335089660467204,-0.6879857,-0.6879857,-1.825027462487583e-08
-0.62261900914559,-0.6977265,-0.6977264,-8.811340335146411e-08
-0.694920181065603,-0.7138398,-0.71383977,-5.8968048111118776e-08
-0.7354456787022983,-0.7260116,-0.72601146,-1.1426834101158079e-07
-0.7481098967137656,-0.731974,-0.7319739,-1.0569915775970884e-07
-0.7589320466508376,-0.7463716,-0.74637175,1.231460571293752e-07
-0.7674516114949155,-0.76074237,-0.76074237,3.6860656749126974e-09
-0.7660700604391191,-0.75709456,-0.75709444,-1.220536803847594e-07
-0.7587017881415382,-0.7502177,-0.7502177,2.3837280260785576e-08
-0.7462678286393702,-0.73344487,-0.73344487,4.817199972251274e-10
-0.7292286989512143,-0.7103821,-0.71038216,5.608001707457788e-08
-0.6926175959726091,-0.6788951,-0.678895,-1.1585235593081222e-07
1.5277652092015497,1.5196828,1.5196828,-3.4992980957326836e-08
1.2579022363026473,1.2751771,1.2751771,2.1162414487463366e-08
1.009683563277889,1.0466061,1.0466062,-1.3615722660453855e-07
0.7322220595721066,0.77273625,0.7727362,5.13542175450965e-08
0.4957465705216181,0.52787733,0.5278774,-6.92199707552632e-08
0.2433832443294706,0.25534692,0.25534692,4.066543601854988e-09
0.0062169797510839,0.009374395,0.009374395,1.2855529141209132e-11
-0.2357847135225903,-0.23473369,-0.23473369,4.148902887912698e-09
-0.4773258897776657,-0.46078587,-0.46078587,4.216308580051731e-09
1.3912219131870025,1.4601927,1.4601926,8.035888665602897e-08
1.1050105861278423,1.2147686,1.2147686,4.8147583031621366e-08
0.8296214090057548,0.96188444,0.96188444,-1.008453320849867e-09
0.5360418096490139,0.60042465,0.6004246,4.733123781797133e-08
0.2470673804782611,0.3103813,0.3103813,-6.7031860617738914e-09
0.002302585092994,0.090352386,0.09035237,1.6236190794605143e-08
-0.192956630792901,-0.13764705,-0.13764705,2.361106865578222e-09
-0.3856830030765027,-0.31439096,-0.31439096,2.6445007295095024e-09
-0.5047266523842949,-0.5049187,-0.50491863,-6.449615475023762e-08
-0.4957465705216181,-0.5246962,-0.5246961,-7.128372192521937e-08
-0.5146277682841692,-0.5407529,-0.5407528,-8.77258300446826e-08
-0.5358115511397145,-0.55015635,-0.5501563,-5.4904174762171465e-08
-0.5549230074115651,-0.554419,-0.554419,1.8924713129919724e-08
-0.5721923956090204,-0.5649408,-0.5649408,-1.0203552225362955e-08
-0.5903828178436734,-0.57795477,-0.5779547,-6.913452144097221e-08
-0.6046588454202364,-0.6006134,-0.6006134,-1.5241241491104063e-08
-0.6164020293945061,-0.6335818,-0.6335818,-1.7150115994013504e-08
-0.627684696350177,-0.64133716,-0.6413371,-5.62957763738936e-08
-0.3675914556800828,-0.31715053,-0.31715047,-6.319931028508918e-08
-0.3757121499588166,-0.3664533,-0.36645335,6.001434327274069e-08
-0.3838993301936038,-0.40207636,-0.40207648,1.1643646241621397e-07
-0.3945251680698299,-0.43856996,-0.4385699,-6.297836302460169e-08
-0.4067659538412125,-0.4703945,-0.4703945,7.850646965845698e-09
-0.4277107170554841,-0.5133208,-0.51332086,5.635772704071229e-08
-0.4522422996670933,-0.5416026,-0.5416026,-1.1541748001775431e-08
-0.4828862550767492,-0.555052,-0.555052,1.759719847616026e-08
-0.5188577954632551,-0.5704154,-0.5704154,2.2383117692648113e-08
0.363117669165161,0.29628345,0.29628345,3.7029266319876797e-09
0.2921980483009445,0.21865016,0.21865016,2.2200012106399214e-09
0.2157522232135421,0.13437858,0.13437858,2.239151003502471e-09
0.132628901356457,0.05000949,0.05000949,-9.405517545357789e-10
0.0419070486924916,-0.029975578,-0.029975578,-1.8889617994788388e-10
-0.0596369539085457,-0.13592403,-0.13592403,3.629951478290039e-09
-0.1731543989931522,-0.23173167,-0.2317317,3.188533784226344e-08
-0.302789939728717,-0.36208206,-0.36208218,1.1584823605970129e-07
-0.4506159026989348,-0.5068078,-0.50680786,5.58923339832873e-08
0.7810368635435804,0.70955163,0.70955163,2.4043274038376694e-09
0.6893939768424173,0.44729054,0.44729057,-3.025848388515939e-08
0.2988755450706271,0.28910714,0.28910717,-2.6121063256834276e-08
0.1416089832191338,0.15660939,0.15660939,-3.7943267694462435e-09
-0.0200324903090481,0.0014635623,0.0014635623,-4.9862670849915025e-11
-0.2040090392392724,-0.15101738,-0.15101735,-3.274097443162205e-08
-0.4043339423297544,-0.27723324,-0.27723318,-6.298858640230165e-08
-0.5420285308907984,-0.41874593,-0.41874593,-4.963226329923742e-09
-0.6790323439239441,-0.57687634,-0.5768763,-4.229660033328031e-08
-0.6543946834289078,-0.64889157,-0.64889157,1.8161010473249917e-09
-0.6946899225563037,-0.6688608,-0.66886085,5.6886291455171545e-08
-0.5279827618235348,-0.5028008,-0.5028008,-2.2257995557772858e-08
-0.5740344636834156,-0.53781384,-0.53781384,-2.2966003543345437e-09
-0.6048891039295359,-0.5683084,-0.5683085,8.697128295320766e-08
-0.6246913357292846,-0.5753553,-0.5753553,8.633422865500506e-09
-0.6288359888966739,-0.5728857,-0.57288575,5.7880401582721674e-08
-0.6269939208222787,-0.5573828,-0.55738276,-6.203674318694397e-08
-0.6196256485246978,-0.55188054,-0.5518804,-1.384635924805977e-07
-0.6097245326248233,-0.5537222,-0.55372214,-6.277786257502527e-08
-0.595909022066859,-0.5704056,-0.57040566,5.754486087639066e-08
0.4929834684100252,0.44504872,0.44504872,-3.5545349996723985e-10
0.3907486902810895,0.31185555,0.31185555,4.580688495181562e-09
0.2765404696685849,0.171074,0.171074,2.981185909245454e-09
0.1607204394909844,0.06394683,0.06394683,-1.7538833579910929e-09
0.03476903490421,-0.062919304,-0.06291933,2.622516631634042e-08
-0.0985506419801451,-0.1466492,-0.1466492,3.25603485840098e-09
-0.233942645448195,-0.25455427,-0.25455427,-1.697998019967173e-09
-0.3674925808418497,-0.37369633,-0.37369627,-5.720947265919207e-08
-0.5072594959865883,-0.5140315,-0.5140315,-2.942657473248289e-08
-0.5938366954831645,-0.6114082,-0.6114082,2.596206660765432e-08
-0.5758765317578108,-0.6047087,-0.60470873,5.843017580886567e-08
-0.562291279709146,-0.5998053,-0.59980524,-5.546737669170909e-08
-0.5512388712627746,-0.601257,-0.60125697,-5.6195526121349815e-08
-0.5498573202069782,-0.6035605,-0.60356057,6.270248409379064e-08
-0.5533111978464693,-0.591798,-0.5917981,9.251174926117045e-08
-0.561139987162649,-0.58374333,-0.5837434,6.618347170306293e-08
-0.569659552006727,-0.5731686,-0.5731686,2.423629763548263e-08
-0.5797909264159008,-0.5860154,-0.5860153,-1.0327072141880222e-07
-0.3939723094112812,-0.4854008,-0.48540092,1.2406341554083156e-07
-0.4096298880436407,-0.53127116,-0.53127116,3.511047008686319e-10
-0.4292018613340901,-0.57539684,-0.57539684,4.196014424806549e-09
-0.4517671952454318,-0.560065,-0.560065,2.8553009068232882e-08
-0.4770956312683663,-0.52885675,-0.5288567,-5.430297855824051e-08
-0.5051871694028937,-0.52724445,-0.52724457,1.2133819582427208e-07
-0.5367325851769121,-0.5217637,-0.52176374,5.763458255092502e-08
-0.4711089100265818,-0.51657563,-0.5165757,6.552047726593457e-08
-0.4699576174800848,-0.53035706,-0.53035694,-1.2281661987412207e-07
-0.4757140802125699,-0.5191699,-0.51917,7.33566284383258e-08
-0.483773128038049,-0.5137967,-0.5137967,1.2873840327110031e-08
-0.4957465705216181,-0.5298036,-0.5298035,-7.408523561291958e-08
-0.5120949246818758,-0.55634207,-0.556342,-6.533432006516904e-08
-0.5309761224444269,-0.56559837,-0.56559837,1.3552856614751363e-09
-0.5528506808278705,-0.57959884,-0.57959884,-4.051361135459786e-09
-0.5774883413229067,-0.5828762,-0.58287615,-5.544433590021214e-08
-0.6665983844217762,-0.55880636,-0.55880636,2.32086128093556e-10
1.3018816115788336,1.2917569,1.291757,-1.3163757328626957e-07
1.3292823741854627,1.3343778,1.3343778,-3.43444823691641e-08
1.3596764974129842,1.3800882,1.3800881,1.1010589595628062e-07
1.3905311376591043,1.4258444,1.4258444,3.0923462013277e-08
1.423918621507518,1.469024,1.4690242,-2.5705261230690724e-07
1.461450758523321,1.5020944,1.5020943,8.800811768239214e-08
1.4985223785205253,1.5246416,1.5246416,3.303375240015782e-08
1.5376663251014238,1.5479308,1.5479308,3.6677551218389226e-08
1.579803632303215,1.5718441,1.5718441,9.521483601560021e-10
0.7821881560900774,0.45231456,0.45231462,-6.4355010986894e-08
1.074846721409621,0.5352034,0.5352034,-2.7259826618220018e-09
1.3099406594043126,0.6453519,0.6453519,-1.3250732400216236e-08
1.5072722018739024,0.80147195,0.801472,-5.137634273566505e-08
1.6751306551531684,0.9428858,0.9428858,1.609725952533836e-08
1.8181211894280984,1.1443304,1.1443304,-1.7652893147257487e-08
1.9466054376171664,1.3897169,1.3897167,1.6363220223247765e-07
2.0649583113970604,1.6664448,1.6664448,-2.155761724687011e-08
2.175252137351475,1.9407135,1.9407136,-7.518157962849159e-08
1.1800748601594484,0.99774885,0.9977489,-4.8223877002762094e-08
1.2806978287232884,1.0068629,1.0068629,-2.120056152854488e-08
1.3907613961684038,1.0244699,1.02447,-1.475524902261327e-07
1.4826345413788662,1.0692085,1.0692084,1.0276947026710559e-07
1.5526331282058852,1.1261088,1.1261086,1.6560211180127737e-07
1.6108885310586345,1.220631,1.220631,3.3798217558000943e-09
1.6659203147811923,1.3376694,1.3376694,-2.744140625843272e-08
1.7149653772619655,1.477468,1.4774681,-8.623657232753601e-08
1.7656222493078344,1.6297115,1.6297113,2.0875091544247937e-07
0.4400240112711621,0.5100577,0.5100576,8.775939941418898e-08
0.5823237700181942,0.6473252,0.6473252,1.7723846390538256e-08
0.7301497329884119,0.8054221,0.8054222,-7.275314328758498e-08
0.8782059544679292,0.9247246,0.9247245,7.885742192570433e-08
1.0230385568172546,1.072806,1.072806,7.095337650753208e-10
1.1704040027688736,1.2176497,1.2176497,-1.7425536569248834e-09
1.3212233263599835,1.3668376,1.3668376,2.073516847111989e-08
1.4860884190183572,1.5211226,1.5211225,7.480621344591043e-08
1.6569402329185154,1.6868268,1.686827,-1.7485809333805946e-07
1.130799539169376,1.1140157,1.1140156,9.843292225752975e-08
1.3686565792756609,1.2990216,1.2990217,-9.832305902790495e-08
1.5795733737939155,1.4940411,1.4940411,-1.4756774913138315e-08
1.9049286474339744,1.6754184,1.6754184,-2.307739266349529e-08
2.201271348902308,1.8978502,1.89785,1.5583038326383303e-07
2.542744718193325,2.1804788,2.1804788,1.1264038146663324e-08
2.603072447629769,2.2779858,2.2779858,1.1233520336162428e-08
2.330676631128574,2.1772904,2.1772904,3.9605712931489734e-08
2.070945032638845,2.0324929,2.0324929,-2.394714337938808e-08
-0.4298926368619883,-0.43665457,-0.4366547,1.3228149414734602e-07
-0.1367735545238463,-0.09286429,-0.09286432,3.012020111103908e-08
0.1429905342749302,0.24158184,0.24158184,2.3032760698704635e-09
0.409169371025042,0.5262901,0.5262901,1.8694305436994796e-08
0.6751179492658543,0.8109376,0.8109375,8.344650270775134e-08
0.8795875055237256,1.0379007,1.0379007,-1.3735961923444506e-08
1.104089552090645,1.2109399,1.21094,-1.1581420888973071e-07
1.3150063466088997,1.3867924,1.3867924,2.134094234662598e-08
1.5215482294504656,1.5427437,1.5427438,-1.1713867187346239e-07
0.6046588454202364,0.43380743,0.43380743,2.6515197815157876e-09
0.7895564283876583,0.49394113,0.49394113,-1.7460632384391772e-09
0.9562635891204272,0.5691169,0.5691169,-9.569549597188143e-09
1.105701361655741,0.71708834,0.71708834,1.7129516693970004e-09
1.2399420725772936,0.8326512,0.83265114,5.791030888158133e-08
1.3629001165431758,1.0017104,1.0017104,1.4886474719588705e-08
1.4771083371556804,1.2190983,1.2190983,2.9544067414732922e-08
1.585099578017101,1.4338645,1.4338646,-1.2570343010942508e-07
1.6912487508041267,1.6011794,1.6011794,-3.8656616130339216e-08
1.1119183414068248,0.98858726,0.98858726,2.462768877720123e-10
1.1506017709691247,0.9811629,0.9811629,5.693054250244245e-09
1.1929693366802152,0.97336644,0.97336656,-1.2065750121248442e-07
1.232113283261114,0.9980281,0.99802804,5.9536895746781227e-08
1.2625074064886357,1.0540993,1.0540993,2.1365356372982092e-08
1.290138427604564,1.1285032,1.1285031,1.0339202871634257e-07
1.3062565232555223,1.2376095,1.2376095,5.653381318637685e-09
1.315697122136798,1.3396105,1.3396103,1.5742034920052106e-07
1.3304336667319596,1.3897524,1.3897523,8.800048822976692e-08
0.2970334769962319,0.25323343,0.25323343,2.769775409028341e-09
0.2475278974968599,0.1479862,0.1479862,3.4320831177048206e-09
0.1989433520346855,0.11203556,0.11203556,-2.3723220887728047e-09
0.1510495821004094,0.08569595,0.08569594,1.2177047731265489e-08
0.1043071047126302,0.05208291,0.05208291,1.133766171224071e-09
0.0591764368899469,0.010849774,0.010849774,-1.1618041945160584e-10
0.0158878371416589,-0.02756682,-0.02756682,-3.830719005892824e-10
-0.0253284360229345,-0.065595284,-0.065595284,-1.0434722530483498e-10
-0.0628605730387374,-0.09297301,-0.09297298,-2.8751869204923786e-08
-0.4289716028247907,-0.45111,-0.45111,-5.378723133553365e-09
-0.3948933434484789,-0.41875845,-0.41875845,-1.93862914610321e-09
-0.3569006894140771,-0.38500166,-0.3850016,-5.9393310547495304e-08
-0.3166054502866813,-0.32575893,-0.325759,6.597900392701916e-08
-0.2712445239546986,-0.2617368,-0.26173675,-6.020736692535777e-08
-0.2210481689274284,-0.20711122,-0.20711116,-6.453212739176983e-08
-0.1683189702978647,-0.15214224,-0.15214221,-3.159717559819697e-08
-0.1116753770102112,-0.10872559,-0.10872562,2.7505989069753767e-08
-0.0548015252132583,-0.062310085,-0.062310055,-2.970058440854295e-08
-0.4457804740036473,-0.47104704,-0.47104704,-3.800354031469055e-09
-0.390978948790389,-0.4488423,-0.4488423,1.2936401394547659e-08
-0.344927246930508,-0.4079482,-0.4079482,4.065704328759523e-09
-0.3076253684240045,-0.36134613,-0.36134613,4.397277819645495e-09
-0.2687116803524051,-0.3093695,-0.30936956,5.55482482789138e-08
-0.2224297199832248,-0.25867546,-0.25867546,3.952941918239361e-09
-0.1761477596140445,-0.20423277,-0.20423274,-2.7224311832663162e-08
-0.0798997027268934,-0.14455746,-0.14455749,2.8857460032671867e-08
-0.0200324903090481,-0.07918595,-0.07918592,-2.777584075241979e-08
-0.503114842819199,-0.49813187,-0.49813187,-1.2234497304142167e-09
-0.4625893451825038,-0.4371012,-0.43710113,-5.532180785694507e-08
-0.4176889358691199,-0.392056,-0.392056,1.168823243746786e-08
-0.3684136148790473,-0.35314226,-0.35314226,-1.5051269675048218e-09
-0.3163751917773819,-0.3239866,-0.3239866,1.0091400159950581e-08
-0.2636459931478183,-0.2816741,-0.28167415,6.295242310772053e-08
-0.2030880052020748,-0.22656624,-0.22656624,-1.914596536867208e-10
-0.1404576906726368,-0.15592904,-0.15592907,2.6110954287617005e-08
-0.07345246446651,-0.08473237,-0.08473237,1.411552430496954e-09
-0.2620341835827224,-0.30492663,-0.3049267,6.61651611277847e-08
-0.2373965230876861,-0.26921636,-0.26921648,1.2133834836891566e-07
-0.221969202964626,-0.23298918,-0.23298918,2.892189016057145e-09
-0.2035485222206736,-0.20385723,-0.20385723,1.840095520400098e-09
-0.1766082766326433,-0.1646965,-0.16469653,3.0294685371412555e-08
-0.1485167384981159,-0.13318454,-0.13318454,2.7084731957227604e-09
-0.1190436493077921,-0.105528995,-0.105528966,-2.9394706724250597e-08
-0.0780576346524981,-0.07065974,-0.07065971,-3.1759300231359866e-08
-0.0198022317997487,-0.043405637,-0.043405637,-1.4504242251689448e-10
0.3999590306530657,0.40067226,0.4006723,-4.305343626054281e-08
0.330651219353945,0.33483592,0.33483592,-3.2424163909361425e-09
0.260652632526926,0.25432178,0.25432178,3.781051638451771e-09
0.1994038690532843,0.19700718,0.19700718,-7.397460977109915e-10
0.1323986428471576,0.1490159,0.1490159,3.4729003839384376e-09
0.072301171920013,0.094159074,0.094159044,3.012767410548456e-08
0.0158878371416589,0.015830904,0.015830904,2.4537658710466204e-10
-0.0425978242203898,-0.04938878,-0.04938875,-3.1189918515972526e-08
-0.1001624515452409,-0.121787176,-0.121787146,-2.9536155701781475e-08
0.0642421240945338,0.030867815,0.030867815,1.770019547597812e-11
0.0513476475737672,0.040659606,0.040659577,2.9456756589496536e-08
0.0416767901831922,0.04541321,0.04541321,9.880447363053158e-10
0.0280915381345273,0.04516138,0.045161396,-1.4636131286105414e-08
0.0078287893161797,0.055985466,0.055985436,2.964579010056312e-08
-0.0186509392532517,0.033731893,0.033731878,1.470496368422003e-08
-0.0515779060830666,0.006370768,0.006370768,-4.898834202876623e-11
-0.0865771994965761,-0.047069594,-0.047069594,-2.6403045721989926e-10
-0.1208857173821874,-0.12575741,-0.12575738,-3.112232208057897e-08
-0.0568738517969529,-0.14530657,-0.14530654,-3.2318077075599305e-08
-0.0573343688155517,-0.1633078,-0.1633078,-8.890151947937852e-10
-0.0596369539085457,-0.16696005,-0.16696008,3.430469514009715e-08
-0.0635513485666356,-0.17054929,-0.17054926,-2.83920669474913e-08
-0.0670052262061267,-0.17399742,-0.17399745,3.290767669472672e-08
-0.0718406549014142,-0.17363606,-0.17363606,-3.933372488829079e-09
-0.0822022878198874,-0.17301656,-0.17301656,-3.057899461422764e-09
-0.0934849547755582,-0.16700484,-0.16700484,1.4141464110828394e-09
-0.1079912408614207,-0.15651627,-0.15651633,6.115062714528996e-08
-0.6532433908824108,-0.632988,-0.6329879,-7.607421870226005e-08
-0.6318293495175662,-0.60247403,-0.6024739,-1.3383255004217887e-07
-0.6028167773458412,-0.56165403,-0.56165403,-1.2767028545468406e-09
-0.5523901638092716,-0.5217361,-0.52173615,6.458511347950946e-08
-0.4920624343728276,-0.48219216,-0.48219216,1.3009643362593692e-09
-0.4204520379807128,-0.43887013,-0.43887013,-1.9694518793578197e-09
-0.3313419948818432,-0.3864891,-0.3864891,6.69631955441119e-09
-0.2346334209760933,-0.2871067,-0.28710663,-6.279098513362058e-08
-0.1148989961404028,-0.16019611,-0.16019611,-6.061935398093965e-10
1.284612223381378,1.3677604,1.3677604,1.9845580956356912e-08
1.053432680044776,1.1633612,1.1633613,-1.0825042728868084e-07
0.8657719949657613,0.9652295,0.9652295,1.1260986365613235e-08
0.658999853614896,0.7471255,0.7471255,6.4010620137722185e-09
0.4582144335058151,0.53859913,0.53859913,3.4915160762594155e-09
0.2519028091735486,0.33709186,0.33709186,3.15536496930946e-09
0.0133549935393654,0.1590809,0.15908091,-1.7198715202004777e-08
-0.0674657432247255,-0.016501859,-0.016501889,3.0169548033420757e-08
-0.1798318957628349,-0.14899491,-0.14899491,2.263221748899369e-09
0.3771634382324247,0.3135171,0.3135171,-6.3415527273846806e-09
0.3322630289190408,0.25231385,0.25231385,2.31018065788291e-09
0.2816061568731718,0.18639927,0.18639925,1.6123771678921983e-08
0.2261138561320153,0.13091095,0.13091093,1.7918891898061062e-08
0.1692400043350623,0.08632377,0.08632377,-2.0995330751727437e-09
0.1119056355195106,0.035852164,0.035852164,3.00750743753575e-11
0.0653934166410309,-0.020787314,-0.020787343,2.9419486999304745e-08
-0.0202627488183476,-0.07572262,-0.07572259,-2.989116668072889e-08
-0.1114451185009118,-0.12973766,-0.12973772,5.971118927083907e-08
0.4135442827017306,0.3887816,0.3887816,7.151031489183168e-09
0.3573612064326759,0.33037323,0.33037323,-2.4037170587298817e-09
0.2981847695427289,0.27170143,0.2717014,2.5313949603145147e-08
0.235093937994692,0.22266164,0.22266163,1.4220352173577311e-08
0.1680887117885653,0.14606541,0.14606543,-1.6048126216805514e-08
0.0999321930359416,0.07490796,0.07490797,-1.1492462162476791e-08
0.0349992934135095,0.016618043,0.016618043,1.8428039649798222e-10
-0.0338480008670124,-0.050742373,-0.050742343,-2.9870445249213784e-08
-0.1033860706754326,-0.11854647,-0.11854647,-9.997177113918454e-10
-0.223120495511123,-0.25074714,-0.25074708,-6.422225951041582e-08
-0.2192061008530332,-0.24243839,-0.24243833,-6.085102080555238e-08
-0.2113773115368534,-0.23339094,-0.23339094,-2.2159195034454626e-09
-0.1975618009788891,-0.23092894,-0.23092891,-3.256114960992207e-08
-0.1782200861977391,-0.21246488,-0.21246488,-3.923530583760382e-09
-0.1528916501748046,-0.1848336,-0.18483357,-3.111713409165162e-08
-0.1201949418542892,-0.14847378,-0.14847378,-4.327507019397103e-09
-0.0815115122919892,-0.10528909,-0.10528909,3.300514223036899e-09
-0.0396044635994975,-0.0604551,-0.0604551,1.2517929054434163e-09
-0.3879855881694967,-0.39354986,-0.39354986,4.762267802327358e-10
-0.3571309479233765,-0.3471756,-0.3471756,1.8554687231109313e-09
-0.3255855321493581,-0.3155734,-0.3155734,5.701446537109689e-09
-0.2988755450706271,-0.29350853,-0.29350847,-5.966308591620617e-08
-0.270323489917501,-0.27147824,-0.27147818,-5.5721588121393495e-08
-0.2116075700461528,-0.25349104,-0.2534911,5.5955505395832716e-08
-0.1743056915396492,-0.22748928,-0.22748925,-2.772045135102097e-08
-0.1116753770102112,-0.16768856,-0.1676885,-6.346607209217758e-08
-0.043288599748288,-0.09143342,-0.09143339,-3.077732085854379e-08
-0.4117022146273353,-0.40862978,-0.40862983,5.4952697781107673e-08
-0.419991520962114,-0.41129327,-0.41129327,1.7962646370328628e-09
-0.4169981603412217,-0.41266936,-0.41266948,1.193623351825046e-07
-0.3999590306530657,-0.39618593,-0.39618587,-6.454360962360184e-08
-0.3651899957488556,-0.37162495,-0.371625,5.340576170187461e-08
-0.3168357087959807,-0.34333062,-0.34333062,-1.7193603762954979e-09
-0.2546659112851415,-0.3000239,-0.30002385,-6.338348390588777e-08
-0.1740754330303498,-0.22240405,-0.22240399,-5.784679413256555e-08
-0.0914126281918636,-0.12866549,-0.12866546,-3.193859099415164e-08
-0.1554244937770981,-0.23475955,-0.23475955,-4.266929615193149e-09
-0.1570363033421939,-0.25745982,-0.25745982,6.831359922188085e-10
-0.1512798406097088,-0.26391935,-0.2639193,-5.348510739855428e-08
-0.1482864799888165,-0.26109135,-0.26109135,-1.5090942384610173e-09
-0.1397669151447385,-0.25201553,-0.25201553,-1.0630798463751034e-09
-0.1333196768843552,-0.24085473,-0.24085473,4.758338917332239e-09
-0.125260629058876,-0.22959329,-0.22959326,-3.1878700262888415e-08
-0.1201949418542892,-0.21923767,-0.21923764,-3.030239104084842e-08
-0.1148989961404028,-0.1758625,-0.17586248,-2.60319900635686e-08
-0.8257070143476648,-0.83981395,-0.83981395,2.322387726572117e-09
-0.7359061957208971,-0.7495993,-0.7495993,2.2026824919585408e-08
-0.6562367515033031,-0.6501822,-0.6501822,1.2442779584453945e-08
-0.5717318785904216,-0.57041883,-0.57041883,-4.686279253540704e-09
-0.4890690737519353,-0.4991218,-0.4991218,1.4836120609817982e-08
-0.4160771263040241,-0.4225858,-0.4225858,1.461105347821956e-08
-0.3423944033282146,-0.35418957,-0.35418963,5.5281524635741874e-08
-0.2650275442036147,-0.26250756,-0.26250762,6.213104247754231e-08
-0.1816739638372302,-0.19077618,-0.19077612,-6.420124054606902e-08
-0.5777185998322062,-0.663544,-0.66354406,6.080490111415315e-08
-0.4916019173542288,-0.6025593,-0.60255927,-5.807922365264062e-08
-0.423445398601605,-0.5249301,-0.5249301,-1.9514465376957446e-08
-0.3688741318976462,-0.47001314,-0.47001308,-6.163208005061094e-08
-0.3172962258145795,-0.42018467,-0.42018473,5.8121185309012446e-08
-0.2744681430848902,-0.3652932,-0.3652932,-4.78439332596281e-09
-0.231640060355201,-0.31733584,-0.31733584,-4.039917012033101e-09
-0.1897330116627094,-0.26632464,-0.26632452,-1.1932037352613278e-07
-0.1436813098028284,-0.20649923,-0.20649923,-3.841896051293148e-09
3.0262875877220745,2.5594206,2.5594206,-1.4367675937876356e-08
3.9516965365963816,2.3591044,2.3591044,-5.087280374738157e-09
4.821382926220233,2.1627111,2.1627111,4.349365223532686e-08
4.653984989959565,1.9322739,1.9322739,-3.5253906238708055e-08
3.1934552654734425,1.6378757,1.6378756,7.615509023395362e-08
2.22775107747174,1.2830154,1.2830154,-2.963104250852666e-08
1.4124056960425475,0.8849355,0.88493544,5.8237609845690486e-08
0.7738988497552989,0.62470263,0.6247027,-6.75727844789975e-08
0.2894349461893515,0.31792593,0.3179259,3.002319337586101e-08
0.3720977510278378,0.40728295,0.40728295,-1.5060424574109277e-09
0.4128535071738324,0.47301453,0.47301453,3.519744884439291e-09
0.4570631409593181,0.5654066,0.5654066,2.0502471942407396e-08
0.5125554417004746,0.6512186,0.65121865,-5.6879425058831146e-08
0.5791001508880026,0.7268449,0.7268449,6.80694578480967e-09
0.6652168333659798,0.80439585,0.80439585,4.47311399032202e-09
0.7644582508740233,0.8818345,0.8818345,6.988525425022374e-09
0.871298199188947,0.94975626,0.9497563,-3.531341552509559e-08
0.9774473719759724,1.033355,1.0333551,-1.0236511238659318e-07
0.5422587894000978,0.610195,0.610195,-1.8901824994088656e-08
0.6882426842959203,0.7940484,0.79404837,5.8535461477937645e-08
0.7976154762131374,0.9716267,0.9716266,9.897079467080516e-08
0.8920214650258934,1.110465,1.1104652,-1.5025634758636386e-07
1.015209767501075,1.2213296,1.2213296,-3.018341065974539e-08
1.1084644637673338,1.3375677,1.3375677,-1.2965392981456603e-08
1.2118505344427664,1.4681298,1.4681296,1.5406646736160212e-07
1.3136247955531033,1.5039519,1.503952,-9.28421020063297e-08
1.3863864844917149,1.4945738,1.4945738,3.155822758671434e-08
0.2700932314082016,0.24726152,0.24726152,4.2004394407157974e-09
0.3785449892882211,0.408387,0.408387,5.329132080067467e-09
0.500812257726205,0.56675017,0.5667501,6.880035396950035e-08
0.6366647782128537,0.69877493,0.69877493,3.815002425078262e-09
0.7702147136065084,0.86467886,0.86467874,1.1971069335814377e-07
0.9000805128513726,1.0170131,1.0170131,-2.703247070634518e-08
1.043761822654201,1.1796515,1.1796516,-1.0120544424729871e-07
1.166259349601484,1.3099151,1.3099151,-3.423461913953929e-08
1.3110919519508095,1.4070412,1.4070413,-1.0794525140411793e-07
1.3557621027548945,1.3060269,1.3060268,1.3557739264591362e-07
1.5830272514334065,1.623141,1.623141,5.033874517224035e-08
1.9125271782408544,2.0546176,2.0546176,4.335632342034046e-08
2.195054369151224,2.4824395,2.4824395,1.797485360555129e-08
2.3933069456580114,2.8026638,2.8026633,5.031005860800519e-07
2.4552464846595514,2.8875902,2.8875902,-3.009338378490156e-08
2.306499487652136,2.6131415,2.6131415,3.671264670046526e-08
2.085681577234007,2.2504342,2.2504346,-4.397674562284237e-07
1.7833521545238884,1.8271152,1.8271153,-1.2189178466570638e-07
1.667532124346288,1.5668918,1.5668919,-1.1056365956108039e-07
1.6046715513075505,1.482022,1.482022,4.704284672918391e-08
1.5369755495735256,1.3314291,1.3314291,2.387847897189488e-08
1.4639836021256143,1.2040509,1.2040509,-1.4480590060372833e-09
1.3845444164173195,1.1047286,1.1047286,-2.0478820861313807e-08
1.2979672169207437,1.0501528,1.0501528,-2.137451171613236e-08
1.2028704525800895,0.991507,0.99150693,6.377059935669394e-08
1.096721279793064,0.9335081,0.93350804,5.812545778027811e-08
-0.1220370099286844,-0.16980706,-0.16980709,2.844699859005928e-08
0.0543410081946594,-0.03700708,-0.03700711,3.147159576694092e-08
0.2005551615997814,0.0731342,0.07313421,-1.1215171819012326e-08
0.3265065661865557,0.13153902,0.13153902,-3.0379486148923718e-09
0.4368003921409705,0.19021344,0.19021344,1.8487548714141155e-09
0.534430000083918,0.28361455,0.28361455,-3.939437887012787e-09
0.6216979751083924,0.4127046,0.4127046,-1.3017272926241219e-08
0.701137160816687,0.54347605,0.54347605,-4.86831663870646e-09
0.7729778157181012,0.67757094,0.67757094,-9.359740760217505e-10
0.5576861095231579,0.39957583,0.39957583,-4.940796105579182e-10
0.8443579536009167,0.88352317,0.8835232,-3.382034297061409e-08
0.9320864456439898,0.930435,0.93043494,6.185012813020307e-08
0.9198827446511214,0.85794514,0.85794514,4.176483159312738e-09
0.8524170014263958,0.7512389,0.7512389,-1.7458343548604205e-08
0.7308405085163102,0.64117974,0.64117974,4.2892456253440514e-10
0.6012049677807454,0.52719223,0.52719223,4.99298091760636e-09
0.4612077941267074,0.40974003,0.40974,3.076553345415789e-08
0.3311117363725438,0.29586357,0.29586357,-1.217193623670454e-09
1.586250870563598,1.5760938,1.5760937,9.291534430744264e-08
1.5655276047266518,1.5626248,1.5626248,1.2126159631975497e-08
1.5431925293246096,1.5008683,1.5008682,1.2046508790497512e-07
1.5197061613760705,1.4486537,1.4486539,-2.0203247075301078e-07
1.4952987593903333,1.4123467,1.4123468,-7.930450429682878e-08
1.4708913574045963,1.3884813,1.3884813,-4.0653991728589745e-08
1.4427998192700693,1.3721929,1.3721929,-4.0350341734551876e-08
1.4160898321913382,1.3406237,1.3406237,3.638153067697658e-08
1.3884588110754097,1.3309329,1.3309329,-4.4393920983765156e-08
0.023946884967138,-0.11171518,-0.11171515,-3.2662010193695856e-08
0.3168357087959807,0.10842304,0.108423024,1.5317131035752496e-08
0.5330484490281217,0.2406965,0.2406965,4.712104789694749e-09
0.7082751746049685,0.39265501,0.39265501,4.991760227390785e-09
0.8556406205565874,0.5541146,0.5541146,-1.9845581067379214e-08
0.9813617666340624,0.7363035,0.7363035,8.281707764012936e-09
1.092576626625675,0.9226577,0.9226578,-7.180480954271928e-08
1.1902062345686224,1.0983021,1.0983021,2.593078618495781e-08
1.2779347266116956,1.2140989,1.214099,-6.96411133205288e-08
0.2864415855684593,-0.34762973,-0.34762967,-5.593307494944355e-08
0.1098333089358159,-0.44360745,-0.4436074,-4.953155519071828e-08
-0.0329269668298148,-0.49829626,-0.49829638,1.1916625974883743e-07
-0.1662466437141701,-0.53148854,-0.53148866,1.222116088328562e-07
-0.2680209048245069,-0.5531142,-0.5531141,-7.579650873612565e-08
-0.361966376618664,-0.560449,-0.56044894,-6.417327880203771e-08
-0.4450896984757491,-0.5912324,-0.59123236,-5.9013977038446797e-08
-0.5194631969794568,-0.61214703,-0.6121471,6.678543096327871e-08
-0.5800211849252002,-0.62841237,-0.6284123,-6.591339107853145e-08
0.3149936407215855,0.23986094,0.23986094,-3.000679010822793e-09
0.2155219647042427,0.09824848,0.09824848,1.7504882821040013e-09
0.1059189142777261,0.024320781,0.024320811,-2.9769073487534436e-08
-0.0029933606208922,-0.035822436,-0.035822436,-2.1349334800024877e-10
-0.1183528737798939,-0.11282246,-0.11282246,1.851997374902048e-09
-0.2185153253251349,-0.21595298,-0.21595298,2.46189116315243e-09
-0.3053227833310105,-0.31079006,-0.31079,-6.195068358305633e-08
-0.3937420509019819,-0.41638994,-0.41638994,-2.1691894391828725e-09
0.3421641448189152,0.33183268,0.33183265,2.712593077935921e-08
0.2429227273108718,0.19444965,0.19444965,-1.7389297501946288e-09
0.1427602757656308,0.10418319,0.104183175,1.4570903775212862e-08
0.0329269668298148,0.020523682,0.020523682,2.3667144632977255e-10
-0.0803602197454922,-0.08101337,-0.0810134,3.341999053885214e-08
-0.1853580999860207,-0.1807393,-0.18073924,-5.8462867741360114e-08
-0.2912770142637468,-0.28908938,-0.28908932,-6.16947937182033e-08
-0.3925907583554848,-0.40761322,-0.40761322,2.1693420393376073e-09
-0.4978188971053127,-0.49949127,-0.49949133,5.5643157970131085e-08
0.2760799526499861,0.29905668,0.29905668,-9.896087838079382e-10
0.1678584532792659,0.20605756,0.20605756,3.424110411875958e-09
0.0543410081946594,0.089728564,0.08972858,-1.597602844460866e-08
-0.050656872045869,-0.028663695,-0.028663725,3.014144897561799e-08
-0.1462141534051219,-0.13551064,-0.13551067,3.164379119846572e-08
-0.242462210292273,-0.21568315,-0.21568318,3.268878936979469e-08
-0.331802511900442,-0.3279789,-0.32797897,6.098434446322187e-08
-0.414925833757527,-0.42622715,-0.4262271,-5.234756467187296e-08
-0.4846941620752466,-0.46236145,-0.4623614,-5.4963684104070154e-08
-0.6055798794574341,-0.6137866,-0.6137865,-7.81784057490853e-08
-0.5629820552370443,-0.5338308,-0.5338308,-2.1514129588950937e-08
-0.5422587894000978,-0.47754425,-0.47754425,1.8959045444688627e-09
-0.5401864628164031,-0.44359034,-0.44359028,-6.299850463520329e-08
-0.5447916330023913,-0.4848342,-0.48483425,5.581665041276551e-08
-0.5579163680324573,-0.5138005,-0.5138005,-1.8234252996407463e-09
-0.5639030892742418,-0.54945964,-0.54945964,3.788604763244052e-09
-0.5650543818207389,-0.5557029,-0.5557029,-2.4728393555051298e-08
-0.5609097286533496,-0.54202074,-0.5420207,-3.812484739018629e-08
-0.551469129772074,-0.60030335,-0.6003033,-5.187911988890903e-08
-0.5493968031883794,-0.60250044,-0.60250044,1.3098144791001687e-09
-0.5482455106418823,-0.5983145,-0.59831446,-6.369689942165024e-08
-0.5470942180953853,-0.58718497,-0.58718497,4.389495877887839e-09
-0.5457126670395889,-0.576485,-0.576485,2.1800994898235615e-08
-0.5441008574744931,-0.5648615,-0.5648614,-7.64213562431948e-08
-0.541798272381499,-0.55191433,-0.5519143,-3.429718020697692e-08
-0.5392654287792056,-0.54142517,-0.54142517,1.4857483021657458e-09
-0.5358115511397145,-0.5385647,-0.5385647,1.799316406980722e-08
-0.7941615985736464,-0.7864227,-0.78642285,1.2050781250660947e-07
-0.7932405645364488,-0.76892614,-0.768926,-1.4364624023599504e-07
-0.7900169454062572,-0.7539493,-0.7539493,1.5446472212410356e-08
-0.7782737614319876,-0.7319931,-0.7319931,2.0814514112288407e-08
-0.7706752306251071,-0.7126564,-0.7126565,1.2125396731121896e-07
-0.7559386860299452,-0.70141894,-0.70141906,1.2374740598897205e-07
-0.7342943861558012,-0.70488816,-0.7048881,-6.499710081264709e-08
-0.7043607799468786,-0.68989587,-0.68989575,-1.1830139157176234e-07
-0.6675194184589739,-0.6720304,-0.6720304,1.0691070584378792e-08
-0.4863059716403425,-0.52014655,-0.52014667,1.2125198367574086e-07
-0.4916019173542288,-0.5255494,-0.5255494,-1.1773681585225404e-08
-0.4992004481611091,-0.53020465,-0.53020465,-3.739929144153109e-09
-0.5102528566074805,-0.5398813,-0.53988135,6.099472049658772e-08
-0.5222262990910496,-0.5560072,-0.5560072,-6.439971889093954e-09
-0.5325879320095228,-0.5574548,-0.55745494,1.1555236811844338e-07
-0.5404167213257025,-0.55618525,-0.5561852,-4.551391596940846e-08
-0.5487060276604812,-0.55247825,-0.5524782,-5.384140011610583e-08
-0.5535414563557687,-0.5659739,-0.5659739,2.2093200713335648e-08
0.2951914089218367,0.24221626,0.24221626,-7.588958628179654e-10
0.1807529298000326,0.10692684,0.10692684,3.5239791917884844e-09
0.0697683283177195,0.015700504,0.01570052,-1.5816230772985884e-08
-0.0412162731645934,-0.056090966,-0.056090966,1.3295745754371424e-10
-0.1452931193679243,-0.12853606,-0.12853612,5.954753876102892e-08
-0.2454555709131653,-0.21716307,-0.21716316,8.896366118782417e-08
-0.3391707841980229,-0.31311262,-0.31311262,3.4609985433142754e-09
-0.4368003921409705,-0.41214675,-0.4121468,5.288772580991363e-08
-0.5360418096490139,-0.52149713,-0.52149713,-3.939819581688653e-10
0.3278881172423521,0.32998803,0.32998803,2.5794220093189324e-09
0.2132193796112486,0.1972548,0.1972548,6.756973258692511e-09
0.1056886557684267,0.12279055,0.12279056,-7.3242759773828325e-09
-0.0099011158998743,0.029760629,0.029760644,-1.5061325072535103e-08
-0.1008532270731392,-0.07450636,-0.07450639,3.268779755205564e-08
-0.2095352434624581,-0.19146423,-0.19146423,-4.182052482093468e-10
-0.3044017492938129,-0.2950868,-0.29508674,-6.105209349183127e-08
-0.4264387592224973,-0.40340596,-0.40340596,-4.3745422284580116e-09
0.2802246058173754,0.28629833,0.28629833,4.598541269995593e-09
0.1621019905467808,0.18357119,0.18357119,-3.580474805531253e-10
0.0501963550272702,0.06933692,0.06933692,9.76638797611784e-10
-0.0559528177597553,-0.04428594,-0.04428594,1.856269839228819e-09
-0.1692400043350623,-0.15700777,-0.15700774,-2.8750190728121794e-08
-0.2866718440777587,-0.24541233,-0.24541233,-4.7997665286736435e-09
-0.3893671392252931,-0.33530492,-0.33530498,6.409500119541889e-08
-0.4881480397147377,-0.44420296,-0.44420302,6.046249390045944e-08
-0.1393063981261397,-0.16601028,-0.16601028,4.516868601367463e-09
-0.1816739638372302,-0.2093236,-0.2093236,6.542205666093537e-11
-0.2235810125297218,-0.23847856,-0.23847862,6.372463226544944e-08
-0.2645670271850159,-0.27116895,-0.27116895,2.780151386883034e-09
-0.3048622663124116,-0.31460732,-0.31460732,-2.2160339119281502e-09
-0.3442364714026098,-0.36557406,-0.365574,-6.187057494111414e-08
-0.3833804179835086,-0.40707457,-0.40707457,-6.558227294561902e-10
-0.422294106055108,-0.44683522,-0.44683516,-5.98600768952906e-08
-0.4618985696546056,-0.4879126,-0.4879126,4.727935765114211e-09
-0.4568328824500187,-0.4312669,-0.43126696,5.612274167621223e-08
-0.4665037398405937,-0.43493843,-0.43493843,-7.861328255032163e-10
-0.4683458079149889,-0.43665677,-0.43665683,5.690963744697797e-08
-0.4699576174800848,-0.45921117,-0.4592111,-7.067337037813815e-08
-0.4699576174800848,-0.47238278,-0.47238272,-6.388977052962375e-08
-0.4678852908963901,-0.45842463,-0.45842463,2.21908569297824e-09
-0.4658129643126955,-0.44531476,-0.4453147,-6.497650145709244e-08
-0.4630498622011026,-0.43930912,-0.439309,-1.201782226512016e-07
-0.4572933994686175,-0.433734,-0.433734,2.7084351428285913e-10
-0.5903828178436734,-0.58998924,-0.5899893,5.506210332129058e-08
-0.5551532659208644,-0.5597902,-0.5597902,5.965423599540998e-09
-0.5282130203328341,-0.52741486,-0.52741486,1.6587829998471193e-09
-0.5091015640609835,-0.511385,-0.51138514,1.1640609742791241e-07
-0.4957465705216181,-0.49408293,-0.49408305,1.2229614260172994e-07
-0.3474600905328015,-0.39814913,-0.39814907,-6.272857666633769e-08
-0.3725582680464366,-0.4193315,-0.4193315,9.00650026780525e-09
-0.3981169625786705,-0.4377386,-0.4377386,2.606964089046926e-09
-0.4218335890365092,-0.4649281,-0.4649281,9.427642833070848e-09
-0.4469317665501442,-0.5010227,-0.50102276,6.3504943859094e-08
-0.4715694270451806,-0.5339262,-0.5339262,1.1054229753781897e-08
-0.4948255364844204,-0.55117804,-0.5511781,6.187973022875326e-08
-0.5178513874143609,-0.5649417,-0.56494164,-6.427322385427203e-08
0.2673301292966087,-0.3476467,-0.34764677,5.6743164056349826e-08
0.0679262602433243,-0.46511942,-0.46511936,-6.148208619993767e-08
-0.0810509952733904,-0.5613774,-0.56137747,6.387969975207852e-08
-0.2258835976227159,-0.6154582,-0.61545813,-6.044113154413111e-08
-0.3278881172423521,-0.6578202,-0.6578202,-2.476196292455768e-08
-0.443938405929252,-0.68443793,-0.68443793,-5.839538852470127e-10
-0.5114041491539776,-0.6872293,-0.6872293,2.429656986713269e-08
-0.5777185998322062,-0.69420254,-0.6942026,5.769500732721866e-08
-0.6497895132429198,-0.7068075,-0.7068075,5.836486849375433e-09
0.3020991642008188,0.28641272,0.28641272,-4.0881347751486885e-09
0.1922658552650028,0.17360917,0.17360917,-2.6625824045556357e-09
0.0780576346524981,0.08247954,0.08247954,-3.4666442910724626e-09
-0.0329269668298148,0.0022679865,0.0022680163,-2.9763973998994664e-08
-0.1300960577541636,-0.076184824,-0.076184794,-3.010907745348845e-08
-0.235093937994692,-0.17531909,-0.17531909,-4.855728041874841e-10
-0.3564401723954783,-0.2715817,-0.27158177,6.061508178722974e-08
-0.4492343516431383,-0.3886323,-0.38863236,6.248413086940019e-08
-0.5493968031883794,-0.5231162,-0.5231162,2.863998416202662e-08
0.2265743731506141,0.24525908,0.24525908,-3.643112173046248e-09
0.1102938259544148,0.15024626,0.15024626,2.5503540113103185e-09
0.0002302585092994,0.06874949,0.06874947,1.7400054938554455e-08
-0.1086820163893189,-0.037188247,-0.037188217,-2.9846199033067844e-08
-0.2102260189903564,-0.14999475,-0.14999478,3.414943694490802e-08
-0.3126910556285914,-0.2657025,-0.2657025,1.396179200030545e-08
-0.4280505687875932,-0.391334,-0.391334,2.750396743689265e-09
-0.5457126670395889,-0.54084396,-0.5408439,-6.362304683094067e-08
0.2760799526499861,0.290375,0.290375,-5.72204589266434e-09
0.1637138001118766,0.2058371,0.2058371,7.44247441453183e-10
0.0513476475737672,0.09920306,0.09920306,-2.412853236655188e-09
-0.063781607075935,-0.010479465,-0.0104794055,-5.96269912715719e-08
-0.1793713787442361,-0.12074353,-0.12074353,1.991539003154408e-09
-0.2901257217172497,-0.22373243,-0.2237324,-2.6762580873640474e-08
-0.3831501594742092,-0.32335007,-0.32335013,5.809295655634372e-08
-0.4869967471682407,-0.43701446,-0.4370144,-6.056365964290933e-08
-0.1045373632219296,-0.18761928,-0.18761928,-3.795356751101764e-09
-0.1310170917913612,-0.24747615,-0.24747615,4.374885564928377e-09
-0.1685492288071641,-0.28334934,-0.28334928,-5.519363405204203e-08
-0.2307190263180034,-0.32244676,-0.32244682,5.6484527610756174e-08
-0.3080858854426033,-0.36081433,-0.36081433,-2.9620361163829045e-09
-0.3939723094112812,-0.40470523,-0.40470523,3.578643825719041e-09
-0.4547605558663241,-0.45127308,-0.45127308,-3.68682862017522e-09
-0.4952860535030193,-0.5002587,-0.5002587,1.5841674749772494e-08
-0.5192329384701574,-0.53160864,-0.5316085,-1.4114761348604787e-07
-0.7156434469025496,-0.72498125,-0.72498125,1.6212463593845428e-09
-0.6824862215634352,-0.7120811,-0.7120811,2.5285339377845162e-08
-0.6693614865333691,-0.6977585,-0.69775856,6.419235232257847e-08
-0.6684404524961716,-0.6834073,-0.6834073,-6.671142527281404e-09
-0.6774205343588483,-0.7000664,-0.7000663,-8.765335079985448e-08
-0.6905452693889144,-0.7111679,-0.7111679,2.8047943079201332e-08
-0.6965319906306988,-0.7213205,-0.7213205,-9.9105834650004e-09
-0.6995253512515912,-0.72053635,-0.72053635,-1.2039184094092548e-09
-0.6983740587050942,-0.7060417,-0.70604163,-6.368743898921281e-08
-0.580481701943799,-0.59423375,-0.5942339,1.487030029112546e-07
-0.5528506808278705,-0.5761076,-0.5761077,7.880706787144476e-08
-0.5325879320095228,-0.5672153,-0.5672153,-2.3448181174501315e-08
-0.5217657820724508,-0.56495744,-0.56495744,1.0055545285325707e-10
-0.5123251831911753,-0.5580298,-0.5580298,2.914886476634848e-08
-0.5067989789679895,-0.54064244,-0.5406424,-4.0319061311855364e-08
-0.51048311511678,-0.5361966,-0.53619665,6.053009038442525e-08
-0.5162395778492651,-0.544025,-0.54402494,-6.391006468486893e-08
-0.5266012107677382,-0.5484775,-0.5484774,-7.087478637313183e-08
-0.1774327485150894,-0.16726075,-0.16726078,2.8871803281482755e-08
-0.2435540652092655,-0.13678746,-0.13678752,6.074573516423598e-08
-0.2807601261070959,-0.17264305,-0.17264308,2.9448585514568748e-08
-0.2994500553439935,-0.24802355,-0.24802355,-4.682731619132241e-09
-0.3011834135806448,-0.3111632,-0.3111632,1.2973022434081827e-08
-0.3603961447405862,-0.2966293,-0.29662937,6.034576416347193e-08
-0.3565320969989852,-0.3106134,-0.31061327,-1.2378356933906431e-07
-0.3525406448002774,-0.31712633,-0.31712633,-3.713531482318899e-09
-0.3468660658052287,-0.3137315,-0.31373155,5.84342956799766e-08
-0.3389753668393314,-0.31395435,-0.31395435,-3.3325195381017636e-09
-0.3222735172213999,-0.3285861,-0.32858622,1.1846801756254521e-07
-0.3097913580398819,-0.3300637,-0.3300637,-6.759643400577886e-10
-0.2970592342643779,-0.33331078,-0.33331078,-2.9093933373580683e-09
0.3246644981121604,0.2356523,0.2356523,-2.2647857755853096e-09
0.2385478156341831,0.14184688,0.14184688,3.167343054499838e-10
0.1503588065725112,0.060425177,0.060425162,1.5216529848649518e-08
0.0667749676968273,-0.0029783547,-0.0029783547,7.540893690732853e-12
-0.020493007327647,-0.042198375,-0.042198375,1.3256073322365225e-10
-0.1040768462033308,-0.11725001,-0.11725001,-3.7120818918712217e-10
-0.1775293106698409,-0.18336146,-0.18336152,6.42018508911768e-08
-0.2581197889246325,-0.25411075,-0.25411075,-3.536224368883012e-09
-0.3421641448189152,-0.3568493,-0.35684943,1.1721771242534373e-07
0.2843692589847647,0.23629737,0.23629737,-9.96704108136015e-10
0.2007854201090808,0.15156335,0.15156335,-3.6140442027932096e-09
0.11213589402881,0.082092375,0.082092375,-4.3678283212500446e-10
0.023946884967138,0.026867613,0.026867613,1.9637298731556285e-10
-0.0548015252132583,-0.06695394,-0.06695394,-2.1796798671536166e-09
-0.1485167384981159,-0.15457515,-0.15457515,-4.185295110481491e-09
-0.240159625199279,-0.2413484,-0.2413484,-7.120132539117918e-10
0.3182172598517771,0.3090184,0.3090184,3.291702244112571e-09
0.2410806592364766,0.23858023,0.23858023,-3.1018066448673665e-09
0.1614112150188826,0.18202017,0.18202016,1.2476768507241331e-08
0.0778273761431987,0.11356913,0.11356912,1.2983684544165541e-08
-0.0057564627324851,0.03564848,0.03564848,5.7716366408389064e-11
-0.0881890090616719,-0.03844221,-0.03844221,6.370162938806878e-10
-0.173614916011751,-0.13271184,-0.13271184,-2.6561355614962423e-09
-0.2574290133967343,-0.252514,-0.25251406,5.529266355885909e-08
-0.3423944033282146,-0.34990042,-0.34990036,-6.448043821105642e-08
-0.1602599224723855,-0.15537389,-0.15537386,-2.6227607724527147e-08
-0.2523633261921474,-0.17464669,-0.17464669,-4.878616399750513e-10
-0.3469995735142027,-0.21376906,-0.2137691,3.6646461476497194e-08
-0.4335767730107788,-0.24959014,-0.24959008,-6.356136322827055e-08
-0.4892993322612347,-0.27616692,-0.27616698,6.410644531884557e-08
-0.4973583800867139,-0.28963143,-0.2896315,7.366561888266787e-08
-0.4727207195916776,-0.28360683,-0.28360683,2.740936255740678e-09
-0.4315044464270842,-0.2958752,-0.29587525,5.831146238088891e-08
-0.3543678458117837,-0.32048506,-0.32048506,4.553375232418944e-09
-0.7352154201929988,-0.7346867,-0.7346867,2.7312469508267156e-08
-0.6691312280240698,-0.6915421,-0.6915421,1.1014556933197639e-08
-0.6235400431827876,-0.66947204,-0.66947204,1.2541199190252428e-09
-0.5991326411970507,-0.6595295,-0.6595295,-7.160186776822286e-09
-0.5834750625646913,-0.6542888,-0.6542888,-2.8372955318545223e-08
-0.5747252392113138,-0.6504118,-0.6504118,1.535110472072887e-08
-0.5650543818207389,-0.635067,-0.635067,1.3916015673132165e-08
-0.5556137829394633,-0.5901102,-0.5901102,1.7237854033069766e-08
-0.5360418096490139,-0.5377163,-0.5377164,7.090225218053803e-08
-0.5404167213257025,-0.57458586,-0.57458586,4.9928283729627765e-09
-0.4773258897776657,-0.53408605,-0.5340861,5.139694214673085e-08
-0.4303531538805872,-0.5026309,-0.50263083,-5.941574099388447e-08
-0.390978948790389,-0.44683784,-0.44683778,-6.246444700375164e-08
-0.3582822404698735,-0.42466867,-0.42466867,2.9937746726105274e-10
-0.3288091512795498,-0.38365877,-0.3836587,-6.674652097693468e-08
-0.3080858854426033,-0.37747335,-0.3774733,-5.433959959777468e-08
-0.2949611504125373,-0.36860496,-0.36860502,6.19425964409892e-08
-0.2845995174940641,-0.3503502,-0.35035014,-6.112991335349705e-08
0.4084785954971437,0.41109946,0.41109943,3.3701248181028376e-08
0.3527560362466878,0.35870203,0.35870203,3.758163447109553e-09
0.2933493408474414,0.29641736,0.29641736,-4.462585467823743e-09
0.2362452305411891,0.24701452,0.24701452,2.552490246943151e-09
0.1823647393651284,0.19791281,0.19791281,2.2329711968360755e-09
0.134931486449451,0.17351536,0.17351536,4.527702324175209e-09
0.0930244377569594,0.13302684,0.13302684,-1.6973877026149609e-09
0.0564133347783541,0.082569346,0.082569346,-1.681289690802501e-10
0.020493007327647,0.026427805,0.026427805,4.2373657360705863e-10
1.594540176898377,1.5953184,1.5953186,-1.63377380291152e-07
1.356222619773493,1.3826525,1.3826526,-7.886657704681e-08
1.1195168722137052,1.1621412,1.1621411,1.0388031013164323e-07
0.8927122405537916,0.96476316,0.96476316,4.520263718887918e-09
0.6817954460355369,0.76456726,0.7645672,5.59738159155998e-08
0.4913716588449294,0.61260164,0.61260164,-2.1597289512342854e-09
0.3380194916515259,0.47163123,0.47163123,-1.0762024049704166e-09
0.2293374752622069,0.27496856,0.27496856,4.510345485986278e-09
0.1561152693049963,0.116175264,0.116175264,1.201019284025051e-10
1.8010820597399426,1.8201821,1.8201821,-1.496276857970713e-08
1.5526331282058852,1.6171675,1.6171674,7.283935543611619e-08
1.302802645616031,1.3796316,1.3796318,-1.6147308357084e-07
1.05573526513777,1.1372199,1.1372199,5.853271423106321e-09
0.8192597760872815,0.9274327,0.9274328,-8.410720819806983e-08
0.6012049677807454,0.7089963,0.7089963,-4.07104494559718e-09
0.4070970444413473,0.5459043,0.5459042,7.875518803768244e-08
0.2461463464410635,0.335847,0.335847,-9.653091437300532e-09
0.1319381258285588,0.1424422,0.1424422,-3.392410269364987e-09
1.5233902975248608,1.5582153,1.5582153,-3.949432381133988e-08
1.3997414780310804,1.4160895,1.4160895,3.475952148335182e-08
1.2763229170465995,1.2818187,1.2818187,4.752044668876465e-08
1.1538253900993165,1.1370598,1.1370597,1.0777740477863063e-07
1.0315581216613323,0.99791425,0.9979142,5.466537478238109e-08
0.9102118872605464,0.8934918,0.8934918,4.5997620157223196e-09
0.7895564283876583,0.7604482,0.7604483,-8.260803219251045e-08
0.6702825205705668,0.6310812,0.6310812,2.3487853995085572e-08
0.4255177251852997,0.42049566,0.42049566,-8.870696954765833e-10
0.4379516846874675,0.45240992,0.45240992,3.0766296177375807e-09
0.450155385680336,0.46173537,0.4617354,-3.222503663913301e-08
0.4630498622011026,0.47827345,0.47827345,1.3282775990219875e-09
0.4764048557404681,0.4992115,0.4992115,-9.845733617286356e-09
0.49114140033563,0.5080939,0.5080939,-6.47201536807529e-09
0.5067989789679895,0.51450044,0.51450044,-8.329772427373427e-10
0.5226868161096484,0.5210993,0.5210993,2.899475093354198e-08
0.5390351702699061,0.52836645,0.52836645,-3.5049438906753494e-09
0.4236756571109044,0.45440063,0.45440066,-3.1194839489323556e-08
0.4351885825758746,0.46760488,0.46760488,-4.4354248052158596e-09
0.4478528005873419,0.4795664,0.4795664,-4.717254642461199e-09
0.4598262430709109,0.49163163,0.49163163,-2.9171752791157246e-09
0.4738720121381746,0.5095115,0.5095114,7.079467778670079e-08
0.4883782982240371,0.51390004,0.51390004,1.5802001929188236e-09
0.5044963938749955,0.514241,0.514241,-1.985168451845709e-08
0.5203842310166544,0.51914287,0.51914287,-3.865356479337834e-09
0.5383443947420079,0.52881306,0.52881306,4.098358208359798e-09
0.4625893451825038,0.47787887,0.47787887,-1.4201355091891799e-09
0.4692668419521866,0.48229498,0.48229498,-3.2887267908954243e-09
0.4757140802125699,0.5016214,0.5016214,2.5151824956104463e-08
0.4830823525101508,0.52362436,0.52362436,5.613708387031124e-10
0.492292692882127,0.5351748,0.53517485,-6.295547483325947e-08
0.5021938087820014,0.5387459,0.5387459,-1.9873046874785416e-08
0.5141672512655704,0.53909737,0.5390974,-3.128280634534519e-08
0.5272919862956366,0.539043,0.539043,9.28115839737842e-09
0.5401864628164031,0.5357402,0.5357402,-3.2951354977939218e-09
0.3704859414627419,0.32835194,0.32835194,4.684982291003337e-09
0.3578217234512748,0.3165609,0.3165609,-5.749130227439281e-09
0.3410128522724182,0.2798423,0.2798423,-1.2697982776366246e-08
0.3216711374912682,0.2413262,0.2413262,-2.0181655790985076e-09
0.2991058035799265,0.21342918,0.2134292,-1.7232131971356424e-08
0.2746984015941897,0.1857841,0.1857841,1.4862060471187988e-09
0.2472976389875605,0.15764827,0.15764827,-4.638214118335426e-09
0.2159824817228414,0.1437248,0.14372478,1.9156188968416643e-08
0.1793713787442361,0.12122426,0.12122426,1.8203163143493128e-09
0.3605848255628676,0.41334978,0.41334978,-2.539901733378258e-09
0.3262763076772563,0.4082367,0.40823674,-2.7782669054232656e-08
0.295421667431136,0.39840975,0.39840972,3.4037857032931385e-08
0.2682511633338064,0.37879384,0.37879384,-4.360046379492388e-09
0.2415411762550754,0.34018624,0.3401862,3.828887940038328e-08
0.2169035157600391,0.2855134,0.2855134,1.0314941678579714e-09
0.1950289573765956,0.23676044,0.23676044,-2.511444080477432e-09
0.1731543989931522,0.17902091,0.17902091,1.455154413632087e-09
0.1542732012306011,0.13678655,0.13678655,2.834320000921764e-10
0.3942025679205806,0.4359833,0.43598324,6.020904541603755e-08
0.3580519819605741,0.4247675,0.4247675,-5.798339863805069e-09
0.3246644981121604,0.42116892,0.4211689,2.3377990709949614e-08
0.291967789791645,0.41809168,0.4180917,-1.5420150767386787e-08
0.26295521761992,0.36846247,0.3684625,-2.6845932032948383e-08
0.2334821284295962,0.29755306,0.2975531,-3.7561035171052026e-08
0.2070023998601647,0.23257048,0.23257048,4.280586246574458e-09
0.1812134468186314,0.17577949,0.17577949,1.6629791155242657e-09
0.1558850107956969,0.13707726,0.13707726,-2.9628372255618984e-09
-0.3253552736400587,-0.28664434,-0.28664434,4.3853759512657575e-10
-0.2758496941406867,-0.21798201,-0.21798204,3.0946769702389076e-08
-0.2258835976227159,-0.10181616,-0.10181616,-2.467002865880197e-09
-0.1740754330303498,0.012046069,0.012046099,-3.0093215941731644e-08
-0.1183528737798939,0.07003082,0.07003082,3.3499527041236377e-09
-0.060327729436444,0.09850005,0.09850003,2.060434341200068e-08
-0.0018420680743952,0.11868336,0.11868336,5.170249922636927e-10
0.0582554028527493,0.13628249,0.13628249,-1.2962722839571228e-09
0.1208857173821874,0.15019974,0.15019974,1.1251068132711595e-09
-0.6444935675290334,-0.5744865,-0.5744866,1.0593566890371164e-07
-0.6104153081527216,-0.46335214,-0.46335214,-3.764495826175107e-09
-0.5784093753601043,-0.3711576,-0.37115753,-5.657455443008885e-08
-0.5443311159837925,-0.29473376,-0.29473376,-2.7410888558954127e-09
-0.5118646661725764,-0.273171,-0.27317095,-5.7633209205043556e-08
-0.4777864067962645,-0.24189787,-0.2418978,-6.61298751869488e-08
-0.4453199569850484,-0.21415268,-0.21415271,3.1152687068880525e-08
-0.4117022146273353,-0.20300953,-0.20300956,2.9098091131052328e-08
-0.3785449892882211,-0.2068579,-0.2068579,-4.791831959005677e-09
1.2159951876101556,1.4046676,1.4046677,-8.41094971448797e-08
1.5738169110614304,1.8993345,1.8993348,-2.500961304718885e-07
1.587862680128694,1.7980762,1.7980759,2.528015137226447e-07
1.5049696167809083,1.5031369,1.5031369,-2.6754760851233073e-08
1.3852351919452182,1.3571185,1.3571184,8.735809320370436e-08
1.254448358663156,1.2125603,1.2125604,-1.0394134530855581e-07
1.1319508317158729,1.093244,1.093244,-4.343414317098393e-08
1.0172820940847696,1.0128156,1.0128156,-5.326843188768748e-09
0.902613356453666,0.9456678,0.9456678,3.287506156191e-09
1.6684531583834856,1.588262,1.588262,-3.806304937903349e-08
1.3877680355475115,1.3264674,1.3264674,-5.171203687481807e-09
1.029485795077638,1.0241985,1.0241985,3.210449217583289e-08
0.5837053210739906,0.6681314,0.6681315,-8.89244079482765e-08
0.0483542869528749,0.30604768,0.30604768,-2.006225574557874e-09
-0.5266012107677382,0.0446593,0.044659287,1.463860321154753e-08
-0.9426783370717624,-0.16354452,-0.16354449,-3.0735740674803225e-08
-0.9781381475038708,-0.3518319,-0.35183185,-6.299438476409236e-08
-0.834917354719641,-0.5347645,-0.5347646,7.172546390155077e-08
-0.5330484490281217,-0.48037714,-0.48037714,2.3390197556594217e-09
-0.5938366954831645,-0.51917565,-0.51917565,1.3107299690062746e-09
-0.644263309019734,-0.5495499,-0.5495498,-7.764358522788228e-08
-0.6859400992029263,-0.57266325,-0.5726632,-4.7585296591989845e-08
-0.7262353383303221,-0.6042247,-0.6042247,1.8145751901066376e-08
-0.749030930750963,-0.63531,-0.63531005,5.577926631694652e-08
-0.7633069583275263,-0.6670497,-0.66704977,6.401779173437205e-08
-0.7686029040414125,-0.69739085,-0.69739085,-4.358673089122078e-09
-0.7743593667738976,-0.7300235,-0.7300235,-3.303527784659366e-09
-0.585086872129787,-0.52700114,-0.52700114,-2.501831075640837e-09
-0.5818632529995954,-0.5304422,-0.5304423,1.2175064090236276e-07
-0.579330409397302,-0.5495274,-0.54952747,6.330749513505651e-08
-0.5774883413229067,-0.5969397,-0.5969396,-8.296051023926054e-08
-0.5763370487764098,-0.6305709,-0.6305709,1.1480712935885151e-08
-0.5754160147392121,-0.6394317,-0.63943166,-5.5011596722387424e-08
-0.5747252392113138,-0.6528423,-0.6528422,-8.324890132804796e-08
-0.5744949807020144,-0.67085356,-0.6708535,-5.520248413937168e-08
-0.5837053210739906,-0.6777038,-0.67770386,6.218276982217219e-08
0.101313744091738,0.047205612,0.047205627,-1.4936592102055002e-08
0.32098036196337,0.2883481,0.2883481,8.530044559584837e-09
0.5408772383443013,0.5527282,0.5527282,-2.3883056643470013e-08
0.7550176519927477,0.78237003,0.78237,3.087997435535783e-08
0.961789793343613,1.0008875,1.0008874,1.1316070547273682e-07
1.159351594322502,1.1990435,1.1990435,1.2344360422744671e-08
1.340795299650433,1.3662515,1.3662515,-3.134155268647021e-08
1.5031275487065132,1.5416238,1.5416237,1.3079528815573838e-07
-0.0706893623549172,-0.0871719,-0.08717184,-5.729213714555925e-08
0.149668031044613,0.074270606,0.07427062,-1.3959045405687043e-08
0.3668018053139515,0.22578816,0.22578816,1.1585617187837016e-09
0.5830145455460923,0.44792795,0.44792795,1.8127441214765838e-09
0.7920892719899517,0.6719743,0.6719743,1.3381957764124763e-09
0.988039263403745,0.95479953,0.9547996,-6.710968014633778e-08
1.1710947782967718,1.1485559,1.148556,-1.2517547598456247e-07
1.3463215038736187,1.3372933,1.3372934,-1.3274993904133225e-07
1.5100353039854957,1.528385,1.528385,4.314422596962686e-08
-0.2753891771220879,-0.3009801,-0.30098015,5.8905029298728095e-08
0.0987809004894445,0.08468811,0.08468811,2.1397018462598894e-09
0.4057154933855508,0.42625815,0.42625815,-3.2371521019314287e-09
0.663605023800884,0.69706964,0.69706976,-1.1507202146709972e-07
0.8851137097469113,0.918245,0.918245,1.7528533957644754e-08
1.0783005990491117,1.1142703,1.1142703,2.9475402785195115e-08
1.2496129299678689,1.3170707,1.3170707,2.2579956127088963e-08
1.4029650971612722,1.4644221,1.4644222,-9.325714112051742e-08
1.5420412367781124,1.60039,1.6003901,-1.4257202152201387e-07
-0.4151560922668264,-0.4663188,-0.46631885,6.385574341516431e-08
-0.1687794873164635,-0.18546714,-0.18546714,1.113548281361787e-09
0.0725314304293124,0.13976105,0.13976103,1.5575141898427347e-08
0.3391707841980229,0.38797092,0.38797092,4.3774414093533665e-09
0.611796859208518,0.59577185,0.59577185,-8.445739663187624e-10
0.8632391513634678,0.89365417,0.89365417,-2.347869898500221e-09
1.099484381904657,1.1001961,1.100196,1.2312316899354414e-07
1.3175391902111933,1.2762018,1.276202,-1.557846069921709e-07
1.5169430592644777,1.4912846,1.4912844,2.088409423173232e-07
0.6035075528737395,0.6226651,0.6226651,7.250213651666115e-09
0.6661378674031775,0.71476805,0.714768,5.2101135294968515e-08
0.7508729988253584,0.8402867,0.84028673,-5.788467405398734e-08
0.8519564844077969,0.9652671,0.9652671,2.1791839555085346e-08
0.958335915704122,1.1179888,1.117989,-1.7515563954795255e-07
1.0840570617815968,1.2326669,1.2326669,-4.990997304332723e-08
1.2116202759334669,1.3402619,1.3402619,3.6187744134608124e-08
1.3529990006433017,1.4283553,1.4283553,3.618927002513317e-08
1.4750360105719855,1.5275576,1.5275575,1.1146545420004372e-07
-0.5468639595860859,-0.55955464,-0.55955464,3.521575919762654e-09
-0.551469129772074,-0.57311225,-0.57311225,6.256103413093683e-10
-0.5574558510138585,-0.58234054,-0.58234054,1.4982605156532713e-09
-0.559988694616152,-0.58504665,-0.5850467,5.102081301888717e-08
-0.5597584361068526,-0.5857532,-0.58575326,5.756164556114385e-08
-0.5565348169766609,-0.58304435,-0.58304435,-1.4724732544380004e-10
-0.5516993882813734,-0.58161783,-0.5816179,6.781616213036301e-08
-0.5470942180953853,-0.58153456,-0.58153456,-4.495086636246981e-09
-0.5415680138721995,-0.5799237,-0.57992375,6.06346129972124e-08
0.1611809565095832,0.14250195,0.14250194,1.026397705716775e-08
0.4206822964900122,0.43407938,0.4340794,-2.115669250901675e-08
0.6682101939868722,0.6658443,0.6658443,2.1250915582804453e-08
0.8908701724793964,0.9181233,0.91812336,-5.5156097467090603e-08
1.0764585309747166,1.0790737,1.0790737,-3.247375479631387e-08
1.2318830247518149,1.2066467,1.2066467,-1.9168090892307532e-08
1.3675052867291635,1.3237619,1.323762,-5.99975586990098e-08
1.476417561627782,1.430616,1.4306163,-2.7884368902775236e-07
1.5733563940428317,1.4955871,1.4955871,1.0519409121556578e-08
-0.4618985696546056,-0.083638325,-0.083638325,-3.335952764027539e-10
-0.0501963550272702,0.4137163,0.41371632,-3.357917788271436e-08
0.2873626196056569,0.6819802,0.6819802,-7.3387146359849e-09
0.6002839337435477,0.9295475,0.92954737,1.1868942262349691e-07
0.8581734641588808,1.0236253,1.0236253,-4.5368957479752225e-08
1.0815242181793034,1.1329305,1.1329305,1.719665521093816e-08
1.268033610711821,1.2515588,1.2515588,-1.9329833955694653e-08
1.418852934302931,1.3662051,1.366205,9.624481212000546e-08
1.5505608016221906,1.4592553,1.4592553,3.771514900385853e-08
-0.2210481689274284,-0.08231123,-0.08231123,2.082328795505184e-09
0.1890422361348112,0.36870557,0.36870557,6.977844413391665e-10
0.5390351702699061,0.72153974,0.72153974,-4.205932602197038e-09
0.8314634770801499,0.929335,0.92933506,-6.186920165074383e-08
1.0695507756957343,1.0502218,1.0502218,8.041380894496797e-10
1.2516852565515633,1.1835557,1.1835557,2.2236633201444533e-08
1.3976691514473858,1.309581,1.309581,4.133605946421426e-08
1.4994434125577227,1.4239819,1.4239819,4.983520485168924e-09
1.5867113875821972,1.4930182,1.4930182,-4.9670410229296635e-08
0.0276310211159285,-0.013464153,-0.013464153,1.870422358662971e-10
0.1054583972591273,0.10561649,0.10561649,-2.437343590844243e-09
0.1574968203607927,0.1837304,0.1837304,-6.351852405162006e-09
0.1982525765067873,0.20382419,0.20382419,2.2855377312946956e-09
0.2228902370018236,0.18267342,0.18267342,4.482345578038505e-09
0.2383175571248837,0.15576896,0.15576895,1.0714340220596696e-08
0.2486791900433569,0.15757489,0.15757489,2.0440673875743443e-09
0.2562777208502373,0.17363754,0.17363754,-8.516693184024149e-10
0.2484489315340575,0.18422878,0.18422878,-2.114562996924363e-09
-0.570810844553224,-0.49659312,-0.49659324,1.2228607176867357e-07
-0.3198290694168729,-0.36430603,-0.36430603,-2.6576232881048156e-09
-0.1439115683121278,-0.2752689,-0.2752689,-1.2315368669302273e-08
-0.0161180956509583,-0.14871292,-0.14871289,-2.816234589975153e-08
0.0822022878198874,-0.018440336,-0.018440336,1.1001588529069295e-11
0.1515100991190082,0.04179342,0.04179339,3.09108352664067e-08
0.1945684403579969,0.087092504,0.087092504,-9.470367545727498e-11
0.2192061008530332,0.12742166,0.12742165,1.2211418154439713e-08
0.2371662645783867,0.16183805,0.16183807,-1.5343017578661744e-08
-0.2850600345126629,-0.34004122,-0.34004122,-1.8814089175478443e-10
-0.0331572253391142,-0.07596542,-0.07596542,5.883407649953654e-10
0.1310170917913612,0.09398811,0.09398813,-1.6894702914438398e-08
0.2445345368759676,0.16175748,0.16175748,4.078407278562679e-09
0.2912770142637468,0.17253965,0.17253965,1.3938903919985535e-09
0.3046320078031123,0.1669562,0.1669562,1.1957168588594413e-09
0.299336062089226,0.16555719,0.16555719,7.758712838867865e-10
0.2790733132708783,0.18259189,0.18259189,-4.6717071600088644e-09
0.2620341835827224,0.18388368,0.18388368,1.893348700043873e-09
1.2579022363026473,1.2072567,1.2072566,7.476654051430387e-08
1.6161844767725206,1.5912158,1.5912156,2.4892272953991323e-07
1.6914790093134262,1.7663395,1.7663397,-1.5951843268524613e-07
1.6944723699343185,1.7156292,1.7156292,2.0008850132313682e-08
1.6603941105580065,1.6610316,1.6610316,3.813171334243748e-09
1.6182568033562157,1.6558846,1.6558849,-2.764724731374457e-07
1.5662183802545502,1.6061268,1.6061267,8.527832040527983e-08
1.5296072772759446,1.5676792,1.5676792,-3.320617669722026e-08
1.4879304870927526,1.55357,1.5535699,1.3211975091742545e-07
0.0886495260802707,0.07219651,0.07219651,3.4143829291677363e-09
0.221969202964626,0.26171777,0.26171777,-3.4766388101736823e-09
0.3398615597259212,0.3917552,0.39175516,3.347190857816429e-08
0.4275900517689943,0.494893,0.494893,1.4430999728531901e-08
0.4982794141239116,0.5113607,0.5113607,4.898834227162752e-09
0.5519296467906728,0.5438303,0.5438302,7.553558345474443e-08
0.5970603146133561,0.5829221,0.5829221,1.020812989693809e-09
0.6228492676548895,0.61553174,0.61553174,2.5727844299439084e-09
0.6488684792057221,0.6609706,0.6609706,2.826156619839537e-08
-0.4478528005873419,-0.3901279,-0.39012802,1.2273742677759714e-07
-0.13147760880996,-0.16165148,-0.1616515,2.2782325748149646e-08
0.0713801378828154,0.06624842,0.06624843,-1.3099365231417082e-08
0.2371662645783867,0.25704575,0.25704575,-4.150390642276847e-09
0.3594335330163705,0.37847438,0.37847438,4.546279908090867e-09
0.4662734813312943,0.44251215,0.44251215,4.579162604656517e-09
0.5346602585932174,0.50375944,0.50375944,3.759918265622275e-09
0.604428586910937,0.5819919,0.5819919,1.0934448235744298e-08
0.6479474451685244,0.6423792,0.64237916,6.430038457239107e-08
-0.1022347781289356,-0.078317955,-0.078317955,-1.362991386422152e-10
0.1029255536568338,0.07270542,0.07270542,-2.128524786981778e-09
0.2565079793595367,0.22188514,0.22188514,4.710540763008808e-09
0.373939819102233,0.33653942,0.33653945,-3.2494735735522084e-08
0.4651221887847973,0.46392456,0.46392456,-3.029403672361042e-09
0.5408772383443013,0.5856078,0.5856078,2.6709747302788855e-08
0.6051193624388352,0.6564146,0.6564146,2.8028869669682877e-08
0.658539336596297,0.7134227,0.7134227,1.5663909946894705e-08
-0.1130569280660076,-0.03198652,-0.03198652,3.0567168934902966e-10
-0.1185831322891933,0.032746583,0.032746583,2.2334289279113406e-10
-0.1254908875681755,0.035924867,0.035924852,1.479553985578308e-08
-0.1305565747727624,0.021879822,0.021879807,1.5015762327985627e-08
-0.1365432960145469,-0.024230242,-0.024230212,-2.977551269434109e-08
-0.1441418268214273,-0.06259914,-0.06259914,2.5745773291063756e-09
-0.1644045756397749,-0.094383016,-0.094383046,2.9771324155936085e-08
-0.1908843042092064,-0.113352165,-0.113352194,2.937387848234163e-08
-0.704591038456178,-0.51477444,-0.51477444,-1.7190551204748772e-09
-0.6088034985876258,-0.42709762,-0.42709762,1.4201355091891799e-09
-0.5268314692770377,-0.40170383,-0.40170377,-6.45336913907002e-08
-0.450155385680336,-0.33059227,-0.33059227,-4.665832498140787e-09
-0.3833804179835086,-0.268889,-0.26888895,-5.995254515056558e-08
-0.3343353555027354,-0.2171172,-0.2171172,-5.262184132881487e-09
-0.2940401163753396,-0.2197719,-0.21977188,-2.673351287563186e-08
-0.2659485782408123,-0.18792574,-0.18792577,2.8923530570601486e-08
-0.8012996123619279,-0.62616026,-0.62616026,-4.015197729856368e-09
-0.7582412711229393,-0.47183174,-0.4718318,6.105117800192517e-08
-0.7144921543560525,-0.37337023,-0.37337023,-1.9790646899053854e-10
-0.6746574322472554,-0.3281477,-0.32814765,-5.936965941089056e-08
-0.6438027920011352,-0.34189385,-0.34189385,-1.757049561401658e-09
-0.6062706549853323,-0.35762787,-0.35762793,6.134765623277971e-08
-0.5795606679066013,-0.35600895,-0.356009,5.310440065464661e-08
-0.5519296467906728,-0.3836037,-0.3836037,7.94525145675351e-09
-0.3315722533911426,-0.33313835,-0.3331384,5.332794189571999e-08
-0.2274954071878117,-0.2460831,-0.2460831,4.3302536001377234e-09
-0.1498982895539124,-0.16313465,-0.16313459,-5.939594269199766e-08
-0.1008532270731392,-0.13754211,-0.13754211,-3.661766057039273e-09
-0.0780576346524981,-0.13871662,-0.13871656,-6.318706513575023e-08
-0.0980901249615463,-0.15109228,-0.1510923,2.402286530811537e-08
-0.1250303705495767,-0.1500629,-0.1500629,-3.761863709428326e-09
-0.1597994054537868,-0.14450474,-0.14450474,-8.342361523805408e-10
1.5738169110614304,1.4141381,1.4141381,-2.1310424758169688e-08
2.315709828024112,2.4095237,2.4095237,2.5509643730714515e-08
2.724648940539854,2.8620036,2.8620036,-3.516540525438927e-08
2.974939940148307,3.1950374,3.1950374,-3.5040283119514015e-08
3.1252987467208184,3.2917736,3.291773,5.57662963807104e-07
3.2026656058454184,3.3156352,3.3156347,5.043151856121142e-07
3.242730586463515,3.319302,3.3193016,4.820617673928496e-07
3.249177824723898,3.3124418,3.3124418,2.5866699004950533e-08
3.2452634300658083,3.2479045,3.2479045,3.91082761730388e-08
-0.1130569280660076,-0.10737173,-0.10737179,5.740741729209908e-08
-0.0089800818626767,0.039014205,0.03901422,-1.4663429262484762e-08
0.0803602197454922,0.17391707,0.17391708,-9.968833925011467e-09
0.1623322490560802,0.29096866,0.29096866,-3.4600829978970182e-09
0.2394688496713807,0.3645898,0.3645898,1.0371398906361406e-08
0.3138423481750885,0.4086762,0.40867624,-3.2934417748542444e-08
0.3859132615858021,0.45002168,0.45002168,4.1697693076159226e-09
0.4572933994686175,0.5027916,0.5027915,8.353805547312021e-08
0.5282130203328341,0.5439261,0.5439261,1.9804382356269912e-08
0.6714338131170638,0.6231736,0.6231736,-5.525207513734642e-09
0.7066633650398727,0.63236064,0.6323606,3.718795771323613e-08
0.7310707670256096,0.6496186,0.6496186,2.5640869094623042e-08
0.7499519647881607,0.66845155,0.66845155,-2.3773193413845206e-09
0.747879638204466,0.6923748,0.6923748,2.5477600140710877e-08
0.7409718829254839,0.7140947,0.7140947,-1.5708923051249712e-09
0.718176290504843,0.7153035,0.7153035,-1.9374847393116568e-08
0.6813349290169382,0.6809862,0.6809862,2.5605011000351396e-08
0.6534736493917103,0.66082054,0.66082054,3.766021716700152e-09
-0.5077200130051871,-0.4982379,-0.49823785,-5.7886505144821854e-08
-0.5318971564816246,-0.50944287,-0.50944287,4.151458732337687e-09
-0.5420285308907984,-0.52068096,-0.52068096,-3.993072539287823e-09
-0.5493968031883794,-0.52109355,-0.5210936,5.265579228197481e-08
-0.5475547351139841,-0.50554895,-0.505549,4.598999026050876e-08
-0.5434100819465948,-0.49033374,-0.49033368,-5.5942840582190456e-08
-0.5233775916375466,-0.47904652,-0.47904646,-6.357101439702362e-08
-0.5001214821983068,-0.4647302,-0.46473008,-1.2315170289101118e-07
-0.4630498622011026,-0.43984687,-0.4398468,-7.328338624823516e-08
-0.5952182465389609,-0.61745447,-0.6174544,-6.920394901577254e-08
-0.5381141362327085,-0.5366032,-0.5366033,8.764343262246399e-08
-0.4975886385960132,-0.46259236,-0.4625923,-6.335754393349546e-08
-0.4676550323870907,-0.39230204,-0.39230204,3.714599627890891e-09
-0.4538395218291264,-0.3802402,-0.3802402,-1.950073269529895e-09
-0.4455502154943478,-0.39649332,-0.39649332,4.3032836738454705e-09
-0.4379516846874675,-0.41867882,-0.41867888,5.986679074698742e-08
-0.4252874666760002,-0.42214823,-0.42214823,2.3083496225595468e-09
-0.4153863507761259,-0.4127137,-0.41271377,6.350662229426263e-08
0.5392654287792056,0.52858055,0.52858055,-3.6209106824003356e-09
0.4614380526360068,0.45513275,0.45513275,2.656936670675236e-09
0.3760121456859277,0.40366203,0.403662,2.5928497293659092e-08
0.2841390004754652,0.25025278,0.2502528,-1.6701507565830553e-08
0.1862791340232183,0.12859026,0.12859023,2.5975723266791206e-08
0.0840443558942826,0.04247506,0.042475075,-1.5371513367723466e-08
-0.0165786126695571,-0.057780012,-0.057780012,-4.883651746889761e-10
-0.1105240844637142,-0.15708558,-0.15708561,2.738605497931701e-08
-0.2129891211019492,-0.27569598,-0.27569592,-5.959518434295319e-08
-0.5846263551111883,-0.6062103,-0.6062103,8.614349344959749e-09
-0.5436403404558943,-0.5412905,-0.54129046,-6.162170407275624e-08
-0.5047266523842949,-0.49135298,-0.49135298,4.631500238883035e-09
-0.4685760664242883,-0.44949406,-0.44949406,-3.854217556220618e-09
-0.4377214261781681,-0.39341706,-0.39341706,-3.75213637937577e-10
-0.4059457518948503,-0.33252674,-0.3325268,5.6587982188993635e-08
-0.3808475743812152,-0.30464292,-0.30464286,-5.5725707992504425e-08
-0.3571309479233765,-0.33496618,-0.33496618,-2.7087402321157583e-09
-0.3746305946301313,-0.36592692,-0.36592692,-1.367645274807927e-09
0.3829199009649098,0.3311161,0.33111614,-2.991355896320158e-08
0.3700254244441432,0.29708534,0.29708537,-2.520858766175138e-08
0.3734793020836343,0.27084032,0.27084032,-2.9891205066689963e-09
0.3799265403440175,0.25925997,0.25925994,2.8996047951590498e-08
0.383610676492808,0.25776267,0.25776267,5.169677463889855e-10
0.3875250711508979,0.26525477,0.26525477,-4.251022311940744e-09
0.3757818871766283,0.2726415,0.27264148,2.9771347054285968e-08
0.3575914649419753,0.26989186,0.26989186,-1.899108870162536e-09
0.3380194916515259,0.27993745,0.27993745,-3.882598853532926e-09
-0.6486382206964227,-0.5212994,-0.5212995,7.82127380638542e-08
-0.5173908703957621,-0.3420807,-0.3420807,-1.2318420394841212e-08
-0.3872948126415985,-0.2165757,-0.21657567,-2.7064399721332677e-08
-0.2652578027129141,-0.10098596,-0.10098593,-2.917224883880465e-08
-0.132628901356457,0.030899346,0.03089936,-1.412521362376129e-08
0.0043749116766886,0.13164286,0.13164286,3.1544113154868825e-09
0.1409182076912356,0.2231069,0.2231069,5.817985537781567e-09
0.2721655579918962,0.32293376,0.32293376,3.2656097270766793e-09
0.3953538604670776,0.41567016,0.41567016,-3.521118174809601e-09
-0.4218335890365092,-0.37486184,-0.37486184,3.5665893571845686e-09
-0.2719352994825968,-0.1484281,-0.14842813,3.263271330933293e-08
-0.1363130375052475,-0.0009835213,-0.0009835213,-4.2277526748554783e-11
-0.0115129254649702,0.062117055,0.06211704,1.5058479310714468e-08
0.1006229685638398,0.14595488,0.14595488,-2.86186219167206e-09
0.201476195636979,0.22799182,0.22799182,-6.182861445047649e-10
0.2912770142637468,0.29407305,0.29407305,-4.746246340392446e-09
0.3679530978604485,0.35250884,0.35250884,2.9450988869861305e-09
-0.382459383946311,-0.35562164,-0.35562164,4.086151139670591e-09
-0.3129213141378908,-0.29705143,-0.29705143,2.514648489437832e-10
-0.2362452305411891,-0.22749554,-0.22749548,-5.6208152771075603e-08
-0.1547337182491998,-0.14809404,-0.14809407,2.686435698895373e-08
-0.0736827229758094,-0.05359842,-0.05359842,1.1681747444369783e-09
0.0198022317997487,0.015638024,0.015638039,-1.538511657656061e-08
0.1125964110474088,0.07595481,0.07595481,-2.1511077641367393e-10
0.203778780729973,0.15491332,0.15491332,1.1374282904430544e-09
0.300487354635723,0.2599766,0.2599766,-4.359817507015862e-09
-0.4669642568591925,-0.5387645,-0.5387644,-7.677612301471015e-08
-0.300487354635723,-0.38900656,-0.3890066,4.4919586161817904e-08
-0.160490180981685,-0.2774151,-0.27741504,-5.675979614094828e-08
-0.0382229125437011,-0.17188816,-0.17188816,2.274665844570478e-09
0.0651631581317315,-0.09572707,-0.09572704,-3.116603851383015e-08
0.1600296639630862,-0.005819291,-0.0058193207,2.9823611450222054e-08
0.2470673804782611,0.09773165,0.09773165,-1.243591341015815e-10
0.332953804446939,0.2351053,0.2351053,5.910110484341757e-09
0.4204520379807128,0.4005784,0.4005784,9.433364867028615e-09
-0.7423534339812804,-0.49434787,-0.49434793,5.965011595776559e-08
-0.6553157174661055,-0.36944705,-0.36944705,-2.4787902841438836e-09
-0.5576861095231579,-0.25344825,-0.25344825,2.0904540876109934e-09
-0.3843014520207062,-0.11572908,-0.11572908,1.3495254497231102e-09
-0.1899632701720087,0.051609665,0.051609635,3.0155410765675406e-08
0.0128944765207666,0.21987802,0.21987802,-2.0976257397720133e-09
0.141148466200535,0.339913,0.339913,1.0597228983222351e-08
0.5618307626905472,0.49783617,0.49783617,2.5807189718562995e-09
0.7156434469025496,0.7297833,0.72978336,-6.341491698425017e-08
-0.1533521671934034,-0.172442,-0.17244197,-3.4084587097193975e-08
-0.1991736105439849,-0.21678568,-0.21678565,-3.422794342400337e-08
-0.2371662645783867,-0.24773268,-0.24773268,-4.016227711511888e-09
-0.2696327143896028,-0.28282654,-0.2828266,5.714569090153887e-08
-0.2981847695427289,-0.31785327,-0.31785327,-1.9612121371359592e-09
-0.3248947566214599,-0.34420037,-0.34420037,-2.6959228738299146e-09
-0.3504534511536938,-0.40266776,-0.4026677,-6.084899900615781e-08
-0.3746305946301313,-0.42437392,-0.42437387,-5.4732208265573234e-08
-0.3974261870507723,-0.41332418,-0.41332418,2.73483274915165e-09
-0.4344978070479764,-0.41429275,-0.41429275,-2.7427673465751923e-09
-0.4202217794714133,-0.40723318,-0.40723324,6.138442992797977e-08
-0.4054852348762515,-0.39680076,-0.39680076,3.545532201165713e-09
-0.3988077381065687,-0.3644967,-0.3644967,-7.916259758822264e-09
-0.3955841189763771,-0.34089035,-0.3408904,5.204238889833235e-08
-0.3875250711508979,-0.32088596,-0.32088602,6.371261596083144e-08
-0.3870645541322991,-0.31848454,-0.3184845,-4.475402831660702e-08
-0.3808475743812152,-0.31487358,-0.31487358,3.835754380787648e-09
-0.3757818871766283,-0.31843805,-0.318438,-5.313110351679029e-08
-0.4469317665501442,-0.4237849,-0.4237849,-1.1632537821881783e-08
-0.381308091399814,-0.3455031,-0.3455031,8.187866218367645e-09
-0.3440062128933104,-0.36182112,-0.36182112,4.983062740215871e-09
-0.3271973417144539,-0.38294,-0.38294,5.6648254420643696e-09
-0.3354866480492325,-0.41459197,-0.41459203,6.194046020535637e-08
-0.3580519819605741,-0.41333324,-0.41333324,2.828826894951675e-09
-0.3612756010907658,-0.41782176,-0.41782182,5.50540161237123e-08
-0.3624268936372628,-0.4173736,-0.4173736,2.378082286647043e-09
-0.3587427574884723,-0.3925354,-0.39253533,-5.846969602929519e-08
-0.3575914649419753,-0.44975722,-0.44975722,1.6390991341985739e-09
-0.3532165532652866,-0.4636231,-0.4636231,-6.479644765189363e-09
-0.3545981043210831,-0.41355753,-0.4135574,-1.2944946287118952e-07
-0.3596637915256699,-0.37928432,-0.37928432,-2.2618102946125873e-09
-0.3684136148790473,-0.3646412,-0.3646412,1.0424804686159916e-08
-0.3796962818347181,-0.3864932,-0.38649327,6.397583007800023e-08
-0.4315044464270842,-0.4857064,-0.4857064,1.1049652082206762e-08
-0.4024918742553592,-0.48052073,-0.48052067,-5.525024415753421e-08
-0.3819988669277122,-0.43253565,-0.43253577,1.216540527204657e-07
-0.3670320638232509,-0.44783974,-0.44783968,-5.693847654475448e-08
-0.3640387032023586,-0.4563563,-0.4563563,1.299743651594909e-08
-0.364268961711658,-0.43505448,-0.43505448,-1.0295104768687224e-09
-0.3709464584813408,-0.43660325,-0.43660325,1.880645750240717e-09
-0.3831501594742092,-0.42497367,-0.4249736,-6.666793822551753e-08
-0.4022616157460598,-0.39444023,-0.3944403,6.629257204293637e-08
-0.5123251831911753,-0.37631762,-0.37631768,5.972259520259371e-08
-0.4508461612082342,-0.40321493,-0.403215,6.851196288071293e-08
-0.2148311891763444,-0.2260664,-0.22606643,3.435962678266513e-08
0.2157522232135421,0.19668631,0.19668631,2.556266781583716e-09
0.556074299958062,0.5640613,0.5640613,-1.5934753405666413e-08
0.8365291642847369,0.8774238,0.8774239,-7.71202087745948e-08
1.073925687372423,1.0971786,1.0971787,-1.2162322993169994e-07
1.2783952436302943,1.3309196,1.3309196,2.3374938873388373e-08
1.4566153298280335,1.5285095,1.5285095,-2.3574828755812405e-09
1.6136516331702273,1.6761892,1.6761892,-1.5811157272338505e-08
1.7524975142777683,1.7970228,1.7970229,-8.048095700985414e-08
0.6778810513774471,0.6583793,0.6583794,-8.367004389331356e-08
0.821792619689575,0.7879363,0.7879363,-2.9763031039742316e-08
0.9901115899874398,0.98909575,0.98909575,-2.529144338403455e-09
1.1568187507202086,1.2095563,1.2095563,4.117126461977705e-08
1.3145458295903008,1.3939275,1.3939275,-4.505157469303356e-08
1.4819437658509678,1.5314797,1.5314795,2.1630096425084844e-07
1.5830272514334065,1.6417389,1.6417389,-8.398437501000444e-09
1.7297019218571272,1.7687539,1.7687538,8.62228393128106e-08
1.881442279485435,1.9143714,1.9143714,-2.8730773982132973e-08
-0.042137307201791,-0.044862673,-0.044862643,-2.9686576842602452e-08
0.3350261310306336,0.3266512,0.3266512,-1.4249038671199088e-08
0.611796859208518,0.5855302,0.5855302,2.1462249755188623e-08
0.822943912236072,0.7729337,0.77293366,6.154235843158773e-08
0.98228280067126,0.91608644,0.91608644,-4.682006782275039e-09
1.102938259544148,1.0317539,1.0317539,-2.3330688492251284e-09
1.195732438791808,1.1090212,1.1090212,-1.3171386648025418e-08
1.2664218011467254,1.1886648,1.1886647,9.396820077611778e-08
1.3230653944343789,1.2812955,1.2812957,-1.620513916389399e-07
2.6532688026570392,2.1135466,2.1135466,9.878540208063669e-09
2.890435067235426,2.5021858,2.5021863,-4.78466796849375e-07
3.062207915172782,2.8109195,2.810919,5.232391355747268e-07
3.138653740260184,2.949009,2.949009,-5.834960958850388e-08
3.1847054421200647,3.0210142,3.0210142,1.3562011513812422e-08
3.2026656058454184,3.043973,3.043973,-3.094482403653842e-08
0.4374911676688687,0.5163784,0.5163784,2.7099609223313337e-09
0.3555191383582807,0.46428046,0.46428046,-3.6954498350283416e-09
0.2774615037057825,0.42079732,0.42079735,-3.177986146463141e-08
0.214600930667045,0.3470637,0.34706366,3.0423965458048485e-08
0.145753636386523,0.26594746,0.26594746,1.1282348388874652e-09
0.0716103963921148,0.18541674,0.18541674,3.159294131860335e-09
-0.0020723265836946,0.08598536,0.08598533,3.252975463996499e-08
-0.0739129814851088,-0.016471028,-0.016471028,-3.279418958612723e-10
-0.1416089832191338,-0.1465788,-0.14657877,-3.365848541547756e-08
-0.7073541405677708,-0.70563716,-0.7056371,-5.6963348371574796e-08
-0.7331430936093043,-0.73847526,-0.73847526,-3.1187439297752917e-09
-0.7577807541043405,-0.76830506,-0.76830506,-3.2476806799408564e-09
-0.7833394486365745,-0.7961782,-0.79617834,1.1829742430080614e-07
-0.7939313400643471,-0.8042648,-0.8042649,1.1614074701959964e-07
-0.8079771091316107,-0.82196486,-0.82196474,-1.1996246340739702e-07
-0.8362989057754375,-0.8535019,-0.8535018,-1.1593170168300304e-07
-0.8648509609285636,-0.8857746,-0.8857745,-1.1242675779232769e-07
-0.8934030160816898,-0.915815,-0.9158149,-9.576568604785507e-08
-0.705742331002675,-0.6205773,-0.6205773,2.424697875813564e-08
-0.5544624903929662,-0.372005,-0.37200505,6.419067383189869e-08
-0.3845317105300057,-0.20459862,-0.20459862,-5.339431674578066e-10
-0.2228902370018236,-0.07528214,-0.07528214,-1.5662765529000922e-09
-0.0697683283177195,0.03358385,0.03358385,-3.3149719080860507e-10
0.0584856613620487,0.19002914,0.19002914,4.287109361955643e-09
0.2079234338973623,0.34171793,0.34171796,-3.1352004992157845e-08
0.3686438733883467,0.538534,0.538534,-1.4385223345847464e-08
0.5162395778492651,0.692977,0.692977,1.1203765915013264e-08
-0.3311117363725438,0.31618,0.31618,-9.231567399403673e-09
-0.201476195636979,0.671024,0.671024,2.4486541794210837e-08
-0.0759853080688035,0.72553456,0.7255346,-4.17037964162148e-08
0.0446701508040844,0.7673871,0.7673871,-7.886505115628495e-09
0.1655558681862719,0.7865551,0.78655505,6.140823360922809e-08
0.2862113270591599,0.81107676,0.81107676,2.9205327045644935e-10
0.404103683820455,0.828082,0.828082,2.5051116958607622e-08
0.5337392245560199,0.8261394,0.82613945,-5.9531402585299986e-08
0.6580788195776983,0.8285342,0.8285342,-1.4113616941813234e-08
0.3251250151307592,0.37952906,0.37952903,2.8933258067187495e-08
0.2728563335197944,0.313163,0.313163,1.2266159032936486e-08
0.2173640327786379,0.21636613,0.21636613,-2.8666305440516737e-09
0.1538126842120022,0.18807384,0.18807384,3.7175750811080377e-09
0.0798997027268934,0.14718765,0.14718764,1.020370482551769e-08
-0.014276027576563,0.0014756322,0.0014756024,2.9790704345663416e-08
-0.1393063981261397,-0.15974145,-0.1597415,5.362415314569269e-08
-0.2945006333939385,-0.3283245,-0.3283245,3.253936786684619e-09
-0.5180816459236603,-0.577473,-0.57747304,5.520919799106849e-08
-0.6721245886449619,-0.6996857,-0.69968575,5.721282958504048e-08
-0.6608419216892911,-0.67792755,-0.6779276,4.6346282922549165e-08
-0.6477171866592251,-0.6600041,-0.6600042,1.2065811161310336e-07
-0.6304477984617698,-0.6372842,-0.6372842,-1.926498416349176e-08
-0.6088034985876258,-0.60105026,-0.60105026,2.3171996543780438e-09
-0.5873894572227811,-0.5915454,-0.5915454,-3.0036926279564113e-09
-0.5774883413229067,-0.595357,-0.59535706,5.917221068685308e-08
-0.58784997424138,-0.6384499,-0.63845,9.269714351667346e-08
-0.6461053770941293,-0.6771685,-0.6771685,1.149749750961604e-08
0.4665037398405937,-0.015344545,-0.015344575,2.9754829405925776e-08
0.6378160707593508,-0.11966036,-0.11966036,-2.6012802190056306e-09
0.6292965059152728,-0.20602976,-0.20602976,2.142677313354824e-09
0.5643636062928407,-0.2614311,-0.2614311,2.015686062506461e-09
-0.8321542526080482,-0.4155153,-0.4155153,-3.611755394761218e-09
-0.8118915037897007,-0.5482941,-0.54829425,1.230125427076345e-07
0.5054174279121931,0.9000033,0.9000033,1.401824956115405e-08
-0.1033860706754326,0.46785635,0.46785635,-2.4391174080484745e-09
-0.4140047997203294,-0.025968939,-0.025968939,-6.593322762760145e-11
-0.1245698535309779,0.9192977,0.9192977,-4.840087886037736e-09
-0.2431529858201712,0.5404551,0.5404551,2.9205322604752837e-09
-0.0833535803663844,-0.08996685,-0.08996685,1.5073776254981297e-09
0.0851956484407796,0.23189737,0.23189737,-9.728622352156435e-10
0.1938776648300986,0.5427234,0.5427234,1.7282104525229158e-08
0.2502909996084528,0.802353,0.80235296,6.448272704684399e-08
0.2562777208502373,0.9761469,0.97614694,-6.318801881732838e-08
0.22427178805762,1.2699704,1.2699703,1.170227050817374e-07
0.2173640327786379,1.4856046,1.4856046,4.3821716255720844e-08
0.0775971176338993,1.6275779,1.6275775,4.0088653574521516e-07
-0.0656236751503303,1.1652883,1.1652882,1.2912445068735678e-07
