y_true,y_pred_recomputed,y_pred_reference,delta
-0.1595691469444873,-0.1946275,-0.1946275,6.380081185586306e-09
-0.2489094485526563,-0.27485576,-0.27485576,-2.7201080277095002e-09
-0.1105240844637142,-0.12947476,-0.12947476,8.981323185164314e-10
-0.2003249030904819,-0.21421543,-0.21421537,-5.7637100231433536e-08
-0.0591764368899469,-0.06851265,-0.06851265,1.6559600773957683e-09
-0.1455233778772237,-0.16109118,-0.16109118,1.3443756108344473e-09
0.0085195648440779,-0.015546888,-0.015546858,-3.0113021850380894e-08
-0.0895705601174683,-0.113741964,-0.113741934,-3.010179137896696e-08
0.0732222059572106,0.04560633,0.04560633,3.711700391484385e-11
-0.020493007327647,-0.075841695,-0.075841665,-3.007026672108282e-08
0.1577270788700921,0.12686005,0.12686005,2.3471832255594904e-09
0.0571041103062523,-0.028234184,-0.028234154,-2.978829955965767e-08
0.240159625199279,0.24142691,0.24142691,4.930343633358092e-09
0.1487469970074153,0.07511297,0.075113,-3.131675720136062e-08
0.3446969884212086,0.3572574,0.35725743,-3.401725767737673e-08
0.2525935847014468,0.21117441,0.21117441,3.561820977049379e-09
0.4722602025730788,0.46329397,0.46329397,-3.688049310390795e-10
0.3714069754999396,0.34549925,0.34549925,-2.6874542036203763e-09
-0.3582822404698735,-0.41221306,-0.41221318,1.2272041322036742e-07
-0.3078847797693004,-0.33873847,-0.33873847,-1.2696075302187637e-09
-0.3025596812194176,-0.32651415,-0.3265141,-5.4672622706863905e-08
-0.25489224962879,-0.25106105,-0.251061,-5.208396913758406e-08
-0.1827216368152944,-0.16141045,-0.16141045,-9.353637586695385e-10
-0.2274954071878117,-0.23480764,-0.2348077,5.96858978352266e-08
-0.0965109003808437,-0.003108099,-0.003108129,2.9897026061851545e-08
-0.1432207927842296,-0.12475538,-0.12475541,2.746215820026432e-08
0.0059820716775474,0.12505093,0.12505093,2.168960566706346e-09
-0.0430583412389886,-0.02452384,-0.024523824,-1.5354515076060338e-08
0.1052605106574929,0.22195525,0.22195527,-1.53260421853485e-08
0.0610185049643422,0.06828499,0.06828499,-1.5966796912403325e-09
0.2263384422107289,0.3186932,0.3186932,-9.18693543461302e-09
0.174766208558248,0.19876185,0.19876185,5.954742532399138e-10
0.371563556432483,0.41507074,0.41507074,2.368698126531399e-09
0.3170659673052801,0.33387923,0.3338792,3.240661622383456e-08
0.5025918188388871,0.54013115,0.5401312,-4.832382205499641e-08
0.4559118484128211,0.45386344,0.45386338,6.194412233151425e-08
-0.09279417924766,-0.17321432,-0.17321432,3.6318969776072407e-09
-0.2417714347643748,-0.30902556,-0.30902556,4.150924659551691e-09
-0.3762424041952271,-0.46013626,-0.46013626,-4.562606792379853e-09
-0.0283217966438267,-0.11703181,-0.11703178,-3.2667846677769674e-08
-0.1798318957628349,-0.23302472,-0.23302466,-5.63772583062061e-08
-0.3184475183610765,-0.39670178,-0.39670178,-2.9418182334595144e-09
0.0476635114249767,-0.038059086,-0.038059086,3.9247131239372735e-10
-0.1098333089358159,-0.16038913,-0.16038913,4.652862539700209e-09
-0.2496002240805545,-0.2926034,-0.29260346,5.6670150738735714e-08
0.1356222619773493,0.051218897,0.051218897,1.0426330632196112e-10
-0.0269402455880303,-0.10902634,-0.10902637,2.7369613644911972e-08
-0.1708518139001582,-0.20218581,-0.20218581,3.877258236695269e-10
0.2346334209760933,0.17720604,0.17720604,-5.712890716047525e-10
0.0663144506782285,-0.001875028,-0.0018749833,-4.471418304434309e-08
-0.0796694442175939,-0.11825237,-0.11825237,3.2187652543314016e-09
0.3458482809677057,0.27787277,0.27787277,1.0247039883282127e-09
0.1759175011047451,0.12595752,0.12595752,-1.1840057267953341e-09
0.0223350754020422,0.014267072,0.014267072,8.156585649954362e-11
0.472950978100977,0.39545673,0.39545673,1.3194275116923393e-09
0.2997965791078248,0.23689537,0.23689537,-2.4968337952735453e-09
0.1340104524122534,0.14456202,0.14456202,8.978652821234334e-10
0.6062706549853323,0.5326979,0.5326979,1.603088384261042e-08
0.4266690177317966,0.39318264,0.39318264,-4.6926880159503526e-09
0.2553566868130397,0.2910373,0.2910373,-8.71162414428639e-09
0.5586071435603556,0.5887501,0.5887502,-7.602233886849774e-08
0.3034807152566152,0.100486085,0.100486085,-1.8115997590939514e-10
0.1406879491819362,0.09983414,0.09983414,-3.3351326006458848e-09
0.142299758747032,0.107663676,0.107663676,1.426925660963363e-10
0.1528916501748046,0.14061576,0.14061576,1.280059808150824e-09
0.1581875958886909,0.14931524,0.14931524,-2.0010375856305274e-09
0.1772990521605415,0.18115422,0.18115422,1.2963104201180187e-09
0.1883514606069129,0.18796587,0.18796588,-1.0096435548723193e-08
0.2118378285554522,0.21911408,0.2191141,-1.9928550726300287e-08
0.2293374752622069,0.23113534,0.23113534,-1.455154413632087e-09
0.2601921155083272,0.2964297,0.2964297,-6.3011169615379e-09
0.2804548643266748,0.315226,0.315226,-1.137351990365687e-08
0.3207501034540706,0.3814165,0.3814165,-3.8528441548280057e-10
0.3472298320235021,0.39435974,0.39435974,-2.365341200682991e-09
0.3942025679205806,0.44035497,0.44035497,3.0777740356313643e-09
0.4278203102782937,0.45421216,0.45421216,-1.081619238618714e-09
0.482621835491552,0.52629197,0.52629197,-3.561706596322267e-09
0.5187724214515586,0.5523744,0.5523744,2.255020137287289e-08
0.5864684231855835,0.65271103,0.65271103,3.821105987178441e-09
0.422294106055108,0.64751554,0.64751554,-4.645385742740871e-09
0.3076253684240045,0.41708475,0.41708475,3.5133361775407934e-09
0.492292692882127,0.47109354,0.47109354,-4.576721168714215e-09
0.6723548471542614,0.69770765,0.69770765,3.0456542843282364e-09
0.2898954632079504,0.3715236,0.37152362,-3.110420226937194e-08
0.4727207195916776,0.46109423,0.46109423,4.13436895829733e-10
0.6546249419382072,0.68344176,0.6834418,-4.18441772342959e-08
0.279994347308076,0.35665283,0.35665283,-3.929214453801677e-09
0.4605170185988092,0.44809508,0.44809508,3.2366943569783757e-09
0.6451843430569316,0.672922,0.67292213,-1.1480987549550292e-07
0.2767707281778843,0.36590546,0.36590546,3.6955261073501333e-09
0.4575236579779169,0.44137236,0.44137236,4.759445171309551e-09
0.6463356356034287,0.69078475,0.69078475,2.3689270545190766e-09
0.283448224947567,0.42570955,0.42570955,-4.387664787053325e-09
0.4630498622011026,0.4761499,0.4761499,-1.3153457656400747e-08
0.6599208876520936,0.73466265,0.7346628,-1.479843139140513e-07
0.299336062089226,0.48875907,0.48875907,6.348419012702777e-10
0.4793982163613604,0.51738226,0.51738226,4.1372680836815334e-09
0.6870913917494232,0.7815652,0.7815652,-1.0638427694331654e-08
0.3269670832051545,0.5277579,0.52775794,-5.6928100566899786e-08
0.5067989789679895,0.5536219,0.5536219,-1.1839294433713121e-08
0.7257748213117232,0.8471279,0.8471279,1.4428710892744334e-08
0.3656505127674544,0.5430482,0.54304826,-5.7008514353640294e-08
0.5493968031883794,0.6034173,0.6034173,-2.2663879439832613e-08
0.775740917829694,0.9272088,0.9272088,-1.8757629449694946e-08
0.414925833757527,0.5111383,0.5111383,1.9969177200707122e-08
0.6088034985876258,0.6811633,0.6811634,-8.899536130257957e-08
0.2088444679345599,-0.31146,-0.31146,1.164436341793973e-08
1.0693205171864348,0.85198975,0.8519896,1.460937499864201e-07
1.4494773160397518,1.1970812,1.1970812,8.2290649849881e-09
1.5701327749126397,1.6151845,1.6151845,4.551696775045855e-08
1.73637941862681,2.0508025,2.0508027,-2.3074646016141287e-07
1.671446519004378,1.983571,1.983571,5.255126955816536e-08
1.823417135141985,2.3205652,2.3205657,-4.763061522972123e-07
1.6097372385121376,2.1628692,2.1628695,-2.849884030986516e-07
1.748352861110379,2.2494543,2.249454,2.598724364588634e-07
1.4653651531814107,1.9731395,1.9731394,1.2445983887943157e-07
1.5791128567753163,1.9957396,1.9957393,2.79200744524033e-07
1.2968159243742468,1.6917813,1.6917812,8.24249266617727e-08
1.114911702027717,1.7133906,1.7133906,-1.1239624120307212e-08
1.0879714564396867,1.4329785,1.4329785,1.0856628485100828e-08
1.0359330333380212,1.4694139,1.4694139,-2.3466491638757248e-08
0.9705396166969904,1.1872808,1.1872808,-2.5883483800726026e-08
1.2249752694728324,1.2197818,1.2197818,-4.359893801542114e-08
0.865081219437863,0.994115,0.9941149,9.500274655849239e-08
0.2673301292966087,1.0359203,1.0359204,-1.3766326900643833e-07
-0.5293290953305504,-0.5545186,-0.5545186,1.956329342966967e-08
-0.4700036292457356,-0.51472235,-0.51472235,2.740478510787625e-09
-0.4200712604975265,-0.46951428,-0.46951428,-5.576324402234434e-10
-0.371063681390832,-0.41868404,-0.41868404,4.460372904357968e-09
-0.3188288014486177,-0.3604603,-0.3604603,-1.1174392688939605e-08
-0.2970592342643779,-0.3466483,-0.3466483,-5.654525736531468e-09
-0.2181560098031706,-0.28632447,-0.28632447,-1.2352752709610115e-09
-0.1839228381609285,-0.252785,-0.2527851,1.027751922455522e-07
-0.1438703704197019,-0.21477124,-0.2147713,5.905036926101559e-08
-0.1346749033266016,-0.20686805,-0.20686808,2.751739502926398e-08
-0.0943106794712412,-0.18314478,-0.18314478,1.986770636897006e-09
0.3118867611485984,0.071440816,0.071440846,-3.0074401857760336e-08
0.6523251860396901,0.3831516,0.3831516,-9.175872783817596e-09
0.9741822102899328,0.68741405,0.68741417,-1.1989776615983772e-07
1.26779231703889,0.99130213,0.99130225,-1.1739349370376573e-07
1.5098385472113456,1.3052485,1.3052485,-1.0833740571314365e-09
1.759064086389913,1.6348486,1.6348485,9.466552741699275e-08
1.9700451149004377,1.9001259,1.9001259,-3.883209220845174e-08
2.1577905080908124,2.1958954,2.195895,4.3342590316797214e-07
2.168939408124128,2.210043,2.2100427,2.5349121113293904e-07
2.1939971525771464,2.2452736,2.2452736,-9.912109355525445e-09
2.21025048179125,2.270736,2.2707362,-2.2091979978711151e-07
2.2360178487219327,2.3077552,2.3077552,3.185729990917707e-08
2.250870657307367,2.323938,2.3239381,-2.0708618153619796e-07
2.272125885509337,2.3539917,2.353992,-2.5309753404201274e-07
2.286760542647074,2.376505,2.376505,-1.0192871080505483e-07
2.3026850879943788,2.3967001,2.3967001,4.3814087025140225e-08
0.2270348901692129,0.16380927,0.16380928,-1.0333328248623985e-08
0.1342407109215528,0.10801195,0.10801195,3.5326957747994214e-09
0.2159824817228414,0.17124254,0.17124255,-1.488571166330388e-08
0.1220370099286844,0.11488989,0.11488989,-4.447936463591873e-11
0.2051603317857694,0.17750913,0.17750913,-9.52606188375782e-10
0.11213589402881,0.12045287,0.12045287,3.4087943995286807e-09
0.1936474063207992,0.1846391,0.1846391,-3.73992919966426e-09
0.0983203834708457,0.1337026,0.1337026,5.962753291122169e-09
0.1828252563837272,0.18931563,0.18931565,-1.8014335634308765e-08
0.0886495260802707,0.14093801,0.140938,1.3792037956150693e-08
0.1687794873164635,0.19093901,0.19093901,-8.103942794601693e-10
0.0801299612361927,0.13263002,0.13263005,-2.9619979857731238e-08
0.1561152693049963,0.18837875,0.18837874,1.1277923595010009e-08
0.0683867772619231,0.10950607,0.109506086,-1.538613891849394e-08
0.1420695002377326,0.16652328,0.16652328,-2.2404479937954136e-09
0.0584856613620487,0.09280866,0.09280868,-2.3605518345570786e-08
0.1282539896797683,0.14130163,0.14130165,-1.8072509766486888e-08
0.0488148039714737,0.075925395,0.075925395,-1.0730744071096865e-10
0.5561339702371053,0.5057434,0.5057434,-1.5638732864253768e-08
0.3145596134199225,0.20345858,0.20345856,1.739448546311806e-08
0.0377251954239058,-0.021774009,-0.021773979,-2.9870124818032195e-08
0.5463857991645416,0.54859304,0.54859316,-1.1571899416473741e-07
0.4593217808988751,0.46233,0.46233,1.3513565044753761e-08
0.3969656700321735,0.3881451,0.3881451,-1.0850524923000648e-08
0.3763795272130678,0.3545944,0.3545944,9.465789818641213e-09
0.2102260189903564,0.11127101,0.11127101,-1.1508560215922614e-09
0.2319050569827824,0.14252076,0.14252074,1.552940367965938e-08
0.0755247910502047,-0.020104185,-0.020104215,3.0253257753132257e-08
0.1070590722934077,0.050415978,0.050415978,-1.6434478777860306e-10
0.0573250666192693,-0.016210645,-0.016210675,2.9562759400192373e-08
-0.0271705040973297,-0.16872904,-0.16872904,2.9535675016845175e-09
-0.0140989243795016,-0.13152051,-0.13152054,3.028015135853046e-08
-0.0565703514883943,-0.1925112,-0.1925112,-9.048461979688227e-10
-0.1031558121661332,-0.25554717,-0.25554717,4.129333486257991e-09
-0.1187835359899669,-0.27195334,-0.27195328,-6.434509275399236e-08
-0.1492075140260141,-0.30992684,-0.3099269,6.231727600614079e-08
-0.1427163022015952,-0.2876258,-0.28762573,-5.964233396049679e-08
-0.1839765489302242,-0.33454266,-0.33454254,-1.2190528869693296e-07
-0.1613431504087629,-0.32421485,-0.32421485,4.104232786961148e-09
-0.1952592158858951,-0.3556783,-0.35567835,5.987129209072961e-08
-0.176737178500054,-0.3383461,-0.3383461,6.10694883551588e-09
-0.1779312084926617,-0.33124933,-0.3312494,7.353248598906958e-08
-0.1959499914137933,-0.33656463,-0.3365645,-1.3027000428378344e-07
-0.1755445725149309,-0.28879392,-0.28879398,5.8529357915837465e-08
-1.1157176068102648,-1.1253182,-1.1253183,1.304061889584318e-07
-1.0886667523808908,-1.11451,-1.11451,-5.935668956347229e-08
-0.9819055226488308,-1.0020903,-1.0020903,-3.489227284880769e-08
-1.0129071824080809,-0.9990634,-0.9990635,1.2738800048150978e-07
-0.8816385721002289,-0.9091939,-0.909194,1.265945434036908e-07
-0.88557422676551,-0.88998055,-0.8899803,-2.5458068853012605e-07
-0.754217387259581,-0.8016138,-0.8016138,-7.678222613272112e-09
-0.7691785503146611,-0.8006922,-0.8006922,-6.607056013407941e-10
-0.653619853840485,-0.7355908,-0.7355908,-1.5544128428857107e-08
-0.6638352823101834,-0.7284559,-0.7284558,-1.0114593507193348e-07
-0.5540085541449543,-0.6311282,-0.6311282,8.05206301635053e-09
-0.5674720961683826,-0.6212115,-0.6212115,-2.8778076144320153e-08
-0.4658477421200724,-0.54277945,-0.54277945,4.351806692781679e-09
-0.4665037398405937,-0.5126847,-0.5126847,-2.873229987265802e-09
-0.3624268936372628,-0.413591,-0.413591,2.5424957139641435e-09
-0.3402224757354114,-0.40424082,-0.40424082,3.1684112555829813e-09
-0.2898112709202474,-0.354135,-0.354135,-6.666183494097311e-09
-0.2559323330862882,-0.32260564,-0.32260558,-5.969612121292656e-08
-0.5226662703607164,-0.561494,-0.561494,7.194519091591189e-09
-0.5132462172283728,-0.56244385,-0.56244385,-2.4246216145940025e-09
-0.5088713055516841,-0.5745528,-0.5745528,2.5570678685582493e-08
-0.5012661027343802,-0.5708859,-0.570886,1.0331726074674918e-07
-0.4865362301496418,-0.5387963,-0.5387963,-5.656433099687774e-09
-0.4632311524381338,-0.53190434,-0.5319042,-1.3979034418909464e-07
-0.450155385680336,-0.47586265,-0.4758626,-5.206336972651826e-08
-0.4272239355528264,-0.4705077,-0.4705077,-1.1172103908663189e-08
-0.4082483369878443,-0.3990158,-0.39901575,-6.406593322516585e-08
-0.5203842310166544,-0.52165854,-0.52165854,2.2796631249377697e-10
-0.3849758073614653,-0.39499757,-0.3949975,-6.693840026716913e-08
-0.3612756010907658,-0.34878632,-0.34878632,-4.262619035522164e-09
-0.3405785974041111,-0.34562507,-0.34562507,-2.7176666472783495e-09
-0.2989849951583538,-0.3088509,-0.3088509,-1.4239883439071122e-08
-0.3138423481750885,-0.3082185,-0.3082185,-8.958816521964508e-09
-0.2538040545730173,-0.28346053,-0.28346047,-5.7658462504495134e-08
-0.2670998707873093,-0.28293458,-0.28293452,-5.6272964454873176e-08
-0.2201271348902308,-0.26064736,-0.26064736,3.489837641090787e-09
-0.2068450258259044,-0.25758564,-0.25758564,-4.721984858679917e-09
-0.4292018613340901,-0.42689648,-0.42689648,-2.70606992369693e-09
-0.2795338302894771,-0.26343387,-0.26343384,-3.365341189054405e-08
-0.349290428142424,-0.34814385,-0.3481439,5.42034149231263e-08
-0.405254976366952,-0.42618033,-0.4261804,6.710090638684107e-08
-0.2571987548874349,-0.22933519,-0.22933525,6.11343383694063e-08
-0.3815383499091134,-0.42037866,-0.4203787,4.48047637879867e-08
-0.2346334209760933,-0.2040093,-0.2040093,5.490112309214368e-09
-0.3000575416572438,-0.27192664,-0.27192658,-6.146423342512364e-08
-0.3573612064326759,-0.40934822,-0.40934816,-5.963310240053588e-08
-0.211147053027554,-0.17134422,-0.17134422,-6.382751549516286e-10
-0.3341050969934361,-0.39716312,-0.39716306,-6.2892379748547e-08
-0.2605944063906894,-0.25064743,-0.25064743,4.34844971142212e-09
-0.1876606850790147,-0.14334846,-0.14334843,-2.5429077149530244e-08
-0.3108489875541962,-0.36703774,-0.36703786,1.1666999816251078e-07
-0.1632532830932778,-0.15249339,-0.15249339,2.5392913882704704e-09
-0.2309108588975219,-0.251989,-0.25198895,-5.6996154795818654e-08
-0.2878231366242557,-0.3418509,-0.3418509,-6.610488878511234e-09
-0.1381551055796427,-0.15533218,-0.15533215,-2.7877426145295203e-08
-0.2650275442036147,-0.32016072,-0.32016072,3.2279205419705193e-09
-0.1932997411475933,-0.23462313,-0.23462307,-6.413619996203934e-08
-0.1125964110474088,-0.13430464,-0.13430458,-6.267730712217201e-08
-0.2433832443294706,-0.296307,-0.29630694,-5.7537612896396695e-08
-0.6191651315060989,-0.6592107,-0.6592107,1.8084716835176096e-08
-0.6112065190055096,-0.65053046,-0.65053034,-1.1749664308169372e-07
-0.6758087247937524,-0.71450686,-0.71450686,-4.54772952629412e-09
-0.5759594202136471,-0.62031114,-0.62031114,-1.0140991379969932e-09
-0.5581466265417567,-0.6133579,-0.6133578,-1.0157318119929926e-07
-0.6216979751083924,-0.6774926,-0.6774926,-1.8560791015254097e-08
-0.5063384619493907,-0.56583047,-0.56583047,8.685302477218215e-10
-0.5116849708989928,-0.5627115,-0.5627115,2.272033694517006e-08
-0.5602189531254513,-0.6290518,-0.6290518,-4.542541454100046e-09
-0.4602622919529725,-0.5147507,-0.5147506,-1.190704346232252e-07
-0.4579841749965157,-0.5167862,-0.51678634,1.2231048585054083e-07
-0.5063384619493907,-0.5754285,-0.5754286,1.1412963862866832e-07
-0.3990379966158682,-0.46447936,-0.4644793,-5.700416566556399e-08
-0.3842325254503553,-0.43919715,-0.43919715,-2.8530121043424117e-09
-0.4605170185988092,-0.52003205,-0.52003205,1.7745971359062196e-09
-0.3633479276744604,-0.4166272,-0.41662726,6.154228210375479e-08
-0.3528960601793314,-0.40947434,-0.40947434,-3.061447151342378e-09
-0.404103683820455,-0.46720377,-0.46720377,3.892440814112774e-09
-0.3090676402975517,-0.36960748,-0.36960742,-5.838020322723736e-08
-0.3014083886729206,-0.37058774,-0.37058774,3.6318206775298734e-09
-0.3562099138861789,-0.41973874,-0.4197388,6.027107241068919e-08
-0.2662918829930096,-0.33246723,-0.33246717,-5.8174209616179695e-08
-0.2479884145154587,-0.32788923,-0.32788917,-6.382759093481738e-08
-0.2970334769962319,-0.3722435,-0.37224355,5.620460508115599e-08
-0.2300020914220197,-0.29902568,-0.29902568,-4.595108016314242e-09
-0.2003249030904819,-0.28334796,-0.28334802,5.57131957790169e-08
0.2162127402321409,0.26610348,0.26610348,-3.714065555104895e-09
0.5491665446790799,0.5488591,0.5488591,1.9415283158963348e-08
0.3315722533911426,0.33900917,0.33900917,-4.236145045855011e-09
0.0877284920430731,0.12152388,0.12152388,-5.315589912679997e-10
0.3948933434484789,0.45188266,0.45188266,3.889465416406779e-10
0.1934171478114998,0.24525172,0.24525172,-4.816741949742465e-09
-0.0264797285694315,-0.02844511,-0.02844511,2.750015250241322e-10
0.2726260750104951,0.33642936,0.33642936,-2.4713134871845455e-09
0.0771366006153005,0.11392687,0.11392687,2.611045837874748e-09
-0.1287145066983671,-0.13711491,-0.13711494,2.77285003569272e-08
0.1630230245839784,0.23803173,0.23803173,5.5809024068764757e-11
-0.0211837828555452,0.017269418,0.017269418,-3.5645294355068913e-10
-0.2164429987414403,-0.22966659,-0.22966653,-6.069061278535237e-08
0.0725314304293124,0.14176811,0.14176811,2.778663632518885e-09
-0.0955572813592529,-0.092262864,-0.092262834,-3.0112854002006806e-08
-0.2905862387358486,-0.2746417,-0.27464175,5.7361602801009326e-08
-0.0039143946580898,0.069231465,0.069231465,4.588699281660169e-10
-0.1579573373793915,-0.15338457,-0.15338457,3.692932126764248e-09
-0.3469995735142027,-0.32078162,-0.32078162,1.643295277631296e-09
-0.0681565187526237,-0.012048289,-0.012048319,2.98201980591245e-08
-0.213449638120548,-0.19141355,-0.19141355,-1.5689849974798165e-09
-0.3884461051880955,-0.38175002,-0.38175002,2.5954437488096005e-09
-0.1162805471961993,-0.0998857,-0.0998857,-2.1331787170009164e-09
-0.2571987548874349,-0.25268212,-0.25268206,-5.960792542891724e-08
-0.4158468677947247,-0.47401217,-0.47401217,3.738327036817424e-09
-0.1494377725353135,-0.16408494,-0.16408497,2.8851242062089e-08
-0.2845995174940641,-0.3174241,-0.31742397,-1.1871650695827185e-07
0.6076522060411288,0.6419306,0.6419306,-1.986083986160736e-08
0.4160771263040241,0.40482077,0.4048208,-2.997474668475775e-08
0.1376945885610439,0.17179045,0.17179045,8.113860971992182e-10
0.4637406377290008,0.49387157,0.4938716,-3.036651613497199e-08
0.2935795993567409,0.28772986,0.28772986,-6.478881875437992e-10
0.0232561094392398,0.023933753,0.023933724,2.9371238708525427e-08
0.3350261310306336,0.3594029,0.3594029,-5.026245142314423e-09
0.1802924127814338,0.14204344,0.14204344,1.534042365358701e-09
-0.0780576346524981,-0.09414932,-0.09414935,2.868232727715192e-08
0.2235810125297218,0.2659293,0.26592928,3.1513900766722e-08
0.0782878931617975,0.03238626,0.03238626,-1.7554855347157172e-09
-0.1646348341490742,-0.19833156,-0.19833156,-4.664840708157314e-09
0.13147760880996,0.1663128,0.1663128,-1.142311106816507e-09
-0.0112826669556708,-0.09030634,-0.09030631,-3.164810180589228e-08
-0.2392385911620813,-0.2561417,-0.25614163,-6.239997862866886e-08
0.0488148039714737,0.068847,0.068847,5.989074652879012e-10
-0.0872679750244743,-0.1540207,-0.1540207,3.1215667828377036e-09
-0.3007176131450224,-0.31112078,-0.31112066,-1.1832221985530467e-07
-0.0181904222346529,-0.020772174,-0.020772174,-7.400503820864657e-13
-0.1540429427213016,-0.20398751,-0.20398748,-2.90122222912359e-08
-0.3539073287931848,-0.39537153,-0.3953716,7.352027892038038e-08
-0.0771366006153005,-0.111507,-0.11150703,3.14610290458317e-08
-0.2072326583694641,-0.26574677,-0.26574674,-3.2289276141739265e-08
-0.3948933434484789,-0.4811906,-0.48119053,-6.205055236296886e-08
-0.122958043965882,-0.17668521,-0.17668524,2.595733641919118e-08
-0.2512120336456504,-0.3284599,-0.32845983,-5.869667052404992e-08
-0.3885452689970106,-0.417071,-0.41707107,5.535728453409661e-08
-0.3960446359949758,-0.4184942,-0.4184942,5.253982526820522e-09
-0.3670320638232509,-0.39766732,-0.39766732,1.4174652007703514e-09
-0.3604968817329414,-0.39478198,-0.39478198,3.0617522961406962e-09
-0.3374746458495113,-0.37540457,-0.37540463,6.347358705305339e-08
-0.3288091512795498,-0.37682888,-0.37682894,6.08820343028782e-08
-0.3067043343868069,-0.3567116,-0.3567116,3.749465959934639e-09
-0.3106783106990589,-0.35483882,-0.35483882,1.6883087150532106e-09
-0.2813758983638724,-0.33769062,-0.33769062,-1.614456179854784e-09
-0.2835210986560564,-0.33372596,-0.33372584,-1.1906257629812345e-07
-0.2631001183415566,-0.31793502,-0.31793508,6.026847837459215e-08
-0.2528238432107462,-0.31866214,-0.31866214,3.2068633859516638e-09
-0.2433832443294706,-0.2995791,-0.2995791,-1.3721847547110144e-08
-0.2351745463686616,-0.29658535,-0.29658535,-1.2287139639077793e-09
-0.2146671764977607,-0.2795927,-0.2795927,7.14797976364423e-09
-0.2125286040833504,-0.2798854,-0.2798854,-1.1262512200627128e-08
-0.193588039854779,-0.25951427,-0.25951427,-2.212982186389212e-09
-0.1752267255768469,-0.25758308,-0.25758308,-1.7222595016797015e-09
0.5259112611840315,0.4601027,0.4601027,7.147598291012969e-09
0.3117700215913938,0.17079797,0.17079797,3.87123108569476e-09
0.8997547632340556,0.7723329,0.7723329,6.72302247206602e-09
0.6345924516291591,0.43191484,0.4319148,3.6168289196947256e-08
1.2160989841237766,1.021036,1.0210361,-7.113800037927831e-08
0.897547669249079,0.7401861,0.7401861,-4.762268024371963e-09
1.4692558818342378,1.3993304,1.3993304,-2.2421264622707326e-08
1.11767480413931,1.0149904,1.0149904,4.8951721121071046e-08
1.6839886436983966,1.6526487,1.6526487,-1.2637329183107227e-08
1.306717040274121,1.2619888,1.2619888,-4.0959167391108053e-08
1.8731858345902503,1.9016649,1.901665,-1.4690399163796997e-07
1.474575493553387,1.4792502,1.4792502,-7.3577881565256575e-09
2.039530590366995,2.077738,2.0777383,-2.5335388187386343e-07
1.625394817144497,1.6287853,1.6287853,-4.742889414544038e-08
2.192435349493058,2.216078,2.216078,4.298400879676478e-08
1.7640104397427383,1.7646738,1.7646737,1.2907867441569465e-07
2.324150870908606,2.3228927,2.3228927,-3.413696303411484e-08
1.8922644294225068,1.8782107,1.8782104,2.6379547124477654e-07
0.4687528473440829,0.2587008,0.2587008,-1.1978912362042848e-08
0.4006498061809639,0.2752661,0.2752661,1.0897064195436457e-08
0.6280751838162305,0.4005936,0.4005936,8.6177825986411e-09
0.7875478559814296,0.53960335,0.53960335,2.5466918573968655e-09
0.7172552564676453,0.52952677,0.5295268,-2.988510128254518e-08
0.9928813340358676,0.69702107,0.69702107,-2.857513448084603e-09
1.0168215770661706,0.7840235,0.7840235,2.3330688492251284e-08
1.293081979397712,1.0417864,1.0417864,3.2266235461264614e-08
1.2772439510837972,1.1014757,1.1014757,1.5637207084751026e-08
1.507183678395344,1.2349068,1.2349068,-7.359314047050702e-09
1.5164825422458783,1.3074442,1.3074442,1.4820861871100988e-08
1.799562281291076,1.4379573,1.4379573,-1.3165283307969844e-08
1.728320370801331,1.4769905,1.4769903,1.613494873264898e-07
1.995380354053401,1.6537663,1.6537664,-1.2554779060813814e-07
1.907231232526968,1.7739667,1.7739666,7.003631585789094e-08
2.1771352422766297,2.08661,2.08661,7.88116456540422e-08
2.238792959906266,2.2001455,2.2001455,-1.6983032313788726e-08
2.0460771136345093,2.008626,2.0086257,2.8419189446182713e-07
2.294653722667765,2.3022556,2.3022554,2.3049316411061227e-07
2.3380487572696147,2.3839126,2.3839126,-3.667602532786418e-08
2.140022585428666,2.1523232,2.1523232,4.6002197162664515e-08
2.3607596570451177,2.4404218,2.440422,-1.8031311022070895e-07
2.394069783116224,2.4422364,2.4422362,2.2349243167241184e-07
-0.8489631237869047,-0.587486,-0.587486,-2.8671264695745435e-08
-0.7101172426793638,-0.5737934,-0.5737934,-1.1254882803513055e-08
-0.405254976366952,0.13956775,0.13956775,-2.287864675487583e-09
-0.1913448212278052,0.12518749,0.12518747,1.641014099607041e-08
0.0156575786323595,0.63349247,0.6334925,-3.021240235767664e-08
0.2597315984897284,0.60784936,0.60784936,-4.876709036594207e-10
0.4151560922668264,1.0092989,1.0092989,2.063140858155066e-08
0.5866986816948829,0.98436606,0.98436606,-6.967163512783259e-10
0.7849512582016702,1.2646892,1.2646893,-9.292297353802326e-08
0.9000805128513726,1.24557,1.24557,-5.561828619882192e-08
1.1517530635156217,1.4308083,1.4308084,-9.425964364595529e-08
1.160502886868999,1.3798738,1.3798739,-1.4740600584595143e-07
1.462602051069818,1.5934395,1.5934395,-4.0199279682795463e-08
1.4522404181513449,1.554257,1.554257,3.52554321292331e-08
1.7534185483149658,1.7804018,1.7804017,1.2590484610441877e-07
1.6709860019857792,1.7446722,1.7446722,-2.0777892961731936e-08
1.9991043777374309,1.9805386,1.9805386,6.643676719875202e-09
1.8819027965040336,1.9215981,1.9215983,-2.231796265572683e-07
0.2443042783666682,0.14432243,0.14432244,-1.4872970577339828e-08
1.347012279401517,1.3271366,1.3271366,3.578033447304563e-08
1.8231868766326853,1.5887978,1.5887977,1.0769348146588698e-07
1.412866213061147,1.5361794,1.5361794,2.333221438277633e-08
1.8109831756398167,1.918267,1.918267,1.1642456110294575e-08
1.3025723871067316,1.4607027,1.4607025,1.576995849461582e-07
1.653256096769725,2.0490124,2.0490124,2.2561645440788425e-08
1.200798125996395,1.4441222,1.4441223,-1.047561646316808e-07
1.5169430592644777,1.926406,1.926406,2.5886535581776116e-08
1.1227404913438968,1.2816814,1.2816814,1.841888419562565e-08
1.4144780226262423,1.6180238,1.6180238,-4.6833801281565e-08
1.0617219863795546,1.1778975,1.1778975,-4.669189457295886e-08
1.336190129464445,1.4472507,1.4472506,1.2383880609867504e-07
1.008992787749991,1.0639007,1.0639007,9.152221647212855e-09
1.2806978287232884,1.3696513,1.3696513,1.759643564192004e-08
0.9746842698643796,0.9911213,0.9911213,-7.885742170365972e-09
1.235567160900605,1.2671642,1.2671642,3.034667961365756e-08
0.9491255753321456,0.9330387,0.9330387,1.154785156387561e-08
1.2113900174241676,1.1921482,1.1921483,-9.138183587609205e-08
-0.0172693881974553,-0.004353732,-0.004353732,1.2934875479736485e-10
0.1593388884351879,0.1147627,0.1147627,1.094150547942263e-09
0.3288091512795498,0.28934863,0.28934863,2.097244267140752e-09
0.0080590478254791,0.0074609816,0.0074609816,7.437133374421645e-12
0.1931868893022004,0.16449898,0.16449898,4.813690196447951e-09
0.3668018053139515,0.35247207,0.35247207,-3.1207275652533895e-09
0.040986014655294,0.050766647,0.050766647,-1.3796996878312484e-10
0.2369360060690873,0.22201706,0.22201706,4.690589916478416e-09
0.414925833757527,0.3991935,0.3991935,-4.487991311918904e-09
0.0863469409872767,0.11544085,0.11544087,-1.7059917450934492e-08
0.2905862387358486,0.26062536,0.26062536,2.3962402617705436e-09
0.4754838217032704,0.46029374,0.46029374,3.410338678122571e-11
0.1395366566354391,0.2036847,0.2036847,2.5156021155048336e-09
0.352295519228089,0.32530606,0.32530606,-2.070007332211077e-09
0.5445613744930918,0.52528614,0.5252862,-6.194229129619089e-08
0.2021669711648772,0.3121981,0.31219807,3.2474212652289225e-08
0.422294106055108,0.4149636,0.41496357,3.3019714351656404e-08
0.6274544378408775,0.6108792,0.6108792,-1.7184448197760105e-08
0.2749286601034891,0.42401874,0.42401874,6.539916941328272e-10
0.5033451013284984,0.49074844,0.4907484,3.525886538291445e-08
0.7174855149769447,0.73401606,0.73401594,1.2082916256428433e-07
0.3598940500349694,0.52912116,0.52912116,5.072021691532314e-10
0.5979813486505536,0.58141506,0.58141506,-2.8176879718344594e-09
0.8231741707453714,0.87084115,0.87084126,-1.1448455805584956e-07
0.4568328824500187,0.60798895,0.60798895,3.5903930939440443e-09
0.7091962086421661,0.7242322,0.7242322,-3.192138664509514e-09
0.9433691125996606,1.0052592,1.0052592,-4.377288820300862e-08
0.5111738906446782,0.49387234,0.49387234,4.493865946031406e-09
0.6893939768424173,0.7223408,0.7223407,1.2221984868610036e-07
0.3184475183610765,0.43731496,0.43731496,-2.619705175010978e-09
0.5095620810795823,0.48946434,0.48946437,-2.7405853253448242e-08
0.6877821672773216,0.71285963,0.71285975,-1.1941528321735007e-07
0.32098036196337,0.4176209,0.4176209,-2.7069091967923953e-09
0.5153185438120674,0.48949143,0.4894914,3.290519712262352e-08
0.6995253512515912,0.71039927,0.7103994,-1.2994232179153187e-07
0.3297301853167473,0.42617136,0.42617136,2.4000549325720044e-09
0.5295945713886305,0.48115897,0.481159,-2.8213500979923367e-08
0.7179460319955435,0.71831274,0.71831274,3.2592772924999736e-10
0.3469995735142027,0.43327406,0.43327403,3.048774721570169e-08
0.5498573202069782,0.49963346,0.49963343,3.1236953745850116e-08
0.745577053111472,0.76016605,0.76016605,-9.963989633376968e-10
0.3723280095371372,0.49983495,0.49983495,4.738616943278373e-09
0.5795606679066013,0.54380846,0.54380846,2.355956540966986e-10
0.7844907411830715,0.8062954,0.8062954,-5.102539057944e-09
0.405254976366952,0.56304693,0.56304693,2.220459038859701e-09
0.6198559070339972,0.59236467,0.59236467,-1.1538696664814552e-09
0.8374501983219346,0.88021624,0.88021624,8.828735520438613e-10
0.4496948686617372,0.6126589,0.61265886,5.790390011917168e-08
0.6753482077751537,0.68746006,0.68746006,4.8880004488438544e-09
0.8982384447769773,0.96332395,0.96332395,7.675170499155115e-10
0.5063384619493907,0.65723944,0.65723944,-2.896728523715808e-09
0.7476493796951666,0.75140643,0.75140643,1.1981201586408474e-09
-0.6200861655432965,-0.6774306,-0.67743075,1.2026977536105932e-07
-0.5176211289050615,-0.5692375,-0.56923735,-1.2062683107938454e-07
-0.6730456226821596,-0.6984621,-0.6984621,-2.86392212167641e-08
-0.4909111418263306,-0.578835,-0.5788351,8.947143559367987e-08
-0.3734793020836343,-0.4245678,-0.42456773,-5.883934023342974e-08
-0.5434100819465948,-0.5513787,-0.5513787,-2.695922851625454e-08
-0.352295519228089,-0.40288112,-0.40288118,6.43250274712237e-08
-0.2238112710390212,-0.27200666,-0.27200666,-6.99844349139056e-10
-0.4105509220808384,-0.37368992,-0.3736898,-1.1971015928535778e-07
-0.2033182637113742,-0.24060509,-0.24060509,3.9118194516962745e-09
-0.0628605730387374,-0.11844072,-0.11844078,6.254127501992279e-08
-0.2689419388617046,-0.2182841,-0.2182841,-2.9411315050076325e-10
-0.050656872045869,-0.08329439,-0.08329442,2.8367919915894824e-08
0.0983203834708457,0.003131479,0.0031314492,2.9824887084767965e-08
-0.1199646833449897,-0.09589568,-0.09589571,3.219505309570714e-08
0.1089122748986183,0.08987133,0.08987133,2.049369812739954e-09
0.2772312451964831,0.14930496,0.14930497,-1.3802261361606227e-08
0.0361505859600065,0.085983,0.085983,6.957054099476778e-10
0.2742378845755908,0.26263946,0.26263946,2.9478454677267507e-09
0.4662734813312943,0.33180156,0.33180156,3.501358036839264e-09
0.1977920594881885,0.29562116,0.29562116,-3.3074951111267126e-09
0.4483133176059408,0.41326225,0.41326225,-1.9607543921829063e-09
0.6573880440498,0.49348047,0.49348044,3.375679014094857e-08
0.3644992202209574,0.45766363,0.45766366,-3.452125552083629e-08
0.5318971564816246,0.6065488,0.6065488,-1.3836669920941347e-08
-1.0660968980562433,-1.0759408,-1.0759408,-4.7396850666459045e-08
-1.1022474840162495,-1.1403384,-1.1403383,-1.2086791989496248e-07
-0.8478942636002487,-0.8046168,-0.8046169,9.110870358153278e-08
-0.8777454374493303,-0.8918005,-0.89180064,1.1719573977941877e-07
-0.9332377381904868,-0.95945776,-0.9594575,-2.550888061891854e-07
-0.7393600733603881,-0.875396,-0.875396,-1.3259887743366505e-08
-0.8811993150888213,-0.88732755,-0.88732755,-1.8417358749189816e-09
-0.7094264671514655,-0.72862566,-0.72862566,4.825744581715696e-09
-0.775740917829694,-0.77457285,-0.77457285,7.263183388062089e-10
-0.5906130763529728,-0.5880501,-0.58805,-1.270294189836818e-07
-0.5528506808278705,-0.59845746,-0.59845746,4.364929195865841e-09
-0.6187046144875001,-0.60813427,-0.60813427,2.8564450804680064e-10
-0.4418660793455574,-0.46699944,-0.46699944,-1.3852691771454317e-09
-0.4543000388477252,-0.4752449,-0.4752449,-9.524917576886338e-09
-0.4038734253111556,-0.4749004,-0.47490045,5.532188412926686e-08
-0.4759443387218692,-0.47679892,-0.47679886,-6.182350159589234e-08
-0.3593411396532396,-0.39796343,-0.39796343,-4.457778923772082e-09
-0.293119082338142,-0.33073583,-0.33073583,-2.4527740394297837e-09
-0.2636459931478183,-0.36670205,-0.366702,-4.997062685863085e-08
-0.3417036278003164,-0.3816506,-0.38165066,6.314292905207353e-08
-0.1443720853307266,-0.14292324,-0.14292324,4.106750495225242e-09
-0.1372340715424451,-0.20530239,-0.20530239,2.5240325940423247e-09
-0.2072326583694641,-0.27268365,-0.27268365,-2.5520324742345224e-10
-0.1040768462033308,-0.17443064,-0.17443064,1.4482879617805366e-09
0.0533304756240507,0.0724532,0.0724532,8.171081589125606e-10
-0.0174996467067547,-0.047500998,-0.047500968,-2.9781753542457157e-08
-0.0884192675709713,-0.13594413,-0.13594416,3.1963500984888427e-08
0.0999321930359416,0.07305531,0.07305531,2.037467958238004e-09
0.0246376604950362,0.0066326708,0.0066326708,-3.9845275516536827e-11
0.2707840069360998,0.45117956,0.45117956,3.999176045876851e-09
0.4471620250594437,0.45470393,0.45470393,-2.959899880750072e-09
0.3603545670535681,0.4241552,0.4241552,5.488204946058062e-09
0.3633479276744604,0.4064467,0.4064467,-4.672241205039285e-09
0.2850600345126629,0.33035097,0.33035097,-4.738540670956581e-09
0.2928888238288427,0.3133858,0.3133858,1.4428329475624224e-08
0.2221994614739254,0.26435998,0.26435998,8.216095026547521e-10
0.235093937994692,0.25254238,0.25254238,-3.4817504990236614e-09
0.1759175011047451,0.21020077,0.21020077,1.6894149690305227e-09
0.1904237871906076,0.202071,0.20207098,1.616527556258518e-08
0.141148466200535,0.17854702,0.17854701,1.4726867669789812e-08
0.1574968203607927,0.17306188,0.17306185,2.748908997651789e-08
0.1238790780030796,0.15060106,0.15060107,-1.080162048694433e-08
0.1372340715424451,0.14530179,0.14530179,-9.54666123931247e-10
0.114438479121804,0.111419834,0.11141983,4.196567537917417e-09
0.1275632141518701,0.106748015,0.106748015,-3.1150818036174144e-10
0.1137477035939058,0.086132474,0.086132474,2.436408991224326e-10
0.1261816630960737,0.081103325,0.08110335,-2.510986328585485e-08
0.30163864718222,0.20290501,0.20290501,4.157295230289293e-09
0.5148580267934686,0.44119045,0.44119045,1.3835906864656522e-09
0.2956519259404355,0.1166867,0.11668673,-2.8225402834425317e-08
0.4791679578520609,0.4104165,0.4104165,1.3681411725752213e-08
0.2553566868130397,0.09833268,0.098332696,-1.5238185879784538e-08
0.4257479836945991,0.40810847,0.40810847,2.824096678732957e-09
0.2030880052020748,0.14621848,0.14621846,1.8679656987874438e-08
0.3691043904069455,0.39121535,0.39121535,4.2041778391954665e-09
0.1524311331562058,0.12887233,0.12887232,1.495712279031558e-08
0.3168357087959807,0.34846276,0.34846276,4.484558280282158e-10
0.102465036638235,0.07567915,0.07567915,3.2039642328118845e-09
0.2712445239546986,0.27733803,0.27733803,-2.045898450653283e-09
0.0573343688155517,0.01576066,0.01576066,1.715087898090939e-10
0.2302585092994046,0.20429623,0.20429623,1.2698364304508658e-09
0.0099011158998743,-0.014915228,-0.014915228,1.0998535242279228e-10
0.1899632701720087,0.13415699,0.13415696,2.70710373007077e-08
-0.0412162731645934,-0.020977125,-0.02097717,4.542819976791068e-08
0.1487469970074153,0.09659393,0.096593924,7.317329409062268e-09
-0.4437081474199527,-0.43246183,-0.43246177,-5.7993392921229514e-08
-0.4568328824500187,-0.47698542,-0.47698542,-4.7570037908784e-09
-0.3997287721437664,-0.51817536,-0.51817536,-3.5406494403034117e-09
-0.0713801378828154,-0.21274358,-0.21274358,-3.4133912363287777e-10
-0.2516725506642492,-0.27032107,-0.27032107,-1.1479187045360106e-09
-0.1671676777513677,-0.2972407,-0.29724064,-6.429801940877056e-08
0.0610185049643422,-0.039441988,-0.039441988,1.2787627901023058e-10
-0.0230258509299404,-0.10558385,-0.10558385,3.4309387275666126e-09
0.0412162731645934,-0.13314497,-0.13314494,-3.470855713949561e-08
0.1768385351419427,0.14185496,0.14185496,-3.2538986227681477e-09
0.1890422361348112,0.066674724,0.066674665,5.922122955914766e-08
0.2203573933995301,0.044153795,0.044153854,-5.935373687676604e-08
0.3163751917773819,0.36539114,0.36539114,-4.7842407258080755e-09
0.3520652607187896,0.23326907,0.23326905,1.5618515009085954e-08
0.3647294787302569,0.19970489,0.1997049,-1.4517211904818694e-08
0.4694971004614859,0.5185803,0.5185803,1.749725342392594e-08
0.4874572641868395,0.40146986,0.40146986,-3.499374401361166e-09
0.4863059716403425,0.37443715,0.37443715,3.339385989953314e-09
0.5972905731226555,0.52432436,0.52432436,-2.490387007725303e-09
0.5880802327506793,0.4767079,0.4767079,5.530929547692409e-09
0.6965319906306988,0.66795534,0.6679554,-6.104507443982499e-08
0.6820257045448365,0.62696,0.6269599,7.953414915551349e-08
0.7964641836666404,0.8164525,0.8164525,3.20434567768757e-09
0.776892210376191,0.7805257,0.7805257,-1.5643310535828903e-08
0.5558440414487626,0.42796636,0.42796636,-3.722534169803282e-09
0.5563045584673615,0.40435618,0.40435618,1.621551504182861e-09
0.548015252132583,0.51137424,0.51137424,-4.846801737734552e-09
0.5438705989651936,0.48377067,0.48377067,-1.4933776992798187e-09
0.5639030892742418,0.50936604,0.50936604,-4.538574183143851e-09
0.5422587894000978,0.4917656,0.4917656,-1.1478042627466323e-08
0.5896920423157751,0.5262408,0.5262408,2.56530762188234e-08
0.5549230074115651,0.51928174,0.51928174,4.956970167668828e-09
0.6244610772199852,0.5734328,0.5734328,3.153991734450301e-09
0.5774883413229067,0.55644983,0.5564498,3.053207398018287e-08
0.660151146161393,0.63943446,0.63943446,-3.174743690159687e-09
0.5977510901412543,0.61865747,0.61865747,-2.505493590376773e-10
0.6923873374633096,0.6758846,0.6758845,1.0445404052816798e-07
0.621467716599093,0.6639999,0.66399986,5.5122985842537275e-08
0.7299194744791125,0.71762574,0.71762574,-2.8097534299220683e-09
0.6557762344847042,0.700443,0.7004431,-7.05963134617349e-08
0.7720567816809035,0.7597053,0.7597053,5.09948727689391e-09
0.6845585481471299,0.74071515,0.74071515,-3.935241688068913e-09
-0.3955841189763771,-0.43744096,-0.43744096,-1.5993499857813731e-09
-0.5767975657950085,-0.6119517,-0.6119518,9.120635990900183e-08
-0.3685117675409149,-0.41321698,-0.41321704,6.16884612836266e-08
-0.2221994614739254,-0.30754635,-0.3075463,-4.737968445356344e-08
-0.412623248664533,-0.46075687,-0.46075693,6.187599183027359e-08
-0.0858864239686779,-0.12699601,-0.12699604,2.9458084110922655e-08
-0.2595013399804289,-0.34070125,-0.34070125,-2.2220611461953865e-09
0.0550317837225577,0.05371724,0.05371727,-2.9308814999962074e-08
-0.1165108057054987,-0.19520387,-0.19520387,-5.348968490359596e-10
0.2106865360089552,0.18681948,0.18681948,-1.130561838591504e-09
0.1081002387168262,0.1056,0.1056,-5.72204589266434e-10
0.0165786126695571,-0.06494811,-0.06494811,-1.77253722810633e-09
0.3610453425814663,0.33873743,0.33873743,-1.8116760314157432e-09
0.143451051293529,0.0838604,0.0838604,-2.6611328141079582e-09
0.4927532099007258,0.4763029,0.4763029,-8.030319187390944e-09
0.2643367686757165,0.21171954,0.21171954,2.7417755010805678e-09
0.615250736848009,0.62060255,0.62060255,-1.8775939691906274e-09
0.491877976694033,0.45589596,0.45589596,3.3096314577818475e-10
0.380156798853317,0.3291976,0.3291976,-1.44172668248288e-08
0.7280774064047173,0.73793495,0.73793495,-2.9861449979406984e-09
0.4904506248077317,0.440822,0.440822,5.271911629467496e-09
0.2332518699202968,0.3014918,0.30149177,2.6970367439371756e-08
0.5781791168508049,0.6662215,0.6662215,-5.56945822793864e-10
0.2033182637113742,0.30595368,0.30595368,1.4689636174125553e-09
0.3697951659348437,0.44796234,0.44796234,3.692779526609513e-09
0.5348905171025169,0.6906979,0.6906979,8.401489282050534e-09
0.182134480855829,0.29578605,0.29578605,2.9422759784125674e-09
0.3532165532652866,0.38783634,0.38783634,-2.910461427418909e-09
0.5187724214515586,0.6456293,0.6456293,-1.3233947715463046e-08
0.172463623465254,0.32380712,0.32380712,3.231811485093772e-10
0.3472298320235021,0.38884205,0.38884205,-3.739166254401738e-09
0.5141672512655704,0.651544,0.651544,-2.512359620343574e-08
0.1720031064466552,0.33065698,0.33065698,-4.492263783184569e-09
0.3527560362466878,0.39172918,0.3917292,-2.395553588829813e-08
0.5219960405817502,0.6496786,0.6496786,-1.208648681139124e-08
0.1816739638372302,0.31580633,0.31580633,-7.496643306126316e-10
0.3674925808418497,0.4072644,0.40726435,6.144943237584855e-08
0.5353510341211157,0.6313391,0.6313391,-2.6818847698173442e-08
0.2012459371276796,0.3087495,0.3087495,-3.0632019143439493e-09
0.3937420509019819,0.4108214,0.4108214,8.033370968441034e-09
0.5606794701440502,0.6320503,0.6320503,-2.419738764913859e-08
0.2300282507901052,0.31674668,0.31674668,1.9286346408797783e-09
0.4266690177317966,0.43288177,0.43288177,2.518157959929823e-09
0.5963695390854579,0.65110886,0.65110886,9.695434455281315e-10
0.2666393537687105,0.35763514,0.35763514,4.1900632963276507e-10
0.4648919302754978,0.44854409,0.44854409,-4.974212652886223e-09
0.6398883973430453,0.677838,0.67783797,5.747726439242484e-08
0.6846108495376589,0.68110156,0.68110156,5.926513724219262e-10
0.6729444732424258,0.6512774,0.6512774,2.290496825541055e-08
0.3495324171164961,0.38000578,0.38000575,2.688217165536244e-08
0.6800619410112898,0.6076205,0.6076205,-2.2323608406260576e-08
0.373939819102233,0.37304538,0.37304538,4.883880633244075e-09
0.7183274790902436,0.5914899,0.5914899,1.1079406725400531e-08
0.7528301827211191,0.64293385,0.64293385,-4.479980497684721e-09
0.4701878759893841,0.40875572,0.40875572,-3.3828734258278814e-10
0.8073683246499682,0.66714835,0.66714835,1.669311577856547e-09
0.5505480957348764,0.4463488,0.4463488,-1.3645935048600677e-08
0.8586616190375187,0.6165538,0.6165538,-1.658325199382915e-08
0.6143297028108115,0.5395191,0.5395191,-2.8421020537017228e-08
0.8878912573524571,0.61577195,0.6157719,4.929122920938056e-08
0.6458751185848299,0.5538672,0.5538672,2.087860107025108e-08
0.904218150639886,0.6064309,0.6064308,8.817596430787944e-08
0.6543946834289078,0.55186415,0.55186415,-2.813720700878264e-09
0.917889453237852,0.66296524,0.66296524,-1.905670177215768e-09
0.9286144815629872,0.74860024,0.74860024,4.52209469870013e-09
0.6728153641728603,0.5966257,0.5966256,8.56918335179202e-08
0.9558959864665144,0.8890594,0.8890593,1.2440032959304403e-07
0.9760679359100156,0.9309776,0.9309776,-1.706848140603512e-08
0.7359061957208971,0.7227483,0.7227483,-2.0428466807054235e-08
1.0532661869012327,1.0328726,1.0328724,1.5764007565977067e-07
0.6544063522435147,0.652664,0.65266407,-6.424362186674415e-08
0.8691991243403044,0.85791576,0.85791576,-9.133911405001527e-10
1.095607779647811,1.004585,1.0045849,1.2769470214557543e-07
1.2947271675944,1.134006,1.134006,2.340698235236971e-08
1.4367498046083838,1.2312279,1.2312279,-2.5244140555713557e-08
1.6040232797326015,1.3794844,1.3794844,1.5054321345076005e-08
1.7822140563845237,1.5395502,1.5395502,-1.4796447844744876e-08
1.9387416595767009,1.6534745,1.6534745,-4.9888610798021205e-08
2.0948226437181385,1.7405375,1.7405376,-7.577667227032236e-08
2.264052143277262,1.7956725,1.7956727,-1.6410369862995822e-07
2.3929740927217265,1.8507919,1.850792,-6.884765624270983e-08
2.5323466966098307,1.9165041,1.9165043,-1.5533142083690166e-07
2.693883661184632,1.9926828,1.9926826,2.1459808352553011e-07
2.802814777546633,2.059602,2.059602,2.217102057500142e-08
2.9260069910624256,2.1629736,2.1629736,4.234924322332745e-08
3.061426376749353,2.2879398,2.2879398,-1.3088989447851418e-08
3.180384445686228,2.4025657,2.4025657,1.769714375043918e-08
3.304943423305593,2.5122554,2.5122557,-2.6977844225228864e-07
3.409859754740808,2.603016,2.6030157,1.9965820330369866e-07
0.8042412280655321,0.68093234,0.6809323,4.300613398733333e-08
1.0986122886681098,0.92063797,0.92063797,-4.797668484712858e-09
1.2781522025001877,1.0374256,1.0374256,3.7245178274858404e-08
1.5054098420100528,1.1703306,1.1703305,1.4365386968862026e-07
1.720263467522985,1.3177985,1.3177986,-1.0470733635692397e-07
1.9170696601935016,1.494316,1.494316,-1.8135070778413365e-08
2.0982632959204235,1.6637001,1.6637002,-9.624023444843033e-08
2.287674480258292,1.7867011,1.7867011,-1.6816711356781866e-08
2.4743511358484835,1.8534822,1.8534821,1.4639892587098302e-07
2.642551218869514,1.9247779,1.924778,-1.345901490257262e-07
2.779316042989208,1.9924955,1.9924954,1.3680419930217624e-07
2.896464271895322,2.050614,2.050614,1.1857604986786896e-07
3.0653049769059515,2.1512046,2.1512046,-1.3970947065899963e-08
3.187880391165681,2.250443,2.2504427,2.8171997090709056e-07
3.313203704191524,2.3645651,2.3645651,3.404846182775145e-08
3.416020310553794,2.4495497,2.4495497,-2.5012206972263584e-08
3.501344330267094,2.53621,2.53621,6.011962883079036e-08
3.6032126273568448,2.647514,2.647514,1.0484313950342994e-07
3.667170510951721,2.7052684,2.7052684,-1.6973876970638457e-08
-0.5088713055516841,-0.5104195,-0.5104195,1.2046813990806982e-08
-0.5231473331282472,-0.54315615,-0.54315615,2.9968261205937097e-09
-0.4950557949937199,-0.49212912,-0.49212906,-5.725044249782485e-08
-0.5042661353656961,-0.529389,-0.5293889,-1.2378082270281254e-07
-0.4745627876660728,-0.46755633,-0.4675564,7.241859434348186e-08
-0.4819310599636538,-0.51527905,-0.51527905,-4.641723672094145e-09
-0.4473922835687431,-0.4189951,-0.4189951,-1.218070982966779e-08
-0.4485435761152401,-0.46777204,-0.46777204,3.209152221739231e-09
-0.4123929901552336,-0.37945303,-0.37945297,-6.320884704535956e-08
-0.4144653167389282,-0.42804572,-0.42804572,1.3801576548289063e-10
-0.3732490435743348,-0.31863412,-0.31863418,5.738990782599984e-08
-0.3778542137603229,-0.3658398,-0.3658398,-9.179306037498947e-09
-0.3288091512795498,-0.27217284,-0.2721729,6.155052184597665e-08
-0.3352563895399331,-0.31097922,-0.31097922,2.7091217047470195e-09
-0.2802246058173754,-0.22555923,-0.22555923,-4.619140625550244e-09
-0.2910467557544474,-0.26201242,-0.26201248,5.791519164244363e-08
-0.2279559242064105,-0.18419784,-0.18419784,-3.0747985824142177e-09
-0.2477581560061593,-0.21351689,-0.21351689,-1.002655042325884e-09
-0.1383853640889421,-0.11388019,-0.11388025,6.272697448961306e-08
-0.1464444119144213,-0.13994682,-0.13994679,-2.8351745617882784e-08
-0.1662466437141701,-0.11918619,-0.11918616,-3.27509307868068e-08
-0.1597994054537868,-0.14429581,-0.14429578,-3.165313719466489e-08
-0.1883514606069129,-0.14132357,-0.1413236,3.3563232415545485e-08
-0.1715425894280564,-0.15839723,-0.15839717,-5.752571105577253e-08
-0.2000946445811826,-0.17679244,-0.17679244,-2.798614506804853e-09
-0.1807529298000326,-0.18708456,-0.18708456,4.374084483504959e-09
-0.2076931753880629,-0.19399312,-0.19399318,5.86144256464749e-08
-0.1865093925325177,-0.21944562,-0.21944562,3.993148811609615e-09
-0.2067721413508653,-0.20070642,-0.20070642,-2.328948978114198e-09
-0.1931868893022004,-0.24157804,-0.24157807,2.7492828374997558e-08
-0.203778780729973,-0.19084421,-0.19084421,1.997909532258646e-09
-0.1980223179974879,-0.22827443,-0.22827443,-4.804916381440094e-09
-0.1973315424695897,-0.17509437,-0.17509437,3.926391600739265e-09
-0.1980223179974879,-0.20642152,-0.20642152,-4.286270144371329e-09
-0.1853580999860207,-0.16620564,-0.16620564,-4.607543957479976e-09
-0.1977920594881885,-0.18598115,-0.1859811,-5.4441833485796565e-08
-0.5378838777234092,-0.46973863,-0.46973863,-2.4405670262517276e-09
-0.6619932142357882,-0.59164846,-0.5916486,1.4056549069163538e-07
-0.4812402844357555,-0.35109445,-0.35109445,-4.526901242751791e-09
-0.610645566662021,-0.49199077,-0.49199072,-5.4869918830746656e-08
-0.4296623783526889,-0.2573702,-0.2573702,-3.733444220443971e-09
-0.559988694616152,-0.39171907,-0.39171895,-1.2305717467242516e-07
-0.380156798853317,-0.20878145,-0.20878145,-9.868621753117424e-10
-0.5109436321353787,-0.33988276,-0.33988276,-1.2400054871797295e-09
-0.3391707841980229,-0.15520084,-0.15520087,3.09573364165594e-08
-0.4692668419521866,-0.30767855,-0.30767855,-4.817962695469191e-10
-0.3039412322752141,-0.15208837,-0.15208834,-3.3899459850328384e-08
-0.4335767730107788,-0.28577363,-0.28577363,-4.910583495387755e-09
-0.2675603878059081,-0.18906388,-0.18906388,3.1327056781993434e-09
-0.401801098727461,-0.2630199,-0.26301998,9.040687559691563e-08
-0.2321005773737998,-0.20072177,-0.20072177,-5.249786438898951e-10
-0.3686438733883467,-0.24698824,-0.24698812,-1.1690414428167095e-07
-0.1982525765067873,-0.17332873,-0.17332873,2.516250596773517e-09
-0.3361774235771307,-0.22465122,-0.22465119,-2.7460632323617062e-08
-0.9399152349601696,-0.99016714,-0.990167,-1.4096069334001982e-07
-1.00162451545241,-0.99752486,-0.9975246,-2.575210571453823e-07
-0.8775151789400308,-0.92690325,-0.92690325,2.1667480032405706e-09
-0.9366916158299778,-0.9367459,-0.93674576,-1.2203430177493146e-07
-0.8095889186967066,-0.8539592,-0.8539592,-2.766418427668782e-09
-0.8729100087540428,-0.8752781,-0.8752781,-1.5272522024822877e-08
-0.7402811073975858,-0.7773495,-0.7773495,2.7954101589067193e-08
-0.8042929729828202,-0.8103639,-0.8103639,1.125946047508819e-08
-0.6689009695147703,-0.69543433,-0.69543433,-1.893920908990765e-09
-0.7326825765907053,-0.731967,-0.731967,2.764892581552658e-08
-0.5906130763529728,-0.59963024,-0.59963024,3.374328594318854e-09
-0.6566972685219019,-0.6473532,-0.6473532,2.7697753868238806e-08
-0.5058779449307919,-0.5153438,-0.51534367,-1.1528594967558092e-07
-0.579330409397302,-0.57074547,-0.57074547,1.860351539484384e-09
-0.4186099699063175,-0.41971764,-0.41971764,3.1532287891877786e-10
-0.4952860535030193,-0.5002035,-0.5002036,1.0974273678687751e-07
-0.3324932874283402,-0.32247064,-0.32247064,4.8242950190235945e-09
-0.4068667859320479,-0.41647843,-0.41647837,-5.5264358533868574e-08
-0.8008390953433292,-0.8100933,-0.8100933,1.6346740738804044e-08
-0.8749823353377375,-0.86843944,-0.8684393,-1.3595886227957266e-07
-0.7508729988253584,-0.752203,-0.752203,1.2329101517494223e-08
-0.8298516675150541,-0.80109227,-0.80109227,2.9635620624191006e-09
-0.6988345757236929,-0.6942738,-0.69427395,1.205398559855908e-07
-0.7810368635435804,-0.73922133,-0.73922133,-4.457397451140821e-09
-0.6444935675290334,-0.62934387,-0.629344,1.3269805909654764e-07
-0.7276168893861185,-0.68352914,-0.68352914,1.4349365029531214e-09
-0.5869289402041823,-0.5659982,-0.5659982,3.3981323310783296e-09
-0.6751179492658543,-0.6260474,-0.6260474,2.7182006867576547e-08
-0.5261406937491395,-0.49552855,-0.49552855,1.0440826536672887e-09
-0.6203164240525959,-0.5666784,-0.5666784,-4.8080444070564e-09
-0.462128828163905,-0.42316303,-0.4231631,7.342872621052265e-08
-0.5576861095231579,-0.51109326,-0.5110934,1.4114227298023252e-07
-0.3877553296601973,-0.3598111,-0.3598111,2.6165008493173048e-09
-0.4856151961124443,-0.45712605,-0.45712605,-1.1875152527984767e-09
-0.3182172598517771,-0.29549375,-0.2954938,4.823570248779774e-08
-0.4047944593483533,-0.38900915,-0.38900915,2.117538477897085e-09
0.3110792460634956,0.35613495,0.35613495,1.114654535339099e-09
0.2700932314082016,0.32241917,0.32241917,-3.435058570921967e-09
0.1351617449587505,0.21018939,0.21018937,1.720226289192439e-08
0.114438479121804,0.16881362,0.16881362,-3.962631223153323e-09
-0.0522686816109648,0.08913111,0.08913114,-3.0583515164828157e-08
-0.0548015252132583,0.048111826,0.048111826,1.814117397969106e-10
-0.2482186730247581,-0.029634744,-0.029634744,7.109069929955858e-11
-0.2210481689274284,-0.05849725,-0.05849725,-8.010864194218925e-11
-0.450155385680336,-0.15566495,-0.15566495,-6.092071569430146e-10
-0.3937420509019819,-0.18348625,-0.18348625,-3.0231475933728547e-09
-0.6516315813173149,-0.3275331,-0.32753316,6.392494200646581e-08
-0.5489362861697805,-0.35219833,-0.35219833,-2.5481414756001186e-09
-0.8321542526080482,-0.5477648,-0.54776466,-1.1813720701692176e-07
-0.7144921543560525,-0.5792216,-0.5792215,-1.0625457769197766e-07
-0.9795196985596673,-0.7988,-0.7988001,1.0839233399728698e-07
-0.8397527834149286,-0.8087683,-0.8087683,2.7600097651792055e-08
-1.0888924904768842,-1.0105783,-1.0105783,2.5273132253644803e-08
-1.0018547739617094,-1.0236839,-1.023684,9.439849857351135e-08
-0.3067043343868069,-0.2840378,-0.28403786,6.135688779274062e-08
-0.3815383499091134,-0.394684,-0.39468393,-5.690223692234042e-08
-0.3822291254370116,-0.32322273,-0.32322267,-5.6583480845251444e-08
-0.4418660793455574,-0.45178965,-0.45178965,2.659225450951652e-09
-0.0480354490385569,-0.29188997,-0.29188997,4.465789793517416e-09
-0.4651221887847973,-0.3662074,-0.3662074,8.97636415198022e-09
-0.5109436321353787,-0.53420115,-0.53420115,4.82788087285968e-09
-1.3048987229158966,-0.36457148,-0.36457148,-1.9431304898454016e-09
-0.5254499182212412,-0.41976967,-0.41976956,-1.1453956605400606e-07
-0.5761067902671102,-0.6071956,-0.6071956,-1.5768432670704158e-08
-0.6191651315060989,-0.4580998,-0.45809975,-6.226921084317993e-08
-0.6571577855405006,-0.6571752,-0.6571752,1.670379634610697e-08
-1.4920994200168671,-0.4213384,-0.4213384,-9.185409544087975e-09
-0.7386692978324899,-0.5369415,-0.53694165,1.216796875480597e-07
-0.7577807541043405,-0.71794856,-0.7179487,1.4405364989755753e-07
-1.56255432653525,-0.5012486,-0.5012486,1.9012451613065195e-09
-0.7658398019298197,-0.687402,-0.6874021,9.003601075807666e-08
-0.8646207024192643,-0.83297443,-0.83297443,-3.898925737821912e-09
-1.556371191497408,-0.62723076,-0.62723076,-3.4353637712314367e-09
-1.5005835075220182,-0.75591993,-0.7559198,-1.3331909176628187e-07
-0.9376126498671756,-0.8394716,-0.8394717,1.2140197758192528e-07
-0.96294108589011,-0.95807385,-0.95807385,-4.44641112817834e-09
-1.412227743146395,-0.8487481,-0.8487482,1.1211700434721195e-07
-1.0435315641449017,-0.95552075,-0.95552075,9.078979790189123e-10
-1.060800952342357,-1.0740024,-1.0740025,1.1486053463904966e-07
-1.3026887772650937,-0.92780507,-0.92780507,3.891296396218991e-09
-0.562291279709146,-1.039833,-1.0398328,-1.4963836680870202e-07
-1.179930809845698,-1.0056881,-1.0056882,1.2874908450477562e-07
0.5252609315622464,0.56111807,0.561118,6.631088256270345e-08
0.3792580159389904,0.45875925,0.45875925,-1.743316657698557e-09
0.1227277854565826,0.15519536,0.15519537,-1.4584655760874199e-08
-0.1952592158858951,-0.10775873,-0.10775873,-6.499481230992643e-10
0.1884692873801887,0.2739474,0.27394742,-3.206626891794073e-08
-0.1485167384981159,-0.1565429,-0.1565429,2.7755737430634753e-09
-0.3794660233254188,-0.42004684,-0.42004684,3.862228370454801e-09
0.043059489460447,0.14054394,0.14054394,-2.316894537335301e-09
-0.141909246182693,-0.033825755,-0.033825725,-3.0119323729538294e-08
-0.3748608531394307,-0.42128202,-0.42128196,-6.319145201549858e-08
-0.5528506808278705,-0.6875402,-0.6875402,2.646942143247344e-08
-0.3218595242533675,-0.20951429,-0.20951423,-6.009437561460551e-08
-0.5668964498951341,-0.6131021,-0.6131021,2.156219480742294e-08
-0.7059725895119744,-0.8842422,-0.8842422,2.2990417458679246e-08
-0.5005453143584343,-0.4164237,-0.4164237,-8.200454704176963e-09
-0.721630168144334,-0.808282,-0.808282,-1.770782476206989e-08
-0.8333055451545452,-0.97489727,-0.97489715,-1.1543426514659672e-07
-0.8570221716123838,-0.91615,-0.91615,2.6130676289426447e-08
-0.9686975486225952,-1.0503924,-1.0503925,1.1070251471068104e-07
-0.7476033663560042,-0.67552257,-0.67552257,4.158325239700389e-09
-0.9710001337155892,-0.9887707,-0.9887707,-2.334289550542934e-08
-1.0732349118445248,-1.1216828,-1.1216826,-1.630996704360399e-07
-0.95711272639441,-0.8982694,-0.89826953,1.1509826658429034e-07
-1.077840082030513,-1.0462219,-1.0462217,-1.523025512373266e-07
-1.1641870230177898,-1.1760445,-1.1760443,-1.6411132808258344e-07
-1.1351744508460646,-1.0946186,-1.0946188,2.411163328996935e-07
-1.2406328481051918,-1.2438935,-1.2438935,-4.142761245162774e-09
-1.0501078796084948,-1.012153,-1.012153,-2.9441833415688734e-08
0.7586071520317311,0.8383565,0.8383565,-5.096435495843821e-09
0.6134086687736139,0.7196442,0.7196442,-1.1119079545984789e-08
0.4537472067262127,0.6299308,0.62993073,6.423904419516901e-08
0.2684814218431057,0.38234344,0.38234344,1.2479400846032718e-09
0.1976205940831238,0.38790873,0.38790873,-3.069381693254769e-09
0.020493007327647,0.10184011,0.10184009,1.8633041387605687e-08
-0.0080321716972642,0.16174561,0.16174561,-2.147064220858752e-09
-0.1980223179974879,-0.13233784,-0.13233784,1.5886688353727862e-09
-0.2310497228853072,-0.11918986,-0.11918989,3.156341553400832e-08
-0.401801098727461,-0.34432986,-0.34432986,-3.786697400087746e-09
-0.431090655747137,-0.3428767,-0.34287682,1.1745292666232032e-07
-0.6069614305132305,-0.54643,-0.54643,8.277893037700323e-09
-0.657780036722654,-0.5698104,-0.5698104,9.527587940816318e-09
-0.7893261698783589,-0.7096127,-0.7096127,-2.7165222182823356e-08
-0.8636982817549845,-0.7828796,-0.7828796,9.011840829131756e-09
-0.9224155882534149,-0.87168074,-0.8716806,-1.3654174801924768e-07
-0.9498475154029978,-0.9296286,-0.9296285,-1.1061096194531217e-07
-1.0108348558243865,-0.98101616,-0.98101616,9.423828384313993e-10
-1.0128016322549989,-1.0295877,-1.0295879,1.5433349598303892e-07
0.6336714175919614,0.8085669,0.8085668,1.2790985104427222e-07
0.7748654068448032,0.84967005,0.84967005,2.5283813931409327e-09
0.5902835451007062,0.6813725,0.6813725,2.3307800245397914e-08
0.3661110297860533,0.43058425,0.43058425,1.880645750240717e-09
0.3088807835927747,0.31606647,0.31606647,3.7224578974814904e-09
0.1515100991190082,0.122923605,0.122923605,1.4402389003631555e-10
0.1176052420742634,0.13506925,0.13506925,1.0604858380336424e-09
-0.0670052262061267,-0.10054496,-0.10054496,6.932830837191872e-10
-0.1004835385783222,-0.084769994,-0.084769964,-3.0020462032931405e-08
-0.2804548643266748,-0.3044506,-0.3044506,-1.33934019430626e-09
-0.3021867586546627,-0.285478,-0.285478,4.127502450934628e-09
-0.4761745972311687,-0.48800322,-0.48800322,-4.13444517510797e-09
-0.5303482902548545,-0.5121473,-0.5121473,-7.3959350865848705e-09
-0.6610721801985906,-0.66171587,-0.661716,1.348648070997882e-07
-0.7518361769086249,-0.74110353,-0.74110353,6.988520873107973e-11
-0.8445882121102161,-0.82961273,-0.82961273,-1.9335937295750227e-09
-0.9390477189967712,-0.92155933,-0.92155933,-3.801269521375161e-09
-1.0046178760733022,-0.96840537,-0.9684055,1.340560913387634e-07
-1.039306182770702,-1.0218068,-1.0218068,-3.6128234848220586e-08
1.1092224677801252,1.1623927,1.1623927,3.548126215058289e-08
0.9189617106139236,1.0627002,1.0627002,-4.760284433302786e-08
0.9134868045414208,1.0636561,1.0636561,-8.30993651668166e-09
0.6071916890225298,0.82546043,0.82546043,3.959960914734495e-09
0.6054082662519386,0.8265424,0.8265424,-2.2528076182304346e-08
0.3267368246958551,0.5468105,0.5468105,7.77435305021612e-09
0.3184537311185346,0.54550016,0.54550016,-7.363891718625837e-10
0.0667236320429081,0.27025178,0.27025178,7.483673125641133e-10
0.0656236751503303,0.2628055,0.26280546,3.1685867318831384e-08
-0.1754569840861463,0.033277854,0.033277854,3.233871434527025e-10
-0.1839228381609285,0.029128,0.029127985,1.5140190125911834e-08
-0.4022616157460598,-0.22840676,-0.22840676,2.8836822374422866e-09
-0.4049652330665133,-0.22583944,-0.22583956,1.239457702584268e-07
-0.6083429815690269,-0.49182662,-0.49182662,-3.678207405322098e-09
-0.6106459590482015,-0.4914736,-0.4914737,1.1463279725454356e-07
-0.7966944421759399,-0.724458,-0.724458,2.079772953855752e-08
-0.7985076962177716,-0.7253188,-0.7253189,1.1051788328941825e-07
-0.9493305859523552,-0.90830386,-0.90830374,-1.1684967038405603e-07
1.0758894015608418,1.1499978,1.1499978,3.039093021683925e-08
0.988039263403745,1.0480052,1.0480051,1.2327423104530055e-07
0.8258845079981396,0.9002718,0.90027165,1.2333831789224092e-07
0.7050515554747769,0.67527574,0.67527574,3.007659898912607e-09
0.6098742613661239,0.65887284,0.6588729,-5.7211303694515436e-08
0.4381819431967669,0.32975936,0.32975933,2.9359741193779598e-08
0.3885901908833197,0.36574727,0.36574727,2.9682922231266673e-09
0.1908843042092064,0.10595981,0.10595981,3.1656265109258896e-10
0.1246041632245308,0.123669885,0.1236699,-1.4901065825689841e-08
-0.0497358380086713,-0.11431107,-0.11431107,7.498931892113703e-10
-0.0984952467490992,-0.10240063,-0.10240063,-7.125091489035285e-10
-0.2832179664382676,-0.31381622,-0.31381622,4.3174741559681706e-10
-0.3573894848766011,-0.37141672,-0.37141672,2.232284523895345e-09
-0.5153185438120674,-0.5204035,-0.5204035,-4.371643047562657e-09
-0.619153500651619,-0.5801027,-0.5801027,1.7886352510210202e-08
-0.7430442095091786,-0.71735144,-0.71735156,1.2338500976483147e-07
-0.871317366231424,-0.84337604,-0.84337604,-4.586792057281741e-10
-0.9493558338414452,-0.921062,-0.9210619,-9.264526368291115e-08
-1.026384654671229,-0.9983809,-0.9983809,5.706787264969648e-10
-0.3843014520207062,-0.40839025,-0.4083902,-5.3782272357860705e-08
-0.4517671952454318,-0.4794791,-0.47947916,5.5719528213593605e-08
-0.45245797077333,-0.448826,-0.448826,1.4806747439255474e-08
-0.503114842819199,-0.5347611,-0.5347611,2.8794860829073343e-08
-0.5203842310166544,-0.4638916,-0.4638916,4.397964492586226e-09
-0.5662056743672359,-0.57881975,-0.57881963,-1.217395019237344e-07
-0.5954485050482603,-0.5010445,-0.5010445,-1.1795043941553729e-08
-0.6295267644245721,-0.63684475,-0.63684475,-4.219055216303502e-09
-0.6675194184589739,-0.5269277,-0.5269277,-9.579467774578632e-09
-0.7002161267794893,-0.6872891,-0.68728924,1.2123321535550957e-07
-0.7384390393231904,-0.5782467,-0.5782467,-1.2684631345294406e-08
-0.7743593667738976,-0.76416814,-0.764168,-1.4327239994393892e-07
-0.8314634770801499,-0.6973183,-0.69731843,1.144940185993093e-07
-0.8620878588169708,-0.8757657,-0.87576556,-1.2126678461399365e-07
-0.926560241420804,-0.8207153,-0.8207152,-1.0818939211176826e-07
-0.949816350860044,-0.97610056,-0.9761003,-2.640029906908481e-07
-1.027873985512542,-0.9547322,-0.95473206,-1.196417236393188e-07
-1.0479064758215904,-1.0717283,-1.0717282,-1.4873199472020815e-07
-0.5703503275346252,-0.62069404,-0.62069404,-1.252136283547145e-09
-0.6999858682701899,-0.7784817,-0.7784817,-2.1878051703616563e-08
-0.7025187118724834,-0.67610717,-0.6761073,1.3180236813070678e-07
-0.7428139509998792,-0.85018766,-0.8501878,1.4073638920919507e-07
-0.7340641276465018,-0.68892527,-0.68892527,3.734130893384702e-09
-0.8118915037897007,-0.86629736,-0.86629736,-4.234924300128284e-09
-0.8167269324849881,-0.6999533,-0.69995344,1.223577881237503e-07
-0.8719889747168451,-0.8463752,-0.8463751,-1.269744872578471e-07
-0.8777454374493303,-0.7065054,-0.70650554,1.221762084835376e-07
-0.9263299829115046,-0.8482008,-0.8482009,1.0196533206663361e-07
-0.9373823913578762,-0.69332373,-0.6933236,-1.314224242765505e-07
-0.9733027188085832,-0.8768188,-0.8768188,2.3869323739766912e-08
-0.9797499570689664,-0.7271259,-0.7271259,1.689758299949773e-08
-1.0299463120962369,-0.97339034,-0.97339046,1.1919494624645921e-07
-1.0357027748287218,-0.8338468,-0.8338469,9.25201415480359e-08
-1.0785308575584112,-1.0516202,-1.0516202,-4.4979858504490267e-08
-1.065406122528345,-0.9503679,-0.9503677,-2.2755126949380866e-07
-1.116062994574214,-1.1169969,-1.1169969,1.5653991658481914e-08
1.242935433198186,1.286264,1.286264,-5.728149421457829e-08
1.2762562559109534,1.3275459,1.3275458,8.127136230662302e-08
1.036949628276003,1.0813527,1.0813527,1.0723876897600348e-08
0.9472835072577503,0.96419454,0.9641944,1.3620910643830086e-07
0.8761351818970605,0.956761,0.956761,2.5405884063189887e-09
0.6813349290169382,0.6054472,0.6054472,-2.6881408654588768e-08
0.6168599123878261,0.61782414,0.6178242,-6.278915409829722e-08
0.4225243645644074,0.2846805,0.28468046,2.572540280798563e-08
0.3328227281160525,0.27730224,0.27730224,-4.635086037207969e-09
0.1595691469444873,0.009458348,0.009458348,1.5502166737790812e-10
0.1008403149260715,0.017578766,0.017578766,-2.5006866369303715e-10
-0.0980901249615463,-0.19530126,-0.19530132,5.547554016160916e-08
-0.2414348212864612,-0.28040814,-0.28040814,-3.997192410398753e-09
-0.3649597372395562,-0.41853324,-0.41853324,4.211654636154805e-09
-0.4794884684569506,-0.48846444,-0.48846444,-4.875717163344007e-09
-0.5795606679066013,-0.6481745,-0.6481745,-2.43072509897857e-08
-0.6694306539426292,-0.79371727,-0.7937174,1.348709106618884e-07
-0.7828789316179756,-0.88138413,-0.88138413,-4.292602495681308e-09
-1.0073101302613237,-0.9806193,-0.98061955,2.3866729736976566e-07
-0.6633747652915847,-0.75540745,-0.75540745,-2.583313007953336e-09
-0.720478875597837,-0.7964139,-0.7964139,1.5319824298032358e-09
-0.6249279415828014,-0.6784332,-0.6784333,1.2014465333720636e-07
-0.6946899225563037,-0.777015,-0.777015,2.9220581065914075e-08
-0.7407416244161845,-0.8146484,-0.8146485,1.1018371581794639e-07
-0.8116612452804012,-0.8540348,-0.8540348,1.8544006330500906e-08
-0.7278471478954179,-0.7927356,-0.7927356,2.337036131283554e-08
-0.7663003189484184,-0.83702576,-0.83702576,-1.6043091299877688e-09
-0.673736787040122,-0.7141684,-0.7141684,-2.9374694787698274e-08
-0.7653792849112208,-0.80741036,-0.8074101,-2.593826293750823e-07
-0.7893261698783589,-0.8523141,-0.85231423,1.1542938227471211e-07
-0.7215466550816433,-0.7173097,-0.71730983,1.1663635257619376e-07
-0.8045232314921196,-0.83219767,-0.8321974,-2.661682129145859e-07
-0.8597852737239767,-0.8884835,-0.8884835,-2.4322509784013846e-08
-0.7711087220296571,-0.72133696,-0.72133684,-1.2079254152475016e-07
-0.8544893280100904,-0.87027514,-0.87027526,1.201913452097969e-07
-0.8519564844077969,-0.9311745,-0.9311744,-1.1667785648761253e-07
-0.815766894107856,-0.7356329,-0.7356329,3.5766601902409434e-09
-0.9051462000559596,-0.90145993,-0.90146005,1.1767272944940288e-07
-0.8906399139700969,-0.9932314,-0.9932314,-1.5748596204900878e-08
-1.055274748119171,-1.0515056,-1.0515056,3.4356689493364456e-08
-0.8577860025015921,-0.80381024,-0.80381,-2.3883819577630305e-07
-0.9638621199273076,-0.96107614,-0.96107626,1.1959625245694383e-07
-0.9378429083764748,-1.0602918,-1.0602918,3.287963856735132e-08
-0.8964881045779755,-0.8792167,-0.8792168,1.2901000978615684e-07
-0.9314043696842031,-0.9480163,-0.9480164,1.1410369871178716e-07
-1.023959590854452,-1.0394864,-1.0394863,-1.0823364249290535e-07
-1.0025455494896076,-1.1202772,-1.120277,-1.663665771811651e-07
-0.9652184054975786,-1.0142452,-1.0142452,4.752655025086483e-08
0.604428586910937,0.70982945,0.70982945,-3.4637448464991394e-10
0.9321640810304452,1.1070943,1.1070943,-1.2127685522500542e-08
1.2473196088293017,1.08733,1.0873299,8.371124260442286e-08
0.3877553296601973,0.59575063,0.5957507,-7.009811398006605e-08
0.6652619770704097,0.81189036,0.81189036,3.693237271562566e-09
1.1410330045520618,0.73158026,0.73158026,-2.584228497859442e-09
0.172463623465254,0.34094292,0.34094292,-7.456970041452848e-10
0.4101209196443583,0.43387818,0.43387818,3.364868161881418e-09
1.0953068316593833,0.34006473,0.34006476,-2.5779495260724872e-08
-0.0453609263319827,0.10590252,0.10590254,-1.719764709806615e-08
0.1552928844060352,0.11181285,0.11181284,1.232305527065769e-08
1.0523589041506476,0.01706697,0.01706694,3.0467567444653065e-08
-0.2592710814711296,-0.16985464,-0.16985464,-9.606933581984833e-10
-0.0822952427268301,-0.15729862,-0.15729862,-4.515533447158049e-09
0.8985747260683752,-0.25169304,-0.25169313,8.986747740413747e-08
-0.4678852908963901,-0.4412903,-0.4412903,1.0836410546666286e-08
-0.3106095770954856,-0.4116228,-0.41162273,-6.248237610639862e-08
0.7062608197053285,-0.48572066,-0.4857206,-6.426277160409555e-08
-0.6638352823101834,-0.6690029,-0.669003,1.0941314698698079e-07
-0.5225608799844117,-0.61586833,-0.61586833,-1.8310908345142707e-12
0.6154558728440737,-0.66735184,-0.66735184,-1.9265746775687376e-09
-0.8563313960844857,-0.9020928,-0.90209293,1.1555450440958737e-07
-0.7236063880446539,-0.7962996,-0.79629946,-1.1675933841992503e-07
0.3030631744900833,-0.82858,-0.82858,-2.1858215348835586e-08
-1.0297160535869372,-1.0688701,-1.0688701,3.240356449829562e-08
-0.911303190363116,-0.9255024,-0.9255024,-1.94717407753231e-08
-0.6923475003893811,-0.9403074,-0.94030726,-1.1876892092033131e-07
-0.6150204783387097,-0.62322485,-0.62322474,-1.1446929926162142e-07
-0.6334411590826621,-0.64441466,-0.64441466,-3.314819307931316e-09
-0.6714338131170638,-0.66649735,-0.66649723,-1.1973907465545608e-07
-0.6877821672773216,-0.6919782,-0.6919781,-1.1617126460805594e-07
-0.7278471478954179,-0.705726,-0.7057259,-1.2748870847900662e-07
-0.7435047265277774,-0.7447972,-0.74479735,1.2023315432152515e-07
-0.7861025507481673,-0.7519419,-0.7519419,-1.9326782174644563e-08
-0.7996878027968322,-0.80356276,-0.80356264,-1.2035308838420633e-07
-0.8445882121102161,-0.8149539,-0.8149539,-2.322540282317931e-08
-0.8565616545937851,-0.8578594,-0.8578594,2.6907348682492227e-08
-0.903304131981564,-0.8709681,-0.8709681,-3.408813453731341e-09
-0.9125144723535404,-0.9159596,-0.9159596,3.3660888520969934e-09
-0.9622503103622118,-0.93528473,-0.93528473,-3.772277823443915e-09
-0.9696185826597926,-0.9777744,-0.9777744,1.8362426801310505e-08
-1.0216570057614582,-1.0043439,-1.004344,1.3269805898552534e-07
-1.0267226929660451,-1.0327686,-1.0327685,-1.071395874241432e-07
-1.0806031841421058,-1.0728043,-1.0728042,-1.3177947999487571e-07
-1.0833662862536986,-1.0991148,-1.0991148,2.4342346138794824e-08
-0.7331430936093043,-0.68988264,-0.6898825,-1.360702515107448e-07
-0.8333055451545452,-0.8535863,-0.8535863,-1.6108703593253892e-08
-0.8595550152146774,-0.8035482,-0.8035482,-1.6819763137831956e-08
-0.9083698191861512,-0.9353875,-0.93538725,-2.4217987060204393e-07
-0.971460650734188,-0.8914001,-0.8914001,1.1993408488564228e-09
-0.9719211677527868,-0.99471736,-0.99471736,4.571533152031293e-10
-1.0195846791777636,-0.98541427,-0.98541427,3.4136963256159447e-09
-1.0255714004195482,-1.0584257,-1.0584257,3.509826651537651e-08
-1.0529721630261772,-1.0520368,-1.0520369,1.3776245122443243e-07
-1.0656363810376444,-1.1217959,-1.121796,1.0728454591379943e-07
-1.077379565011914,-1.0832932,-1.0832931,-9.953918467253686e-08
-1.0962607627744654,-1.1751564,-1.1751565,1.4509582513255737e-07
-1.093267402153573,-1.1080785,-1.1080782,-2.797668456899771e-07
-1.1220497158159983,-1.1939515,-1.1939516,1.1245880116028673e-07
-1.1022474840162495,-1.0883563,-1.0883564,1.435150145390196e-07
-1.1390888455041543,-1.2053717,-1.2053716,-1.3748016347570058e-07
-1.09441869470007,-1.0877594,-1.0877593,-7.55722044942786e-08
-1.1494504784226276,-1.1987039,-1.1987041,2.1492156987434896e-07
-0.0621697975108392,0.06668553,0.06668553,-2.436904913971638e-09
-0.3069345928961063,0.0809776,0.0809776,-3.6574363676544763e-09
-0.1498982895539124,-0.014556214,-0.014556184,-3.0213371277065804e-08
-0.3819988669277122,0.16457784,0.16457786,-1.824127196514702e-08
-0.2869021025870581,-0.21067825,-0.21067825,4.024505728672523e-10
-0.4849244205845461,-0.015290022,-0.015289992,-2.989636230417425e-08
-0.4317347049363836,-0.4001287,-0.40012875,5.761146543159512e-08
-0.600974709271446,-0.22701532,-0.22701526,-5.648635864607954e-08
-0.5779488583415056,-0.55055726,-0.55055714,-1.1574493408161857e-07
-0.7220906851629327,-0.43203333,-0.43203333,-2.0210266793441178e-10
-0.711959310753759,-0.6762091,-0.676209,-9.21401978049019e-08
-0.8310029600615512,-0.6321415,-0.6321415,2.9090881370485988e-08
-0.8287003749685571,-0.785391,-0.785391,2.690887446199497e-08
-0.9355403232834808,-0.8041986,-0.8041986,-2.270355226041687e-08
-0.9210340371976184,-0.8695774,-0.8695774,-7.836914117653748e-09
-1.027873985512542,-0.9486506,-0.9486505,-9.852600102444597e-08
-0.9956377942106256,-0.9678463,-0.9678463,2.5624084520892154e-08
-1.108003946748735,-1.0763661,-1.0763661,3.3067321769664204e-08
-0.1696027843861799,-0.26547378,-0.26547378,-3.016204841443937e-09
-0.4764048557404681,-0.51756537,-0.51756537,3.939819581688653e-10
-0.1519863569978817,-0.24029127,-0.24029133,6.236656188707279e-08
-0.4667339983498931,-0.46892497,-0.4689249,-6.943473818132873e-08
-0.1369658550731574,-0.1995394,-0.19953933,-6.318656922688071e-08
-0.4494646101524377,-0.45042095,-0.45042095,4.117202745401727e-09
-0.1199102966725575,-0.17585033,-0.17585033,-1.7832946785922843e-09
-0.4321952219549824,-0.42355934,-0.42355928,-5.7854385393518726e-08
-0.0965109003808437,-0.13641384,-0.13641384,-2.4396514808344705e-09
-0.4140047997203294,-0.39282635,-0.3928263,-4.8543167097125917e-08
-0.0693500781347931,-0.10476136,-0.10476139,2.79241943318409e-08
-0.3905184317717902,-0.39510533,-0.39510527,-6.213615416639229e-08
-0.034591444769619,-0.08966568,-0.08966568,-1.1237335229008494e-09
-0.3578217234512748,-0.40811226,-0.40811226,2.2809600874751368e-09
0.0079681696491768,-0.062202692,-0.06220272,2.79681396514464e-08
-0.324434239602861,-0.39346477,-0.39346483,5.610664366439977e-08
0.0554347068881005,-0.003123492,-0.003123507,1.499751281757583e-08
-0.2852902930219623,-0.28784782,-0.2878478,-1.694412232744469e-08
-0.4944602696797264,-0.5080602,-0.5080602,-1.6903686561597908e-08
-0.7743593667738976,-0.86031353,-0.86031365,1.1526336674005933e-07
-0.4951163300608108,-0.46954396,-0.46954396,-3.67073060836276e-09
-0.7729778157181012,-0.80023205,-0.80023193,-1.2280303951506255e-07
-0.4915133127336178,-0.4465755,-0.44657543,-6.26204681442033e-08
-0.7619254072717299,-0.7655271,-0.765527,-1.291732788510913e-07
-0.4846706662891394,-0.43627647,-0.43627647,4.345626858359708e-09
-0.4700036292457356,-0.42633405,-0.426334,-5.327796936960283e-08
-0.7451165360928732,-0.75126755,-0.75126755,-2.375793450859476e-09
-0.4465996514667193,-0.40667287,-0.40667287,4.847641010830017e-09
-0.7230117192001304,-0.7350155,-0.73501563,1.184872436832407e-07
-0.4193105149302175,-0.35734907,-0.35734913,6.207359315446581e-08
-0.6836375141099322,-0.6734139,-0.6734139,2.7281188974548343e-08
-0.3856624808119846,-0.32008824,-0.32008818,-5.752403259284833e-08
-0.6228492676548895,-0.60562444,-0.60562444,2.667846721315925e-09
-0.3225496077808566,-0.23551968,-0.2355197,2.259941100923868e-08
-0.2545052277572237,-0.14467928,-0.14467928,1.8647003108274163e-09
-0.5360418096490139,-0.48004547,-0.48004547,2.3848724106656505e-09
-0.1421397671611227,-0.03199406,-0.03199412,6.03181076058723e-08
-0.4298926368619883,-0.28964463,-0.28964457,-5.8763198862443744e-08
0.0025966258472659,0.0793307,0.0793307,-2.344322208580607e-09
-0.5301783522818057,-0.5409745,-0.5409745,2.204895044322086e-09
-0.8162664154663892,-0.85993516,-0.8599353,1.3554840083696007e-07
-0.522729528268815,-0.527877,-0.527877,2.684783939610469e-08
-0.8022206463991256,-0.8212211,-0.8212211,-1.32049560175318e-08
-0.7858722922388679,-0.81408453,-0.81408453,1.2329104404074087e-10
-0.5007102900248978,-0.48772743,-0.48772737,-6.34430694645971e-08
-0.4871090971486747,-0.46866664,-0.4686667,5.709571837542171e-08
-0.7686029040414125,-0.80516624,-0.8051661,-1.4450683594180447e-07
-0.4607664238932537,-0.4297715,-0.4297715,-1.2746810940100772e-08
-0.744425760564975,-0.7712939,-0.7712939,2.144470212517291e-08
-0.4301677207485362,-0.39169738,-0.39169744,6.303352356740177e-08
-0.6981438001957948,-0.7083477,-0.7083478,1.2181549069456565e-07
-0.3859566417201215,-0.3533753,-0.3533753,1.4136123660524191e-08
-0.6175533219410031,-0.6390307,-0.6390308,1.0503845215836805e-07
-0.3276710806681441,-0.2678416,-0.2678416,-7.332229601253459e-09
-0.2543762537453083,-0.18154153,-0.18154147,-6.227806090275401e-08
-0.5047266523842949,-0.50585544,-0.50585544,-1.0934447791655089e-09
-0.1533843068993569,-0.07035893,-0.0703589,-3.201828002730167e-08
-0.3621966351279634,-0.31097916,-0.31097922,6.231376648013764e-08
0.0228372339027571,0.08988721,0.08988723,-2.076337814183038e-08
-0.5401864628164031,-0.5556922,-0.5556923,1.0410766604351807e-07
-0.5846263551111883,-0.5958103,-0.5958104,1.058486938099179e-07
-0.4823915769822526,-0.50793624,-0.50793636,1.2075744626471874e-07
-0.5196934554887562,-0.57247806,-0.57247806,4.046020518622129e-09
-0.4220638475458086,-0.46435997,-0.4643599,-6.890068054987708e-08
-0.4584446920151145,-0.54960704,-0.54960704,1.5020752419658834e-09
-0.3575914649419753,-0.40598664,-0.40598658,-5.6877059950721787e-08
-0.3999590306530657,-0.5262661,-0.5262661,1.9775390214249455e-09
-0.2887441706614533,-0.36812517,-0.36812505,-1.2046928404840784e-07
-0.3442364714026098,-0.48682603,-0.48682603,-2.400131204893796e-09
-0.2178245497972367,-0.3184316,-0.3184316,1.3972854595589723e-08
-0.2912770142637468,-0.42490813,-0.42490813,-1.3610076954329031e-09
-0.143451051293529,-0.24389374,-0.24389374,-2.561340334272799e-09
-0.2403898837085784,-0.31934586,-0.31934586,-1.6733551211345343e-09
-0.0619395390015398,-0.13767728,-0.13767728,-2.094955431353185e-09
-0.1966407669416915,-0.23907462,-0.23907468,6.237571717471191e-08
0.0181904222346529,-0.03275153,-0.03275153,-4.0885925201017415e-10
-0.1579573373793915,-0.15663525,-0.15663522,-3.4621505745624503e-08
-1.0133524447172864,-1.0590987,-1.0590986,-1.2055053710824382e-07
-1.0078579253996456,-1.0462122,-1.0462121,-9.635009767805514e-08
-0.9758355624108768,-1.0416083,-1.0416083,-3.35876464419016e-08
-0.9226458467627142,-1.0147996,-1.0147997,1.0512084958058665e-07
-0.9484347998042476,-1.0081012,-1.0081012,-2.4899291961588688e-08
-0.9755100915341264,-1.0115479,-1.0115478,-1.2308807373351272e-07
-0.8749823353377375,-0.9688865,-0.96888626,-2.3463653564537168e-07
-0.8996199958327737,-0.95965016,-0.95965004,-1.1888214113131568e-07
-0.9288695140810151,-0.9626987,-0.96269846,-2.3804382320857798e-07
-0.8268583068941618,-0.9182434,-0.9182434,-8.20312495708464e-09
-0.8722738464573808,-0.91436446,-0.9143646,1.4286956784292926e-07
-0.8402133004335274,-0.9079875,-0.9079875,2.4604797310701088e-08
-0.8007323912398827,-0.8768432,-0.8768431,-1.1403503419327166e-07
-0.7686029040414125,-0.87679005,-0.87679005,3.3081054562345003e-09
-0.7580110126136399,-0.84824526,-0.84824514,-1.2309967045709413e-07
-0.6647563163473811,-0.8089913,-0.8089913,-1.2980651886707051e-08
-0.6532433908824108,-0.7520325,-0.75203264,1.2161315920966587e-07
-0.6831968497067772,-0.7961948,-0.7961948,8.20617673813473e-09
-0.5399562043071038,-0.65112805,-0.65112793,-1.2366516111139703e-07
-0.5586162876023393,-0.6310606,-0.6310606,-2.807617471844992e-10
-0.5180816459236603,-0.5641967,-0.5641967,-5.818176274097198e-09
-0.373939819102233,-0.4429647,-0.44296464,-6.284461973038447e-08
-0.3797973613595865,-0.4225947,-0.42259464,-5.628334043272787e-08
-0.3412431107817176,-0.3672808,-0.3672808,-1.1071395855655197e-08
-0.1413787247098344,-0.12870792,-0.12870792,4.4554901157400906e-09
-0.176737178500054,-0.17220703,-0.17220703,2.3262786974509453e-09
-0.0565703514883943,-0.035632193,-0.035632163,-3.008853149272239e-08
-0.1996711951290677,-0.1670745,-0.1670745,-1.5144348275430985e-09
-0.3037109737659146,-0.26500842,-0.26500842,2.4787905061884885e-10
-0.20089294237939,-0.09735811,-0.09735811,2.4331665016141812e-09
-0.3057833003496093,-0.21448973,-0.21448979,6.178764344610954e-08
-0.1960148839259572,-0.025823995,-0.025824055,5.9528999327151944e-08
-0.302789939728717,-0.16459072,-0.16459066,-5.6361999511977956e-08
-0.1972321695297089,0.01945275,0.01945275,6.828308092565738e-10
-0.3090069194798009,-0.15106547,-0.1510655,3.12118530187977e-08
-0.2070241694343265,0.060998842,0.060998842,1.2017059569657818e-10
-0.3179870013424777,-0.14396557,-0.14396557,-2.1187591681126605e-09
-0.5033451013284984,-0.4781554,-0.4781554,-4.3292999185595704e-09
-0.1923718926474561,0.12084195,0.12084195,1.78146358775777e-10
-0.3103884705355973,-0.11954591,-0.11954591,3.21784973666972e-09
-0.1266421801146725,0.12508005,0.12508005,-9.620666485687934e-10
-0.1601687521528213,0.15906112,0.15906113,-1.1039619440822435e-08
-0.2843692589847647,-0.08169258,-0.08169258,3.591613770281832e-09
-0.1086994169233409,0.15077895,0.15077895,-7.39288325002363e-10
-0.2408504007271772,-0.08029407,-0.0802941,2.737197875302133e-08
-0.0232686269393543,0.1267806,0.12678061,-1.064430235619973e-08
-0.1648650926583736,-0.08071989,-0.08071995,6.178970336778722e-08
0.5933268452777344,0.66022676,0.66022676,2.2947692635000294e-09
0.3562099138861789,0.3482754,0.34827542,-2.675239563210141e-08
0.5382462193419829,0.62896067,0.6289606,6.904067995083807e-08
0.3085464024612022,0.31098992,0.31098992,-3.675384496748535e-09
0.2505212581177521,0.26443556,0.26443556,-4.888153215532043e-10
0.4898062565419152,0.5843468,0.5843468,-2.875976568006422e-08
0.4127716832906024,0.52577925,0.52577925,-2.716064484431513e-09
0.1865093925325177,0.21826169,0.21826169,-1.0523223958891492e-09
0.3541718137206139,0.4605201,0.46052012,-3.1327362037814055e-08
0.1312473503006606,0.17948857,0.17948857,-5.019378523929419e-10
0.3038014543316642,0.39125896,0.39125896,-4.998168934289282e-09
0.0805904782547916,0.13694152,0.13694152,2.359848011446175e-09
0.0241771434764374,0.08538323,0.08538321,1.8957653044604506e-08
0.2405904649179304,0.32088134,0.32088134,-3.0725860744595934e-09
0.1806534996932575,0.25040427,0.25040427,-1.4968108974500183e-09
-0.0198022317997487,0.027090818,0.027090818,-3.10104369266595e-10
0.1195592350576392,0.17412186,0.17412184,1.6689453125051656e-08
-0.0764458250874023,-0.035411328,-0.035411358,2.992268371276863e-08
0.1646348341490742,0.22144394,0.22144394,-3.77124786954397e-09
0.3468255979864176,0.40400314,0.4040032,-5.6689453131753e-08
0.1169713227240975,0.20296596,0.20296596,-9.342193685313305e-11
0.2516610348725674,0.36275566,0.3627557,-4.3757629408780474e-08
0.0764458250874023,0.18270947,0.18270947,3.9127348583356536e-10
0.0299336062089225,0.14434671,0.1443467,1.4019775396167944e-08
0.159180864352312,0.3224047,0.3224047,1.2438583385510071e-08
-0.0290125721717249,0.07875763,0.07875763,-1.2015151928945755e-09
0.08037188425821,0.2986284,0.29862842,-3.01646423395141e-08
-0.0642421240945338,0.019827396,0.019827396,-3.224334722828903e-10
0.0513772908597481,0.26340616,0.2634062,-4.2506408670650586e-08
-0.1017742611103368,-0.029168308,-0.029168308,2.1878051800761078e-10
0.0305001066483262,0.22300476,0.22300476,-1.6419982873383532e-09
0.0186941700471147,0.18133059,0.1813306,-8.559799202778606e-09
-0.13147760880996,-0.054673284,-0.054673314,2.970777893129828e-08
0.0239996896478806,0.15454105,0.15454105,-4.572677625436228e-09
-0.1365432960145469,-0.060140193,-0.060140193,4.913024917452269e-10
0.0493043176841434,0.12677562,0.12677562,2.367858881191509e-09
-1.0561957821563688,-1.0670141,-1.067014,-9.8167419526618e-08
-0.8441276950916172,-0.9006126,-0.9006126,7.3028564306909516e-09
-0.9440598881275588,-0.96850824,-0.96850836,1.1643920894144344e-07
-0.7262353383303221,-0.7661977,-0.7661978,1.1857299808681887e-07
-0.8316937355894495,-0.8555888,-0.8555887,-9.375457765692374e-08
-0.6046588454202364,-0.61960554,-0.61960554,-1.2292480366937752e-09
-0.7248537872745257,-0.73650265,-0.7365025,-1.4739990239487355e-07
-0.4830823525101508,-0.49289617,-0.49289623,6.057594298392033e-08
-0.6127178932457156,-0.62227964,-0.62227964,-4.012451149115748e-09
-0.3640387032023586,-0.37358102,-0.37358102,-2.024154677204848e-09
-0.5044963938749955,-0.4897124,-0.48971245,6.267662050474243e-08
-0.2507515166270516,-0.25110167,-0.2511016,-7.26493835645492e-08
-0.4077878199692455,-0.34907332,-0.34907332,-6.272125041562049e-10
-0.143451051293529,-0.109773695,-0.109773666,-2.94689025820416e-08
-0.3182172598517771,-0.24059364,-0.24059364,-1.9963836694891768e-09
-0.0453609263319827,0.03993611,0.03993611,3.77311709653938e-10
-0.2362452305411891,-0.17270243,-0.17270243,-1.6787719825384073e-09
0.0416767901831922,0.09742712,0.09742712,2.294902795574316e-09
0.8643651042918334,0.9004694,0.9004694,2.2340393091013766e-08
0.6090337570969252,0.5679106,0.5679106,1.1629486040831694e-08
0.7948008342864451,0.8427019,0.84270203,-1.1807373045957803e-07
0.5447916330023913,0.5444448,0.5444448,-5.767821775748416e-10
0.7848143690857692,0.84206676,0.84206676,4.831542943506406e-09
0.6896410412306577,0.78294027,0.78294027,-1.4834594663781786e-09
0.4529184877919288,0.4932642,0.4932642,-1.6967773297515976e-09
0.7016112589720747,0.7819047,0.7819047,-2.5817871174282914e-09
0.6021277821727767,0.7145902,0.7145902,-8.158874464925248e-09
0.3718674925185384,0.42175728,0.42175728,8.265685913499965e-10
0.6168059473032227,0.7135993,0.7135993,2.4226379347069837e-08
0.5323914016805513,0.6248281,0.6248281,2.0446777604377075e-10
0.3083161439519027,0.33484626,0.33484626,-1.8365478582360595e-09
0.5335651107354802,0.6239692,0.6239692,-2.726745607084524e-09
0.2217389444553266,0.2513163,0.25131634,-3.102478030037048e-08
0.4408322519454557,0.5379232,0.5379232,1.6819763137831956e-08
0.4382549309311553,0.5371839,0.5371839,-1.919403080918869e-08
0.3506568716131693,0.44001424,0.44001424,3.1259155264251604e-09
0.1376945885610439,0.17572117,0.17572115,1.851806641361975e-08
0.3464225674743809,0.438954,0.43895406,-6.429534910035173e-08
0.2615947376884624,0.33759004,0.33759004,-1.2236022750578002e-09
0.0612487634736416,0.09646033,0.09646034,-1.2493934636870208e-08
0.2639015437863775,0.3356504,0.33565044,-2.577156066330133e-08
0.1688928297090132,0.22975174,0.22975174,-4.07432557136822e-09
-0.0320059327926172,0.0013863891,0.0013863891,3.631439203163889e-11
1.607204394909844,1.4469793,1.4469793,-1.5713500944869452e-08
1.3433281432527264,1.3150141,1.315014,1.239166260713631e-07
1.6260855926723954,1.4336092,1.4336094,-1.527923583211077e-07
1.3221443603971812,1.3386979,1.3386979,1.0308837783412628e-08
1.6002966396308618,1.4243486,1.4243484,1.9275817875197276e-07
1.288526618039468,1.3518323,1.3518324,-1.2937774651611278e-07
1.5454951144176037,1.4164516,1.4164516,-2.6628112825832773e-08
1.2519155150608627,1.3591635,1.3591635,2.272033694517006e-08
1.451319384114147,1.3853741,1.3853742,-1.307861328125881e-07
1.190436493077922,1.3406765,1.3406767,-1.5390319818564535e-07
1.3242166869808756,1.2882454,1.2882454,3.95294188493267e-08
1.1001751574325551,1.2244911,1.2244912,-8.061523426583506e-08
1.1579700432667055,1.1492596,1.1492596,-3.273925774927022e-08
0.9666252220389004,1.0314683,1.0314683,-2.7790832524132725e-08
0.92034326166972,0.826252,0.826252,-1.6357421861457055e-08
0.774589625283197,0.6395408,0.6395408,-8.488464375844273e-09
0.5673569669137329,0.5318716,0.53187156,5.6840362527843524e-08
0.4577539164872163,0.3745345,0.3745345,-1.2275695793206864e-08
-0.0667749676968273,-0.08505112,-0.08505109,-2.932754517015468e-08
0.026934001240081,-0.2028904,-0.2028904,3.881835936025979e-09
-0.1275632141518701,-0.15405023,-0.15405026,2.90200805608265e-08
-0.1837462904209248,-0.17587405,-0.175874,-5.44319152806505e-08
-0.171312330918757,-0.20900354,-0.2090036,6.210670472350799e-08
-0.0372865847860166,-0.27619976,-0.27619976,1.94717408863454e-09
-0.2449950538945664,-0.21546102,-0.21546096,-5.570129393839274e-08
-0.1991736105439849,-0.24883184,-0.24883178,-5.8369369504429613e-08
-0.2940401163753396,-0.2599001,-0.2599001,6.921386741520763e-09
-0.0707444045257578,-0.35724542,-0.35724542,4.55085752415485e-09
-0.2116075700461528,-0.2664792,-0.26647913,-6.416427611455333e-08
-0.3242039810935617,-0.25202036,-0.2520203,-5.903930666573132e-08
-0.0687071980097908,-0.31781462,-0.31781468,6.165092469867517e-08
-0.2113773115368534,-0.22827238,-0.22827232,-5.844467163007572e-08
-0.3315722533911426,-0.2206358,-0.22063568,-1.2155372619560012e-07
-0.0463581239781495,-0.29571083,-0.29571077,-6.188056944633757e-08
-0.1897330116627094,-0.21705684,-0.21705684,-6.581878653211248e-10
-0.3262763076772563,-0.22304803,-0.22304809,5.8669891361828874e-08
0.0245950468553801,-0.18143043,-0.1814304,-2.9220199593282814e-08
-0.1448326023493255,-0.22399786,-0.22399792,5.885307310937726e-08
-0.289665204698651,-0.2178568,-0.2178568,5.404281605558836e-09
0.0966728872602606,-0.068693876,-0.068693876,-2.66479491251026e-10
-0.072301171920013,-0.19133914,-0.19133908,-5.516998291543729e-08
0.1647514356004906,0.023507297,0.023507267,3.003903198406377e-08
-0.8556661100577202,-0.84448266,-0.84448254,-1.202935790978188e-07
-0.8462983600541201,-0.82124674,-0.82124674,-3.202209497565889e-09
-0.8199505516151798,-0.8010446,-0.80104446,-1.2332061771758163e-07
-1.0216570057614582,-1.0932453,-1.0932453,3.213195798323909e-08
-0.8580218237501793,-0.81900465,-0.81900465,-4.884338378197128e-09
-0.8438974365823178,-0.8188493,-0.8188493,-2.5180053708773187e-08
-0.8324092478934529,-0.80108845,-0.8010886,1.4766082767625477e-07
-0.8001483198154309,-0.768749,-0.7687491,1.0135803218958017e-07
-1.0106045973150868,-1.0646174,-1.0646175,1.0459899901782421e-07
-0.8301130356331028,-0.7995392,-0.7995392,-8.412170404703545e-09
-0.8144243473919941,-0.8017591,-0.8017591,-2.3802185111776453e-08
-0.8029620465671519,-0.7776971,-0.7776972,1.1366577146176837e-07
-0.7713660061530054,-0.7384565,-0.7384565,1.2344360311722369e-08
-0.9832038347084576,-1.0340202,-1.0340202,1.4529419001263477e-08
-0.8119307165499123,-0.7750436,-0.7750436,-6.758117621075144e-09
-0.7858722922388679,-0.7762183,-0.7762182,-9.509735110491135e-08
-0.7614260213132397,-0.7445631,-0.7445632,9.727783201185503e-08
-0.7614260213132397,-0.7429768,-0.74297667,-1.1470611571695599e-07
-0.7271563723675197,-0.7028756,-0.70287573,1.1583374026624682e-07
-0.9491255753321456,-0.97434986,-0.97434974,-1.1637664798502811e-07
-0.7308405085163102,-0.73919,-0.73918986,-1.2241424562908776e-07
-0.6891551592904078,-0.6842922,-0.6842922,2.7725219897689612e-09
-0.6831968497067772,-0.6817448,-0.6817448,-1.3919067343159952e-08
-0.647026411131327,-0.638569,-0.6385689,-9.7383117680927e-08
-0.886725519312007,-0.9139471,-0.9139472,9.45922851158798e-08
-0.6679799354775727,-0.6778406,-0.6778405,-9.047698978914553e-08
-0.6143360001356555,-0.5796716,-0.5796716,-2.1322631882370047e-08
-0.5763370487764098,-0.5225351,-0.5225351,1.4321899444169617e-08
-0.6106459590482015,-0.5733628,-0.57336295,1.2269897464722845e-07
-0.8392922663963297,-0.85571885,-0.855719,1.4891052246834846e-07
-0.5860079061669847,-0.56150925,-0.56150925,-1.5945434972408634e-09
-0.4522277122640306,-0.3841004,-0.3841004,-7.361984244447228e-09
-0.4877603508349946,-0.42939523,-0.42939523,1.3756561445532611e-09
-0.7522545498811548,-0.7619065,-0.7619065,-4.631042438418831e-09
-0.4817008014543544,-0.4174854,-0.4174854,1.3866806036766377e-08
-0.4796500062975409,-0.40612617,-0.40612617,-1.3504791174234754e-09
-0.3168357087959807,-0.23984721,-0.23984727,5.6970138551104554e-08
-0.355247391947547,-0.2932513,-0.29325137,6.418144227193778e-08
-0.6253821112571829,-0.65126586,-0.65126586,3.9611813829054654e-10
-0.3681693233644675,-0.28350735,-0.2835073,-4.710693357612428e-08
-0.3479206075514003,-0.28456235,-0.2845623,-4.9319458017560436e-08
-0.1282539896797683,-0.07775012,-0.07775009,-2.6586685186735792e-08
-0.1707883209802816,-0.10904238,-0.109042406,2.972016906188646e-08
-0.4715694270451806,-0.4574345,-0.45743456,5.4775772084791896e-08
-0.1566538100453768,-0.097040325,-0.097040296,-2.9403213502865455e-08
-0.0429075010112765,-0.010614872,-0.010614872,2.1240233530339658e-11
1.1486714885408469,1.1554779,1.1554779,-1.8568420356857018e-08
0.8597852737239767,0.8601488,0.8601488,-1.250152592557896e-08
1.130756741994677,1.1547712,1.1547713,-9.123687738643582e-08
1.045866100566661,1.0910236,1.0910236,-3.566131590027055e-08
0.774589625283197,0.79032433,0.79032433,3.298950002061929e-10
0.9415283037709596,1.0054232,1.0054232,-1.1790466381000897e-08
0.6822559630541358,0.68582696,0.6858269,5.722579954348106e-08
0.8432898389896647,0.89274585,0.89274585,2.4703979972784396e-09
0.5862381646762841,0.56300014,0.5630001,4.257431029941472e-08
0.8276780735175514,0.8916372,0.8916372,6.077575664953372e-09
0.7155705228493807,0.79661953,0.79661953,4.492492711172247e-09
0.4727207195916776,0.4813625,0.4813625,-8.153915431741154e-09
0.5996404070676511,0.69776034,0.69776034,3.5516357632658924e-09
0.3691043904069455,0.37746754,0.37746757,-2.711326596571695e-08
0.4805350986331463,0.56989133,0.56989133,3.5800170605782e-09
0.2562777208502373,0.27464378,0.27464378,-1.1990356485469533e-09
0.3611648492115845,0.43047053,0.43047053,-3.781585711237767e-09
0.1323986428471576,0.16446888,0.16446888,4.468078601549408e-09
0.3357576956833441,0.42894956,0.4289496,-3.5304641710087736e-08
0.2279320680460069,0.2760936,0.2760936,2.1804809624548227e-09
0.0073682722975809,0.040092915,0.040092915,2.965545656263835e-10
0.2004888607494035,0.2745615,0.2745615,-5.411148085165962e-09
-1.136625730866326,-1.0566907,-1.0566907,7.098388765669483e-09
-1.1313421132910286,-1.0518476,-1.0518476,2.2904968366432854e-08
-1.1248535998733369,-1.043527,-1.0435269,-1.0710296627358673e-07
-1.1220856448537515,-1.0379782,-1.0379782,2.7697753868238806e-08
-1.119631655892185,-1.0310429,-1.031043,6.653594963879073e-08
-1.110482461238597,-1.0241078,-1.024108,1.8616485597533483e-07
-1.1008147122233096,-1.0171999,-1.0171999,2.6075744674614043e-08
-1.0972132677544024,-1.0078124,-1.0078124,1.9209289492394532e-08
-1.1119183414068248,-1.0185016,-1.0185015,-1.3936614995380125e-07
-1.0841178425176572,-1.0015324,-1.0015324,-3.541717519262022e-08
-1.083526651250069,-0.9952773,-0.99527717,-1.1557586665489339e-07
-1.0532565869473125,-0.9565265,-0.9565265,-1.786804204595427e-08
-1.0566562991749675,-0.9522773,-0.9522774,9.725799565707405e-08
-1.0172166504641156,-0.9187045,-0.9187045,-9.735107386887876e-09
-0.9805626218942954,-0.88468134,-0.8846811,-2.4403228759961593e-07
-0.9815920251433616,-0.8863821,-0.8863822,9.7033691415227e-08
-0.941608539858445,-0.84624374,-0.84624374,8.718872290813806e-10
-0.895753080656607,-0.7976363,-0.7976363,2.947692867572016e-08
-0.892942499063091,-0.7920958,-0.79209566,-1.2037261964970014e-07
-0.8533159327127666,-0.7488581,-0.748858,-9.42153930427736e-08
-0.8025157176153105,-0.69902873,-0.69902873,-3.9245606764382046e-10
-0.7941615985736464,-0.68622065,-0.68622077,1.240954590198129e-07
-0.7533219035960154,-0.65106714,-0.65106714,2.281799305059451e-09
-0.6957505664300603,-0.61119294,-0.61119294,-1.6656493961875185e-09
-0.6702825205705668,-0.59512925,-0.59512925,-1.4801024850186195e-09
-0.6241809760952225,-0.56665206,-0.56665206,4.4494630202507324e-10
-0.5582666983661271,-0.48323593,-0.48323587,-5.5436019885668486e-08
-0.5289037958607323,-0.45546708,-0.4554672,1.2489051820496755e-07
-0.4809432492841212,-0.39962825,-0.39962825,-1.7910003480281489e-09
-0.3994333358764456,-0.32916132,-0.32916132,3.8436126503782475e-09
-0.3647294787302569,-0.30187187,-0.30187193,6.401222230056902e-08
-0.3197921263700146,-0.26601723,-0.26601723,1.6350555354094354e-09
-0.2331938871677111,-0.18644625,-0.18644619,-5.948501585750776e-08
-0.174766208558248,-0.13928434,-0.13928434,-2.5273895198907326e-09
-0.1272653510458762,-0.06672689,-0.06672692,2.6813430781258418e-08
-0.0986056037541221,-0.039111122,-0.039111122,-4.889755267356577e-10
-0.0892684677581822,-0.030587703,-0.030587733,3.001042175182489e-08
-0.0686000914922568,-0.01572612,-0.01572615,3.072013855104361e-08
-0.0426987545331152,0.0019062907,0.001906231,5.965036773683194e-08
-0.0220411308768802,0.014609814,0.014609814,-3.098144536056724e-10
-0.0044097084887,0.031546593,0.031546593,-2.8759765402508464e-10
0.026641930946421,0.051511943,0.051511943,3.40301516132957e-10
0.0418135028134103,0.06988107,0.06988107,-3.3200454746529218e-09
0.0644760191843647,0.08844646,0.08844646,6.642723038297049e-10
0.0331572253391142,0.06643163,0.06643163,-3.322486882839648e-09
0.6481498146292095,0.6370616,0.6370616,-4.083251958775236e-09
0.636576829071551,0.64945346,0.6494535,-3.8829803483686476e-08
0.6264730472919525,0.6729597,0.6729597,-1.467437749091971e-08
0.6021277821727767,0.69700867,0.6970086,6.937637331283497e-08
0.5827741230785747,0.7015387,0.7015387,-1.801605220563829e-08
0.5726730270920708,0.7016989,0.7016989,-7.308960103813433e-10
0.5440669575457926,0.6854042,0.68540406,1.214804077331877e-07
0.5241366378256631,0.66316116,0.66316116,-1.4382934843126804e-09
0.4977403842173352,0.62329686,0.62329686,-3.119811964324981e-09
0.4731237565819792,0.5803381,0.5803381,2.046051028603557e-08
0.4459670514174942,0.54280853,0.54280853,2.7148437942159376e-09
0.414755155015257,0.511552,0.51155204,-6.379608152862204e-08
0.4034631054374913,0.49909142,0.49909142,-3.402633674820521e-09
0.3701832939635246,0.46995625,0.46995625,-1.0013580520329413e-09
0.3235317253454781,0.43288553,0.43288553,-2.3892212097642584e-09
0.2791457414294946,0.36155087,0.36155087,-2.4424743894080336e-09
0.2382291887322505,0.31109786,0.31109783,3.0336303691314015e-08
0.1980308504991345,0.25231558,0.25231558,8.448791666282318e-10
0.134530892957606,0.16855086,0.16855085,1.3862037656631188e-08
0.0998453349697161,0.12462934,0.12462936,-1.8934116358115816e-08
-0.6106459590482015,-0.5797131,-0.5797131,-6.155395526619145e-09
-0.7113111511876165,-0.68987453,-0.6898744,-1.2983856201298494e-07
-0.4231200433468851,-0.49160317,-0.49160329,1.2413505556807536e-07
-0.4478508246046022,-0.5166533,-0.5166534,1.0066833500133043e-07
-0.9063404010209868,-0.8761177,-0.8761177,-6.298828125750333e-09
-0.8324092478934529,-0.7590265,-0.7590265,-2.740478510787625e-08
-0.6386589952758756,-0.6025202,-0.6025202,-2.7432251026304755e-08
-0.5869869847315546,-0.56797886,-0.567979,1.410522461053887e-07
-0.657780036722654,-0.61914,-0.6191399,-1.289535522808194e-07
-0.7174398731289899,-0.6775254,-0.6775254,-1.1154174250904703e-09
-0.3989861420104552,-0.5265825,-0.5265825,2.0523071242450897e-08
-0.780886094867952,-0.7420833,-0.7420832,-1.1108093256328999e-07
-0.8232558659069656,-0.7877368,-0.7877369,1.265090942004221e-07
-0.5603660693261269,-0.5319371,-0.5319371,-2.2344970651566598e-08
-0.5887871652357024,-0.55978036,-0.55978036,7.318115002874492e-10
-0.507497833673316,-0.5266994,-0.5266994,-2.3789977987576094e-08
-0.579818495252942,-0.55526686,-0.55526686,2.8527832318658852e-09
-0.2876820724517809,-0.4693525,-0.46935257,5.6448287988342116e-08
-0.6481738149172142,-0.6024362,-0.6024362,1.511688230149133e-08
-0.7052197617942145,-0.66534173,-0.6653416,-1.3488616945611653e-07
-0.7635696448564911,-0.71270573,-0.7127056,-1.313919066880942e-07
-0.4049652330665133,-0.40120462,-0.40120462,4.168624889722139e-09
-0.4748151862429576,-0.42672196,-0.42672196,-3.061675912796602e-10
-0.5869869847315546,-0.5280689,-0.5280688,-1.0010833739748648e-07
-0.4748151862429576,-0.41859493,-0.41859493,3.4043121099891493e-09
-0.2930296787783762,-0.26648754,-0.26648748,-5.881454467893121e-08
-0.355247391947547,-0.30039594,-0.30039588,-5.577384948329822e-08
-0.4185503476568198,-0.3500537,-0.3500537,2.1755218737595783e-09
-0.3812604194113469,-0.3293629,-0.32936278,-1.190650176785546e-07
-0.4716049106127093,-0.4110557,-0.4110557,-1.3891983008385012e-08
-0.2433462586317291,-0.18510512,-0.18510517,5.482475282092558e-08
-0.1566538100453768,-0.10014835,-0.10014838,2.999961852545585e-08
-0.0987159729391577,-0.0768151,-0.07681507,-2.852409362874564e-08
-0.1508228897345836,-0.10356575,-0.10356572,-3.2506256103514986e-08
-0.1779312084926617,-0.15948704,-0.15948704,1.1492156948289534e-09
0.0029955089797983,-0.52589774,-0.52589774,-1.3177490210125598e-09
-0.4754838217032704,-0.5735005,-0.5735005,-1.4030456574332106e-08
-0.0502412164367467,-0.56579137,-0.56579125,-1.1848449710250009e-07
-0.4975886385960132,-0.5889406,-0.5889406,-2.0422363244954056e-08
-0.0801260444792848,-0.5171144,-0.5171144,-8.636474868595201e-10
-0.5086410470423848,-0.5592632,-0.5592631,-1.2937011717450986e-07
-0.1674200124317571,-0.48570296,-0.48570296,-1.6832732985250232e-09
-0.1142891464021276,-0.42975995,-0.4297599,-4.9445724514818323e-08
-0.500812257726205,-0.5503061,-0.5503061,1.8228149434307284e-08
-0.137050267799986,-0.3603594,-0.36035946,5.9489212056451635e-08
-0.1369658550731574,-0.31323525,-0.3132352,-5.3095626839638754e-08
-0.481470542945055,-0.52817225,-0.52817225,-4.5623779199033265e-09
-0.1200754549941058,-0.26984715,-0.26984715,-4.617309590226881e-09
-0.1496607745544062,-0.26095712,-0.26095724,1.1815093992062486e-07
-0.1021410351985457,-0.21125594,-0.21125594,2.185287478750908e-09
-0.4618985696546056,-0.4837012,-0.4837012,7.068634011453412e-10
-0.1613431504087629,-0.2102533,-0.2102533,1.7173767130618245e-09
-0.4344978070479764,-0.43042782,-0.43042776,-5.949043274666721e-08
-0.1851254841266889,-0.13062105,-0.13062105,4.172134387969706e-09
-0.0611363443356377,-0.11460325,-0.11460325,-1.2187957726395027e-09
-0.0393519704941891,-0.067590326,-0.067590356,2.992921448174979e-08
-0.3951236019577783,-0.37429723,-0.37429717,-6.143577574446724e-08
-0.191160505461159,-0.06181538,-0.06181538,-1.0501098601789494e-09
-0.0080040185967807,-0.006369859,-0.006369859,1.9821167276945495e-11
-0.342624661837514,-0.30451682,-0.30451688,5.7900314320846746e-08
-0.1743533871447778,0.024236217,0.024236217,1.4115142735193764e-10
0.0369640927132794,0.05305025,0.05305025,-1.8501281756622134e-10
-0.4338645826298623,-0.42259762,-0.4225975,-1.1691093443344514e-07
-0.5118646661725764,-0.48618612,-0.48618606,-5.6933822656368704e-08
-0.5206144895259538,-0.49666443,-0.49666438,-5.467140196113718e-08
-0.444725822061467,-0.4434292,-0.4434292,-1.8413543467765692e-09
-0.52591043523984,-0.512547,-0.512547,-1.6143798853285318e-08
-0.4478508246046022,-0.45980868,-0.45980868,2.565078760508044e-09
-0.520153972507355,-0.51571953,-0.51571953,-2.9666137324468878e-09
-0.4354089844812364,-0.44036505,-0.440365,-4.6262741082436776e-08
-0.5017332917634026,-0.4948587,-0.4948587,-1.1957931533856936e-08
-0.4034671054454912,-0.39743218,-0.39743218,1.7411041497439328e-09
-0.342490308946776,-0.35702798,-0.35702786,-1.177050018563719e-07
-0.4469317665501442,-0.47833475,-0.4783348,4.5294570927278954e-08
-0.2678794451556012,-0.24590245,-0.24590245,1.1074066108562874e-09
-0.3884461051880955,-0.390681,-0.39068094,-5.856376650292816e-08
-0.3041714907845134,-0.29996976,-0.29996976,-2.5637054701377338e-09
-0.1803235541312816,-0.15679881,-0.15679881,2.3323060149849084e-10
-0.0650719967437148,-0.035019904,-0.03501989,-1.4375076295980449e-08
-0.2010156786183802,-0.23133901,-0.23133901,2.3839569207595446e-09
-1.18341360854429,-1.2044052,-1.2044052,1.1439514224775849e-08
-1.21976349023226,-1.2022499,-1.2022499,1.539459226762574e-08
-1.187771424987928,-1.1346098,-1.1346099,8.15414429311545e-08
-1.130799539169376,-1.1346902,-1.1346902,3.4480285737714667e-08
-1.1126837859350462,-1.1215976,-1.1215975,-1.4766693112733265e-07
-1.0445677274367489,-1.0545756,-1.0545757,1.3752288818835723e-07
-1.0793980697443055,-1.0507764,-1.0507762,-1.6241912836889583e-07
-0.9281257336842572,-0.9551852,-0.95518506,-1.1494201657136216e-07
-0.9221853297441154,-0.9416715,-0.9416715,9.330749506375469e-09
-0.9794968077779476,-0.9402182,-0.9402182,-1.0220336910116146e-08
-0.8073992552085568,-0.8234521,-0.8234521,-1.5058898905628837e-08
-0.8467646692255448,-0.8020253,-0.80202544,1.218542480252438e-07
-0.8033719389456226,-0.79684854,-0.79684854,4.462280323025425e-09
-0.6469147868083932,-0.67144275,-0.6714426,-1.4711608886663896e-07
-0.6889559759414773,-0.660311,-0.66031086,-1.2365783685908127e-07
-0.6649865748566803,-0.6608497,-0.6608496,-9.043731685753897e-08
-0.514742897538819,-0.5112741,-0.511274,-9.934997557969893e-08
-0.5202027855785876,-0.50628924,-0.50628936,1.1630187990441243e-07
-0.4639224921611025,-0.48263463,-0.4826345,-1.3377952573501162e-07
-0.3611271435106791,-0.3773131,-0.37731305,-5.725212098850463e-08
-0.346583180371942,-0.35123965,-0.35123965,-1.4415740823281453e-09
-0.344581859166559,-0.34256038,-0.34256044,5.930274965537663e-08
-0.2322776458689611,-0.25161758,-0.25161752,-6.065223695506106e-08
-0.1412679461687319,-0.119733095,-0.119733065,-3.016906738317893e-08
-0.1458687656411728,-0.12176964,-0.12176964,3.1305694564442987e-09
-0.1435240100860424,-0.11364612,-0.11364609,-2.983299254855076e-08
-0.5412848312506993,-0.5421679,-0.5421679,-1.9927978156530912e-09
-0.5394956872885049,-0.54542625,-0.54542625,4.959106458812812e-10
-0.6889334598238186,-0.68678737,-0.68678737,3.1329345784314455e-09
-0.6889334598238186,-0.67921257,-0.6792127,1.298095703150537e-07
-0.6355134856663567,-0.69037414,-0.6903739,-2.3597106935113743e-07
-0.527632742082372,-0.5230217,-0.5230217,2.00195315880336e-09
-0.5519296467906728,-0.62150466,-0.62150466,-4.42108150089382e-09
-0.6689009695147703,-0.6110301,-0.6110302,9.822387692093315e-08
-0.5024240672913008,-0.6673125,-0.6673125,-2.8610229740877458e-09
-0.4942963218147801,-0.49107394,-0.491074,6.377601624585338e-08
-0.5533111978464693,-0.5998142,-0.5998142,2.344055172187609e-08
-0.5811724774716972,-0.5450573,-0.5450573,3.2470702793219175e-09
-0.5892315252971764,-0.57699037,-0.57699037,4.017944310596988e-09
-0.4494169956373471,-0.44277003,-0.44277003,-4.074783344076849e-09
-0.5180816459236603,-0.5360545,-0.5360545,8.003234852616004e-09
-0.3930512753740836,-0.36116317,-0.3611631,-6.914558409176763e-08
-0.5289037958607323,-0.4682208,-0.4682208,-1.6136170177816211e-10
-0.4586749505244139,-0.45957372,-0.45957372,4.074783344076849e-09
-0.3841929728326246,-0.35239425,-0.3523943,4.6984481805179e-08
-0.324434239602861,-0.30157652,-0.30157658,5.5027084333580945e-08
-0.4618985696546056,-0.3974543,-0.39745423,-6.158210752449378e-08
-0.3133418192323586,-0.29766425,-0.29766425,-4.903793315857996e-09
-0.3944328264298801,-0.3902063,-0.39020625,-5.717277529182496e-08
-0.2459160879317641,-0.22073671,-0.22073677,5.7782669066197556e-08
-0.3792357648161193,-0.32771233,-0.32771227,-5.724189755529352e-08
-0.2306718177350012,-0.21414983,-0.21414983,-2.725524889113373e-09
-0.3193685523982741,-0.31939265,-0.3193926,-5.131950375769634e-08
-0.149668031044613,-0.09456092,-0.09456092,-1.192169182817615e-09
-0.2813758983638724,-0.25256,-0.25256,1.0309219367066191e-08
-0.1278333715098848,-0.07860258,-0.07860258,-2.2162628121602523e-09
-0.2344031624667938,-0.24113959,-0.24113959,-7.402038704196201e-10
-0.0418642040986988,-0.0102856755,-0.0102856755,-2.5665282399334188e-11
-0.0419070486924916,-0.007304892,-0.007304892,5.606842073957452e-11
-0.1789108617256374,-0.18633595,-0.18633595,-1.0898590085961501e-09
-0.927711533967301,-0.92622805,-0.92622805,3.58276364131882e-09
-1.0357027748287218,-1.0569888,-1.0569888,-3.5334777770401615e-08
-0.9314043696842031,-0.8959141,-0.8959141,2.224121098404197e-08
-0.8823506076353184,-0.8701973,-0.8701973,3.85742182640314e-09
-0.8964881045779755,-0.85845387,-0.85845387,1.8035883897482563e-10
-0.8945543086281869,-0.8824978,-0.8824978,1.2524414061410027e-08
-1.0018547739617094,-1.0175704,-1.0175704,2.360382089783286e-08
-0.8356081302475392,-0.8166486,-0.8166486,-2.4856567915065853e-09
-0.8370175509796473,-0.8030031,-0.8030032,1.2726135256713178e-07
-0.8333055451545452,-0.83017695,-0.83017695,4.989624269313708e-10
-0.9502768678786429,-0.9567797,-0.9567797,-1.8399047840844673e-08
-0.7686029040414125,-0.75280666,-0.75280666,-3.51318363289721e-09
-0.7657178733947807,-0.7409383,-0.7409383,-5.854797313631366e-09
-0.7527150668997536,-0.7644211,-0.764421,-1.0538482664301796e-07
-0.8853439682562106,-0.8867179,-0.88671803,1.1446502690137805e-07
-0.6776507928681478,-0.65774834,-0.65774846,1.1843963620972175e-07
-0.6654470918752792,-0.6542574,-0.6542574,-1.6725158702435294e-08
-0.7881748773318619,-0.7930027,-0.7930027,-2.4647522023357737e-08
-0.6597124044737079,-0.6356236,-0.6356236,2.5743102982644928e-08
-0.6520052372287701,-0.6267046,-0.6267047,1.2636871338234101e-07
-0.5652846403300382,-0.54178166,-0.54178166,-3.894653266556247e-09
-0.5586071435603556,-0.5295069,-0.5295068,-1.2176818842135617e-07
-0.6771902758495488,-0.6689887,-0.6689887,-4.681396492678402e-09
-0.53785429615391,-0.50713086,-0.507131,1.3871765136563852e-07
-0.4409450453083598,-0.40972695,-0.409727,5.245399475883872e-08
-0.4321952219549824,-0.41340747,-0.41340747,-4.756240845615878e-09
-0.5659754158579364,-0.55397713,-0.55397713,-1.8435668547311934e-09
-0.4261781497057059,-0.38253453,-0.38253453,-3.739089982079946e-09
-0.3011781301636212,-0.29492792,-0.29492792,-4.871444692078342e-09
-0.2951914089218367,-0.2925733,-0.2925734,9.701576231258002e-08
-0.4344978070479764,-0.43598446,-0.43598446,-2.4996185121750614e-09
-0.2665731092415457,-0.24821788,-0.24821788,-7.258605938531559e-10
-0.1429905342749302,-0.14242229,-0.14242232,3.1343765249935984e-08
-0.124430078378177,-0.08226398,-0.08226398,3.6644744877412094e-09
-0.1294052822262653,-0.14183557,-0.14183557,-3.3538818944300886e-10
-0.1998643860718832,-0.2687805,-0.26878053,3.030326845010478e-08
1.669780141440262,1.6836622,1.6836622,-2.386779796026417e-08
1.348854347475912,1.2954738,1.2954737,1.1401062005589324e-07
1.2268173375472278,1.1510795,1.1510795,3.548431393163298e-08
1.5430844118840792,1.5998403,1.5998404,-1.1660614007702463e-07
1.1024777425255492,1.0298077,1.0298076,8.680572505248563e-08
1.410254998564734,1.4956032,1.4956031,1.037734984610239e-07
1.2711640538662592,1.3463506,1.3463506,-4.9348449771002834e-08
0.97836840601317,0.9053768,0.9053768,-8.045959454250351e-09
1.1108701860636117,1.1247118,1.1247116,1.5193786628842076e-07
0.8351476132289405,0.75834095,0.75834095,4.780578599650198e-09
0.932557704338027,0.9244009,0.9244009,2.563629153407021e-08
0.6790323439239441,0.6023376,0.60233766,-6.119934081727507e-08
0.7371640659767196,0.7491406,0.7491406,2.0231628372613386e-08
0.5084107885330853,0.41127473,0.41127473,1.1592102278079608e-09
0.5318040301511824,0.56862414,0.56862414,-1.167907659471723e-09
0.3258157906586574,0.24713321,0.24713321,3.013992389000464e-10
0.3184537311185346,0.34190452,0.34190452,9.884643659141545e-10
0.1224975269472832,0.090778664,0.090778664,-2.4553679922600935e-10
1.171242979703017,1.9416479,1.9416479,-1.27700805485631e-08
1.1537315878891892,1.8995745,1.8995744,1.1820373524429328e-07
1.134301131076617,1.8528763,1.8528763,5.580139239569348e-09
1.112515193837101,1.8097384,1.8097384,-2.401733478762935e-09
1.0678093795130643,1.7258394,1.7258394,-2.3550414951500898e-08
1.0303334479148152,1.6573845,1.6573844,1.1480865480528735e-07
0.9802040576178078,1.5908238,1.5908238,-3.043060292640121e-08
0.8932267922756034,1.4806958,1.4806958,4.3696594342890194e-08
0.8342126208385481,1.4168032,1.4168032,4.077606208241491e-08
0.799307376388336,1.3557037,1.3557037,1.1509704522794095e-08
0.755182571479398,1.2652774,1.2652774,-1.4288330074663236e-08
0.6931471805599453,1.1554397,1.1554399,-1.655410766243648e-07
0.647626665258136,1.0860139,1.0860139,1.315460207429453e-08
0.5911144549947938,0.98103034,0.98103034,4.9630737297690075e-09
0.5001690435774618,0.82359457,0.82359457,1.5991208357490905e-10
0.406797553341943,0.6827971,0.6827971,-2.5682067916754647e-08
0.3235317253454781,0.48473018,0.48473015,3.407821652645637e-08
0.2639015437863775,0.38924152,0.38924152,-3.4098815993033327e-09
0.1972101692877052,0.27894682,0.27894682,-3.078765853370413e-09
0.1527210870176639,0.20909481,0.20909482,-1.249439238182326e-08
-0.5657451573486371,-0.5960821,-0.5960821,8.66851801450963e-09
-0.6537039079010096,-0.6894505,-0.6894506,9.760437014172396e-08
-0.7515637743532566,-0.7570994,-0.7570993,-9.002990719597648e-08
-0.5279827618235348,-0.58904374,-0.58904386,1.2354217526766575e-07
-0.6364345197035542,-0.6580782,-0.6580782,6.335449165284501e-09
-0.7147224128653519,-0.72008324,-0.72008336,1.2330566401264065e-07
-0.6327503835547638,-0.6350324,-0.63503253,1.1460998539103429e-07
-0.4962070875402168,-0.559726,-0.559726,1.6784662548730012e-10
-0.5952182465389609,-0.61181724,-0.6118171,-1.4071502685286674e-07
-0.6861703577122257,-0.6921421,-0.6921421,-2.894439699030471e-08
-0.5975208316319549,-0.58993673,-0.58993673,-3.245849589106342e-09
-0.4496948686617372,-0.50452113,-0.50452113,-1.5155029453595148e-09
-0.562291279709146,-0.58112586,-0.58112586,4.554138177681466e-09
-0.6497895132429198,-0.65686285,-0.65686285,-4.957580568287767e-09
-0.5394956872885049,-0.54301226,-0.54301226,-1.3906860107937291e-09
-0.3861435200951014,-0.41936734,-0.41936728,-6.318733214438765e-08
-0.5081805300237859,-0.5236577,-0.5236577,2.0442199710757336e-08
-0.6055798794574341,-0.60438883,-0.60438883,-3.045959484637706e-09
-0.4791679578520609,-0.48164967,-0.48164973,6.297538757138454e-08
-0.3133818311564896,-0.32295504,-0.32295516,1.1787620546321875e-07
-0.4425568548734556,-0.4282396,-0.42823967,5.62285614180702e-08
-0.5475547351139841,-0.5013168,-0.5013169,1.1418762202453081e-07
-0.3997287721437664,-0.41094318,-0.41094318,-3.2264707572338125e-10
-0.2302585092994046,-0.22640353,-0.2264035,-3.4412384025683806e-08
-0.3741700776115325,-0.33996436,-0.3399643,-5.999870300588128e-08
-0.4635103792197014,-0.4061338,-0.40613368,-1.2074501037906415e-07
-0.299336062089226,-0.32621315,-0.3262132,4.8783493022952484e-08
-0.2806851228359742,-0.2653899,-0.2653899,1.0521316540224035e-08
-0.3587427574884723,-0.3389459,-0.3389459,4.5665741188472e-09
-0.2120680870647516,-0.23314339,-0.23314339,7.749939023860009e-10
-0.2155219647042427,-0.19508916,-0.1950891,-6.139602662380561e-08
-0.2044695562578712,-0.2390039,-0.23900384,-5.67132568407569e-08
-0.1045373632219296,-0.13867196,-0.13867196,-4.406967152315033e-09
-0.540646979835002,-0.5576744,-0.5576744,-7.958984360456611e-09
-0.6587695951055966,-0.6135285,-0.6135285,9.93347171185377e-09
-0.534430000083918,-0.5404136,-0.5404136,-1.8087768505203883e-08
-0.6458751185848299,-0.60325086,-0.60325086,-1.167907659471723e-09
-0.5160093193399656,-0.509514,-0.509514,2.581024172165769e-08
-0.626072886785081,-0.5898607,-0.5898607,2.2280883804626228e-08
-0.4777864067962645,-0.4563022,-0.45630208,-1.1578742981077639e-07
-0.600974709271446,-0.55902064,-0.5590205,-1.3846588131638526e-07
-0.4275900517689943,-0.4002702,-0.40027013,-6.381523132148459e-08
-0.5422587894000978,-0.539485,-0.539485,2.227783202357614e-08
-0.3628874106558616,-0.31709006,-0.31709,-6.428718568596281e-08
-0.4648919302754978,-0.44945678,-0.44945684,5.885108950165474e-08
-0.2894349461893515,-0.24758217,-0.24758217,2.612991323314162e-09
-0.4027221327646586,-0.37130955,-0.3713095,-4.8616409287216555e-08
-0.1957197329044939,-0.1859253,-0.18592525,-5.488967896871699e-08
-0.342624661837514,-0.3136346,-0.31363454,-6.42156219310408e-08
-0.093945471794157,-0.12573725,-0.12573728,3.014877320017817e-08
-0.2829877079289682,-0.24377191,-0.24377188,-3.0667419437246934e-08
-0.7603559302533953,-0.6981523,-0.6981524,9.63043212953707e-08
-0.6481777036778239,-0.70132685,-0.70132685,2.923583930503071e-09
-0.7402387880937958,-0.679512,-0.679512,-2.392578124510436e-08
-0.6327503835547638,-0.67728984,-0.67728984,-3.559265104868814e-09
-0.6887568322586525,-0.6084802,-0.6084802,-1.5072631809331938e-08
-0.5954485050482603,-0.6068834,-0.6068833,-1.0663909910668679e-07
-0.6187820986046386,-0.54856634,-0.54856634,-1.400146443231165e-09
-0.5360418096490139,-0.55018985,-0.55018985,-2.714538593906468e-09
-0.5399112046610873,-0.4686428,-0.46864268,-1.210463714818033e-07
-0.4653524472940967,-0.469045,-0.469045,-1.3189315806183544e-08
-0.3870645541322991,-0.3478531,-0.34785315,5.5660629272313855e-08
-0.4469122980223379,-0.34017244,-0.34017244,1.8638612875321314e-10
-0.3372925730051154,-0.25249773,-0.2524978,6.736068725032851e-08
-0.2903559802265492,-0.25013587,-0.25013587,1.2122344794640583e-09
-0.1800621542721344,-0.18360758,-0.18360758,1.7224121018344363e-09
-0.2155474746925817,-0.17451,-0.17451,-2.1362304702954305e-09
-0.0469727358970785,-0.04040657,-0.04040657,1.6147613801642535e-10
-0.0779615414697118,-0.016358823,-0.016358793,-2.9584152221734383e-08
1.8899443011367856,1.9135627,1.9135627,-4.455108637557714e-08
1.6389800691931615,1.6222627,1.6222627,1.6293334903494383e-08
1.7599247457080365,1.8270935,1.8270935,-1.7982482836131908e-08
1.5192456443574716,1.5234871,1.5234871,-8.93554696901333e-09
1.624523549852141,1.6836634,1.6836632,1.6822509762981497e-07
1.3873075185289128,1.4024833,1.4024832,1.4407806392391365e-07
1.471783747135305,1.5373007,1.5373007,5.909728928443769e-09
1.240172331086593,1.2102748,1.2102747,1.1555938717044967e-07
1.2988283353386147,1.366556,1.366556,4.839324940775214e-08
1.0794518915956086,1.0243593,1.0243593,4.543609621876499e-08
0.9037646490001632,0.8151922,0.8151922,2.2595214810294806e-08
1.114157500003572,1.0684181,1.0684181,4.51797486089589e-08
0.8940451229268352,0.8585937,0.8585937,2.316284164471938e-09
0.7043607799468786,0.6238191,0.6238191,1.2777710001188325e-08
0.6719235441083187,0.6435839,0.6435839,-6.2240600451346495e-09
0.4821613184729532,0.37326145,0.37326145,1.721191411618861e-09
0.3879797937671448,0.39095044,0.39095044,1.3604736226469072e-09
0.2249625635855182,0.17153251,0.17153251,1.7111206063180617e-09
-0.3923604998461854,-0.4211308,-0.42113075,-5.620765686220608e-08
-0.3581045367483269,-0.28465012,-0.28465,-1.1715888975638578e-07
-0.380156798853317,-0.4083158,-0.40831587,6.241905214920962e-08
-0.353821874956326,-0.28595993,-0.28596,7.077217101247868e-08
-0.342490308946776,-0.29113808,-0.2911381,1.7257308970730634e-08
-0.3718674925185384,-0.37590185,-0.37590185,1.922225933981281e-09
-0.3594335330163705,-0.3610827,-0.3610827,-2.875137350422108e-09
-0.320205264157341,-0.30072418,-0.30072418,1.4473724441188551e-09
-0.2836900511822435,-0.27621466,-0.27621466,7.859802253484816e-10
-0.3414733692910169,-0.32154372,-0.32154366,-6.334480284753141e-08
-0.3055530418403099,-0.26484543,-0.2648455,6.914901734544898e-08
-0.2306718177350012,-0.17661905,-0.17661911,5.711303710520532e-08
-0.176737178500054,-0.10885143,-0.10885143,-2.800292969729057e-09
-0.2514422921549498,-0.20414108,-0.20414114,5.962051391472656e-08
-0.1120495038086228,-0.03128825,-0.03128828,2.871921539471245e-08
-0.1561152693049963,-0.13892668,-0.13892668,-4.856414798082298e-09
-0.0294288106908121,0.026151806,0.026151806,1.1610412631313238e-10
-0.0775971176338993,-0.09669161,-0.09669164,3.1571044917244606e-08
0.3594335330163705,0.33047858,0.33047858,-1.194076559851709e-09
0.3838409350021074,0.37835363,0.37835366,-3.446403501472517e-08
0.2829877079289682,0.3068779,0.3068779,1.1090850848827216e-08
0.312460797119292,0.31879577,0.31879577,4.0672304413291727e-10
0.2141404136484462,0.27953267,0.27953267,9.747314622110537e-10
0.2479884145154587,0.26311108,0.26311108,4.699630740123695e-09
0.1512798406097088,0.20950371,0.20950371,2.69927968865602e-10
0.1878909435883141,0.18153268,0.18153268,9.883117657594198e-10
0.0923336622290612,0.13548732,0.13548729,2.8038940419472524e-08
0.1307868332820618,0.11575005,0.11575005,2.0348548956938828e-09
0.0359203274507071,0.07781923,0.0778192,2.817230224105849e-08
0.0782878931617975,0.08909484,0.08909482,1.999013900244595e-08
-0.014276027576563,0.009686291,0.009686261,3.0217803955248645e-08
0.0306243817368208,0.09646698,0.096467,-1.9125461575564273e-08
-0.0577948858341505,-0.004831791,-0.004831791,7.592773458575675e-11
-0.0048354286952874,0.074115336,0.074115336,-5.868530661423677e-11
-0.0868074580058755,-0.04632473,-0.0463247,-2.991943359037519e-08
-0.0181904222346529,0.038149744,0.038149714,3.027223205442908e-08
0.3778542137603229,0.36870772,0.36870772,-3.5350036786674366e-09
0.240159625199279,0.29220203,0.292202,2.5651931745418466e-08
0.2981847695427289,0.35067913,0.35067913,-6.378936823203674e-10
0.1740754330303498,0.24793792,0.24793792,-2.2906494201446748e-09
0.2261138561320153,0.3164392,0.3164392,1.1368560814961626e-08
0.1075307238428219,0.19285882,0.19285883,-1.4806823739332842e-08
0.1558850107956969,0.23468964,0.23468964,-1.981391911654029e-09
0.0375321370158029,0.09597843,0.09597843,1.4036369289094353e-09
0.0861166824779773,0.14781228,0.14781228,-2.9213714503040222e-09
-0.0322361913019166,0.034990534,0.03499055,-1.5813636781991658e-08
0.0170391296881559,0.051811755,0.051811755,-2.9647827248791003e-10
-0.0978598664522469,-0.041439623,-0.041439593,-2.9640609744419066e-08
-0.0515779060830666,-0.014775127,-0.014775187,5.98275299076162e-08
-0.172463623465254,-0.09898329,-0.09898332,3.2188720702763796e-08
-0.1153595131590017,-0.08612263,-0.08612263,-2.026672357713366e-09
-0.235093937994692,-0.16664964,-0.16664964,3.935241577046611e-10
-0.1664769022234695,-0.12068853,-0.12068853,2.1775054953598882e-09
-0.2795338302894771,-0.20253676,-0.20253676,-1.7607116598039596e-09
2.131440836790216,2.1599348,2.1599348,-4.0859985173113955e-08
1.8574953945182968,1.8724244,1.8724242,1.6408996583727742e-07
1.997553382207152,2.0626225,2.0626225,4.714965839980323e-08
1.7356886430989118,1.7600455,1.7600453,2.284118651996181e-07
1.854421230352766,1.9305112,1.9305111,1.3619079597404493e-07
1.6032900002517545,1.6261305,1.6261305,-3.830718986463921e-08
1.6902803002782012,1.731807,1.7318072,-2.065155029207233e-07
1.4577666223745305,1.4487591,1.448759,7.89794922795295e-08
1.510501164574077,1.5142866,1.5142866,3.7306213451770986e-08
1.2956646318277496,1.2362859,1.2362859,2.4911499085789046e-08
1.3115708149239542,1.2819463,1.2819463,1.4602661302376418e-09
1.110997307369627,0.98858094,0.98858094,2.153930700465878e-09
1.0770481107522691,0.96142423,0.96142435,-1.1847076419879699e-07
0.894093791609588,0.72564375,0.72564375,4.0054320971094626e-09
0.824613943302251,0.727126,0.727126,2.3117064928968034e-09
0.6355134856663567,0.4488081,0.4488081,3.7998199586830594e-09
0.5056120567131032,0.43382585,0.43382585,4.867553582421635e-10
0.3189080353796754,0.200425,0.200425,-1.0013580242773656e-09
1.123565030023686,1.1841367,1.1841369,-1.516860961281452e-07
0.6401186558523448,0.6776853,0.6776853,2.037734980753214e-08
1.042958624477275,1.1559411,1.1559412,-7.126922607625374e-08
0.5056476864214925,0.5161519,0.5161519,5.0598144563096525e-09
0.9587753434803102,1.1023444,1.1023444,-6.2698364278190866e-09
0.8862438105218584,1.0309079,1.0309079,-3.066101084137074e-08
0.4036431668018562,0.40220296,0.40220296,3.8290405290908325e-09
0.3007176131450224,0.3362307,0.3362307,-4.752349846981474e-09
0.7621133850246681,0.81214666,0.8121468,-1.3633422846215382e-07
0.2150614476856439,0.25494215,0.25494212,2.892387390707185e-08
0.6452166468023953,0.5986961,0.5986961,1.2632751511532092e-08
0.1086820163893189,0.16137156,0.16137157,-1.1095352164813832e-08
0.5085630661117316,0.4403748,0.4403748,-8.377838145445793e-09
-0.0032236191301916,0.06302543,0.06302543,-1.5514373119529523e-10
0.3527673191077153,0.32608622,0.32608622,3.1254577814721074e-09
0.2715526905218973,0.27434093,0.27434093,-2.3991393871547473e-09
-0.1146687376311034,-0.03202945,-0.032029435,-1.4939727781271284e-08
0.2070954668926022,0.22910042,0.2291004,2.107105254167685e-08
-0.2166732572507397,-0.09435302,-0.09435299,-3.019119262925862e-08
0.1416731583161456,0.17847748,0.17847748,1.0075759948602325e-09
-0.4503856441896354,-0.4850643,-0.48506424,-5.791450502501405e-08
-0.6088034985876258,-0.5562327,-0.5562326,-9.081115726061739e-08
-0.4418660793455574,-0.4837034,-0.48370352,1.1533500671179198e-07
-0.629987281443171,-0.5551816,-0.5551816,-2.2505187935450977e-08
-0.4165376433226229,-0.4803647,-0.48036465,-6.009254455152657e-08
-0.6210071995804942,-0.5704427,-0.5704428,1.2345581057449095e-07
-0.3691043904069455,-0.48465,-0.4846501,1.1397132870794024e-07
-0.5915341103901705,-0.5524579,-0.5524578,-1.2865753173940675e-07
-0.3103884705355973,-0.44720557,-0.44720557,-3.3203887972454993e-09
-0.5434100819465948,-0.52219677,-0.5221969,1.302856444951317e-07
-0.2376267815969855,-0.37573537,-0.37573543,5.769508359954045e-08
-0.4807797674171568,-0.42532137,-0.42532137,-3.632354972360474e-10
-0.160490180981685,-0.33084545,-0.33084545,4.605483994168935e-09
-0.402952391273958,-0.31791362,-0.31791368,5.833595273507797e-08
-0.0782878931617975,-0.2577057,-0.25770572,3.152343752699238e-08
-0.3034807152566152,-0.25548112,-0.25548112,-3.924255365106433e-09
0.0029933606208922,-0.077546924,-0.077546924,-3.526458708380531e-10
-0.1717728479373558,-0.19029191,-0.19029191,-1.3636016760187886e-09
-0.5266393222766532,-0.558359,-0.558359,-2.690887446199497e-08
-0.512493313587957,-0.5395595,-0.53955936,-1.2352813716365318e-07
-0.6415002069081412,-0.6663703,-0.6663703,2.7363586396766948e-08
-0.4691081663444241,-0.50312984,-0.50312984,1.0284428864082429e-10
-0.4439323148187419,-0.4690713,-0.46907136,6.116233824959849e-08
-0.5712713615718228,-0.5729649,-0.5729648,-1.0669250483097414e-07
-0.4179630190373474,-0.45288458,-0.45288458,-4.6652984808659426e-09
-0.7941615985736464,-0.7976656,-0.7976657,1.0399169925179308e-07
-0.3677299154425283,-0.40448108,-0.40448114,5.684532167204992e-08
-0.3633012782517463,-0.40049604,-0.40049616,1.241857147116221e-07
-0.5215355235631514,-0.49385628,-0.49385634,5.895790100574061e-08
-0.7566294615578435,-0.7430692,-0.7430692,2.809448240714829e-08
-0.3228557892854751,-0.35245433,-0.3524544,6.550254821879875e-08
-0.298076063307495,-0.3255978,-0.32559773,-6.286384585107996e-08
-0.4609775356174079,-0.42046204,-0.42046216,1.1790672299616389e-07
-0.2660769220270411,-0.29114196,-0.29114196,2.9553985370078806e-09
-0.7002161267794893,-0.6835307,-0.68353057,-1.1828582768824702e-07
-0.2294058058643126,-0.254807,-0.25480705,5.460815427626997e-08
-0.392130241336886,-0.35693726,-0.35693726,5.643462919202591e-10
-0.6297570229338716,-0.6244869,-0.6244869,-2.3217773481576387e-08
-0.1882625897835295,-0.21033692,-0.21033698,5.640075684265611e-08
-0.1583229918281929,-0.1868988,-0.1868988,2.249526981357164e-09
-0.3129213141378908,-0.29867724,-0.29867718,-5.5841751112062354e-08
-0.5325879320095228,-0.56804645,-0.56804657,1.1938507082920324e-07
-2.083544025370122,-0.116977096,-0.116977096,3.960571315353434e-10
-0.2201271348902308,-0.23898548,-0.23898542,-5.8878021236274947e-08
-0.0998423734248032,-0.1155563,-0.1155563,3.1356811591720657e-10
-0.4140047997203294,-0.51120794,-0.5112078,-1.3819427491235103e-07
-0.0297025453720931,-0.048206955,-0.048206955,-1.9447326388144504e-10
-0.1892724946441105,-0.18393499,-0.18393499,3.4086608813321817e-09
0.0404924906398136,0.026950061,0.026950046,1.5321258546585614e-08
-0.1307868332820618,-0.113613635,-0.113613695,5.969841003483634e-08
0.0200324903090481,-0.13610443,-0.1361045,6.527137755285572e-08
0.250981775136351,-0.030096248,-0.030096218,-2.9792243956550113e-08
0.3170659673052801,-0.043491647,-0.043491647,3.5254669322748455e-10
0.2542053942665426,-0.1442706,-0.14427057,-2.8888397229920315e-08
0.5074897544958877,0.2165407,0.21654071,-1.576324462626566e-08
0.4699576174800848,0.11320639,0.11320639,-3.4338378945841797e-09
0.393281533883383,0.09970712,0.09970714,-2.083314895595656e-08
0.861627341798372,0.21861444,0.21861443,1.4136619569393716e-08
0.8418251099986231,0.26964843,0.26964843,2.731628423457977e-09
0.5164698363585645,0.305163,0.305163,-3.946304338864337e-09
0.3732490435743348,0.22253475,0.22253475,-4.068374637178351e-09
0.3559796553768795,0.19445835,0.19445835,5.392074564625204e-10
0.7573202370857418,0.27614012,0.27614012,3.6057281604939817e-09
0.4662734813312943,0.292172,0.292172,1.4713287366241445e-08
0.3744003361208318,0.21797623,0.21797623,-2.5973129202938594e-09
0.3071648514054057,0.1921017,0.1921017,2.094078077607975e-09
0.60327729436444,0.24656895,0.24656895,-1.9695282071907627e-09
0.3840711935114068,0.23043159,0.23043159,-3.4960174477571826e-09
0.3290394097888491,0.16524363,0.16524363,-4.359130861830707e-09
0.2493699655712551,0.13375795,0.13375792,2.887542724372416e-08
0.5779488583415056,0.23963259,0.2396326,-8.394813538759038e-09
0.30163864718222,0.16926682,0.16926682,-4.608155523833091e-11
0.2484489315340575,0.08310194,0.08310194,3.135261536502121e-09
0.1848975829674218,0.049933523,0.049933523,-6.031799365535662e-11
0.4858454546217436,0.2580658,0.25806582,-3.0062026978860956e-08
0.2132193796112486,0.10697945,0.106979445,7.073574059823784e-09
0.2196666178716319,0.028310776,0.028310776,-2.4316406180280303e-10
0.1096030504265166,0.0045874715,0.0045875013,-2.981486206012074e-08
0.3506837096629931,0.2555654,0.2555654,4.891967775311201e-09
0.1176620982519957,0.031041995,0.031041995,-3.0910491874425183e-10
0.0379926540344017,-0.023099974,-0.023099974,2.0220184207553338e-10
0.0200324903090481,-0.04909283,-0.04909283,7.725524872603806e-10
0.2700932314082016,0.2169563,0.2169563,2.5236129852501676e-09
-0.0771366006153005,-0.007542774,-0.0075427443,-2.978123016337403e-08
0.0165786126695571,-0.034100518,-0.034100518,3.694229158690554e-10
-0.0467424773877791,-0.07855746,-0.07855743,-3.1500167849141114e-08
-0.0817417708012886,-0.09934029,-0.09934026,-2.983116149934961e-08
0.5877866649021191,0.44944593,0.44944593,3.1035614078689377e-09
0.8211005448704062,0.6657437,0.6657437,8.610534618647137e-09
0.6721245886449619,0.61672354,0.61672354,-2.554931599618726e-09
1.1628382609673809,0.9523822,0.9523822,6.91680912545678e-09
1.3315741489196578,1.3245139,1.324514,-8.779907223477323e-08
1.1929693366802152,1.24322,1.24322,-2.8343200675351454e-08
1.027183209984644,1.2118648,1.2118648,2.9063415452057484e-08
1.6397731122301733,1.5898876,1.5898876,1.9018554731076165e-08
1.9289093073752883,1.8632858,1.8632859,-1.200469970097373e-07
1.745589758998786,1.7977757,1.7977757,4.539184561558329e-08
1.5533239037337834,1.7684158,1.7684159,-9.132232658970452e-08
2.200330858955289,2.1654358,2.1654358,-8.984375021725555e-09
2.5264483852326043,2.5956564,2.595656,3.9495849613047085e-07
2.291993201566273,2.5150132,2.5150135,-2.820739744002765e-07
2.0612741752482697,2.3323655,2.3323655,1.2847900521251177e-08
2.776144891567548,2.8640668,2.8640668,3.921813984675282e-08
3.0043450766522137,3.1454587,3.1454587,-1.7272947516744352e-09
2.7895818401622865,2.9727943,2.9727943,-5.642700084962371e-09
2.492318104656756,2.651493,2.651493,7.250976574724177e-08
3.34349764486278,3.574261,3.574261,-4.991149893385227e-08
3.108029358523364,3.3384552,3.3384552,1.953126549381068e-10
2.763102111592855,2.8357978,2.8357978,-1.3287353439750405e-08
3.4242626545931514,3.652437,3.652437,-2.833557122272623e-08
3.448621533896888,3.573249,3.5732489,2.016387941061737e-07
3.19437629951064,3.421691,3.421691,-5.914306644427825e-08
2.8374756100965626,2.934406,2.9344056,4.420989991871238e-07
3.425336995848636,3.52397,3.5239701,-2.1131286631614898e-07
3.345261749331852,3.4584658,3.4584653,5.14590454248065e-07
3.1248382297022195,3.281277,3.281277,-5.870056174472893e-08
2.772082193455532,2.906041,2.906041,-9.309387216660525e-08
3.2402850041057003,3.4042614,3.404261,3.5063171388571845e-07
3.103868932158569,3.2594342,3.2594342,2.3175048990964342e-08
2.8984941150609047,3.0458066,3.0458062,4.4634704599033626e-07
2.58350047433932,2.704294,2.704294,-3.370666501467667e-08
-0.8561011375751864,-0.8625101,-0.8625101,1.4894103950169324e-08
-0.6827164800727346,-0.7252232,-0.7252232,1.6368102984110067e-08
-0.593606436973865,-0.51226485,-0.51226497,1.2224456791276594e-07
-0.5001214821983068,-0.3408157,-0.34081575,5.685997006565913e-08
-0.3087766609705015,-0.09683815,-0.096838176,2.9551864622057167e-08
-0.2691721973710039,0.04657793,0.0465779,3.045043945465453e-08
-0.0006907755278982,0.1990095,0.19900948,1.2993354808754631e-08
0.0522686816109648,0.2996328,0.2996328,-1.2295532203498993e-08
0.3308814778632444,0.41530436,0.41530436,2.7738952801392713e-09
0.4812402844357555,0.5230213,0.5230212,8.076553348335125e-08
0.6859400992029263,0.68930197,0.68930197,-2.379150432219035e-09
0.711959310753759,0.8071171,0.8071171,4.53033444092199e-09
1.0637943129632492,1.0438293,1.0438293,2.1861267018863373e-08
1.1116880828975253,1.2813933,1.2813934,-1.104339599766746e-07
1.4651348946721114,1.5371984,1.5371985,-7.566070547859738e-08
1.5505608016221906,1.7242845,1.7242845,2.9685974123339065e-08
1.889501327310914,2.0101314,2.0101316,-2.4089965799944935e-07
1.7891086172563735,2.2019415,2.2019415,-9.826660374301355e-09
-0.0727627628920114,-0.012707502,-0.012707472,-2.964985656821184e-08
-0.0757550495595041,-0.12576717,-0.12576717,-1.3829040412804972e-09
0.0382229125437011,-0.1153366,-0.1153366,3.034210202534915e-09
0.0542328496584002,0.19434348,0.19434348,-2.5124359259720563e-09
0.1761470671385886,0.43555915,0.43555915,3.5568237244376633e-09
0.1844370659488231,0.17016673,0.17016673,8.807373164110288e-10
0.2643367686757165,0.17296624,0.17296624,1.8365478582360595e-09
0.3084388326536504,0.65634567,0.65634567,-4.545135490197083e-09
0.439777796588859,0.8373662,0.8373662,2.3335266163826418e-08
0.4538395218291264,0.46020842,0.46020842,-4.01489258505805e-09
0.5132462172283728,0.4788762,0.4788762,3.2985687514752726e-09
0.5915077331325356,0.93804,0.9380399,1.1808166500149042e-07
0.7347610278820014,1.1061678,1.1061678,-6.7260741420938075e-09
0.7296892159698132,0.80919325,0.8091934,-1.4648284907270437e-07
0.8112007282618023,0.7929125,0.7929125,-1.6784667988822832e-08
0.8788092848402816,1.3177959,1.3177958,7.268829338435978e-08
1.0287760902523737,1.472867,1.472867,1.2023925854975914e-08
1.012446665389482,1.077483,1.077483,5.797576907440316e-08
1.0508998364424824,1.0636578,1.0636578,-3.937988291013994e-08
1.1800840301708646,1.6056831,1.6056832,-1.116973877834937e-07
0.8966266352118816,1.1964178,1.1964179,-9.146728507936075e-08
1.3409057052561115,1.7386314,1.7386312,1.6768341071227155e-07
1.3023421285974324,1.396603,1.396603,-1.1756897011494516e-08
1.2896779105859653,1.3388225,1.3388225,-1.598358156940094e-08
1.5024590212461018,1.8471022,1.8471022,-3.477783194760775e-08
1.6614623075024064,1.9541428,1.954143,-1.9108581539306613e-07
1.5968427619913708,1.692692,1.6926919,1.4139709469951356e-07
1.5602316590127654,1.6290729,1.629073,-9.541320800110498e-08
1.824648951600997,2.0664759,2.066476,-1.3177490254534518e-07
1.9873919962249167,2.1821651,2.182165,1.458740235271705e-07
1.8954880485526984,1.9198543,1.9198544,-1.1666717525393722e-07
1.818811964955997,1.891303,1.891303,-5.677032466344656e-08
2.151953533791818,2.3266087,2.3266084,2.5783691404157594e-07
2.2928067201552507,2.4663372,2.4663372,3.979492291250608e-09
2.1939030766047267,2.191284,2.191284,-5.8731079111140616e-08
2.0859118357433064,2.1463535,2.1463532,2.8320007317006457e-07
2.471373893705383,2.6462154,2.6462154,3.8842773442127054e-08
2.631853846718628,2.780187,2.7801871,-2.0844421388943601e-07
1.1628054719619931,1.1953056,1.1953056,-1.4138793913431869e-08
1.332366019094335,1.3401054,1.3401053,1.1439056391004954e-07
1.286224032946474,1.4128494,1.4128494,2.62695312169825e-08
1.4588475538015993,1.4723765,1.4723765,-3.4202575660557955e-08
1.4066492333100626,1.5838103,1.5838103,2.9437255966158205e-08
1.6036210271125355,1.6627182,1.662718,1.7684173592158459e-07
1.5620737270871607,1.7241149,1.7241149,-5.133056646400291e-09
1.897619859927532,1.9965947,1.9965948,-1.3256530762006946e-07
1.7504251876940735,1.8963935,1.8963937,-1.6247863765528336e-07
1.994972385053386,2.1040447,2.1040447,-2.4172973844827084e-08
1.953973709914748,2.1051035,2.1051035,-7.263183388062089e-09
2.2070648911366333,2.3529484,2.3529484,2.7200317553877085e-08
2.1510749938750378,2.2704873,2.2704873,8.502197168525072e-09
2.381765890868487,2.517354,2.517354,1.1535644439675252e-08
2.323538617340292,2.4057913,2.4057915,-2.1734619126689836e-07
2.509192675668156,2.6470242,2.647024,1.5466308589395794e-07
2.623290831893008,2.7734828,2.7734828,-4.699707290001243e-10
2.456858294224647,2.539941,2.539941,7.246398947557964e-08
2.6858045921548905,2.839175,2.839175,-1.4114379887075756e-08
0.7518876755825454,0.77456224,0.77456224,-3.5308833634672965e-10
0.9385336839043732,0.9794524,0.9794524,-2.8402709961738992e-08
0.7622067164914399,0.88284063,0.8828405,1.333923339563725e-07
0.7066633650398727,0.87990546,0.87990534,1.2226501466816586e-07
0.8171331603409364,1.0665277,1.0665277,2.4266052278676398e-08
1.1453058252552384,1.2274995,1.2274995,-1.4984130825013153e-08
0.7584715296322387,1.0682037,1.0682037,-1.2332153298544313e-08
1.348393830457313,1.482146,1.482146,2.4703979528695186e-08
0.7994575442875328,1.3100777,1.3100775,1.672363281191025e-07
0.8758853172391161,1.3262388,1.3262388,-4.8588562062690244e-08
1.5675999313103464,1.712252,1.7122521,-7.916412347874768e-08
0.9415270445252654,1.5500305,1.5500304,6.98944091492848e-08
1.0213712083246624,1.5574822,1.557482,2.4258422848255634e-07
1.194225452871056,1.6739981,1.6739984,-2.825531006944715e-07
1.8033846448329367,1.8959583,1.8959581,2.0440521231179787e-07
1.3384162808754267,1.7481828,1.7481828,-2.64099120350636e-08
1.219679323758946,1.7437937,1.7437938,-7.403259272287244e-08
1.519075472353709,1.829082,1.829082,1.2176513575212766e-08
1.694697756384924,1.9009863,1.9009864,-8.618011482219856e-08
2.051373059348395,2.0594878,2.0594878,1.9671630990814037e-08
1.5710538089498376,1.9073958,1.9073956,2.3969116202948726e-07
2.075056943362012,2.1279504,2.1279504,2.991638181626399e-08
2.3069600046707346,2.2908802,2.2908802,3.247070168299615e-09
1.9500593152566568,2.1498713,2.149871,3.49334716709393e-07
2.469285268885044,2.3989556,2.3989553,2.8357238779364025e-07
2.5616259159558763,2.5709932,2.5709932,-1.4956665239651556e-08
2.3106441408195253,2.4051733,2.4051733,1.6967773852627488e-09
2.8070814868690417,2.8591816,2.8591816,4.25323487540652e-08
2.6155064071319365,2.6546593,2.6546593,-2.875976568006422e-08
2.814090485664793,2.6728806,2.6728806,4.95666503397274e-08
2.9167972854658486,2.7582738,2.7582743,-4.600494385442744e-07
0.3481890402884343,0.21435976,0.21435975,1.0284423840323242e-08
-0.0522686816109648,0.19980302,0.19980302,4.530410768754933e-09
0.4518396586180643,0.6034626,0.6034626,-2.3133850057810434e-08
0.0483542869528749,0.5241292,0.5241292,1.1902618446413271e-08
0.5827741230785747,0.9084307,0.9084307,-4.46624759398162e-09
0.1924961137743022,0.75648713,0.75648725,-1.1888122564140957e-07
0.7079372660325807,1.1719325,1.1719325,-4.1122436567064824e-08
0.3647294787302569,0.93267345,0.93267345,4.284667953768917e-09
0.5989023826877513,1.1403607,1.1403607,1.3005065913063163e-08
0.9472466159946,1.4559358,1.455936,-1.641616820258207e-07
1.0953397287372677,1.2002139,1.2002139,9.149169866162765e-09
0.843436919563719,1.3408345,1.3408345,-1.594543386218561e-09
1.2536768365050517,1.664727,1.664727,-2.74200440131267e-08
1.1190563551951065,1.636059,1.6360593,-2.54208374128595e-07
1.6469070925485754,1.9577994,1.9577993,1.3466186521426948e-07
1.411024144986751,1.941311,1.9413109,1.0177764897534303e-07
2.031301166351901,2.3209705,2.3209703,2.352783203818376e-07
2.4063142787565224,2.6319168,2.6319168,-3.860168451552681e-08
1.7174982208642589,2.206053,2.206053,1.8569946469426668e-08
1.1458138901524038,1.1916499,1.1916499,1.378784175720682e-08
1.2348763853727067,1.2835466,1.2835466,-3.303680418120791e-08
1.2438663679876123,1.2951211,1.2951212,-1.2627716072799444e-07
1.426221206600512,1.4758124,1.4758124,3.515014657118343e-08
1.4699459336155014,1.5144527,1.5144527,-4.1534424788380875e-09
1.6125003406237304,1.641412,1.6414119,1.1972961422301864e-07
1.6257048848979725,1.6499482,1.6499481,1.393264770221947e-07
1.801874802969148,1.8099663,1.8099663,2.575988777842042e-08
1.7962466310446552,1.806732,1.8067322,-1.4147491445015703e-07
1.890850371872286,1.8982095,1.8982098,-3.4737091070269344e-07
1.9825257650678736,1.9945799,1.99458,-8.876800539070473e-08
2.0349670515780063,2.059249,2.0592487,2.2425537116177452e-07
2.0948226437181385,2.1266677,2.1266677,3.79608153799893e-08
2.1727192937491817,2.2058089,2.2058089,-2.2055053783276435e-08
2.2012165986057566,2.236851,2.2368507,2.769439695349263e-07
2.3638338564676875,2.3804915,2.380491,4.951324461544004e-07
2.3711778844596574,2.3894277,2.389428,-3.3810424815428064e-07
2.5475801468886123,2.5495315,2.5495315,-4.0191650452214844e-08
2.5572273113676265,2.560956,2.560956,1.281738271075028e-09
2.713899725891101,2.720842,2.720842,-1.1538696309543184e-07
2.710603171472591,2.719138,2.7191381,-1.929718016491222e-07
2.784084887378208,2.8084724,2.8084722,1.9494323710844697e-07
1.220770922601817,1.2784865,1.2784864,9.02496337662484e-08
0.8752125938470369,1.1070688,1.1070689,-1.2291564943645028e-07
0.9005410298699713,0.94359696,0.94359684,1.1911407471476565e-07
1.26005063454564,1.3606349,1.3606349,2.298126222655128e-08
1.3138849456017505,1.4249269,1.4249269,-2.297821044550119e-08
0.9021528394350672,1.2871336,1.2871337,-1.2551422123863176e-07
0.912284213844241,1.1385119,1.138512,-1.0386657711691782e-07
1.3869441499613877,1.5369794,1.5369794,3.687438954180777e-08
0.9493558338414452,1.452404,1.4524039,1.2221679690505027e-07
0.9369218743392772,1.3265412,1.3265412,-1.4620971766632351e-08
1.5097501650468088,1.7267841,1.7267841,1.0069274969382036e-08
1.074386204391022,1.6093264,1.6093265,-1.3739013682290135e-07
0.9859669368200504,1.490312,1.4903121,-1.197525023588497e-07
1.668875948182713,1.9006476,1.9006476,4.022827138072671e-08
1.329973149713361,1.7753704,1.7753704,-4.057922353695176e-08
1.0660968980562433,1.6353639,1.6353642,-2.635757445634823e-07
1.863273604102052,2.1174297,2.11743,-2.6672363295787704e-07
1.5675999313103464,1.9650123,1.9650123,1.193542487065713e-08
1.2021796770521913,1.7760367,1.7760367,3.934936532168365e-08
2.0866157454278365,2.390112,2.390112,-7.678222635476573e-08
1.7874968076912778,2.1340978,2.1340976,2.145599364844486e-07
1.4066492333100626,1.9815334,1.9815334,8.164978027025427e-09
1.9892032618375564,2.2725477,2.272548,-2.7813720704372713e-07
1.6530258382604257,2.1306133,2.1306133,2.7026367366289605e-08
2.3704680153820066,2.6429389,2.6429389,-4.7689819204776995e-08
2.5062114162818294,2.7612963,2.7612965,-2.2772216778932375e-07
2.18492299474205,2.366642,2.366642,-1.7089845094631073e-09
1.9334807025871004,2.2016642,2.2016642,9.36584454436229e-09
2.656918297199286,2.8384697,2.8384695,2.4372863771660036e-07
-0.4780358009429998,-0.49869648,-0.49869642,-5.622108462111086e-08
-0.2746984015941897,-0.1940287,-0.1940287,-5.358505250629975e-09
0.1043600153242428,0.18564957,0.18564956,1.3802948006791382e-08
0.0964783153964505,0.08729851,0.08729854,-2.7541198724390092e-08
0.4700036292457356,0.40623435,0.40623432,3.378074647786278e-08
0.496897863068115,0.2268458,0.22684582,-1.912338257192836e-08
0.4473922835687431,0.27266118,0.27266118,-6.958770781828605e-10
0.6981347220709843,0.6546854,0.65468544,-6.192535395577181e-08
0.7847209996923709,0.5892896,0.5892896,5.617523224366039e-09
1.0784095813505905,1.1046301,1.1046301,1.2648010194737935e-08
1.1098460148231302,0.9954895,0.9954896,-1.218887328846563e-07
1.3912819026309295,1.3991902,1.3991903,-1.1254577647612507e-07
1.4929040961781488,1.5295355,1.5295355,3.199768072725817e-08
1.4273724991470091,1.4146357,1.4146357,-4.1735839895196136e-08
1.754403682684286,1.835434,1.8354341,-1.400390625683201e-07
1.741675364340696,1.8136463,1.8136462,1.1652832032638116e-07
2.012232791986386,2.1777914,2.177791,3.570404052410936e-07
2.031340569039348,2.1043115,2.1043115,-3.3782959096839704e-08
2.2375130962503307,2.4009337,2.4009337,4.252319341091493e-08
2.3274530119983816,2.3306854,2.3306854,-2.2879028449551697e-08
2.494031557565001,2.640422,2.6404223,-1.9421081542958518e-07
-0.446240991022246,-0.4688014,-0.46880147,6.099388122349225e-08
0.3120002801006932,0.51539254,0.51539254,1.885375966459435e-09
0.373939819102233,0.4899964,0.4899964,3.4557342543095615e-09
0.2765404696685849,0.30439937,0.30439937,1.1471557592734882e-09
0.1517403576283076,0.022031516,0.022031546,-3.0163284300832593e-08
0.8485026067683059,1.2016295,1.2016296,-8.053741451519159e-08
0.8406738174521261,1.1545956,1.1545957,-8.65203857447483e-08
0.7418929169626816,0.81483877,0.81483877,-2.948303268190955e-09
0.4925229513914264,0.36904922,0.36904922,1.2772369273328366e-09
0.8660022534750607,1.0025828,1.0025828,-1.1532592880669768e-08
1.0670179320934408,1.4011912,1.4011914,-1.65411377039959e-07
1.2627376649979347,1.5338699,1.5338699,-3.7443542488801995e-08
1.2033309695986882,1.5215691,1.5215691,3.280487059775794e-08
1.0877411979303873,1.1885663,1.1885663,2.7095031773782807e-08
0.8114309867711017,0.7107066,0.7107066,-8.39385982942531e-09
1.1282666955670824,1.0949593,1.0949593,-4.096679684373328e-08
1.6125003406237304,1.8468119,1.8468119,-9.39788824538823e-09
1.4923053987694412,1.8656346,1.8656343,2.605850220049888e-07
1.3815510557964277,1.5826027,1.5826027,3.93341064164332e-08
1.1038592935813456,0.9975635,0.9975635,-1.866912846537616e-08
1.3889193280940084,1.3978163,1.3978162,1.0039215081469877e-07
1.5973032790099695,1.8558558,1.8558557,1.225631713897002e-07
1.922428294140729,2.1658835,2.1658835,4.1107177661814376e-08
1.7333860580059175,2.0890744,2.0890744,-2.6754760629188468e-08
1.7016103837226,2.0053484,2.0053487,-2.5601501452143793e-07
1.364051409089673,1.2651248,1.2651248,-2.1789550164186267e-09
1.6053623268354489,1.7151489,1.715149,-7.421875003466027e-08
2.1612063682842115,2.3808393,2.380839,3.478393555411685e-07
1.9422305259404773,2.2548358,2.2548356,2.4403991716326345e-07
1.8480547956370208,2.0049586,2.0049584,2.2960815426742442e-07
1.5874021631100952,1.515079,1.515079,2.1453857357300876e-08
1.7914112023493678,1.8889871,1.8889871,-3.5638427764439484e-08
2.36705747559788,2.5468163,2.5468166,-2.5097045908140103e-07
2.1292004354915943,2.369559,2.3695593,-2.503936769038262e-07
2.031801086057946,2.1132505,2.1132505,-5.996704022237509e-09
1.768615609928727,1.7022,1.7022002,-1.448776245638328e-07
2.225678750888045,2.4418623,2.4418623,4.4741821358940115e-08
2.551034024528104,2.684664,2.684664,1.1001586752712456e-08
2.3039666440498423,2.467698,2.467698,9.72290039591428e-08
2.186534804307146,2.2142947,2.2142947,-2.798767084755127e-08
1.9026260623409803,1.8444395,1.8444396,-9.346923834918641e-08
2.702544123647112,2.7847064,2.7847064,-4.585876478557793e-08
2.465838376087324,2.5492613,2.5492616,-2.684417723664012e-07
2.313176984421818,2.3116052,2.3116052,1.5072632031376543e-08
1.9841375746329688,2.0011194,2.0011196,-2.2477111816243678e-07
2.8107656230178315,2.8676057,2.8676054,2.861877441695526e-07
0.5749554977206133,0.69916844,0.69916844,3.6798095681689347e-09
0.7016112589720747,0.77247715,0.77247715,-3.6621039534168176e-11
0.6916460544336782,0.756825,0.756825,-2.975463864185457e-08
0.5569953339952597,0.69850326,0.6985033,-4.4155883838215004e-08
0.6820862332005203,0.74102926,0.74102926,2.54272458644067e-09
0.6739643611431714,0.72048604,0.72048604,4.8837279775781894e-09
0.5374233607048103,0.639446,0.639446,2.0126342814563714e-08
0.6626879730752367,0.71036744,0.71036744,1.1773682029314614e-09
0.5091015640609835,0.62006414,0.62006414,-6.338500835312288e-10
0.63974640383283,0.70593584,0.7059357,1.3583831781627254e-07
0.4727207195916776,0.59175545,0.5917554,4.9771881061033696e-08
0.592774206413158,0.6688873,0.6688873,1.7180633582469795e-08
0.4319649634456829,0.5538371,0.55383706,6.053298950980945e-08
0.5452270504833231,0.65660304,0.65660304,-1.6889953879939412e-09
0.384761969039305,0.4981481,0.49814814,-2.6510849016059268e-08
0.4928652983889978,0.59124285,0.59124285,-1.7318724232495697e-10
0.3301907023353462,0.40089488,0.40089488,2.947997956859183e-10
0.4337285733810237,0.4712769,0.4712769,9.112930299259858e-09
0.4127716832906024,0.4268688,0.4268688,-3.6514282153454758e-09
0.2790733132708783,0.3042181,0.3042181,1.34223938075273e-08
0.3845818971917403,0.34499353,0.34499353,1.7039489819126175e-09
0.952043901579973,1.0182344,1.0182344,-2.7861023044195576e-08
0.9493385859203556,1.023036,1.023036,3.112792912318696e-09
0.8197202931058803,0.88142896,0.88142896,-3.0145264062753085e-09
0.9282193027394288,1.0076892,1.0076891,1.3759460459894512e-07
0.7858722922388679,0.8090942,0.8090942,-9.402465805941063e-09
0.9098701640712324,0.9630754,0.9630755,-1.0060119626231767e-07
0.880041599199034,0.9319452,0.9319452,4.734802216965761e-09
0.7414323999440828,0.76461387,0.76461387,-3.1939697553440283e-09
0.8445798843201546,0.90024674,0.90024686,-1.206124877750625e-07
0.6870913917494232,0.68443996,0.68443996,-2.8581237376812396e-09
0.7811580578826587,0.7753831,0.7753831,1.4814758309000808e-08
0.6235400431827876,0.66660726,0.66660726,7.04040492571778e-10
0.7080357930536959,0.6923584,0.6923584,-2.5404357950620238e-08
0.5468639595860859,0.58876634,0.58876634,-3.558960015581647e-09
0.6108519378331152,0.5638925,0.5638924,8.371124271544517e-08
0.4623590866732044,0.46496692,0.4649669,2.299842832842458e-08
0.5288619862520894,0.44823992,0.44823992,2.5234985212563288e-09
0.4725005094443228,0.36869952,0.3686995,2.0826339708346353e-08
0.3732490435743348,0.32358664,0.32358664,2.7421570014674046e-09
0.4304828710834522,0.30198222,0.30198222,3.9875793222954314e-09
0.3927175352856618,0.24864453,0.24864453,7.731628393070622e-10
1.4487995664712878,1.5364938,1.5364937,7.822875969232257e-08
1.2806978287232884,1.3207257,1.3207257,-2.0602416883619412e-08
1.4276761988986597,1.5291754,1.5291755,-9.926605226695528e-08
1.4041342792482217,1.518156,1.518156,5.163574212652122e-08
1.2394815555586949,1.3074775,1.3074775,-2.5787353585826622e-08
1.3862943611198906,1.4977387,1.4977387,1.898651125209483e-08
1.343386860108614,1.4519471,1.4519471,-6.990051204525116e-09
1.1731671048804664,1.2607113,1.2607113,1.2294006257462797e-08
1.3137236682850553,1.3917556,1.3917557,-1.190979004306314e-07
1.0776098235212137,1.0784712,1.0784711,8.377685545291058e-08
1.211047717997898,1.1358453,1.1358454,-9.646453857925508e-08
0.9636318614180082,0.91311336,0.91311336,-4.363403305340796e-09
1.0736363025979323,0.91954994,0.91955006,-1.1798339838442473e-07
0.8224833952174733,0.7608125,0.7608125,2.0980834958272965e-08
0.927428476284611,0.7466121,0.7466121,-2.8009033203879596e-08
0.6746574322472554,0.60884213,0.60884213,4.475708026419056e-09
0.7650026176603734,0.57789004,0.57789,3.849029539537696e-08
0.522456557600349,0.45828283,0.4582828,2.8330993662173398e-08
0.6157260335913605,0.44095474,0.44095474,4.8158264043252075e-09
0.5452270504833231,0.37097436,0.37097436,1.8965148895766504e-09
0.3810778328905146,0.30813953,0.30813953,2.8044891409173545e-09
0.4818086746954981,0.30358297,0.30358297,-3.6723327712095966e-09
0.4291816347254804,0.240628,0.240628,4.074096671136118e-09
1.936436847262832,2.0370028,2.0370028,1.8951418212509452e-09
1.7571026844637565,1.8093251,1.8093251,-1.0086058654934504e-09
1.9219101536931,2.0608408,2.0608408,4.510803242041561e-08
1.9040459449566145,2.0368228,2.0368228,-4.13208001148746e-09
1.7094391730387797,1.7942488,1.7942488,1.9351196201000676e-08
1.86516481364433,1.9623833,1.9623829,3.7026367194492593e-07
1.6244737831072995,1.7081281,1.7081281,-5.326843188768748e-09
1.8081248233143192,1.7912087,1.7912089,-1.5595092772713315e-07
1.746413367461178,1.6036682,1.6036682,1.2890625011863222e-08
1.498982895539124,1.4144335,1.4144332,2.7930908208517735e-07
1.6008007190384368,1.3266219,1.3266218,9.006805412603569e-08
1.3405650411411336,1.1963469,1.196347,-1.2099456792036278e-07
1.4471542493766532,1.1818162,1.1818163,-7.971649162996641e-08
1.147838668857532,1.03465,1.03465,-3.185272223760194e-08
1.2255385822404965,1.0091529,1.0091529,-1.074829092395646e-08
0.9461322147112534,0.80145204,0.80145204,6.723022138999113e-10
0.995841010632164,0.7683822,0.7683822,-8.341979995662996e-09
0.733603610627903,0.5992609,0.5992609,2.6246643081151433e-08
0.7948008342864451,0.56564504,0.56564504,-9.184265570283401e-10
0.6856189141391538,0.47197005,0.47197008,-2.8472976698612484e-08
0.5102528566074805,0.40632105,0.4063211,-5.126342772499015e-08
0.5601870533037148,0.36727378,0.36727378,-2.276687616209472e-09
0.4317824164255378,0.24936017,0.24936017,3.940658577228362e-09
1.2014696741078177,1.0184587,1.0184587,2.4021911571026067e-08
1.583709763861369,1.3121816,1.3121815,9.198760997364275e-08
1.439345941630578,1.0782614,1.0782614,-2.457275383171975e-08
1.8128684324382904,1.6046633,1.6046633,-4.71694945325396e-08
2.024589290131685,1.8246856,1.8246857,-1.2642211921765067e-07
1.842298332904536,1.5347074,1.5347074,2.7024841253719956e-08
2.3081694712879464,2.201374,2.201374,5.395507818306555e-08
2.1280491429450974,1.8779322,1.8779322,-9.104919485025675e-09
2.523646478103931,2.3408778,2.3408775,2.7137756353212694e-07
2.3426500736121425,2.054747,2.0547469,2.0464477534787306e-07
2.715092015891256,2.3982298,2.39823,-1.62582397322808e-07
2.510048009872809,2.2146711,2.2146711,3.4948730576189746e-08
2.856182808603905,2.5190585,2.5190585,-3.4042358265651274e-08
2.650735959054745,2.3795245,2.3795242,2.693756102623013e-07
2.9788912563579646,2.6709325,2.6709325,3.135681136967605e-08
2.763562628611454,2.5595589,2.5595586,2.6840820321893943e-07
3.07371131487058,2.8293157,2.8293154,2.623840331672511e-07
2.8738564545658685,2.7466872,2.746687,1.7384338368842123e-07
3.112537053096075,2.8884184,2.8884184,3.6050415097577115e-08
3.174923937339018,2.992111,2.992111,-3.236389156668906e-08
3.2063578003092283,3.046382,3.046382,-4.9621581954539806e-08
2.9864528656132774,2.8945484,2.8945484,1.6137695180162837e-08
3.282976750274724,3.1460288,3.1460285,2.570953370195639e-07
-0.8300819260243535,-0.8823575,-0.8823576,1.218582152962e-07
-0.627224179331578,-0.6486896,-0.6486895,-1.2764739987236595e-07
-0.4781971042742633,-0.6479722,-0.6479721,-1.2614288324996892e-07
-0.8699166481331506,-0.9275769,-0.9275768,-9.952850343886155e-08
-0.6972227661585971,-0.69222,-0.6922201,1.2738952637203482e-07
-0.4228147464432774,-0.71513903,-0.7151389,-1.3141021726337243e-07
-0.929323343532397,-0.99201035,-0.99201035,-4.99572749834698e-09
-0.7656095434205203,-0.7282857,-0.7282857,2.9719543492845446e-08
-0.4167283003868751,-0.770195,-0.770195,-7.3242187870192765e-09
-1.0071507196755958,-1.0565921,-1.0565921,-6.8191527979877264e-09
-0.8395225249056291,-0.78747714,-0.78747714,4.341735859725304e-09
-0.4402118444379992,-0.8388288,-0.8388288,-2.1087646073780775e-09
-1.0640245714725487,-1.0932703,-1.0932703,-1.8188477390879143e-09
-0.9067580096210552,-0.8626448,-0.8626448,8.3969116104754e-09
-0.4786811704394234,-0.9161209,-0.9161209,1.3197326675928878e-08
-1.1098460148231302,-1.1217301,-1.1217301,1.0812377881919133e-08
-0.967546256076098,-0.933766,-0.933766,-7.423400893991072e-09
-0.5493932169152491,-0.9709258,-0.9709259,9.204711914900798e-08
-1.146226859292436,-1.1902741,-1.1902741,-1.9377136339926437e-08
-1.0269529514753446,-0.98533654,-0.98533654,-2.1295165630874635e-09
-0.6647541060587275,-1.0196259,-1.0196259,-2.175903235368537e-09
-1.1842195133268378,-1.272196,-1.2721959,-1.5445861811791417e-07
-1.0826755107258004,-1.042775,-1.042775,-3.490447997300805e-08
-0.789658080940789,-1.0774387,-1.0774387,-1.2120056069875318e-08
-1.2300409566774193,-1.3598168,-1.3598169,1.1037292479976202e-07
-1.1337928997902682,-1.1101325,-1.1101325,4.417419430247094e-08
-0.9893992036947934,-1.119045,-1.119045,-1.9149780206006994e-08
-1.2818491212697851,-1.4269003,-1.4269001,-1.6760101329005295e-07
-0.6868611332401239,-0.7009343,-0.7009343,9.114074717153642e-09
-0.6497895132429198,-0.68447137,-0.68447137,1.2103271718189035e-09
-0.6047700699425324,-0.6926296,-0.69262946,-1.1572937008708095e-07
-0.7285379234233161,-0.7335526,-0.73355234,-2.351113891352341e-07
-0.790477462424856,-0.938699,-0.9386991,9.296569825067991e-08
-0.7048212969654775,-0.7259537,-0.7259537,1.8417358749189816e-09
-0.6361999001181952,-0.74657834,-0.74657834,4.237976081178374e-09
-0.7704449721158078,-0.77795994,-0.77796006,1.1718231196500284e-07
-0.8125822793175987,-0.9708719,-0.97087204,1.1464599614097182e-07
-0.7550176519927477,-0.77104986,-0.77104986,2.860412573468807e-09
-0.6749144122988856,-0.8026389,-0.80263877,-1.1835906987833766e-07
-0.8153453814291917,-0.82752466,-0.82752466,-2.0178222426281422e-09
-0.8526472599356952,-1.0184706,-1.0184705,-1.4495086664290113e-07
-0.8141940888826947,-0.82867646,-0.82867634,-1.22173461902797e-07
-0.7147794806870591,-0.8931376,-0.8931377,1.2580413821794423e-07
-0.8643904439099649,-0.8902689,-0.89026916,2.3814788818743438e-07
-0.906527751111756,-1.0757104,-1.0757107,2.841598509828458e-07
-0.8770546619214321,-0.91637385,-0.91637397,1.2108489988449378e-07
-0.7631405523804803,-0.97643816,-0.9764378,-3.647109985127628e-07
-0.9214945542162172,-0.954227,-0.9542272,2.2932739263126223e-07
-0.9689278071318944,-1.138455,-1.1384549,-1.3330230719255098e-07
-0.9383034253950736,-0.98739314,-0.98739314,-7.92846677200032e-10
-0.8248516715573735,-1.0195512,-1.0195512,4.204864501033967e-08
-0.9875787463851464,-1.0101069,-1.0101069,-2.1195983856969747e-08
-1.0497485438959857,-1.1942188,-1.1942189,1.4523162850110793e-07
-1.0034665835268053,-1.0375453,-1.0375453,-2.337188731438289e-08
-0.8974689776335673,-1.0680772,-1.0680771,-1.0661163329928058e-07
-1.064254829981848,-1.0561241,-1.0561241,8.851623434225075e-09
-1.169482968731676,-1.266512,-1.266512,-3.632354728111409e-08
-1.0677087076213392,-1.0930759,-1.0930759,2.8532409768189382e-08
-0.9784321284120048,-1.1075839,-1.1075839,1.957550055387003e-08
-1.1503715124598253,-1.1316845,-1.1316845,-4.1702270525689755e-08
-1.0735295083006466,-1.1369059,-1.136906,9.141540524559844e-08
-0.8706074236610487,-0.8383467,-0.83834684,1.202581787485002e-07
-0.865081219437863,-0.8394321,-0.8394321,-2.032318113798226e-08
-0.7583335461491191,-0.76527154,-0.76527154,-4.456481961234715e-09
-0.8282935348452981,-0.8217809,-0.8217809,-2.002868648709466e-08
-0.9696185826597926,-0.91996205,-0.91996205,1.4694213623656083e-09
-0.9756053039015772,-0.9213133,-0.9213134,1.1417236323030266e-07
-0.9103419886354452,-0.88765264,-0.8876525,-1.3557434086486353e-07
-0.9334679966997862,-0.90826654,-0.9082664,-1.4434204098634495e-07
-1.0138282164452783,-0.9882766,-0.9882766,-8.377075699783632e-10
-1.0651758640190456,-0.9910984,-0.9910984,-3.930664016493779e-09
-0.98156317868529,-0.9660562,-0.9660562,-2.7684020964535705e-08
-1.0723138778073271,-1.0193702,-1.0193701,-9.824981694883661e-08
-1.1466873763110348,-1.0517963,-1.0517964,8.289947506234796e-08
-1.0450962878677006,-1.0058153,-1.0058154,1.3243713370414412e-07
-1.1156024775556153,-1.0671223,-1.0671223,-4.020233146384555e-08
-1.2090874323311736,-1.0963091,-1.0963092,1.3418121347363865e-07
-1.1153990911055394,-1.1175147,-1.1175147,-2.9499816811551227e-08
-1.1542859071179152,-1.1408142,-1.140814,-1.8514251709511598e-07
-1.25306680760736,-1.1558691,-1.1558691,-2.631988516021977e-08
-1.144430398976419,-1.1644427,-1.1644427,4.1575622500289455e-08
-1.1828379622710414,-1.1651597,-1.1651596,-1.0230102542863051e-07
-1.2818491212697851,-1.177754,-1.1777542,1.5546722420545223e-07
-1.1987257994127,-1.1671493,-1.1671493,-5.343627984544241e-09
-1.2972764413928457,-1.181365,-1.181365,-1.3122558595313194e-08
-1.186951954275173,-1.1644624,-1.1644626,1.5283355714323932e-07
-1.207015105747479,-1.1829005,-1.1829005,-4.798126229665911e-08
-1.29934876797654,-1.1936219,-1.1936218,-7.385559075423487e-08
-0.6134086687736139,-0.6143168,-0.6143168,-2.1098327640522996e-08
-0.6463356356034287,-0.66990745,-0.66990745,-6.759643955689398e-10
-0.6120271177178174,-0.62827337,-0.6282735,1.321182251379227e-07
-0.6541644249196085,-0.6863588,-0.6863588,-9.471130324456567e-09
-0.6415002069081412,-0.70864606,-0.70864606,9.637450837374217e-10
-0.6408094313802429,-0.66742754,-0.66742754,1.745605882064183e-10
-0.6813349290169382,-0.6970631,-0.6970631,1.1582946823907037e-08
-0.68064415348904,-0.7195648,-0.7195649,1.045059203619303e-07
-0.7220906851629327,-0.732604,-0.7326039,-1.2679443361918175e-07
-0.7379785223045917,-0.78162706,-0.7816273,2.41017150903744e-07
-0.779655312487784,-0.786345,-0.786345,-5.0354004299535404e-09
-0.8169571909942875,-0.8464992,-0.8464992,-4.635620109993965e-09
-0.8528775184449946,-0.82858765,-0.8285878,1.48747253403414e-07
-0.9074487851489536,-0.91136515,-0.91136515,-1.4053345154252384e-09
-0.9325469626625886,-0.8790442,-0.8790442,2.4851989799401508e-08
-0.96294108589011,-0.9076477,-0.9076477,-2.89199829639486e-08
-1.0011639984338112,-0.99080265,-0.9908024,-2.4568328860219424e-07
-1.0283345025311408,-0.9601096,-0.9601097,1.0851593013061489e-07
-1.0865899053838903,-1.0692153,-1.0692153,2.301025370243792e-09
-1.136556001901861,-1.0645378,-1.0645376,-1.6359558108192118e-07
-0.2150614476856439,-0.25040418,-0.25040418,9.037780523968308e-10
0.0382229125437011,0.25446823,0.25446823,2.3932647530422457e-09
-0.0085195648440779,0.31122032,0.31122032,-1.9210052437657055e-09
0.011973442483569,0.39491144,0.39491147,-3.177330015757818e-08
-0.0898008186267678,0.3299542,0.3299542,6.943511987600459e-09
-0.143451051293529,0.22435534,0.22435534,3.96729871177115e-12
-0.2567382378688361,0.09944343,0.09944343,-1.7816352837485283e-09
-0.3469995735142027,-0.13518676,-0.13518673,-3.161766051751336e-08
-0.4635103792197014,-0.24837595,-0.2483759,-5.2243804921081605e-08
-0.5866986816948829,-0.45377,-0.45377007,5.8336563135696906e-08
-0.6672891599496745,-0.48538002,-0.48537996,-6.371788024983616e-08
-0.784260482673772,-0.6138879,-0.613888,9.392547606346113e-08
-0.8427461440358208,-0.64889336,-0.64889336,3.676757787118845e-09
-0.9479742827856488,-0.74877584,-0.7487757,-1.3980560298332279e-07
-1.0092230462592904,-0.7952392,-0.7952393,8.987121580261714e-08
-1.0939581776814713,-0.89211404,-0.8921139,-1.4323577879338245e-07
-1.143924274199442,-0.9348748,-0.9348749,1.269744872578471e-07
-1.2217516503426409,-1.045113,-1.045113,3.2508850056345295e-08
-1.252145773570162,-1.1003429,-1.1003429,3.0241394055607884e-08
0.5247285289349821,0.5406742,0.54067415,5.9594726598000136e-08
0.3569748989477304,0.39056614,0.39056614,4.1328429567499825e-10
0.2126890934103509,0.22195247,0.22195248,-1.1843185432347525e-08
0.0944006754214843,0.080335006,0.08033498,2.6117820739468556e-08
-0.0080321716972642,-0.05039516,-0.05039513,-3.091346740397016e-08
-0.0965109003808437,-0.15254384,-0.15254384,-2.7925109724602493e-09
-0.1743533871447778,-0.23505154,-0.23505148,-6.252052306421341e-08
-0.2433462586317291,-0.32161024,-0.32161024,-2.128372200704831e-09
-0.3011050927839216,-0.3719423,-0.37194243,1.1847465514192024e-07
-0.3285040669720361,-0.40390113,-0.40390125,1.2003898619550313e-07
-0.3989861420104552,-0.42924073,-0.42924073,-3.385086044804808e-09
-0.4385049621863645,-0.45902845,-0.45902845,-2.63481142459554e-09
-0.4684049078820385,-0.4919,-0.4919,3.0040741005876725e-09
-0.4926583198105417,-0.5250633,-0.5250634,1.2370910640324695e-07
-0.5124936808666878,-0.5501492,-0.5501492,-2.3468017529282292e-09
-0.5242486440981314,-0.5615541,-0.5615541,2.5712585394188636e-08
-0.5327304591540407,-0.56466544,-0.56466544,3.255310021543778e-09
-0.5361434317502807,-0.56533694,-0.56533694,-2.6727294821782266e-09
-0.5327304591540407,-0.5620892,-0.5620892,-4.788208052275422e-09
-0.7339691750802004,-0.77499413,-0.77499425,1.1509704589407477e-07
-0.7381445464906811,-0.7773502,-0.7773502,1.2698364248997507e-08
-0.7381445464906811,-0.7801914,-0.7801913,-1.215087890305e-07
-0.7360546815712219,-0.7807512,-0.7807512,-2.8332519552698443e-08
-0.7360546815712219,-0.78172874,-0.78172874,-4.506835904471984e-09
-0.7339691750802004,-0.78526425,-0.7852644,1.4638366696573257e-07
-0.7277386253295643,-0.78757083,-0.7875707,-1.3415985111731032e-07
-0.7194911558995473,-0.79409814,-0.79409814,1.1907959063250928e-09
-0.709276562489829,-0.7986821,-0.7986821,6.3796996574438936e-09
-0.6971552019574841,-0.80390966,-0.80390966,6.143188180374182e-10
-0.6851790109107684,-0.8006835,-0.8006835,1.6174316330719307e-09
-0.6713856887784326,-0.793466,-0.793466,2.805328369603899e-08
-0.6558513958162484,-0.76759124,-0.7675911,-1.380218506152886e-07
-0.6405547304407747,-0.7379565,-0.7379565,-2.389526365664807e-08
-0.623621117911335,-0.7030426,-0.7030426,-2.6380920448154654e-08
-0.6051363032372319,-0.66678953,-0.66678953,-1.7077637082252295e-09
-0.5851900390548529,-0.63577855,-0.63577867,1.2366668700192207e-07
-0.5603660693261269,-0.60843515,-0.6084353,1.460388183716077e-07
-0.53785429615391,-0.58183384,-0.58183384,5.834961402939598e-10
0.461845441544272,0.5398727,0.53987265,5.593643193080311e-08
0.2878231366242557,0.30199,0.30199,2.39372255350645e-09
0.258510695151501,0.35869166,0.35869166,2.5499725109234817e-09
-0.0004605170185988,0.03269188,0.03269185,3.106060027929791e-08
0.0442096337854856,0.09440425,0.094404265,-1.461662292590038e-08
0.0009995003330834,0.072774604,0.07277459,1.3962898254282763e-08
-0.2318703188645004,-0.20669839,-0.20669839,2.138748178559524e-09
-0.2074629168787635,-0.18937215,-0.18937215,-2.090072642735308e-09
-0.2306718177350012,-0.2155683,-0.2155683,-4.061889657958062e-09
-0.4326557389735812,-0.398998,-0.398998,7.722854633573917e-09
-0.4146955752482277,-0.40099648,-0.40099648,3.5881805304782688e-09
-0.4246479275249383,-0.42412332,-0.42412332,2.996749903783069e-09
-0.5961392805761585,-0.5880861,-0.5880861,-2.8234863336251692e-08
-0.5848566136204877,-0.57070875,-0.57070863,-1.216784667468218e-07
-0.5887871652357024,-0.60369897,-0.6036991,1.3111267094245704e-07
-0.7301497329884119,-0.76945627,-0.7694564,1.3264312748173523e-07
-0.6539264674066639,-0.6776322,-0.67763233,1.1736114502447492e-07
-0.7158737054118489,-0.7255331,-0.72553325,1.2221527101452523e-07
-0.7133498878774648,-0.7397088,-0.73970866,-1.2124237058763754e-07
-0.8381409738498327,-0.87512946,-0.87512946,-1.2884521227718437e-09
-0.8277793409313595,-0.81958663,-0.81958675,1.1536407473755617e-07
-0.8232558659069656,-0.8321413,-0.8321414,1.1982574465996265e-07
-0.9323167041532892,-0.93552697,-0.93552685,-1.1704864499861856e-07
-0.9104421457698456,-0.90696156,-0.90696144,-1.202493286056594e-07
-0.9137938516755678,-0.912644,-0.912644,-2.866363524312021e-08
-0.986887970857248,-0.9969827,-0.9969827,6.32781982368158e-09
-0.9781381475038708,-0.99157596,-0.99157584,-1.1634460450604678e-07
-0.941608539858445,-0.9989135,-0.9989134,-1.2653503422832557e-07
-0.9702190738997108,-1.0326189,-1.032619,1.197280883324936e-07
-0.6772738314036552,-0.8831167,-0.88311684,1.1789306642029374e-07
-0.6851790109107684,-0.8910328,-0.89103293,1.1502044672262457e-07
-0.8733705257726416,-0.8931335,-0.8931335,-2.108001706524476e-08
-0.9313956701160916,-0.99336267,-0.99336267,4.823608401594015e-09
-0.8906399139700969,-0.9226608,-0.9226607,-1.2763671874971294e-07
-0.7113111511876165,-0.9284909,-0.9284909,2.2848510750073103e-08
-0.949816350860044,-0.9970126,-0.99701273,1.1479614259179982e-07
-0.907218526639654,-0.9479617,-0.9479617,1.1958313006488197e-08
-0.7277386253295643,-0.9477134,-0.9477135,1.2490844725210337e-07
-0.9666252220389004,-1.0026046,-1.0026047,9.62326049958051e-08
-0.7465479572870606,-0.968742,-0.96874213,1.1702239988142793e-07
-0.9231063637813128,-0.9701556,-0.9701557,1.0326690669248961e-07
-0.9827433176898588,-1.008776,-1.008776,5.0521850480933495e-08
-0.938994200922972,-0.98861206,-0.98861194,-1.1577850345112495e-07
-0.7657178733947807,-0.9878739,-0.9878738,-1.1185760495635577e-07
-0.7721903879003982,-0.9954673,-0.9954673,-5.18341058963756e-09
-0.997019345266422,-1.0122099,-1.0122099,7.727050777006639e-09
-0.9551122965739304,-1.0037255,-1.0037255,-2.871704096740757e-08
-0.7830718880879323,-1.0036622,-1.0036622,-2.8584289601951696e-08
-1.0119861483708832,-1.0233492,-1.0233492,3.408355708778288e-08
-0.9716909092434872,-1.0167296,-1.0167296,6.723022361043718e-09
-0.8007323912398827,-1.016204,-1.016204,4.80651962675438e-10
-1.0253411419102485,-1.038258,-1.038258,4.349517812585191e-08
-0.9887300389316434,-1.0315661,-1.0315661,-4.30358886305271e-08
-0.816445396904439,-1.0313113,-1.0313113,2.6425170940314047e-08
-1.0380053599217158,-1.0530692,-1.0530692,-3.3894348216989556e-08
-1.007380978184895,-1.0455983,-1.0455983,3.1491088847701576e-08
-0.8301130356331028,-1.0455365,-1.0455366,8.190307609901026e-08
-1.0433013056356022,-1.0726862,-1.0726861,-9.537353506949842e-08
-0.8370175509796473,-1.0570792,-1.0570791,-9.597625738599902e-08
-0.1755445725149309,-0.44101784,-0.4410179,6.366767885124247e-08
-0.3453111852884173,-0.47435465,-0.47435465,-4.550552379356532e-09
0.3974329364109001,-0.48207608,-0.4820762,1.2134666443897046e-07
-0.2757535015865071,-0.49397805,-0.49397805,-3.33137512020798e-09
-0.5058380822549516,-0.51060665,-0.51060665,3.462219289041002e-09
0.1510028735365274,-0.5419725,-0.5419725,-1.7967224152926065e-08
-0.3725140079684785,-0.5475297,-0.5475296,-9.741821294095843e-08
-0.6254885320861304,-0.65009296,-0.65009296,5.960083537814853e-10
-0.4668087383492164,-0.67947996,-0.67947984,-1.1662689214375632e-07
-0.0661398025045449,-0.6864811,-0.686481,-1.1820220946479054e-07
-0.7402387880937958,-0.7535269,-0.75352705,1.2395935056197516e-07
-0.5586162876023393,-0.77817523,-0.77817523,-4.7946167036627685e-09
-0.2497442331113887,-0.7944969,-0.7944969,6.11724848553763e-09
-0.5960204698292225,-0.82562435,-0.82562435,3.2669067451251976e-09
-0.8278220838865469,-0.86060977,-0.86060965,-1.1982116698838752e-07
-0.6443570163905132,-0.8753371,-0.87533724,1.1612915040704053e-07
-0.4064656084417478,-0.8827628,-0.8827627,-8.972625731296091e-08
-0.8989420935395421,-0.910949,-0.910949,8.224487313412965e-09
-0.7277386253295643,-0.9203304,-0.9203304,-5.235290534422177e-09
-0.5499130124740376,-0.9238775,-0.9238775,2.2354125994716867e-08
-0.9467499393588636,-0.9412426,-0.9412427,1.243545532103596e-07
-0.8029620465671519,-0.95167994,-0.95167994,-4.992065427700254e-09
-0.6851790109107684,-0.9555279,-0.9555279,-1.649475112053267e-09
-0.959720289801491,-0.987013,-0.987013,1.7631530790929162e-08
-0.8096809968158968,-0.99979734,-0.9997976,2.5579223628113823e-07
-0.8843076860211043,-1.007325,-1.0073249,-1.5321502688792066e-07
-0.964955903855436,-1.0259327,-1.0259327,3.036041262838296e-08
-0.8989420935395421,-1.0297148,-1.0297147,-1.22769165056269e-07
-0.959720289801491,-1.0425731,-1.0425731,5.632019073331662e-09
-1.2871450669836717,-1.3112725,-1.3112723,-2.0194549565921704e-07
-1.2678033522025216,-1.3089023,-1.3089021,-1.6364135735358332e-07
-1.289217393567366,-1.3045523,-1.3045523,-1.6665649305025454e-08
-1.2643494745630306,-1.2994663,-1.2994661,-1.5232696526368272e-07
-1.2035876742443634,-1.2714555,-1.2714555,-2.6351928639201105e-08
-1.2834609308348812,-1.2841858,-1.2841858,3.282623284306396e-08
-1.255369392700354,-1.2719129,-1.2719129,-3.23959350456704e-08
-1.195350795847711,-1.2449865,-1.2449864,-1.3411865240620102e-07
-1.2705664543141144,-1.2557633,-1.2557633,7.687377845400079e-09
-1.2392512970493956,-1.2499001,-1.2499002,9.738464346042974e-08
-1.2528365490980604,-1.24634,-1.24634,-3.6392211910651895e-08
-1.2148438950636584,-1.2446004,-1.2446005,8.477020263519819e-08
-1.1633549376478036,-1.2040288,-1.2040287,-1.448333739606511e-07
-1.22589630351003,-1.2405396,-1.2405397,1.4921875002293916e-07
-1.1486157647786597,-1.1949052,-1.194905,-1.6185760487452683e-07
-1.1842195133268378,-1.236574,-1.236574,-5.376434319970258e-08
-1.1874431324570296,-1.2176309,-1.2176311,2.3681030270061854e-07
-1.1283554352389584,-1.1801437,-1.1801438,8.604888912522313e-08
-1.1453058252552384,-1.1948789,-1.1948789,-3.581390384255201e-08
-1.1510622879877237,-1.1564962,-1.1564964,2.3281707761668713e-07
-1.097285227282945,-1.1540109,-1.1540109,8.085632385856911e-09
-1.095569987246567,-1.1337354,-1.1337353,-1.1831970225806288e-07
-1.0771007486889117,-1.1302891,-1.1302891,2.2241210873019668e-08
-1.109155239295232,-1.1093624,-1.1093621,-2.638153075995575e-07
-1.0643871825487006,-1.1140429,-1.1140428,-7.81509399416791e-08
-1.038696135449614,-1.0948634,-1.0948637,2.852355958093966e-07
0.5241366378256631,0.51016283,0.51016283,3.5278324705956265e-10
0.3140726066843878,0.26615593,0.26615593,-1.6266631930328401e-09
0.3708736633385454,0.32684752,0.32684752,3.450851437936109e-09
0.172463623465254,0.10149046,0.10149046,3.3620833894687507e-10
0.2231435513142097,0.14968312,0.14968309,2.786651612241009e-08
0.0274007626066291,-0.04492092,-0.04492092,-1.3256835906805264e-09
0.0732504617395927,0.018208712,0.018208683,2.9339401245304098e-08
-0.0608121393967574,-0.08667278,-0.08667275,-3.2897949212018496e-08
-0.120655458872888,-0.18799835,-0.18799835,-4.434967032507231e-09
-0.1335313926245226,-0.1551531,-0.15515313,3.427780151388227e-08
-0.2712445239546986,-0.34308848,-0.3430886,1.2215003969417992e-07
-0.2281560931377539,-0.23598632,-0.23598626,-6.216453551921575e-08
-0.424596691148102,-0.47622773,-0.4762276,-1.3051261904539757e-07
-0.3841929728326246,-0.39278904,-0.3927891,6.396446228240649e-08
-0.5807119604530984,-0.5953337,-0.5953337,4.5883178367844835e-09
-0.5447271754416722,-0.5613527,-0.5613527,-2.9797363243488917e-08
-0.7400508488882864,-0.76608384,-0.76608384,3.444519003359403e-09
-0.709276562489829,-0.7624595,-0.7624595,-1.6525268597966658e-08
-0.8533159327127666,-0.93176246,-0.9317626,1.4310607909795436e-07
-0.5327304591540407,-0.57998717,-0.57998705,-1.1831207280543765e-07
-0.6014799920341214,-0.6329547,-0.6329547,-1.6682434100800947e-08
-0.655085458956806,-0.724211,-0.72421086,-1.1755432127724674e-07
-0.5978370007556204,-0.65982044,-0.65982056,1.2256866455118143e-07
-0.749030930750963,-0.78454864,-0.78454876,1.1974884028820298e-07
-0.6694306539426292,-0.6881772,-0.68817735,1.220260620327096e-07
-0.7087356916235674,-0.78857243,-0.78857255,1.193893433004689e-07
-0.6539264674066639,-0.7081082,-0.7081082,1.3278198207622438e-08
-0.8082073676409101,-0.8273008,-0.8273009,1.1302795410728095e-07
-0.7298111649315367,-0.7247988,-0.72479904,2.414389037586062e-07
-0.7580110126136399,-0.80376303,-0.80376315,1.1804046629038112e-07
-0.7052197617942145,-0.73370516,-0.73370516,-3.002014192787783e-09
-0.8639299268913659,-0.84938383,-0.8493837,-1.3102416995813826e-07
-0.789658080940789,-0.75510645,-0.75510657,1.208728027668471e-07
-0.8052140070200179,-0.8282913,-0.8282913,3.041076612753102e-09
-0.7507762933965817,-0.77063704,-0.77063704,4.630126948512725e-09
-0.7721903879003982,-0.78929067,-0.78929067,3.4197997766938215e-09
-0.9136657649000374,-0.8780817,-0.8780818,1.206558227773158e-07
-0.7913984964620536,-0.7987083,-0.7987081,-2.1966400143291764e-07
-0.8462983600541201,-0.79782844,-0.79782844,4.102172823650108e-09
-0.8508051918613,-0.880203,-0.880203,-8.651733440778742e-09
-0.8007323912398827,-0.82235,-0.82235014,1.1482299799858708e-07
-0.9622503103622118,-0.92029965,-0.92029965,7.614135988376347e-10
-0.8208715856523773,-0.8447467,-0.8447468,9.11300659378611e-08
-0.8989420935395421,-0.8440753,-0.84407544,1.1784881592813434e-07
-0.8885675873864024,-0.9356103,-0.93561053,2.3565795903568443e-07
-0.8416471888783893,-0.8648552,-0.86485505,-1.2024993900627834e-07
-1.0076112366941945,-0.9677713,-0.96777105,-2.417327881198972e-07
-0.8503446748427012,-0.8943285,-0.8943285,2.5001525849610573e-08
-0.9467499393588636,-0.8964176,-0.8964175,-1.1779785158427813e-07
-0.9233366222906124,-0.97527575,-0.9752761,3.450714111119524e-07
-0.8794767587514388,-0.9203595,-0.9203595,7.698059079075392e-09
-1.0400776865054104,-1.0058221,-1.0058221,3.750762944676467e-08
-0.8798177640330249,-0.95526826,-0.95526826,-3.8168335159127764e-09
-0.9834994815676052,-0.95841694,-0.9584168,-1.387817383236012e-07
-0.9548820380646308,-1.0105995,-1.0105996,1.060195922164553e-07
-0.9137938516755678,-0.9821955,-0.9821956,1.0344085688007709e-07
-1.0133524447172864,-0.99551225,-0.99551225,2.9144286983751044e-09
-0.9095211117326482,-1.001054,-1.0010542,1.5146179199732046e-07
-0.9838946102363558,-1.044124,-1.0441241,9.277496348936154e-08
-0.9441759353636908,-1.0231254,-1.0231255,8.992004385532937e-08
-0.623621117911335,-0.6634526,-0.66345274,1.1472534178214033e-07
-0.7285379234233161,-0.7625016,-0.7625016,2.5955200211313922e-09
-0.6891551592904078,-0.7076764,-0.70767653,1.1932495114219677e-07
-0.7801158295063827,-0.8003019,-0.8003019,-9.446716298100455e-09
-0.7423374247507171,-0.73754406,-0.73754406,2.465819770591793e-10
-0.8257070143476648,-0.8296617,-0.82966185,1.2304840091292846e-07
-0.789658080940789,-0.79004514,-0.7900454,2.578262329189229e-07
-0.8278220838865469,-0.8187016,-0.8187015,-1.2487030032204416e-07
-0.8676140630401565,-0.8587831,-0.85878336,2.3412261962452163e-07
-0.8462983600541201,-0.83041346,-0.8304132,-2.6073150638517006e-07
-0.9028436149629654,-0.9024806,-0.9024807,9.77355957276771e-08
-0.8675005677047231,-0.85039485,-0.85039496,1.1499114993540616e-07
-0.9348495477555828,-0.94890034,-0.9489006,2.5801239011968846e-07
-0.8989420935395421,-0.8908454,-0.8908453,-1.1797637944344075e-07
-0.960638500797116,-0.9817307,-0.9817306,-9.953918456151456e-08
-0.9238189982949466,-0.94169736,-0.9416975,1.4091491695733538e-07
-0.9802104740875652,-1.0159233,-1.0159233,3.835754402992109e-08
-0.941608539858445,-0.9883677,-0.9883678,1.2326507570215028e-07
-0.9947167601734278,-1.0480993,-1.0480993,2.0596313543563838e-08
-0.951917909517306,-1.026866,-1.026866,4.083251958775236e-08
-0.5242486440981314,-0.56899667,-0.5689968,1.3213806149270368e-07
-0.5896920423157751,-0.618554,-0.6185541,1.039138793901273e-07
-0.6564670100126025,-0.6503959,-0.650396,1.2979125973977546e-07
-0.6014799920341214,-0.6179782,-0.6179782,-1.521759029898817e-08
-0.6655320135269719,-0.66129756,-0.6612977,1.402618408086198e-07
-0.7158737054118489,-0.6938982,-0.6938982,-9.887695107124728e-10
-0.7706752306251071,-0.7421441,-0.742144,-1.0781860348973993e-07
-0.7277386253295643,-0.7101884,-0.7101884,1.117553716234454e-08
-0.7765287894989963,-0.74517393,-0.74517393,-1.121826187500119e-09
-0.8206413271430779,-0.7920555,-0.7920555,1.2367248558575739e-08
-0.8007323912398827,-0.767781,-0.76778114,1.207891845433906e-07
-0.8660022534750607,-0.8401109,-0.8401108,-9.801788325436434e-08
-0.8278220838865469,-0.79716337,-0.79716325,-1.1727142334994056e-07
-0.9053764585652588,-0.89617693,-0.8961768,-1.3424224853952893e-07
-0.8675005677047231,-0.8512155,-0.85121536,-1.217581176993221e-07
-0.93968497645087,-0.94637847,-0.9463786,1.305328368728098e-07
-0.9014021193804044,-0.90619326,-0.90619326,3.6218261723064415e-09
-0.9680067730946968,-0.9983777,-0.99837756,-1.207785034207376e-07
-0.9288695140810151,-0.9647442,-0.9647442,-1.0243225045947213e-08
-0.9467499393588636,-1.0175701,-1.0175704,2.6202239999939536e-07
-0.5709295478356962,-0.5950887,-0.5950887,-2.0321655247457215e-08
-0.6792626024332435,-0.70748425,-0.7074841,-1.4530029301962344e-07
-0.6462635946610948,-0.6469413,-0.6469413,-4.206848092103144e-09
-0.737057488267394,-0.74967384,-0.74967396,1.1661621091008101e-07
-0.707246104939447,-0.69051456,-0.69051456,-4.514160156787739e-09
-0.7888656528597602,-0.7949941,-0.7949941,-1.5829467736594438e-08
-0.7635696448564911,-0.7447003,-0.74470043,1.1738555905083103e-07
-0.8351476132289405,-0.83791864,-0.83791864,8.169556142689771e-10
-0.807436326962073,-0.77541745,-0.77541745,2.90985102679997e-09
-0.8301130356331028,-0.7920228,-0.79202294,1.1571258540232776e-07
-0.8768244034121327,-0.8780681,-0.878068,-8.948516849738297e-08
-0.8533159327127666,-0.81784713,-0.8178469,-2.326828002496839e-07
-0.9132052478814386,-0.9233165,-0.9233165,2.127075193758543e-08
-0.8867319296326107,-0.872553,-0.8725531,1.0908660885711186e-07
-0.9445204051461576,-0.96310186,-0.96310186,-3.861084008072169e-09
-0.916290731874155,-0.93040454,-0.9304044,-1.4387664792891997e-07
-0.9710001337155892,-1.0085849,-1.008585,1.4301300055308275e-07
-0.9364934391916744,-0.9790218,-0.9790219,1.1235656738328714e-07
-0.991953658061835,-1.0451204,-1.0451202,-1.5846710210709603e-07
-0.951917909517306,-1.0230739,-1.0230739,-1.1666870136650687e-08
-0.3133418192323586,-0.32859102,-0.32859108,6.108482358824219e-08
-0.4612077941267074,-0.4740354,-0.47403547,5.792686463834684e-08
-0.4034671054454912,-0.38505605,-0.3850561,5.1368331921430865e-08
-0.5374233607048103,-0.5294956,-0.5294957,1.0311431886123046e-07
-0.4845083154486173,-0.4519547,-0.4519547,7.397842394230025e-09
-0.6113363421899192,-0.60249937,-0.60249937,4.193420388709512e-09
-0.5621189181535413,-0.51849294,-0.51849294,2.9119873179439537e-09
-0.6808744119983394,-0.67586637,-0.6758665,1.3456726077887282e-07
-0.6292338548162925,-0.59896433,-0.59896433,-3.534240677893763e-09
-0.6674794338113675,-0.64065444,-0.64065444,-4.694518995762564e-09
-0.7474191211858673,-0.7414732,-0.7414731,-9.793701172267077e-08
-0.7031975164134467,-0.67967904,-0.67967916,1.2385955805438442e-07
-0.8084376261502095,-0.80685484,-0.8068547,-1.440933227181418e-07
-0.7657178733947807,-0.7538068,-0.7538068,-2.9452514649364048e-08
-0.8669232875122583,-0.8680632,-0.8680632,-1.1441040004278591e-08
-0.8255363686056909,-0.833748,-0.833748,1.702117924384794e-08
-0.9214945542162172,-0.94777226,-0.94777215,-1.1448059078489337e-07
-0.8818893051568227,-0.92254937,-0.92254937,3.0490112656877955e-09
-0.9735329773178826,-1.0258675,-1.0258675,3.784179680721422e-08
-0.9314043696842031,-1.0100683,-1.0100684,1.0261383054377404e-07
-0.6616485135005743,-0.6549598,-0.6549598,2.1408080863594137e-09
-0.7113111511876165,-0.7039324,-0.7039325,9.548187251962048e-08
-0.7215466550816433,-0.7091012,-0.7091011,-1.0010375972591135e-07
-0.6875519087680221,-0.64717066,-0.64717066,-2.8799438389626175e-09
-0.7752804008110953,-0.82845914,-0.82845914,-3.638610857059632e-09
-0.8141855089370014,-0.83292735,-0.83292735,3.7704467326094004e-09
-0.7940730991499059,-0.83387387,-0.83387375,-1.179885864566188e-07
-0.7835697071458738,-0.7536553,-0.7536553,-1.4445495577497525e-08
-0.8501144163334017,-0.9174516,-0.9174514,-2.2010192868293643e-07
-0.8770700187208739,-0.9202746,-0.9202746,-1.528778070802872e-08
-0.8478118312404077,-0.8511889,-0.8511888,-9.808654788390214e-08
-0.8746690571833357,-0.92248774,-0.92248774,4.251708984881475e-09
-0.907218526639654,-0.98100185,-0.98100185,-3.9428711406941375e-09
-0.9016923224164684,-0.9281136,-0.9281136,2.024993894789162e-08
-0.9339456671128756,-0.98114634,-0.98114645,1.1439819336267476e-07
-0.9364934391916744,-0.9827621,-0.9827621,1.68762204211248e-09
-0.9475137657670498,-1.0126582,-1.0126582,-3.8410949754208445e-08
-0.9728610833625494,-1.012277,-1.0122771,9.28970336211421e-08
-0.962334670375562,-1.014346,-1.014346,-3.532409698081551e-09
-0.9346192892462832,-0.9935384,-0.9935384,2.0330810590607484e-08
-0.99695863494161,-1.0525388,-1.0525388,4.7444152828646224e-08
-0.9719211677527868,-1.0557023,-1.0557023,-2.8681945707376144e-08
-0.9942522733438668,-1.0585258,-1.0585259,9.929504396488653e-08
-0.9631713443994094,-1.0439979,-1.0439979,1.6203308028650554e-08
-0.9894208144595416,-1.0710448,-1.0710449,9.733428951719247e-08
-1.018877320649256,-1.0708386,-1.0708383,-2.705947876879833e-07
-0.985736678310751,-1.0770168,-1.0770166,-2.3044433583585544e-07
-1.0106014113453965,-1.0719609,-1.0719607,-2.260559082145619e-07
-1.0272222925814367,-1.0730693,-1.0730695,1.659698485312333e-07
-0.9974798622850206,-1.0724715,-1.0724715,5.56945822793864e-10
-0.9875787463851464,-1.0755193,-1.0755194,7.66510008798349e-08
-1.0051219455807707,-1.074296,-1.074296,2.3803710114123078e-09
-1.0272222925814367,-1.0729295,-1.0729296,9.846649162703613e-08
-0.9958680527199248,-1.0660772,-1.0660774,1.6763916010908986e-07
-1.018877320649256,-1.0725781,-1.072578,-7.254791256627868e-08
-1.0244328904938582,-1.0709466,-1.0709466,2.5788879476351667e-08
0.4478858239921165,0.40631947,0.40631944,2.9213485741585998e-08
0.2945006333939385,0.19551973,0.19551973,4.4872283666563817e-10
0.2021241840901343,0.118007116,0.11800709,2.6019725804515836e-08
0.0087498233533773,-0.06769207,-0.06769204,-3.119941711926533e-08
-0.002002002670673,-0.0029311925,-0.0029312223,2.978271942130975e-08
-0.203778780729973,-0.17114246,-0.17114252,6.108428954321177e-08
-0.1887421245968774,-0.11074263,-0.1107426,-2.857437134129448e-08
-0.3405523352538194,-0.29317048,-0.29317054,5.8079757669915466e-08
-0.2916900938493197,-0.21110627,-0.21110633,5.944831849014065e-08
-0.4262085007131979,-0.3802816,-0.3802816,2.6241302464313776e-09
-0.3783364407199117,-0.292702,-0.292702,1.0587692278463123e-08
-0.4835428695287496,-0.43550757,-0.4355075,-6.573677063803629e-08
-0.4478508246046022,-0.37158325,-0.3715833,4.6854782109750914e-08
-0.528673537351433,-0.5210304,-0.52103055,1.239746093562033e-07
-0.5025268209512956,-0.46320143,-0.46320143,-3.4201812493250827e-09
-0.5763370487764098,-0.58524954,-0.58524954,-3.1900024843878327e-09
-0.5568695622673976,-0.5368371,-0.5368371,-9.82666059634596e-10
-0.600974709271446,-0.61681294,-0.61681306,1.1558776857878428e-07
-0.5430045221302259,-0.57185626,-0.5718564,1.397003174252731e-07
0.7761087012742927,0.740101,0.740101,-2.0195007333079218e-08
0.5715016200811222,0.5425695,0.5425695,1.8089294395728928e-08
0.4756128680102461,0.46139708,0.46139708,1.613540634437527e-09
0.223120495511123,0.18821982,0.18821982,-4.507370005013556e-09
0.2255406759139311,0.32517076,0.32517076,-4.613647464069004e-09
-0.0354598104321083,0.06671885,0.06671885,-3.440475460081416e-09
0.0411419433311752,0.1955276,0.19552758,1.8261833184540777e-08
-0.2093049849531587,-0.118305,-0.11830503,3.231742859433062e-08
-0.1613431504087629,-0.02100055,-0.02100052,-2.919719695876344e-08
-0.3253552736400587,-0.2821494,-0.28214934,-6.42873382306064e-08
-0.2770718933397654,-0.18016705,-0.18016705,8.304595899844003e-10
-0.4133140241924312,-0.34841624,-0.34841618,-5.9023208598407706e-08
-0.363843433417345,-0.2631326,-0.2631326,-1.976394659042313e-09
-0.4971281215774145,-0.44497696,-0.44497702,6.434776306241119e-08
-0.4572848568379608,-0.3877218,-0.38772187,6.323539736285966e-08
-0.5742647221927151,-0.5557742,-0.5557742,-1.1883544925872513e-08
-0.5499130124740376,-0.51097095,-0.51097083,-1.201266479622376e-07
-0.6173230634317037,-0.60448647,-0.60448635,-1.154541016124e-07
-0.5430045221302259,-0.55887485,-0.55887485,4.495239291912867e-09
-0.0650719967437148,-0.08649784,-0.08649781,-3.3265533452842e-08
-0.089924707527987,-0.11819714,-0.11819717,2.692214966237838e-08
-0.0983203834708457,-0.12518647,-0.12518647,-3.1311798154298742e-09
-0.1199102966725575,-0.14541826,-0.14541823,-2.6521224966158385e-08
-0.1464444119144213,-0.16735849,-0.16735852,3.215553284752204e-08
-0.1578240851935672,-0.1746653,-0.17466536,5.796180724271238e-08
-0.1968710254509909,-0.19203654,-0.1920366,6.068382263357819e-08
-0.2144316107121882,-0.20497006,-0.20497012,5.8220977788847605e-08
-0.2452253124038658,-0.2318624,-0.23186243,3.399818421234713e-08
-0.2783920255446883,-0.26428658,-0.26428655,-2.7701568594551418e-08
-0.2928888238288427,-0.27672398,-0.27672395,-3.090362549196257e-08
-0.320205264157341,-0.29194024,-0.29194018,-6.20520782534939e-08
-0.3433154373654122,-0.31093898,-0.31093892,-6.415565489970021e-08
-0.353821874956326,-0.3202546,-0.3202546,5.912399292373749e-09
-0.3871341514234409,-0.35865518,-0.3586553,1.1549263001509047e-07
-0.3916697243182872,-0.36678508,-0.36678502,-5.924079893304679e-08
-0.4170317444796297,-0.39969966,-0.39969966,1.8445587279813935e-09
-0.4400240112711621,-0.43510178,-0.43510178,2.684860223034491e-09
-0.4525567156420149,-0.4505705,-0.45057043,-6.393653867453608e-08
-0.4920624343728276,-0.51474833,-0.51474845,1.15115356469353e-07
-0.49758039701597,-0.5211837,-0.5211837,-2.917175290217955e-08
-0.2916900938493197,-0.3250945,-0.32509455,5.875663755539051e-08
-0.3037109737659146,-0.33912,-0.33911994,-6.060081481074064e-08
-0.3065251602532608,-0.3393012,-0.33930126,6.1279067986586e-08
-0.320205264157341,-0.3516355,-0.3516355,1.411247252391945e-08
-0.3301907023353462,-0.36320147,-0.36320147,8.170318865907689e-10
-0.348140041488895,-0.37591782,-0.37591782,-2.1225738389141213e-09
-0.3562099138861789,-0.38587973,-0.38587978,5.4782180791690394e-08
-0.3725140079684785,-0.39754203,-0.39754203,3.807830717406091e-10
-0.382459383946311,-0.4091451,-0.4091451,1.2996292098055306e-08
-0.3974969384589874,-0.42051962,-0.42051962,-1.8013002200945039e-10
-0.4082483369878443,-0.43341038,-0.43341038,3.6896514732376318e-09
-0.4200712604975265,-0.44177404,-0.4417741,5.953941345504532e-08
-0.4344978070479764,-0.46055642,-0.46055642,2.296371481858017e-09
-0.444725822061467,-0.47094998,-0.47095004,6.236366273393301e-08
-0.462128828163905,-0.49628702,-0.49628708,6.193931578746259e-08
-0.4652151125139384,-0.49652788,-0.49652788,-4.302215805829235e-10
-0.4861330111756192,-0.5229881,-0.5229881,1.9021606401103952e-08
-0.4888388152426359,-0.5285815,-0.5285816,9.994659422307706e-08
-0.5058380822549516,-0.54830384,-0.54830384,-2.5445556772751843e-09
-0.5164698363585645,-0.5648757,-0.5648757,-2.1931457538926225e-08
-0.5208759596194922,-0.56827545,-0.5682756,1.483398437418515e-07
-0.5361434317502807,-0.5874933,-0.5874933,-4.3792725001878807e-10
0.7804120703533033,0.78538764,0.78538764,-4.768981987091081e-09
0.7114781372446687,0.70895016,0.70895016,1.933898929884492e-09
0.4622864281013287,0.7082374,0.7082374,9.591674787756688e-09
0.5799784824543073,0.6359227,0.6359227,-2.9635620069079494e-08
0.2710190115552414,0.6352441,0.6352441,-2.851638791767641e-08
0.171766042854438,0.54412115,0.54412115,-3.797912651037905e-09
0.462475362824944,0.53727114,0.53727114,2.0059204297595556e-09
0.2342486852036237,0.39586732,0.3958673,1.7914962791021338e-08
0.3228224300377652,0.39463347,0.39463347,1.9657898087110937e-09
0.2738366656297278,0.25570288,0.25570288,3.005142190648513e-09
0.017839918128331,0.25132644,0.25132644,1.7648315586704655e-09
0.1988508587451651,0.13591456,0.13591456,4.132690439861975e-09
-0.0669948688242783,0.13284598,0.13284598,2.909202573286862e-09
0.1292723357041391,0.0057037324,0.0057037026,2.977133026129536e-08
-0.1401820305998625,0.0029166043,0.0029166043,-1.9528198069024283e-11
0.0925791812930931,-0.059518784,-0.059518784,-2.845916766136547e-10
0.0563803334361076,-0.12472361,-0.12472361,-3.262176515028692e-09
-0.1943131696463327,-0.1259729,-0.12597287,-2.6814346326675675e-08
0.04783732941416,-0.14288321,-0.14288315,-6.137428285035718e-08
0.0382587121170902,-0.16088602,-0.16088599,-2.9468307488622614e-08
0.031498667059371,-0.16821665,-0.16821668,3.4282379157701826e-08
0.0217614917815127,-0.18371066,-0.18371066,-4.5107269308619635e-09
0.0069756137364251,-0.1992217,-0.19922176,5.957008361590077e-08
0.6357437441756562,0.7087809,0.7087809,-1.525726323059473e-08
0.8029428463828295,0.9370116,0.9370115,9.95407104520396e-08
0.4879177812054383,0.5297656,0.5297656,5.926513724219262e-09
0.5243142419465455,0.8052987,0.80529857,1.1602752680861528e-07
0.384761969039305,0.39732695,0.3973269,4.6258544939004054e-08
0.2264979191267833,0.6965542,0.69655424,-5.6040039053684154e-08
0.300487354635723,0.28527656,0.28527653,3.197547915334553e-08
0.0711106274579528,0.598814,0.598814,1.062011723007572e-08
0.2215086859460272,0.17996418,0.17996417,1.4761047356648405e-08
-0.0611310000042313,0.45853356,0.45853359,-3.47307586578971e-08
0.4121627316459342,0.45761842,0.4576184,1.5355682392304004e-08
0.1432207927842296,0.08504804,0.08504804,2.237758631173925e-09
-0.1703139376696775,0.2980106,0.2980106,-1.23077392721882e-08
0.0548015252132583,0.02524431,0.02524431,4.982376108908504e-10
-0.1940703038285026,0.16167931,0.16167933,-1.741321564718845e-08
-0.0449004093133839,-0.09552425,-0.09552425,-1.4610290477445886e-09
-0.1990608807982526,0.03343202,0.03343205,-2.8262901304032528e-08
-0.1570363033421939,-0.22081277,-0.22081271,-5.774406433567414e-08
-0.2108444957271929,-0.11777583,-0.11777583,2.353744504857147e-09
1.0896724470986354,1.1010602,1.1010602,-4.7946167036627685e-08
0.8390620078870303,0.85600877,0.85600877,-1.918334935346877e-09
0.6094942741155239,0.7121062,0.71210635,-1.221252441396814e-07
0.6222417670441711,0.8114512,0.8114512,-3.329467812562825e-09
0.3861435200951014,0.5989008,0.5989008,-5.017089854675305e-09
0.1772990521605415,0.4774156,0.4774156,-8.521652217208242e-09
0.3332527739942398,0.648021,0.648021,-1.7257690387850744e-08
0.0285520551531261,0.36184734,0.36184734,1.0606384104328015e-09
0.21559513355688,0.50255704,0.50255704,-7.391357526032039e-10
0.4496948686617372,0.42632645,0.42632648,-2.6314239509606097e-08
-0.0817417708012886,0.22590628,0.2259063,-1.73366546674103e-08
0.0665365238002442,0.3295802,0.3295802,-1.2202453603116226e-08
0.0203906896477339,0.2717733,0.2717733,8.515548710619214e-09
-0.1775293106698409,0.069782525,0.069782525,3.009796162301015e-10
-0.097833360348763,0.0768138,0.0768138,2.1230697616614336e-09
-0.2392385911620813,-0.07653242,-0.07653248,5.650375366206273e-08
-0.1540840153827151,-0.051282495,-0.051282555,5.973976135303927e-08
-0.2675603878059081,-0.22314554,-0.22314548,-6.452896117448148e-08
-0.1775728497717508,-0.14701626,-0.1470162,-5.704765318470528e-08
-0.5753641449035618,-0.57074547,-0.5707456,1.3186035152656927e-07
-0.6477171866592251,-0.67994416,-0.6799443,1.4239959711392913e-07
-0.5621189181535413,-0.55084276,-0.55084276,-1.99340821627203e-09
-0.6258426282757816,-0.64529073,-0.6452906,-1.3238372797985676e-07
-0.5471438864401024,-0.53105175,-0.53105175,-4.951477006187588e-09
-0.5301783522818057,-0.49978378,-0.49978378,-4.151077259706426e-09
-0.6007444507621467,-0.6039034,-0.6039034,-1.2818908712297628e-08
-0.5108256237659907,-0.48072514,-0.4807252,6.062049867638919e-08
-0.5710411030625234,-0.5676154,-0.5676154,1.0176086417956753e-08
-0.4859704227678145,-0.4540935,-0.45409343,-5.607063291446224e-08
-0.4588658848352796,-0.42022935,-0.4202293,-4.556007388023531e-08
-0.5353510341211157,-0.5040525,-0.5040524,-1.1979827885255645e-07
-0.4292456367735677,-0.3869889,-0.3869889,-8.05244443347064e-09
-0.4943650194658217,-0.44332656,-0.4433265,-6.264305113523605e-08
-0.3974969384589874,-0.35645112,-0.35645112,-3.952865590406418e-09
-0.4478528005873419,-0.3997917,-0.39979175,6.22730255139814e-08
-0.3626930162642954,-0.32441732,-0.32441732,-2.874069204850116e-09
-0.3239312051269019,-0.27615908,-0.27615908,2.1172332775876157e-09
-0.3960446359949758,-0.35566184,-0.35566184,7.532501289375659e-10
-0.2864827918762988,-0.24211618,-0.24211618,-3.0425262587119306e-09
-0.3421641448189152,-0.32462904,-0.32462904,1.4276885784703097e-09
-0.2461563256232825,-0.21746856,-0.21746862,6.025802612441566e-08
-0.5586162876023393,-0.42880937,-0.42880937,-4.5708465346017135e-09
-0.6493289962243208,-0.5770453,-0.57704544,1.185354614463563e-07
-0.7729778157181012,-0.72675276,-0.72675276,1.9738769507782195e-09
-0.5175146119167874,-0.31415293,-0.31415293,3.793411251784562e-09
-0.6035075528737395,-0.50568914,-0.50568914,-4.134521502940913e-09
-0.7248537872745257,-0.65814066,-0.6581408,1.4066772457965726e-07
-0.4748151862429576,-0.1826342,-0.18263415,-5.4626083378916945e-08
-0.5597584361068526,-0.42491946,-0.42491952,6.375648498035957e-08
-0.6753482077751537,-0.5543355,-0.5543355,2.5032043438066864e-08
-0.5657451573486371,-0.18433318,-0.18433318,4.579238904733884e-09
-0.432322562278047,-0.10105601,-0.10105604,3.046897888159261e-08
-0.5164698363585645,-0.35743263,-0.35743275,1.163616180632765e-07
-0.6246913357292846,-0.50805163,-0.50805175,1.1616516115697806e-07
-0.3886079910417414,-0.09640896,-0.09640896,-3.2034301739036763e-09
-0.513936992756271,-0.42205897,-0.4220589,-6.973609922855672e-08
-0.579330409397302,-0.5868025,-0.5868025,1.7395019535904055e-08
-0.3495574761698684,-0.10735676,-0.10735676,3.0744171097829565e-09
-0.4326557389735812,-0.3220195,-0.3220195,1.2380599989647578e-08
-0.5422587894000978,-0.5458156,-0.5458156,1.2956237749328636e-08
-0.3092462503676215,-0.11598304,-0.11598304,8.592987016386999e-10
-0.3946630849391794,-0.2899226,-0.28992257,-2.5024108896154473e-08
-0.5049569108935943,-0.51190436,-0.51190436,1.1361693807998563e-09
-0.2770718933397654,-0.15227813,-0.15227813,4.7138977166127916e-09
-0.3601243085442688,-0.29716107,-0.29716107,-2.492599460168776e-09
-0.4699576174800848,-0.4940516,-0.49405172,1.1453697207342017e-07
-0.2459005384368259,-0.19117436,-0.19117436,1.8704986448625505e-09
-0.3281183757516515,-0.28758708,-0.28758714,6.357444765070497e-08
-0.4335767730107788,-0.45487407,-0.45487407,1.5013885690251527e-09
0.0941757303034564,0.17191245,0.17191246,-1.3381919850008472e-08
0.4183797113970181,0.7940912,0.79409134,-1.1532958987814368e-07
0.3433154373654122,0.6126905,0.6126905,8.365631076756586e-09
0.6424212409453388,0.90286744,0.90286744,-3.5910033835406807e-09
0.704591038456178,1.0719439,1.0719439,-2.08724975081509e-08
0.571962137099721,0.91518116,0.91518116,-2.68555178095653e-11
0.7577807541043405,1.0142355,1.0142356,-1.034790038101363e-07
0.6359740026849555,0.92830765,0.92830753,1.2247344971516583e-07
0.6631445067822852,0.8250066,0.8250066,4.194641078925088e-09
0.5636728307649425,0.71942174,0.71942174,4.346618620587606e-09
0.4955163120123186,0.6504517,0.6504518,-8.023910524901368e-08
0.4363398751223717,0.4613615,0.46136147,2.7640609745471778e-08
0.3018689056915194,0.4431868,0.4431868,-1.0248947135416131e-08
0.2726260750104951,0.24114564,0.24114564,6.11648565129741e-10
0.1185831322891933,0.18112087,0.18112087,2.497558604375172e-09
0.120655458872888,0.068358034,0.068358034,-1.045074443650762e-10
-0.0428280827296892,0.007031679,0.007031709,-2.98465576168902e-08
-0.032466449811216,-0.0713501,-0.0713501,2.3437499996337152e-09
-0.1743056915396492,-0.14988431,-0.14988431,-3.3449554515119218e-09
-0.1494377725353135,-0.19954285,-0.19954285,-2.5596619268597465e-10
-0.7985076962177716,-0.8299575,-0.8299577,2.1480102541104884e-07
-0.7994575442875328,-0.8277912,-0.8277911,-1.1398925781058722e-07
-0.8029620465671519,-0.78970194,-0.78970206,1.2137084959285005e-07
-0.7821881560900774,-0.7602521,-0.760252,-1.1811065669942167e-07
-0.7444404749474959,-0.7297183,-0.7297183,-2.752227779012628e-08
-0.7117290522444596,-0.70698714,-0.70698714,-2.5628662525534196e-09
-0.6753072624316143,-0.6624156,-0.66241574,1.1633514407360934e-07
-0.6288359888966739,-0.76469696,-0.76469696,4.319152813181404e-09
-0.583396316600826,-0.5309948,-0.5309948,2.7088928211682628e-08
-0.646565894112728,-0.60405064,-0.6040504,-2.362915039189062e-07
-0.5516476182862459,-0.46528217,-0.4652821,-7.196464540948355e-08
-0.5091603444469295,-0.42010537,-0.4201055,1.3210105898053826e-07
-0.5355812926304151,-0.45816436,-0.4581643,-6.409950253916108e-08
-0.3652833184753326,-0.29532698,-0.29532698,2.031784074318921e-09
-0.3969656700321735,-0.2919309,-0.2919309,-1.3925170905260131e-08
-0.2206466711156225,-0.08468616,-0.08468616,-8.758545277931518e-11
-0.22427178805762,-0.12606698,-0.12606701,2.72538757395413e-08
0.0069756137364251,0.11832293,0.11832293,1.2300682000754293e-09
0.0082893063347785,0.06557949,0.06557949,-1.1265182536801532e-09
0.2904282981198061,0.38294357,0.38294357,6.138610730843652e-10
0.2942703748846391,0.31387746,0.31387746,3.340759280323624e-09
0.4681268692328754,0.5431298,0.54312986,-5.824981685886854e-08
-0.8867319296326107,-0.4134461,-0.41344616,6.143394470914387e-08
-0.8627499649461253,-0.4439585,-0.4439585,8.91304013928007e-09
-0.8347107448817322,-0.48307618,-0.48307618,-4.9880218289111156e-09
-0.9286325680044988,-0.5593176,-0.5593177,1.1119384768498719e-07
-0.780886094867952,-0.4958723,-0.4958723,1.1057662951952096e-08
-0.7423374247507171,-0.49468347,-0.49468347,-4.302291856106422e-09
-0.7381445464906811,-0.49441758,-0.49441752,-5.798194885331398e-08
-0.6991652528855083,-0.49081597,-0.49081597,2.678604116290728e-09
-0.90883033620475,-0.53674424,-0.53674424,3.053894026550097e-09
-0.6367668471238376,-0.4662057,-0.4662057,1.3669204712574157e-08
-0.5942072327050416,-0.44165042,-0.44165042,-4.273223996875686e-10
-0.5923972774598022,-0.44063136,-0.44063136,1.8440249327511538e-10
-0.5327304591540407,-0.3978921,-0.3978921,1.2302017238230434e-08
-0.8954753426653845,-0.4820051,-0.4820051,1.0478591938589688e-08
-0.4861330111756192,-0.3536615,-0.3536615,-7.368087751036256e-09
-0.4478508246046022,-0.3150237,-0.3150237,9.537887590838068e-09
-0.4215944900380479,-0.2992563,-0.29925624,-5.4965744011870044e-08
-0.3960099493374092,-0.262116,-0.26211593,-5.5155105593840403e-08
-0.8372199398126351,-0.4411941,-0.4411941,1.273307798088652e-08
-0.3523983871714722,-0.20408848,-0.20408848,7.195281870320258e-10
-0.3438997524500096,-0.19140917,-0.19140911,-6.062759400071727e-08
-0.320205264157341,-0.170273,-0.170273,-5.962371818490908e-09
-0.3024573580339353,-0.15906036,-0.15906036,9.988403437688476e-10
-0.2587707289573608,-0.11042437,-0.11042437,4.2640685427031144e-10
-0.247180129142451,-0.097064376,-0.097064376,1.22619622788811e-10
-0.2357223335210698,-0.0953078,-0.09530783,3.2806472774482565e-08
-0.2144316107121882,-0.06512225,-0.06512228,3.325775146945098e-08
-0.1755445725149309,-0.035378844,-0.03537883,-1.3545913696288991e-08
-0.6728153641728603,-0.3870063,-0.38700637,5.739128111637015e-08
-0.1187835359899669,0.019295007,0.019295037,-3.000956726173509e-08
-0.0790432073404528,0.061214775,0.061214775,-1.5296935940156686e-10
-0.0397808700118446,0.07851295,0.07851295,1.7316818257118172e-09
-0.0418642040986988,0.09056348,0.09056348,3.53624343696346e-09
-0.0181639706276711,0.11458224,0.11458224,5.815124493047108e-10
-0.4575236579779169,-0.30387327,-0.30387333,5.924995422068591e-08
0.0168571170664228,0.13825516,0.13825518,-1.5972785954998514e-08
0.0815799869924228,0.1906044,0.1906044,3.614997856615787e-09
0.1475575643576147,0.251845,0.251845,2.1743774558657947e-09
0.1570037488096647,0.26169395,0.26169398,-2.553222655521381e-08
-0.2274954071878117,-0.20269585,-0.20269579,-5.655761720069208e-08
0.2263384422107289,0.3227896,0.3227896,9.432220449134832e-09
0.3257001396393018,0.402052,0.402052,-1.4736175557583664e-08
0.3407487933884731,0.4168545,0.4168545,7.705688309656011e-10
-0.022795592420641,-0.03620249,-0.03620249,-3.297424347459277e-10
0.3987761199573678,0.46912673,0.46912673,1.1573028646516548e-09
0.4712528486461675,0.5335947,0.5335947,2.7516174339048405e-08
0.5038010088290262,0.57283115,0.57283115,3.869628950603499e-09
0.5353230953663781,0.58773994,0.58773994,4.45800785175976e-09
0.592774206413158,0.6283947,0.6283947,2.2938537624916933e-08
0.5922212619699848,0.6309235,0.6309235,9.597778349856867e-09
0.6413274318301488,0.6755612,0.6755612,-1.0348510715019188e-08
-1.1263946696805611,-1.0546277,-1.0546278,1.4306335449632002e-07
-1.1233149013084816,-1.0472623,-1.0472623,-1.0981750397931478e-08
-1.1116975282167652,-1.0380355,-1.0380355,-1.197051990864395e-08
-1.1251616239016462,-1.0288154,-1.0288153,-8.867950440638595e-08
-1.1267031688346354,-1.0188047,-1.0188047,3.0619812019239134e-08
-1.0838222031954745,-1.0106806,-1.0106806,4.370269768294577e-08
-1.0755795895575369,-0.99904406,-0.99904406,-7.070922736218677e-10
-1.039588948218649,-0.9890051,-0.9890051,1.1193847626600473e-08
-1.0501078796084948,-0.9817859,-0.9817859,6.559753407131552e-09
-1.0709323267515307,-0.99821186,-0.998212,1.3934326170694789e-07
-1.039306182770702,-0.97162914,-0.97162926,1.1723876958136259e-07
-0.9808292530117262,-0.9196986,-0.9196987,1.03999328593396e-07
-0.9670857390574992,-0.9067044,-0.9067042,-2.2581176761793387e-07
-0.9359833652198912,-0.87734425,-0.87734437,1.1932098387124057e-07
-0.8758688173752397,-0.82559216,-0.82559216,-2.2491453144368734e-10
-0.8429764025451202,-0.8061025,-0.8061024,-1.1426696777672163e-07
-0.8099057411701409,-0.7627797,-0.76277983,1.1732299809441571e-07
-0.7312645026730733,-0.6909727,-0.6909728,1.1418609624502807e-07
-0.6995253512515912,-0.6838976,-0.68389773,1.1552093504008099e-07
-0.6539264674066639,-0.6154232,-0.6154231,-1.0251464843680225e-07
-0.592759006528677,-0.52769756,-0.52769756,-3.171386708800128e-09
-0.5489362861697805,-0.5121583,-0.51215816,-1.1465057370152465e-07
-0.5030228117029698,-0.4420742,-0.44207427,6.054832457635939e-08
-0.4381949327310833,-0.37182513,-0.3718252,7.120628359169601e-08
-0.3718674925185384,-0.3315532,-0.33155325,5.905342104206568e-08
-0.327116141697188,-0.2613897,-0.26138976,5.744148257047499e-08
-0.2299164356016385,-0.16714793,-0.16714793,-4.43679809558617e-09
-0.172463623465254,-0.12763137,-0.12763143,6.374710082024393e-08
-0.1231851005703783,-0.07754913,-0.07754913,2.754974304242097e-10
-0.0083346367900576,0.05000812,0.05000812,-1.8473815949215933e-09
0.0571041103062523,0.08553585,0.08553585,-3.3493995632571938e-09
0.1127928274751221,0.18195845,0.18195844,1.1867103577589688e-08
0.2426324038980566,0.34002715,0.34002715,3.4919738767236197e-09
0.3198290694168729,0.38752574,0.38752574,-2.7143859937517334e-09
0.3780253923493827,0.454151,0.45415103,-2.5447158824576377e-08
0.40045256628462,0.48022085,0.48022085,4.282379173492501e-09
0.4392866565836751,0.5074897,0.5074897,-1.87561035591699e-08
0.4630419529121842,0.5285609,0.5285608,7.68463134237507e-08
0.4915816403992297,0.5517658,0.5517658,-4.776000706030459e-10
0.520756152442899,0.5733516,0.5733516,2.1627807655910658e-08
0.551065048625489,0.5962148,0.5962148,-2.872924809160793e-08
0.5820480080412257,0.61917514,0.61917514,-3.910675006046915e-09
0.6053536796092764,0.6382013,0.63820136,-6.367050175981603e-08
0.6344581842112657,0.65985435,0.6598544,-4.752578730560231e-08
-0.1142891464021276,-0.44510803,-0.44510803,3.733901965397024e-09
-0.1199102966725575,-0.48900244,-0.48900238,-5.639945982460759e-08
-0.4711089100265818,-0.5495591,-0.5495591,-1.6363525423557235e-08
-0.1109315607072816,-0.49352548,-0.49352548,4.736404435323749e-09
-0.4609775356174079,-0.55256045,-0.5525603,-1.4864654540591715e-07
-0.0608121393967574,-0.43352875,-0.4335287,-5.113487244745585e-08
-0.4255177251852997,-0.4983802,-0.49838015,-6.397590635032202e-08
0.0256677467485778,-0.29058617,-0.29058617,-3.534393333559649e-09
-0.3658807712767539,-0.4510918,-0.45109168,-1.1615974426781861e-07
0.1186715297174985,-0.09882066,-0.09882063,-2.6538009637033788e-08
-0.2829877079289682,-0.40486452,-0.40486458,6.016548154130774e-08
0.2223432311434407,0.08539905,0.08539908,-3.345973968726934e-08
-0.201476195636979,-0.33187506,-0.33187506,3.971633910637706e-09
-0.062630314529438,-0.1604867,-0.16048679,9.184936522466103e-08
-0.1135174450846064,-0.23803541,-0.23803541,-6.426238985390853e-10
0.3220834991691132,0.2455562,0.2455562,5.51109313740028e-09
-0.0105918914277726,-0.08851126,-0.08851126,1.6362762395027985e-09
0.4343764516025845,0.40369624,0.40369624,-1.0054015953109285e-09
0.0985506419801451,0.07285328,0.07285328,2.0940017636528196e-09
0.5538851132264376,0.557974,0.557974,-1.9096374481719636e-08
0.6108519378331152,0.6246016,0.6246016,2.5543213100220896e-09
0.6703901934373291,0.67985266,0.67985266,4.470672609890869e-09
0.6886370250820593,0.7121545,0.7121545,7.63702390216281e-09
0.7646885093833227,0.7540482,0.7540482,2.826385503418294e-08
0.7314058926770356,0.76214767,0.76214755,1.1502380370398413e-07
0.8167269324849881,0.81848884,0.8184887,1.3628845219049168e-07
0.7738050835773999,0.80933905,0.80933905,-3.5217284644062374e-09
0.7839015438284094,0.82210386,0.82210386,-2.0059204297595556e-09
0.8508051918613,0.86423874,0.8642386,1.3901367190705116e-07
0.8015530544037318,0.8278693,0.8278693,-3.926086455940947e-09
0.8793572470144262,0.8589257,0.8589257,1.8768309129058025e-10
0.8158071932958328,0.8198365,0.8198365,-2.693176237578143e-09
0.8202202631234213,0.8180822,0.8180821,1.1340179439933706e-07
0.8862650022934083,0.8501086,0.85010874,-1.1649536135749372e-07
0.8215403953283443,0.8234831,0.8234831,9.474182105506657e-09
0.8180161626058146,0.8255018,0.8255018,-4.165648936904631e-10
0.80692219481879,0.82721794,0.82721794,-3.4841919349659634e-09
0.8703771651517493,0.87268364,0.87268364,4.294738786825292e-09
0.7943490610689127,0.8281592,0.82815933,-1.1693389889710915e-07
0.8335358036638446,0.89683187,0.89683187,7.904055188134862e-11
0.7514160886839212,0.8519088,0.8519088,2.9861449979406984e-09
0.7902472039155566,0.9090198,0.9090198,2.784271235789504e-08
0.7227059828014898,0.8385906,0.8385905,1.2194824217104383e-07
0.6951451832226183,0.784111,0.784111,2.2949218747569944e-08
1.04024137534178,1.0559672,1.0559672,1.1723327641988135e-08
0.9178104180674268,0.9007462,0.9007462,2.6310729928091803e-08
1.0220551659459545,1.0486987,1.0486987,-3.628845224312727e-08
1.0025051246895862,1.0501583,1.0501584,-1.3774719231918198e-07
0.883271641672516,0.8880638,0.8880638,-1.1585998493934824e-08
0.962410667487708,1.0357559,1.0357559,-2.727355963294542e-08
0.9806542376974396,1.024344,1.0243441,-1.3256225583901937e-07
0.8425158855265215,0.89555883,0.89555883,4.075927706459481e-09
0.939342975404308,0.9435611,0.94356096,1.17117919917753e-07
0.9062403960206536,0.91132295,0.91132295,1.3168335311064538e-09
0.8026811634177244,0.84079707,0.84079707,-3.3114624375940593e-09
0.8990224903076353,0.8571254,0.8571255,-9.85031127775926e-08
0.7619254072717299,0.7694007,0.76940084,-1.241720580802408e-07
0.8573896239539941,0.8241205,0.8241205,2.154541012266975e-08
0.8548833037447916,0.8064461,0.8064461,-2.4560546929563998e-08
0.7200183585792381,0.7221879,0.7221879,-2.3298645013269947e-08
0.8188983858655056,0.7882421,0.7882421,1.669311577856547e-09
0.8138149402849189,0.7851932,0.7851932,4.879760706621994e-09
0.6781113098867465,0.68171626,0.6817163,-3.670578008208025e-08
0.7857263618530385,0.7760005,0.7760005,-2.7465818508431994e-10
0.7713112015292996,0.7669202,0.7669202,8.930969186415894e-09
0.7544751966541356,0.74086857,0.74086857,-1.5795897922998847e-09
0.6373555537407519,0.6663061,0.6663061,-2.1566009533735553e-08
0.7316464797105551,0.74780524,0.74780524,-2.229919471297137e-09
0.7304429653036423,0.7576424,0.7576424,-1.1656189013997675e-08
0.7171078180047888,0.7605082,0.7605082,-2.0335388151160316e-08
0.600974709271446,0.62331283,0.62331283,9.249877530592698e-10
0.7060634058264915,0.75162816,0.75162816,4.7668458069694e-10
0.6998745013093718,0.75019455,0.75019455,-4.394531405438329e-10
0.681074599325676,0.7342185,0.7342185,-2.1797180171923003e-08
0.6883858634582348,0.73339164,0.73339164,2.5704955941563412e-09
0.8812851226753399,0.9752443,0.9752443,-1.6323852491950674e-08
0.8787965274465745,0.9774084,0.9774084,9.118652388728776e-09
0.8742179554522472,0.9812068,0.9812069,-1.2528839110625967e-07
0.8767179567543318,0.9829012,0.9829012,1.5553283660985073e-08
0.8712933659434193,0.9848968,0.98489666,1.1906036379016882e-07
0.8658391883780567,0.9900929,0.99009275,1.2357330325674099e-07
0.8595087177751706,0.97325397,0.97325397,-4.622192406600334e-09
0.8531379168688864,0.9455048,0.9455048,-1.5415954623954065e-08
0.8475835338643642,0.9112582,0.9112582,2.0672607403682264e-08
0.836381348645853,0.87435603,0.87435603,1.4178467289127639e-09
0.8268035653726189,0.8503144,0.8503144,-2.1261596705457464e-08
0.8158071932958328,0.83489025,0.83489025,-3.608703558199977e-09
0.8064758658669485,0.8311794,0.8311794,-1.958312989547295e-08
0.8015530544037318,0.8309411,0.8309411,-1.8952941882588448e-08
0.792087128414849,0.82519484,0.82519484,-4.33715818815017e-09
0.7779477822524105,0.8118851,0.81188524,-1.215155028821968e-07
0.766862218382226,0.8056352,0.8056352,1.3851928715169493e-08
0.7485818874480459,0.8128735,0.8128735,-1.729583742893226e-08
0.7270653987634059,0.7929566,0.7929566,-9.347534191128659e-09
0.6931471805599453,0.7505238,0.7505238,5.618286169628561e-09
0.6830968447064438,0.722973,0.722973,-1.0917663550991108e-08
0.6795552270404783,0.7188308,0.7188308,2.389831543769816e-08
-1.0347817407915243,-1.0399652,-1.039965,-1.527404784873454e-07
-0.8959358596839833,-0.8376789,-0.8376788,-1.0930175786683094e-07
-0.8908701724793964,-0.872862,-0.872862,1.860809328846358e-08
-0.9986311548315177,-0.9835285,-0.9835284,-9.483489993300509e-08
-0.8171874495035869,-0.75026834,-0.7502682,-1.401107787568634e-07
-0.82754908242206,-0.7743814,-0.7743814,8.453369115812848e-10
-0.928862826513798,-0.88647306,-0.8864732,1.4034576412136346e-07
-0.7188670660327411,-0.6478708,-0.6478708,2.096252438299473e-08
-0.7448862775835738,-0.67945826,-0.67945826,-5.361938670844779e-10
-0.8254767558383654,-0.7826011,-0.782601,-1.180877685635906e-07
-0.5940669539924639,-0.5346167,-0.5346167,-8.755493219325672e-09
-0.6203164240525959,-0.57532847,-0.57532847,7.235717580655887e-10
-0.7094264671514655,-0.6680572,-0.6680572,-3.2928466620063546e-09
-0.4397937527618628,-0.37210062,-0.37210062,-1.4618682930844784e-09
-0.4688063249335877,-0.4184942,-0.41849408,-1.1474601746552793e-07
-0.5590676605789543,-0.52822244,-0.5282223,-1.4167327877512292e-07
-0.2615736665641236,-0.21373448,-0.21373454,6.224159240786342e-08
-0.293119082338142,-0.26844156,-0.2684415,-5.7884216309034286e-08
-0.3870645541322991,-0.38854608,-0.38854608,6.027984778000928e-10
-0.062630314529438,-0.013216168,-0.0132161975,2.981163024946831e-08
-0.0918731452104624,-0.07096586,-0.07096586,3.6862945612670117e-09
-0.1844370659488231,-0.17462176,-0.17462176,-8.451843391821257e-10
0.1526613916655052,0.24942262,0.24942262,4.707221973321296e-09
0.1238790780030796,0.18546553,0.18546551,1.956104278555415e-08
0.0568738517969529,0.09008565,0.09008565,-1.9997596772958204e-09
0.3942025679205806,0.5170574,0.51705736,5.8823242166106127e-08
0.3552888798489813,0.464022,0.464022,1.0564804087120905e-08
0.312460797119292,0.30300885,0.30300885,4.3891906775783696e-09
1.0501220795076758,1.0001537,1.0001537,-3.922576907733344e-08
1.048371072231363,0.99632514,0.99632514,-4.768981987091081e-09
1.0413362208483796,0.9931936,0.9931935,1.2640380864237244e-07
1.0281898243715637,0.9946227,0.9946227,7.366943388653624e-09
1.021011042644558,0.9981922,0.9981922,-8.87603757160349e-09
1.0152306797290584,1.0083928,1.0083927,1.1082153328345612e-07
1.006862430058542,1.0137056,1.0137056,1.1228942886631899e-08
0.9973175705165284,1.0106828,1.0106827,1.2127380366599994e-07
0.9828272556743992,0.9881396,0.9881396,2.9364013665045263e-08
0.9707789171582248,0.95548844,0.9554883,1.433746338319608e-07
0.952043901579973,0.91735303,0.91735303,4.019470201122033e-09
0.918288734536828,0.8866508,0.8866508,7.049560935001864e-10
0.9090646867824156,0.8774141,0.877414,1.0732269284385865e-07
0.8841806779559214,0.852237,0.852237,-1.3839721701991436e-08
0.8616233305318469,0.83129144,0.83129156,-1.2285095218889097e-07
0.8263660243461681,0.8170649,0.8170649,-1.8675231916454038e-08
0.7843580606133294,0.81243134,0.81243134,-4.550781196321907e-09
0.745265134822052,0.8017913,0.8017913,1.0310363784959975e-08
0.7207623475929187,0.7775154,0.7775154,1.1376953157338221e-08
0.6921466802263617,0.73503196,0.73503196,2.3947143157343476e-09
-0.6481738149172142,-0.65428066,-0.65428066,-2.5366211353627932e-09
-0.7778132444133887,-0.75972545,-0.75972545,-1.4694213623656083e-09
-0.7633069583275263,-0.74512947,-0.74512947,3.9431762299813045e-09
-0.59936289970635,-0.5697565,-0.5697565,-7.873535157187916e-09
-0.7342943861558012,-0.7168243,-0.7168244,1.0686340334853384e-07
-0.5978370007556204,-0.56586254,-0.56586266,1.2356964107507196e-07
-0.5556137829394633,-0.4604161,-0.46041617,6.163017274296578e-08
-0.7163342224304476,-0.67972696,-0.67972696,1.7251586825750564e-09
-0.5272919862956366,-0.45413753,-0.45413753,-3.9031219367657854e-09
-0.674427173737956,-0.6326107,-0.6326107,2.132720944292288e-08
-0.5293290953305504,-0.45028165,-0.45028165,1.7204282443117336e-10
-0.4773258897776657,-0.35477617,-0.35477617,-3.830032346829881e-09
-0.6449540845476323,-0.594059,-0.5940591,1.0952148432608055e-07
-0.4307829160924542,-0.32537255,-0.3253725,-4.691123961508836e-08
-0.4252874666760002,-0.32613614,-0.32613614,-2.0154571345187833e-09
-0.5871591987134818,-0.5552329,-0.5552329,1.750030520497603e-08
-0.3658807712767539,-0.22367188,-0.22367188,-3.344650278958028e-09
-0.5533111978464693,-0.51210904,-0.51210916,1.1878601069437167e-07
-0.3055530418403099,-0.18954223,-0.18954217,-6.394393919917363e-08
-0.4821613184729532,-0.45585862,-0.45585868,6.1978988663558e-08
-0.3092462503676215,-0.18475568,-0.18475571,2.7054748524824035e-08
-0.2295677337715063,-0.076333284,-0.076333314,2.9621948241520535e-08
-0.4333465145014794,-0.39994952,-0.39994964,1.1917366027347498e-07
-0.1578240851935672,-0.07102257,-0.07102251,-6.013320923148324e-08
-0.1650953511676731,-0.07728124,-0.07728124,3.351440430732211e-09
-0.3479206075514003,-0.34613958,-0.34613964,5.998863222833606e-08
-0.0739129814851088,0.071863025,0.071863025,4.2686462697894e-10
-0.2951914089218367,-0.2868508,-0.28685078,-3.005096432806553e-08
-0.009040744652149,0.116229504,0.11622952,-1.5653152468653175e-08
-0.0039143946580898,0.11052805,0.11052805,1.8531799289567275e-09
-0.2127588625926498,-0.22485784,-0.22485784,3.0382537874462656e-09
0.0950967643406541,0.27338707,0.27338707,4.470520009736134e-09
-0.1353920034680499,-0.13921404,-0.13921404,1.1511230579852594e-09
0.1955667835439752,0.32874665,0.32874665,-3.357315037089137e-09
0.1892724946441105,0.32275075,0.32275075,-2.796173070862551e-09
-0.0195719732904493,-0.020985648,-0.020985618,-3.00360031117719e-08
0.2935795993567409,0.45950517,0.45950517,5.83724957259335e-10
0.0524989401202642,0.10632384,0.10632382,1.823394775446463e-08
0.4107842695857643,0.5512413,0.5512413,-2.1351623580301293e-08
0.4160771263040241,0.5486567,0.54865664,6.204162594780627e-08
0.1796016372535356,0.21911904,0.21911904,2.1581268438986e-09
0.5222262990910496,0.66035664,0.66035664,8.157348130310993e-10
-0.4625893451825038,-0.40726116,-0.40726116,-2.996292103318865e-09
-0.5717318785904216,-0.5511769,-0.5511769,-5.632019073331662e-09
-0.373939819102233,-0.3279653,-0.32796523,-5.9354324344340625e-08
-0.4236756571109044,-0.37346885,-0.3734688,-4.608268738826027e-08
-0.5137067342469717,-0.5144597,-0.5144597,-2.9194641149032918e-08
-0.3239737225842622,-0.26530418,-0.26530424,6.200050356452991e-08
-0.3700254244441432,-0.3257822,-0.3257821,-1.0963478086489786e-07
-0.4688063249335877,-0.45744565,-0.45744565,-1.2928009218704517e-09
-0.261803925073423,-0.19252172,-0.19252172,-1.124649040562531e-09
-0.2995663205985253,-0.24627158,-0.24627164,5.9542312635940675e-08
-0.4130837656831318,-0.3986462,-0.39864615,-5.5663681053363945e-08
-0.1839765489302242,-0.11888009,-0.11888009,-3.097686773756436e-09
-0.202627488183476,-0.15144107,-0.15144104,-2.7457199097691287e-08
-0.3433154373654122,-0.3382689,-0.33826885,-5.5878067006798204e-08
-0.0881890090616719,-0.0042010993,-0.0042010695,-2.9776542663853545e-08
-0.0909521111732648,-0.037556633,-0.037556633,-3.532333384126396e-10
-0.254435652775842,-0.24368796,-0.24368802,6.247474670928455e-08
0.0373018785065035,0.119671635,0.119671635,3.2972335972658584e-10
0.0455911848412821,0.10023398,0.100233965,1.4523181920966799e-08
-0.1333196768843552,-0.10866338,-0.10866338,-1.4602660747264906e-10
0.1968710254509909,0.305084,0.305084,-9.902954123397478e-09
0.2079234338973623,0.27422953,0.27422953,-3.4802246084986166e-09
0.0320059327926172,0.068493456,0.068493456,-3.5157775302163685e-10
0.4020313572367604,0.5116739,0.5116739,2.73071288914295e-08
0.4133140241924312,0.5011549,0.5011549,-4.0283198998736225e-10
0.2431529858201712,0.27076155,0.27076152,2.947280886012038e-08
-0.0073267753864608,0.048009396,0.048009366,2.9599365236609998e-08
-0.0070246149369644,0.04102227,0.0410223,-2.9082107541600344e-08
-0.0032051309489483,0.034309298,0.034309298,-1.999359150461899e-10
-0.0004605170185988,0.022445098,0.022445068,2.956565094136554e-08
0.0014988761237359,0.02785401,0.02785401,4.627609268004207e-10
0.0045894523338072,0.03502728,0.03502731,-2.9550132750466584e-08
0.0078287893161797,0.042027622,0.042027652,-2.9538681028951075e-08
0.0114343776256631,0.05340141,0.05340141,5.79681393164666e-10
0.0207825391825284,0.06686182,0.06686179,3.320117950011969e-08
0.0297033476996231,0.08043316,0.08043319,-2.99333953873715e-08
0.0423887664917865,0.118610054,0.118610054,2.54531853927098e-10
0.048504409059615,0.13698822,0.1369882,2.2599029536607418e-08
0.0513476475737672,0.14012721,0.14012724,-2.8190841661057675e-08
0.0634441725565346,0.15725814,0.15725815,-1.1939430250018646e-08
0.0778865386570712,0.16800493,0.16800493,1.937866533907595e-11
0.0854259069500791,0.17240113,0.17240113,1.9943235951558336e-10
0.1065198433776727,0.18991359,0.18991357,1.5782051082657844e-08
0.1351617449587505,0.21723504,0.21723503,1.3644905094700732e-08
0.1522059328893312,0.22966334,0.22966334,2.237472540578267e-09
0.1690674411155386,0.2357233,0.23572329,1.1768302915493578e-08
0.1916116037010473,0.24486308,0.24486308,-2.0018386948095213e-09
0.2030880052020748,0.24972458,0.2497246,-1.816234587725951e-08
0.2338856478461119,0.27535596,0.27535596,4.899063099639278e-09
0.3046320078031123,0.35002393,0.35002398,-5.4695587170527915e-08
0.3232422478503317,0.38105932,0.3810593,1.8780899058157274e-08
0.4013232089408292,0.4777611,0.4777611,-1.019821166403645e-08
0.4522277122640306,0.5254581,0.5254581,-2.5421142968440336e-09
0.4443011318933624,0.54867643,0.5486765,-6.882095338056615e-08
0.5175430115135149,0.58780086,0.58780086,4.04968281131346e-10
0.5736313945583821,0.6299964,0.62999636,5.8952941861534214e-08
0.6236363177958162,0.66242933,0.6624293,3.2733154298192346e-08
0.6563275824214087,0.6872535,0.6872535,-2.4810790977269903e-08
0.6702367289768392,0.69808674,0.69808674,-1.4135742576470989e-09
1.2046525732306932,1.2001171,1.2001173,-1.887939453659726e-07
0.7651490264019215,0.719327,0.719327,-2.703857426844536e-08
1.1980050325461444,1.1899496,1.1899496,3.169097895217021e-08
1.1835659945482733,1.1865196,1.1865196,2.2802734367388666e-08
0.7338338691372024,0.6082612,0.6082612,2.760772710441728e-08
0.6854795821843274,0.54116964,0.54116964,3.402099602034525e-09
1.128041632692113,1.1633576,1.1633575,1.1547088618613088e-07
0.6222736213816409,0.48823833,0.48823833,4.655761720595564e-09
1.0551479172540257,1.0116324,1.0116324,4.24743651361581e-08
0.5559591707034124,0.43431282,0.43431282,4.345703241703802e-10
0.9664133412773656,0.8523505,0.8523505,-2.6596069346851436e-08
0.4730661073556267,0.3640464,0.3640464,-5.175018302772116e-09
0.8656288170719271,0.7407551,0.74075496,1.2117675785017212e-07
0.3849922275486044,0.35365105,0.35365105,-3.2470703348330687e-09
0.7798751840697694,0.6930515,0.6930515,1.7009735064910103e-08
0.2965729599776331,0.3474705,0.3474705,-7.875442520344222e-09
0.7189123884459717,0.66761184,0.66761184,-2.612914995481219e-09
0.6808721496843327,0.6908952,0.6908952,-2.243042418470509e-10
0.2414260470004257,0.34169006,0.34169006,3.4765624823407393e-09
0.6619144781288467,0.70128745,0.70128745,-1.593780551978341e-09
-0.3481508660606997,-0.37695554,-0.37695554,1.0118865745312178e-09
-0.3900579147531913,-0.3679779,-0.36797795,6.260795593071578e-08
-0.5348905171025169,-0.5347874,-0.5347874,-1.6458129858953896e-08
-0.2323308358830992,-0.22346318,-0.22346312,-5.768096925096167e-08
-0.2845995174940641,-0.23463333,-0.23463327,-5.6530456538084195e-08
-0.4775561482869651,-0.39278707,-0.3927872,1.309177398711725e-07
-0.1383853640889421,-0.078746855,-0.078746855,-2.589416459031213e-10
-0.1853580999860207,-0.10216659,-0.10216662,2.6925201415672895e-08
-0.4077878199692455,-0.25713626,-0.2571362,-5.5502700824217044e-08
-0.0370716199972041,0.048713565,0.048713565,-1.272583011191486e-10
-0.0815115122919892,0.01409106,0.01409103,2.9565544129236954e-08
-0.3271973417144539,-0.15769878,-0.15769881,2.970176696259763e-08
0.0709196208642166,0.17683977,0.17683978,-1.1113433839859965e-08
0.0278612796252279,0.12602907,0.12602907,4.192047126094778e-09
-0.2311795433366022,-0.07003474,-0.0700348,5.7644653314592453e-08
0.1881212020976135,0.32413352,0.32413355,-3.464202880110179e-08
0.144602343840026,0.23762152,0.23762152,-4.010696413869752e-09
-0.1213462344007862,0.030783504,0.030783504,2.476654055449945e-10
0.3962748945042753,0.45405,0.45405,4.482269277961137e-09
0.3382497501608253,0.34370118,0.34370118,3.795928960048656e-09
0.4460107325129467,0.4550885,0.4550885,-3.791809088937725e-09
-0.0524989401202642,-0.2654805,-0.2654805,1.1461257942713132e-08
-0.1899632701720087,-0.52388346,-0.52388346,-1.9522095051627275e-09
0.3884461051880955,-0.051077634,-0.051077664,2.990385437190435e-08
0.1588783714165891,-0.3324521,-0.33245215,6.140556335632041e-08
0.5848566136204877,0.21447022,0.21447022,2.592353831598615e-09
0.716564480939747,0.31155342,0.31155342,-1.3636780038517315e-09
0.2551264283037402,-0.19031098,-0.19031104,5.5150070177312216e-08
0.6269939208222787,0.33026814,0.33026814,4.607543957479976e-09
0.2627249591106206,-0.082598,-0.082598,-7.648467970078343e-10
0.6101850496434222,0.36773443,0.36773443,2.22045898334855e-09
0.2449950538945664,-0.043967187,-0.043967217,2.9595367434520625e-08
0.5413377553629002,0.33154297,0.33154297,-1.2499999924031613e-09
0.2150614476856439,-0.005639866,-0.005639866,5.5465701476187235e-12
0.4987399311425103,0.32245117,0.32245117,4.259185781840813e-09
0.1812134468186314,0.047000438,0.047000438,-2.5070188980347297e-11
0.4618985696546056,0.3342486,0.3342486,2.390289299825099e-09
0.151970616137607,0.08013667,0.0801367,-2.8337669377709318e-08
0.7663003189484184,0.81704915,0.81704915,-4.3014526385221075e-09
0.4333465145014794,0.35190913,0.35190916,-2.9188308714456213e-08
0.1284842481890677,0.121432155,0.12143217,-1.4629287725664852e-08
0.7266958553489209,0.750955,0.7509551,-1.1438140867792157e-07
0.4172284188505211,0.3419711,0.3419711,-6.233215055218011e-10
0.1142082206125046,0.1581107,0.1581107,-6.902885429926897e-09
3.2031528644029645,3.3174808,3.317481,-1.9746398915998498e-07
2.793956751838975,2.8265533,2.8265536,-2.552734374994259e-07
3.046425387869509,3.156109,3.1561089,1.9461975098167272e-07
2.6256377815411107,2.643221,2.643221,-9.851074223021783e-08
2.837908188360424,2.9413786,2.9413786,-6.555175957601023e-09
2.442812525157384,2.4821384,2.4821384,-4.690551946850974e-09
2.653241964607215,2.7754054,2.7754054,6.951904385488206e-09
2.242487622066901,2.2660224,2.2660222,2.437713622072124e-07
2.4501426573516603,2.5512826,2.551283,-3.557281496036069e-07
2.023051262704569,2.0635262,2.0635264,-2.464355470799262e-07
2.150598735996164,2.2314324,2.2314324,3.7896728422026627e-08
1.7826613789959904,1.843793,1.8437932,-1.6544647207794583e-07
1.897619859927532,1.8956728,1.8956727,9.815673829294269e-08
1.5148707326807829,1.531844,1.5318439,1.1988983161792532e-07
1.5539252025038417,1.5201954,1.5201955,-1.3504791263052596e-07
1.217837255684551,1.2166536,1.2166536,-1.4566039929775343e-08
1.2781522025001877,1.2322441,1.2322441,3.394927983180196e-08
0.8816598321074203,0.86532664,0.86532676,-1.170098876679404e-07
0.9969486348916096,0.93751216,0.93751216,-6.524658591189336e-10
-0.7339691750802004,-0.75794137,-0.75794137,4.757995553106298e-09
-0.7174398731289899,-0.7530892,-0.7530892,1.0470581068844353e-08
-0.8194900345965809,-0.83188367,-0.83188367,1.100463831171794e-09
-0.6991652528855083,-0.7358103,-0.7358104,1.2015380856933433e-07
-0.6713856887784326,-0.718454,-0.718454,-3.334045373115657e-09
-0.7911682379527543,-0.7756791,-0.7756791,-1.1480712935885151e-08
-0.6424540662444271,-0.7041911,-0.70419085,-2.3867645260189363e-07
-0.6069694843188929,-0.6752267,-0.6752267,1.161499019186607e-08
-0.7347549031744001,-0.713375,-0.71337485,-1.2234344481942827e-07
-0.5673959752543851,-0.6482538,-0.6482538,1.5151977450500453e-09
-0.5208759596194922,-0.6159735,-0.6159735,2.740478510787625e-08
-0.6790323439239441,-0.6396849,-0.6396849,-1.5542602538332062e-08
-0.4732087601946839,-0.57024765,-0.57024753,-1.2014648442804088e-07
-0.4170317444796297,-0.5034287,-0.5034287,2.4139403809186888e-09
-0.621467716599093,-0.5708505,-0.5708505,8.476257362666217e-09
-0.3523983871714722,-0.43712023,-0.43712023,9.941863998719214e-10
-0.2850189550322972,-0.344045,-0.34404507,5.68106842124827e-08
-0.5466337010767865,-0.48714122,-0.48714122,-1.7617035052985841e-09
-0.208254938820459,-0.24369505,-0.24369499,-6.047798156716411e-08
-0.1098148660072065,-0.13709083,-0.13709083,-1.9950103791188667e-09
-0.3849922275486044,-0.35489902,-0.35489902,9.970855807672763e-10
-0.0120725812342692,-0.028775588,-0.028775558,-2.967795562774933e-08
0.1070590722934077,0.1060643,0.1060643,-2.741146087892332e-09
-0.1899632701720087,-0.15136772,-0.1513677,-2.394180298459503e-08
0.2215422699472359,0.24486633,0.24486631,1.6451301571018817e-08
0.3681093215643955,0.41450506,0.4145051,-3.551254273981286e-08
0.0138155105579642,0.1451038,0.14510381,-1.2683448791239726e-08
0.5341514490694873,0.5528002,0.5528002,-2.147216793257911e-08
-0.8746690571833357,-0.9994581,-0.9994581,2.5430297867501395e-08
-0.9864274538386492,-0.9731655,-0.97316563,1.179150390662187e-07
-0.7657178733947807,-0.9944171,-0.9944167,-3.7134246821945993e-07
-0.8611668247797731,-0.9756615,-0.97566164,1.2381042480136273e-07
-0.5960204698292225,-0.95185125,-0.95185137,1.2125885007208126e-07
-0.7313010255349089,-0.95508826,-0.95508826,2.2103882058033264e-09
-0.4684049078820385,-0.91862035,-0.91862035,2.0233154041093826e-09
-0.5772580828136072,-0.8534447,-0.8534448,1.0452728271825862e-07
-0.353821874956326,-0.8180709,-0.818071,1.1148071288324957e-07
-0.4384122017060664,-0.7456614,-0.7456614,2.2093200713335648e-08
-0.20089294237939,-0.6336087,-0.6336087,1.1550903566970305e-09
-0.289665204698651,-0.63124,-0.63124,-1.0261535621225448e-08
-0.0629397997738742,-0.43132928,-0.43132928,-1.3801576548289063e-10
-0.1185831322891933,-0.42357102,-0.42357102,-3.64761332249941e-10
0.1327811112338184,-0.17658883,-0.17658883,-3.332061765393135e-09
0.0720709134107136,-0.1490708,-0.14907083,3.0649261462123434e-08
0.3060130291365044,0.113026306,0.1130263,6.033134464233925e-09
0.3140726066843878,0.20431149,0.20431149,5.889891352417465e-11
0.5050087384444258,0.41735053,0.41735053,6.24389651093793e-10
-0.0672354847154261,-0.078083664,-0.078083724,5.98211517266467e-08
-0.0971690909243487,-0.09381607,-0.09381604,-3.174873351718954e-08
0.0684994164246922,-0.16499743,-0.16499743,1.3443756108344473e-09
-0.1089122748986183,-0.13013697,-0.13013703,6.329467772125952e-08
-0.1625625075653796,-0.12845635,-0.12845635,-4.141235354637729e-09
0.0339182182034606,-0.2085051,-0.2085051,5.948638914787807e-09
-0.1319381258285588,-0.13365117,-0.13365114,-2.7154312132182667e-08
-0.2044695562578712,-0.15542492,-0.15542495,2.7295303350882705e-08
0.0095542128048117,-0.16794264,-0.16794267,2.683441160944433e-08
-0.1448326023493255,-0.16278529,-0.16278526,-3.167175294249702e-08
-0.2166732572507397,-0.18918312,-0.18918306,-5.595916749423502e-08
0.001998002662673,-0.09394786,-0.09394786,2.3816680849719774e-09
-0.1478259629702177,-0.15139055,-0.15139055,-2.5207519405157086e-09
-0.2185153253251349,-0.16899407,-0.1689941,3.090057373866806e-08
0.0136070034062169,0.009587303,0.0095873475,-4.469600677417529e-08
-0.1284842481890677,-0.120961905,-0.120961905,4.742431586324258e-10
-0.1943381818486974,-0.13989225,-0.13989222,-3.029945372379217e-08
0.077701507663852,0.13685897,0.136859,-3.007316590197817e-08
-0.0794391857082945,-0.088216245,-0.088216275,2.9825592037791004e-08
-0.1432207927842296,-0.1372666,-0.13726658,-2.6092453003778715e-08
0.1959778832414402,0.27283394,0.27283394,3.3670043975142505e-09
0.0340782593763118,0.078952715,0.078952715,-1.99165350878161e-10
-0.0425978242203898,0.023386896,0.023386925,-2.9343414306021165e-08
0.3476947423579518,0.41880476,0.41880476,4.747619630762756e-09
0.2072326583694641,0.24884096,0.24884096,-2.119979858328236e-09
0.1172015812333969,0.1929302,0.1929302,6.656455997511301e-09
0.5438928274701864,0.565102,0.565102,-1.883697509086346e-08
-1.138185063787933,-1.0569693,-1.0569694,1.14988708554975e-07
-1.1307223425863433,-1.0465051,-1.0465051,6.425476151150633e-09
-1.1248535998733369,-1.0395167,-1.0395167,1.2606811594650935e-08
-1.1059390640545703,-1.0299095,-1.0299095,8.460998568438072e-09
-1.0903465442510771,-1.0225654,-1.0225652,-1.6483764642138965e-07
-1.1035243330291302,-1.0117052,-1.0117055,3.398590087133613e-07
-1.086486108870269,-1.0008609,-1.0008608,-1.2948913563626263e-07
-1.0793980697443055,-0.99067307,-0.9906732,1.3481445315655094e-07
-1.0891227489861837,-1.0104814,-1.0104815,1.424255371418326e-07
-1.0647907401925991,-0.98031235,-0.98031235,2.5878906795284706e-09
-1.061605563039014,-0.97077596,-0.97077596,-1.875915534021999e-09
-1.0180466408285425,-0.92084694,-0.92084694,9.130859401906832e-10
-0.9972496037757212,-0.9214792,-0.9214791,-1.2515869141083158e-07
-0.9625964847506664,-0.87412417,-0.87412417,6.503295679749499e-10
-0.9213032736976992,-0.82887876,-0.82887876,-3.3782954211858396e-10
-0.895245084156085,-0.8423625,-0.8423625,-2.307891844299803e-08
-0.8549604767225492,-0.76829827,-0.76829827,1.68182368032177e-09
-0.8027388571900397,-0.7013961,-0.7013962,9.232635500566744e-08
-0.784260482673772,-0.71934557,-0.71934545,-1.1961059565024357e-07
-0.7402387880937958,-0.63739765,-0.63739777,1.230960082754251e-07
-0.6678693733756768,-0.5774337,-0.5774337,-5.329894969818838e-09
-0.6345924516291591,-0.5946349,-0.5946349,9.443664517050365e-09
-0.5837548037887486,-0.5112381,-0.5112381,1.8554687786220825e-09
-0.5094931785322121,-0.4465513,-0.44655123,-6.313468930985167e-08
-0.4646616717661985,-0.43609658,-0.43609658,1.1635589713954175e-09
-0.4135476843015204,-0.33970943,-0.3397095,6.906700134035049e-08
-0.3160815469734789,-0.23826039,-0.23826039,1.6256713752937912e-09
-0.2583500474339319,-0.22808164,-0.22808164,-3.5813903787040857e-09
-0.2226436762725587,-0.15421334,-0.15421334,9.09652714264908e-10
-0.1692473973066827,-0.109340906,-0.109340906,-1.4318847496586073e-10
-0.0549843083327595,-0.01780656,-0.01780656,1.9889831448516304e-10
-0.0006907755278982,0.0042605996,0.0042605996,1.3189697598003924e-11
0.0558130648192126,0.099955864,0.09995588,-1.5749340054327376e-08
0.2107470309776584,0.25251183,0.25251183,-8.62197868656267e-10
0.2898954632079504,0.33668995,0.33668995,-9.643554843563606e-10
0.3588625493841447,0.42550302,0.42550302,-4.481811533008084e-09
0.3914337946951873,0.45867828,0.45867828,-4.65324401233147e-09
0.4307429152924329,0.48955056,0.4895506,-3.928718567136613e-08
0.4668110383465713,0.5122748,0.51227474,6.17311096684503e-08
0.5024708193832371,0.53753394,0.53753394,-1.1152648804468868e-09
0.5415681911005047,0.5649183,0.5649183,-2.0352172835913507e-08
0.5727294270808058,0.5929725,0.5929725,1.7013549791222715e-08
0.6165900578377901,0.62089556,0.6208955,6.455612178157821e-08
0.6520126372013902,0.64600515,0.6460052,-4.63439940867616e-08
0.6408094313802429,0.64963937,0.64963937,-1.9427490727252916e-09
0.6873302952383804,0.67956364,0.6795636,4.1548156692883254e-08
-1.14570389620196,-1.226102,-1.226102,5.4855346931503846e-09
-1.2210608748147425,-1.2387161,-1.2387162,7.451171879502283e-08
-1.1208578976154293,-1.1978667,-1.1978668,1.21762084859256e-07
-1.0966142860054366,-1.1485479,-1.1485479,1.2197876042563394e-08
-1.1641870230177898,-1.1464106,-1.1464106,1.5550231990957286e-08
-1.0106014113453965,-1.0201283,-1.0201285,2.498779296811193e-07
-1.059189142777261,-1.0171807,-1.0171806,-8.122863759396637e-08
-0.9755100915341264,-0.95633054,-0.95633066,1.2220397949125328e-07
-0.9187938620922736,-0.87739193,-0.8773918,-1.3439483637078808e-07
-0.9201130031604208,-0.88330734,-0.88330734,2.2390747034251035e-09
-0.8675005677047231,-0.807788,-0.807788,-1.4411926319013446e-08
-0.7534058424276519,-0.7452996,-0.7452996,2.2286987255704105e-08
-0.7011793522572096,-0.64535725,-0.64535725,-1.1672973698750866e-09
-0.5851900390548529,-0.55506945,-0.55506945,3.4362792611375426e-09
-0.5503178372255769,-0.5990906,-0.5990906,2.382812502865761e-08
-0.4893903430459256,-0.47726086,-0.47726086,2.179489144715774e-09
-0.27049724769768,-0.3119615,-0.31196156,5.8163223293217214e-08
-0.3168357087959807,-0.42857036,-0.4285703,-5.994529722608277e-08
-0.0573343688155517,-0.16538623,-0.16538626,3.0246505744457863e-08
0.0582689081239758,0.032115072,0.03211513,-5.79880523668419e-08
0.26295521761992,0.1676175,0.16761753,-3.017166136376481e-08
0.3364722366212129,0.35071984,0.35071984,-6.655120898813038e-10
0.5440669575457926,0.53993046,0.53993046,2.83721923732827e-09
1.043064342035298,1.0432293,1.0432295,-1.5849304202397718e-07
0.9118236968256422,0.8769852,0.8769852,-7.701110860125482e-09
1.021587245483894,1.0287561,1.0287561,4.1662597594083195e-08
0.9984972506651332,1.0106866,1.0106866,3.5971069234363995e-08
0.8671535460215577,0.84412456,0.84412456,-4.412231469075323e-09
0.9737668730112176,1.00139,1.00139,-1.968383789296979e-08
0.821792619689575,0.809937,0.809937,2.7465818508431994e-10
0.9314551683939268,0.93583524,0.93583524,2.271423382715909e-09
0.7778132444133887,0.7806604,0.7806603,9.085388186225174e-08
0.8866559267444644,0.8813213,0.8813213,1.0997009303181926e-08
0.7361364542301965,0.7421497,0.7421497,1.0655212379084844e-08
0.8448376938003778,0.8006209,0.8006209,1.3505554230519579e-08
0.6972227661585971,0.7037388,0.7037388,8.631896974975461e-09
0.8097739924916648,0.7476176,0.7476176,2.348327643453274e-09
0.66130243870789,0.63444537,0.6344453,6.92436218363568e-08
0.781295411086638,0.7223375,0.7223375,-1.5640258754778813e-08
0.7727898082121419,0.71071815,0.71071804,1.149072265116402e-07
0.6362042611942549,0.6052518,0.6052518,-1.0906982428338097e-08
0.7632327881266331,0.722376,0.722376,-1.1039733904816273e-08
0.757107409518822,0.72222567,0.7222258,-1.339538574507415e-07
0.6134086687736139,0.609931,0.60993105,-5.7873535186381275e-08
0.7487710843079423,0.72920287,0.72920275,1.1655426024326232e-07
0.744172939162989,0.7313123,0.7313123,-2.506713869809829e-08
1.6675181235106251,1.5457491,1.5457491,-3.173980722692704e-08
1.6199821263097716,1.419372,1.419372,-3.7452697831952264e-08
1.0635640544539495,1.1789775,1.1789775,-1.0528564464706847e-08
1.052281387498279,1.0555412,1.0555412,-4.227752681273955e-08
1.5684075628761085,1.330412,1.3304121,-6.977996824808486e-08
1.5171033012313044,1.2721285,1.2721283,1.627914427704269e-07
0.983434093217757,1.1150547,1.1150548,-7.339935303996015e-08
0.9661647050203016,1.0337414,1.0337415,-1.4505767831352046e-07
1.466029329138744,1.2102947,1.2102947,2.3510742241938942e-08
1.414881817971803,1.1564331,1.1564331,5.468749897374892e-09
0.896396376702582,1.0357558,1.0357558,-4.6482849125339953e-08
0.8754428523563362,0.9745797,0.9745797,-8.113098193263113e-09
1.363793095773377,1.1053566,1.1053566,-2.594146719658852e-08
1.312109462930514,1.0666451,1.0666451,4.541625986398401e-08
0.8017601293805268,0.93310905,0.93310905,-4.971313471990868e-09
0.775740917829694,0.8634629,0.8634629,2.495727535745118e-08
1.2593128993591003,1.0360615,1.0360615,2.53448486642327e-08
1.204472679367587,1.0121794,1.0121794,-2.530517573262614e-08
0.7013674193259863,0.8514694,0.8514694,-2.455139203050294e-09
0.6693614865333691,0.7317878,0.7317878,7.888794062438365e-10
1.1534160807087837,0.97933865,0.97933865,-4.0649413834970005e-09
1.1019400787607845,0.95167494,0.95167494,-1.7980956723562258e-09
0.6007444507621467,0.7302675,0.7302675,2.471923832292333e-08
0.5703503275346252,0.6188592,0.6188592,-2.8132629448229807e-08
1.0501220795076758,0.9226166,0.9226166,9.902954012375176e-10
0.9987919533858988,0.8944962,0.8944962,2.4688721067533947e-09
0.500812257726205,0.65730214,0.6573021,4.1189575195055284e-08
0.4662734813312943,0.51941025,0.51941025,2.57110599477528e-09
0.947789398933526,0.87968576,0.87968576,-4.556274246780845e-10
0.9001613499442714,0.86650157,0.86650157,-2.520752495627221e-10
0.4013405817088622,0.53351665,0.53351665,-4.568481482003506e-09
0.3603545670535681,0.37898356,0.37898356,-2.7757263154626344e-09
0.8527117502312838,0.8406521,0.8406522,-9.180755611293279e-08
0.8113745619245951,0.79872715,0.79872715,4.7317504359156715e-09
0.3092371779891004,0.40865773,0.40865773,-3.7429809252031987e-10
0.2585803059432313,0.2904949,0.2904949,-1.0979080200534952e-08
0.7645371766466184,0.76374733,0.76374733,4.480285697994191e-09
2.366967351923314,2.183862,2.183862,-2.909851071208891e-08
2.295862547233219,2.0797484,2.0797484,-7.894897624538544e-09
1.905849681471172,1.8415331,1.841533,6.484222403457807e-08
2.225271989891376,1.9555188,1.9555188,4.174346934782136e-08
2.1538530391936463,1.8430557,1.8430558,-7.490234366080983e-08
1.7702274194938226,1.6649075,1.6649075,-4.455566404715228e-08
2.079441541679836,1.7511117,1.7511117,4.5834350537177215e-08
2.002425499031152,1.6806937,1.6806937,4.5613098187402557e-08
1.6288486947839882,1.4291458,1.4291458,1.2988281339332275e-08
1.9254158540407285,1.6035974,1.6035973,1.0257263194368704e-07
1.8484548129046,1.507419,1.507419,-9.864807193338265e-09
1.4817135073416683,1.2813122,1.2813122,2.724914560658931e-08
1.768490842288701,1.4218272,1.4218272,-2.925109932050418e-09
1.6886187103085415,1.3525088,1.3525088,-1.665954596496988e-08
1.3290521156761634,1.1718827,1.1718827,4.860382074589609e-08
1.6050282039454002,1.2983826,1.2983826,3.9884948677126886e-08
1.5197319993496072,1.2382334,1.2382334,4.707489020816524e-08
1.1699434857502746,1.0566547,1.0566546,9.169616688176063e-08
1.4286352016094157,1.1881548,1.1881549,-8.337249757239817e-08
1.3331572627067618,1.1295534,1.1295534,3.7232971150658045e-08
0.9963285697385236,0.9406184,0.9406185,-1.041946411373118e-07
1.2348899069606576,1.0752764,1.0752764,-2.5183105378800974e-08
1.131724640118312,1.0075178,1.0075179,-8.536376960854852e-08
0.8100494357153053,0.7888925,0.7888925,7.55310058941916e-09
1.0324724861635646,0.9258101,0.9258101,-1.3519286801155772e-09
0.932557704338027,0.85146654,0.85146654,-3.478088372865784e-09
0.6332109005733627,0.62527573,0.6252757,3.108673096718917e-08
0.824613943302251,0.7880316,0.7880316,-2.193603521050136e-08
-0.6635883783184009,-0.72999585,-0.72999585,3.251647950897052e-09
-0.6919268204447108,-0.7755748,-0.7755748,-3.3523559483938925e-09
-0.657780036722654,-0.751614,-0.75161386,-1.1457122806035613e-07
-0.6462635946610948,-0.7517563,-0.7517564,8.953704833114529e-08
-0.6652168333659798,-0.7483256,-0.7483256,1.3681030308632103e-08
-0.6124892775424908,-0.7048991,-0.7048991,2.7352905274113937e-08
-0.6196256485246978,-0.67589796,-0.67589796,4.105529805009667e-09
-0.5656338602609858,-0.63087416,-0.6308743,1.4304809570209187e-07
-0.5464528014091419,-0.60818696,-0.60818696,-2.203368598685529e-10
-0.5438705989651936,-0.58634627,-0.58634627,1.3461303183248674e-09
-0.4926583198105417,-0.52639973,-0.5263996,-1.3163604739574453e-07
-0.4434778889106532,-0.46719262,-0.46719262,-3.898620315467838e-11
-0.4079682383262829,-0.43081257,-0.43081257,2.5275421200454673e-09
-0.3326794383825167,-0.3522615,-0.35226145,-6.34716034175753e-08
-0.3103884705355973,-0.3472813,-0.3472813,-6.982040390290933e-09
-0.257476230394715,-0.2688555,-0.26885563,1.1785781861561873e-07
-0.1471351874423195,-0.19839776,-0.19839776,4.377136236799473e-09
-0.1053605156578262,-0.12751931,-0.12751931,4.792785612828254e-10
0.0843411484337509,0.04711622,0.04711625,-3.0002593992550786e-08
0.0605579879457434,0.01844135,0.01844138,-3.073204040554556e-08
0.3239737225842622,0.3329252,0.3329252,4.623413318860514e-10
0.4027948795522855,0.4349169,0.4349169,1.350936890132104e-08
0.5187937934151675,0.5359913,0.5359913,1.1073303274322654e-08
-0.7298111649315367,-0.74417734,-0.74417734,-1.4611816201437478e-09
-0.7215466550816433,-0.7082188,-0.7082187,-1.1294250490401225e-07
-0.707246104939447,-0.6705122,-0.6705122,5.981445339031666e-10
-0.6871651088823978,-0.63265884,-0.6326587,-1.3922576902469785e-07
-0.6635883783184009,-0.60185695,-0.6018568,-1.4694519046010157e-07
-0.6348782724359695,-0.5685209,-0.5685209,-3.5873413128939546e-09
-0.5978370007556204,-0.5312489,-0.5312489,-2.711639401908883e-08
-0.5516476182862459,-0.48107848,-0.48107848,4.2862701166157535e-09
-0.49758039701597,-0.419987,-0.41998705,5.692558285863569e-08
-0.4369557751995351,-0.34796748,-0.34796754,6.434730531745814e-08
-0.3652833184753326,-0.2457402,-0.2457402,-5.049514778532327e-09
-0.2863496272180023,-0.15371796,-0.15371796,-4.8876190317237445e-09
-0.1996711951290677,-0.06880298,-0.06880298,-2.5687408450325577e-09
-0.1042500213737991,0.0184962,0.01849617,3.0442314148670935e-08
0.0029955089797983,0.10877657,0.108776584,-1.4633544917486141e-08
0.1151128071005046,0.20279111,0.20279112,-1.0318870535819258e-08
0.2445135770504021,0.3432415,0.34324148,3.277542115487364e-08
0.341459778132252,0.4810463,0.4810463,-1.079444883478331e-08
0.5347374438123036,0.5885165,0.58851653,-5.622985843611872e-08
0.4861230111256188,0.47091916,0.4709192,-3.796501157893317e-08
0.4579841749965157,0.4469487,0.4469487,7.103729271484838e-09
0.4421184257561999,0.4407673,0.4407673,-1.179199216050364e-08
0.41377454121103,0.4279775,0.4279775,2.346038807665707e-09
0.3947411447451887,0.4032871,0.40328714,-2.7287139880982636e-08
0.3720977510278378,0.36850095,0.36850095,-2.047729485976646e-09
0.3513608491149636,0.34360582,0.34360582,-3.635711676164277e-09
0.3327235459376396,0.32711285,0.32711285,3.5270690812438943e-09
0.3126185577418125,0.32131538,0.32131538,-2.0493316488234825e-09
0.3073951099147051,0.32892337,0.32892337,4.414443977029947e-09
0.3015849776207724,0.36741948,0.3674195,-1.872253418966352e-08
0.3018689056915194,0.38853282,0.38853285,-3.2636260971496966e-08
0.3030631744900833,0.42797595,0.42797595,2.6252746643251612e-09
0.3126910556285914,0.45347184,0.45347184,-5.720520168672749e-10
0.3357576956833441,0.4740257,0.4740257,-3.4839630069782856e-09
0.3730187850650354,0.52721006,0.52721,5.6781768842384395e-08
0.4074631107708373,0.5673208,0.5673208,2.3669433635298276e-08
0.4992004481611091,0.6483165,0.64831644,6.257110596319393e-08
0.5176026080450143,0.6576254,0.6576253,7.71781921704573e-08
1.4323665492222737,1.3304482,1.3304483,-1.4936523440312044e-07
1.1835287377989396,1.0100422,1.0100422,-9.4482421886255e-09
1.6498118065723737,1.4299691,1.4299691,-2.765808115867685e-08
1.848517803046664,1.5140302,1.5140303,-8.187561029160406e-08
1.3990507025031824,1.2609671,1.2609673,-1.6457061757790825e-07
1.5961519864634728,1.4792538,1.4792538,-3.1079101514563945e-08
2.292696360243676,1.8663021,1.8663023,-1.6739349373295909e-07
1.768155092910128,1.7399541,1.7399541,1.3960266054269255e-08
2.5881699678635,2.1934493,2.1934493,-4.1195678868177765e-08
1.9443028525241723,1.948071,1.9480711,-9.703979486630487e-08
2.817107873844271,2.5553393,2.5553393,3.6395263691701984e-08
2.130351728038092,2.1720536,2.1720538,-2.244842529641744e-07
3.01580937298317,2.9016962,2.9016962,5.139160208500471e-09
2.323999134358891,2.3925135,2.3925135,1.3565063294862512e-08
3.14865076597863,3.1448848,3.1448848,2.4752807803452015e-08
2.5351461873864447,2.6227684,2.6227684,2.099609375250111e-09
3.2766464956850334,3.398008,3.3980083,-1.9186096178458456e-07
3.3914466642182384,3.5814981,3.5814981,4.605712877747692e-08
2.7792202072438137,2.8161664,2.8161664,9.094236474993522e-10
3.5119214875188343,3.723148,3.723148,1.0752868639940516e-07
0.023946884967138,-0.048243195,-0.048243165,-2.9818496706524034e-08
0.52591043523984,0.53270197,0.53270197,-8.532714534936758e-10
0.6131784102643144,0.5759877,0.5759877,-3.3523559483938925e-09
1.2422446576702877,1.4410467,1.4410466,1.1478271488840619e-07
1.219679323758946,1.3207558,1.320756,-1.6065216068561483e-07
1.680656859376354,1.7615206,1.7615206,2.416076649858212e-08
1.7356886430989118,1.7861447,1.7861447,3.3428955159564566e-08
1.6417431713047546,1.7840401,1.7840402,-1.065780639297742e-07
1.7027616762690971,1.7739396,1.7739397,-9.04724120065481e-08
2.1213716461754144,2.169194,2.169194,-1.6921997136876143e-08
1.9836770576143707,2.0604463,2.060446,2.623596189188504e-07
2.003939806432718,2.0222116,2.0222118,-2.4833374023813803e-07
2.439358647517892,2.5148985,2.5148983,2.385894775080999e-07
2.3387356789540523,2.4601755,2.4601755,1.4221191335650474e-08
2.259296493245757,2.2909377,2.2909377,-3.787536639876521e-08
2.7080703278702973,2.8194852,2.8194852,-1.2469482335575321e-08
2.492087846147456,2.5330803,2.5330806,-2.605682372092133e-07
2.482186730247581,2.5127192,2.512719,1.5435791000939503e-07
2.9374078031325044,3.08303,3.08303,-1.4572143491875522e-08
2.6850444769403565,2.7111957,2.7111957,7.321166783924582e-09
3.072799806600554,3.2906618,3.2906616,2.1182861331681124e-07
3.1324367605091004,3.2576153,3.2576153,2.783508312731442e-08
2.8517516376731256,2.857917,2.857917,7.038879390464103e-08
3.297071594658174,3.3762867,3.3762867,4.5071411047814536e-08
2.9956632059852537,3.002331,3.0023308,2.1844787578828573e-07
3.2429438522019014,3.2734325,3.2734325,-6.790161322101085e-09
3.1252987467208184,3.1803284,3.1803288,-4.30859374844772e-07
3.138923113144908,3.1755486,3.1755486,-4.653320306857722e-08
3.0139650418150508,3.0549893,3.054989,3.379211426235429e-07
2.912568032293222,2.954218,2.954218,-8.923339844812972e-08
2.872244645000773,2.9376926,2.9376926,4.2211913964251835e-08
2.753023566744941,2.7772398,2.7772403,-5.005004881653008e-07
2.621262869864422,2.6503887,2.650389,-2.823486329184277e-07
2.645891069193824,2.6472707,2.647271,-3.2052612297661653e-07
2.548194389023919,2.5296679,2.5296679,-4.569091816009063e-08
2.409554313991288,2.3773124,2.3773122,2.2179870606819918e-07
2.368899543672274,2.3671753,2.3671753,4.06524658380647e-08
2.288080406791164,2.2286265,2.2286263,1.8963928205550928e-07
2.1555920692533856,2.0664175,2.0664175,-4.4326782244752394e-08
2.1123915643127376,2.0551114,2.0551114,8.233642656563234e-09
2.0235323472403195,1.924224,1.9242239,1.1905059804639961e-07
1.900015787997907,1.8005221,1.8005221,-1.0995483412656881e-08
1.8475942786184223,1.7844603,1.7844603,6.167602428774899e-09
1.7436190939001202,1.637058,1.637058,1.9638061621307656e-08
1.610037732506068,1.4935797,1.4935796,1.4529266367802052e-07
1.5657578632359512,1.4841683,1.4841682,9.109191889677959e-08
1.4426746945559985,1.3348376,1.3348377,-1.4411468507447012e-07
1.2558299097189527,1.2105755,1.2105753,1.613876343675713e-07
1.284261635554739,1.2086204,1.2086204,2.9039001425701372e-08
1.097945399680406,1.0293199,1.0293199,-1.7607116653550747e-08
0.9364854391596744,0.8740332,0.8740332,1.2661743209463339e-08
0.8957056011746839,0.8551307,0.8551308,-1.2754516598434407e-07
0.7342891238911206,0.68529785,0.68529785,-3.205871568212615e-09
-0.8915981192837836,-0.915069,-0.9150691,1.1596832272253721e-07
-0.8885675873864024,-0.9113022,-0.9113023,9.109954834940481e-08
-0.9730724602992836,-0.94153917,-0.94153917,1.6421508597375123e-09
-0.843970070294529,-0.8239275,-0.82392776,2.3829437256761565e-07
-0.8386014908684316,-0.81404054,-0.81404066,1.1835113522540297e-07
-0.8800480225423243,-0.8346746,-0.8346746,3.213501020837839e-09
-0.7678707267558817,-0.6662178,-0.6662177,-1.0395507810123661e-07
-0.7566294615578435,-0.64007413,-0.64007425,1.1612701411589654e-07
-0.7547873934834483,-0.62549424,-0.62549424,-1.7144775599220452e-09
-0.6443570163905132,-0.46642634,-0.46642634,-2.7257537893454753e-09
-0.6233097846734882,-0.4412329,-0.4412329,1.0109329207086404e-08
-0.6315990910082667,-0.46323976,-0.46323976,7.932281498312932e-10
-0.4462871026284195,-0.2835768,-0.28357682,3.348190308338772e-08
-0.4195310039435151,-0.26028144,-0.26028144,-3.5958862554252846e-09
-0.494595277975121,-0.33641765,-0.33641765,4.784011853331549e-09
-0.2484613592984996,-0.12565207,-0.12565207,-4.81384276884711e-09
-0.2240415295483206,-0.10752389,-0.10752392,3.165046691400164e-08
-0.3610453425814663,-0.21980557,-0.21980557,1.5433502253969777e-09
-0.0650719967437148,0.008923143,0.008923143,1.484222415110148e-10
-0.0451306678226832,0.021193549,0.02119352,2.903697967487906e-08
-0.209995760481057,-0.11256486,-0.11256486,-1.7744445773848483e-09
0.1070590722934077,0.12540147,0.12540148,-1.2915115366052277e-08
0.1215764929100856,0.13693744,0.13693744,-5.583190854085984e-10
-0.0548015252132583,-0.002855733,-0.0028557032,-2.983699493421324e-08
0.2783890255401882,0.26967055,0.26967058,-3.394515990517988e-08
0.2859810685498605,0.27452856,0.27452856,3.0226135483424343e-09
0.103616329184732,0.14891067,0.14891067,1.4725494434930653e-09
1.3318381753238318,1.4571445,1.4571445,-1.1749268225003107e-09
1.284261635554739,1.3816255,1.3816258,-2.6689605703289487e-07
1.0628732789260515,1.055248,1.055248,2.2079467809632547e-08
1.3258620645577683,1.3294455,1.3294455,-1.8699646053832453e-08
1.202671958592888,1.2985886,1.2985889,-2.664627074544512e-07
0.935079806264882,0.8997698,0.8997699,-1.1697998048010305e-07
1.131724640118312,1.213037,1.2130371,-8.599243161988568e-08
1.0834986508580615,1.164977,1.164977,-4.5539855886289615e-08
1.1709701588578123,1.1638843,1.1638843,-1.788787851175755e-08
1.020650747198398,1.1168792,1.1168792,2.4777221607763522e-08
0.818338742050084,0.7913419,0.7913419,8.255004457780046e-10
1.0334762557225736,1.0181533,1.0181534,-9.01779175777051e-08
0.7071238820584714,0.700642,0.700642,-1.029205320968174e-08
0.8995310700588149,0.88334787,0.88334787,-1.0806274763908164e-09
0.60327729436444,0.59973073,0.59973073,5.6762705646917766e-11
0.7916341272745993,0.83149934,0.83149934,-1.8499756171408421e-09
0.8110102130164993,0.7564043,0.7564043,-1.9337463408319877e-08
0.711968934800533,0.73286545,0.73286545,2.766418427668782e-09
0.5183119044329597,0.4943733,0.4943733,-8.269119278203618e-09
0.7302791753975516,0.6674216,0.6674216,-2.0639038034175883e-08
0.636576829071551,0.6451608,0.6451608,-5.741882302956469e-09
0.4310439294084854,0.43514824,0.43514824,-8.642578319673078e-10
0.8899467565345531,0.6272317,0.6272318,-8.289031983022e-08
0.6625694093458047,0.57695884,0.57695884,-4.875030490403276e-09
0.3559796553768795,0.37487972,0.37487972,-2.1731567656502193e-09
0.5341514490694873,0.5443574,0.5443574,1.901397705950103e-08
0.5963443873622736,0.52648586,0.52648586,3.4774783053137526e-10
0.2979545110334295,0.30344206,0.30344206,9.474181994484354e-10
0.4712528486461675,0.50434756,0.50434756,2.789916964118788e-09
0.5350068861269202,0.49498796,0.49498793,3.463012693272205e-08
0.445326641533295,0.5699564,0.5699564,2.1852111786735406e-08
0.6150204783387097,0.56432134,0.5643213,3.913040158565195e-08
0.4574248470388755,0.56851995,0.56851995,-8.697509379373969e-11
0.6138691857922126,0.56425464,0.56425464,1.5328979197093417e-09
0.4848922417394862,0.56925094,0.569251,-5.872344965851539e-08
0.4103206635715389,0.42233908,0.42233908,1.7642212135626778e-09
0.6039680698923382,0.5710482,0.57104814,6.013046260910926e-08
0.514618422004687,0.5767336,0.5767336,-1.0827636676147279e-08
0.3856830030765027,0.452661,0.452661,7.642745991631728e-09
0.5423242908253617,0.5765536,0.5765536,-1.685485839786338e-08
0.5883104912599787,0.57223403,0.57223403,4.538269093856684e-09
0.3677228393511491,0.43892753,0.43892753,1.2423705952890884e-09
0.5556077665378839,0.568201,0.568201,5.458831831006705e-09
0.5675839575845996,0.5550086,0.5550086,-9.778594933784746e-09
0.5675872254230323,0.55246246,0.55246246,-1.3894653205781538e-09
0.3557493968675801,0.4198597,0.4198597,7.355499265226939e-09
0.5794184152316023,0.55117357,0.55117357,-2.228088380462623e-09
0.588342066193819,0.5385053,0.5385053,1.5780639683882214e-08
0.5422587894000978,0.5359992,0.5359992,-2.111358643475114e-08
0.3499929341350949,0.41856492,0.41856492,-4.3429565499408795e-09
0.6037693694087286,0.5184336,0.5184336,-2.913818364369547e-08
0.5134764757376723,0.51625246,0.51625246,-1.9044494870001927e-09
0.343775954384011,0.41758204,0.41758204,-4.935302722053336e-09
0.6135627012171029,0.51255137,0.51255137,-2.7171325189812023e-09
0.4840033865473484,0.5086062,0.5086062,-4.5501709067252705e-09
0.3359471650678313,0.40866175,0.40866175,2.939224252873629e-09
0.6151856390902335,0.4956989,0.4956989,-9.69314573051605e-10
0.4570631409593181,0.48953435,0.48953432,2.8249435402027956e-08
0.609221945622184,0.47563967,0.47563967,1.087265000254689e-09
1.867948607585601,1.9350306,1.9350306,-2.0433044367607067e-08
1.4994434125577227,1.5085664,1.5085664,-2.045288094443265e-08
1.7580303164839273,1.8630799,1.8630797,2.0550994883627993e-07
1.7029282555214391,1.8141197,1.8141196,9.661712652153653e-08
1.6886187103085415,1.7843432,1.7843432,4.2645263764740093e-08
1.6372476130733675,1.7179394,1.7179395,-1.2316894526520628e-07
1.3320454762970555,1.3267834,1.3267834,1.8655395450650758e-08
1.4879480148463904,1.5666417,1.5666417,-1.1653137121925283e-08
1.4350845252893227,1.5046102,1.5046102,-1.914520253443186e-08
1.4440914598461074,1.4987363,1.4987364,-1.3767852791168878e-07
1.1683316761851787,1.1019062,1.1019062,-1.9618225044482074e-08
1.1752646401891922,1.3933353,1.3933353,4.240722661918994e-08
1.015900543028973,0.94424665,0.94424665,-2.5787350033112943e-10
1.233143181625716,1.2767377,1.2767377,-1.0028076147250431e-08
0.8464302801846112,0.86454153,0.86454153,6.091308568656473e-10
1.0712410918719777,1.1238118,1.1238118,4.101104744691497e-08
1.0202903218926398,1.1083562,1.1083561,1.3741149906820738e-07
0.704591038456178,0.7765099,0.7765099,-1.898040768999465e-08
0.9489515141137036,1.0072391,1.0072391,3.3172606883624667e-09
0.8787965274465745,0.97259426,0.97259414,1.2116943359785637e-07
0.5818632529995954,0.62552696,0.62552696,4.664459263281628e-09
0.7902738912906682,0.84998226,0.84998214,1.2165771479111243e-07
0.7631395523799803,0.8433815,0.8433815,2.408599852898874e-08
0.6754922453212246,0.75447285,0.754473,-1.4824676508595758e-07
0.6846108495376589,0.73990357,0.73990357,-7.785033728779922e-10
0.4692668419521866,0.4730523,0.47305226,3.3062210080814225e-08
0.5999347988377666,0.6180334,0.6180334,9.118652388728776e-09
0.360815084072167,0.37268963,0.37268966,-2.5438461281890312e-08
0.4891933236388768,0.55666673,0.55666673,1.834411622603227e-09
0.5170064828410719,0.5350777,0.5350777,-8.921813954287927e-09
-0.4764241970486583,-0.4580184,-0.45801827,-1.2232444762672046e-07
-0.4636240222816965,-0.42882916,-0.4288291,-6.331291196870481e-08
-0.5086410470423848,-0.5211663,-0.5211663,-2.46154785443764e-08
-0.4623590866732044,-0.44155595,-0.4415559,-4.706535339238371e-08
-0.4064656084417478,-0.34646145,-0.34646145,4.906845096908086e-09
-0.3905184317717902,-0.31030473,-0.31030473,-1.1306000025079754e-09
-0.3215836241274623,-0.22967938,-0.22967938,4.1130828742907966e-09
-0.2979545110334295,-0.21554264,-0.21554258,-6.426231383138692e-08
-0.2231435513142097,-0.13097039,-0.13097039,1.3491058270531653e-09
-0.1672359193759138,-0.082130045,-0.082130075,3.030128478687111e-08
-0.1142891464021276,-0.03010714,-0.03010714,-5.410766591718019e-10
-0.1968710254509909,-0.1276519,-0.1276519,-5.302427941167309e-11
-0.0576291128366364,0.023496047,0.023496017,2.9662330626456512e-08
-0.006018072325563,0.06665611,0.06665611,2.6708984329770757e-09
-0.0909521111732648,-0.03796716,-0.03796716,-3.441238405343938e-10
0.1115413747329075,0.16406369,0.16406369,2.0928954957977197e-09
0.0156575786323595,0.058702603,0.058702573,2.9982521056182154e-08
0.2223432311434407,0.2599492,0.2599492,7.305908211741041e-09
0.1222672684379838,0.17358898,0.17358898,-3.736000064868961e-09
0.3271431413326945,0.34890437,0.34890437,1.2615966604734297e-09
0.2270348901692129,0.24968813,0.24968813,3.5973739542782823e-09
0.3825376034644597,0.3953985,0.39539856,-6.241851807642362e-08
0.0115129254649702,-0.2264745,-0.22647455,5.62580108609545e-08
0.8478118312404077,0.83616924,0.83616924,2.858886682943762e-09
0.6444935675290334,0.3117345,0.3117345,-2.4528503672627266e-09
0.8010693538526286,0.3739106,0.37391058,2.5907440193151388e-08
1.5054301337995073,1.4302695,1.4302695,-2.024841316838888e-08
1.3417163336876303,0.9743316,0.9743316,1.7355346715319797e-08
1.3440189187806246,0.9181707,0.9181707,-9.463500982853645e-09
1.989433520346856,1.9011533,1.9011531,2.2603454596925587e-07
1.8312459244581647,1.4525139,1.4525139,3.3181762670864146e-08
1.749043636638277,1.2921653,1.2921653,-2.061157222676968e-08
2.386399190379029,2.3408124,2.3408122,2.4468688986090115e-07
2.1717982597119843,1.9396901,1.9396902,-8.693237307788593e-08
2.066339862452857,1.7553003,1.7553003,-1.6567993199601005e-08
2.699781021535519,2.6616223,2.6616223,-1.4157104377687801e-08
2.445805885778276,2.2463143,2.246314,2.8718566902341536e-07
2.323308358830992,2.082034,2.082034,1.110229490564052e-07
2.951914089218367,2.9247348,2.924735,-1.691436768425092e-07
2.665242245140608,2.512636,2.5126362,-2.537261964974391e-07
2.535376445895744,2.368582,2.368582,1.0269165073850672e-08
3.153620543364645,3.1355371,3.1355371,4.7521972579289695e-08
2.851981896182425,2.7309299,2.73093,-1.4846801743573224e-07
2.714057049112082,2.6182332,2.6182332,3.887939303837129e-09
3.3194066700602165,3.3301716,3.3301716,-1.491699208600039e-08
3.0078669069781223,2.94285,2.9428506,-4.87084960809625e-07
2.8664881822682875,2.8524218,2.8524218,-3.9440918087052523e-08
3.463318238372344,3.5063787,3.5063782,4.5066528331361155e-07
3.147173305104262,3.1263137,3.1263137,-1.3629150252825184e-08
0.8436671780730184,0.86100554,0.86100554,4.662475627803531e-09
0.4759443387218692,0.3688669,0.3688669,-9.33113097900673e-09
0.6458751185848299,0.6665854,0.6665854,-1.4200592035606974e-08
0.3345656140120349,0.22410028,0.22410026,1.6827812199249337e-08
0.4582144335058151,0.4696958,0.4696958,6.503295901794104e-09
0.1740754330303498,0.057893977,0.057894006,-2.9430824277643097e-08
0.2751589186127884,0.29345986,0.29345986,2.470626814243815e-09
-0.0082893063347785,-0.10992265,-0.10992268,3.252380370577512e-08
0.1020045196196362,0.07126729,0.07126726,3.1903495789631364e-08
-0.2058511073136676,-0.30890843,-0.30890837,-6.27220916871174e-08
-0.0787484101803963,-0.16876742,-0.16876748,5.756233215081785e-08
-0.3875250711508979,-0.4927931,-0.4927931,-1.2993240372516368e-08
-0.2776917622150819,-0.40716174,-0.4071618,5.755119325545621e-08
-0.579330409397302,-0.6806346,-0.68063474,1.2219451905881584e-07
-0.4902203662984324,-0.5970322,-0.5970322,1.0630798352728732e-08
-0.7736685912459995,-0.8494158,-0.84941554,-2.391137695623158e-07
-0.7124198277723578,-0.78940225,-0.7894025,2.535247802804008e-07
-0.9686975486225952,-1.0153073,-1.0153072,-1.0724334709166783e-07
-0.9274812754580016,-0.976444,-0.9764441,9.40338135135832e-08
-0.8009551331942506,-0.7671921,-0.7671921,-2.5320434526854285e-08
-0.8989292203048755,-0.8909143,-0.89091456,2.3905426027592824e-07
-0.8218900564526708,-0.8002529,-0.8002529,-1.4428710892744334e-08
-0.9233366222906124,-0.8998234,-0.89982355,1.227996826447253e-07
-0.8606195345036941,-0.88051534,-0.88051534,3.0096435343907046e-09
-0.949816350860044,-0.8853133,-0.8853134,1.2752380373903804e-07
-0.8797177516433149,-0.90580106,-0.9058012,1.4218444821523235e-07
-0.9756053039015772,-0.9286277,-0.9286277,-2.941589360982988e-08
-0.8986964234732039,-0.95165026,-0.95165026,-1.8789673150720887e-09
-0.9997824473780148,-0.9878831,-0.987883,-9.097290043502682e-08
-0.9172912322077386,-0.98073375,-0.9807339,1.4774932866057355e-07
-0.9349639971397764,-1.0000281,-1.000028,-1.3339233406739481e-07
-1.026031917438147,-1.0285788,-1.0285788,4.176025392155225e-08
-0.9529547162457463,-1.0128107,-1.0128106,-1.0709228526195602e-07
-1.0525116460075783,-1.050901,-1.050901,-5.5335998450090074e-08
-1.0792216330863094,-1.0670425,-1.0670425,3.0021667374313665e-08
-0.9816295731824954,-1.0264996,-1.0264995,-1.2902069101983216e-07
-0.9888614247089904,-1.0293161,-1.0293161,3.2304382280301525e-08
-1.105701361655741,-1.0869764,-1.0869763,-1.0895843516323112e-07
-1.0128016322549989,-1.0405083,-1.0405083,2.9736328066576334e-08
1.1209606923318716,1.1474321,1.1474321,-1.1148071354938338e-08
0.8788967299958272,0.9165298,0.91652966,1.146658324957528e-07
0.9421144118836132,1.0402374,1.0402375,-7.324218742610356e-08
0.6516315813173149,0.62726676,0.62726676,4.640808071165736e-09
0.6800619410112898,0.72199786,0.72199786,-2.906188956153244e-09
0.3967354115228741,0.3679968,0.3679968,1.1866760241119323e-08
0.3836284134989899,0.3653159,0.36531594,-2.5845947271285752e-08
0.1271026971332713,0.15019299,0.15019298,1.0899085994831026e-08
0.1214208552043394,0.14982717,0.14982717,-2.6082229709345484e-09
-0.1257211460774749,-0.029627785,-0.029627785,-8.663177467060912e-11
-0.123863987222386,-0.06983346,-0.06983346,2.530059814431773e-09
-0.3601243085442688,-0.2652949,-0.2652949,-9.477233886556746e-09
-0.336592243821789,-0.31142494,-0.31142494,-8.24508683550107e-10
-0.4849954470649725,-0.4932234,-0.49322334,-5.8923873891281175e-08
-0.5498573202069782,-0.4875997,-0.48759964,-6.068931579505943e-08
-0.6428343666863562,-0.62552655,-0.6255264,-1.4743194576283258e-07
-0.7101172426793638,-0.68304837,-0.68304837,2.499694784496853e-09
-0.7312645026730733,-0.78248703,-0.7824869,-1.3479766847179775e-07
-0.8660022534750607,-0.88089955,-0.8808994,-1.4853057861419217e-07
-0.8768296629932414,-0.93509257,-0.93509257,1.6024780391532545e-09
-0.8418251099986231,-0.8685353,-0.8685353,1.9772338877288576e-08
-0.8609365662704738,-0.872087,-0.872087,-1.800537163809679e-09
-0.9198827446511214,-0.93682694,-0.93682694,-4.35119629216274e-09
-0.747879638204466,-0.7826017,-0.7826016,-1.1413421630024345e-07
-0.7538663594462507,-0.78067935,-0.78067935,4.869079583968983e-09
-0.8187992590686828,-0.86170805,-0.8617079,-1.4500579836873584e-07
-0.62653340380368,-0.66114056,-0.66114056,-1.1038208125313531e-09
-0.627684696350177,-0.66158485,-0.66158485,-4.125976560409583e-09
-0.6935386300098066,-0.7649807,-0.7649808,1.2621002198898168e-07
-0.4800889918892586,-0.510816,-0.510816,2.194976811420446e-08
-0.4793982163613604,-0.5052315,-0.5052314,-9.967193603799274e-08
-0.556074299958062,-0.6303612,-0.6303613,1.0062103272812095e-07
-0.3087766609705015,-0.335718,-0.33571807,6.410438535553453e-08
-0.3023294227101182,-0.33874395,-0.33874395,-4.896926864006446e-09
-0.3971959285414729,-0.45125023,-0.4512504,1.7469444274498258e-07
-0.1181226152705945,-0.15066037,-0.15066034,-2.5819931026571652e-08
-0.1114451185009118,-0.13635299,-0.13635302,3.390266417602206e-08
-0.2136798966298474,-0.22545642,-0.22545648,6.339309691072437e-08
0.0973993494336481,0.05630967,0.05630967,2.0988464438653764e-10
0.0978598664522469,0.075458035,0.075458035,-1.2699127860393844e-10
-0.0154273201230601,0.0035744607,0.0035744607,4.4857788056990033e-11
0.3313419948818432,0.29429874,0.29429877,-3.1758804308612554e-08
0.3265065661865557,0.30334172,0.30334172,-3.472061138598548e-09
0.2088444679345599,0.19976094,0.19976094,3.6511993428689493e-09
0.5811724774716972,0.53484285,0.53484285,-1.22222898468749e-09
-0.3580519819605741,-0.17957547,-0.17957547,-3.070144666272867e-09
-0.4326557389735812,-0.5427097,-0.5427096,-1.0821380613812437e-07
-0.3235132055656635,-0.34172377,-0.3417237,-6.990318296429265e-08
-0.3962748945042753,-0.5384468,-0.5384468,1.598052978835085e-08
-0.2588105644525307,-0.29483983,-0.29483977,-5.920646667378904e-08
-0.3350261310306336,-0.45090935,-0.4509093,-4.634208677911644e-08
-0.1761477596140445,-0.22245273,-0.22245267,-5.99404144374649e-08
-0.254435652775842,-0.35545656,-0.35545668,1.1914985659222666e-07
-0.0644723826038332,-0.12953109,-0.12953112,3.450881957967056e-08
-0.1503588065725112,-0.24834841,-0.24834841,-4.89791870950107e-09
0.0548015252132583,-0.028483838,-0.028483838,1.570587167265547e-10
-0.0338480008670124,-0.1354284,-0.1354284,1.152420048278202e-09
-0.013124735030066,0.027585313,0.027585283,2.9724113465717794e-08
0.1798318957628349,0.08225766,0.08225766,-1.7568206750473436e-09
0.0930244377569594,0.010240689,0.010240689,-7.997894360678437e-11
0.3087766609705015,0.19499555,0.19499555,2.301406870630629e-09
0.2129891211019492,0.15051323,0.15051322,1.175430297539748e-08
0.4384122017060664,0.3331442,0.3331442,-1.2072753907688138e-08
0.3370984576143283,0.24940789,0.24940789,-2.541198723671201e-09
-1.3242166869808756,-1.3486751,-1.3486753,1.682022094939839e-07
-1.1591213358132026,-1.1424544,-1.1424544,1.4242553803001101e-08
-1.1984955409034008,-1.2127182,-1.2127182,-4.836730949087098e-08
-1.1902062345686224,-1.2413656,-1.2413654,-1.5194854730005147e-07
-1.0350119993008235,-1.0024567,-1.0024567,3.49609374783455e-08
-1.0824452522165011,-1.0966522,-1.0966523,1.4984588614375127e-07
-1.108694722276633,-1.1386776,-1.1386777,1.0295410146632378e-07
-0.8848834512376118,-0.8254163,-0.8254163,-2.6522827156760798e-08
-0.9454414391833552,-0.9357387,-0.9357387,1.7253112827297912e-08
-0.6999858682701899,-0.6128602,-0.6128603,9.721069338386457e-08
-0.7600833391973346,-0.76330245,-0.76330245,4.5883178367844835e-09
-0.4699576174800848,-0.3909575,-0.39095756,5.5489120465157526e-08
-0.553771714865068,-0.58608556,-0.58608556,2.062377935097004e-09
-0.2157522232135421,-0.18681929,-0.18681934,5.484565734903413e-08
-0.3154541577401843,-0.40374795,-0.40374795,3.976058982058106e-09
0.0501963550272702,0.08485496,0.08485496,4.415893622988776e-10
-0.0550317837225577,-0.15286043,-0.1528604,-3.2863235466251695e-08
0.3212106204726694,0.39001352,0.39001352,-4.050750734840847e-09
0.2021669711648772,0.14730933,0.14730933,3.0860138056088005e-09
0.6074219475318292,0.64184946,0.64184946,-1.7823791331750272e-09
0.6546249419382072,0.43382597,0.43382597,-3.0395508332503596e-10
-0.4623529703152127,-0.5388169,-0.5388169,-2.8863525347588848e-08
-0.5588374020696549,-0.61303914,-0.61303914,4.067077674640984e-09
-0.6500197717522191,-0.6663233,-0.6663233,-4.176330614669155e-09
-0.4549179918276947,-0.52563787,-0.52563787,4.933471631218822e-09
-0.4407147867990603,-0.5414691,-0.5414692,1.028625488119772e-07
-0.5482455106418823,-0.6390779,-0.639078,9.815979007399278e-08
-0.3712086194300741,-0.5045669,-0.5045669,-7.882690389315883e-09
-0.1698397792918987,-0.46850303,-0.46850303,1.8456268180422342e-09
-0.3440062128933104,-0.49716637,-0.49716637,4.614944482117522e-09
-0.4464712495315455,-0.56673384,-0.56673396,1.22872314434197e-07
-0.0186732652656212,-0.39632425,-0.39632425,2.8781890759610462e-09
-0.2189758423437337,-0.35413805,-0.35413805,3.496932965418864e-09
-0.3377892331422265,-0.411828,-0.411828,-1.1274337741173923e-08
0.2946825120965253,-0.2476429,-0.2476429,-4.52003479090024e-09
-0.074603757013007,-0.16692239,-0.16692236,-3.0460968025725066e-08
-0.209995760481057,-0.24684784,-0.24684787,3.183662414252275e-08
0.2694926432515704,-0.10899603,-0.108995974,-5.966851807093221e-08
-0.6729524732744261,0.017161697,0.017161697,1.4927673333553493e-10
0.0944059888127558,0.023042753,0.023042783,-2.966118621897107e-08
-0.0428280827296892,-0.1092453,-0.1092453,-2.9296874648476745e-10
0.5115653501009904,0.14632285,0.14632285,-3.5873413128939546e-09
0.2832179664382676,0.17844146,0.17844145,1.4900970457532026e-08
0.1289447652076665,0.006476328,0.006476328,-2.2309112543417164e-10
0.6136168416031371,0.30714965,0.30714965,-1.3336181603484931e-09
0.4835428695287496,0.39442593,0.39442593,-1.4073180953921849e-09
0.3145331237029867,0.17633331,0.17633331,-1.7800903251430356e-09
0.7121161271075476,0.5140356,0.5140355,8.254241945504504e-08
0.686400616221525,0.6020812,0.6020812,-2.0381164533844753e-08
0.4697273589707853,0.40298942,0.4029894,1.7314529421330604e-08
0.8170448172161826,0.7317226,0.7317226,-6.692504883609729e-09
-0.5794614161561289,-0.6276802,-0.6276803,1.1754302975397479e-07
-0.584396096601889,-0.61376214,-0.61376214,-2.740478954876835e-10
-0.7015976778352858,-0.72819996,-0.72819984,-1.1880126948859981e-07
-0.3691813960309177,-0.6023084,-0.6023085,1.074752807861401e-07
-0.5035753598377979,-0.5761237,-0.5761237,-1.444702146802257e-08
-0.6456448600755305,-0.6585938,-0.65859365,-1.2384185787972513e-07
-0.3046247931820928,-0.55583155,-0.55583155,-1.551818895606516e-09
-0.3928210168647842,-0.4948496,-0.49484953,-6.244728090187834e-08
-0.551469129772074,-0.56644475,-0.56644475,-4.6005248499625395e-09
-0.2300422930053664,-0.4888529,-0.48885283,-5.834571836782487e-08
-0.0791514383054375,-0.40058693,-0.40058687,-6.289756776522992e-08
-0.2595013399804289,-0.3922771,-0.39227703,-6.174156186311563e-08
-0.4266690177317966,-0.44655815,-0.44655815,2.3311614860688223e-09
0.0636318602447735,-0.25366208,-0.25366208,4.273223996875686e-10
-0.0900310771360672,-0.2102203,-0.2102203,-7.111740113474596e-09
-0.253284360229345,-0.301726,-0.30172595,-6.342201230857825e-08
0.1391530613925759,-0.091414124,-0.091414124,2.2642517027993136e-10
0.0872679750244743,-0.01613994,-0.01613991,-2.9427375793089627e-08
-0.1077609823521213,-0.17589399,-0.17589402,2.7814407360660098e-08
0.1986869108802189,0.043186918,0.043186933,-1.5098960873261014e-08
0.2827574494196688,0.16402663,0.16402662,1.2905006396835006e-08
0.0575646273248511,-0.07013759,-0.07013756,-3.016990661464103e-08
0.3412465357815133,0.21226831,0.21226831,-2.1949386475039745e-09
0.4777857696877905,0.38325995,0.38325995,2.0683288415312973e-09
0.4858454546217436,0.40872687,0.40872687,1.013641337532789e-09
0.253284360229345,0.12639695,0.12639695,4.059600822170495e-09
0.5949277730534854,0.5491165,0.5491165,-7.728576667531684e-09
0.7085054331142678,0.6581373,0.6581373,2.147216793257911e-08
0.4319649634456829,0.3608111,0.3608111,1.4311218266005454e-08
0.7708949491818702,0.74938595,0.7493861,-1.4705047612917355e-07
-0.4971281215774145,-0.53624713,-0.53624713,-4.208679182937658e-09
-0.4064656084417478,-0.4728659,-0.4728658,-1.0933799743373385e-07
-0.4517671952454318,-0.4896048,-0.48960486,5.906044003856081e-08
-0.3341050969934361,-0.41135147,-0.41135147,-2.139358523667312e-09
-0.3078847797693004,-0.37879917,-0.37879917,-2.556609923765052e-10
-0.3895973977345925,-0.3995556,-0.3995556,6.27098084571287e-09
-0.2383175571248837,-0.3071442,-0.3071442,5.158615090650187e-09
-0.2986452865613277,-0.28017154,-0.28017154,-3.359756473031439e-09
-0.1636960926707897,-0.21300727,-0.21300721,-6.128982543707195e-08
-0.1137477035939058,-0.12821099,-0.12821099,-1.6210174591524407e-09
-0.1683189702978647,-0.109113425,-0.109113425,-1.6403198244141493e-11
-0.0010005003335835,0.019320622,0.019320652,-2.991347503727981e-08
0.0398347221087969,0.05822842,0.05822842,-1.7689895659422916e-09
-0.0250981775136351,0.04341021,0.04341021,1.8015289329764705e-09
0.1680535849962497,0.16628334,0.16628335,-1.0737991329445862e-08
0.2051603317857694,0.19371746,0.19371746,4.804649345047096e-09
0.1922658552650028,0.12689808,0.1268981,-1.9889450086907345e-08
0.3611648492115845,0.32572782,0.32572782,3.96423338600016e-10
0.4011103231995628,0.3636452,0.36364517,2.596099851759348e-08
0.346078539477005,0.28884923,0.28884923,4.58099363997988e-09
0.5630384952129249,0.510389,0.510389,-2.9624938946426482e-08
0.6210071995804942,0.5567488,0.55674887,-6.256973261731247e-08
0.5763370487764098,0.51595014,0.51595014,3.3372498098316328e-09
0.7542422799197561,0.73278046,0.73278046,-3.4570312168469286e-09
-0.8347107448817322,-0.97073233,-0.97073245,1.1872406002755298e-07
-0.9686975486225952,-0.9377744,-0.93777466,2.4021545408370315e-07
-0.6386589952758756,-0.94197035,-0.94197047,1.2164184570728764e-07
-0.8600155322332761,-0.9061873,-0.9061873,4.0863037398253255e-09
-0.8828111246539172,-0.9396163,-0.93961644,1.1748260497768115e-07
-0.3989861420104552,-0.87339795,-0.87339795,3.642272927706358e-09
-0.7476493796951666,-0.8520622,-0.8520621,-1.2534179683054703e-07
-0.7907077209341553,-0.86960447,-0.86960447,1.6543578729155684e-09
-0.1935847490726654,-0.80937076,-0.8093709,1.438507080120388e-07
-0.5855473891483859,-0.7035667,-0.7035667,2.9582214344792135e-08
-0.6767297588309501,-0.73484576,-0.73484576,2.5155639793439377e-09
-0.0191828194167739,-0.6585206,-0.65852046,-1.1933807375630323e-07
-0.3794660233254188,-0.5166068,-0.5166068,-7.708740201728403e-09
-0.5422587894000978,-0.5683421,-0.5683422,1.1034698488288086e-07
0.1930966299619131,-0.38183323,-0.38183323,4.511337303725327e-09
-0.1335499353936546,-0.3081883,-0.30818835,6.059608459452193e-08
-0.3799265403440175,-0.40943113,-0.40943113,3.0601499112492547e-10
0.3562748639173926,-0.11367154,-0.11367154,-1.2139892563434174e-09
0.124109336512379,-0.08768469,-0.08768463,-6.09523010258739e-08
-0.1853580999860207,-0.20487314,-0.20487306,-8.462661743591227e-08
0.559044196036465,0.19457166,0.19457167,-1.103107452604668e-08
0.3946630849391794,0.18241578,0.1824158,-1.659469603398911e-08
0.0564133347783541,0.08308452,0.08308452,3.677825932690837e-09
0.7328485474114974,0.47316173,0.47316173,-2.809982302398595e-09
0.6647563163473811,0.5626676,0.5626676,8.261108352947133e-09
0.361966376618664,0.38449582,0.38449582,4.575424206176848e-09
0.9170904120447192,0.7786715,0.7786715,3.0670166406565613e-09
-0.7635696448564911,-0.78717315,-0.78717315,-1.969909679822024e-09
-0.86623251198436,-0.8586867,-0.8586867,1.4437866235894603e-08
-0.7052197617942145,-0.74753165,-0.74753165,-2.4505615314751594e-09
-0.7999180613061315,-0.78952897,-0.78952897,4.049987789578324e-09
-0.623621117911335,-0.6569358,-0.6569358,-1.1042785685866363e-08
-0.7213999096350346,-0.70526075,-0.70526075,-3.631591805053347e-09
-0.5108256237659907,-0.55522203,-0.5552219,-1.3445434565717562e-07
-0.6138691857922126,-0.58918726,-0.58918726,-4.442443857222145e-09
-0.4200712604975265,-0.4450778,-0.44507787,6.328880308714702e-08
-0.4892993322612347,-0.487682,-0.48768196,-5.470375058491683e-08
-0.3133418192323586,-0.35035613,-0.35035607,-6.179206846201879e-08
-0.2731219211204512,-0.30121562,-0.30121562,1.1511993580626267e-09
-0.3384800086701247,-0.38072821,-0.38072827,5.502082822683718e-08
-0.12897038129696,-0.08937207,-0.0893721,3.1356430049700457e-08
0.0382587121170902,0.09593538,0.09593538,1.9489479058387715e-09
-0.1487469970074153,-0.20992368,-0.20992374,5.5402984616703677e-08
0.2062008305838978,0.25833547,0.25833547,1.1532592658625163e-09
0.0812812537826898,0.04156375,0.04156375,-6.866455043441633e-10
0.4712528486461675,0.52877355,0.52877355,-3.781127966284714e-09
0.3868342956229997,0.35578787,0.35578787,3.268127435340773e-09
0.7270653987634059,0.7694763,0.7694763,-5.482482912100295e-09
1.1746469749441073,1.9728632,1.9728633,-1.0267333983016158e-07
1.1662709371419244,1.9390564,1.9390563,9.648437493403605e-08
1.160960913732645,1.926777,1.926777,5.195617713837919e-09
1.1537315878891892,1.9021939,1.9021938,1.0392303462225527e-07
1.144222799920162,1.8621738,1.8621738,-4.299926859019365e-09
1.132047064754347,1.8163319,1.8163319,-3.6596679686695666e-08
1.111199404173581,1.7369798,1.73698,-1.5781402584735815e-07
1.0996117890011932,1.6892443,1.6892443,-2.967529288966375e-08
1.0899078480379634,1.6583903,1.6583904,-1.1641540531570627e-07
1.0811269743270902,1.6250172,1.6250174,-2.3386230463273705e-07
1.0647107369924282,1.5650595,1.5650595,4.26559447763708e-08
1.0543120297715298,1.5285968,1.5285968,-4.115753182709625e-08
1.049772123248636,1.520615,1.520615,-1.8348693897607404e-08
1.043099578737851,1.5177804,1.5177805,-7.683563230109769e-08
1.0360274134764884,1.516098,1.5160981,-7.753906250407283e-08
1.0338959739484184,1.4968103,1.4968103,1.7039489819126175e-08
1.0306902721826512,1.4557452,1.4557452,2.0184326210426207e-08
1.0306902721826512,1.3994567,1.3994567,3.9425659181802075e-08
1.0356724888942357,1.318582,1.318582,5.7952880938572093e-08
1.0459144996676606,1.2467877,1.2467878,-1.3272552479293154e-07
1.0553567799971526,1.1969557,1.1969556,8.084716807132963e-08
1.0681530811834012,1.1484519,1.1484518,1.243240357329256e-07
1.0780693874367804,1.1061099,1.1061099,-4.244079598869632e-08
0.5007752879124892,0.4548606,0.45486063,-3.215110777610164e-08
0.4886085567333365,0.43497097,0.43497097,4.922180163458023e-09
0.4805725805949697,0.430611,0.43061095,6.436614991001122e-08
0.4607472771081086,0.41741243,0.41741243,4.798889063906131e-11
0.445326641533295,0.41318995,0.41318995,-2.3948669158890823e-09
0.4278203102782937,0.3972605,0.39726043,5.707962036360925e-08
0.4094571293777018,0.3856564,0.3856564,-1.3386154185113242e-08
0.3935117923926824,0.3644321,0.36443207,2.6481323245342026e-08
0.378436435720245,0.34835565,0.34835565,9.017944169187331e-10
0.3785449892882211,0.3487392,0.3487392,6.790924045319002e-09
0.3791211327685624,0.37142453,0.37142453,-4.02381894470949e-09
0.3912092072996884,0.41400042,0.41400045,-2.823753358915937e-08
0.4343764516025845,0.47463325,0.47463325,-3.3397674625845752e-09
0.4738720121381746,0.5130352,0.5130352,-2.1815490747201238e-08
0.5335651107354802,0.5498321,0.5498321,5.636596633884494e-09
0.621467716599093,0.6450355,0.6450355,5.294799820809715e-09
0.6976370858327973,0.7246357,0.7246357,2.025299072894171e-08
0.8522854018982428,0.85267675,0.85267675,-7.705688309656011e-10
0.8604760492518749,0.8568177,0.8568177,2.2320556625210486e-08
0.2806851228359742,-0.53200424,-0.5320041,-1.3717498781318227e-07
0.2060813658229671,-0.0688068,-0.0688068,2.733993531567336e-09
0.2924283068102438,0.2086586,0.2086586,5.8139801029089e-09
0.3085464024612022,-0.040493786,-0.0404938,1.3665008548324753e-08
0.6048891039295359,0.56192327,0.5619232,6.545715336425673e-08
0.3350261310306336,0.28629547,0.28629547,3.5755920446689515e-09
0.7308405085163102,0.71712375,0.7171236,1.4687194827001093e-07
0.3601243085442688,0.4019524,0.40195245,-6.409759523151592e-08
1.0334001897357277,1.0897017,1.0897015,1.5252685536815136e-07
0.8333055451545452,0.884732,0.8847319,1.0798034666414935e-07
0.3831501594742092,0.46078905,0.46078905,4.632186911823766e-09
0.9772171134666732,1.0143385,1.0143385,-6.652832063025471e-09
0.7851815167109697,0.8535023,0.8535023,-2.6440429734542192e-08
0.4047944593483533,0.47088936,0.47088933,2.9712600713160953e-08
0.9270207584394028,1.0149353,1.0149353,-4.4949340916033975e-08
0.7359061957208971,0.86347127,0.86347127,-3.9245606764382046e-10
0.4243664326388026,0.45287254,0.45287254,4.5270538429065255e-09
0.8814295735981207,1.0629834,1.0629834,-6.330871604731669e-09
0.6910057864075131,0.9058312,0.9058312,1.7765808157932383e-08
0.442787113382755,0.47219503,0.472195,2.925872805148444e-08
0.6055798794574341,0.7938585,0.7938585,2.813720700878264e-08
0.4595959845616115,0.47530732,0.47530732,-4.412002541087645e-09
0.5484757691511817,0.66929567,0.66929567,-1.3980102631094837e-09
0.4750233046846717,0.4667142,0.46671417,3.3357696549440874e-08
-0.6642957993287822,-0.62769747,-0.62769735,-1.1780395503535601e-07
-0.5984418656691526,-0.5811347,-0.5811348,1.230667113771844e-07
-0.6352832271570572,-0.6397481,-0.639748,-9.646606446978012e-08
-0.7117290522444596,-0.6664461,-0.6664461,1.0255432170147571e-08
-0.6378160707593508,-0.65463054,-0.6546304,-1.4180145269104827e-07
-0.6774205343588483,-0.69504845,-0.6950486,1.485763549968766e-07
-0.7653792849112208,-0.74640083,-0.74640083,-3.129882797381356e-09
-0.6877821672773216,-0.7391918,-0.7391919,1.2944641114565059e-07
-0.7338338691372024,-0.7835401,-0.78354,-1.2966156004434737e-07
-0.8270885654034613,-0.83503103,-0.8350309,-1.3256225583901937e-07
-0.7573202370857418,-0.84172046,-0.84172046,-1.8453979455657077e-09
-0.8082073676409101,-0.87240016,-0.8724003,1.3539581300570092e-07
-0.9005410298699713,-0.9295733,-0.9295734,1.024993896425741e-07
-0.8494236408055036,-0.9360529,-0.9360528,-1.1843414304824051e-07
-0.90100154688857,-0.9651011,-0.9651011,-2.2856140091676025e-08
-0.9958680527199248,-1.0129856,-1.0129857,1.1287994383657463e-07
-0.9495860923507444,-1.0148907,-1.0148906,-7.077636721142255e-08
-1.009683563277889,-1.0476998,-1.0476998,-9.074401896569384e-09
-1.1116880828975253,-1.1045395,-1.1045398,2.8641204830037736e-07
-1.0658666395469438,-1.1003859,-1.100386,9.56878662972116e-08
-1.130799539169376,-1.1494374,-1.1494375,7.247924793674088e-08
-1.2364881949378028,-1.2165095,-1.2165093,-1.6140289305077715e-07
-1.2613561139421383,-1.2655839,-1.2655841,2.2720489512018105e-07
-1.3635908920710738,-1.3538249,-1.3538247,-1.5389709462354517e-07
0.615250736848009,0.53694963,0.53694963,4.552001997559785e-09
0.4713391685358812,0.60287726,0.60287726,-7.455444039905501e-10
0.7163342224304476,0.822786,0.822786,-2.6451110857195204e-08
0.4929834684100252,0.58606046,0.5860605,-3.561782835337368e-08
0.6912360449168127,0.86295867,0.86295867,-3.3752445283141697e-10
0.8429764025451202,1.0582094,1.0582094,1.9250488314526137e-08
0.6930781129912078,0.8047415,0.8047416,-9.819183344195181e-08
0.918040676576726,1.1115286,1.1115286,3.502502443630817e-08
1.2397118140679944,1.2637633,1.2637633,8.525085526400744e-09
0.8986989617955761,0.950089,0.9500891,-1.2218627931659398e-07
1.1517530635156217,1.29608,1.2960801,-1.0675201411736168e-07
1.4310566352957996,1.4713343,1.4713345,-1.618118286028647e-07
1.114451185009118,1.0695738,1.0695738,-3.996734609934549e-08
1.4015835461054758,1.5076658,1.5076658,-4.663543706762141e-08
1.6910184922948277,1.7266324,1.7266324,-4.3356323198295854e-08
1.3479333134387146,1.2751821,1.275182,1.2795257564590656e-07
1.6739793626066712,1.789237,1.789237,2.2399902377401304e-08
1.9779205948818848,1.9886034,1.9886035,-1.4649963375745756e-07
1.6125003406237304,1.4667295,1.4667295,2.1751403789238566e-08
1.9797626629562808,2.0194068,2.0194068,-4.498291072962957e-09
2.3081112972172315,2.2241688,2.2241688,-2.2534179855426828e-08
1.905849681471172,1.7488508,1.7488506,2.2244873054688696e-07
2.3205452567194,2.2952287,2.2952285,2.1971130381714943e-07
2.664090952594111,2.587687,2.587687,1.5533447417226398e-08
2.220613063683458,2.0961494,2.0961494,4.4580078295552994e-08
2.6921824907286385,2.667359,2.667359,1.1369323749121918e-07
3.087536351195716,3.0460563,3.046056,2.705993651375138e-07
2.5876451275067085,2.5454326,2.5454323,2.6759643567686453e-07
0.5187724214515586,0.19997336,0.19997336,-2.959823497405978e-10
0.9832038347084576,0.9084345,0.9084345,1.0231018032769157e-08
1.36520270163617,1.1681943,1.1681943,-6.024169829643711e-09
1.6198686129213111,1.4904075,1.4904076,-1.33111572209188e-07
1.8528902243323089,1.7087392,1.7087393,-1.385086059180196e-07
2.0285774669277545,1.970064,1.970064,4.399871822435841e-08
2.195975403188421,2.1028638,2.1028638,-1.1395263843638759e-08
2.3523209310027173,2.3418088,2.341809,-2.040710449513483e-07
2.468371219689617,2.4019113,2.4019113,-4.130249031675248e-08
2.6300126932177994,2.6798778,2.6798778,-4.197387681870168e-08
2.701162572591316,2.6762953,2.6762953,-1.9543457074888693e-08
2.8690210258705813,2.9796684,2.9796681,2.7882995601302696e-07
2.907243938414282,2.9333415,2.9333415,3.1433105007749873e-09
3.0702669629982604,3.2046278,3.2046278,-4.7695922766877175e-08
3.09006919479801,3.068938,3.0689378,2.1689147944314868e-07
3.241809552426317,3.2987592,3.2987592,2.2030639534875718e-08
3.249177824723898,3.179892,3.1798918,2.631408690945136e-07
3.396313012166218,3.4063883,3.4063883,-1.7224121240388968e-08
3.382497501608253,3.3194742,3.319474,2.202758788705239e-07
3.446807892914208,3.5404477,3.5404477,1.1944579991762794e-08
3.3226302891904083,3.389177,3.389177,8.3969116104754e-08
3.280046180098005,3.3611588,3.3611588,4.780883777755207e-08
3.0708861271544152,3.1380036,3.1380033,2.8772277849142824e-07
3.0787865278423387,3.126401,3.126401,-5.2429199204340193e-08
2.8245880173501616,2.8905473,2.8905475,-2.244567869347236e-07
2.8238903580478976,2.875094,2.875094,-6.30798338008276e-08
2.552565298261815,2.6428545,2.6428545,-4.7866821173414564e-08
2.559553589372181,2.6347237,2.6347234,2.6333007818735155e-07
2.4059536259710788,2.5105667,2.510567,-2.885742187430651e-07
2.283473636722196,2.378147,2.3781474,-5.131744384989645e-07
2.2717134293269585,2.3775985,2.3775983,2.240936280983874e-07
2.155823711598642,2.2442245,2.2442245,4.833984368346478e-08
2.0099574781492504,2.0878286,2.0878286,3.616943367035219e-08
1.997032051153736,2.0667024,2.0667024,-3.4124755909914484e-08
1.7128966208023304,1.814617,1.814617,3.777313239972102e-08
1.693090818878522,1.7836168,1.7836169,-1.1876525873866228e-07
1.3714196813872537,1.4666089,1.4666088,8.195037848324205e-08
1.3535128715955111,1.4564115,1.4564115,-1.9096374481719636e-08
1.0202903218926398,1.0504665,1.0504665,3.747558596778333e-08
1.0195846791777636,1.0364267,1.0364267,-3.66012573582708e-08
0.8100409320314448,0.8560436,0.8560436,-2.2805786148438756e-08
-0.5001214821983068,-0.5136845,-0.5136845,-1.1184692394472506e-08
-0.390084006069862,-0.435075,-0.435075,-1.4829635630597693e-08
-0.430813670899186,-0.43559924,-0.43559918,-5.7680435205931246e-08
-0.3458482809677057,-0.37327227,-0.37327227,3.578187746100525e-11
-0.3065251602532608,-0.31970623,-0.31970623,-1.3556671341063975e-09
-0.3532165532652866,-0.3628309,-0.3628309,-7.106399524392515e-09
-0.2647972856943152,-0.27622467,-0.27622467,-2.794342035539188e-09
-0.2670998707873093,-0.27118352,-0.27118352,-5.554962045906109e-10
-0.1960148839259572,-0.21189293,-0.21189293,-2.653427116916518e-09
-0.1671676777513677,-0.1900459,-0.1900459,6.807708730072193e-09
-0.1733846575024516,-0.15659454,-0.15659454,-4.64912414122054e-09
-0.0736465401682984,-0.10968086,-0.10968083,-3.123466491006255e-08
-0.0584856613620487,-0.10313767,-0.10313764,-3.194747924539776e-08
-0.0704591038456178,-0.062169522,-0.062169522,-4.70428487830965e-11
0.0535407669280297,0.0054750144,0.0054750443,-2.985183410620512e-08
0.0621697975108392,0.011580095,0.011580095,-3.0490875276012464e-10
0.0400649806180963,0.0279627,0.0279627,-4.674911499580325e-10
0.1899632701720087,0.15429826,0.15429828,-1.9192008982038544e-08
0.1988508587451651,0.16682023,0.16682023,-1.9001770157345277e-09
0.1593388884351879,0.14877501,0.14877503,-1.8698959353136146e-08
0.3163751917773819,0.29584306,0.29584306,4.785003671070598e-09
0.3206331725914667,0.30248874,0.30248874,4.258880637042495e-09
0.2862113270591599,0.2796053,0.2796053,-7.656097422703567e-10
0.4618985696546056,0.42801273,0.42801273,-1.3088989336829115e-09
0.4631048875545789,0.4325321,0.43253207,3.186958313916577e-08
3.656537031192682,3.691997,3.6919968,2.5123901359336287e-07
3.57729620047555,3.6170697,3.6170697,2.1221923773850904e-08
3.581711750920406,3.6104069,3.610407,-1.2438964835936872e-07
3.379871594947403,3.3985553,3.3985555,-2.2122192389062434e-07
3.359932167696912,3.3872123,3.3872123,-2.354125960835063e-08
3.155765616539405,3.1330369,3.1330369,-4.8117065443165075e-08
3.1287526243603097,3.116961,3.116961,2.3498536450006213e-09
2.9053698334736,2.8673472,2.8673475,-2.595520021131392e-07
2.877770849223958,2.8522642,2.8522644,-2.3412170424563783e-07
2.766633525201108,2.7204237,2.7204237,-1.5747070314375833e-09
2.604223740176266,2.5800498,2.58005,-2.4681091304046276e-07
2.6325361126249933,2.5839605,2.583961,-4.668579101085868e-07
2.502255288122613,2.4524837,2.4524837,-4.597778335835301e-08
2.348991465808201,2.2717872,2.2717872,-3.340454091116385e-08
2.311334916347424,2.2647758,2.2647758,-4.697875954917663e-08
2.0210176215421187,1.8648664,1.8648664,-2.407684318583847e-08
1.9855191256887657,1.8598453,1.8598452,8.064727774481639e-08
1.65134731551131,1.50538,1.5053803,-2.6555328358490726e-07
1.6166449937911196,1.5018849,1.5018849,3.7286376874945404e-08
1.2328517638763126,1.1127476,1.1127474,1.500106812102331e-07
1.1796143431408497,1.0746261,1.0746261,-1.1857604897969054e-08
0.9230677161531788,0.8755084,0.8755083,1.2761993406495975e-07
-0.4589052090337133,-0.54296744,-0.54296744,1.3021850264749446e-09
0.0725314304293124,0.14766626,0.14766628,-1.939990998400809e-08
0.7980759932317364,0.78776824,0.78776824,4.743347159497091e-09
0.6251518527478835,1.1967831,1.196783,6.579589850730372e-08
1.5330611549154356,1.47471,1.47471,-1.2359619105950514e-08
1.0538931970633747,1.8212011,1.821201,8.604431145364799e-08
1.9949597245700408,2.1223004,2.1223004,-1.3571166856962691e-08
1.4328987033701948,2.281817,2.2818167,2.5938110370660183e-07
2.3444921416865374,2.431427,2.431427,1.9531252171134383e-09
1.7617078546497444,2.5626476,2.5626473,2.8110046379481446e-07
2.6447492378129613,2.6959198,2.6959198,-4.787902829761492e-08
2.041011426429922,2.776066,2.7760663,-2.351654053711627e-07
2.908395230960779,2.8555658,2.8555658,-1.3638305595975453e-08
2.2765658814432133,2.94218,2.94218,-8.171081544716685e-08
3.1377327062229865,3.0472848,3.0472846,2.41537475798026e-07
2.4766605260243955,3.1610587,3.1610587,-3.567810047400144e-08
3.34128122844366,3.2645605,3.2645605,-3.895568845280195e-08
2.6461307888687577,3.3638062,3.3638062,4.771118167212762e-08
3.520652607187896,3.45483,3.4548304,-4.687408448056374e-07
-0.5673959752543851,-0.5607891,-0.5607891,-8.276367147175279e-09
-0.5242486440981314,-0.5072025,-0.50720227,-2.3606536869724692e-07
-0.4828862550767492,-0.45242998,-0.45243004,5.996040342015618e-08
-0.4185503476568198,-0.3680487,-0.3680487,2.2899627749595197e-09
-0.3396773675701613,-0.2652572,-0.26525718,-2.9539413470835996e-08
-0.247180129142451,-0.14769676,-0.1476968,3.672294615619798e-08
-0.1863295781914934,-0.08058423,-0.08058423,1.961212164891535e-09
-0.1531511794941747,-0.03819914,-0.038199157,1.5378410336830406e-08
-0.1009259185899605,0.03576182,0.035761848,-2.97102432239571e-08
-0.0202027073175194,0.1290206,0.1290206,1.5110015738617477e-09
0.0411419433311752,0.20320913,0.20320913,1.9561004760415557e-09
0.0834216081390723,0.25599024,0.25599024,-3.002395609907893e-09
0.1097508639591192,0.27621052,0.27621052,-3.308792129175231e-09
0.1638180852293949,0.31782734,0.31782737,-2.605926513465917e-08
0.2468600779315258,0.37030926,0.37030923,3.346778870705336e-08
0.2783890255401882,0.39002904,0.39002907,-2.7040786720888832e-08
0.3513608491149636,0.41041672,0.41041672,2.2976684443953843e-09
0.3960879462955674,0.416607,0.416607,-7.516860967005101e-09
0.4047982191204607,0.42285615,0.42285615,2.057647718878286e-09
0.4408322519454557,0.45388007,0.45388007,1.6400146241046798e-09
0.4749911707567746,0.483683,0.48368296,3.007415771971722e-08
0.4873522675803485,0.49683627,0.49683627,4.862289404439224e-09
0.491030996437811,0.50389946,0.50389946,-4.9295043602626265e-09
0.5001690435774618,0.5161621,0.51616216,-6.25459289915753e-08
0.9744540113550804,0.93982327,0.93982327,-1.5594481261871351e-10
1.3495451230038102,1.3370322,1.3370322,-1.0940550687621453e-09
0.6449540845476323,0.63467586,0.63467586,4.04968281131346e-10
0.971460650734188,0.95680094,0.9568008,1.3765258788378532e-07
0.3633479276744604,0.36803758,0.36803758,1.4437866457939208e-09
0.646565894112728,0.65400517,0.6540053,-1.301315307733475e-07
0.1142082206125046,0.08303263,0.08303263,3.839683571094099e-10
0.3628874106558616,0.31182557,0.31182557,3.4443664587158196e-09
-0.1107543429730136,-0.13899666,-0.13899666,-7.093811094094349e-10
0.1162805471961993,0.09008984,0.09008984,2.677116389682155e-09
-0.3152238992308849,-0.317009,-0.317009,-1.970291152453285e-09
-0.1066096898056243,-0.13973582,-0.13973582,2.090759287920463e-09
-0.4989701896518098,-0.48224768,-0.48224768,-4.2564390900778903e-10
-0.3083161439519027,-0.32465008,-0.32465008,9.880828932828933e-10
-0.674427173737956,-0.6406436,-0.6406436,3.3508300578688477e-09
-0.4892993322612347,-0.51565003,-0.51565003,-3.9508056826065285e-09
-0.7780435029226881,-0.8010112,-0.8010111,-1.0471954348112433e-07
-0.632289866536165,-0.692749,-0.69274926,2.3656250003334378e-07
-0.9030738734722648,-0.9577286,-0.9577286,-2.434387202931987e-08
-0.7326825765907053,-0.8343674,-0.8343674,5.552673321140844e-09
1.7262480442176362,1.7343856,1.7343855,1.0962677010617483e-07
1.116062994574214,1.0859164,1.0859164,-4.425038113708979e-11
0.8367594227940363,0.82891977,0.82891977,-1.6665648860936244e-09
1.3212233263599835,1.3868196,1.3868195,1.0105895986711744e-07
0.7895564283876583,0.823213,0.8232131,-1.187759399723376e-07
0.5360418096490139,0.6004268,0.60042673,6.309844968743761e-08
0.9680067730946968,1.0246515,1.0246515,2.740478510787625e-08
0.4807797674171568,0.5663963,0.56639636,-6.397567753335665e-08
0.2723958165011956,0.36000293,0.36000293,4.932708741467451e-09
0.6520920983359139,0.70092607,0.70092607,-4.555053667587572e-09
0.2086142094252605,0.30203837,0.30203837,1.5629577632125802e-09
0.0274007626066291,0.054469377,0.054469377,-1.9755554137024234e-10
0.3594335330163705,0.40923414,0.40923414,-3.656997704659659e-09
-0.0283217966438267,0.042755768,0.042755768,-2.969436641020451e-10
-0.2019367126555778,-0.16277471,-0.16277474,2.8152694703242886e-08
0.1022347781289356,0.11721174,0.11721175,-1.3261318210222584e-08
-0.2505212581177521,-0.19936317,-0.19936323,5.794570923089992e-08
-0.4146955752482277,-0.36573187,-0.3657318,-6.516761780206437e-08
-0.1298657992448642,-0.14221051,-0.14221057,5.6646652230041283e-08
-0.4609775356174079,-0.41319826,-0.41319832,5.754692078419055e-08
-0.6067311720039311,-0.55242646,-0.55242634,-1.1740509031632484e-07
-0.3569006894140771,-0.38202795,-0.382028,4.613685605781015e-08
-0.6564670100126025,-0.6013957,-0.6013957,-2.6203918479517085e-08
-0.7856420337295684,-0.74973226,-0.74973226,4.064331093900364e-09
-0.5597584361068526,-0.5973747,-0.59737456,-1.1765808105579367e-07
-0.8282398579499584,-0.77113605,-0.7711359,-1.4545593263193268e-07
-0.9514281604251398,-0.94641995,-0.94641984,-1.1429992674560907e-07
0.0605579879457434,-0.040744066,-0.04074408,1.3761596681649557e-08
0.3562099138861789,0.34662345,0.34662348,-2.948234556487961e-08
0.7729778157181012,0.28536505,0.28536505,-4.929351815619043e-09
0.3265065661865557,0.3162465,0.3162465,9.55200196717243e-09
0.6672891599496745,0.28620028,0.28620028,4.957885768597237e-09
0.0826628048384862,0.04755184,0.04755187,-2.945625305478261e-08
0.3644992202209574,0.016735971,0.016736,-2.902603149501637e-08
0.1142082206125046,-0.1727302,-0.1727302,-7.443237304283201e-09
-0.1623322490560802,-0.18261015,-0.18261015,-4.151916505046316e-09
0.0414465316738928,-0.23105249,-0.23105249,1.911392211173535e-09
-0.1517403576283076,-0.36604038,-0.36604038,1.1910247788016193e-09
-0.3829199009649098,-0.3692961,-0.36929604,-6.371589661435806e-08
-0.2235810125297218,-0.4107866,-0.41078666,6.107917788211736e-08
-0.37509111164873,-0.48423812,-0.48423812,2.0667266786844607e-09
-0.5625215382184454,-0.50093853,-0.50093853,-4.736633307800275e-09
-0.4437081474199527,-0.5014905,-0.5014905,2.625274653222931e-08
-0.5503178372255769,-0.5600815,-0.5600816,1.1806640620726228e-07
-0.7098869841700644,-0.6213467,-0.62134683,1.178875732588125e-07
-0.6055798794574341,-0.5957489,-0.5957489,-1.367187474343723e-09
-0.8282398579499584,-0.7568879,-0.7568879,-1.2750244193782123e-08
-0.6995253512515912,-0.73180115,-0.73180103,-1.222293091185378e-07
-0.9198827446511214,-0.89028716,-0.89028716,-8.734131196064254e-10
-0.7937010815550476,-0.82658887,-0.82658887,9.051513982782922e-10
0.6380463292686501,-0.1462569,-0.14625686,-3.387321473313776e-08
1.1443847912180407,1.1412792,1.1412793,-7.941894542007333e-08
0.969158065641194,0.44202185,0.44202185,-3.2287597595548334e-09
1.549179250566394,0.70499396,0.70499384,1.2324157716570028e-07
1.8696990955111648,1.8307608,1.8307608,3.66012573582708e-08
1.7009196081947018,1.2454101,1.2454101,-1.5275573694850664e-08
2.0329523786044432,1.3152907,1.3152907,-1.0531616245756936e-08
2.383866346776736,2.4463167,2.4463167,1.905517565958803e-08
2.1268978503986,1.8954008,1.8954009,-1.3744201665666367e-07
2.389162292490622,1.8379515,1.8379515,4.09469604889523e-08
2.787048996559993,2.8472626,2.8472626,2.092590323243826e-08
2.532843602293451,2.2134671,2.213467,1.2112426750476857e-07
2.67238025892889,2.1602232,2.1602232,4.562072764002778e-08
3.124147454174321,3.2192988,3.2192988,3.956909200297787e-08
2.859119909970707,2.5327098,2.53271,-1.6304016092760776e-07
2.903790060774792,2.4886699,2.48867,-1.2771606439088146e-07
3.4055233525381943,3.4786081,3.478608,1.314086914838697e-07
3.128982882869609,2.848146,2.848146,-3.8238525235101406e-08
3.095134882002597,2.7729228,2.7729228,-4.571228018335205e-08
3.6293346235772153,3.7085452,3.7085452,7.977294824712544e-09
3.3371365752762707,3.1354933,3.1354933,-2.149658184791292e-08
3.257927648077276,3.050754,3.050754,7.028198245606632e-08
3.826205649028206,3.8844366,3.8844366,7.360839937575747e-09
3.505225287064836,3.358915,3.358915,9.056091299086688e-08
3.39930637278711,3.274804,3.2748039,2.1529540994436047e-07
3.992452292742376,4.0487156,4.0487156,-8.569336351627044e-09
3.6178216981122446,3.5271573,3.5271573,6.671142749326009e-09
3.522494675262291,3.4500334,3.4500332,2.2628479001696178e-07
1.3480731482996928,1.3284885,1.3284885,-3.087615962904522e-08
1.1489899614040289,1.1189113,1.1189113,-3.367309564517029e-08
1.4906543764441336,1.4756597,1.4756598,-7.194976814339782e-08
1.3279008231296665,1.3218555,1.3218555,4.5043945240408334e-08
1.6331544390514163,1.660974,1.6609741,-7.427368164947268e-08
1.5121076305691898,1.5505774,1.5505774,2.1148680584559543e-09
1.851599469584072,1.941402,1.941402,-4.1534423900202455e-08
1.7122022751503727,1.773818,1.773818,1.6052246198938747e-08
2.052840859882657,2.210503,2.210503,1.013488768464299e-07
1.929105790910412,1.9438634,1.9438635,-1.0812377926328054e-07
2.3702437414678603,2.5263388,2.5263386,2.1568908703528678e-07
2.152917061949433,2.1633945,2.1633947,-2.4885864258195056e-07
2.5572273113676265,2.7129002,2.7129002,-3.8256835921401944e-08
2.375577040441957,2.3769042,2.3769042,4.919128437919085e-08
2.767576180416237,2.8950322,2.8950324,-2.3256530745641157e-07
2.5904082296183017,2.6213632,2.6213632,-3.70056150167386e-08
3.0086484988205373,3.1275797,3.1275802,-5.109741212372398e-07
2.793726493329676,2.8316896,2.8316894,1.9617614732680977e-07
3.1896529661912973,3.3020508,3.3020506,2.2893371598442513e-07
1.0612565021243408,0.9501692,0.9501691,1.0566558839020246e-07
1.27032218486747,1.1133394,1.1133394,2.413330069117592e-08
1.2143833780450597,1.1146995,1.1146995,-1.708221430973822e-08
1.5192456443574716,1.4385993,1.4385992,1.4806823722679496e-07
1.5511730043021246,1.4722037,1.4722036,1.3153686517775043e-07
1.830819913128649,1.7103201,1.7103201,1.508941660510743e-08
1.7826613789959904,1.7139661,1.7139661,3.121032721153938e-08
2.024893330778964,1.9614037,1.9614037,2.753143313327655e-08
2.0561729147404817,1.9886506,1.9886506,-3.962097161469558e-08
2.179513095404052,2.1035044,2.1035047,-2.806732175564264e-07
2.262059595357351,2.218489,2.218489,-6.834411614420333e-08
2.30028244393137,2.2294416,2.2294414,2.427612306732385e-07
2.403877344475918,2.325901,2.3259008,2.314941407455251e-07
2.5052810090391504,2.4600756,2.4600756,1.6836547711562844e-08
2.4973837918613424,2.453966,2.453966,-9.767150865869212e-08
2.729254110725843,2.696984,2.696984,5.2658081006740076e-08
2.7187263410994444,2.721368,2.721368,7.441711424860387e-08
2.96954229046375,2.9445653,2.9445653,-3.826904126924546e-09
2.95490744983926,2.9455893,2.9455893,3.970336948100339e-09
3.18449139800637,3.1765559,3.176556,-1.2803649918069482e-07
3.172271482617897,3.1803741,3.1803744,-2.5449218732376266e-07
3.289110591550652,3.3005953,3.3005953,-1.6491699117437975e-08
1.5151272329628591,1.5160357,1.5160357,-2.3997497544669955e-08
1.2072453642567782,1.2988766,1.2988766,4.318084712018333e-08
1.572773928062509,1.6159743,1.6159744,-9.293975833379875e-08
1.2988882509579414,1.4865115,1.4865115,-3.1112670884070326e-08
1.6253112615903906,1.7676141,1.7676141,2.6205444259019828e-08
1.4345105129352906,1.6789631,1.6789631,-3.485260013924574e-08
1.7387102481382395,2.0002089,2.0002089,-4.5324707098615136e-08
1.6235527490701016,1.8224171,1.8224173,-1.5999298086377678e-07
1.9572739077056285,2.1949193,2.1949196,-2.522369384472256e-07
1.857034877499698,1.9652646,1.9652646,-4.120788577033352e-08
2.2915241456346207,2.4444392,2.444439,1.7274475094808395e-07
2.108477169654648,2.1513646,2.1513646,-3.510437007747669e-08
2.5416019934645457,2.671437,2.6714368,2.250701904848995e-07
2.358307652244502,2.3644128,2.364413,-2.1542358386028582e-07
2.7750856024383683,2.8746853,2.8746853,-1.2524413950387725e-08
2.590638488127601,2.611547,2.611547,-6.74438460634974e-09
3.0267463270831603,3.121638,3.121638,5.961608895432846e-08
2.79994347308076,2.830496,2.830496,7.276916491605334e-08
3.200711854240529,3.2983258,3.2983255,2.770538332086403e-07
1.0741559458817225,1.3615835,1.3615835,-2.8701782284201727e-08
0.6629142482729858,0.8306136,0.8306136,1.3128662157413373e-08
1.7983189576283498,1.9088993,1.9088995,-1.927490234088225e-07
1.3329665103342532,1.493895,1.493895,5.386352541769668e-08
1.585099578017101,1.7938445,1.7938445,-3.855896002491477e-08
2.283243378212896,2.2915573,2.291557,3.120117186838911e-07
1.768615609928727,1.904392,1.904392,4.013061438712384e-09
1.7856547396168825,2.0081048,2.0081046,2.0117797872032384e-07
2.6072171007971585,2.5817575,2.5817578,-2.5452880869636374e-07
2.050682283820497,2.1037366,2.1037369,-2.6097717276130084e-07
1.986209901216664,2.23411,2.2341099,2.1695861818216144e-07
2.8314888888547785,2.7643826,2.7643828,-1.9921569816006013e-07
2.256993908152764,2.346462,2.346462,1.1337280447776266e-08
2.186765062816445,2.4142115,2.4142118,-2.8838806143127727e-07
2.9917488113271635,2.958331,2.958331,1.0809326189686885e-07
2.4013659934834903,2.448979,2.4489791,-1.9909057602518487e-07
2.387320224416227,2.4964445,2.4964447,-2.3627014167360016e-07
3.1020426372815786,3.1240475,3.1240478,-2.8222351078355246e-07
2.510969043910007,2.5381944,2.5381942,2.179534912549741e-07
2.587875386016008,2.5939195,2.5939193,2.1560974117207365e-07
3.191152680380448,3.2186148,3.2186148,1.6665649305025454e-08
2.593401590239194,2.6253366,2.6253366,4.703369160807824e-08
3.248947566214599,3.3142638,3.314264,-1.7935180673944728e-07
2.651426734582644,2.65445,2.65445,-6.027221699511642e-08
1.2895080924321989,1.2094331,1.2094331,-2.1234130898051262e-08
1.1899752946820823,1.0446944,1.0446943,1.2367553714476287e-07
1.0299463120962369,0.8769933,0.8769933,-1.4694213623656083e-09
1.067465559671273,0.8390415,0.83904135,1.214813232230938e-07
0.9692626166402608,0.6577208,0.6577208,4.214477544728368e-09
0.8187992590686828,0.5954138,0.5954138,4.054260260843989e-09
0.8462973600536201,0.5286344,0.5286344,2.897796635981109e-08
0.7476353658440151,0.4317165,0.4317165,1.7127990692422657e-09
0.6074219475318292,0.35755336,0.35755336,2.8463745249673877e-09
0.6248683398066509,0.32028788,0.32028788,3.281707738889139e-09
0.5265021031509983,0.22169006,0.22169006,-1.2918090763758272e-09
0.3962748945042753,0.13297169,0.13297167,1.9105033888244805e-08
0.4034631054374913,0.104500666,0.10450068,-1.373928069925423e-08
0.305276380852732,-0.0021113455,-0.0021113157,-2.982955627428216e-08
0.1848975829674218,-0.1215902,-0.1215902,2.91366576699037e-09
0.1823215567939546,-0.12141061,-0.12141064,3.1708374023664554e-08
0.0843411484337509,-0.2168341,-0.21683416,6.189933776656886e-08
-0.0264797285694315,-0.34658465,-0.34658465,2.1060943544704003e-09
-0.0377018671840115,-0.31220505,-0.312205,-4.641532896920708e-08
-0.1369658550731574,-0.37101087,-0.3710108,-6.974143984539438e-08
-0.2376267815969855,-0.51725197,-0.51725197,1.6162109428563554e-09
-0.2587707289573608,-0.45225397,-0.45225397,2.4764251760345246e-09
-0.3581045367483269,-0.5135615,-0.5135615,1.2802124027544437e-08
-0.4492343516431383,-0.6720402,-0.6720401,-1.2407531735370014e-07
-0.4812668215244463,-0.58896995,-0.58896995,4.092407190903202e-09
-0.579818495252942,-0.64739907,-0.64739907,2.121276820865603e-09
-0.660151146161393,-0.8064375,-0.8064375,7.629394560559888e-09
-0.7031975164134467,-0.7258779,-0.725878,1.1894989015992508e-07
-0.7550225842780328,-0.73025465,-0.73025453,-1.201159668395846e-07
-0.7360546815712219,-0.7112392,-0.71123934,1.2128814697032198e-07
-0.7133498878774648,-0.69124055,-0.69124055,9.124755395717443e-10
-0.6931471805599453,-0.67432463,-0.6743245,-1.3169097901055693e-07
-0.6674794338113675,-0.65259266,-0.65259266,1.003418015343982e-09
-0.8105099527339041,-0.8679075,-0.8679074,-1.2410888672320652e-07
-0.6640655408194828,-0.7008965,-0.7008966,9.845886228543321e-08
-0.5108256237659907,-0.5428244,-0.5428244,1.2449645980794344e-08
-0.528673537351433,-0.53805363,-0.53805363,-1.7825317888409131e-09
-0.3581045367483269,-0.4145939,-0.4145939,-5.210494979923652e-09
-0.3833804179835086,-0.38344237,-0.38344243,5.7916336060337414e-08
-0.1851254841266889,-0.25051764,-0.2505176,-3.653755187293939e-08
-0.002002002670673,-0.056965858,-0.056965858,2.5578308221474444e-10
-0.2364754890504885,-0.22323003,-0.22323003,-4.1129303018916374e-09
0.1914464645709552,0.14063467,0.14063466,1.0853614812456058e-08
-0.0881890090616719,-0.06264806,-0.06264806,2.062377935097004e-09
0.0679262602433243,0.07566412,0.07566412,-2.0676803602626137e-09
0.3873011374804933,0.3407304,0.3407304,-1.106643665593765e-09
0.22427178805762,0.26896632,0.26896632,-2.8231811333156998e-09
0.5799784824543073,0.55456436,0.5545643,5.680389403295294e-08
0.383610676492808,0.429312,0.429312,-9.262084987859964e-09
0.7691818668359429,0.72364414,0.72364414,-2.6174926670563536e-09
-0.5656338602609858,-0.5687169,-0.5687169,1.6340637176703865e-08
-0.5327304591540407,-0.55311525,-0.55311525,1.319885201134241e-09
-0.444725822061467,-0.53712225,-0.53712225,3.9672853890948545e-10
-0.4200712604975265,-0.5240401,-0.5240401,-2.9586791905344967e-09
-0.3754209867597876,-0.50344956,-0.50344956,7.882690056248975e-10
-0.3989861420104552,-0.483547,-0.483547,-2.0771026565391537e-09
-0.3696154552144672,-0.45899794,-0.45899794,4.94331359179867e-09
-0.3453111852884173,-0.44083515,-0.4408351,-4.809608461497916e-08
-0.2810375297331123,-0.42242208,-0.42242208,-1.2320709452673384e-09
-0.2757535015865071,-0.40964743,-0.40964743,-4.9498748988519026e-09
-0.0987159729391577,-0.4067643,-0.4067643,1.3225555650642207e-09
0.1248689820458692,-0.31265047,-0.3126504,-7.192573547865067e-08
0.3590720685384538,-0.12201032,-0.12201026,-6.042503357395201e-08
0.6611403844248589,0.13988246,0.13988246,2.365493911860028e-10
0.8527117502312838,0.3926526,0.3926526,1.0036468323093573e-09
1.1951338556587316,0.9620638,0.9620639,-1.1063232419061819e-07
1.5579340695669848,1.4063596,1.4063597,-1.4666290293341433e-07
1.874874375938561,1.8239093,1.8239092,8.268432627467348e-08
2.2560174571777107,2.2709305,2.2709305,2.8640747107289144e-08
2.285438934159075,2.3028502,2.3028505,-2.5357055655206295e-07
2.3355361931337315,2.3481965,2.3481963,2.0650024401547284e-07
2.366967351923314,2.380957,2.3809571,-2.1180114728736044e-07
2.395528838636784,2.4036305,2.4036305,-4.928588648311916e-09
2.432647977292214,2.4417758,2.441776,-2.0120239252463534e-07
2.477882034851036,2.479884,2.479884,-9.077453633210553e-08
2.5138989485546768,2.5179162,2.5179162,2.5451658558495183e-09
2.567407871299744,2.5607257,2.5607257,-1.1065673710675128e-08
1.115764347485675,1.1396356,1.1396357,-1.3710327140259437e-07
0.6677496769682733,0.66788197,0.66788197,-4.36279301574416e-09
0.9232266228752676,0.9738469,0.9738468,1.1238403319069334e-07
0.6969399787986416,0.626437,0.626437,8.380889870984731e-09
0.41377454121103,0.30411714,0.30411714,3.1541442790938845e-09
0.437222139721356,0.28411722,0.28411722,1.8322753869703945e-09
0.1959499914137933,-0.005017936,-0.005017966,2.9770294189025714e-08
0.2531682644199051,0.11261759,0.112617575,1.4533329012467178e-08
-0.0041446531673892,-0.2031281,-0.2031281,5.584716855633332e-10
0.0616593803867277,-0.09905526,-0.09905523,-3.0419845586937555e-08
-0.1966407669416915,-0.34970048,-0.34970048,-6.995392043407378e-10
-0.1211512015641503,-0.25576004,-0.25575998,-6.385948181364398e-08
-0.3757818871766283,-0.45240906,-0.45240906,1.1907195784921498e-09
-0.2834244821991397,-0.40594813,-0.40594813,-2.276535016054737e-09
-0.5477849936232835,-0.5713843,-0.57138443,1.192776489800096e-07
-0.4728877844255986,-0.55162096,-0.55162096,-2.355956540966986e-10
-0.749030930750963,-0.67541194,-0.6754122,2.6037902833841997e-07
-0.5579172312998412,-0.6292578,-0.6292578,1.805114724362511e-09
-0.6774707011749377,-0.7022542,-0.7022542,2.3860168507638946e-08
-0.8319239940987488,-0.7920085,-0.7920085,-1.9172668452860364e-08
-0.5153357792438766,-0.538499,-0.5384991,1.0231170655128352e-07
-0.663605023800884,-0.69971824,-0.69971824,3.0767822734034667e-09
-0.5240797394444067,-0.5568235,-0.5568235,7.949829128328645e-09
-0.6737363982100579,-0.69900084,-0.69900084,4.581298784778198e-09
-0.5339236750119676,-0.56480086,-0.56480086,1.5023803312530504e-09
-0.5459348008795586,-0.56072676,-0.5607269,1.3818206789917298e-07
-0.6873216502587227,-0.69826937,-0.6982695,1.327819824092913e-07
-0.5572186633357012,-0.560642,-0.5606419,-1.040130614970991e-07
-0.7036700044189804,-0.7017864,-0.7017863,-9.888763430332403e-08
-0.5693378948336589,-0.5584694,-0.5584694,-1.4710998530453878e-08
-0.5855491699619272,-0.55358815,-0.55358815,-1.931762749762811e-09
-0.7232419777094298,-0.715956,-0.715956,2.7328491247757825e-08
-0.6038550730811836,-0.55517685,-0.55517685,-4.133605902012505e-09
-0.7458073116207715,-0.72551787,-0.72551787,1.004333505250088e-09
-0.6249279415828014,-0.57586217,-0.57586217,7.342528807186e-10
-0.6468362776966949,-0.59316707,-0.59316707,3.4259033387940008e-09
-0.7741291082645982,-0.74581265,-0.74581265,-4.495239291912867e-09
-0.6694306539426292,-0.62251914,-0.62251914,4.52484127944075e-09
-0.8077468506223113,-0.7718208,-0.7718208,1.6384887668863257e-08
-0.6933472005626123,-0.6514679,-0.6514679,-1.9349670421497933e-08
-0.7221641296304379,-0.67913663,-0.67913663,-3.872985820940755e-09
-0.8795875055237256,-0.8147458,-0.8147459,1.161941528549093e-07
-0.7499291946589298,-0.715256,-0.715256,2.427673340132941e-08
-0.4453500418070794,-0.6279448,-0.6279448,-2.707977297955466e-08
-0.7554781690113465,-0.75983214,-0.75983226,1.1621643070114374e-07
-0.4541302800894454,-0.6180521,-0.618052,-1.2497711177061888e-07
-0.7232419777094298,-0.74662983,-0.7466297,-1.3417510991153847e-07
-0.464419250951835,-0.6054002,-0.6054001,-1.0465850830421175e-07
-0.4730482594319607,-0.5906124,-0.5906124,-1.1499023400141084e-08
-0.7296892159698132,-0.7425072,-0.7425071,-1.1931457521985323e-07
-0.4819142802715705,-0.5833254,-0.5833254,1.3952636712666333e-08
-0.4921674419474574,-0.58226407,-0.58226395,-1.1574249270118742e-07
-0.7384390393231904,-0.74551725,-0.74551713,-1.2387573244954098e-07
-0.5063357184931386,-0.58027756,-0.58027756,-2.1414184869783526e-09
-0.7545571349741488,-0.75180435,-0.75180423,-1.2180664066274716e-07
-0.5218865711254156,-0.5695715,-0.5695715,4.943847664584666e-09
-0.7738988497552989,-0.75634336,-0.75634336,-4.71557615178142e-09
-0.538882221548516,-0.58574045,-0.58574057,1.22955627457344e-07
-0.5558229896967265,-0.61005473,-0.61005473,-1.3690185651782372e-09
-0.7964641836666404,-0.7624999,-0.7624999,-2.8474426261304586e-08
-0.5751863829263806,-0.6362064,-0.6362065,1.11526489265934e-07
-0.8245557218011678,-0.7822392,-0.7822392,1.315307640581409e-09
-0.5951134402885799,-0.6619109,-0.661911,1.0846710207790267e-07
-0.618596449295649,-0.6934823,-0.6934824,1.2022247319887214e-07
-0.8908701724793964,-0.82346237,-0.82346237,2.9421997060907756e-09
-0.6426441983868385,-0.7245165,-0.72451675,2.3903656010126895e-07
-0.5030228117029698,-0.53708255,-0.53708255,-2.90985102679997e-09
-0.662453731254387,-0.7037275,-0.7037275,1.6250610301860036e-08
-0.5733436881555174,-0.5809159,-0.5809159,-2.788696285005443e-08
-0.518521830400461,-0.51109886,-0.51109886,-1.6943358938092956e-09
-0.6746574322472554,-0.7139344,-0.71393454,1.1846069336574061e-07
-0.5860079061669847,-0.5670184,-0.5670185,1.1029815671914633e-07
-0.5284805590047114,-0.48613176,-0.48613182,6.250221251669075e-08
-0.5404260935422814,-0.48124817,-0.4812481,-7.01374053835302e-08
-0.689854493861016,-0.7331954,-0.7331954,-2.407989496688856e-08
-0.5975208316319549,-0.5658195,-0.5658195,-1.876831023928105e-09
-0.5537331247772672,-0.48608682,-0.48608676,-5.559562682444508e-08
-0.7096567256607649,-0.7517543,-0.7517543,1.609497068955079e-08
-0.6094942741155239,-0.56438446,-0.56438446,-4.4921877329073823e-10
-0.5712835928031048,-0.49217936,-0.49217942,5.603401181941692e-08
-0.5873467616737338,-0.49782535,-0.49782535,-4.337692260936166e-09
-0.7338338691372024,-0.7702801,-0.77028024,1.1724304194160595e-07
-0.6309083154803686,-0.56711364,-0.56711364,2.0758056384906354e-09
-0.604953169824029,-0.5068102,-0.5068102,1.1706542957234944e-08
-0.7623859242903286,-0.7785752,-0.77857506,-1.2196105958484083e-07
-0.6594603706334947,-0.5709647,-0.5709647,5.976867667456531e-09
-0.6260494370274513,-0.54402506,-0.54402506,-3.5147095234222547e-09
-0.6468362776966949,-0.58257043,-0.58257055,1.1638336183672493e-07
-0.7960036666480417,-0.79374206,-0.79374194,-1.2066131593879703e-07
-0.6923873374633096,-0.6107085,-0.6107085,2.488708494841063e-08
-0.668064400192482,-0.61097693,-0.6109768,-1.344329834118696e-07
-0.8353778717382399,-0.8212211,-0.8212211,-1.32049560175318e-08
-0.6949488025065735,-0.6479684,-0.6479684,-1.1445617675853725e-08
-0.7269261138582203,-0.673221,-0.673221,7.91168208724713e-09
-0.7225759912507574,-0.68634796,-0.6863481,1.3857421876650733e-07
-0.8805085395609232,-0.8588065,-0.8588065,9.101867703975586e-09
-0.7522604450524519,-0.726365,-0.7263651,1.297927856303005e-07
-0.3038114543816645,-0.33785406,-0.33785406,2.4495697137361105e-09
-0.4876875226961389,-0.49898627,-0.49898627,-4.003982534417361e-09
-0.3296157958247266,-0.36468068,-0.36468068,2.3476409705125434e-09
-0.5185421629422592,-0.50692856,-0.50692856,-3.1179809845127693e-09
-0.3569606990485494,-0.37730882,-0.37730882,4.282302845659558e-09
-0.3846335985282313,-0.38687447,-0.38687447,2.8655243178299372e-09
-0.5535414563557687,-0.5319735,-0.53197336,-1.2117828374069717e-07
-0.4146067660254478,-0.38542083,-0.38542083,9.423065105984563e-10
-0.5917643688994698,-0.56151557,-0.56151557,3.131103154530024e-10
-0.439280456602895,-0.38286904,-0.38286904,4.994430535809613e-09
-0.4656929336586509,-0.39233807,-0.39233807,2.7068328689594523e-09
-0.6341319346105602,-0.60261846,-0.6026186,1.4411315918394507e-07
-0.4898798592505281,-0.40948138,-0.40948138,3.590469366265836e-09
-0.5176824112292039,-0.4433851,-0.4433851,5.595779395406453e-09
-0.6815651875262375,-0.654982,-0.654982,2.921295161328885e-08
-0.5566950574244451,-0.49800137,-0.49800137,3.146286009503285e-09
-0.7338338691372024,-0.69876385,-0.6987641,2.5264892578036324e-07
-0.5991105386335623,-0.5572777,-0.5572777,2.0556640611957278e-08
-0.7923195304992512,-0.76182556,-0.76182556,-1.5234374872719059e-09
-0.6437857510222212,-0.6141393,-0.6141393,-1.8466186468835133e-08
-0.6871651088823978,-0.662961,-0.662961,-6.1645507587471116e-09
-0.8579432056495815,-0.835953,-0.8359529,-9.720764160281448e-08
-0.735219956981853,-0.71617377,-0.71617377,1.9564819764283925e-09
-0.4386600129658053,-0.44462588,-0.44462588,-4.294509914348765e-09
-0.632289866536165,-0.72714794,-0.72714794,3.179016161425352e-09
-0.458707669503884,-0.46341404,-0.4634141,5.6811904902698274e-08
-0.6520920983359139,-0.7450994,-0.7450993,-1.2531585691366587e-07
-0.4793269567066197,-0.4750516,-0.47505167,5.83380889707108e-08
-0.4998856837276563,-0.48967573,-0.48967567,-6.046684264404689e-08
-0.6746574322472554,-0.7583287,-0.7583288,1.237762451422597e-07
-0.5208759596194922,-0.5082288,-0.5082288,2.1160888707960623e-08
-0.7002161267794893,-0.7702347,-0.7702347,-4.017639110287519e-09
-0.5411130247044473,-0.52499866,-0.52499866,-4.855957080884821e-09
-0.5615927408196438,-0.53336227,-0.53336227,5.98449734212636e-10
-0.7287681819326155,-0.7722354,-0.77223516,-2.33524169890309e-07
-0.5823216254710607,-0.55077565,-0.55077565,2.836608836709331e-09
-0.7607741147252328,-0.7835729,-0.7835729,-1.2216186506819326e-08
-0.6029409126737963,-0.56788564,-0.5678855,-1.3728332515228203e-07
-0.6314878001732175,-0.5945294,-0.5945294,9.664916977847327e-09
-0.7966944421759399,-0.8027828,-0.8027828,2.602844240140456e-08
-0.6618423307315328,-0.6271781,-0.6271781,2.7070617636404393e-08
-0.8358383887568387,-0.82825744,-0.82825756,1.1847930903030601e-07
-0.6951491832306184,-0.6604744,-0.66047454,1.2040618901920652e-07
-0.7190805625864497,-0.6825088,-0.6825088,-2.62557983132794e-08
-0.8807387980702226,-0.86316895,-0.8631691,1.4515075685839207e-07
-0.7495059142293296,-0.7224957,-0.7224958,1.249130249236785e-07
0.2070023998601647,-0.059115827,-0.059115797,-3.0083587648777055e-08
0.088534396825621,-0.1943183,-0.1943183,5.474853514986222e-09
0.5763370487764098,-0.031173885,-0.031173885,1.3137817223007886e-10
0.5390351702699061,-0.044629186,-0.044629186,-3.918304430916564e-10
0.1159351594322502,0.017981425,0.017981395,2.992771148610518e-08
0.4994307066704085,-0.05499065,-0.05499062,-2.92233276397158e-08
0.3918999828275866,-0.080619514,-0.080619484,-2.9988494867905224e-08
-0.0147365445951618,-0.01254414,-0.012544185,4.478031158383633e-08
0.3120002801006932,-0.10934237,-0.10934237,3.543014520657195e-09
0.1807529298000326,-0.1379272,-0.1379272,-4.370498657424449e-09
-0.1919204675010537,-0.1400038,-0.14000383,2.9607849116874974e-08
-0.0246376604950362,-0.23892647,-0.23892647,-2.7969360161250734e-10
-0.3601243085442688,-0.2697189,-0.26971883,-5.542175290917939e-08
-0.2373965230876861,-0.3612059,-0.3612059,-5.675888037348642e-09
-0.5487060276604812,-0.3921725,-0.3921726,1.1441001890322156e-07
-0.4096298880436407,-0.46585742,-0.46585748,6.360862730980799e-08
-0.6998707390155403,-0.5237187,-0.5237187,-1.4714050311503968e-08
-0.5323576735002233,-0.5703199,-0.5703199,9.024047842309812e-09
-0.7922044012446015,-0.66457117,-0.66457117,3.96148680525954e-09
-0.8692258726052523,-0.7942836,-0.7942835,-1.28463745086016e-07
0.922670338838194,0.91861653,0.91861653,3.279418958612723e-09
0.5869289402041823,0.5222736,0.52227366,-5.989852902565929e-08
0.6971392018294827,0.62245107,0.62245107,-3.0291747998845153e-09
0.3322630289190408,0.1152079,0.1152079,3.0871391276665605e-09
0.4649910874221913,0.2531707,0.2531707,-1.1188507342829723e-09
0.0985506419801451,-0.22382009,-0.22382009,-2.938842780242368e-10
0.1680535849962497,-0.020528018,-0.020528018,-4.745788588500499e-10
-0.1100635674451154,-0.41834685,-0.4183468,-5.206413267178078e-08
-0.083381608939051,-0.2584987,-0.25849873,3.1527023325317316e-08
-0.3083161439519027,-0.51719594,-0.51719594,-1.7700174659296408e-11
-0.353821874956326,-0.55004466,-0.5500448,1.442001342777388e-07
-0.4851546790938454,-0.62311125,-0.62311137,1.2198364263138473e-07
-0.4780358009429998,-0.7111578,-0.7111578,1.2329101073405013e-09
-0.6263031452943806,-0.7939153,-0.7939153,2.824096678732957e-08
-0.5638748448558062,-0.8426279,-0.8426279,1.7042541489153962e-08
-0.7651490264019214,-0.9325937,-0.9325937,-3.2699585261752873e-09
-0.7339691750802004,-0.9279537,-0.9279536,-1.2009277339242175e-07
-0.9083698191861512,-0.9835309,-0.9835309,2.097930906774792e-08
-0.8486320834003402,-0.968963,-0.96896267,-3.5700042722019987e-07
1.208960345836975,1.0653712,1.0653712,-4.426116939626468e-08
0.9988614133408172,0.83717084,0.83717096,-1.2069030763672828e-07
0.9244969684212544,0.7320949,0.7320949,-1.608123778584769e-08
0.6159415123759073,0.37224138,0.37224138,-2.169494639492342e-09
0.6151856390902335,0.37241533,0.37241533,3.986282359758064e-09
0.2148311891763444,-0.028853998,-0.028853998,4.11842344949509e-10
0.3148107398400336,0.09716629,0.09716629,2.369365689758318e-09
0.0526873222790064,-0.08791992,-0.08791995,2.9317092892222618e-08
-0.1600296639630862,-0.21170363,-0.21170363,1.6983795203540097e-09
-0.1958932368240492,-0.2419051,-0.24190503,-6.3193054206101e-08
-0.4872270056775401,-0.37763694,-0.377637,6.071281433150943e-08
-0.4187023348901847,-0.36817423,-0.36817417,-5.509193418129499e-08
-0.5254317761553527,-0.48808613,-0.48808607,-6.419532777579562e-08
-0.694920181065603,-0.5123565,-0.5123565,-1.9699096687197937e-08
-0.6502792803327695,-0.59505737,-0.59505737,1.7214966119283304e-09
-0.8061350410572156,-0.6681552,-0.6681553,1.0667114258566812e-07
-0.7145751279735658,-0.7061721,-0.7061721,-8.650207550253697e-09
-0.8126066205972733,-0.7966404,-0.7966403,-9.611816409460516e-08
-0.86623251198436,-0.8174232,-0.81742346,2.3555084227577794e-07
-0.8337895103624113,-0.85422754,-0.85422754,-2.8771972582219973e-09
-0.964168812118619,-0.91037405,-0.91037405,4.627990768391044e-09
-0.96294108589011,-0.89564645,-0.89564645,-2.903747575722093e-09
-1.1577255531606163,-0.94803166,-0.94803154,-1.2389465331441585e-07
-0.5565348169766609,-0.62536216,-0.62536216,2.1783447268219902e-09
-0.7322220595721066,-0.74379134,-0.74379134,-1.7816161879125048e-09
-0.5850105219553672,-0.6354736,-0.6354735,-1.0897064206538687e-07
-0.6196256485246978,-0.66483676,-0.6648369,1.3566436762868506e-07
-0.7610043732345322,-0.73875725,-0.7387574,1.4730682373897963e-07
-0.6739329616361409,-0.7021378,-0.7021378,-2.787322994635133e-08
-0.6735061397007583,-0.71006835,-0.7100682,-1.450698852156762e-07
-0.8095889186967066,-0.77646494,-0.7764648,-1.391174316855981e-07
-0.7391911190613522,-0.7310457,-0.7310456,-1.2296142581913472e-07
-0.7195578415606394,-0.7344128,-0.73441267,-1.1934478760800005e-07
-0.8535682939728928,-0.81544673,-0.81544673,-4.4284057532095744e-09
-0.7605698568773795,-0.7415168,-0.74151695,1.2146301264781556e-07
-0.7651490264019214,-0.7533194,-0.7533194,1.7332458468466427e-08
-0.896396376702582,-0.82485557,-0.82485557,3.975219708962641e-09
-0.8191640211434322,-0.7743548,-0.7743548,-1.5483093251944524e-08
-0.807056075094413,-0.791365,-0.791365,-2.742767335472962e-08
-0.930474636078894,-0.83350575,-0.83350575,2.975464319376897e-10
-0.841134334470725,-0.8439075,-0.84390736,-1.1547149658674982e-07
-0.9650134124738046,-0.8680558,-0.86805594,1.1953491207972178e-07
-0.8734707346912269,-0.8480545,-0.8480545,-2.8236389115754434e-08
-0.8816477884306154,-0.86206794,-0.86206806,1.2214904787644087e-07
-0.8807387980702226,-0.8948114,-0.8948114,8.169555698600561e-09
-0.9988614133408172,-0.92902076,-0.92902076,-2.4435424794688743e-09
-0.9367485737765512,-0.91621196,-0.91621184,-1.2269989013713456e-07
-0.914586798937235,-0.9336182,-0.9336182,1.2095642043519206e-08
-1.027183209984644,-0.99014926,-0.9901495,2.404327392735439e-07
0.120655458872888,-0.040110037,-0.04011005,1.3269233704871208e-08
0.0764458250874023,-0.15323102,-0.15323105,2.5257873542683384e-08
0.2970334769962319,0.18639386,0.18639384,1.700225829570634e-08
0.3032504567473159,0.24300085,0.24300085,8.144379615160346e-11
0.2512120336456504,0.12032803,0.12032803,1.4803123449258493e-09
0.4292018613340901,0.39984244,0.39984238,6.108200073517978e-08
0.3145331237029867,0.28501606,0.28501606,-1.2451173425631623e-10
0.24361350283877,0.19972397,0.19972397,3.870277404116607e-09
0.422294106055108,0.40844265,0.40844265,-3.734970110969016e-09
0.264106510166417,0.27092814,0.27092814,4.45495607070967e-09
0.1934171478114998,0.16927293,0.16927293,-5.699920535562342e-10
0.3493021586071967,0.35381138,0.35381138,3.247375479631387e-09
0.1931868893022004,0.22818838,0.2281884,-1.9400978101824506e-08
0.0985506419801451,0.061588287,0.061588287,3.5351562649443835e-10
0.2627249591106206,0.26193684,0.26193684,3.3952331501829747e-09
0.114438479121804,0.11999551,0.1199955,1.2068271632026395e-08
0.0075985308068803,0.0038889796,0.0038889796,-4.582366951166872e-11
0.1800621542721344,0.18234716,0.18234716,3.5580062784923427e-09
0.043288599748288,0.052194476,0.052194506,-2.987237548990329e-08
-0.0384531710530005,-0.02823104,-0.02823107,3.035671234177806e-08
0.1066096898056243,0.13878158,0.1387816,-2.2651290898512144e-08
-0.0115129254649702,0.033899292,0.033899292,3.4981537111455907e-10
-0.080820736764091,-0.059814394,-0.059814394,4.796447752863919e-10
0.0483542869528749,0.06519531,0.06519534,-3.286441803418416e-08
-0.0492753209900725,-0.00018814206,-0.00018814206,-1.2335205014542272e-12
-0.1077609823521213,-0.09104481,-0.09104481,-3.3945465049978196e-09
0.0174996467067547,0.025150672,0.025150672,-3.987045277265011e-10
0.5797909264159008,0.419784,0.419784,9.456634531002095e-09
0.5383443947420079,0.3346246,0.3346246,-1.1510467523567769e-08
0.9189617106139236,0.6149865,0.6149864,7.928237910626024e-08
0.90883033620475,1.0837222,1.0837224,-1.6622772225360904e-07
0.7329128351000048,0.85758495,0.8575851,-1.4669189452032327e-07
0.9000805128513726,1.1634618,1.1634617,1.0438995357020531e-07
0.7683726455321132,1.0092564,1.0092564,-3.708496087995172e-08
0.7715962646623048,1.1153524,1.1153524,-7.803344637125065e-09
0.8158058984477905,1.0593659,1.0593657,1.685684203334148e-07
0.7531755839183524,0.948825,0.948825,1.7166137400437265e-09
0.6721245886449619,0.9271039,0.927104,-1.2293243412120347e-07
0.7041305214375793,0.84495366,0.8449538,-1.4380340573882933e-07
0.4830823525101508,0.7248974,0.7248974,-1.5356445337566527e-08
0.6219282336176918,0.68667793,0.68667793,2.7392578205720497e-09
0.3520652607187896,0.5062101,0.50621,8.872985834962321e-08
0.5167000948678638,0.5043253,0.5043253,-2.9347228980292073e-08
0.2466068634596623,0.30275723,0.30275723,3.3812713740033473e-09
0.3870645541322991,0.3308882,0.3308882,1.1727142312789596e-08
0.1632532830932778,0.1882793,0.1882793,9.281158341867268e-10
0.235093937994692,0.19284306,0.19284308,-1.533420562749299e-08
-0.5780343734594406,-0.61815786,-0.61815786,-3.61694341144414e-09
-0.722781460690831,-0.81643844,-0.81643844,3.491821276568885e-09
-0.623621117911335,-0.6518986,-0.65189874,1.1748718264925628e-07
-0.7147224128653519,-0.7385851,-0.7385851,-1.4479064947003906e-08
-0.7453467946021727,-0.8638952,-0.8638953,1.2215881350918778e-07
-0.7543268764648494,-0.7443496,-0.7443497,1.0111541748347719e-07
-0.6674794338113675,-0.64514995,-0.64514995,3.787231417362591e-09
-0.7653792849112208,-0.87325466,-0.87325454,-1.1679168698819353e-07
-0.7011793522572096,-0.6593896,-0.6593895,-1.1505889896401555e-07
-0.7865630677667661,-0.73777807,-0.73777795,-1.1758880613665923e-07
-0.784260482673772,-0.8608285,-0.8608284,-1.1886749262668417e-07
-0.7339691750802004,-0.6719481,-0.6719481,2.470550541922023e-08
-0.8167269324849881,-0.75033176,-0.75033164,-1.1945281985781264e-07
-0.7994575442875328,-0.85509646,-0.8550966,1.406112670743198e-07
-0.7635696448564911,-0.68864405,-0.68864405,-1.551818895606516e-09
-0.8436671780730184,-0.7599282,-0.7599281,-1.264709472703629e-07
-0.8146546059012935,-0.86144316,-0.86144316,-1.9644165183407836e-09
-0.791863153499103,-0.700582,-0.700582,-2.7435302696332542e-08
-0.8706074236610487,-0.7695774,-0.7695775,1.1600494387309368e-07
-0.8245557218011678,-0.87454927,-0.87454915,-1.1967620849873128e-07
-0.8892583629143005,-0.78721523,-0.78721523,-2.8491210501968567e-09
-0.8119307165499123,-0.7169895,-0.71698964,1.2278808592114387e-07
-0.8314634770801499,-0.8935702,-0.8935704,2.15292358385355e-07
-0.8324092478934529,-0.73582065,-0.73582053,-1.210543822960375e-07
-0.8485026067683059,-0.90914655,-0.9091464,-1.4731750486163264e-07
-0.5310283310835102,-0.5725093,-0.5725094,1.1121215814924312e-07
-0.570810844553224,-0.6152222,-0.6152221,-1.1565246582634359e-07
-0.6304477984617698,-0.6967015,-0.69670165,1.233581542470219e-07
-0.7048212969654775,-0.7664249,-0.7664249,5.6671142223407855e-09
-0.5869869847315546,-0.6372317,-0.6372317,-7.57293705522244e-09
-0.6210071995804942,-0.65453684,-0.65453684,-3.2998657140126397e-09
-0.6682101939868722,-0.75232434,-0.75232446,1.1727233883984667e-07
-0.7476493796951666,-0.80615246,-0.8061526,1.3704071044617905e-07
-0.6329932577401982,-0.66585743,-0.6658573,-1.3427276612798522e-07
-0.6758087247937524,-0.66239,-0.66239,6.332397495256714e-09
-0.7039002629282799,-0.7672217,-0.7672217,1.0775756842384965e-08
-0.7835697071458738,-0.821277,-0.821277,-2.236175533631979e-08
-0.6792442753909539,-0.6593764,-0.6593764,1.717224118458205e-08
-0.7114987937351602,-0.6506628,-0.6506628,2.0191955552029128e-08
-0.7402811073975858,-0.7629477,-0.76294756,-1.1856597903481259e-07
-0.818338742050084,-0.81720185,-0.81720173,-1.2279846195450972e-07
-0.715392789507265,-0.646734,-0.6467341,1.0074768064249895e-07
-0.7339691750802004,-0.65466845,-0.65466845,-3.5552982780018283e-10
-0.743274468018478,-0.658718,-0.658718,1.0078430201510002e-08
-0.7702147136065084,-0.7849759,-0.784976,1.1365509033911536e-07
-0.8505749333520005,-0.8452395,-0.8452394,-1.2007293703764077e-07
-0.7507762933965817,-0.6678699,-0.6678699,-2.54989623860169e-08
-0.7729778157181012,-0.6896554,-0.68965554,1.1683563228004346e-07
-0.7932405645364488,-0.82930744,-0.82930744,3.0569458076001865e-09
-0.8765941449028333,-0.8796743,-0.8796743,-1.5452575663488233e-08
-0.780886094867952,-0.70352745,-0.70352745,-5.615233833466959e-10
-0.7980759932317364,-0.72309804,-0.72309804,3.729248021500098e-10
-0.8125822793175987,-0.8628776,-0.8628776,-7.345581032325299e-09
-0.90100154688857,-0.9138955,-0.9138956,1.12214660674681e-07
-0.807436326962073,-0.73987985,-0.7398797,-1.465728759475482e-07
-0.8215623611802756,-0.7662852,-0.7662852,1.8954467773113493e-08
-0.8277793409313595,-0.894506,-0.89450586,-1.1763061524838747e-07
-0.9233366222906124,-0.94456947,-0.9445696,1.315017700287413e-07
-0.8278220838865469,-0.7839755,-0.7839756,1.1801300048297492e-07
-0.8415948514893238,-0.8060895,-0.8060895,-2.0454406723935392e-08
-0.8466605386939108,-0.9248297,-0.9248297,-2.145080568727309e-08
-0.9408362689973672,-0.96049464,-0.9604945,-1.3748931881885085e-07
-0.8416471888783893,-0.83033717,-0.83033717,3.213806110125006e-09
-0.5656338602609858,-0.59836173,-0.59836173,-5.755614873592663e-10
-0.6154809953573084,-0.65231645,-0.65231645,-1.0726928234561228e-09
-0.6143360001356555,-0.6216847,-0.6216847,2.9551696756335843e-08
-0.6619932142357882,-0.68591523,-0.68591523,-1.7047119271751399e-09
-0.657780036722654,-0.64077723,-0.6407771,-1.3026275635930062e-07
-0.7043607799468786,-0.71117103,-0.71117115,1.1900176999368739e-07
-0.6971552019574841,-0.6544372,-0.6544373,1.1566619873004669e-07
-0.7437349850370768,-0.73581874,-0.73581874,-3.7057494850500916e-09
-0.731888008876376,-0.6785972,-0.6785971,-1.118377686015748e-07
-0.7785040199412869,-0.7686087,-0.7686088,1.1069183347700573e-07
-0.7486598904902041,-0.69345534,-0.69345534,1.521911596746861e-09
-0.7635696448564911,-0.7079375,-0.70793736,-1.1901916507905952e-07
-0.8098191772060059,-0.8011731,-0.8011732,1.0906524661180583e-07
-0.789658080940789,-0.73944545,-0.73944557,1.220782470667814e-07
-0.8358383887568387,-0.8358388,-0.8358387,-9.470825190760479e-08
-0.8588642396867792,-0.86399674,-0.86399674,-4.155883748246936e-09
-0.8119307165499123,-0.77281225,-0.77281225,2.7236938260344346e-09
-0.8779756959586297,-0.88959813,-0.889598,-1.311798095704475e-07
-0.8301130356331028,-0.80173385,-0.801734,1.4856719965372633e-07
-0.843970070294529,-0.83996606,-0.8399662,1.4126892089461052e-07
-0.8736007842819411,-0.88957405,-0.88957393,-1.2090332035530338e-07
-0.6534736493917103,-0.59420085,-0.59420085,4.669189479500346e-10
-0.6911491778972723,-0.6589041,-0.6589042,1.2437744145721297e-07
-0.865081219437863,-0.86255443,-0.86255443,-9.616089036157405e-10
-0.9472835072577503,-0.9583466,-0.9583465,-1.0530090333027431e-07
-0.7230117192001304,-0.67037344,-0.67037356,1.202111816756002e-07
-0.7507762933965817,-0.7524406,-0.7524406,2.8215026870448412e-08
-0.913435506390738,-0.90135264,-0.90135276,1.1603332517040599e-07
-1.001394256943111,-0.9871533,-0.9871534,1.0829772945086802e-07
-0.7736685912459995,-0.7336155,-0.73361564,1.2238372804063147e-07
-0.7962879394794586,-0.80498254,-0.8049824,-1.4299163819675442e-07
-0.949816350860044,-0.93065953,-0.93065953,-2.546997057706335e-09
-1.032939672717129,-1.000138,-1.000138,-4.4357299833208685e-08
-0.8130427963361977,-0.78190696,-0.7819071,1.3760528561057583e-07
-0.8324092478934529,-0.8477422,-0.8477421,-9.989776605934253e-08
-0.9696185826597926,-0.96560264,-0.96560264,3.6627196831062747e-09
-1.053432680044776,-1.0053527,-1.0053527,-3.551940919166441e-08
-0.8413645929800244,-0.8395786,-0.8395786,-2.8540039109792303e-08
-0.8509712657535126,-0.8843,-0.8843,6.4849853265158686e-09
-0.9811315081247628,-0.97681546,-0.97681546,-2.112426789047106e-09
-1.0635640544539495,-1.0132265,-1.0132264,-1.0909423830973708e-07
-0.8346870962103417,-0.87308156,-0.87308145,-1.1490325924068401e-07
-0.8651224452997557,-0.9052781,-0.9052782,1.133377075523967e-07
-0.9827433176898588,-0.9952667,-0.9952668,1.2405090332734403e-07
-0.8432066610544197,-0.86453915,-0.86453927,1.2357666012707824e-07
-0.8698843590599994,-0.8968451,-0.8968451,-2.310180713394061e-09
-0.9795196985596673,-1.0062495,-1.0062495,-4.700469968810239e-08
-0.8455092461474137,-0.8522059,-0.85220575,-1.2253570558229399e-07
-0.8746690571833357,-0.8785267,-0.87852657,-1.1762207030585614e-07
-0.9735329773178826,-1.011958,-1.0119579,-1.0304412834116761e-07
-0.843436919563719,-0.84066975,-0.84066975,-1.1672973698750866e-09
-0.8722738464573808,-0.86287963,-0.86287963,-3.903503409397047e-09
-0.8627499649461253,-0.86254966,-0.8625498,1.3740997317768233e-07
-0.9569543646483256,-0.99972737,-0.99972725,-1.18354797407072e-07
-0.7020581948538847,-0.7394471,-0.7394471,-1.6851806616813292e-08
-0.7050515554747769,-0.7191217,-0.7191218,1.0543518069727753e-07
-0.7167947394490466,-0.7740421,-0.7740421,-2.951660160732672e-08
-0.7230117192001304,-0.7482493,-0.7482494,1.0762634272687421e-07
-0.7163342224304476,-0.8007574,-0.8007574,-8.14208989119436e-09
-0.7292286989512143,-0.76470566,-0.7647058,1.4204101561610116e-07
-0.7149526713746512,-0.80588853,-0.8058884,-1.3359222417186345e-07
-0.7329128351000048,-0.7707951,-0.7707951,-6.887817427525533e-09
-0.7117290522444596,-0.8021834,-0.8021834,1.0336303701841132e-08
-0.7278471478954179,-0.7557205,-0.7557204,-9.61776733809927e-08
-0.705742331002675,-0.77371776,-0.7737179,1.389602660717415e-07
-0.718176290504843,-0.7402817,-0.7402817,-1.0879516176842685e-09
-0.6965319906306988,-0.7606175,-0.7606176,1.054168701219993e-07
-0.7055120724933757,-0.72986436,-0.72986436,1.0980224507406433e-09
-0.6829467385820339,-0.75806737,-0.75806737,5.389404478250981e-10
-0.6873216502587227,-0.7386775,-0.7386775,-1.6784668099845135e-09
-0.6645260578380817,-0.76584196,-0.76584184,-1.209069824259501e-07
-0.6702825205705668,-0.7246113,-0.7246113,1.765136714571014e-08
-0.6401186558523448,-0.74815226,-0.74815226,3.988037122759636e-09
0.6615326972171894,0.48399523,0.4839952,2.9005813584337403e-08
0.9825130591805594,0.7587998,0.7587998,-8.663940453956798e-09
0.6012049677807454,0.53134406,0.5313441,-4.387054441945537e-08
1.2357974194099044,1.05919,1.05919,3.4866332931926536e-08
1.2977369584114442,1.0310631,1.0310631,-2.016601552412567e-08
0.986887970857248,0.86693406,0.86693406,1.0504150882439944e-09
1.393294239770697,1.0906069,1.090607,-7.212829600256043e-08
1.3566831367920915,1.0163743,1.0163743,4.9594116147133604e-08
1.0433013056356022,0.883404,0.883404,1.6494751009510367e-08
1.2919804956789591,1.0028412,1.0028412,3.420715333213309e-08
1.2037914866172872,0.9243692,0.9243691,1.1596527094148712e-07
0.9214945542162172,0.71636283,0.71636295,-1.1602325444837192e-07
1.0753072384282194,0.7804812,0.7804812,1.929168702563544e-08
0.9569543646483256,0.7617612,0.7617612,-1.1492919949063207e-08
0.7195578415606394,0.4753085,0.4753085,7.68089292169094e-09
0.8181084835407845,0.59195805,0.59195805,-4.040527357140888e-09
0.7089659501328668,0.5673874,0.5673874,2.057647718878286e-09
0.5040358768563967,0.26570618,0.26570618,1.526184068012526e-09
0.5694292934974275,0.3482985,0.3482985,-9.952545176883376e-09
0.4685760664242883,0.3240407,0.3240407,1.0926055893367703e-08
0.300487354635723,0.11616071,0.11616073,-1.6863803867228633e-08
0.3525257777373884,0.18853444,0.18853444,-1.3899230932867823e-09
0.2551264283037402,0.1687588,0.16875878,1.466533661176328e-08
0.1183528737798939,0.026088864,0.026088834,2.9611221311759417e-08
0.1662466437141701,0.06473328,0.06473328,1.7316055256344498e-09
0.0759853080688035,0.03657891,0.03657885,5.856266021425638e-08
-0.0425978242203898,-0.071252346,-0.071252346,-3.881836518893067e-11
0.0052959457138863,-0.047691584,-0.047691524,-5.963342285253415e-08
-0.9995521888687152,-1.01966,-1.0196599,-9.603271489133647e-08
-1.0964910212837646,-1.1067772,-1.1067772,8.837890641544277e-09
-1.0479064758215904,-1.0900407,-1.0900406,-8.374633786445429e-08
-0.9924141750804336,-1.0018312,-1.0018312,2.6103210482020245e-08
-1.0884319734582857,-1.0828838,-1.0828837,-1.3483886718290705e-07
-0.8869557778213064,-0.8794761,-0.8794762,1.2959594730688195e-07
-1.0214267472521588,-1.0589592,-1.0589594,1.5431823729983307e-07
-0.9792894400503678,-0.98303866,-0.98303854,-1.2386413572595956e-07
-1.0759980139561176,-1.0527745,-1.0527747,1.5146942144994568e-07
-0.8715284576982464,-0.86321163,-0.8632115,-1.3177490232330058e-07
-0.9898813314781404,-1.0281154,-1.0281152,-1.9173126220017878e-07
-0.9585661742134212,-0.9569415,-0.9569417,2.1459503174448002e-07
-1.05573526513777,-1.0206549,-1.020655,8.323669442589221e-08
-0.8471210557125095,-0.8439169,-0.8439169,6.994628876100251e-09
-0.954421521046032,-0.9871168,-0.9871168,-1.3659667952303778e-08
-0.9313956701160916,-0.9236206,-0.9236206,1.8373107923963516e-08
-1.0283345025311408,-0.97849977,-0.97849977,-1.644897551500435e-10
-0.8164966739756887,-0.81224453,-0.8122448,2.6550750731324513e-07
-0.914586798937235,-0.9469552,-0.9469553,9.598999028970212e-08
-0.8984687032862767,-0.88165164,-0.88165176,1.2006164551436882e-07
-0.995407535701326,-0.9388578,-0.9388578,6.192016566153313e-09
-0.7794250539784846,-0.7866421,-0.7866421,2.541503907327325e-08
-0.8736007842819411,-0.9054986,-0.9054986,-2.3847961383438587e-08
-0.8574826886309828,-0.8337462,-0.8337462,5.160522453806493e-09
-0.9564938476297268,-0.8969337,-0.89693356,-1.1481231687593407e-07
-0.7345246446651007,-0.75252867,-0.7525288,1.3255004882584132e-07
-0.834917354719641,-0.85468495,-0.85468495,1.078796385556302e-09
-0.8112007282618023,-0.7870443,-0.7870443,1.3272094756544561e-08
-0.9115934383163428,-0.8430139,-0.84301376,-1.2263702398040977e-07
-0.6829467385820339,-0.7169547,-0.7169547,-8.099365289560012e-09
-0.7925497890085507,-0.7973119,-0.7973119,-2.0462036509627524e-09
-0.7580110126136399,-0.7491939,-0.749194,9.321594240940811e-08
-0.8595550152146774,-0.7879467,-0.7879466,-1.0104980463498947e-07
-0.6279149548594763,-0.6738926,-0.6738926,-1.722564701989171e-08
-0.7446560190742745,-0.7524501,-0.7524502,9.147186275093588e-08
-0.6350529686477578,-0.6203345,-0.6203345,-6.0348510633190244e-09
-0.7593925636694363,-0.79782736,-0.7978275,1.3698577883136664e-07
-0.8719889747168451,-0.90690017,-0.90690017,2.534790044528279e-09
-0.6523223568452132,-0.6368619,-0.6368618,-1.2035675045485306e-07
-0.7734383327366999,-0.78897035,-0.78897023,-1.21219177251497e-07
-0.880969056579522,-0.8899379,-0.88993764,-2.3765502932260318e-07
-0.6647563163473811,-0.63279665,-0.63279665,4.835510214462602e-09
-0.779655312487784,-0.7853304,-0.78533053,1.1522796627971843e-07
-0.8885675873864024,-0.88410175,-0.88410187,1.2153350825716558e-07
-0.6654470918752792,-0.6369517,-0.6369517,1.5048217782975826e-08
-0.7805763465249816,-0.7854303,-0.78543043,1.178433227666531e-07
-0.8860347437841088,-0.8621987,-0.8621987,-1.0441589370913107e-08
-0.662453731254387,-0.64854014,-0.64854,-1.3919830321729165e-07
-0.776892210376191,-0.77424216,-0.77424216,-2.7044677608500933e-09
-0.8784362129772285,-0.8467232,-0.8467233,1.0110931392137701e-07
-0.6525526153545126,-0.6534184,-0.6534183,-1.217453002855251e-07
-0.7635372168368256,-0.75493574,-0.75493574,-1.4245605806095796e-09
-0.8653114779471625,-0.82514966,-0.82514966,4.657897956228396e-09
-0.6380463292686501,-0.6578475,-0.65784764,1.1631072993623093e-07
-0.7467283456579691,-0.7355393,-0.7355392,-1.1713104253185946e-07
-0.8462000216753118,-0.7931173,-0.7931174,1.1522521969897781e-07
-0.6173230634317037,-0.6537409,-0.6537409,1.7126464801897612e-08
-0.7239327532373281,-0.72300434,-0.72300434,-1.125488258146845e-09
-0.8222531367081737,-0.7616304,-0.7616304,-1.5916442830388178e-08
-0.5871591987134818,-0.6387533,-0.6387533,5.055236784734518e-09
-0.5968300561040567,-0.63558626,-0.63558626,-1.7492676196440016e-09
-0.6233097846734882,-0.6650405,-0.6650406,1.0698852537238679e-07
-0.7639977338554244,-0.8074943,-0.8074943,1.7277526853654024e-08
-0.6410396898895423,-0.6687821,-0.6687821,-1.498260493448811e-08
-0.6532433908824108,-0.66823804,-0.66823804,-3.78509523724091e-09
-0.7785040199412869,-0.83371365,-0.83371353,-1.2070343013981244e-07
-0.6537039079010096,-0.6668359,-0.66683614,2.3587860109586245e-07
-0.6631445067822852,-0.66735184,-0.66735184,-1.9265746775687376e-09
-0.7877143603132631,-0.82513535,-0.82513535,-2.2735591187483806e-10
-0.663605023800884,-0.6752919,-0.6752919,4.133605902012505e-09
-0.673275881191459,-0.67648983,-0.6764897,-1.3001708987214755e-07
-0.7923195304992512,-0.8054328,-0.8054328,3.5217284644062374e-09
-0.6665983844217762,-0.67768896,-0.6776887,-2.562606811196133e-07
-0.6783415683960459,-0.6791488,-0.6791487,-9.322051996996095e-08
-0.8008390953433292,-0.7915329,-0.7915329,2.5892639143876295e-08
-0.6684404524961716,-0.6852299,-0.6852299,2.5009154747124285e-09
-0.6797231194518424,-0.68514824,-0.68514824,8.642577764561565e-10
-0.802450904908425,-0.77163994,-0.7716398,-1.4312286378270755e-07
-0.6691312280240698,-0.68293285,-0.68293285,-3.6987304330438064e-09
-0.6808744119983394,-0.6824802,-0.6824802,-1.6026306171035287e-08
-0.8029114219270238,-0.7570989,-0.7570989,-1.3192749004353743e-08
-0.6656773503845788,-0.6755563,-0.6755562,-1.0207061762468328e-07
1.7612473376311455,1.7648478,1.7648475,2.554321290038075e-07
1.0939581776814713,1.2019081,1.2019081,1.1572265590231723e-08
1.4174713832471348,1.4283087,1.4283087,2.5357055566388453e-08
0.9424480785624628,0.91373014,0.91373014,4.500732453394107e-09
1.120437906250903,1.1924937,1.1924937,-2.286071776325116e-08
0.6880124257866209,0.6345306,0.6345306,3.885650690094167e-09
0.8611668247797731,0.97472787,0.974728,-1.3096618656227577e-07
0.4731812366102764,0.44800383,0.44800383,-1.4744567788937957e-09
0.6267636623129793,0.732589,0.732589,6.423950149603286e-09
0.2795338302894771,0.23257016,0.23257014,1.6455039969498486e-08
0.414925833757527,0.47734907,0.47734907,2.694778455936131e-09
0.1045373632219296,0.0049713105,0.0049713105,-3.669738991851634e-12
0.2307190263180034,0.18372719,0.18372717,1.9898490910552624e-08
-0.0575646273248511,-0.17976683,-0.17976683,-3.782196056345555e-09
0.0663144506782285,-0.0049915016,-0.004991472,-2.9569747924534928e-08
-0.1968710254509909,-0.2686973,-0.26869735,5.838737487939838e-08
-0.0736827229758094,-0.106752545,-0.106752515,-2.964149474482536e-08
-0.3096976950076991,-0.34516206,-0.345162,-6.383705136725482e-08
-0.1830555148930266,-0.18677059,-0.1867705,-8.815956115126866e-08
2.2977496642987583,2.4219131,2.421913,1.4697265626750777e-07
1.6364472255908684,1.6223483,1.6223483,8.563232345437655e-09
1.9311781174941065,2.1097755,2.1097755,4.3212890599164666e-08
1.2519155150608627,1.2350891,1.2350891,-3.6355590760095424e-08
1.3320454762970555,1.2948498,1.2948498,-4.662017816237096e-08
1.5984545715564669,1.7493105,1.7493106,-1.0653076176758702e-07
0.9806709911061642,0.93467915,0.93467915,5.813598491499761e-10
1.0504393194238837,1.0102843,1.0102844,-9.538116452212364e-08
1.2933620467347555,1.4582666,1.4582666,1.5867614777675954e-08
0.7287681819326155,0.69711363,0.69711363,3.155822714262513e-09
0.7874841018039638,0.7706293,0.7706293,-1.3233947715463046e-08
1.0083020122220927,1.1696881,1.169688,1.0558319085696155e-07
0.4906808833170312,0.4603763,0.46037632,-2.7532882695968652e-08
0.5413377553629002,0.5769096,0.5769096,1.6883849873750023e-09
0.7395903318696875,0.92133415,0.921334,1.474533081191609e-07
0.2675603878059081,0.26074514,0.26074514,-2.0700836045328685e-09
0.3067043343868069,0.33600995,0.33600998,-3.055427549858436e-08
0.4853849376031448,0.6400665,0.6400665,4.4784546071596765e-09
0.0621697975108392,0.010106713,0.010106713,-4.202728269564471e-10
0.0934849547755582,0.038665354,0.038665384,-2.9748138424823267e-08
0.2530541017200456,0.2575253,0.25752527,2.501914980745923e-08
-0.1264119216053731,-0.18840078,-0.18840078,4.805831899101776e-09
-0.0992414175080433,-0.11749062,-0.11749062,5.789947549184049e-10
0.0428280827296892,-0.021776497,-0.021776497,-3.640441906260783e-10
-0.2924283068102438,-0.32814905,-0.32814905,-4.741668724328463e-10
-0.2595013399804289,-0.28342327,-0.28342333,5.5244522068065294e-08
-0.1307868332820618,-0.1444152,-0.1444152,2.4337767912108177e-10
-0.4296623783526889,-0.46126166,-0.46126166,1.3938905585320072e-10
-1.1113936230328427,-1.0500697,-1.0500698,1.1024932855541181e-07
-1.093027910374209,-1.0328656,-1.0328655,-1.435012817463388e-07
-1.07734015339257,-1.0172017,-1.0172017,3.793640135363319e-08
-1.0618947057329469,-1.0015445,-1.0015446,1.2444457997418112e-07
-1.0384583658483626,-0.9874773,-0.9874772,-1.0255126947633642e-07
-1.0317015833854828,-0.9750037,-0.97500384,1.2067016597061553e-07
-1.0056685430253718,-0.954607,-0.954607,-9.887695329169333e-09
-0.9939820395900268,-0.9393288,-0.9393288,1.028900142863165e-08
-0.9749797282228346,-0.92592466,-0.9259249,2.4122467046083784e-07
-1.0108348558243865,-0.953882,-0.95388186,-1.1898864749060323e-07
-0.9532140859787528,-0.9077512,-0.9077513,9.741668705043338e-08
-0.8741895558555196,-0.8380786,-0.8380786,-1.804962157514467e-08
-0.8266280483848625,-0.8129468,-0.8129467,-9.64172363060456e-08
-0.7650729201315343,-0.74547875,-0.74547863,-1.1927520748855613e-07
-0.660292843688998,-0.6486225,-0.6486225,-1.2817382821772583e-08
-0.6355134856663567,-0.644168,-0.64416814,1.2070526123064695e-07
-0.5750086525429038,-0.55831325,-0.55831325,-5.416870285657183e-10
-0.4744936945186004,-0.4477382,-0.44773832,1.195738983383876e-07
-0.4278203102782937,-0.44463238,-0.44463244,5.8799209612381276e-08
-0.365139236636599,-0.33729228,-0.33729234,5.62265777825921e-08
-0.2611050576013285,-0.22635853,-0.22635853,-2.9055786110454562e-09
-0.2113773115368534,-0.2110593,-0.21105945,1.4790840149880857e-07
-0.142947009319933,-0.10611123,-0.10611126,3.1533966063368446e-08
-0.0481403753279349,-0.018722668,-0.018722668,-2.9013824329182647e-10
0.023946884967138,-0.0015356392,-0.001535669,2.9833168029708146e-08
0.0932170817111336,0.104311205,0.10431122,-1.4553279872875358e-08
0.2263384422107289,0.24492767,0.24492767,4.531936659279978e-09
0.2804548643266748,0.2628748,0.2628748,1.1887741069305235e-08
0.3490358401414488,0.38202232,0.38202232,1.2242126201655879e-09
0.4816851340195734,0.5208647,0.52086467,5.51129150094809e-08
0.5491665446790799,0.52887744,0.5288774,3.711471552314549e-08
0.6080793681698814,0.6793022,0.6793022,1.5576171907838443e-08
0.7736666976187409,0.85567164,0.85567164,4.210815474081642e-09
0.8397527834149286,0.864483,0.864483,-1.152038575646941e-09
0.9142085656698306,0.9855224,0.9855225,-1.105880736984588e-07
0.9578932217286684,1.0181643,1.0181643,-2.2923278830688787e-08
0.9870846471742342,1.0365978,1.0365977,1.4793853764238918e-07
1.021731244332152,1.0590172,1.0590172,-1.8603515616888444e-08
1.0550782866443813,1.0796062,1.0796063,-1.245773315616816e-07
1.0845133642886082,1.0938165,1.0938165,1.8783569366576103e-08
1.1181861316252135,1.1190856,1.1190856,-4.969177247460266e-08
1.145241389262113,1.1393489,1.1393489,-3.544464122207103e-08
1.185737548061781,1.1659636,1.1659635,1.4974975592885187e-07
1.215506040139609,1.1877943,1.1877943,2.773590090932032e-08
1.049518285386686,1.0292962,1.0292962,-4.025573741017752e-08
1.334578319899349,1.3863428,1.3863426,1.639007567444395e-07
0.7821881560900774,0.9089308,0.9089308,-2.1496582069957526e-08
0.9300141190602952,0.8709595,0.8709595,2.033996582273545e-08
1.2420143991609884,1.319985,1.319985,3.208160404000182e-08
0.6143297028108115,0.7896664,0.7896664,1.4260864267257034e-08
0.8501144163334017,0.77970064,0.77970064,-3.136291448768702e-09
1.180305118668748,1.2914846,1.2914846,-5.6549072091627295e-09
0.5127857002097741,0.73818576,0.73818576,3.3590698000907082e-09
0.7964641836666404,0.7292931,0.7292931,7.986450167862813e-09
1.1450755667459391,1.2406006,1.2406007,-1.1406249988965556e-07
0.4980491556146121,0.75912905,0.75912905,-2.6062011437844035e-09
0.7646885093833227,0.76523995,0.76523995,3.994750974456451e-09
1.130799539169376,1.1899695,1.1899695,3.9642334082046204e-08
0.5307458639351276,0.7419015,0.7419014,1.1691436763161533e-07
0.7600833391973346,0.73001504,0.73001504,-5.560302218654556e-10
1.1294179881135795,1.1806892,1.1806893,-8.433990483780462e-08
0.6028167773458412,0.735734,0.735734,-1.409912109284761e-08
0.7642279923647237,0.7457373,0.7457373,1.4224243116700563e-08
1.1545161656272145,1.204893,1.204893,-7.026672355081587e-09
0.6875519087680221,0.79822683,0.7982267,1.3334350590366029e-07
0.7849512582016702,0.8146162,0.8146162,3.3081054562345003e-09
1.1982652823941011,1.2357266,1.2357266,-5.075073250537798e-09
0.776892210376191,0.87326705,0.87326705,4.557800248328192e-09
0.8252464973290661,0.87886846,0.87886846,6.552124398595538e-10
1.2730992979164075,1.2772657,1.2772658,-1.3208465565739402e-07
0.8703771651517493,0.90326166,0.90326166,1.5295410493720851e-09
-0.7112685352258608,-0.8115915,-0.8115915,-6.004333474862733e-09
-0.9383034253950736,-0.9388951,-0.9388952,9.36843872478832e-08
-0.98619719532935,-0.89983916,-0.89983916,-2.826538114675259e-09
-0.8185690005593833,-0.7980193,-0.7980194,1.100296020961622e-07
-0.8491933822962041,-0.7602334,-0.7602334,-2.252197317531568e-09
-0.6751179492658543,-0.6630794,-0.6630794,1.901092527845094e-08
-0.4232151400923056,-0.5033462,-0.5033462,-4.757690463819131e-09
-0.6882426842959203,-0.6177479,-0.6177479,-2.870178206215712e-09
-0.4975886385960132,-0.50583375,-0.50583386,1.1499725338648403e-07
-0.4971281215774145,-0.4541221,-0.4541221,3.69987485093759e-09
-0.2857508100405611,-0.3268349,-0.32683495,6.27338409553424e-08
-0.0789786686896957,-0.101017654,-0.101017624,-2.994210815399079e-08
-0.2767707281778843,-0.27062398,-0.27062398,-1.9526672501157805e-09
-0.0619395390015398,-0.103348404,-0.103348404,-1.690826367806153e-10
-0.0297033476996231,-0.026777238,-0.026777238,3.4626769854217976e-10
0.1973315424695897,0.16381663,0.16381665,-1.9159698494419786e-08
0.2385478156341831,0.25949633,0.25949633,1.2149047878828867e-09
0.4602867600895097,0.42567897,0.42567897,-1.5704345601719183e-09
0.5171606118864627,0.49641153,0.49641153,2.1636200053798404e-09
0.7414323999440828,0.68877745,0.68877745,-3.2531738414220968e-09
0.8084376261502095,0.7858902,0.7858901,1.2159576412429374e-07
-1.2131347483843269,-1.2456301,-1.2456303,1.5492706295638925e-07
-1.2100944098445436,-1.2461094,-1.2461094,3.358306877032646e-08
-1.1641870230177898,-1.2855303,-1.2855303,-2.875061033691395e-08
-1.2032437741330368,-1.227536,-1.227536,3.6941528280820535e-08
-1.1540556486086158,-1.2505819,-1.2505817,-1.6054229745599002e-07
-1.1948006613309274,-1.2081206,-1.2081206,1.551208494987577e-08
-1.1436940156901425,-1.2367139,-1.236714,1.1373901376288131e-07
-1.1853101154015773,-1.1918803,-1.1918803,-4.5344543453396113e-08
-1.1335626412809687,-1.2279763,-1.2279762,-1.2217407219239362e-07
-1.174991061755185,-1.170402,-1.170402,-5.0018310604471594e-08
-1.123431266871795,-1.213383,-1.213383,4.063415537380877e-08
-1.162276680607953,-1.154578,-1.154578,2.9495239362020698e-08
-1.109155239295232,-1.197236,-1.197236,5.811309811143417e-08
-1.1483925186309707,-1.1353215,-1.1353216,1.0208282463786134e-07
-1.0953397287372677,-1.1823559,-1.182356,1.192626952750686e-07
-1.1336287927067208,-1.1268747,-1.1268747,1.471252430995662e-08
-1.0819847351979022,-1.1618268,-1.1618268,-4.898376460005238e-08
-1.1143066822922962,-1.1039068,-1.1039068,4.932098396359663e-08
-1.068169224639938,-1.144497,-1.144497,-3.693389882819531e-08
-1.1040745476796736,-1.0874066,-1.0874068,1.6471557606756448e-07
-1.2395978265309957,-1.2081698,-1.2081697,-1.1792449949865613e-07
-1.2346637390009587,-1.2055855,-1.2055856,1.2026367190998144e-07
-1.2284291471123234,-1.2070554,-1.2070554,-4.948577880803384e-08
-1.2248929716774533,-1.1982015,-1.1982018,2.6286773691097665e-07
-1.222442425870539,-1.1989447,-1.1989447,1.2156677220431789e-08
-1.2131070508265422,-1.1893657,-1.1893657,-4.45907593071837e-08
-1.2132320854985628,-1.1904122,-1.1904122,3.6265563885251595e-08
-1.200406517758863,-1.1835386,-1.1835386,4.3901062118933964e-08
-1.2005678674870954,-1.184758,-1.1847578,-1.4792175284661369e-07
-1.1867529526623488,-1.1783186,-1.1783186,-1.972808827410688e-08
-1.1879036494756283,-1.1792222,-1.1792222,-2.61428831915822e-08
-1.1711662900293451,-1.1739868,-1.1739867,-9.256439215121759e-08
-1.173627621899065,-1.1748692,-1.1748692,2.0274353085270036e-08
-1.153871743566537,-1.1594746,-1.1594747,8.871765144746746e-08
-1.157509526248107,-1.1596323,-1.1596323,-2.5172424367170265e-08
-1.1362644873036924,-1.1274204,-1.1274204,-2.5415038962250946e-08
-1.1390888455041543,-1.1277194,-1.1277195,9.768676756394257e-08
-1.1154270566408682,-1.0995392,-1.0995392,3.9271545348995573e-08
-1.1181353211579086,-1.1008271,-1.1008271,2.107238827875335e-09
-1.104686341635006,-1.0844078,-1.0844079,9.360351560516733e-08
3.710029212836672,3.714338,3.714338,6.419372544641533e-08
2.122860162047357,3.6106043,3.6106043,-1.3806152221462753e-08
3.5943353301637053,3.5945191,3.5945191,3.8336181784615064e-08
3.564760765527521,3.598192,3.5981915,4.7654724122381253e-07
3.383418535645451,3.3550158,3.3550155,2.5469970710290113e-07
3.391517347608849,3.3584588,3.3584585,2.574005129041268e-07
3.1681297491502525,3.0954232,3.095423,2.2158813495209984e-07
3.1559231284576392,3.0893283,3.089328,2.8903198234786487e-07
2.918959214748077,2.8247151,2.824715,1.3748168958827023e-07
2.913230659656067,2.8149152,2.814915,1.8020629877213423e-07
2.776020327541477,2.7008147,2.700815,-2.7603149410637684e-07
2.656262163277931,2.5627456,2.5627453,2.711364746055267e-07
2.672423023459059,2.562009,2.5620089,1.9614562996039808e-07
2.5441970485912986,2.440905,2.440905,9.41467286352804e-08
2.3843268637953345,2.2931185,2.2931182,2.7686767589685246e-07
2.420901319812088,2.2725525,2.2725523,1.9023437491938466e-07
2.0866026112712044,1.943726,1.943726,-5.643463141247196e-08
1.7474318270731817,1.5939443,1.5939444,-8.885803226554856e-08
1.7818774693736044,1.572985,1.572985,5.306243888725248e-08
1.3169442829850977,1.1867996,1.1867996,4.542388909456463e-08
1.340334782631834,1.1779635,1.1779636,-1.0474548339800549e-07
1.097278065654973,1.0814763,1.0814763,3.075714105627014e-08
-0.5691612007789542,-0.5632963,-0.56329644,1.2194580079061268e-07
-0.5041810810473222,-0.5037924,-0.5037924,-5.128478974825157e-09
-0.4354089844812364,-0.42702678,-0.42702678,1.5404510445016228e-09
-0.3467246130855643,-0.32594195,-0.32594195,-8.277895036101768e-11
-0.2718087232954908,-0.2427792,-0.24277925,5.469131469926225e-08
-0.1899505839584458,-0.1401641,-0.14016408,-2.7084274295541277e-08
-0.1176580434682324,-0.05756703,-0.05756706,2.9808578494439075e-08
-0.0512932943875505,0.026904047,0.026904047,-4.645080570186977e-10
0.0148886124937505,0.11639175,0.11639175,-1.8100738546911188e-09
0.0449733656427311,0.16219258,0.16219258,3.0841064424524944e-09
0.1484200051182732,0.28849483,0.28849483,-4.636840800209541e-09
0.2374408560150342,0.3639458,0.3639458,1.1986923231788182e-08
0.311154428636923,0.42028803,0.42028803,-3.6671447545266744e-09
0.3576744442718159,0.44936684,0.44936687,-3.226005551582034e-08
0.3818552424690307,0.4842685,0.4842685,-1.3500213613681922e-08
0.4382549309311553,0.5398941,0.5398941,4.003906206584418e-09
0.4848922417394862,0.57649004,0.57649004,4.593810998265724e-09
0.5306282510621704,0.60833675,0.60833675,-3.307342510971978e-09
0.5382462193419829,0.6355316,0.63553154,6.429000853902522e-08
0.5687171021817683,0.640347,0.640347,3.936767578593958e-09
0.5771750043075246,0.64045537,0.64045537,-4.819030730018881e-09
0.5993858007454709,0.6312341,0.63123417,-6.05982971579877e-08
0.6086780239334953,0.62742466,0.62742466,-2.6551818521625137e-09
0.6312717768418578,0.6210527,0.62105274,-5.7600250236156114e-08
0.9604082422878166,0.7439215,0.74392164,-1.2167419438657845e-07
1.102938259544148,0.83628654,0.83628654,4.799804664834539e-09
1.9643353428332204,1.6090459,1.6090459,-3.6848449624926616e-08
1.4644441191442132,1.4697092,1.4697092,-4.205627446296489e-08
2.245480982687793,1.8742571,1.8742568,2.877075195861778e-07
1.5051998752902076,1.71594,1.7159399,9.862670902194282e-08
2.2551518400783688,1.9614944,1.9614944,4.5800781167670834e-08
1.3702683888407563,1.6650563,1.6650565,-1.5215301507609524e-07
2.086832869780504,1.9334551,1.933455,1.0959625251771854e-07
1.173397363389766,1.4245498,1.4245498,1.8038940341469356e-08
1.879139694392441,1.758937,1.758937,1.2283325467876693e-09
0.9475137657670498,1.02465,1.0246501,-1.2231597890099977e-07
1.6534863552790242,1.5065706,1.5065706,-2.237854013209528e-08
0.7220906851629327,0.6189214,0.6189214,-8.834838416404978e-10
1.4174713832471348,1.3043406,1.3043406,9.674072654064503e-10
0.4932137269193246,0.31838083,0.31838083,2.672119137070439e-09
1.0490577683680873,1.1124693,1.1124692,1.1552886958199338e-07
0.2284164412250093,0.14751993,0.14751995,-1.880283356792134e-08
0.5523901638092716,0.99339485,0.99339485,1.6845702610623903e-09
0.0865771994965761,0.006462842,0.006462842,2.2602844249042242e-10
0.762270795035679,0.7691709,0.769171,-1.1968231206083146e-07
0.6767297588309501,0.5996726,0.5996726,1.552810668936644e-08
0.8671535460215577,0.9812226,0.9812226,2.954711919578301e-08
1.4655954116907102,1.5774397,1.5774397,-3.4205627441608044e-08
1.2857635159278753,1.270603,1.2706031,-1.58486938461877e-07
1.1540556486086158,1.1717281,1.1717281,3.4155273498370775e-08
1.4441813703258657,1.3267881,1.3267882,-1.3218231198486308e-07
1.166719866620083,1.6701416,1.6701417,-1.222793579724879e-07
1.6302302458397844,1.6955727,1.6955727,3.387908931173911e-08
1.9396976823381844,1.9747194,1.9747193,1.0517425530487401e-07
2.857277841896311,2.3916645,2.3916645,5.0048827304749466e-09
2.2346588327507217,2.501157,2.501157,4.536437980817709e-08
1.7133535676968694,2.6011353,2.6011355,-2.460937498227622e-07
2.831949405873377,2.941827,2.9418273,-2.4120788566506235e-07
2.19275178405823,3.0129578,3.0129576,2.1135559080676103e-07
3.242500327954215,3.187296,3.187296,-8.630371084450417e-08
2.6051447742134632,3.237984,3.2379837,2.420318603313376e-07
3.4690747011048293,3.3852887,3.3852885,2.1536254868337323e-07
2.951223313690469,3.42549,3.42549,-9.750366203320482e-08
3.597789207803197,3.5455139,3.545514,-1.3166809065268126e-07
3.231217660998545,3.587628,3.5876281,-2.1227416979741065e-07
3.659959005314036,3.6511385,3.6511385,4.408264153710206e-08
3.445358074646991,3.6576705,3.65767,4.978942871325387e-07
3.691274162578755,3.6640732,3.6640735,-2.711639406349775e-07
3.5943353301637053,3.6760108,3.676011,-1.529083251128327e-07
3.6974911423298384,3.6844711,3.684471,1.30371093920445e-07
3.678149427548689,3.6937954,3.6937957,-2.5741882314633813e-07
0.5807119604530984,0.5492832,0.54928327,-6.353713988271892e-08
1.2254357864914311,1.1835235,1.1835237,-1.6427154547749012e-07
1.542271495287412,1.5591252,1.5591252,-1.4987182606063243e-08
1.6900974582576296,1.6960192,1.6960193,-1.2733154286515003e-07
1.6749003966438691,1.7086765,1.7086765,-4.259490959945822e-08
1.5779615642288196,1.6850153,1.6850152,1.2077789302011865e-07
1.449016799021153,1.5901479,1.5901477,1.52897644101202e-07
1.2705664543141144,1.4178836,1.4178835,1.3456726066785052e-07
1.1301087636414775,1.2796198,1.2796197,1.1296539303984332e-07
0.9415270445252654,1.1318457,1.1318457,1.2661743209463339e-08
0.7957734081387423,0.9664359,0.9664359,9.27124021998793e-09
0.6150204783387097,0.8089701,0.80897,9.372711184951754e-08
0.4913716588449294,0.6367708,0.63677084,-5.514511103310582e-08
0.3456180224584063,0.5101608,0.5101608,3.794860869987815e-09
0.2426924688015724,0.36493212,0.36493212,-1.5365603234229752e-10
0.1077609823521213,0.2273073,0.2273073,4.739952097487787e-09
0.0248679190043356,0.07828249,0.07828252,-2.9627342218452313e-08
-0.0762155665781029,-0.06036073,-0.06036076,3.030563354433635e-08
-0.1494377725353135,-0.17262161,-0.17262161,2.2195434656868684e-09
1.4038886695208417,1.3153635,1.3153634,1.263442992449626e-07
1.3061683166406055,1.1546715,1.1546715,4.979705803265233e-08
1.184789984909162,1.011838,1.011838,-4.071044923392719e-08
1.087888325305134,0.8745611,0.87456095,1.213958740198251e-07
0.9666035457477442,0.7338704,0.7338704,-1.2922668490844558e-08
0.8696183236757244,0.63901323,0.63901323,8.006286744688396e-10
0.7485818874480459,0.5191085,0.5191084,7.425460812893192e-08
0.6512829764612464,0.3944759,0.3944759,7.087326059362908e-09
0.530039842689795,0.23171933,0.23171933,-4.6806336584381825e-11
0.4330802751411378,0.10349546,0.10349546,-3.7216758702607322e-09
0.3118867611485984,-0.031277508,-0.031277537,2.9456436158314947e-08
0.2151113796169455,-0.11983836,-0.11983839,3.3028259280309946e-08
0.0934903430873389,-0.22999349,-0.22999349,-2.3648834279743625e-09
-0.002002002670673,-0.3102353,-0.3102353,8.280563346119152e-09
-0.124430078378177,-0.39278916,-0.39278916,4.755172755555037e-09
-0.2218943319137777,-0.45272306,-0.45272306,3.9220428571518084e-09
-0.342490308946776,-0.5194887,-0.5194886,-9.228363040403309e-08
-0.4400565528777834,-0.5689832,-0.5689831,-9.721221927438961e-08
-0.5603660693261269,-0.6261978,-0.6261978,-1.4941406223378806e-08
1.2971898860370696,1.223264,1.2232639,7.895812981217887e-08
1.2047724844965002,1.0707072,1.0707072,1.957702666643968e-09
1.0451433737099975,0.9011396,0.9011396,1.6966247518013233e-08
1.0895715440159606,0.8965795,0.8965795,4.013061549734687e-09
0.9976863700781492,0.7183639,0.718364,-1.1888885498301249e-07
0.8487328652776053,0.62614876,0.62614876,3.187561326001287e-10
0.8825271017213459,0.5799941,0.57999414,-5.754913334765632e-08
0.7907275088988094,0.48341572,0.48341575,-2.715301511413415e-08
0.6523223568452132,0.39962292,0.39962292,-2.8247070238407446e-09
0.6754922453212246,0.35696843,0.35696846,-2.7335128771621697e-08
0.5838901946229957,0.2482085,0.24820848,1.2994308462577209e-08
0.4559118484128211,0.17091519,0.17091519,-3.5948181098532928e-09
0.4687528473440829,0.122612834,0.122612834,-2.325439840689114e-11
0.3770656335864664,0.014263168,0.014263138,2.997733306898953e-08
0.2599618569990278,-0.055378973,-0.055378944,-2.948403930724819e-08
0.2615947376884624,-0.12027976,-0.12027976,8.313751215238696e-10
0.1697427745870945,-0.22219294,-0.22219294,-3.0961608832313914e-09
0.0633210900573362,-0.30279014,-0.30279008,-5.514518736093876e-08
0.0544881852840697,-0.3346686,-0.3346686,-6.519699113916033e-09
-0.0366639843715914,-0.39635918,-0.39635918,4.55635068563609e-09
-0.1328591598657564,-0.4606047,-0.4606047,2.5341033715875483e-09
-0.1519863569978817,-0.46389207,-0.46389207,-2.4391937358814175e-09
-0.2446225829913339,-0.5162804,-0.5162804,-1.2673950222641395e-08
-0.329499926807448,-0.60899115,-0.60899115,3.912353552237846e-09
-0.3595361762197646,-0.58479416,-0.58479416,-3.70391850523788e-09
-0.4509856234099736,-0.62177145,-0.62177145,-4.8110961881064895e-09
-0.5256801767305407,-0.6993289,-0.6993289,6.164551091814019e-10
-0.5656338602609858,-0.65188575,-0.6518856,-1.4790954594445793e-07
1.8490845358473245,1.8462294,1.8462293,1.3401336662610674e-07
1.54296227081531,1.5321167,1.5321167,-4.8464965818340033e-08
1.7311244306906997,1.7246975,1.7246974,7.06649780912727e-08
1.583504530407596,1.5550469,1.5550469,1.6007995595757052e-08
1.2226726843798383,1.2339556,1.2339556,2.171936031025723e-08
1.466029329138744,1.4111222,1.4111221,1.0287322993463022e-07
1.3180155203665962,1.2524596,1.2524596,4.527130137432778e-08
0.911132921297744,0.9545531,0.954553,1.2728881837453798e-07
1.200567011191103,1.0919017,1.0919015,1.5996551505637058e-07
1.053614922737374,0.89578295,0.8957828,1.4754028321295465e-07
0.6302175399524703,0.69761705,0.69761705,3.985595742328485e-09
0.9345235001352148,0.7518021,0.7518022,-1.1316986081588709e-07
0.7884573603642703,0.6057373,0.60573745,-1.2147064210044078e-07
0.3686438733883467,0.4127335,0.4127335,-4.76455686015953e-09
0.669878553620591,0.48857024,0.48857024,3.1201934924673935e-09
0.521765563804325,0.34521672,0.34521672,1.2963104478735943e-09
0.1289447652076665,0.13791618,0.13791618,-2.4887847893673154e-09
0.4041308850950277,0.22507374,0.22507374,-1.1371611985389052e-10
0.2577381960787088,0.09235415,0.09235413,1.8626327508153295e-08
-0.1015440026010374,-0.088793844,-0.088793814,-2.998460388314861e-08
0.1380212978973746,-0.026112258,-0.026112258,-4.3429565499408795e-10
-0.009040744652149,-0.16046378,-0.16046381,2.983528138433833e-08
-0.3308814778632444,-0.3187509,-0.3187509,1.1890792850355325e-08
-0.1266976530459575,-0.27368703,-0.2736871,6.515464784362379e-08
-0.2744368457017603,-0.38963577,-0.38963577,-1.512985237095421e-09
-0.5176211289050615,-0.5344852,-0.5344852,-2.090911865870737e-08
-0.3930425881096072,-0.48153076,-0.48153076,4.241714479658043e-09
-0.53785429615391,-0.5845939,-0.5845939,7.902526855119163e-09
-0.583396316600826,-0.57359195,-0.57359195,2.44445796937498e-09
-0.5656338602609858,-0.55689216,-0.55689216,3.3990478209844355e-09
-0.5516476182862459,-0.5423199,-0.5423199,6.163024868222067e-09
-0.5310283310835102,-0.5217123,-0.5217123,-3.1616210760532226e-09
-0.5141645250315053,-0.5026963,-0.5026963,2.4288940414507465e-08
-0.4812668215244463,-0.456916,-0.45691594,-6.441932676182205e-08
-0.4354089844812364,-0.40322885,-0.40322885,8.274078644454619e-10
-0.27049724769768,-0.27991635,-0.27991635,3.926849345692318e-09
-0.1531511794941747,-0.13553298,-0.13553298,4.803161618438523e-09
-0.027371196796132,-0.0038831085,-0.0038831085,3.3340452794405895e-12
0.0870947068509337,0.13808936,0.13808936,-1.1933898869109782e-09
0.1988508587451651,0.2875051,0.2875051,-9.763336195067751e-09
0.288181947493432,0.41526866,0.41526866,-4.0832520697975383e-10
0.3804891220379873,0.5161366,0.5161366,-1.3333892767697364e-08
0.4574248470388755,0.548072,0.5480719,8.04763794493013e-08
0.4668737362368079,0.5486616,0.5486616,-1.0377502412950435e-08
0.4768551041948373,0.5470898,0.5470898,1.51397705483447e-08
0.491030996437811,0.54534,0.54534,1.5830993183030273e-09
0.4995624314872799,0.54389876,0.54389876,1.2724303832811756e-09
0.5025918188388871,0.5432659,0.5432659,-2.084579464600722e-08
0.5152159720672835,0.54056203,0.54056203,3.653259250668839e-09
0.5223588595796637,0.5389253,0.5389253,-9.892273000744467e-09
0.5288619862520894,0.53711045,0.5371105,-5.211639408919666e-08
0.762616182799628,0.7416831,0.7416831,2.549591060496681e-08
0.8047534900014189,0.7384441,0.7384441,-1.0110473680491339e-08
0.6191651315060989,0.636899,0.636899,-5.554199211665889e-09
0.6564670100126025,0.63243675,0.63243675,2.3193359455220275e-09
0.470648393007983,0.48128095,0.48128095,2.6920318751955108e-09
0.5021938087820014,0.4759692,0.4759692,-4.6340942194689205e-09
0.4886085567333365,0.52120686,0.52120686,-4.226074268309787e-09
0.3177567428331783,0.28417793,0.2841779,2.9162979142682843e-08
0.3486113830792985,0.280845,0.280845,-1.3561248790594504e-08
0.1625625075653796,0.09094079,0.09094079,-1.6117477352750598e-09
0.1968710254509909,0.087151825,0.087151825,4.280090309949358e-10
0.0145062860858624,-0.07223606,-0.07223609,2.890380859654762e-08
0.0465122188784797,-0.07603133,-0.07603136,3.2752380377254475e-08
-0.1125964110474088,-0.2456108,-0.24561092,1.1663429261288272e-07
-0.1066096898056243,-0.24983168,-0.24983168,3.516845703543936e-09
-0.241310917745776,-0.38296232,-0.38296232,3.725357078376845e-09
-0.2525935847014468,-0.38896987,-0.38896993,6.157844545384705e-08
-0.3555191383582807,-0.4430448,-0.44304487,5.85128021035608e-08
-0.3767029212138259,-0.44761673,-0.44761685,1.2383995057207997e-07
-0.4942963218147801,-0.545277,-0.545277,5.264282343375726e-10
-0.5412848312506993,-0.5477866,-0.5477866,6.562805188181642e-09
-0.722781460690831,-0.70902646,-0.7090266,1.44120788525548e-07
-0.7674516114949155,-0.72541964,-0.72541964,-5.410766279467794e-10
-0.4780358009429998,-0.5494673,-0.5494673,-2.5210571297229478e-08
-0.5345778932130073,-0.5508673,-0.55086744,1.2089294432193753e-07
-0.5041810810473222,-0.5522524,-0.5522523,-1.1184234616212763e-07
-0.4845083154486173,-0.5531194,-0.5531194,-2.1005248984629077e-08
-0.5516476182862459,-0.5531013,-0.5531014,9.880676266060817e-08
-0.7200183585792381,-0.65220666,-0.65220666,6.82983447575225e-10
-0.7702147136065084,-0.6711365,-0.6711366,1.0154876706192084e-07
-0.4604494164409239,-0.5516356,-0.5516355,-1.229782105038879e-07
-0.5636991133730588,-0.5470017,-0.5470016,-1.194747925037376e-07
-0.4140014391304507,-0.5401888,-0.5401888,1.0632324243253777e-08
-0.7078146575863697,-0.5899341,-0.5899341,-1.0641479475381743e-08
-0.7686029040414125,-0.6491375,-0.6491375,3.0517578464284156e-09
-0.5464528014091419,-0.53897035,-0.53897035,-1.2191772036374005e-09
-0.5551258826625707,-0.53718257,-0.53718257,4.962158461907507e-10
-0.5178694697707176,-0.52491117,-0.52491117,4.762573224681432e-09
-0.5373407294217456,-0.5242617,-0.5242617,-1.302795404889423e-08
-0.6652168333659798,-0.5336678,-0.5336678,-2.8106689198281742e-09
-0.7531755839183524,-0.63746953,-0.63746953,-1.0559086938144446e-10
-0.5293290953305504,-0.50737023,-0.50737023,-3.5357665684188078e-09
-0.5303482902548545,-0.5032351,-0.5032351,-1.699829055290536e-09
-0.4987323760786075,-0.48442242,-0.48442236,-5.5494918826948236e-08
-0.4827070542784177,-0.4751685,-0.47516856,6.362968446582684e-08
-0.5342648554997536,-0.47201172,-0.47201172,4.8262787100128435e-09
-0.49593701127224,-0.46834823,-0.4683483,6.510810851567683e-08
-0.5885407497692782,-0.25427556,-0.25427556,-3.790283087390378e-10
-0.7257748213117232,-0.62051964,-0.62051976,1.2193847653829692e-07
-0.3566749439387324,-0.4572362,-0.45723626,5.9428939824801574e-08
-0.3523983871714722,-0.45586303,-0.45586297,-5.876472475296879e-08
-0.355247391947547,-0.45517632,-0.45517632,-3.65226743292979e-09
-0.3396773675701613,-0.45013162,-0.45013168,5.506294248336374e-08
-0.4732087601946839,-0.44973692,-0.44973698,5.702064515000771e-08
-0.3312857099339129,-0.4419618,-0.44196174,-5.509162903649667e-08
-0.4679257894507699,-0.43699726,-0.4369972,-6.462364199322224e-08
-0.3065251602532608,-0.43521413,-0.43521413,-2.0705414049970727e-09
-0.4690440897510357,-0.42909327,-0.4290932,-7.14939117352209e-08
-0.5984418656691526,-0.46150622,-0.46150616,-5.7718124391037406e-08
-0.6854795821843275,-0.5871681,-0.5871681,2.503967255762518e-09
-0.3738027391453262,-0.42721424,-0.42721418,-5.506736755478414e-08
-0.2863496272180023,-0.42064205,-0.42064193,-1.1812049866000152e-07
-0.4293274035303601,-0.40645507,-0.406455,-6.978034972071612e-08
-0.4025173385031658,-0.4035963,-0.4035963,-1.1807632427363046e-08
-0.3106095770954856,-0.397773,-0.397773,2.382278430079765e-09
-0.5148580267934686,-0.11736384,-0.11736378,-6.034156799228363e-08
-0.6362042611942549,-0.55719316,-0.55719316,-5.706790595638722e-11
-0.363268059408376,-0.37517503,-0.3751751,7.096061704903178e-08
-0.3581045367483269,-0.3615075,-0.36150745,-5.5178451530135675e-08
-0.4146955752482277,0.10977157,0.10977159,-1.7946567537618918e-08
-0.5751857562299126,-0.53118634,-0.53118634,-2.239379903734573e-09
-0.3106095770954856,-0.34870026,-0.3487003,4.484443666408211e-08
-0.2712615473149142,-0.34583607,-0.34583607,-3.1601715133611208e-09
-0.5127857002097741,-0.54031134,-0.54031134,3.4826660444409185e-09
-0.3663412882953527,0.13103116,0.13103116,-4.413757331844792e-09
-0.5035753598377979,-0.50048697,-0.50048697,5.218503407178332e-11
-0.2194005650353753,-0.36994472,-0.36994478,5.8539657565859216e-08
-0.6444935675290334,-0.6859232,-0.68592334,1.2127288817609383e-07
-0.6541644249196085,-0.69770825,-0.69770813,-1.1909210206884069e-07
-0.6371252952314526,-0.66594195,-0.66594195,-3.6590576124595486e-09
-0.6382765877779495,-0.6959356,-0.6959357,9.304351811234568e-08
-0.6246913357292846,-0.65751314,-0.65751314,-1.6320800266811375e-09
-0.6198559070339972,-0.6856357,-0.6856358,1.1407928468543105e-07
-0.611796859208518,-0.65034723,-0.6503471,-1.3281860355984776e-07
-0.6002839337435477,-0.66748095,-0.66748095,4.412841758671959e-09
-0.5949879880296615,-0.64258206,-0.64258206,1.0934447791655089e-09
-0.5807119604530984,-0.65399706,-0.65399706,-3.6367797662251178e-09
-0.5765673072857092,-0.6323098,-0.6323097,-9.442596438091755e-08
-0.5604492116347508,-0.6379342,-0.6379343,9.208374018854215e-08
-0.5542322318836669,-0.6041565,-0.6041565,5.8593749852065e-09
-0.5413377553629002,-0.59719193,-0.59719193,1.828003304282788e-10
-0.5300550884072294,-0.56441915,-0.56441927,1.196475220011095e-07
-0.5215355235631514,-0.5624789,-0.5624789,4.425049215939225e-11
-0.5035753598377979,-0.52204704,-0.52204704,-2.846679669765706e-09
-0.5024240672913008,-0.5233183,-0.5233182,-9.071044926312055e-08
-0.474102270647474,-0.480607,-0.48060688,-1.2297355650447983e-07
-0.4861330111756192,-0.5574087,-0.5574087,9.547424295597295e-09
-0.553771714865068,-0.60300016,-0.60300004,-1.2403198246246916e-07
-0.5512388712627746,-0.6042825,-0.6042825,1.640319768902998e-09
-0.4861330111756192,-0.57036114,-0.570361,-1.3739013671187905e-07
-0.5459429255488883,-0.6156148,-0.6156148,2.815704347458592e-08
-0.4812668215244463,-0.57240546,-0.57240546,2.5033569661658817e-09
-0.5399562043071038,-0.61471665,-0.61471665,9.445190185530805e-10
-0.4764241970486583,-0.56791353,-0.56791353,-2.2570800783938694e-09
-0.4684049078820385,-0.5722834,-0.5722834,1.2815856931247538e-08
-0.5312063809537264,-0.61427116,-0.61427116,-3.940429649240684e-09
-0.4652151125139384,-0.5703844,-0.5703844,1.6798400892525933e-08
-0.4588658848352796,-0.56664157,-0.5666417,1.3086242678372884e-07
-0.5210750065445526,-0.6108234,-0.6108234,7.131958024153562e-09
-0.5095620810795823,-0.59797215,-0.5979723,1.4538269044184204e-07
-0.4478508246046022,-0.5519757,-0.5519757,-2.7081298870079706e-08
-0.4971281215774145,-0.56247556,-0.56247544,-1.2209564204113121e-07
-0.4354089844812364,-0.5132642,-0.5132642,2.0770263620129015e-08
-0.482621835491552,-0.52222335,-0.52222335,-3.3859253179002735e-09
-0.4200712604975265,-0.47294548,-0.47294548,-1.5387726093329945e-09
-0.4049652330665133,-0.42311934,-0.42311934,3.633346568054918e-09
-0.6912360449168127,-0.74722064,-0.74722064,4.585876456353333e-09
-0.5922248859180685,-0.65015423,-0.65015423,-2.978820745624944e-09
-0.6942294055377048,-0.7751988,-0.77519894,1.2274688721003457e-07
-0.595909022066859,-0.6532649,-0.6532649,1.9819641150498057e-08
-0.6939991470284055,-0.82131636,-0.82131636,-1.4273071613501997e-09
-0.6930781129912078,-0.82486236,-0.82486224,-1.2095428469915959e-07
-0.5922248859180685,-0.64546597,-0.64546597,-3.936762027478835e-11
-0.6896242353517167,-0.83525753,-0.83525753,-2.1240231795616182e-10
-0.6820257045448365,-0.82775474,-0.8277545,-2.3594665532478132e-07
-0.585086872129787,-0.6466867,-0.6466867,2.683563227190433e-08
-0.6831769970913335,-0.8038497,-0.8038497,2.8869628909689027e-09
-0.6679799354775727,-0.78840184,-0.78840196,1.1788269038692789e-07
-0.5767975657950085,-0.64888835,-0.64888835,4.669189479500346e-10
-0.6735061397007583,-0.7658243,-0.7658242,-1.1793212895128136e-07
-0.652782873863812,-0.7486695,-0.7486695,-5.1193237426971905e-09
-0.5659754158579364,-0.6408552,-0.6408552,6.861877399622074e-09
-0.6599208876520936,-0.7328762,-0.7328762,1.839752195031963e-08
-0.6359740026849555,-0.724566,-0.724566,1.7181396527732318e-08
-0.5521599052999723,-0.6425111,-0.64251125,1.2062072751728437e-07
-0.643112016473237,-0.7064829,-0.7064829,1.2731933618503888e-08
-0.5385746532513074,-0.6249547,-0.6249547,-4.699707290001243e-10
-0.6223887506362906,-0.67115164,-0.67115164,1.968994189915918e-09
-0.5263709522584389,-0.5982617,-0.5982616,-1.139816284689843e-07
-0.5989023826877513,-0.63659084,-0.63659084,1.5676879794312981e-09
0.9251786903650075,0.88416827,0.88416827,-2.749938943225061e-09
0.7794250539784846,0.73754835,0.73754835,1.2878418331752073e-09
0.6334411590826621,0.62595266,0.6259526,6.103744509822207e-08
0.5079502715144865,0.5285088,0.5285088,-1.7613220215650927e-08
0.7943918570829458,0.764487,0.764487,2.8121948214554493e-08
0.1913448212278052,0.14376833,0.14376834,-1.4551963800624179e-08
0.3569006894140771,0.32343334,0.32343334,-4.0420533586882357e-10
0.2194363593623325,0.22088632,0.22088632,-1.2428283402421414e-10
0.4333465145014794,0.40772188,0.40772188,-2.901916484887579e-09
0.0771366006153005,0.006598532,0.0065985024,2.9799859618991065e-08
-0.0495055794993719,-0.100209355,-0.100209326,-2.9354309080686924e-08
0.1020045196196362,0.043012336,0.043012276,5.989649200233149e-08
-0.2159824817228414,-0.26774734,-0.2677474,5.741348269028279e-08
-0.3182172598517771,-0.3363326,-0.33633265,6.06121063340126e-08
-0.1977920594881885,-0.29328024,-0.29328018,-6.387359618997834e-08
-0.4985096726332109,-0.50284016,-0.50284016,-1.3235473828032696e-09
-0.5590676605789543,-0.5364933,-0.5364933,-1.3916016117221375e-09
-0.4833126110194502,-0.5193647,-0.5193647,-1.4622497546135094e-08
-0.7239327532373281,-0.7210072,-0.72100735,1.2210235600385033e-07
-0.7858722922388679,-0.75657,-0.7565701,1.1842498781611255e-07
-0.7329128351000048,-0.6920178,-0.6920178,6.34460450843477e-09
-0.9415270445252654,-0.948949,-0.948949,2.0622253460444995e-08
-0.988039263403745,-0.9861412,-0.98614097,-2.3483398436940917e-07
-0.9488953168228464,-0.8757849,-0.875785,1.2603759769191925e-07
-1.1236615253810944,-1.1460038,-1.146004,1.5764617922187085e-07
-1.1418519476157474,-1.1889117,-1.1889117,2.3593139664157547e-08
-1.1402401380506515,-1.1023363,-1.1023362,-8.749847402178546e-08
0.1775293106698409,0.25381815,0.25381812,3.433502199223781e-08
-0.0971690909243487,0.036095843,0.036095813,2.971907806653684e-08
0.0548015252132583,0.076637566,0.076637596,-2.991036987531892e-08
-0.3578217234512748,-0.1533494,-0.15334937,-2.9566650378010095e-08
-0.149668031044613,-0.06903151,-0.06903154,3.3223190309961126e-08
-0.1397669151447385,-0.04306546,-0.04306546,1.4638519285625762e-09
-0.5399562043071038,-0.33246794,-0.33246794,-3.429946882071988e-09
-0.2341729039574944,-0.21128762,-0.21128756,-5.768341063139282e-08
-0.2569684963781355,-0.2114172,-0.2114172,1.8188476558211875e-09
-0.2836784834568664,-0.2905158,-0.29051584,2.974876406325322e-08
-0.7085054331142678,-0.5303811,-0.5303811,1.6511535694263557e-08
-0.3753213701580295,-0.4185141,-0.4185141,-2.6973724365220164e-09
-0.3718674925185384,-0.4240369,-0.4240369,9.731674188717676e-09
-0.4278203102782937,-0.50113475,-0.50113463,-1.2322723386137824e-07
-0.4467015080408449,-0.51169324,-0.51169324,7.879639163377306e-10
-0.8666930290029589,-0.7177079,-0.7177079,2.760925288392002e-08
-0.5162395778492651,-0.573333,-0.573333,-2.4978637713779506e-08
-0.6617629557264888,-0.68986034,-0.68986034,-3.933105507947232e-09
-0.9721514262620862,-0.8780633,-0.87806344,1.1888641360258134e-07
-0.626072886785081,-0.8054408,-0.80544066,-1.2350067135624698e-07
-1.0849780958187945,-1.0384183,-1.0384183,7.00073243820043e-09
-0.9138960234093368,-0.96551883,-0.96551883,-2.206726024134298e-09
-1.140009879541352,-1.1712788,-1.171279,1.6565704341608978e-07
-0.482621835491552,-0.49995294,-0.499953,5.7867050151649835e-08
-0.6507105472801175,-0.70018053,-0.70018065,1.1945190425688423e-07
-0.7407416244161845,-0.80307174,-0.80307174,2.7105713229502726e-09
-0.651621433731447,-0.7008712,-0.70087135,1.2082824707437823e-07
-0.627684696350177,-0.66293466,-0.66293466,-9.115600496656384e-10
-0.7736685912459995,-0.8434887,-0.8434887,6.762695292650278e-09
-0.8326147696266469,-0.9387374,-0.9387373,-9.242553711263923e-08
-0.7765287894989963,-0.85065424,-0.85065424,-4.422912591728334e-09
-0.7474191211858673,-0.8061743,-0.8061744,1.2174072261394997e-07
-0.8542553409547025,-0.9288037,-0.9288037,1.7672729502038464e-08
-0.8729100087540428,-0.9452776,-0.9452777,1.2832183837740985e-07
-0.9046856830373609,-1.0241176,-1.0241177,1.1100311270162422e-07
-0.8353778717382399,-0.90149057,-0.90149033,-2.391146850522219e-07
-0.950507126387942,-1.0270127,-1.0270126,-1.0580291753825577e-07
-0.9698488411690922,-1.09757,-1.09757,5.7525634700184014e-08
-0.9490722213985346,-1.028404,-1.028404,2.578735447400504e-09
-0.9090605947140492,-0.9873407,-0.9873407,1.1294555624097313e-08
-1.015209767501075,-1.1009545,-1.1009547,1.673767089371836e-07
-1.016361060047572,-1.1405638,-1.140564,1.5436553946202025e-07
-0.987348487875847,-1.0686262,-1.068626,-1.6539001457260838e-07
-1.0452611131711151,-1.1336008,-1.133601,1.6896820076439667e-07
-1.0697810342050338,-1.1516007,-1.1516007,-1.849823005883877e-08
-1.060800952342357,-1.1891413,-1.1891409,-3.734985352110698e-07
-1.0400776865054104,-1.1329209,-1.1329209,3.8755798348333315e-08
-1.1146814435184176,-1.1918414,-1.1918412,-1.6390686030653967e-07
-1.1096157563138307,-1.2353027,-1.2353028,1.1330871574344314e-07
-1.1159619270032226,-1.1957499,-1.1957499,2.111663821580123e-08
-1.0824452522165011,-1.1759691,-1.1759691,-2.3840331930813363e-08
-1.1422507456979392,-1.2237744,-1.2237744,-3.313598639920201e-08
-1.14852944438543,-1.224911,-1.224911,2.5497436606514157e-08
-1.1630357304712926,-1.2817789,-1.2817788,-1.31617736709444e-07
-1.1698934906730734,-1.2403029,-1.240303,7.965850823410392e-08
-1.1773117580478556,-1.242017,-1.2420171,6.928405760220357e-08
-1.2206003577961435,-1.3098619,-1.3098619,1.577758812487673e-09
-0.5452521500209901,-0.53269506,-0.53269506,4.992065427700254e-09
-0.5428466598923293,-0.5392215,-0.5392215,-2.5192260721951243e-08
-0.4798587333799591,-0.5214356,-0.5214356,-1.8400573731369718e-08
-0.6339016761012608,-0.6292777,-0.6292777,-6.146240183468876e-09
-0.5818632529995954,-0.61542654,-0.61542654,-3.7475589298452405e-10
-0.7326825765907053,-0.7215574,-0.72155714,-2.387689208571686e-07
-0.6811046705076388,-0.70522916,-0.70522916,-3.169860818275083e-09
-0.736796361558276,-0.7353034,-0.7353034,-1.947021432968654e-09
-0.8206413271430779,-0.8071866,-0.8071865,-1.0354614254914907e-07
-0.775740917829694,-0.79096687,-0.79096687,1.5994262581031649e-09
-0.8479895982493485,-0.8607478,-0.8607478,-1.4178466845038429e-08
-0.9062974926024564,-0.88285816,-0.8828584,2.4284210209390977e-07
-0.86623251198436,-0.86474645,-0.86474645,-1.3778685969967341e-09
-0.9848156442735536,-0.95327735,-0.95327735,5.279541248626174e-10
-0.9507373848972416,-0.92981553,-0.92981565,1.1922302245448435e-07
-0.9873030605571408,-0.98264766,-0.98264766,2.605590854187767e-09
-1.0564260406656685,-1.0327146,-1.0327145,-1.053314209187306e-07
-1.027183209984644,-0.99230266,-0.9923028,1.438262939856827e-07
-1.1082342052580345,-1.1167668,-1.1167668,-1.0417175344556995e-08
-1.1308008227414184,-1.1345408,-1.1345409,1.0372009273673655e-07
-1.092806885134974,-1.070685,-1.0706851,7.097015375379101e-08
-1.1793840846315502,-1.2081014,-1.2081014,8.207702739682077e-09
-0.9661647050203016,-0.9401593,-0.94015944,1.1916870112926858e-07
-0.9682370316039962,-0.9430356,-0.9430356,-2.5695801042502353e-09
-0.967320902986934,-0.94193137,-0.94193137,3.079528854144087e-09
-0.9771264204323576,-0.95028114,-0.950281,-1.4318847652017297e-07
-0.9869814724969244,-0.97060454,-0.9706043,-2.3891754152849387e-07
-0.9871182293665476,-0.97091246,-0.97091246,3.48754880530322e-09
-1.0036968420361043,-0.97355795,-0.97355795,9.338378959000693e-10
-0.9957137158660866,-0.97122097,-0.97122097,-1.5380863249703225e-10
-1.0081319355397351,-0.9970864,-0.9970864,-5.754089316134525e-09
-1.0292555365683385,-1.0012715,-1.0012715,1.3717651459188573e-08
-1.0172718456798675,-1.0017053,-1.0017054,1.1111297615329363e-07
-1.0267226929660451,-1.0043507,-1.0043507,3.7768554728145887e-08
-1.0651758640190456,-1.0332267,-1.0332268,7.156066894609125e-08
-1.034511363261586,-1.032911,-1.0329111,1.5696868893577687e-07
-1.042736527250414,-1.033525,-1.0335252,2.0991821281235445e-07
-1.0527419045168778,-1.0363643,-1.0363644,8.305969245725464e-08
-1.0951094702279682,-1.0662339,-1.0662338,-7.336730956097881e-08
-1.0581423561143963,-1.064205,-1.064205,-5.0468444756646136e-08
-1.0780610069776964,-1.0665226,-1.0665226,1.7333985358192194e-09
-1.0601101768144587,-1.0668532,-1.0668533,1.3437347412548206e-07
-1.074846721409621,-1.0695443,-1.0695443,-1.533813476228829e-08
-1.1220497158159983,-1.0995978,-1.0995978,-1.1698913615632023e-08
-1.10598755586189,-1.100103,-1.100103,-2.066802973210713e-08
-1.0849780958187945,-1.1011909,-1.1011909,-2.4644470242307648e-08
-1.1054711031464417,-1.103224,-1.103224,-3.9077758806627116e-08
-1.0891571298973546,-1.1069934,-1.1069933,-1.368133544232819e-07
-1.140009879541352,-1.135972,-1.1359719,-1.2301025398286924e-07
-1.1229994319441587,-1.1376917,-1.1376919,1.6377868661265893e-07
-1.1298785051321785,-1.1396948,-1.1396949,9.008636481233623e-08
-1.1549766826458134,-1.1725361,-1.1725361,-3.471984855174526e-08
-1.150868830275148,-1.1739688,-1.1739688,8.038330001625127e-09
-1.1637265059991908,-1.1761106,-1.1761105,-1.2526702874993134e-07
-1.1388094784195228,-1.1753991,-1.1753991,3.498229972365152e-08
-1.160913314865489,-1.2093596,-1.2093598,1.5415649423644595e-07
-1.1769052432608555,-1.2097169,-1.2097169,-1.6084289455875478e-08
-1.1793840846315502,-1.2118516,-1.2118516,3.1677245271310994e-09
-0.7835697071458738,-0.8705145,-0.87051475,2.3793792724990936e-07
-0.7681423870228137,-0.8250191,-0.82501924,1.188299560972439e-07
-0.8584037226681803,-0.9490459,-0.9490458,-9.653015131672049e-08
-0.8201808101244792,-0.9113029,-0.91130304,1.1584381098828089e-07
-0.7923195304992512,-0.9208689,-0.9208689,2.6403808583985722e-08
-0.9256392073836064,-1.0358849,-1.0358849,4.282226573337766e-08
-0.8641601854006655,-1.0218648,-1.0218647,-7.18429564727785e-08
-0.9871182293665476,-1.0954404,-1.0954404,1.227416990268182e-08
-0.9346192892462832,-1.0701194,-1.0701193,-8.095092773885426e-08
-1.0357027748287218,-1.1276281,-1.127628,-8.799743644871683e-08
-1.002315290980308,-1.1063107,-1.1063107,-2.521209707673222e-08
-1.097872572339561,-1.2015046,-1.2015046,1.1872863803219502e-08
-1.0612614693609557,-1.1421163,-1.1421163,-8.212280189212606e-09
-1.1464571178017355,-1.254928,-1.254928,7.179260297363044e-09
-1.1310297976786754,-1.1786808,-1.1786807,-7.754974373774814e-08
-1.1128393754440224,-1.1820391,-1.182039,-1.416549681998447e-07
-1.197344248356904,-1.3012896,-1.3012893,-2.584106444381007e-07
-1.2153044120822576,-1.2252748,-1.2252748,-1.2542724636688263e-09
-1.2450077597818805,-1.3228614,-1.3228613,-1.330291747869694e-07
-0.6822559630541358,-0.69998467,-0.69998467,3.146362059780472e-10
-0.2855745881177742,-0.70982575,-0.7098259,1.4583435059556393e-07
-0.6578444602263749,-0.7168164,-0.71681654,1.146765136184058e-07
-0.7787342784505863,-0.80123496,-0.80123496,-5.560302218654556e-10
-0.8087751995336968,-0.87501144,-0.87501156,1.1590820314655303e-07
-0.8602457907425756,-0.87580895,-0.87580895,-4.23889157108448e-09
-0.0155123747569886,-0.8790083,-0.8790082,-9.315185545144544e-08
-0.9297838605509956,-0.9299382,-0.9299382,2.8640747551378354e-09
0.1750437443973638,-0.9626267,-0.9626266,-9.563293457137689e-08
-0.937650653505954,-0.9742346,-0.97423446,-1.2099365231943437e-07
-0.9926444335897332,-0.9941186,-0.99411845,-1.2128143311862516e-07
-1.0479064758215904,-1.0451638,-1.0451636,-1.506484985647205e-07
-1.029526366822477,-1.0476184,-1.0476184,1.0870361277781626e-08
0.3603846843349161,-1.0487238,-1.0487238,-1.687164297159427e-08
-1.0987936063767587,-1.1141768,-1.1141768,4.981689460947791e-08
0.5613857933512137,-1.18113,-1.1811302,1.4838714590403868e-07
-1.1441545327087417,-1.1864635,-1.1864635,2.4772643936188388e-08
-1.1494763637729106,-1.1858116,-1.1858119,2.611679077446638e-07
-1.187673390966329,-1.2281057,-1.2281058,1.3574676516192596e-07
-0.6963523115088937,-0.7090242,-0.7090242,9.097290032400451e-09
-0.7141665477840208,-0.7211226,-0.7211226,-2.2489929252245133e-08
-0.7835697071458738,-0.7816721,-0.7816721,-2.0094299335582377e-08
-0.8168979879961202,-0.81931484,-0.81931484,2.544250476965715e-09
-0.8565616545937851,-0.8658459,-0.8658459,-1.865539556167306e-08
-0.8625130261936841,-0.8706145,-0.8706144,-1.286560058488817e-07
-0.9218059125622652,-0.9227252,-0.9227253,9.934692379864885e-08
-0.9217248127255164,-0.9235277,-0.9235277,-1.759033207981986e-08
-0.9326742111246792,-0.9330785,-0.9330785,-2.7450561490560688e-08
-0.9820525421619606,-0.98636806,-0.98636794,-1.201119994576061e-07
-1.0073101302613237,-1.0105629,-1.0105629,3.271484416700332e-09
-1.0391566524682128,-1.046296,-1.046296,-4.80651962675438e-10
-1.0461147197103555,-1.0516974,-1.0516974,2.6609802139532235e-08
-1.0575663192321088,-1.0652558,-1.0652556,-1.6114654544097107e-07
-1.0820502003691317,-1.0980089,-1.098009,1.2892150880183806e-07
-1.0877411979303873,-1.1069105,-1.1069105,3.285217275994512e-08
-1.1276292377386024,-1.1608605,-1.1608605,-3.848266594275174e-08
-1.135404709355364,-1.1780741,-1.1780741,-2.1475219824651504e-08
-1.1472774606493907,-1.1978155,-1.1978154,-1.3745269766829438e-07
-1.1663559407546291,-1.2212397,-1.2212398,1.1398773192006217e-07
-0.5314366394630258,-0.5135094,-0.5135094,7.261657719581649e-09
-0.4817974946689948,-0.52421975,-0.52421963,-1.2135803217905305e-07
-0.6488684792057221,-0.6277627,-0.6277627,2.4714660651348197e-08
-0.6456448600755305,-0.681386,-0.681386,6.0424805159442485e-09
-0.677289765093588,-0.7100737,-0.7100737,-9.487915009209757e-09
-0.7674516114949155,-0.71809447,-0.71809435,-1.1811676026152185e-07
-0.6921570789540101,-0.7692832,-0.76928306,-1.1546844480569973e-07
-0.8588642396867792,-0.80117285,-0.80117273,-1.2251617431680017e-07
-0.7628464413089273,-0.85036767,-0.8503678,1.3470916748747896e-07
-0.844779701445767,-0.84848166,-0.84848166,4.8791504170253575e-09
-0.938994200922972,-0.8772551,-0.8772552,1.1786956788384373e-07
-0.8487328652776053,-0.94210505,-0.94210494,-1.1485534667787789e-07
-0.9990916718501164,-0.96271634,-0.96271634,-1.0186768095721277e-09
-0.9677963382719896,-0.9619787,-0.9619788,1.2606506349932545e-07
-0.9587964327227207,-1.0425318,-1.0425317,-1.4795379632559502e-07
-1.070011292714333,-1.059248,-1.0592479,-7.058105477852905e-08
-1.1010961914697528,-1.1378334,-1.1378334,4.314270030114642e-08
-1.1127674316663878,-1.1182399,-1.1182399,2.0391845767520067e-08
-1.1296482466228788,-1.1346672,-1.1346673,1.4187316899061386e-07
-0.7342943861558012,-0.7365724,-0.7365724,1.5165710465225857e-08
-0.7240118000274204,-0.735096,-0.7350961,1.2221679690505027e-07
-0.7741291082645982,-0.7771158,-0.7771158,-2.1838378883032306e-08
-0.7758498409063288,-0.77571,-0.77570987,-1.1668670651943103e-07
-0.8392922663963297,-0.7429346,-0.7429346,1.5382385254447684e-08
-0.826444887119755,-0.809049,-0.8090489,-1.1027679447384031e-07
-0.8160361569570899,-0.8115121,-0.8115121,-1.2617492717303946e-08
-0.8789657961102666,-0.84940386,-0.84940386,1.8151855574188858e-09
-0.8835019001818154,-0.8515936,-0.8515935,-1.1362457275065907e-07
-0.934465022310676,-0.90317404,-0.90317404,-2.701721180109473e-09
-0.9313956701160916,-0.90557206,-0.9055722,1.4322967534230457e-07
-0.9887340194920464,-0.96687794,-0.9668778,-1.373168945217884e-07
-0.9887300389316434,-0.9707173,-0.97071743,1.1909454344927184e-07
-1.0439920811635004,-1.039285,-1.039285,5.546569825654046e-08
-1.04538548040383,-1.037348,-1.037348,-3.199768072725817e-08
-1.1022017321394444,-1.1037818,-1.1037816,-2.193435668651489e-07
-1.0983330893581598,-1.1073631,-1.107363,-1.0482025136759887e-07
-1.1595034402404445,-1.171905,-1.1719049,-1.407409668807702e-07
-1.1471478933296335,-1.1775839,-1.177584,6.712341305004088e-08
1.834818958688502,1.8343618,1.8343618,-8.389282157850175e-09
1.758202685699212,1.7723459,1.7723458,1.0053558341382995e-07
1.7098996900573786,1.7291592,1.7291591,1.3595428471901982e-07
1.5403021735992384,1.601852,1.601852,5.9364318794052906e-08
1.446714213928159,1.5499973,1.5499973,2.9711914040220222e-08
1.3914521716963018,1.4421374,1.4421372,1.6057281504444632e-07
1.3805277662255535,1.4396348,1.4396347,9.995727534573007e-08
1.101786966997651,1.1588962,1.1588963,-9.219055185916147e-08
1.083160184109188,1.088678,1.088678,2.3574828755812405e-09
1.055274748119171,1.0613444,1.0613444,-1.4852905350082324e-08
0.7446560190742745,0.8159858,0.8159857,9.883575435853942e-08
0.7212486106708201,0.70084107,0.70084107,-7.785033728779922e-10
0.7163342224304476,0.692637,0.692637,2.6309967093851583e-08
0.3854527445672032,0.4193117,0.4193117,2.2514343167578943e-09
0.3900130035492428,0.32815552,0.32815552,-2.421874978342231e-09
0.3693346489162449,0.30036187,0.30036187,1.7193603762954979e-09
0.0430583412389886,0.03574197,0.03574194,2.994304657000235e-08
0.0227394869694893,-0.06490639,-0.06490639,1.4788055363590402e-09
0.0181904222346529,-0.068385005,-0.068384975,-2.999725341734649e-08
-0.2889744291707528,-0.2661559,-0.2661559,1.428985596518828e-09
-0.3215836241274623,-0.34888163,-0.34888163,-2.0896148700266792e-09
-0.3269670832051545,-0.3554372,-0.3554372,1.0659408578028717e-08
-0.4246479275249383,-0.43140498,-0.43140492,-5.8036880468126384e-08
-0.6007444507621467,-0.52716327,-0.52716327,2.8643798444250024e-09
-0.6348782724359695,-0.58736193,-0.58736193,-1.800842253096846e-09
-0.6520920983359139,-0.60026777,-0.60026777,2.0938110134594012e-09
-0.8119307165499123,-0.7389121,-0.7389121,-5.560302773766068e-09
-0.9030738734722648,-0.80138767,-0.80138767,2.344055172187609e-09
-0.8940401229393353,-0.86477065,-0.86477053,-1.2086364742369682e-07
-0.9233366222906124,-0.90659595,-0.90659606,1.1464172366970615e-07
-1.0272222925814367,-1.0356816,-1.0356816,-5.339050312969107e-09
-0.4231200433468851,-0.39469913,-0.39469907,-5.648200990249208e-08
-0.4374911676688687,-0.42765024,-0.4276503,5.6956100447091984e-08
-0.3725140079684785,-0.34058288,-0.34058288,2.6024627453047344e-09
-0.3133818311564896,-0.27827296,-0.27827296,3.3902740614877303e-09
-0.2231435513142097,-0.2120431,-0.21204305,-5.65559387100123e-08
-0.1655558681862719,-0.11495584,-0.11495575,-9.249496460417284e-08
-0.0586889963486796,-0.031607226,-0.031607255,2.946269989090311e-08
-0.002302585092994,0.08487455,0.08487455,-1.9820213387200525e-09
0.1231021971339834,0.18466172,0.18466172,-3.777236939894735e-09
0.210260925483196,0.2819686,0.2819686,-6.402587904297263e-09
0.2919230667090354,0.36951476,0.36951476,3.3552551292892474e-09
0.160490180981685,0.2268119,0.2268119,7.349014174984347e-10
0.3811724155391198,0.46709576,0.46709576,2.491226169798466e-09
0.4580575582273349,0.5453404,0.5453404,1.881561284555744e-08
0.3195988109075736,0.3228888,0.3228888,-8.438873266847224e-09
0.6275414234619514,0.6872151,0.6872151,-1.020202633483791e-08
0.4724904610823782,0.4654711,0.46547112,-3.111373902964232e-08
0.7724203614544531,0.82950926,0.82950926,-1.7297363541501909e-09
0.6177835804503025,0.6181766,0.6181766,-2.052459713297594e-08
0.9094675065260296,0.960544,0.960544,-9.864807082315963e-09
0.752945325409053,0.7690859,0.7690859,-1.5905761707735167e-08
0.9760679359100156,1.0198672,1.0198673,-1.1822204593059382e-07
-0.1540429427213016,-0.31633714,-0.31633714,1.5856170820782722e-09
0.0695380698084201,-0.39668372,-0.39668366,-6.273445130045019e-08
0.5825540285274936,-0.009334162,-0.009334192,3.012236785872313e-08
0.5887710082785775,-0.140207,-0.14020702,2.7373809802222482e-08
0.7971549591945387,0.6107982,0.6107982,-1.9896697955879006e-08
0.8765941449028333,0.53533655,0.53533655,4.050445534531377e-09
0.94359937110896,0.6200184,0.6200185,-7.739639285020417e-08
0.9267904999301037,0.6409879,0.6409879,-2.6922607476720373e-08
1.0575773332121652,1.1222258,1.1222259,-1.385864258907077e-07
1.0439920811635004,1.0928434,1.0928434,1.3352966288238122e-08
1.2185280312124491,1.115867,1.1158671,-8.130035400455426e-08
1.0833662862536986,1.2524621,1.2524621,4.8666381813333714e-08
1.05964965979586,1.1774603,1.1774604,-8.715667720871068e-08
1.2166859631380538,1.3335565,1.3335565,3.2859802212570344e-08
1.0435315641449017,1.2594095,1.2594095,4.6852111745820935e-08
1.0532024215354765,1.1937884,1.1937884,9.233093178906415e-09
1.2104689833869695,1.3847744,1.3847742,2.464874266916439e-07
0.9663949635296012,1.1828179,1.1828178,1.359436034853445e-07
1.0347817407915243,1.1289102,1.1289102,-1.6093444799025747e-08
1.1961929558104067,1.3409481,1.3409481,4.858398350293669e-09
0.9062974926024564,1.1203895,1.1203896,-1.3848266600113845e-07
1.0036968420361043,1.0657039,1.0657039,-3.113403312937635e-08
1.1708645197874723,1.3000249,1.3000249,-3.294219963478895e-08
0.8692258726052523,1.1033988,1.1033988,-1.0375966752462773e-10
0.9592569497413196,1.038804,1.0388039,1.5426025390397058e-07
1.131490314697274,1.2117673,1.2117672,1.1586456305501258e-07
0.8526472599356952,1.0597389,1.0597389,-2.5564575123482314e-08
0.900310771360672,0.98637414,0.986374,1.397857666285418e-07
1.0746164629003212,1.1491491,1.1491491,-3.9750671421145967e-08
0.8273188239127607,0.92165124,0.92165124,4.16351320087216e-09
0.8254767558383654,0.8724328,0.87243295,-1.2205047605906572e-07
0.9972496037757212,1.0355767,1.0355767,1.164245588824997e-09
-0.507497833673316,-0.55695474,-0.55695474,-1.4779663048969383e-09
-0.4462871026284195,-0.51219726,-0.51219726,3.911743151618907e-09
-0.3438997524500096,-0.40706214,-0.40706214,-3.087387068223535e-09
-0.2119563619236453,-0.23958921,-0.23958927,5.567504882120211e-08
-0.0736465401682984,-0.08650756,-0.08650759,3.117736815938521e-08
0.0573250666192693,0.061053947,0.061053947,-3.8573455540813484e-10
0.131028262406404,0.1655592,0.1655592,2.432632456583761e-09
0.1839868361130158,0.22579983,0.22579983,-1.2322235176664975e-09
0.211880359035499,0.25598562,0.25598562,-2.3623657474658444e-09
0.2753564227611439,0.32699424,0.32699424,2.8396607287817233e-10
0.3569748989477304,0.4040225,0.4040225,1.4820098870327314e-08
0.4725005094443228,0.5294174,0.5294174,-4.408264198119127e-09
0.5359084041334539,0.58758557,0.58758557,-1.5719604506969631e-09
0.609221945622184,0.67542136,0.67542136,-2.845153779240661e-09
0.6471032420585384,0.72036386,0.72036386,-4.638061490425116e-09
0.6719235441083187,0.75028515,0.75028515,-1.379394487521779e-09
0.7104958188945584,0.7997962,0.7997962,2.364044193736703e-08
0.7499999921527281,0.8435942,0.8435942,-6.541442831853317e-09
0.7943490610689127,0.90338445,0.90338457,-1.2290222173305665e-07
0.8127064156175846,0.9392054,0.9392054,8.096313508509922e-09
0.833778310299691,0.9560163,0.9560163,2.1087646073780775e-09
0.8548407695579324,0.9658015,0.9658015,-2.2567749002888604e-08
0.8712933659434193,0.97466826,0.97466826,4.389038132934786e-09
0.8775499035577244,0.97591615,0.97591615,-2.767944318193827e-09
-0.324434239602861,-0.30938777,-0.30938777,-3.2753753598235846e-09
0.5991326411970507,0.7537402,0.7537402,-8.540344209606587e-09
1.0854386128373932,1.4175581,1.417558,7.399749746284101e-08
1.733846575024517,2.1236079,2.1236079,-2.6083374127239267e-08
1.1754696899734602,1.7680246,1.7680246,-3.621063227043919e-08
2.99359087940156,3.2253852,3.2253852,-1.0943603356849962e-08
2.2625201123759497,2.2339795,2.2339795,-3.642272927706358e-08
3.8669614051742007,3.7974427,3.7974427,-2.5363159128488633e-08
2.8920468768005216,2.8913608,2.891361,-2.40264892426012e-07
4.459646808110868,4.19931,4.19931,-1.741027828572328e-07
3.35693880707602,3.2923372,3.2923374,-2.208160401195869e-07
4.873191090812599,4.522041,4.522041,-1.5603637670835724e-07
3.772785674870745,3.6142008,3.6142013,-4.695404052235119e-07
5.202000242092148,4.809625,4.8096256,-4.5122680703002516e-07
4.131298173849917,3.8847656,3.8847656,2.4999999848063226e-08
5.463343650146973,5.053231,5.053231,-2.3751831079721342e-07
4.423265963641562,4.1195664,4.1195664,4.058227531800185e-08
5.637419083177323,5.3269424,5.3269424,4.3847656172602e-08
4.639939220892302,4.28817,4.28817,-1.3916015628723244e-07
5.785014787638241,5.622555,5.622555,-2.2094726581656232e-07
4.77233786373946,4.4653854,4.4653854,3.701171902292799e-08
-0.627684696350177,-0.6593044,-0.6593044,1.958312989547295e-08
-0.4830823525101508,-0.56282985,-0.56282985,-2.1041870468252455e-09
-0.5618307626905472,-0.5991919,-0.5991919,-4.06799316454709e-09
-0.4077878199692455,-0.5121542,-0.5121541,-1.2153472905840346e-07
-0.4985096726332109,-0.537773,-0.537773,-1.3114929253710272e-08
-0.3357169065585319,-0.46036884,-0.46036872,-1.2188652037670167e-07
-0.4365701336316711,-0.47714177,-0.47714183,6.225975035523135e-08
-0.2760799526499861,-0.4046516,-0.40465167,5.795661928154061e-08
-0.3762424041952271,-0.42393437,-0.42393425,-1.202793121213297e-07
-0.220817910418129,-0.35073027,-0.35073027,-1.4732359776559178e-10
-0.3182172598517771,-0.37072912,-0.37072912,1.414413475231413e-09
-0.1717728479373558,-0.27760258,-0.27760264,5.6830062877821774e-08
-0.2622644420920218,-0.30416933,-0.30416933,2.979354873922091e-09
-0.1273329556425707,-0.19539547,-0.19539553,6.033447266795555e-08
-0.2093049849531587,-0.240269,-0.240269,-5.2986144916111755e-09
-0.0845048729128814,-0.11698422,-0.11698422,1.6410064695993043e-09
-0.1595691469444873,-0.1638062,-0.1638062,-2.7465807406201748e-11
-0.0442096337854856,-0.05262217,-0.05262214,-2.9256210329342558e-08
-0.1135174450846064,-0.096636385,-0.096636355,-2.972557068547932e-08
-0.5351207756118163,-0.5990859,-0.5990859,-2.7009582570514112e-08
-0.5772580828136072,-0.62132347,-0.62132347,3.699035633353276e-09
-0.483773128038049,-0.53819513,-0.53819525,1.1679077149828743e-07
-0.4616683111453062,-0.53766763,-0.53766763,-2.10296635660967e-09
-0.5058779449307919,-0.55655015,-0.55655015,4.850769008690747e-09
-0.424596691148102,-0.47878596,-0.47878602,5.813362119466703e-08
-0.3939723094112812,-0.4755338,-0.47553387,5.676185610425932e-08
-0.4365701336316711,-0.49504778,-0.49504772,-5.789115903320763e-08
-0.3615058596000652,-0.42405507,-0.42405507,3.150176786093084e-10
-0.3283486342609509,-0.40569565,-0.40569565,2.998733539261167e-09
-0.3693346489162449,-0.42373285,-0.42373285,3.024673456142324e-09
-0.2875928781149563,-0.35517576,-0.35517564,-1.2336860655270954e-07
-0.261803925073423,-0.32468465,-0.32468465,2.9411317825633887e-10
-0.3046320078031123,-0.34317276,-0.3431727,-5.8817672732303095e-08
-0.1998643860718832,-0.24716714,-0.24716714,-2.454376146765469e-10
-0.2415411762550754,-0.26328027,-0.26328033,5.751617432325773e-08
-0.1365432960145469,-0.1739524,-0.17395246,5.931564331373984e-08
-0.1800621542721344,-0.19466215,-0.19466215,-3.720855706879078e-09
-0.0764458250874023,-0.11363456,-0.11363459,3.3468093865729465e-08
-0.1199646833449897,-0.12974659,-0.12974659,3.915634150253311e-09
-0.0211837828555452,-0.06298658,-0.06298652,-6.251762389719584e-08
-0.061479021982941,-0.069815844,-0.069815874,2.9702590942370932e-08
-0.3790055063068199,-0.4365966,-0.4365966,-2.2014617906407352e-09
-0.6668286429310758,-0.6884686,-0.6884686,2.4522399888482482e-08
-0.5655148988393377,-0.62098265,-0.62098277,1.230578613453659e-07
-0.6546249419382072,-0.7357378,-0.7357378,-5.981445339031666e-10
-0.449004093133839,-0.504681,-0.504681,8.827209518891266e-09
-0.6235400431827876,-0.68111193,-0.6811118,-1.3180084224018174e-07
-0.6438027920011352,-0.65642035,-0.65642047,1.1992523196724392e-07
-0.5355812926304151,-0.58923304,-0.58923304,-8.096313619532225e-10
-0.6193953900153983,-0.70369613,-0.70369625,1.1829376223015942e-07
-0.3410128522724182,-0.40303138,-0.40303132,-5.8984451267729554e-08
-0.5963695390854579,-0.6457548,-0.64575493,1.1585205073050275e-07
-0.6240005602013865,-0.6226798,-0.6226798,-2.959747313902028e-08
-0.5067989789679895,-0.55374396,-0.5537441,1.4152679439494165e-07
-0.5970603146133561,-0.6285758,-0.6285759,9.815063473084251e-08
-0.4321952219549824,-0.5190655,-0.5190654,-9.930572508753954e-08
-0.5689687764788287,-0.61205363,-0.61205363,-2.73620603952196e-09
-0.6016654847993441,-0.5905483,-0.5905483,2.309875490880131e-08
-0.4819310599636538,-0.5135354,-0.5135354,1.963653561976031e-08
-0.5588374020696549,-0.59652805,-0.59652805,-3.283691429878388e-09
-0.5415680138721995,-0.5742099,-0.57421005,1.2148742678519397e-07
-0.5772580828136072,-0.55510414,-0.555104,-1.36466979938632e-07
-0.4600565015802104,-0.47587922,-0.47587922,-2.1546173178954575e-09
-0.5447916330023913,-0.55859375,-0.55859375,0.0
-0.522456557600349,-0.55621374,-0.55621374,3.465881359687728e-09
-0.5137067342469717,-0.54208183,-0.54208183,-2.8857422007533273e-09
-0.5516993882813734,-0.5151124,-0.5151124,-5.4931614812403495e-11
-0.4379516846874675,-0.44075838,-0.44075844,6.268638608197818e-08
-0.5157790608306663,-0.5274013,-0.5274013,-2.808685306554537e-08
-0.4858454546217436,-0.511515,-0.51151514,1.1867584226443739e-07
-0.5254499182212412,-0.48579714,-0.48579714,2.977981583551781e-09
-0.4181494528877187,-0.41139987,-0.4114,1.2888908385022546e-07
-0.482621835491552,-0.49815848,-0.49815848,-4.6973419043361275e-09
-0.4575236579779169,-0.48564175,-0.48564175,2.28691099390943e-09
-0.4994307066704085,-0.46295616,-0.46295616,-3.069305365421826e-10
-0.3981169625786705,-0.39470753,-0.3947074,-1.3073692323173347e-07
-0.4736417536288752,-0.44413212,-0.44413212,5.828094673532291e-10
-0.3767029212138259,-0.38402793,-0.384028,7.188606260255526e-08
-0.4473922835687431,-0.4237251,-0.4237251,1.6284942838673544e-09
-0.6534736493917103,-0.6977953,-0.6977953,2.8126525886129627e-08
-0.5314366394630258,-0.55845845,-0.55845857,1.2254364012420638e-07
-0.6279149548594763,-0.67053354,-0.6705334,-1.378646851124543e-07
-0.5657451573486371,-0.57659256,-0.57659256,-4.582824675303243e-09
-0.5058779449307919,-0.5403931,-0.540393,-1.1408996580808406e-07
-0.4464712495315455,-0.44963363,-0.4496337,7.187004091857574e-08
-0.6012049677807454,-0.63909984,-0.63909984,3.6505126699282187e-09
-0.5431798234372954,-0.54853284,-0.54853296,1.1641021724351219e-07
-0.4793982163613604,-0.517967,-0.51796687,-1.1570251468029369e-07
-0.4195310039435151,-0.43029967,-0.43029967,4.958343735594894e-10
-0.573113429646218,-0.6060666,-0.6060666,1.5412902842903975e-08
-0.5157790608306663,-0.51856744,-0.51856744,-2.893981942975188e-09
-0.4549908143756234,-0.4946747,-0.4946747,-1.2419509864969314e-08
-0.3965051530135747,-0.41209474,-0.4120948,5.7940292341740474e-08
-0.5473244766046848,-0.5687181,-0.5687181,2.4247741703398162e-08
-0.4941347609565222,-0.48853287,-0.48853293,5.899208066484363e-08
-0.4324254804642818,-0.46622422,-0.46622422,-3.3753204120579028e-09
-0.3762424041952271,-0.39430967,-0.39430967,2.6695251564845535e-10
-0.522456557600349,-0.5300653,-0.5300652,-9.808044432180196e-08
-0.4775561482869651,-0.46131435,-0.46131435,-3.665924230844553e-10
-0.4128535071738324,-0.4359598,-0.4359598,1.3823318489869507e-08
-0.3587427574884723,-0.3695393,-0.36953935,5.9333419788476505e-08
-0.496897863068115,-0.49482843,-0.49482837,-6.279838560274698e-08
-0.4586749505244139,-0.43790856,-0.43790862,5.996238711114543e-08
-0.3925907583554848,-0.40752843,-0.40752843,-2.234649687515855e-10
-0.3354866480492325,-0.34243992,-0.3424398,-1.1971015928535778e-07
-0.4713391685358812,-0.4641756,-0.46417567,5.826560972588268e-08
-0.4391029772339646,-0.41588077,-0.41588083,6.050880430041872e-08
-0.3718674925185384,-0.37632474,-0.37632474,-3.0324554534111314e-09
-0.3205198449447711,-0.31239077,-0.31239083,5.551155091154669e-08
-0.446240991022246,-0.43464747,-0.43464747,-7.12661762936051e-10
1.1082325320451003,1.0746733,1.0746733,-4.97894281359379e-09
1.1066223956929386,1.0445528,1.0445528,3.0395508332503596e-09
0.92034326166972,0.89916825,0.89916825,2.944946286831396e-09
0.770571077524749,0.9530047,0.9530047,1.7826843223822664e-08
0.9102118872605464,0.75542593,0.7554258,1.3002319332322543e-07
0.7039002629282799,0.6237744,0.62377435,5.929412838501236e-08
0.7934449018753091,0.69070685,0.69070673,1.1909820551991857e-07
0.7497217062788614,0.5512432,0.5512432,-1.4002990766925905e-08
0.5210750065445526,0.3993572,0.3993572,-3.311157459329195e-10
0.5894519442211802,0.47522247,0.47522247,-1.6238403399704282e-09
0.5305156054258282,0.34988308,0.34988308,-4.711914192156996e-10
0.3451575054398075,0.21507612,0.21507613,-1.1292343143898265e-08
0.3940670631557951,0.2668545,0.2668545,-5.189895624369001e-09
0.3308814778632444,0.16602005,0.16602004,1.0644874565146623e-08
0.0796694442175939,0.0068502724,0.0068502426,2.981706848179805e-08
0.1914464645709552,0.046651796,0.046651796,-4.935226463609332e-10
0.1319381258285588,0.0016278923,0.0016278476,4.4655783081092373e-08
-0.0833535803663844,-0.11558154,-0.11558154,-2.2534942661911472e-09
0.0953101798043249,-0.027752832,-0.027752832,4.217453018762196e-10
0.0020723265836946,-0.11919716,-0.11919719,2.9994430536528505e-08
-0.2385478156341831,-0.2431401,-0.24314007,-3.143280027928519e-08
-0.1863295781914934,-0.20123461,-0.20123467,6.111137390574228e-08
-0.1597994054537868,-0.23360789,-0.23360789,1.7782592898196725e-09
-0.382459383946311,-0.3828424,-0.3828424,8.270645168728663e-09
-2.2072749131897207,-0.3627245,-0.3627245,-1.2815475458616277e-08
-0.343775954384011,-0.3730577,-0.3730577,6.756973258692511e-09
-0.4722602025730788,-0.49419925,-0.4941993,5.38318634113466e-08
-0.27049724769768,-0.31817284,-0.31817284,-2.2641754027219463e-09
-0.2958821844497349,-0.32755855,-0.3275585,-4.725837710051195e-08
-0.3078847797693004,-0.3436201,-0.3436201,8.3232879477535e-09
-0.3366379405957295,-0.37517014,-0.3751702,5.854148865669373e-08
-0.3438997524500096,-0.37798086,-0.37798086,1.9124603012343755e-09
-0.3753213701580295,-0.41928264,-0.41928264,-4.98710633900501e-09
-0.3768776512562517,-0.3959894,-0.39598933,-5.822746279582347e-08
-0.4117022146273353,-0.4475746,-0.44757465,6.432380678100813e-08
-0.4049652330665133,-0.41599354,-0.41599354,-1.4791107227907219e-09
-0.4441686644385514,-0.47360918,-0.47360918,7.416534608672976e-10
-0.4231200433468851,-0.4248849,-0.4248849,1.445045472170392e-08
-0.4307829160924542,-0.4275079,-0.42750797,6.284782411158929e-08
-0.4745627876660728,-0.50868094,-0.50868094,3.256225289405279e-10
-0.4541302800894454,-0.45687535,-0.4568753,-5.405158998161852e-08
-0.5024240672913008,-0.53055966,-0.53055966,9.95788562718758e-10
-0.4732087601946839,-0.49095002,-0.49095002,1.832504259446921e-09
-0.5263709522584389,-0.538774,-0.538774,-1.351928713422268e-08
-0.4877603508349946,-0.5273801,-0.52738,-1.0883331302835586e-07
-0.5477849936232835,-0.5876925,-0.5876924,-9.916076659788331e-08
-0.5008752929128226,-0.5366024,-0.5366024,2.2108459507563794e-08
-1.0258016589288474,-1.0816402,-1.0816401,-1.4353027344427005e-07
-1.049978802405285,-1.0957824,-1.0957822,-1.9917755134102322e-07
-0.9357284257666302,-0.9348154,-0.93481517,-2.3679931637765606e-07
-0.9441759353636908,-0.93536425,-0.935364,-2.4636840822989114e-07
-0.9382807497657704,-0.93579054,-0.9357904,-1.3878784177467907e-07
-0.9155410129836092,-0.9476769,-0.9476769,2.951049848931575e-09
-1.0103743388057873,-1.0999901,-1.0999902,7.052917472272213e-08
-1.0446828566913986,-1.1114037,-1.1114037,-3.6895750898935376e-09
-0.9390477189967712,-0.9488499,-0.9488499,-1.6458129858953896e-08
-0.9288695140810151,-0.9578625,-0.9578624,-9.637603759493629e-08
-0.9115519775269816,-0.9577106,-0.95771074,1.1625885010246861e-07
-0.9105572000263944,-0.9582274,-0.9582274,3.988647412356272e-09
-0.9684672901132956,-1.0238967,-1.0238968,1.0581665033093657e-07
-1.0290252780590392,-1.0949725,-1.0949726,1.0873565670088681e-07
-0.9238189982949466,-0.95913184,-0.9591317,-1.3689117428494768e-07
-0.8814063300206533,-0.9579369,-0.95793664,-2.4297271727924397e-07
-0.908818717035454,-0.9569483,-0.9569483,1.9665527317691556e-08
-0.9887300389316434,-1.0311326,-1.0311326,2.1150207585307612e-08
-1.0101440802964878,-1.0663387,-1.0663387,4.166717526565833e-08
-0.8777914327235452,-0.93427217,-0.9342723,1.299331665594039e-07
-0.9838946102363558,-1.0229175,-1.0229175,-9.078979568144518e-09
-0.9684672901132956,-1.0231898,-1.02319,2.1690368656734904e-07
-0.8818893051568227,-0.92703164,-0.92703164,3.761901901100373e-09
-0.8250798518207709,-0.9212136,-0.92121375,1.2313842778777229e-07
-0.9164288670116304,-0.9972799,-0.99728,1.1756896978187825e-07
-0.9449809221647564,-0.9958999,-0.99590003,1.1430480961749367e-07
-0.8416471888783893,-0.88906443,-0.88906443,-1.1904907060156233e-09
-0.8232558659069656,-0.8797939,-0.8797939,1.7630004900404117e-08
-0.8014007660001994,-0.85595655,-0.85595655,-4.412841758671959e-09
-0.6919478999844632,-0.8524809,-0.8524809,1.1633300767144306e-08
-0.7887774115751954,-0.8511977,-0.85119784,1.204260253739875e-07
-0.7874578600311866,-0.8505007,-0.8505008,9.714202875432676e-08
-0.884422934219013,-0.9266497,-0.9266498,1.1032562252655254e-07
-0.8908701724793964,-0.9390414,-0.9390414,2.3886108424520103e-08
-0.8197202931058803,-0.8605523,-0.8605523,-1.0943603467872265e-08
-0.821792619689575,-0.8718302,-0.8718302,-2.4990844726957562e-08
-0.7236063880446539,-0.7758858,-0.7758858,-2.0388793986469977e-08
-0.6523891880877775,-0.7210064,-0.72100663,2.3656738279420608e-07
-0.7283076649140168,-0.7727511,-0.772751,-9.29107666358675e-08
-0.7511032573346578,-0.7917241,-0.7917241,1.419219974874153e-08
-0.6311117896404926,-0.660254,-0.660254,-1.6174316330719307e-09
-0.6084384526329911,-0.649027,-0.649027,1.0063171407281857e-08
0.0326967083205154,0.040691763,0.040691733,3.016261291427513e-08
-0.0522686816109648,-0.12993383,-0.12993383,-4.075927734215057e-09
0.0174996467067547,-0.076267004,-0.076266974,-3.001306152217165e-08
-0.0389136880715993,-0.040838093,-0.040838048,-4.456553649723194e-08
-0.1236488194937802,-0.19766265,-0.19766259,-6.153884887782901e-08
-0.0255586945322339,-0.15080163,-0.15080163,1.1719512860164372e-09
-0.0957875398685523,-0.10480207,-0.10480204,-3.204818725677239e-08
-0.1947986988672962,-0.26447406,-0.26447406,-4.1117095839204865e-09
-0.091642886701163,-0.22282812,-0.22282806,-5.999320984440004e-08
-0.1641743171304754,-0.1790969,-0.17909685,-5.737724304011316e-08
-0.2661788367501116,-0.34192452,-0.34192452,1.653213510532936e-09
-0.1825949978744278,-0.30900654,-0.3090066,5.803260805237187e-08
-0.2249625635855182,-0.27434218,-0.27434218,7.015991121406273e-10
-0.3373287161236277,-0.4257988,-0.42579892,1.1643211367262651e-07
-0.2670998707873093,-0.39707038,-0.39707044,6.193489077155334e-08
-0.2933493408474414,-0.36797032,-0.36797032,2.39784242461738e-09
-0.4087088540064431,-0.51100993,-0.51100993,-1.5643311090940415e-09
-0.3364076820864301,-0.47300944,-0.47300956,1.226773834184236e-07
-0.358512498979173,-0.44653168,-0.44653162,-6.3206558209572e-08
-0.4798587333799591,-0.5661744,-0.5661744,1.2068176236113004e-08
-0.4333465145014794,-0.53410935,-0.53410923,-1.2401916504867216e-07
-0.4397937527618628,-0.50740457,-0.50740457,4.18884282815668e-09
-0.5512388712627746,-0.6095685,-0.6095685,2.332305903962606e-08
-0.5429495649279961,-0.59411645,-0.59411657,1.206439208534249e-07
-0.5084107885330853,-0.56041765,-0.56041753,-1.221301269005437e-07
-0.5109436321353787,-0.61422133,-0.61422133,-4.457397451140821e-09
-0.6472566696406263,-0.68592834,-0.6859282,-1.4472656251207638e-07
-0.7025187118724834,-0.76923335,-0.7692332,-1.4598541264732035e-07
-0.5021938087820014,-0.61015487,-0.61015475,-1.1717224124296877e-07
-0.6150204783387097,-0.7334306,-0.73343074,1.1599182125898722e-07
-0.8892583629143005,-0.9591483,-0.9591485,2.1222686763522347e-07
-0.6797231194518424,-0.8067833,-0.8067832,-1.1851959225150921e-07
-0.6497895132429198,-0.6831416,-0.6831417,1.1083526607613692e-07
-0.6850190651657286,-0.76457953,-0.7645798,2.654693603831859e-07
-0.4932137269193246,-0.60362566,-0.60362554,-1.151742553551216e-07
-0.6672891599496745,-0.6915467,-0.6915467,2.1456909138350966e-08
-0.8869557778213064,-0.9448439,-0.94484377,-1.1828277590719694e-07
-0.6808744119983394,-0.77026105,-0.77026105,7.293701198562985e-10
-0.6486382206964227,-0.7632661,-0.7632661,1.3421630806753626e-08
-0.5906130763529728,-0.7091657,-0.7091658,1.076705932190336e-07
-0.6461053770941293,-0.6811056,-0.6811056,-1.3708496116038305e-08
-0.6712035546077644,-0.75804794,-0.7580477,-2.383468628019969e-07
-0.4844639035659472,-0.5980828,-0.5980828,1.9161987330207353e-08
-0.855410362047288,-0.9310583,-0.9310583,1.2379455571753795e-08
-0.8816598321074203,-0.92748773,-0.92748785,1.1902008056896562e-07
-0.6444935675290334,-0.7487911,-0.748791,-9.859466554296148e-08
-0.5917643688994698,-0.70655596,-0.7065561,1.3743743898508853e-07
-0.6401186558523448,-0.6781218,-0.6781217,-1.051910399896272e-07
-0.658999853614896,-0.753494,-0.75349414,1.1572326663600307e-07
-0.4757140802125699,-0.59307384,-0.5930737,-1.4490966793179183e-07
-0.8526472599356952,-0.9144362,-0.9144362,-2.1122741666879108e-08
-0.8733705257726416,-0.912514,-0.9125142,2.2867126470149657e-07
-0.5876197157320805,-0.69631076,-0.69631064,-1.1859069826147817e-07
-0.5765673072857092,-0.69047797,-0.6904781,1.327377319171319e-07
-0.6313688324989674,-0.6701466,-0.6701467,1.1548919676140912e-07
-0.647026411131327,-0.74919236,-0.74919224,-1.1706329350325007e-07
-0.4669642568591925,-0.5878475,-0.5878475,2.8762817350092007e-08
-0.8494236408055036,-0.90366185,-0.9036617,-1.4711456297611392e-07
-0.8639299268913659,-0.90099275,-0.90099275,-1.1215209871906495e-09
-0.5747252392113138,-0.69702816,-0.69702816,-9.521483601560021e-11
-0.624921594238584,-0.6613499,-0.6613499,7.3837280734068145e-09
-0.6352832271570572,-0.73930717,-0.7393073,1.348541259771352e-07
-0.5740344636834156,-0.6880902,-0.68809044,2.3480743405190907e-07
-0.4582144335058151,-0.5811701,-0.5811701,1.7907714866538527e-08
-0.8457395046567131,-0.8902254,-0.8902255,8.953857422167033e-08
-0.8600155322332761,-0.8875452,-0.88754535,1.219955444442533e-07
-0.5657451573486371,-0.6858182,-0.6858181,-9.534301759206443e-08
-0.6175533219410031,-0.6509092,-0.6509092,1.4590454067153757e-08
-0.6230795261641888,-0.7228534,-0.7228533,-1.2216491696026566e-07
-0.6509408057894168,-0.64431477,-0.64431477,4.0698242553816044e-09
-0.8581734641588808,-0.87396884,-0.8739687,-1.396453856994384e-07
-0.5569953339952597,-0.6623323,-0.6623324,1.0362854008238997e-07
-0.582784287036793,-0.69769645,-0.6976963,-1.4737243647644505e-07
-0.6081127230597275,-0.6378206,-0.6378205,-1.0146331785865215e-07
-0.6177835804503025,-0.71403277,-0.71403265,-1.1920318598868107e-07
-0.548015252132583,-0.6493373,-0.6493374,1.0828247065663987e-07
-0.5429495649279961,-0.643492,-0.64349186,-1.2341369626245324e-07
-0.5933761784645656,-0.626636,-0.62663615,1.2171020502549368e-07
-0.5982116071598531,-0.7170366,-0.7170367,9.511871335021738e-08
-0.598672124178452,-0.60816336,-0.6081635,1.4321899410862926e-07
-0.629987281443171,-0.62786984,-0.62786996,1.1556335444140586e-07
-0.5312063809537264,-0.56442714,-0.564427,-1.373748779176509e-07
-0.6065009134946318,-0.61674714,-0.61674714,-8.843994425689061e-10
-0.6382765877779495,-0.64025617,-0.6402563,1.3354187011760388e-07
-0.5397259457978043,-0.5766572,-0.5766572,2.398223875044181e-08
-0.6143297028108115,-0.6313262,-0.6313262,1.4221190891561264e-09
-0.6472566696406263,-0.64861107,-0.64861107,1.2744140187592734e-09
-0.5989023826877513,-0.631734,-0.6317339,-1.1355743412266861e-07
-0.5496270616976787,-0.59638226,-0.59638226,-3.2257074789043827e-10
-0.6269939208222787,-0.6496248,-0.6496248,-2.4523925779007527e-08
-0.6553157174661055,-0.6565496,-0.6565497,1.2705535890056296e-07
-0.6078824645504282,-0.6480386,-0.6480386,-2.571716306576377e-08
-0.557225592504559,-0.6112671,-0.611267,-8.984374999521094e-08
-0.6329806420640631,-0.65922296,-0.65922296,-4.721069091218055e-10
-0.6606116631799918,-0.6717038,-0.6717038,-1.5460205116113457e-08
-0.6150204783387097,-0.65888524,-0.65888524,-5.548095316498802e-10
-0.5627517967277448,-0.623958,-0.6239581,1.083999633388899e-07
-0.6378160707593508,-0.66662204,-0.66662204,-2.655944797425036e-09
-0.6675194184589739,-0.68581843,-0.68581843,-3.7615967007909035e-09
-0.6263031452943806,-0.66566217,-0.66566217,5.435181194002325e-10
-0.5710411030625234,-0.6248708,-0.62487066,-1.1713012693093106e-07
-0.6463356356034287,-0.6752888,-0.6752888,3.5751342997158986e-09
-0.6728153641728603,-0.6943915,-0.6943916,1.1097106933366518e-07
-0.6345924516291591,-0.67202926,-0.67202926,3.179321250712519e-09
-0.5763370487764098,-0.6255833,-0.6255832,-9.105377196672038e-08
-0.6537039079010096,-0.6854235,-0.6854236,1.0661468508033067e-07
-0.6778810513774471,-0.7037884,-0.7037883,-9.969635006434885e-08
-0.6348227101384585,-0.6787529,-0.6787528,-9.916992183001128e-08
-0.5788698923787031,-0.6207831,-0.620783,-9.059143069034548e-08
-0.653934166410309,-0.68884516,-0.6888453,1.4237670897809807e-07
-0.6829467385820339,-0.71174777,-0.7117479,1.3445892332875076e-07
-0.584396096601889,-0.6174084,-0.6174084,5.18646237068765e-09
-0.6058101379667334,-0.6518202,-0.6518202,1.719970699198825e-08
-0.6702825205705668,-0.699473,-0.699473,-2.3414611804994934e-08
-0.5138254928772945,-0.56090486,-0.56090486,-4.965210465002201e-10
-0.6138691857922126,-0.6564646,-0.6564647,1.2327880860585338e-07
-0.674427173737956,-0.7112217,-0.7112218,1.0505371095259619e-07
-0.6233097846734882,-0.6614336,-0.6614337,1.2246246339220335e-07
-0.6794928609425429,-0.723104,-0.7231041,9.990844729301784e-08
-0.6421909824360393,-0.66364276,-0.66364264,-1.240914917488567e-07
-0.5175272697150177,-0.55817664,-0.55817676,1.233041382331379e-07
-0.6290662474059734,-0.67328084,-0.67328084,4.848327628259597e-09
-0.684098031128531,-0.73146844,-0.73146844,8.978271459625375e-10
-0.6458751185848299,-0.67676866,-0.67676854,-1.2054534914707205e-07
-0.6309083154803686,-0.6847038,-0.6847038,-2.6904296901442137e-08
-0.6868611332401239,-0.72965276,-0.72965276,-2.413024891012583e-09
-0.519620572694983,-0.56215763,-0.56215763,-9.204101925064379e-10
-0.6467961526220275,-0.687222,-0.687222,-3.936767578593958e-09
-0.6325201250454644,-0.6899667,-0.6899667,2.138061527823254e-08
-0.6882426842959203,-0.72925067,-0.72925067,5.206298725468628e-10
-0.5209186688648524,-0.56118333,-0.56118333,-3.3969116408627542e-09
-0.647026411131327,-0.69176507,-0.6917652,1.3003845211745357e-07
-0.6341319346105602,-0.6905546,-0.6905546,-1.8835449200338417e-08
-0.6935386300098066,-0.73440266,-0.73440266,3.4448242036688725e-09
-0.6481777036778239,-0.6911566,-0.6911566,-2.5747680654220062e-08
-0.6334411590826621,-0.68915594,-0.68915606,1.2375885005688758e-07
-0.6958412151028007,-0.73408806,-0.73408794,-1.2324005127517523e-07
-0.5198958643122714,-0.563969,-0.563969,-1.607513422374751e-08
-0.6532433908824108,-0.6893232,-0.6893232,1.3125610376363284e-08
-0.6313688324989674,-0.68437743,-0.6843773,-1.3186950686971954e-07
-0.6963017321213995,-0.7321286,-0.7321286,-2.0147705059869736e-08
-0.313269527891952,-0.35014012,-0.35014006,-6.455940249061598e-08
-0.4936742439379235,-0.52368176,-0.52368176,1.6571044536561885e-10
-0.4853849376031448,-0.56528234,-0.5652822,-1.4481811527744526e-07
-0.4793982163613604,-0.59133816,-0.59133816,2.3461913523092903e-09
-0.4994307066704085,-0.5755588,-0.5755588,1.8376159705013606e-08
-0.3893154903459066,-0.46570876,-0.46570876,-2.407302857054816e-09
-0.4747930461753722,-0.61735713,-0.61735713,-4.819030730018881e-09
-0.5242986256747443,-0.6019478,-0.60194767,-1.1442382807924645e-07
-0.4966676045588157,-0.6487607,-0.6487607,2.3616027799988615e-08
-0.5454824085302895,-0.6238929,-0.6238928,-1.033279418694022e-07
-0.4246745772378371,-0.49821612,-0.49821606,-6.238883970555165e-08
-0.5217657820724508,-0.6723701,-0.6723701,2.3820495576032386e-08
-0.5657451573486371,-0.65268683,-0.65268683,-4.3353270973156555e-09
-0.4536399310388551,-0.5128362,-0.5128361,-1.1788024900649674e-07
-0.5325879320095228,-0.69057393,-0.69057393,-7.403564428187792e-10
-0.5864684231855835,-0.6645571,-0.664557,-9.934234623809601e-08
-0.5385746532513074,-0.69713676,-0.6971369,1.4024200434281653e-07
-0.6028167773458412,-0.671844,-0.671844,-5.58471680012218e-09
-0.4886054154236636,-0.5498353,-0.5498353,-2.428741452398242e-08
-0.4635103792197014,-0.70196414,-0.70196414,6.16454665092192e-11
1.7700249770820489,1.6198297,1.6198297,-4.53063964123146e-08
1.5675999313103464,1.3795158,1.3795158,-3.2902526925226994e-08
1.624523549852141,1.3940632,1.3940631,1.3432922352230037e-07
1.4708652625701604,1.2546269,1.254627,-1.2984466546406281e-07
1.3529990006433017,1.1224995,1.1224996,-1.3405761722928844e-07
1.3573803509552484,1.104758,1.1047581,-7.578430172294759e-08
1.114451185009118,0.8514855,0.8514855,-9.201049810947382e-09
1.157195612767007,0.92079353,0.9207934,1.3332519532838205e-07
0.8512657088798987,0.64898574,0.64898574,3.522644065334646e-09
0.80692219481879,0.63971853,0.6397186,-6.743774416673176e-08
0.6538864666066427,0.5277295,0.5277295,1.1260986365613235e-08
0.5717318785904216,0.38158193,0.38158193,2.306289659248506e-09
0.2765404696685849,0.08255377,0.08255377,-3.3321571335509503e-09
0.2761154360803155,0.16652825,0.16652825,4.7473907582862296e-09
0.0079681696491768,-0.062484294,-0.062484264,-3.017610168687401e-08
-0.0193417147811499,-0.14992893,-0.1499289,-2.7421569820385017e-08
-0.1323891880457456,-0.18448716,-0.18448716,-4.020538318938449e-09
-0.2753891771220879,-0.31770518,-0.31770518,-4.2212677242581265e-09
-0.2731219211204512,-0.2655716,-0.26557156,-3.423828126569717e-08
-0.3667252797922339,-0.3559558,-0.3559558,-9.35478211561147e-09
-0.4494646101524377,-0.45546082,-0.45546094,1.233782195853017e-07
-0.4231200433468851,-0.42590836,-0.42590836,3.0950164653376078e-09
-0.4509856234099736,-0.48312786,-0.48312786,-2.2150420941891014e-09
1.971995519530988,1.8268011,1.8268011,-3.836975093207684e-08
1.679045049811258,1.4963108,1.4963108,3.011627192073263e-08
1.8086165862944776,1.5683569,1.5683568,7.160491932722834e-08
1.6395790693460872,1.3711114,1.3711115,-1.0702514652294326e-07
1.3730314909523498,1.1547253,1.1547253,1.3186645553275866e-08
1.4733890679708244,1.1674014,1.1674014,3.299102790954578e-08
1.0536629385540754,0.78227973,0.78227973,-1.5686030252481942e-10
1.2438663679876123,0.9419539,0.9419539,-2.5238037215657982e-09
0.9921400441575928,0.74071884,0.74071884,1.5527343855126219e-09
0.7188670660327411,0.53723085,0.53723085,-7.33947791431433e-10
0.7984076912174383,0.5916322,0.59163225,-6.263351437496567e-08
0.4031826497832574,0.28959894,0.28959894,1.8029784887296785e-09
0.559044196036465,0.4188741,0.4188741,1.475181576893192e-08
0.3879797937671448,0.2546478,0.2546478,-8.614349344959749e-09
0.1374643300517445,-0.021305025,-0.021304995,-2.9623870849426748e-08
0.1839868361130158,0.022002086,0.022002086,4.335784856146496e-11
-0.0838140973849832,-0.23339257,-0.23339257,3.5575103696228183e-09
0.0079681696491768,-0.1469948,-0.1469948,6.244659511711603e-10
-0.1438703704197019,-0.27235088,-0.27235088,2.4765777761892593e-09
-0.26295521761992,-0.38665554,-0.38665554,7.257843215313642e-10
-0.2691874898156165,-0.3650724,-0.36507234,-5.937782288079063e-08
-0.3976564455600717,-0.49583903,-0.49583903,4.494476457672647e-10
-0.3856624808119846,-0.45546147,-0.45546153,5.772712707852179e-08
-0.631138573989668,-0.67427075,-0.67427087,1.209078979158562e-07
-0.7101172426793638,-0.7382796,-0.7382796,1.893005374675738e-08
-0.5952182465389609,-0.5612948,-0.5612949,1.0591735843945571e-07
-0.6256123697664823,-0.6530459,-0.653046,1.0728454591379943e-07
-0.6944596640470042,-0.7250408,-0.7250408,6.581115763459877e-09
-0.5735739466648168,-0.5565584,-0.5565584,2.94097900477297e-08
-0.6189348729967995,-0.6235832,-0.6235832,2.406311039315767e-09
-0.6778810513774471,-0.7110747,-0.7110748,9.010772705764225e-08
-0.5505480957348764,-0.53236306,-0.53236294,-1.171365356933407e-07
-0.5777185998322062,-0.5859864,-0.5859864,2.4191284198060714e-08
-0.6548552004475067,-0.6862049,-0.686205,8.972167964138578e-08
-0.5282130203328341,-0.5079076,-0.50790775,1.2098693846773756e-07
-0.557225592504559,-0.5478622,-0.5478622,2.787322994635133e-08
-0.6309083154803686,-0.65548456,-0.65548456,2.8482055602907508e-09
-0.5001214821983068,-0.4899321,-0.48993197,-1.2004402161203132e-07
-0.5312063809537264,-0.52088976,-0.52088976,9.3627927633122e-10
-0.6030470358551406,-0.61217546,-0.61217546,-4.630126948512725e-09
-0.4683458079149889,-0.4661599,-0.4661599,-9.963607772167649e-09
-0.499660965179708,-0.4922798,-0.49227968,-1.1779243469511869e-07
-0.5726529126276192,-0.5587189,-0.5587189,-1.975402830201034e-08
-0.4301228953712878,-0.43246153,-0.43246153,2.983091551556072e-11
-0.4660432228219949,-0.46864828,-0.46864834,5.532630920068726e-08
-0.5362720681583133,-0.50709057,-0.50709057,1.4575195494970217e-09
-0.3861435200951014,-0.40362945,-0.4036294,-5.199012753642762e-08
-0.4287413443154914,-0.44002143,-0.44002137,-5.5485610939154384e-08
-0.4994307066704085,-0.4744515,-0.4744515,-1.2098312351938034e-08
-0.5447271754416722,-0.5676714,-0.5676714,-1.8190002393225768e-08
-0.5906130763529728,-0.6196476,-0.6196476,-2.2108459507563794e-08
-0.6332109005733627,-0.6940168,-0.6940168,-1.4231872569325787e-08
-0.5797909264159008,-0.5903672,-0.5903672,2.0095825004062817e-09
-0.5395680926316447,-0.53926945,-0.53926957,1.2267333981963446e-07
-0.611796859208518,-0.6575726,-0.6575725,-1.2706756591374102e-07
-0.5627517967277448,-0.5677786,-0.5677787,1.1265869137577766e-07
-0.5225608799844117,-0.4945229,-0.49452278,-1.1938926697263597e-07
-0.5855473891483859,-0.62893486,-0.62893486,-2.2949220301882178e-10
-0.5124936808666878,-0.4793581,-0.47935817,6.314842221355477e-08
-0.5424890479093972,-0.5552697,-0.55526984,1.218298339988877e-07
-0.5563045584673615,-0.59941506,-0.5994152,1.361419678103104e-07
-0.4877603508349946,-0.45344868,-0.45344868,-3.0234527659267485e-09
-0.5137067342469717,-0.5245286,-0.5245286,-2.2627258289276142e-08
-0.5233775916375466,-0.5642836,-0.5642836,-9.390258792763007e-09
-0.4700036292457356,-0.4411333,-0.44113335,5.9470748881018665e-08
-0.4557063245449111,-0.43002632,-0.43002632,-2.603225690567257e-09
-0.4791679578520609,-0.49364063,-0.49364063,-1.4373016110624803e-09
-0.4902203662984324,-0.5318558,-0.5318558,-2.1609497080632423e-08
-0.4170317444796297,-0.4065508,-0.4065508,5.160140981175232e-09
-0.4395634942525633,-0.46004,-0.46004006,5.6938705417231006e-08
-0.4591354675430127,-0.499328,-0.49932805,6.2567520164869e-08
-0.3944328264298801,-0.41716436,-0.41716436,4.483566296009656e-09
-0.371063681390832,-0.37115565,-0.37115565,5.764007604547317e-10
-0.4273597932596948,-0.45679602,-0.45679608,5.973060607233904e-08
-0.3465390564956039,-0.36942735,-0.36942735,-3.1436920289173997e-09
-0.3229638865964207,-0.33876905,-0.3387691,5.154762267034485e-08
-0.3983472210879699,-0.4104208,-0.41042075,-5.5215835570443517e-08
-0.2783920255446883,-0.3189483,-0.31894836,6.130729673925472e-08
-0.6992649484786914,-0.7135234,-0.7135234,1.2091064482966374e-08
-0.7382087808138911,-0.76411533,-0.7641151,-2.3355712885919644e-07
-0.7704449721158078,-0.7857691,-0.785769,-1.0495758051565218e-07
-0.7328558312025643,-0.7395607,-0.7395607,-2.3304748575370127e-08
-0.8178782250314851,-0.81604826,-0.8160485,2.3549652095056217e-07
-0.8782059544679292,-0.8779826,-0.8779826,-1.6424560600469817e-08
-0.7492355015347222,-0.752216,-0.752216,1.8516540523094704e-08
-0.7983062517410358,-0.8072952,-0.80729544,2.367910766354342e-07
-0.8392922663963297,-0.84117043,-0.8411703,-1.301834106071098e-07
-0.7796957399970521,-0.77391005,-0.77391005,4.376220719137791e-09
-0.8224833952174733,-0.8291819,-0.8291818,-1.0956115725768711e-07
-0.8618576003076714,-0.8674282,-0.86742806,-1.235556030820817e-07
-0.8475815727311082,-0.8540808,-0.8540807,-9.624176022793307e-08
-0.8058925572149236,-0.79255664,-0.79255664,-3.486022914778175e-09
-0.9449809221647564,-0.9572638,-0.95726395,1.2267608640037508e-07
-0.8763638863935339,-0.8825842,-0.8825842,-1.4210510212997463e-08
-0.8337103448496744,-0.8126837,-0.8126838,9.848480220231437e-08
-0.8578824484633657,-0.82939816,-0.8293979,-2.552124023225133e-07
-0.901462063907169,-0.9122162,-0.91221607,-1.1652343745449656e-07
-0.9698488411690922,-0.9917983,-0.9917983,1.833038332232917e-08
-0.88330220035956,-0.8541459,-0.854146,1.1548614498035903e-07
-0.9703093581876908,-0.99850535,-0.99850535,-3.927612346465992e-09
-0.9272510169487024,-0.9428184,-0.9428184,-3.2440186092941303e-09
-1.0711625852608302,-1.0395079,-1.0395079,3.409423832145819e-08
-0.91269762860804,-0.8826724,-0.88267267,2.4091522221603157e-07
-0.9574148816669245,-0.9726715,-0.9726716,9.121093746955466e-08
-0.5586162876023393,-0.5550295,-0.5550294,-1.1145172118531832e-07
-0.5108256237659907,-0.4807121,-0.4807121,1.4037704443303767e-08
-0.5365023266676128,-0.537164,-0.537164,2.7145385717020076e-08
-0.4385049621863645,-0.40240422,-0.40240422,1.0878753453624768e-09
-0.3915622029391729,-0.29798046,-0.29798046,2.4556732203251386e-09
-0.3875250711508979,-0.3435565,-0.34355643,-6.352073667059699e-08
-0.2639655458344648,-0.17045704,-0.17045707,3.46968841435924e-08
-0.1131686981056379,-0.04728231,-0.04728234,3.165992736725576e-08
-0.1328591598657564,-0.16976202,-0.16976196,-5.534271241280919e-08
-0.0356271776431511,0.07791148,0.07791148,1.26125335175864e-09
0.0727616889386118,0.020960793,0.020960853,-6.01008682266091e-08
0.1133286853070032,0.21139272,0.21139272,-4.426689154124475e-09
0.219135529916671,0.29990277,0.29990277,-3.0570220799219783e-09
0.3611648492115845,0.4254583,0.4254583,1.2034606922117774e-08
0.311309504572795,0.24588525,0.24588525,2.9525756839454687e-09
0.4885800148186709,0.5277035,0.5277035,2.3635864265791895e-08
0.6113946786876863,0.6383064,0.6383064,-2.0681762746832533e-08
0.5510086127534752,0.49123356,0.49123356,-2.5373077527923726e-09
0.766862218382226,0.7683028,0.7683029,-1.017288208116085e-07
0.9054319885392792,0.8800751,0.8800752,-1.0291595453626456e-07
0.8077468506223113,0.73823977,0.73823977,-4.8327636337219815e-09
1.0553567799971526,1.0179096,1.0179098,-1.5396575925308298e-07
1.05573526513777,1.0039576,1.0039575,1.292037963285253e-07
1.2272986296294326,1.1593152,1.1593152,2.846221924812653e-08
1.3286652482832542,1.2711692,1.2711692,-1.4361572375776177e-08
1.471783747135305,1.4036819,1.4036819,-2.5724792518388995e-08
1.2977369584114442,1.2605275,1.2605275,-8.43048097998178e-09
1.6032186126201835,1.5702889,1.5702889,-3.439331042187632e-09
-0.5293290953305504,-0.58908355,-0.5890837,1.4763946531992644e-07
-0.4926583198105417,-0.5418184,-0.5418184,1.9644165072385533e-08
-0.5742647221927151,-0.56835353,-0.56835365,1.1625518803182189e-07
-0.4307829160924542,-0.49060866,-0.49060872,5.7633132932721765e-08
-0.3696154552144672,-0.4245769,-0.42457697,6.165000915325791e-08
-0.4070970444413473,-0.42163846,-0.42163834,-1.1896720886195311e-07
-0.2997546536860502,-0.36135826,-0.36135826,4.852066026739266e-09
-0.2510287548037454,-0.2722068,-0.2722068,-1.3097000095552147e-08
-0.2636459931478183,-0.2969295,-0.29692957,6.155235288130001e-08
-0.1589957314904579,-0.20347738,-0.20347741,2.7340087888072517e-08
-0.0714960017050699,-0.11875263,-0.11875269,6.143516539935945e-08
-0.0840443558942826,-0.17061904,-0.17061904,-7.276153568547272e-10
0.0620353909194527,-0.0019617826,-0.0019618124,2.982534637449227e-08
0.2151113796169455,0.13449124,0.13449126,-2.498222351210444e-08
0.1455233778772237,0.08472884,0.08472884,-2.9867553708040617e-09
0.3336110043401806,0.27527636,0.2752764,-3.710403440049248e-08
0.4836599556932212,0.41761917,0.41761917,-1.241607650026566e-09
0.3866040371137003,0.37855524,0.37855524,-1.7530822904454624e-09
0.6418538861723947,0.55348676,0.5534867,6.443099975772526e-08
0.7861820465271346,0.6783004,0.6783004,-1.9293212916160485e-08
0.6497895132429198,0.6145848,0.6145848,3.5812377507937754e-09
0.9266370239282992,0.7981055,0.7981055,-2.1713256859179353e-08
1.070898450100594,0.9440062,0.9440062,4.605102521537674e-09
0.9214945542162172,0.83441365,0.8344135,1.476516723331045e-07
1.2214197179296566,1.0827813,1.0827813,1.4849853569032234e-08
1.35531955682046,1.2200927,1.2200927,-4.577178946973959e-08
1.191818044133718,1.0880041,1.0880041,1.2243652314225528e-08
1.4667216102325051,1.4079229,1.407923,-1.3603973392228852e-07
-0.4478508246046022,-0.53542817,-0.53542805,-1.1638946528780281e-07
-0.3340751120214915,-0.4372953,-0.4372953,1.2152481076999067e-08
-0.173163619009189,-0.2766181,-0.27661815,5.674781800024675e-08
-0.0502412164367467,-0.14501065,-0.14501065,-1.579284758523869e-10
0.0815799869924228,0.008292988,0.008292988,-5.7304381725908904e-11
0.1947440767925118,0.15498212,0.15498212,-2.0133972267188938e-10
0.2437301849225981,0.22652595,0.22652595,-2.5484085119931166e-09
0.3421702577358506,0.34914187,0.34914187,-4.031295797179979e-09
0.4574248470388755,0.449345,0.449345,-7.3623657170784895e-09
0.5341514490694873,0.52743685,0.52743685,2.455139203050294e-09
0.6243328645595856,0.61342454,0.61342454,-4.3395997906259254e-10
0.7163753066791525,0.69318134,0.69318134,-4.0739440709813834e-09
0.7948008342864451,0.76117325,0.76117325,-1.7089843984408049e-09
0.8742179554522472,0.84727633,0.84727633,-5.798361790709805e-12
0.9030028375472196,0.8809633,0.8809633,2.5500488276541944e-08
0.932557704338027,0.90234244,0.90234244,-1.3021850264749446e-09
0.9643187008847368,0.917418,0.917418,3.082275434884707e-09
0.996579563102958,0.9372623,0.9372624,-1.0332336430884936e-07
1.019929766633641,0.9456943,0.94569445,-1.226455688119188e-07
1.0335402919243948,0.96288097,0.96288097,-9.524535604654716e-10
1.0455630675782943,0.9806746,0.9806746,2.4443054247313967e-08
-0.4620354595965587,-0.5324855,-0.5324855,1.492309564810057e-08
-0.3285040669720361,-0.36226055,-0.36226067,1.197394561835985e-07
-0.1791266658974354,-0.18357557,-0.18357557,-5.833435123836495e-10
-0.0618754037180875,-0.042677432,-0.042677432,-2.986602770649327e-10
0.1186715297174985,0.22415589,0.22415589,-2.0386123622539998e-09
0.1980308504991345,0.34977117,0.34977117,1.8082427777343923e-09
0.2078268472023165,0.36486053,0.36486053,4.66796873377362e-09
0.305276380852732,0.4691932,0.4691932,-9.663772559953543e-09
0.4681268692328754,0.68836987,0.6883698,7.018585201912231e-08
0.5866749360494286,0.89631355,0.89631355,-1.9119262839595308e-09
0.7366854825744287,1.2211828,1.2211828,2.3181152331019916e-08
0.8254903675476585,1.431487,1.4314868,1.6422576898378338e-07
0.8787965274465745,1.5342988,1.5342988,-2.241973873218228e-08
0.9174900124496372,1.5882652,1.5882651,8.058776845842885e-08
0.9555114450274363,1.6400265,1.6400266,-1.4984283436270118e-07
1.0406300061297626,1.7628677,1.7628677,-1.0867309496731536e-08
1.0722683133285078,1.8239087,1.8239087,-1.336212163138839e-08
1.0845133642886082,1.8411119,1.8411118,9.842224124589904e-08
1.1252542196145308,1.9139042,1.9139041,9.006347645446056e-08
1.1394342831883648,1.933922,1.9339219,1.5238342276902017e-07
-0.5277525033142353,-0.55737686,-0.55737686,-1.5722656510064326e-09
-0.5636728307649425,-0.58727086,-0.587271,1.4409637449919188e-07
-0.4732087601946839,-0.53438723,-0.53438723,-8.73107919296956e-10
-0.5429495649279961,-0.56919086,-0.56919086,2.0538326594987666e-10
-0.5772580828136072,-0.598627,-0.598627,2.8755188008489085e-08
-0.4879177812054383,-0.5515455,-0.5515454,-1.0075531009512417e-07
-0.5542322318836669,-0.5817306,-0.5817306,-4.17175294309402e-09
-0.4845083154486173,-0.5533308,-0.5533309,1.2092437740029993e-07
-0.6088034985876258,-0.6258278,-0.6258278,1.069335942016636e-08
-0.5908433348622721,-0.6147289,-0.6147289,-2.761230466497011e-08
-0.5017332917634026,-0.564679,-0.564679,-2.6603698688454358e-08
-0.5675872254230323,-0.597687,-0.5976869,-1.0599670408062423e-07
-0.5041810810473222,-0.56650066,-0.56650066,-3.7573242295252385e-09
-0.6166322879038054,-0.64081883,-0.64081883,-4.3048096198816665e-09
-0.5979813486505536,-0.6340642,-0.6340642,2.459716763603126e-09
-0.5173908703957621,-0.57368803,-0.57368803,-2.429199064124532e-10
-0.5807119604530984,-0.6181148,-0.6181148,-2.9063415563079786e-08
-0.5242486440981314,-0.5757985,-0.5757985,-1.1505126962241263e-08
-0.6334411590826621,-0.6588297,-0.65882957,-1.1902587893075633e-07
-0.611796859208518,-0.65684545,-0.65684557,1.1959869383737498e-07
-0.5309761224444269,-0.58192754,-0.58192754,2.0819092005908146e-09
-0.5931459199552662,-0.6381104,-0.6381104,7.537841462124106e-10
-0.6454146015662311,-0.67263496,-0.67263496,7.791137734969311e-10
-0.6283754718780751,-0.67310774,-0.67310786,1.1673675537338113e-07
-0.5431798234372954,-0.5924151,-0.5924151,5.624389620706438e-09
-0.6053496209481347,-0.6506188,-0.6506187,-9.158020020105795e-08
-0.5447271754416722,-0.59571624,-0.59571636,1.2197814935888118e-07
-0.6555459759754049,-0.68809795,-0.68809795,-3.79638676051286e-09
-0.644263309019734,-0.68493915,-0.68493927,1.2395812987175958e-07
-0.5565348169766609,-0.60708296,-0.6070831,1.3701019285772276e-07
-0.6184743559782008,-0.6620233,-0.6620233,-5.892944354712881e-09
-0.6691312280240698,-0.7054062,-0.7054062,1.1035156233241139e-08
-0.6553157174661055,-0.6934656,-0.6934656,9.523010269241183e-09
-0.5656338602609858,-0.6157596,-0.6157596,-1.1129760779660103e-08
-0.5712713615718228,-0.6219839,-0.62198377,-1.1576507563670901e-07
-0.632289866536165,-0.67170405,-0.67170405,-3.878784182731465e-09
-0.6677496769682733,-0.70714366,-0.70714366,-4.3600464350035395e-09
-0.579818495252942,-0.62942576,-0.6294259,1.359161376779383e-07
-0.58393557958329,-0.63228154,-0.63228154,-1.8243407895468522e-09
-0.6488684792057221,-0.6820297,-0.68202984,1.1587890624831232e-07
-0.5107133736260794,-0.56019056,-0.56019056,1.5664672892157228e-09
-0.5230262042849363,-0.5666423,-0.5666423,1.5606689496294734e-08
-0.5183119044329597,-0.571802,-0.571802,-2.0072936979254052e-08
-0.6341319346105602,-0.6604297,-0.6604297,-1.6110229483778937e-08
-0.5263709522584389,-0.58422875,-0.58422863,-1.2404357907502828e-07
-0.6456448600755305,-0.6715934,-0.67159355,1.2234191892890323e-07
-0.5379717806234332,-0.5907366,-0.5907366,-2.7578735406486032e-08
-0.5348905171025169,-0.5945324,-0.5945325,1.2943267824194749e-07
-0.6557762344847042,-0.68274593,-0.68274593,-3.5327148983910206e-09
-0.5434100819465948,-0.60088646,-0.60088646,-4.118957508403298e-09
-0.5503518721904196,-0.600253,-0.600253,1.4045715368560252e-08
-0.6656773503845788,-0.68911254,-0.6891124,-1.4405975345965771e-07
-0.5523901638092716,-0.60718226,-0.60718215,-1.1432800295363421e-07
-0.5611278006307129,-0.60740197,-0.60740197,2.951354938218742e-09
-0.6751179492658543,-0.69767714,-0.697677,-1.354675293052665e-07
-0.5616005041812479,-0.6148397,-0.6148397,2.6957702625729496e-08
-0.6857098406936268,-0.70802593,-0.7080258,-1.3231201168029116e-07
-0.5710411030625234,-0.62323225,-0.62323225,4.554748578300405e-09
-0.5805583982708247,-0.6233945,-0.6233945,1.0711669884422292e-08
-0.6969925076492978,-0.721115,-0.7211149,-9.3095397946108e-08
-0.5807119604530984,-0.63096607,-0.63096607,2.685852096284691e-09
2.40405806192468,2.2600508,2.2600505,2.7362060528446364e-07
2.373416273754637,2.2380552,2.238055,2.2918701159113652e-07
1.609506980002838,1.5747266,1.5747263,2.8157348630486467e-07
2.342382562868112,2.220738,2.2207377,2.3411254890248756e-07
2.310751655660439,2.2038195,2.2038195,1.332092303130139e-08
1.5623039855964602,1.5326093,1.5326093,4.352874749535829e-08
2.278189936159324,2.187096,2.187096,1.1892700202409401e-07
2.244955980157409,2.1659386,2.1659384,2.1579895026491158e-07
1.513258923115687,1.4981436,1.4981434,1.53733825669633e-07
2.211017899468555,2.130065,2.1300647,2.642944334496633e-07
2.1765682524105587,2.0905604,2.0905604,3.62487790894761e-08
1.463292826597716,1.4643811,1.4643812,-1.012527466315305e-07
2.1407717968314417,2.0524492,2.0524492,2.6379394668651912e-08
2.1044999410206127,2.0143275,2.0143275,2.6092529470389536e-08
1.4112544034960508,1.4212202,1.4212201,8.337249757239817e-08
2.0685069766270563,1.9773544,1.9773544,7.310485772293873e-09
2.0318256877381726,1.9419954,1.9419955,-1.1769104002468112e-07
1.360137014431583,1.3629495,1.3629494,9.054718019818608e-08
1.9948363583919504,1.9074237,1.9074237,3.4664916936932855e-08
1.957415140669637,1.8753976,1.8753976,-3.701934825350861e-08
1.3074078158020193,1.3063557,1.3063556,1.1479797357161203e-07
1.918832551791531,1.8464891,1.8464891,-2.8153991804558132e-08
1.8800755502766229,1.8169234,1.8169234,-2.01019287882076e-08
1.2528365490980604,1.2438288,1.2438287,7.349853525795425e-08
1.839914511115102,1.7870932,1.7870932,-3.746337884358297e-08
1.7977415409056023,1.753515,1.753515,5.111694401094269e-09
1.195732438791808,1.1744747,1.1744747,1.6186523454919666e-08
1.7556140225917016,1.7183254,1.7183255,-1.2348937983297503e-07
-0.5583768850510561,-0.63778746,-0.63778746,-1.2808227811689221e-09
-0.3495574761698684,-0.48581824,-0.48581824,2.9337310913923886e-09
-0.4892993322612347,-0.6223104,-0.6223103,-1.0000915529051468e-07
-0.4036431668018562,-0.52919877,-0.52919877,4.245300333494129e-09
-0.1947990783050673,-0.34366885,-0.34366885,1.7238617200376893e-09
-0.3580519819605741,-0.48239025,-0.4823903,4.526405333882266e-08
-0.1543173603843572,-0.30148348,-0.30148348,-2.1224212387593866e-09
-0.2295677337715063,-0.39926746,-0.3992674,-6.487617493222686e-08
-0.4397937527618628,-0.44430616,-0.44430622,5.502006528157466e-08
-0.2182850668158355,-0.42103985,-0.4210399,5.048027040821523e-08
-0.3923604998461854,-0.57574666,-0.57574666,4.535827602403231e-09
-0.0921152889078056,-0.2043238,-0.2043238,1.581954955920395e-09
-0.1625625075653796,-0.34255585,-0.34255585,-7.44247441453183e-10
-0.3161449332680825,-0.43819013,-0.43819013,-2.379531849339145e-09
-0.0944059888127558,-0.2211265,-0.22112644,-5.679183959217404e-08
-0.0954101848046581,-0.13585618,-0.13585621,2.86168670704523e-08
-0.2647972856943152,-0.36488244,-0.36488244,6.250762685233724e-10
-0.1154108515113277,-0.14757746,-0.14757746,-4.580535895026827e-09
-0.2535146187386444,-0.41208777,-0.41208783,6.168373106740788e-08
-0.1672359193759138,-0.14730385,-0.14730385,5.413055281788814e-10
-0.3182172598517771,-0.43382987,-0.43382987,-3.800277703636112e-09
-0.2095352434624581,-0.27235928,-0.27235934,5.822166443403276e-08
0.3937420509019819,0.034705073,0.034705073,-3.586273222833114e-10
0.1052281387498279,-0.10699898,-0.10699904,5.99546814000762e-08
0.7395903318696875,0.2806876,0.2806876,3.742218201985281e-10
0.775740917829694,0.21840483,0.21840483,-4.97894281359379e-10
0.7877143603132631,0.2028756,0.2028756,-7.349014174984347e-10
1.0269529514753446,0.6517023,0.6517023,-1.518707271053188e-08
0.99771012079432,0.60968745,0.6096875,-5.245208745119356e-08
-0.030163864718222,-0.0720022,-0.0720022,-2.2724151588215946e-09
0.6721245886449619,0.41176468,0.41176468,1.3392639219844682e-09
0.9355403232834808,0.5235622,0.5235622,-7.083129860419035e-09
0.8998502543420731,0.8206525,0.8206525,-1.510620117883832e-08
0.7464980871486696,0.7406285,0.7406286,-1.1908874508748113e-07
1.3610580484687804,1.0319831,1.0319831,3.713073737365846e-08
1.2585930118305455,0.993009,0.993009,-2.8785705596945377e-08
0.414925833757527,0.18641667,0.18641666,1.0680046069744265e-08
1.1413914305971484,0.9106754,0.9106755,-9.354400631877979e-08
0.6336714175919614,1.0803734,1.0803734,6.410217245900185e-09
1.2595140458677432,0.95685816,0.95685816,-1.8884277475095246e-09
1.4708913574045963,1.030122,1.030122,4.1702270525689755e-08
0.5208447480352532,0.9351746,0.9351747,-1.1561126711523428e-07
0.9226458467627142,0.66022956,0.66022956,3.7130737373658462e-09
1.1379375529576574,0.69277334,0.6927734,-5.7867431624281096e-08
0.4080180784785449,0.74403584,0.74403584,3.448485941248691e-11
0.919652486141822,0.6031934,0.6031934,2.290344247590781e-09
0.702288453363184,0.53076166,0.53076166,-8.546447993751372e-10
0.2951914089218367,0.60555315,0.60555315,1.77001968637569e-10
0.689163718333118,0.49307004,0.49307004,-3.8271331659345265e-09
0.2746984015941897,0.17969456,0.17969455,1.3150405875350657e-08
0.1823647393651284,0.5014105,0.5014104,8.431396480990117e-08
0.4750233046846717,0.3357814,0.3357814,-4.564666755690894e-09
0.149668031044613,0.03938666,0.039386675,-1.513938904101897e-08
0.0697683283177195,0.31079987,0.31079987,-3.0852508325907024e-09
-0.1498982895539124,-0.084614456,-0.084614426,-2.969992064782989e-08
-0.2058511073136676,-0.09774336,-0.09774336,-2.188339232045422e-09
0.252133067682848,0.014475077,0.014475048,2.9390670775591987e-08
-0.0483542869528749,-0.17116722,-0.17116725,2.5354385368991927e-08
-0.3034807152566152,-0.28521436,-0.28521448,1.1547134398659509e-07
0.0234863679485392,-0.16379857,-0.16379857,-6.329345658695473e-10
-0.2463766049503629,-0.3016853,-0.30168524,-6.344963071613918e-08
-0.4011103231995628,-0.3769047,-0.3769047,3.773879986290751e-09
-0.3732490435743348,-0.43061337,-0.43061337,1.2503814650344225e-09
-0.3177567428331783,-0.34970358,-0.34970352,-6.014106751495163e-08
-0.3953538604670776,-0.455147,-0.455147,1.8329620599111252e-09
-0.3406679103412149,-0.36848715,-0.36848715,5.229949806562217e-10
-0.3400918182352205,-0.3753257,-0.37532577,6.04186248809313e-08
-0.4195310039435151,-0.47368893,-0.47368887,-6.027305604616728e-08
-0.3603545670535681,-0.401055,-0.401055,-8.172988896770761e-09
-0.3796731526995325,-0.4106247,-0.4106247,-1.2705612173480318e-08
-0.441635820836258,-0.4904413,-0.49044123,-6.252433776277044e-08
-0.3889066222066943,-0.4251018,-0.4251018,1.314811703956309e-08
-0.409136601559272,-0.43667462,-0.43667457,-5.468147279419355e-08
-0.4646616717661985,-0.50467205,-0.50467205,-4.760741800780011e-10
-0.4117022146273353,-0.44333997,-0.4433401,1.263118744043723e-07
-0.4876875226961389,-0.5196712,-0.5196712,-1.7059326173907152e-09
-0.4319649634456829,-0.46699265,-0.4669927,5.3544235212310554e-08
-0.4393949191969322,-0.46986952,-0.46986952,-4.240493789442468e-09
-0.5100225980981812,-0.5371368,-0.5371368,6.863403290147119e-09
-0.4522277122640306,-0.49319485,-0.4931949,5.170097350237768e-08
-0.5302853469165287,-0.5549438,-0.5549438,2.7465807406201748e-11
-0.4770451980102018,-0.5150912,-0.5150913,1.1919860842812824e-07
-0.4745627876660728,-0.5162878,-0.5162878,-3.6499023803315822e-09
-0.1759175011047451,-0.14989424,-0.14989427,3.248168944924856e-08
-0.1059189142777261,-0.08283198,-0.08283201,3.120208739992858e-08
-0.0706893623549172,-0.08367622,-0.08367622,1.01348876513363e-09
-0.0405254976366952,-0.024263948,-0.024263948,-2.0213317825090726e-10
-0.0009210340371976,-0.021348849,-0.021348879,3.0061058045594e-08
0.0221048168927428,0.052078784,0.052078784,-4.878845244471464e-10
0.0667749676968273,0.053564534,0.053564534,-4.087295502053223e-10
0.0769063421060011,0.11294009,0.112940125,-3.7085533144409766e-08
0.1160502886868999,0.11616527,0.11616527,2.8915214528302258e-09
0.1248001120402772,0.17070761,0.17070761,3.2297515772938823e-09
0.1574968203607927,0.16940092,0.1694009,1.550350189893912e-08
0.1667071607327689,0.20541593,0.20541593,4.324264529786959e-09
0.1975618009788891,0.20244037,0.20244037,-3.851051338932265e-09
0.2044695562578712,0.24777038,0.2477704,-1.6045951845011786e-08
0.2353241965039915,0.24467881,0.2446788,1.0238838193954436e-08
0.2452253124038658,0.25365746,0.25365746,2.1270751826563128e-10
0.2760799526499861,0.25245377,0.25245377,4.213790871787637e-09
0.2878231366242557,0.2739446,0.2739446,-1.3484573346822515e-08
0.3216711374912682,0.27410126,0.27410126,-2.6757812632283162e-09
1.8406865233394405,1.825111,1.8251109,1.315322875061753e-07
1.6995380571389052,1.7178327,1.7178327,-1.5483093251944524e-08
1.5229297805062618,1.5577513,1.5577513,-2.049255432012842e-09
1.3730314909523498,1.409667,1.4096671,-8.492431646800469e-08
1.201488901524293,1.1758983,1.1758983,1.3522338804250467e-08
1.0446828566913986,1.0464872,1.0464872,1.21810912467879e-08
0.8816598321074203,0.8176069,0.81760705,-1.2403564453311589e-07
0.7315312840442083,0.6933476,0.6933476,-2.6719665480179344e-08
0.5710411030625234,0.55388725,0.55388725,-1.9607544476940575e-09
0.4420963378548568,0.43136638,0.43136635,3.4029388418233e-08
0.2793035717801778,0.25072232,0.25072232,-1.1122894272297401e-09
0.1869699095511165,0.14424446,0.14424445,1.2251663211726438e-08
0.0126642180114672,-0.00013633072,-0.00013633072,-3.7625122201873085e-12
-0.0543410081946594,-0.09412563,-0.09412563,1.5286254900770402e-09
-0.2279559242064105,-0.23577312,-0.23577318,6.364982604867286e-08
-0.2758496941406867,-0.33359787,-0.33359787,1.319046039061078e-09
-0.4453199569850484,-0.45813748,-0.45813754,5.759529114746087e-08
-0.4932137269193246,-0.5344142,-0.53441405,-1.2217254641289088e-07
-0.6415002069081412,-0.630368,-0.630368,5.6915283597192e-09
0.520153972507355,0.49976486,0.49976486,-3.2363889346243013e-10
0.1328591598657564,0.15807065,0.15807065,3.676986687350947e-09
0.2291072167529075,0.24269488,0.24269488,4.538650510976794e-09
0.3269670832051545,0.35687613,0.35687613,4.8724365098173905e-09
0.1342407109215528,0.16609682,0.1660968,2.142734528698398e-08
-0.0234863679485392,0.0010951906,0.0010951608,2.984426422116514e-08
0.0642421240945338,0.081640825,0.0816408,2.4675559998077468e-08
0.1542732012306011,0.22179411,0.22179411,3.51680756738304e-09
-0.0287823136624255,0.025776342,0.025776342,-4.424972541161587e-10
-0.1754569840861463,-0.16309261,-0.16309261,-3.220214844779079e-09
-0.0941757303034564,-0.021304801,-0.021304801,-1.0645294021283114e-10
-0.0002302585092994,0.039218247,0.039218217,2.9936798096041883e-08
-0.172463623465254,-0.093195826,-0.093195826,1.8479918983960175e-10
-0.3191382938889747,-0.28160313,-0.2816032,7.228202819620222e-08
-0.2293374752622069,-0.17380312,-0.17380312,-8.515167182476802e-10
-0.1413787247098344,-0.0779655,-0.07796553,3.2029418950418886e-08
-0.30163864718222,-0.23338097,-0.23338091,-6.333908081357364e-08
-0.4485435761152401,-0.37087366,-0.3708736,-5.984916684464991e-08
-0.3564401723954783,-0.29889664,-0.29889664,-5.391693203016246e-10
-0.2705537484268003,-0.19430801,-0.19430801,-2.7239227262665366e-09
-0.41377454121103,-0.360154,-0.36015394,-6.290489196203453e-08
-0.5592979190882538,-0.48092362,-0.48092368,5.7153396626485886e-08
-0.4715694270451806,-0.42340955,-0.42340955,-1.3820647959406074e-09
-0.3849922275486044,-0.3162327,-0.3162327,-1.1076736472492854e-08
-0.5164698363585645,-0.48972514,-0.48972514,-2.71736144696888e-09
-0.6472566696406263,-0.5898781,-0.58987796,-1.222753905905094e-07
-0.5779488583415056,-0.55741346,-0.5574136,1.411758422387166e-07
-0.4846941620752466,-0.4460393,-0.44603935,6.076393127552038e-08
-0.6030470358551406,-0.61941516,-0.61941516,-3.9938354845503454e-09
-0.7193275830513399,-0.7178037,-0.71780396,2.433404541202222e-07
-0.6730456226821596,-0.6708977,-0.6708977,-2.2244262654069757e-08
-0.5662056743672359,-0.57450604,-0.57450604,-4.387817331696908e-09
-0.6799533779611417,-0.7186297,-0.7186297,-1.7826843223822664e-08
-0.7787342784505863,-0.8135518,-0.8135519,1.1643829345153733e-07
-0.7451165360928732,-0.73676014,-0.73676026,1.2053466791339673e-07
0.2383175571248837,0.27387598,0.27387598,1.5692901422781347e-09
0.3062438173682081,0.29236028,0.2923603,-2.401618959257945e-08
0.0863469409872767,0.1082456,0.10824561,-1.3710365301400351e-08
0.3138423481750885,0.25334343,0.25334343,3.141708393439302e-09
0.1452931193679243,0.14029923,0.14029923,8.139801055406792e-10
-0.0660841921689291,-0.06521413,-0.06521407,-5.730216980082137e-08
0.1475957044609183,0.084212296,0.084212296,-2.889595090982411e-10
-0.0101313744091738,0.039959937,0.039959937,3.3406066801688894e-10
-0.209995760481057,-0.19577122,-0.19577122,2.653808589547779e-09
-0.0050656872045869,-0.020728976,-0.020728976,4.655609127379723e-10
-0.1533521671934034,-0.11384535,-0.11384532,-2.8358154297025706e-08
-0.346078539477005,-0.2951661,-0.2951661,-5.03196717627219e-09
-0.1466746704237207,-0.15118185,-0.15118185,3.1429290836548773e-09
-0.2839087419661659,-0.2527605,-0.2527605,2.841949453546988e-10
-0.4662734813312943,-0.39379087,-0.39379087,-9.049224702906145e-10
-0.2772312451964831,-0.27236903,-0.2723691,7.286224362745841e-08
-0.4050247178576526,-0.3809432,-0.3809432,-8.93287660508335e-09
-0.5726529126276192,-0.5177418,-0.5177417,-9.935455325127407e-08
-0.3951236019577783,-0.41690972,-0.41690978,5.5526046760512315e-08
-0.5196934554887562,-0.51827335,-0.51827335,-3.5766601902409434e-09
-0.6661378674031775,-0.6517172,-0.6517173,1.1402587896114369e-07
-0.4992004481611091,-0.56968284,-0.56968284,3.467407250212773e-09
-0.6219282336176918,-0.6557729,-0.6557728,-1.244232177288751e-07
-0.7451165360928732,-0.7676351,-0.7676351,-7.040405258784688e-09
-0.591303851880871,-0.6779057,-0.6779057,2.1250915582804453e-08
-0.7114987937351602,-0.7269125,-0.7269125,1.5258788677030566e-09
-0.5673959752543851,-0.56694317,-0.56694317,1.3598633330502707e-09
-0.4956086579611303,-0.50206935,-0.50206935,-4.057312041894079e-09
-0.4400565528777834,-0.4465485,-0.44654843,-6.1716384891497e-08
-0.3819988669277122,-0.39811596,-0.39811596,-2.743759164314241e-09
-0.3811140172443333,-0.39047506,-0.39047506,-4.516067519944045e-09
-0.3408015947824421,-0.35216781,-0.35216787,5.50299835144763e-08
-0.3110189378162188,-0.3156115,-0.3156115,-1.1468887339827205e-08
-0.3040824938195617,-0.30386475,-0.3038647,-4.728584290791815e-08
-0.2775997371102685,-0.26016212,-0.26016206,-5.509704592565612e-08
-0.2681409172449455,-0.24987867,-0.24987864,-3.4745559679416615e-08
-0.2636459931478183,-0.25275168,-0.25275168,1.771621682689073e-09
-0.2192760397877204,-0.20016688,-0.20016691,2.8915557864772623e-08
-0.1855883584953201,-0.15549445,-0.15549445,-1.5228271421641182e-09
-0.1838026530757529,-0.14956877,-0.14956877,3.644485463416558e-09
-0.1593474932341331,-0.1337114,-0.13371137,-2.764785766995459e-08
-0.1381133021296342,-0.13352421,-0.13352424,3.073905943673516e-08
-0.1330894183750558,-0.14035797,-0.14035797,-1.1914062514328805e-09
-0.1119376532408646,-0.150614,-0.15061396,-3.340629578518772e-08
-0.0944059888127558,-0.13216162,-0.13216159,-2.727905273891551e-08
-0.0936515560814553,-0.12631512,-0.12631515,3.3117675768412624e-08
-0.082729647598996,-0.1040352,-0.1040352,1.311492914268797e-09
-0.0670052262061267,-0.067091525,-0.067091525,3.9901733306368925e-10
-0.0632593396391909,-0.05295837,-0.05295834,-2.9255065918387668e-08
-0.0508723303737565,-0.022487044,-0.022487044,-3.344116199233138e-10
-0.0449004093133839,-0.017960891,-0.017960936,4.4872413635516084e-08
-0.0410303495579919,-0.013500243,-0.013500214,-2.9425369262731094e-08
-0.0372865847860166,-0.012653708,-0.012653708,-4.579467777210411e-10
-0.0323166014765431,-0.009566009,-0.009565949,-6.004464721612313e-08
-0.0297033476996231,-0.01321426,-0.01321426,-3.39736938234636e-10
-0.0227569871226161,-0.0021746606,-0.0021746904,2.983653106698736e-08
-0.0151970616137607,0.00072722137,0.00072720647,1.4899743347213286e-08
-0.0146061523893621,0.006786704,0.006786704,6.34155271697634e-11
-0.0138961051921113,0.013237074,0.013237104,-2.998247528029907e-08
-0.0119713717812199,0.025653914,0.025653914,-3.8286590564595713e-10
-0.0102523764643513,0.034423724,0.034423664,5.981687164341443e-08
0.1816739638372302,0.085577995,0.085577995,-4.1496277247699e-10
1.0958002457558664,1.1180204,1.1180204,1.5306091283306955e-08
1.4948382423717346,1.3417373,1.3417374,-1.2964477535959418e-07
1.1487597028947296,1.2690331,1.2690331,-2.5621032628819762e-08
1.4718123914417942,1.5248035,1.5248034,1.192489624823878e-07
0.9848156442735536,1.0777568,1.0777568,-3.749542232256431e-08
1.2728690394071085,1.2808816,1.2808818,-1.5670471187334556e-07
0.8379107153405333,0.92979145,0.92979133,1.2050048825429371e-07
1.1098460148231302,1.1566688,1.1566688,-1.7765808157932383e-08
0.7439652435463763,0.803941,0.80394113,-1.1857116699598436e-07
0.9647831539645052,1.0092258,1.009226,-1.5466308589395794e-07
0.6362042611942549,0.72426736,0.7242675,-1.3645172114440385e-07
0.8584037226681803,0.88692284,0.88692284,-3.6962890526126557e-09
0.5761067902671102,0.6361201,0.6361201,-1.9052123989560243e-08
0.8162664154663892,0.7818403,0.7818403,2.440185542518236e-08
0.5279827618235348,0.5529282,0.5529282,9.304809589494312e-09
0.7538663594462507,0.7022847,0.7022847,-6.282043440997143e-09
0.4881480397147377,0.48276922,0.48276925,-2.8932571394246764e-08
0.7225512021815317,0.6558172,0.6558172,1.0674285899625602e-08
-0.0396044635994975,-0.15277296,-0.152773,3.695297240424722e-08
-0.0720709134107136,-0.06892151,-0.06892151,3.5951232962849744e-09
-0.0490450624807731,-0.08824906,-0.08824906,2.468643192643505e-09
0.0352295519228089,0.02144602,0.02144605,-3.0588912965090476e-08
0.0472029944063779,0.0124711245,0.012471154,-2.947016143790837e-08
0.1254908875681755,0.13328815,0.13328812,2.5065307607263776e-08
0.1347012279401516,0.12278626,0.12278626,1.1413002071192224e-09
0.2012459371276796,0.23777778,0.23777778,4.466743475095569e-09
0.2076931753880629,0.19453852,0.19453852,-1.2135696336734725e-09
0.2670998707873093,0.31188014,0.31188014,1.4966583528064348e-09
0.2717050409732974,0.24466996,0.24466994,1.8949089047870515e-08
0.3269670832051545,0.3924334,0.3924334,4.9224853637674926e-09
0.3322630289190408,0.338883,0.338883,1.2533187876417884e-08
0.3822291254370116,0.43404418,0.43404418,2.3005676252907392e-09
0.3893671392252931,0.3960986,0.3960986,1.3739013648983445e-08
0.4358793581037729,0.4535762,0.4535762,7.160949722084808e-09
0.4423265963641562,0.42225522,0.42225525,-3.197097780960334e-08
0.4895295907705342,0.4763045,0.4763045,1.2950897021468677e-09
0.4920624343728276,0.448439,0.448439,2.0370483633236347e-09
-0.6504802887708179,-0.6186243,-0.6186243,-2.956695555056399e-08
-0.58393557958329,-0.57324564,-0.57324576,1.1543060307594999e-07
-0.5767975657950085,-0.57339025,-0.57339025,4.5623779199033265e-09
-0.615711253866608,-0.58799875,-0.587999,2.521743774908103e-07
-0.5477849936232835,-0.53149676,-0.53149676,-3.229370104662621e-09
-0.5383443947420079,-0.5316818,-0.5316819,1.2395324711089728e-07
-0.5823237700181942,-0.63181996,-0.63181996,-3.4552002370347168e-09
-0.5411074968536007,-0.55358315,-0.553583,-1.451416015152418e-07
-0.4759443387218692,-0.48548278,-0.48548272,-6.212547304373928e-08
-0.4973583800867139,-0.48568758,-0.48568758,-3.684921257018914e-09
-0.559988694616152,-0.59266055,-0.5926604,-1.46302795434039e-07
-0.5067989789679895,-0.5068376,-0.5068376,-6.430053711703465e-09
-0.440484528289761,-0.43795124,-0.43795124,3.0367279246767964e-09
-0.4526882292826294,-0.43818632,-0.43818632,2.317733782675191e-09
-0.5316668979723251,-0.54936254,-0.54936254,-2.4505619755643693e-10
-0.4685760664242883,-0.4546996,-0.45469967,6.429664611840025e-08
-0.4004195476716646,-0.38273463,-0.38273463,3.4683990679518217e-09
-0.4038734253111556,-0.3830066,-0.38300666,5.7474288939207696e-08
-0.4704181344986836,-0.43370488,-0.43370488,-2.8601837009922804e-09
-0.4992004481611091,-0.50261104,-0.5026109,-1.4106903079014188e-07
-0.4236756571109044,-0.4054412,-0.4054412,5.227279664676843e-09
-0.3543678458117837,-0.31952956,-0.31952956,-3.1885528661845797e-09
-0.3518350022094902,-0.31969282,-0.31969282,-3.105926627000599e-10
-0.4616683111453062,-0.45579675,-0.4557967,-4.839973449799473e-08
-0.3744003361208318,-0.34971115,-0.34971115,6.90460466579168e-11
-0.3007176131450224,-0.2670875,-0.2670875,1.0633468605636409e-08
-0.2958821844497349,-0.26722506,-0.26722506,3.113327040615843e-09
-0.4172284188505211,-0.40283683,-0.40283677,-5.942390440827339e-08
-0.3191382938889747,-0.29872212,-0.29872212,1.8607330121156451e-09
-0.241310917745776,-0.21457613,-0.21457607,-5.514495848846224e-08
-0.2348636794853926,-0.21468458,-0.21468464,6.420387269057137e-08
-0.3665715468046521,-0.3569809,-0.3569809,9.964370717430171e-09
-0.2581197889246325,-0.25190943,-0.25190932,-1.147953796465373e-07
-0.1763780181233439,-0.16420528,-0.16420522,-6.29265594354056e-08
-0.1690097458257629,-0.1643041,-0.16430414,3.257240294152197e-08
-0.1515100991190082,-0.311613,-0.31161293,-6.347877501422516e-08
-0.0458214433505815,-0.22206905,-0.22206905,-4.841995249194042e-09
-0.1084517578800195,-0.30775407,-0.30775413,6.043327333005166e-08
0.103616329184732,0.008484095,0.008484095,3.350067133423007e-10
0.0340782593763118,-0.10192138,-0.10192138,4.338073789078578e-10
0.1257211460774749,0.063293025,0.063293025,-1.0242462433751598e-10
0.063781607075935,-0.019571096,-0.019571155,5.929496765116893e-08
0.0704591038456178,0.026561901,0.026561871,2.997332000653774e-08
0.0200324903090481,-0.03604397,-0.036043942,-2.9776962277849872e-08
-0.2226599784925242,-0.53254116,-0.53254116,4.184875446178182e-09
-0.0145062860858624,-0.0768207,-0.07682067,-3.136070252096612e-08
-0.0575646273248511,-0.16596639,-0.16596636,-3.1563415520130533e-08
-0.3545981043210831,-0.5824479,-0.5824479,1.353302003792578e-08
-0.1167410642147981,-0.2267786,-0.22677854,-5.6639633178035e-08
-0.1593388884351879,-0.27497396,-0.27497396,1.2693023854204455e-09
-0.4865362301496418,-0.6517234,-0.6517234,1.5142822218372487e-08
-0.2551264283037402,-0.3952107,-0.3952107,-1.314811703956309e-08
-0.2885139121521539,-0.42805198,-0.42805192,-5.834968569429222e-08
-0.6182440974689014,-0.7299293,-0.7299293,-2.7964782711720204e-08
-0.4128535071738324,-0.5708636,-0.5708636,-4.545593235150136e-09
-0.4379516846874675,-0.60837364,-0.60837364,-1.96777338867804e-09
-0.7501822232974601,-0.82797825,-0.8279785,2.4663543696235024e-07
-0.5807119604530984,-0.68073714,-0.68073714,2.2055053339187225e-09
-0.591303851880871,-0.7167988,-0.71679914,3.5765136718879376e-07
-0.8818900906167196,-0.9020475,-0.9020473,-2.1491546631224878e-07
