y_true,y_pred_recomputed,y_pred_reference,delta
-0.4328859974828806,-0.38743964,-0.38743976,1.2162376405999709e-07
-0.4526882292826294,-0.38851914,-0.38851914,1.902236923534417e-09
-0.4476225420780425,-0.3999963,-0.3999962,-1.1047248837936507e-07
-0.4344978070479764,-0.4148532,-0.4148532,1.458473203319599e-08
-0.4112416976087366,-0.41623792,-0.41623792,-5.226898358579035e-10
-0.383610676492808,-0.3955967,-0.39559665,-6.282768250098769e-08
-0.3536770702838854,-0.35701445,-0.35701445,2.549362165815694e-09
-0.3223619130191664,-0.298565,-0.298565,-2.9563901327023245e-10
-0.2880533951335551,-0.24607638,-0.24607638,4.753952037583886e-09
0.0221048168927428,0.01696296,0.016962945,1.536243438710061e-08
0.1839765489302242,0.12965897,0.12965897,-2.7434539917603473e-09
0.363117669165161,0.311981,0.311981,-7.444381722176985e-09
0.557225592504559,0.48160693,0.48160693,4.943084830344446e-10
0.744425760564975,0.71307063,0.71307063,1.0272216410811552e-09
0.9956377942106256,0.96282315,0.96282315,2.5421142968440336e-09
1.219218806740347,1.2630599,1.2630599,-4.5492553724102436e-08
1.476187303118483,1.5244181,1.5244181,1.56158446174004e-08
1.740754330303499,1.7762514,1.7762514,3.527984615558921e-08
0.2420016932736742,0.15601827,0.15601827,2.042274488411877e-09
0.4216033305272098,0.27269962,0.27269962,4.300003075830006e-09
0.5942972125017633,0.47634426,0.47634423,2.7593154927618713e-08
0.784260482673772,0.7433007,0.7433007,-2.365417484107013e-08
0.9875787463851464,0.95901954,0.95901954,1.7404174768032021e-09
1.1920483026430178,1.1748726,1.1748726,3.679504390063926e-08
1.4073400088379608,1.4214151,1.4214151,-9.43908684547523e-09
1.6237830075794013,1.6275889,1.6275889,-3.185882557765751e-08
1.8427588499231349,1.868927,1.8689272,-1.9804687489966e-07
2.4209379667739395,2.546721,2.546721,-1.8402099399850158e-08
2.301433800447549,2.6014671,2.6014671,3.256835956477744e-08
2.208869879709188,2.596684,2.5966842,-2.2096557605877365e-07
2.138871292882169,2.5312476,2.5312476,1.5814209053388595e-08
2.0918985569850905,2.343572,2.3435717,2.0132141109741042e-07
2.068181930527252,2.1401134,2.1401134,-4.6270752118715563e-08
2.060583399720372,2.0661242,2.0661242,8.209228852251726e-10
2.086832869780504,2.0717824,2.0717824,-4.9459838891152685e-08
2.148772408782044,2.148819,2.148819,-3.027343753458922e-08
2.13081224505669,2.096436,2.096436,2.371215801488802e-08
2.1326543131310856,2.105805,2.105805,-7.980346694580476e-08
2.137950258844972,2.113996,2.1139958,2.2890014639287415e-07
2.148311891763445,2.131928,2.131928,-3.2928466620063546e-08
2.1635089533772054,2.1493304,2.1493306,-2.2242126451743616e-07
2.182159892630457,2.1337998,2.1337998,-8.663940231912193e-09
2.202883158467404,2.1338918,2.1338918,2.090759299022693e-08
2.2245274583415475,2.1726303,2.17263,3.100585939108669e-07
2.2464020167249914,2.204569,2.204569,1.0133361838526866e-07
-0.6672891599496745,-0.75349855,-0.75349855,-4.2297363389565135e-09
-0.1549639767584993,-0.45833877,-0.45833883,6.270988461842819e-08
0.241310917745776,-0.1140933,-0.1140933,-3.68041992715451e-09
0.5763370487764098,0.2693238,0.2693238,-3.966140749156466e-09
0.8853439682562106,0.6301496,0.6301496,2.8900146720189923e-09
1.1835287377989396,0.9280375,0.9280375,2.422332767704205e-08
1.4464839554188595,1.2220736,1.2220737,-1.4500732414823858e-07
1.737991228191906,1.5218271,1.521827,1.0170745845528018e-07
2.008314718109407,1.8675146,1.8675146,1.0290527319156695e-08
0.6104153081527216,0.62680215,0.6268022,-5.3565216040496466e-08
0.8003785783247304,0.9332948,0.9332948,-2.6898193339341958e-08
0.9472835072577503,1.2416099,1.2416099,3.0992126420770205e-08
1.0766887894840158,1.366634,1.3666339,1.1126861565458057e-07
1.1892852005314247,1.398431,1.398431,-5.6510925272590384e-08
1.3097104008950131,1.4413444,1.4413445,-1.1962127688391888e-07
1.427833016165608,1.4849579,1.4849578,1.334259032148566e-07
1.5629947611243582,1.5947188,1.5947186,2.1389617921308002e-07
1.7094391730387797,1.7303373,1.7303374,-1.3784637453717608e-07
-0.5148580267934686,-0.5600591,-0.56005895,-1.2058715814777798e-07
-0.2574290133967343,-0.33212975,-0.33212975,3.3245086683564296e-09
-0.0020723265836946,-0.062028497,-0.062028468,-2.945750426919247e-08
0.2571987548874349,0.20375414,0.20375414,1.9267654416399438e-09
0.528673537351433,0.52858174,0.5285818,-6.152801512726569e-08
0.7913984964620536,0.70846546,0.70846546,-3.037414542106376e-09
1.070011292714333,0.98457825,0.98457825,1.838684093868892e-09
1.3424071092155287,1.2833512,1.2833512,-1.7062377954957242e-08
1.635526191553671,1.5598915,1.5598915,-3.767395018172692e-08
-0.3628874106558616,-0.14182138,-0.14182138,-4.429931643734619e-09
-0.4317347049363836,-0.1252819,-0.12528196,5.983253478780703e-08
-0.3488416415885979,-0.06973034,-0.06973031,-3.143447875608718e-08
-0.133780193902954,0.068737045,0.06873706,-1.5069541933754316e-08
0.1664769022234695,0.35541278,0.35541278,1.2385559244876276e-09
0.5360418096490139,0.81482446,0.81482446,1.936950710934582e-09
0.9516584189344393,1.2496268,1.2496266,1.5571441647210804e-07
1.370959164368655,1.5200803,1.5200803,2.798767084755127e-08
1.7822008619773917,1.8118932,1.8118932,2.471618643085094e-08
1.0133676994266796,0.6887549,0.6887548,1.1619110107385922e-07
1.1473781518389332,0.88939977,0.88939965,1.1692199708424056e-07
1.2795465361767913,1.1010095,1.1010095,-1.1894226048525525e-08
1.4080307843658593,1.2455271,1.2455271,4.824676502757086e-08
1.5307585698224415,1.4006567,1.4006567,1.342772559809191e-10
1.6463483414907427,1.5558676,1.5558674,1.527572632831209e-07
1.753879065333565,1.7033293,1.7033293,2.472228999295112e-08
1.853350741350908,1.8185413,1.8185414,-1.1162414548238075e-07
1.94522388656137,1.9358394,1.9358395,-8.540344231811048e-08
-0.6187046144875001,-0.62260985,-0.62260985,-3.7445068157282435e-09
-0.1549639767584993,-0.15208015,-0.15208018,3.154151917428294e-08
0.2565079793595367,0.19014902,0.19014904,-1.587108611200705e-08
0.6150204783387097,0.45353723,0.4535372,2.572326662786395e-08
0.9272510169487024,0.7916404,0.7916404,8.865356226905874e-10
1.201949418542892,1.1459091,1.1459091,-2.9031371973076148e-08
1.4485562820025542,1.4294556,1.4294558,-1.6206817621267078e-07
1.6645387637253957,1.6339765,1.6339765,-4.049682611473315e-08
1.8724621976227585,1.8486716,1.8486716,-4.4480896077558896e-08
-0.4989701896518098,-0.366482,-0.36648205,6.037788391477505e-08
-0.0877284920430731,0.0008755028,0.0008755028,2.4783325240120002e-11
0.3145331237029867,0.25819707,0.25819707,-8.319091526765021e-10
0.6831769970913335,0.53156114,0.531561,1.3624572758885733e-07
1.0030060665082063,0.88003993,0.88004005,-1.19656372032928e-07
1.281618862760486,1.1703469,1.1703469,-4.388275143263343e-08
1.5199364198853698,1.4598092,1.4598092,-1.5925598173538447e-08
1.727859853782732,1.6450396,1.6450397,-1.4158935557340158e-07
1.9065404569990696,1.8556894,1.8556893,1.0639495839903645e-07
1.6078951704377422,1.6169891,1.6169891,3.574218743196411e-08
1.7412148473220974,1.7141343,1.7141342,1.3551788335952608e-07
1.87177142209486,1.8503791,1.8503792,-9.061737049620433e-08
2.001176704321125,2.0423777,2.042378,-2.8965759257815193e-07
2.125055782324205,2.1648588,2.1648588,1.80541990246752e-08
2.233968057222824,2.2675393,2.2675393,-3.7228393701127516e-08
2.321926807775196,2.3239186,2.3239183,2.810089112514902e-07
2.3596892033002983,2.3134866,2.3134863,2.7608032215908906e-07
2.306729746161435,2.26975,2.2697499,2.1825561535848692e-07
-0.5887710082785775,-0.6246438,-0.6246438,-2.642822294340874e-09
-0.3120002801006932,-0.35062286,-0.35062286,-2.5774383738408346e-09
0.0223350754020422,-0.08646107,-0.08646107,2.800292969729057e-09
0.3700254244441432,0.19622946,0.19622944,1.7855224604401698e-08
0.6196256485246978,0.53448445,0.5344844,4.604873660163378e-08
0.9187314521046244,0.8518623,0.85186243,-1.1863677973344977e-07
1.282309638288384,1.1758168,1.1758168,-2.5631713862495076e-08
1.606053102363347,1.5099684,1.5099684,1.5258905250448151e-12
1.878679177373842,1.8428392,1.8428391,1.4102783207903258e-07
-0.7032094874003816,-0.7002801,-0.7002801,2.969512935546703e-08
-0.3817686084184128,-0.4608946,-0.46089455,-6.44580840925002e-08
-0.0633210900573362,-0.13804582,-0.13804582,2.386398328946271e-09
0.2712445239546986,0.23609868,0.23609868,-3.0800628714189315e-09
0.5857776476576854,0.5099428,0.5099429,-7.03910827404286e-08
0.9086000776954504,0.7920269,0.7920269,-2.259674070081985e-08
1.2369487119564015,1.1226026,1.1226026,-1.8022155767738468e-08
1.5687512238568435,1.436528,1.436528,-3.254699709742681e-08
1.917362606936142,1.8043126,1.8043127,-1.1321563730959383e-07
-0.7243932702559268,-0.7795392,-0.77953935,1.2251434322596566e-07
-0.3575914649419753,-0.4710944,-0.47109428,-1.1969062807537512e-07
-0.0352295519228089,-0.12886825,-0.12886825,-2.038955698724365e-09
0.2710142654453992,0.24843797,0.24843797,8.766937176218903e-10
0.5348905171025169,0.56801844,0.56801844,-3.5681152477096134e-09
0.7999180613061315,0.82206285,0.82206285,-1.5258905250448151e-12
1.0877411979303873,1.0724221,1.072422,1.4679718018939525e-07
1.374413042008146,1.3642408,1.3642408,-3.442840568190775e-08
1.6516442872046293,1.627099,1.6270989,1.3717041014160714e-07
-0.5500875787162776,-0.5966791,-0.5966791,8.546447771706767e-09
-0.3099279535169986,-0.29154003,-0.29154003,3.3352661188423838e-09
-0.052959457138863,-0.0044304132,-0.0044304132,-4.615478485514579e-11
0.2730865920290938,0.31436267,0.31436267,4.951553334020531e-09
0.5657451573486371,0.6369928,0.6369928,1.2156677220431789e-08
0.8897188799328993,0.8986139,0.8986139,2.9748535190776693e-08
1.22198190885194,1.17788,1.1778802,-1.5124816887812642e-07
1.5507910601314898,1.4981003,1.4981003,-1.923828119032578e-08
1.896869599608495,1.8390919,1.8390918,9.701080316837363e-08
0.7052818139840763,0.7783817,0.7783817,5.2841186981567034e-09
0.8961661181932826,0.910779,0.9107791,-1.0067138667135822e-07
1.0626430204167523,1.0449071,1.0449071,-6.951904385488206e-09
1.2086269153125748,1.1835368,1.1835369,-1.3204040527625693e-07
1.3421768507062293,1.3017979,1.3017979,-3.3178710889814056e-08
1.4655954116907102,1.4087776,1.4087778,-2.054336547541169e-07
1.5830272514334065,1.5330033,1.5330034,-6.976928701440954e-08
1.7006893496854023,1.6505655,1.6505655,5.027771088350619e-09
1.8231868766326853,1.76987,1.76987,4.2800903266027035e-08
0.7886353943504608,0.68505996,0.68506,-3.534317016828936e-08
1.0087625292406914,0.9241365,0.9241364,1.1943206790210326e-07
1.2245147524542337,1.142996,1.1429961,-1.4644012447107002e-07
1.4119451790239488,1.3048733,1.3048732,1.4728240960160122e-07
1.5724353600056338,1.4755824,1.4755822,1.6122131341056445e-07
1.7230244250874445,1.5643005,1.5643007,-1.62890624988421e-07
1.86785702743677,1.6736572,1.6736574,-2.211212157821052e-07
2.000485928793227,1.7968078,1.7968078,-3.403930670664579e-08
2.1112402717662406,1.9667723,1.9667723,1.7886352621232504e-08
-0.4616683111453062,-0.4471933,-0.44719324,-5.476356507161384e-08
-0.1961802499230927,-0.1853455,-0.18534553,2.9292373665557037e-08
0.081972029310588,0.07481326,0.07481323,3.16281509454841e-08
0.3755516286673289,0.36042684,0.36042684,3.1663512922719406e-09
0.6659076088938781,0.6763532,0.6763533,-8.38287353976952e-08
0.9657041880017028,0.96715784,0.96715784,7.287597192373596e-10
1.2919804956789591,1.2968882,1.2968881,1.322311400375753e-07
1.6247040416165988,1.6182235,1.6182237,-1.5206451409177646e-07
1.9551250024612443,1.9374977,1.9374977,3.502349854578313e-08
0.3186777768703759,0.30758712,0.30758712,-3.0432891762188774e-09
0.3916697243182872,0.4011166,0.4011166,9.573364267989604e-09
0.5049569108935943,0.532989,0.532989,2.5115966750810514e-08
0.6525526153545126,0.6424868,0.6424868,1.068420407701609e-08
0.8061350410572156,0.7756996,0.77569973,-1.145214844067155e-07
0.9654739294924036,0.9003043,0.9003043,1.7474365288094873e-08
1.1305692806600764,1.001091,1.001091,3.4179687968816097e-09
1.294513339281253,1.200784,1.2007841,-1.3202819815205658e-07
1.4540824862257398,1.4025956,1.4025955,1.3922882069472564e-07
0.5215355235631514,0.5384573,0.5384573,-2.556304934397957e-08
0.6175533219410031,0.63218164,0.63218164,4.4396972764815246e-09
0.7469586041672686,0.75859976,0.75859964,1.1814819333988424e-07
0.9090605947140492,0.85924757,0.85924757,-4.730529745700096e-09
1.0670179320934408,1.0225811,1.0225811,4.63867166899945e-10
1.259283787358444,1.2457596,1.2457596,6.361389193187961e-09
1.4503983500769495,1.4332476,1.4332478,-2.3377685542946836e-07
1.6778937572647612,1.6475228,1.6475228,7.121276901500551e-09
1.92588217178022,1.9319985,1.9319983,1.912872313880598e-07
-0.1637138001118766,-0.23464328,-0.23464328,-5.061340235812395e-10
0.1169713227240975,0.056050822,0.056050822,1.3878631577313172e-10
0.381308091399814,0.29024297,0.29024297,-1.0223377699958291e-11
0.627224179331578,0.52864283,0.5286428,3.323287967038624e-08
0.8551801035379887,0.72969973,0.72969973,8.73107919296956e-10
1.0637943129632492,1.0005548,1.0005548,3.356936950638101e-11
1.2526062905887612,1.2811254,1.2811255,-7.370758048352855e-08
1.4317474108236978,1.4836569,1.4836569,-1.6760253851444418e-08
1.5979940545378677,1.6358997,1.6358997,-3.7028503374614274e-08
0.0672354847154261,-0.1709817,-0.17098168,-2.5188751223703676e-08
0.4531487463012282,0.27254105,0.27254102,2.6142578102295033e-08
0.7377482637952923,0.5963237,0.5963237,2.8561401355098326e-08
0.9696185826597926,0.83128667,0.83128667,-1.2225341849969595e-09
1.17569994848276,1.0215831,1.0215832,-1.1970825197771262e-07
1.3622093410152776,1.16764,1.16764,-2.9220581065914075e-08
1.5330611549154356,1.3656646,1.3656645,1.0132598871059884e-07
1.6997683156482046,1.5571755,1.5571756,-8.29177857486485e-08
1.859337462592692,1.7290666,1.7290666,1.0336303812863434e-08
-0.9244879148371096,-0.94298947,-0.94298923,-2.385745239141812e-07
-0.5625215382184454,-0.6300515,-0.6300515,6.3552856310877814e-09
-0.2033182637113742,-0.29831582,-0.29831582,-3.0781555082626255e-09
0.1591086299258885,0.020125285,0.02012527,1.4790992736157804e-08
0.5226868161096484,0.37323186,0.37323186,-1.984939601573643e-09
0.8835019001818154,0.67851746,0.6785174,6.08230590337655e-08
1.2353369023913057,1.0575193,1.0575193,1.6673278757650678e-08
1.5678301898196458,1.451545,1.451545,7.629386011842598e-11
1.887659259236519,1.833427,1.833427,-4.763793937101468e-08
1.087050422402489,1.1005781,1.1005781,-3.0313110244151176e-08
1.2222121673612396,1.2189397,1.2189397,-3.802032466637684e-08
1.3523082251154033,1.3252923,1.3252925,-1.5113830564850161e-07
1.4782596297021775,1.4529102,1.4529102,-1.51397705483447e-08
1.6081254289470417,1.5751401,1.5751401,1.859893794531331e-08
1.7423661398685946,1.6993253,1.6993253,2.310485847090149e-08
1.880290986938938,1.8369188,1.8369188,3.0871581957470084e-08
2.0239722967417664,1.986064,1.9860637,2.5721435537029436e-07
2.178015239463068,2.1360605,2.1360605,-2.369689955372678e-08
1.109155239295232,1.1941817,1.1941818,-1.193206786709311e-07
1.169482968731676,1.2329289,1.2329289,-2.7891540632651868e-08
1.253757583135258,1.2905657,1.2905658,-7.085876463364116e-08
1.351156932568906,1.3557618,1.3557616,1.6643371592017786e-07
1.4547732617536382,1.4445875,1.4445873,1.6910095212985254e-07
1.5715143259684363,1.5815251,1.5815251,-1.2643432523162801e-08
1.6921697848413244,1.7138938,1.7138938,-2.8828430087557422e-08
1.8685478029646685,1.8624072,1.8624072,7.489013631456487e-09
2.0069331670536106,2.0430734,2.0430734,1.5756225657526102e-08
-0.6686707110054709,-0.6344267,-0.6344267,-1.2989807118835017e-08
-0.2599618569990278,-0.28769296,-0.28769302,5.592300417189833e-08
0.0801299612361927,0.06589508,0.065895066,1.4566406247862318e-08
0.4586749505244139,0.42729104,0.4272911,-6.434783933473298e-08
0.8521867429170964,0.74408805,0.74408793,1.2370330815247854e-07
1.1832984792896402,1.0435457,1.0435457,2.2961425871770302e-08
1.5141799571528844,1.3895571,1.3895574,-2.7681579584104554e-07
1.7971676650818529,1.7126377,1.7126379,-2.3711242680413136e-07
2.0239722967417664,1.9704552,1.9704552,-3.0322265587301445e-08
-0.1363130375052475,-0.12163547,-0.12163544,-2.6814041140243994e-08
0.1381551055796427,0.13194194,0.13194194,4.360733024677543e-09
0.4133140241924312,0.3736109,0.3736109,1.3753509497949068e-08
0.6905452693889144,0.63068515,0.63068515,6.233215055218011e-10
0.9548820380646308,0.8881067,0.8881067,3.758239719431344e-09
1.2148438950636584,1.1171991,1.1171992,-1.3669891352208197e-07
1.4695098063488,1.370207,1.3702071,-1.479049682728828e-07
1.7184192549014563,1.6177058,1.617706,-1.7800903329145967e-07
1.9590393971193345,1.8722962,1.8722961,1.1410369871178716e-07
-0.4773258897776657,-0.46051386,-0.4605138,-5.998725893796575e-08
-0.2139101551391468,-0.21089402,-0.21089405,3.158836364702822e-08
0.0513476475737672,0.037340716,0.03734073,-1.4472465517667565e-08
0.3315722533911426,0.35940173,0.3594017,3.268318177207519e-08
0.615250736848009,0.6641191,0.6641191,2.4412536658857675e-08
0.8904096554607975,0.93289685,0.93289685,2.493286133109507e-09
1.1724763293525682,1.2298045,1.2298045,1.5838623079744707e-08
1.4494773160397518,1.4664831,1.4664831,1.6149902304363195e-08
1.70552477838069,1.6687696,1.6687697,-1.019927977630175e-07
1.3133945370438038,1.3166178,1.316618,-1.535110474293333e-07
1.3974388929380863,1.4372816,1.4372815,1.085815428680803e-07
1.4771083371556804,1.531325,1.531325,-1.7356872605844842e-08
1.5521726111872864,1.5608726,1.5608724,1.5477905268568293e-07
1.6228619735422034,1.5877956,1.5877956,1.5196228053682148e-08
1.6898671997483303,1.5898035,1.5898035,-4.273986808911445e-08
1.7534185483149658,1.6293287,1.6293287,2.7722167894594918e-08
1.814437053279308,1.7085644,1.7085644,6.729126145188502e-10
1.873383231659956,1.7915266,1.7915266,-4.3984985431677615e-08
0.8982384447769773,0.9262719,0.9262719,1.5435790978735042e-08
0.9113631798070432,0.92554045,0.92554057,-1.2276489258500334e-07
0.9788289230317688,0.9937037,0.9937037,2.2953796419145078e-08
1.0670179320934408,1.121076,1.121076,-1.218414302783799e-08
1.1862918399105324,1.2595047,1.2595046,7.586517325464115e-08
1.3230653944343789,1.3596032,1.359603,1.6658020030035914e-07
1.4402669756677755,1.4476893,1.4476893,-5.184936480162605e-09
1.557698815410472,1.5662291,1.5662291,4.995727609369283e-09
1.685722546580941,1.6816975,1.6816975,-1.2168884344632147e-08
-0.2447647953852671,-0.22524562,-0.2252456,-2.4780654916956024e-08
-0.0600974709271446,-0.08544445,-0.08544445,-3.7841796363125013e-10
0.1775293106698409,0.027086988,0.027086988,9.146881169153076e-11
0.3937420509019819,0.25164518,0.25164518,-2.3972320795095925e-09
0.6189348729967995,0.54556197,0.54556197,-7.197570317529767e-10
0.8636996683820666,0.87391007,0.87391007,-5.343627762499636e-10
1.142772981652945,1.1658119,1.165812,-1.0367584235559946e-07
1.4253001725633143,1.4706286,1.4706286,1.919403080918869e-08
1.7214126155223488,1.7664223,1.7664223,-2.8271484264763558e-08
-0.892942499063091,-0.86095786,-0.8609581,2.3905334467499983e-07
-0.5754160147392121,-0.590274,-0.590274,2.3674011195851108e-08
-0.2505212581177521,-0.29335704,-0.29335693,-1.1445838926649188e-07
0.1289447652076665,0.022177145,0.022177145,-1.1493682741670064e-10
0.4363398751223717,0.32116282,0.32116282,-1.3763429285162943e-10
0.7709054891344065,0.655805,0.655805,-8.277893037700323e-09
1.1045500691092438,1.0043125,1.0043124,1.1525878895746189e-07
1.463753343616315,1.3644193,1.3644192,1.4108734136542012e-07
1.7874968076912778,1.729246,1.729246,2.031707757588208e-08
-0.0580251443434499,-0.016940206,-0.016940206,-2.8929138251587716e-10
0.1595691469444873,0.22323896,0.22323896,-9.151457369682703e-11
0.392130241336886,0.47484666,0.47484663,3.10908508383001e-08
0.6438027920011352,0.70140314,0.70140314,1.0217284795999149e-09
0.9086000776954504,0.9656645,0.9656645,5.958557092178296e-09
1.1793840846315502,1.2373185,1.2373184,1.1577758796121884e-07
1.4566153298280335,1.4621685,1.4621685,-4.4876098614921034e-08
1.7354583845896123,1.705753,1.705753,-3.1211853102064424e-08
2.0113080787303,1.9633296,1.9633296,-4.6395874031546214e-08
-0.0946362473220552,-0.109314114,-0.109314114,1.4463806541353819e-10
0.1142082206125046,0.15641212,0.15641214,-1.5366210942557856e-08
0.3598940500349694,0.3998388,0.3998388,5.198669439376857e-09
0.6334411590826621,0.6363696,0.6363696,-1.4009094218003781e-08
0.9260997244022052,0.9006599,0.9006598,1.1878509520446556e-07
1.2256660450007306,1.1968673,1.1968673,4.676361076150215e-08
1.5210877124318667,1.4417423,1.4417423,9.87243620187428e-10
1.8022333522864395,1.6854317,1.685432,-2.811737060959274e-07
2.059201848664576,1.9526274,1.9526277,-2.795745850381337e-07
0.072301171920013,0.06572525,0.06572525,2.0322799693106575e-09
0.2991058035799265,0.28085014,0.28085014,2.2405242661172053e-09
0.5429495649279961,0.509899,0.509899,2.0195007333079218e-08
0.7969247006852394,0.74067426,0.74067426,-2.7215576459127533e-09
1.0566562991749675,0.9848881,0.9848882,-1.232177734289408e-07
1.3152366051181992,1.2427531,1.2427531,4.807891840208356e-08
1.5715143259684363,1.4613199,1.4613199,2.3400879012314135e-08
1.8185817064466967,1.7169635,1.7169636,-7.041320793099715e-08
2.054596678478587,1.9712054,1.9712052,1.537368774506831e-07
-0.3085464024612022,-0.38577858,-0.38577864,6.386436463001743e-08
-0.0057564627324851,-0.119532555,-0.119532555,-3.4172058238635117e-10
0.2894349461893515,0.14915073,0.14915071,1.9179382332312755e-08
0.5627517967277448,0.4316092,0.43160915,6.335220337216896e-08
0.8358383887568387,0.6966796,0.6966796,-7.867431595087737e-09
1.1271154030205854,1.0044243,1.0044243,3.3572387758695754e-08
1.4126359545518472,1.323225,1.323225,2.1362304591932002e-08
1.6841107370158452,1.5857248,1.5857248,3.062744147186436e-08
1.9323294100406032,1.8529568,1.8529567,7.185058592540372e-08
0.0401817896328317,0.0690026,0.06900261,-1.1475906377955702e-08
0.1466943791508034,0.14994898,0.14994897,1.438453675617346e-08
0.2223432311434407,0.29409134,0.29409134,3.879699728148722e-09
0.3162695293036935,0.5160553,0.51605535,-6.40693664788472e-08
0.5341514490694873,0.66579366,0.66579366,-2.6971435085343387e-09
0.7547125362181001,0.8238008,0.8238008,2.230834961203243e-09
1.1518370499054076,0.99126244,0.99126244,-4.086914029421962e-09
1.6102375926046646,1.3766676,1.3766677,-8.124847417079195e-08
2.0498839894375105,1.8489957,1.8489957,-1.4422607330644155e-08
-0.3246644981121604,-0.24874574,-0.24874574,5.400085378859387e-10
-0.114438479121804,-0.03649831,-0.036498338,2.981823730291433e-08
0.1402274321633374,0.20307972,0.20307972,-4.628868094380678e-09
0.4213730720179104,0.48430112,0.48430112,4.2800929467290416e-11
0.7301497329884119,0.7959355,0.7959355,1.1589050274984913e-08
1.0527419045168778,1.1151731,1.1151731,1.425170870206216e-09
1.3930639812613976,1.4322733,1.4322731,1.6869964603039023e-07
1.727169078254834,1.7459177,1.7459177,-2.2120666409719547e-08
2.055287454006485,2.0299454,2.0299454,-2.6464843649876002e-08
-0.1489772555167147,-0.09342611,-0.09342614,3.1639709477393474e-08
0.0709196208642166,0.1864975,0.1864975,-5.421638499258918e-09
0.3262763076772563,0.4169287,0.41692874,-3.14466858108986e-08
0.6030470358551406,0.6343043,0.6343043,-1.4950561566529075e-08
0.8924819820444921,0.89621556,0.8962157,-1.4194793696020724e-07
1.1888246835128258,1.1963685,1.1963685,-4.4113159125558354e-08
1.4847068679625608,1.4594326,1.4594326,1.9287109687127213e-09
1.7782864673193015,1.7486962,1.7486963,-9.19998168757985e-08
2.0640372773598625,2.0136578,2.0136576,2.083038328493103e-07
0.161641473528182,0.09753635,0.09753633,1.7806453700419667e-08
0.3525257777373884,0.23087023,0.23087023,1.9860458277953796e-09
0.5574558510138585,0.4271676,0.4271676,-5.567169170106467e-09
0.7771224688854905,0.6187218,0.61872184,-5.683883663731848e-08
1.0032363250175058,0.82046854,0.82046854,4.960021948718918e-09
1.2351066438820062,1.0298796,1.0298795,7.00073241599597e-08
1.4685887723116025,1.315545,1.315545,-3.711700435893306e-08
1.6963144380087136,1.5446621,1.5446621,1.7958068809775796e-08
1.915520538861747,1.7657224,1.7657223,9.39895630214238e-08
0.5995931582156496,0.61185426,0.61185426,-4.800567610097062e-09
0.7651490264019214,0.77128386,0.77128386,4.974975542637594e-09
0.9334679966997862,0.95671344,0.95671344,-1.9659424088658284e-09
1.102708001034849,1.1615621,1.1615621,-1.484832767850719e-08
1.2724085223885098,1.3159734,1.3159735,-9.893035879393608e-08
1.4423393022514703,1.4603552,1.4603554,-2.3737945564761276e-07
1.6125003406237304,1.6302062,1.6302063,-7.269744872751005e-08
1.7831218960145891,1.7801601,1.78016,6.946563724241628e-08
1.953973709914748,1.9132526,1.9132526,-7.913208088794477e-09
0.5240683671654448,0.64075124,0.6407512,4.263763431211487e-08
0.6288359888966739,0.74791205,0.74791205,-7.064819840252312e-10
0.7499519647881607,0.84671783,0.84671783,4.472656245368967e-09
0.88557422676551,0.9667418,0.9667418,3.0822755459070095e-10
1.0582681087400636,1.0756857,1.0756857,3.951721194717095e-08
1.2097782078590718,1.200285,1.2002848,1.5788574225794605e-07
1.3838536408894215,1.3708816,1.3708816,-4.253540031307068e-08
1.6159542182632214,1.5373831,1.5373832,-1.204711914670753e-07
1.813285760732811,1.7469516,1.7469516,-1.9952392626976234e-08
-0.5074897544958877,-0.53696644,-0.53696644,-3.061828568462488e-09
-0.2500607410991534,-0.33305356,-0.3330535,-5.906486510998121e-08
0.0458214433505815,-0.019832298,-0.019832298,-1.5959930252384957e-10
0.3555191383582807,0.26739845,0.26739845,-3.201675424779893e-09
0.6776507928681478,0.6076287,0.6076287,3.1173705838938304e-09
1.0080717537127937,0.90525734,0.9052572,1.4424591066042325e-07
1.3391834900853372,1.2711606,1.2711606,2.5695801042502353e-09
1.670295226457881,1.5886692,1.5886692,-1.9129943851226017e-08
2.000025411774629,2.0079246,2.0079243,2.567321777391385e-07
-0.3034807152566152,-0.27834314,-0.27834308,-6.107894895412969e-08
-0.0826628048384862,-0.058023155,-0.058023155,2.6443481432325555e-10
0.1848975829674218,0.2476,0.2476,4.076957715870577e-09
0.4743325291567734,0.523666,0.523666,2.4208068882813905e-08
0.781957897580778,0.7652782,0.76527834,-1.198233031685092e-07
1.0964910212837646,1.0857997,1.0857996,9.40612792099671e-08
1.41148466200535,1.3863822,1.3863821,1.2217559808291867e-07
1.7257875271990375,1.666121,1.6661208,2.060119628222168e-07
2.035485222206737,1.9771507,1.9771507,-2.1365356372982092e-08
0.2120680870647516,0.1773542,0.17735419,1.1674461369848288e-08
0.5738042051741162,0.48637468,0.48637474,-6.377243044752845e-08
0.884422934219013,0.6584482,0.6584482,1.929931636723836e-08
1.1556674581737116,0.96995616,0.9699563,-1.4040832518880109e-07
1.4140175056076436,1.261208,1.2612083,-2.425964356067567e-07
1.64749963403724,1.4999208,1.4999208,4.503173833825258e-08
1.8611795306670875,1.7214537,1.7214537,-3.331298836783958e-08
2.0617346922668687,1.9742551,1.9742551,-1.5008544851369265e-08
2.2512374454202786,2.2098806,2.2098806,-9.561157199300396e-09
-0.1195041663263909,-0.18323225,-0.18323222,-2.7829437254656142e-08
0.3394010427073223,0.2838869,0.2838869,9.484863283670819e-09
0.704591038456178,0.6263862,0.6263862,2.5223541255670057e-08
1.0043876175640027,0.90980506,0.90980506,-5.670166558502387e-10
1.2546786171724558,1.1633102,1.16331,1.7017364495330867e-07
1.4662861872186086,1.3676181,1.367618,8.395385742154815e-08
1.645887824472144,1.543167,1.543167,-4.951477006187588e-09
1.797858440609751,1.7166368,1.7166365,2.769241334021899e-07
1.9251913962523213,1.8861238,1.8861238,-2.35641479662263e-08
-0.3290394097888491,-0.32240626,-0.32240626,-2.1593475341141755e-09
-0.0244074019857368,-0.011297792,-0.011297807,1.4803726196277456e-08
0.3117700215913938,0.30031466,0.30031466,4.840698231145524e-09
0.632289866536165,0.61378944,0.61378944,-7.986450389907418e-10
0.935079806264882,0.8267509,0.82675076,1.1451934811557152e-07
1.2120807929520656,1.0879784,1.0879784,-3.696289052612656e-08
1.462602051069818,1.3383775,1.3383775,-2.4261474607101263e-08
1.6827291859600488,1.5678473,1.5678473,-4.8107910100014806e-08
1.9014747697944832,1.8036996,1.8036997,-8.738250723006047e-08
0.2093049849531587,0.2729947,0.2729947,-2.906036355998509e-09
0.4388727187246651,0.64135253,0.64135253,4.294128386206353e-09
0.6274544378408775,0.8861958,0.8861959,-1.2115325931372212e-07
0.7674516114949155,0.97456694,0.97456694,-3.5070800707970307e-09
0.8802782810516236,1.005169,1.0051689,1.3400421150500108e-07
0.9721514262620862,1.0669867,1.0669867,-1.9969177200707122e-08
1.046985441784393,1.143106,1.1431061,-1.162658691544749e-07
1.1082342052580345,1.184995,1.184995,5.5198669413059065e-08
1.1623449549433944,1.1848725,1.1848725,8.04901123530044e-09
1.4236883629982184,1.2748355,1.2748355,-3.266143799862675e-08
1.7409845888127982,1.7235911,1.7235912,-1.1075134276339327e-07
1.812594985204913,1.9948102,1.9948101,1.2357940670781886e-07
1.8056872299259308,1.9556742,1.9556742,-2.855224612297036e-08
1.778516725828601,1.8134443,1.8134443,-4.32174682707398e-08
1.7435174324150915,1.7271742,1.7271744,-2.3713531493996243e-07
1.7115114996224745,1.6652532,1.6652533,-1.3761596684425115e-07
1.685031771053043,1.632681,1.6326809,1.1215362549776842e-07
1.64358523937915,1.6057645,1.6057645,8.247375449244032e-09
-0.6755784662844531,-0.70653164,-0.70653164,-3.867492659459515e-09
-0.3396313012166218,-0.41974375,-0.4197438,5.3480911255121555e-08
-0.090491594154666,-0.20386735,-0.20386735,3.951644900190843e-09
0.151970616137607,0.05091293,0.05091293,1.561470029665113e-09
0.3516047437001908,0.23457724,0.23457724,-1.4402770920352026e-09
0.5118646661725764,0.41464648,0.4146465,-2.3492813083780817e-08
0.6619932142357882,0.5469894,0.5469894,-1.8686675984369572e-08
0.7847209996923709,0.68126774,0.68126774,-1.6577148542751274e-09
0.8959358596839833,0.8210894,0.8210894,-1.3059997527875566e-08
-0.1872001680604159,-0.30315012,-0.30315018,6.260269164171106e-08
0.1003927100545404,-0.115037054,-0.115037024,-2.982347106772476e-08
0.3370984576143283,0.06925965,0.06925965,1.0052680909922174e-09
0.5335089660467204,0.34062597,0.34062597,1.5557098387297685e-09
0.7009069023073876,0.47681987,0.47681987,2.856140157714293e-09
0.8443579536009167,0.62775445,0.6277545,-5.01556396415026e-08
0.9700790996783916,0.7840209,0.7840209,7.263183388062089e-10
1.0766887894840158,0.9335691,0.9335691,-2.632293705229216e-08
1.1637265059991908,1.0683068,1.0683068,3.703308104618941e-09
0.4966676045588157,0.5805763,0.5805763,6.210326697342339e-10
0.5447916330023913,0.6417891,0.6417891,-2.128753662233862e-08
0.6177835804503025,0.67760503,0.67760503,2.9208373497624507e-09
0.6958412151028007,0.69943035,0.69943035,-3.511047341753226e-09
0.7683726455321132,0.73905563,0.73905563,3.5449219115690767e-09
0.833766062173144,0.81368244,0.81368244,-3.0569458076001865e-09
0.8986989617955761,0.8591193,0.8591193,-3.926086455940947e-09
0.9562635891204272,0.9062333,0.90623343,-1.1930053711584065e-07
1.0110651143336855,0.9557017,0.9557017,8.793640149384885e-09
0.58393557958329,0.5617558,0.5617558,-2.3594665554682592e-08
0.5567650754859602,0.60071814,0.60071814,6.021118048593621e-10
0.5800211849252002,0.60170627,0.6017062,6.640319827333485e-08
0.6288359888966739,0.62911874,0.62911874,5.586242579624923e-10
0.6905452693889144,0.6842088,0.6842088,1.0329437305500733e-08
0.7462678286393702,0.73870337,0.73870337,9.429934610949431e-11
0.8072863336037125,0.77018285,0.77018285,-2.0233154041093826e-09
0.8683048385680547,0.7864914,0.7864914,-5.957031201653251e-09
0.9247181733464088,0.8398025,0.8398025,3.58581542236891e-09
0.5915341103901705,0.6777675,0.6777674,1.1518249509734346e-07
0.5551532659208644,0.59274983,0.59274983,4.0606689122313355e-09
0.5800211849252002,0.5436113,0.5436113,-1.192932130855695e-08
0.6339016761012608,0.5614724,0.5614724,1.5924072283013402e-08
0.6967622491399983,0.6083454,0.60834545,-6.063385005194988e-08
0.7561689445392448,0.6729531,0.6729531,2.8814697294876623e-08
0.8128125378268981,0.75150824,0.75150824,-4.068603565166029e-09
0.8733705257726416,0.8065051,0.8065051,-1.5962219213072615e-08
0.9378429083764748,0.84363174,0.84363186,-1.1561523438619048e-07
-0.6170928049224044,-0.6343819,-0.6343819,9.703064018928842e-09
-0.3336445799748372,-0.38126066,-0.38126066,-3.270950343914336e-09
-0.0891100430988695,-0.1521875,-0.15218756,6.357627868602833e-08
0.1224975269472832,0.055073813,0.055073798,1.4603950500291507e-08
0.3092371779891004,0.24555236,0.24555236,1.0115051296555322e-09
0.4745627876660728,0.4205581,0.4205581,-5.021667470739288e-09
0.6161717708852067,0.55322903,0.553229,3.394699099601439e-08
0.7471888626765679,0.6898708,0.68987083,-5.5254058883846824e-08
0.8689956140959529,0.8284781,0.8284781,-2.0843505810219654e-09
-0.446240991022246,-0.46426174,-0.46426168,-6.04460906883375e-08
-0.2120680870647516,-0.24636939,-0.24636939,-1.6797638002774562e-09
-0.0048354286952874,-0.054505825,-0.054505855,2.995727538951387e-08
0.183285773402326,0.14881435,0.14881434,1.0366592417820897e-08
0.3513744851908914,0.3171715,0.3171715,1.4034271245133567e-08
0.4975886385960132,0.45255512,0.45255512,-8.697487174913476e-12
0.6341319346105602,0.59840494,0.5984049,4.394302366428349e-08
0.7593925636694363,0.71534276,0.71534276,8.605960388763378e-11
0.8632391513634678,0.8404641,0.8404641,1.5142822218372487e-08
-0.0605579879457434,-0.12765479,-0.12765479,-8.782959082243025e-10
0.1448326023493255,0.051699772,0.051699787,-1.4522850033671375e-08
0.3338748384841366,0.24114278,0.24114278,-4.113006601969005e-10
0.4992004481611091,0.3965159,0.3965159,5.857086204930084e-09
0.6596906291427941,0.52474415,0.52474415,3.022766148497169e-09
0.790477462424856,0.66682065,0.66682065,-4.6676635889753015e-09
0.918040676576726,0.8126254,0.8126254,8.172607368628348e-09
1.0313278631520333,0.9585053,0.9585053,-2.7134704594367065e-08
1.1333323827716697,1.0669392,1.0669394,-1.6526641855030277e-07
0.7331430936093043,0.65098935,0.65098935,3.6567687766719814e-09
0.7985365102503351,0.71077836,0.71077836,-4.4015503464223116e-09
0.8466605386939108,0.7974365,0.7974365,-2.4246215812873118e-08
0.8853439682562106,0.8599678,0.8599678,2.7796936086232904e-08
0.9127447308628396,0.88651025,0.88651025,2.9525756284343174e-09
0.9362310988113792,0.9064189,0.9064189,1.956329342966967e-08
0.9539610040274332,0.93600523,0.93600523,4.71832273252204e-09
0.9677765145853976,0.9309968,0.9309969,-1.2437286378563783e-07
0.9802104740875652,0.9124036,0.9124037,-1.1647338871156876e-07
1.0536629385540754,1.0543045,1.0543045,-1.9447326637944684e-08
0.9343890307369838,0.9474846,0.9474846,1.246490477502249e-08
0.8763638863935339,0.8984997,0.8984997,2.7249145495567006e-08
0.8653114779471625,0.8720859,0.8720859,2.891693118289851e-08
0.8696863896238511,0.8653828,0.8653828,-9.434509284922399e-09
0.8890281044050011,0.8760383,0.8760382,1.1291198731555596e-07
0.9182709350860256,0.8840269,0.8840269,-1.4967346140259963e-08
0.9564938476297268,0.8984058,0.8984057,9.032897951843921e-08
0.9981706378129188,0.92703617,0.92703617,-3.808898974000385e-09
0.2249625635855182,0.15803191,0.15803193,-1.9342117296705652e-08
0.4600565015802104,0.41842127,0.41842124,2.8463134738032636e-08
0.6447238260383329,0.58602273,0.5860227,3.464202880110179e-08
0.7858722922388679,0.7006731,0.7006732,-9.66674804647738e-08
0.9007712883792708,0.8001791,0.8001791,2.387847897189488e-08
0.988499780422344,0.9007672,0.9007673,-9.285430913053005e-08
1.059189142777261,0.9713807,0.9713807,1.0601806654797485e-08
1.1225102328345973,1.0292878,1.0292878,1.509399405463796e-08
1.1664896081107838,1.1102129,1.1102129,2.2096252383363435e-08
-0.3030201982380164,-0.3790759,-0.3790759,-1.462135312824131e-08
0.1347012279401516,-0.060983747,-0.060983688,-5.9243881224413375e-08
0.4368003921409705,0.26244208,0.26244208,2.166671730918779e-09
0.6504802887708179,0.49859294,0.49859294,2.9531097567314646e-09
0.824095204782569,0.6362115,0.6362115,1.4472961384903726e-08
0.973763235827182,0.7660651,0.7660651,2.0697021430038376e-08
1.0198149376870629,0.8794795,0.8794794,1.2747344968477847e-07
1.0905043000419803,0.96714544,0.96714544,2.9626464614906922e-09
1.1494504784226276,1.0720404,1.0720404,3.865203868080869e-08
0.1667071607327689,0.12949227,0.12949228,-1.2033729540616989e-08
0.4593657260523122,0.342776,0.342776,4.99725316682742e-10
0.6654470918752792,0.6296576,0.6296576,2.615203853473247e-08
0.8243254632918684,0.84700465,0.84700453,1.2202331545196898e-07
0.9502768678786429,0.9133438,0.9133438,-1.2806701699119571e-08
1.0525116460075783,1.0023215,1.0023215,-1.8295288173320046e-08
1.1326416072437713,1.0955373,1.0955374,-9.512176513126747e-08
1.1984955409034008,1.1778096,1.1778096,-3.938293469119003e-09
1.2528365490980604,1.2573687,1.2573688,-1.1618499762278134e-07
0.023946884967138,-0.07008192,-0.07008195,3.056831360259693e-08
0.4469317665501442,0.31156957,0.31156954,3.149505617416892e-08
0.7220906851629327,0.64350605,0.64350605,1.0986322962480699e-10
0.8777454374493303,0.8452097,0.8452096,1.1775054931106865e-07
0.9767565964480744,0.9567126,0.9567126,3.5690307376157193e-09
1.049978802405285,1.0508295,1.0508296,-7.023773185288462e-08
1.103629035072046,1.0989511,1.0989511,1.3031005163810505e-09
1.1395493625227533,1.1170602,1.1170603,-1.1552124012936815e-07
1.1759302069920594,1.1445868,1.1445868,1.5289307597754487e-09
-0.4540697803384258,-0.4458498,-0.44584987,6.392967222268453e-08
-0.3308814778632444,-0.33697423,-0.33697423,-3.38890077111742e-09
-0.2053905902950689,-0.22631514,-0.22631517,2.9275817881035948e-08
-0.0810509952733904,-0.029425517,-0.029425517,2.754135149107828e-10
0.0373018785065035,0.12616423,0.12616423,-2.2759246709469494e-09
0.1588783714165891,0.2602837,0.2602837,8.572387688587924e-09
0.2742378845755908,0.35460988,0.35460985,2.6871109004567018e-08
0.3819988669277122,0.437838,0.437838,-1.1861801152424079e-08
0.4798587333799591,0.57081425,0.57081425,1.8997192707814747e-09
0.0478937699342761,0.08400833,0.08400831,1.861661910740331e-08
0.1754569840861463,0.26086605,0.26086605,-4.048156754254961e-09
0.2875928781149563,0.34404597,0.34404597,-3.136367776601645e-09
0.3767029212138259,0.43890828,0.43890828,-1.0578918296921813e-09
0.4618985696546056,0.550321,0.550321,-1.7066955515510074e-08
0.5404167213257025,0.61758965,0.6175897,-4.746170045866194e-08
0.6212374580897936,0.66421604,0.66421604,1.564941398690678e-09
0.6953806980842019,0.7914059,0.7914058,1.1621398920969028e-07
0.7683726455321132,0.8369055,0.8369055,-2.0568847625135334e-08
0.4508461612082342,0.43780804,0.43780804,-3.1958007906673913e-09
0.4819310599636538,0.46909723,0.46909723,-3.1418609380828855e-09
0.5143975097748699,0.5022507,0.5022507,-2.8613281299882942e-08
0.5404167213257025,0.55436516,0.55436516,-1.918945335965816e-09
0.5816329944902959,0.5944115,0.5944115,-7.652282696390955e-09
0.6205466825618954,0.61693275,0.61693275,-2.5177004925325264e-10
0.6645260578380817,0.694206,0.694206,-6.256103413093683e-10
0.7149526713746512,0.84629333,0.84629333,1.9256596317518415e-10
0.7782737614319876,0.86832154,0.86832154,-2.0285033652811535e-09
0.6560064929940036,0.63471544,0.63471544,-2.110900898522061e-09
0.6387371047965483,0.62997425,0.62997425,-3.974914508653171e-09
0.6230795261641888,0.619215,0.619215,1.1596679727610137e-08
0.6173230634317037,0.6111661,0.6111661,1.9575500442847726e-08
0.62261900914559,0.6155149,0.6155149,-2.5541686987651246e-08
0.6495592547336204,0.63620865,0.63620865,3.4500121648406434e-09
0.6834072556006329,0.7128937,0.7128937,2.4441528356788922e-08
0.7218604266536334,0.84106374,0.84106374,-2.130737253303039e-09
0.7785040199412869,0.86074007,0.86074007,-4.425353972159485e-09
0.9730724602992836,0.9903064,0.99030626,1.1741088867811555e-07
0.9244879148371096,0.9649664,0.9649664,1.63589477519821e-08
0.8710679406796477,0.90282655,0.90282667,-1.2237731938924412e-07
0.8326147696266469,0.8716804,0.87168026,1.1891387940998754e-07
0.8091284016781077,0.8234801,0.8234801,2.9241943311220098e-08
0.8029114219270238,0.79600847,0.79600847,-2.3257445969093737e-09
0.8015298708712274,0.8329761,0.8329761,2.8289794951064096e-09
0.8171874495035869,0.9161186,0.9161186,2.182617186985425e-08
0.8482723482590065,0.8986236,0.8986236,-1.4299011197316247e-08
1.084747837309495,1.1985886,1.1985887,-9.03045653810608e-08
1.0092230462592904,1.1114447,1.1114446,1.1168518065929334e-07
0.9318561871346904,1.0363742,1.0363743,-8.868865974953621e-08
0.8577129471402821,0.95083165,0.95083165,1.68762204211248e-09
0.7989970272689338,0.87659574,0.87659574,-4.450073198825066e-09
0.7833394486365745,0.87489855,0.87489855,2.8945922325718243e-09
0.7778132444133887,0.8957641,0.8957641,1.2472534227647714e-08
0.7561689445392448,0.94880927,0.94880927,-3.909606971497226e-09
0.7865630677667661,0.92134774,0.9213476,1.3731231685021328e-07
-0.5263709522584389,-0.45502242,-0.45502236,-6.445945738287051e-08
-0.3566704309047777,-0.31480822,-0.31480822,3.287506378235605e-10
-0.1798318957628349,-0.17394722,-0.17394719,-2.5080261228938028e-08
-0.0407557561459946,-0.08999261,-0.08999267,5.739967345874675e-08
0.1275632141518701,-0.0064343214,-0.0064343214,-3.503418041783668e-12
0.260652632526926,0.12342543,0.12342543,1.549549100143821e-09
0.41377454121103,0.2626703,0.2626703,8.351516700422223e-09
0.5629820552370443,0.45162544,0.45162544,-3.4555816541548268e-09
0.7089659501328668,0.6252501,0.62525016,-5.8910522460209336e-08
-0.6065009134946318,-0.5376632,-0.5376632,-2.1359252921904215e-08
-0.4374911676688687,-0.38297984,-0.38297984,-4.020689337025374e-11
-0.2843692589847647,-0.22310024,-0.22310024,-4.9989318795518045e-09
-0.1245698535309779,-0.10667917,-0.10667917,-1.3237762414020082e-09
0.0391439465808987,0.0053147376,0.0053147227,1.4858364868336471e-08
0.1872001680604159,0.14828473,0.14828473,3.2954406703478156e-09
0.360815084072167,0.3035192,0.3035192,-1.0642242420644266e-08
0.5284432788421336,0.4808973,0.48089728,2.7395935076057754e-08
0.6983740587050942,0.63020957,0.63020957,-4.837341305297116e-09
-0.0911823696825642,-0.010119721,-0.010119751,2.9706550597891068e-08
0.0078287893161797,0.102366224,0.10236622,3.9313125671514015e-09
0.1096030504265166,0.21004435,0.21004435,4.200363168394006e-09
0.2152917061949432,0.32678407,0.32678407,4.306488055050295e-09
0.3149936407215855,0.46293518,0.4629352,-2.0528030386657292e-08
0.4073273029506467,0.587536,0.587536,-2.263641352140411e-08
0.5017332917634026,0.6770673,0.6770673,-2.0184326210426207e-08
0.6085732400783262,0.70489764,0.70489764,2.1356201251876428e-09
0.7313010255349089,0.76952183,0.76952183,2.4661255260127746e-09
-0.5420285308907984,-0.4853944,-0.4853944,1.1562728885472495e-08
-0.4022616157460598,-0.34310082,-0.34310082,3.98857114003448e-09
-0.2652578027129141,-0.19332218,-0.19332218,-1.7016601461250502e-09
-0.1107543429730136,-0.063629866,-0.063629836,-2.964636230951001e-08
0.0370716199972041,0.087685965,0.08768595,1.500158310074884e-08
0.1895027531534099,0.24491858,0.24491858,4.823608401594015e-09
0.3465390564956039,0.3909909,0.3909909,1.2914276148467962e-08
0.5038056183470973,0.5391912,0.5391911,8.64280700341169e-08
0.6820257045448365,0.6667328,0.6667328,-1.1914062514328805e-08
-0.2555869453223391,-0.31168893,-0.31168893,2.037811031030401e-10
-0.1323986428471576,-0.19598326,-0.19598326,-8.699798659250746e-10
-0.0377623955251023,-0.08735967,-0.08735964,-2.682434081802132e-08
0.0741432399944082,0.013244569,0.013244569,3.016052251697543e-10
0.1862791340232183,0.119556285,0.119556285,4.4092178519417047e-10
0.3011781301636212,0.22457528,0.22457528,1.1431884883172927e-09
0.434267548538677,0.36147714,0.36147714,-3.3880614980219548e-09
0.5703503275346252,0.5171312,0.5171312,9.373474108009816e-09
0.6990648342329923,0.6511744,0.6511744,2.607879634464183e-08
-0.4688063249335877,-0.44142798,-0.44142798,4.1069793677017685e-09
-0.3239737225842622,-0.27975968,-0.27975973,5.4735641463743434e-08
-0.182134480855829,-0.10399768,-0.10399768,2.4353790234465933e-09
-0.03476903490421,0.069137886,0.069137886,1.665725751776037e-10
0.1022347781289356,0.26145422,0.26145422,4.5864868014611204e-09
0.2546659112851415,0.4040939,0.40409386,3.1382217380304667e-08
0.3946630849391794,0.5199536,0.5199536,8.512878402200386e-09
0.5521599052999723,0.6512539,0.6512538,7.907028198861354e-08
0.7075843990770704,0.751529,0.75152886,1.1834777835506571e-07
-0.3718674925185384,-0.36658272,-0.36658278,5.852821349794368e-08
-0.0835838388756838,-0.05505532,-0.05505529,-3.026290893576311e-08
0.1291750237169659,0.21965235,0.21965234,1.4717254637197641e-08
0.2892046876800521,0.39453653,0.39453655,-2.4988937363801256e-08
0.4206822964900122,0.49993396,0.49993396,-1.9464111433720177e-09
0.522456557600349,0.5535915,0.5535915,-1.020812989693809e-08
0.600974709271446,0.5992677,0.5992678,-7.882385255619795e-08
0.6843282896378304,0.7226037,0.7226037,-2.1296691854466587e-08
0.7766619518668917,0.8258202,0.8258203,-9.240417475631091e-08
0.3322630289190408,0.32387918,0.32387918,2.3387146108611034e-09
0.2638762516571176,0.263912,0.26391202,-2.7688522363789048e-08
0.2182850668158355,0.24639982,0.24639982,-1.4907836076716308e-10
0.220817910418129,0.24341993,0.24341993,3.3885955152967995e-10
0.2406201422178777,0.28568715,0.28568715,-1.428985596518828e-09
0.2684814218431057,0.29666978,0.29666978,1.2080383360313363e-09
0.2942703748846391,0.29294825,0.29294825,-3.997802755506541e-09
0.3278881172423521,0.29775405,0.29775405,-6.988525314000071e-10
0.37509111164873,0.33287314,0.33287314,-4.194870006912765e-09
0.0741432399944082,0.08432146,0.08432145,1.1617946618636132e-08
0.0805904782547916,0.115704626,0.115704626,-1.550445605236206e-10
0.1089122748986183,0.15806274,0.15806276,-1.883960723536582e-08
0.1535824257027028,0.19982822,0.19982822,2.3939895621438723e-09
0.2053905902950689,0.24357241,0.24357241,3.921356211966653e-09
0.2553566868130397,0.30328086,0.30328086,1.8562318349069074e-10
0.3103884705355973,0.32523277,0.32523274,3.401924131285483e-08
0.3654202542581551,0.32802352,0.32802352,3.0922698845969876e-09
0.4186099699063175,0.34833086,0.34833086,-4.6304321488221944e-09
0.3810778328905146,0.3892451,0.3892451,-7.1311950788910394e-09
0.3695649074255444,0.39715916,0.39715916,-8.164978138047729e-10
0.3582822404698735,0.41764498,0.41764495,2.7569580063335763e-08
0.3548283628303824,0.4398076,0.4398076,-6.177520772698841e-09
0.3548283628303824,0.43540022,0.43540025,-3.222846983730321e-08
0.3626571521465622,0.42933893,0.4293389,3.203735349233128e-08
0.3771634382324247,0.4173826,0.4173826,-2.0767211839078925e-09
0.4006498061809639,0.39811587,0.39811587,3.3367920093674286e-09
0.4252874666760002,0.38149717,0.38149717,4.501419070823687e-09
-0.1347012279401516,-0.17695808,-0.17695802,-6.410644531884557e-08
-0.0651631581317315,-0.09973714,-0.0997372,6.244392394827436e-08
0.0069077552789821,-0.02523747,-0.0252375,2.913475036572799e-08
0.0824325463291868,0.064132765,0.064132765,-6.450652512146604e-11
0.1678584532792659,0.12351506,0.12351506,2.034130100470044e-09
0.2539751357572432,0.18553682,0.18553682,-3.2838058383610758e-09
0.3198290694168729,0.23101896,0.23101896,4.759216354344176e-10
0.3817686084184128,0.26492098,0.26492098,-2.617644989655332e-10
0.434267548538677,0.32108107,0.3210811,-2.7907943733751495e-08
-0.1063794312963249,-0.15506643,-0.15506643,-5.686950632632914e-10
-0.0398347221087969,-0.08045453,-0.0804545,-2.8331756593558133e-08
0.0285520551531261,-0.005155802,-0.005155787,-1.477307128884553e-08
0.0962480568871511,0.06505413,0.06505415,-1.6465568547507914e-08
0.1595691469444873,0.12657067,0.12657067,1.7967987098188587e-09
0.220817910418129,0.17698303,0.17698303,-1.3497161999165286e-09
0.279994347308076,0.21774451,0.21774451,4.346122739473657e-09
0.3350261310306336,0.27492157,0.27492157,-3.752059940520525e-09
0.3914394658089878,0.3349556,0.3349556,2.8842925825500743e-09
-1.018203128121967,-1.1132923,-1.1132923,-3.646392832123979e-08
-0.8379107153405333,-0.9209758,-0.9209759,9.56710815014361e-08
-0.6458751185848299,-0.7348256,-0.73482573,1.1888549800165293e-07
-0.441635820836258,-0.49189118,-0.49189124,6.449150086185185e-08
-0.2429227273108718,-0.26838148,-0.26838148,3.5977172907486477e-09
-0.0352295519228089,-0.0650112,-0.0650112,-3.289031977327106e-09
0.1729241404838528,0.124824464,0.12482447,-5.678863532199152e-09
0.381308091399814,0.32842577,0.32842577,-4.96246338466122e-09
0.5892315252971764,0.5215048,0.5215048,1.9393157968394803e-08
-0.3140726066843878,-0.4032732,-0.4032732,4.971694944622129e-09
-0.2171337742693385,-0.31882313,-0.3188232,7.106132504652862e-08
-0.1296355407355648,-0.23169634,-0.23169637,3.253852845497285e-08
-0.0524989401202642,-0.16481999,-0.16481999,4.371871947794759e-09
0.0140457690672636,-0.08501473,-0.08501473,-6.919097933488771e-10
0.0695380698084201,-0.009900287,-0.009900287,2.062911994005212e-10
0.1135174450846064,0.048528925,0.048528925,-4.1561126762346134e-10
0.1455233778772237,0.1029041,0.10290412,-1.6303653718741096e-08
0.1650953511676731,0.15603831,0.15603831,4.104080186806414e-09
-1.0718533607887284,-1.1368175,-1.1368175,4.4708251989433734e-08
-0.8310029600615512,-0.9341358,-0.9341358,5.360412558275129e-09
-0.6055798794574341,-0.74325407,-0.7432542,1.3448638913615696e-07
-0.3988077381065687,-0.5805335,-0.5805334,-1.0448608400714932e-07
-0.2141404136484462,-0.4262145,-0.42621455,6.363945009857375e-08
-0.0552620422318571,-0.27270204,-0.27270198,-5.828811644459364e-08
0.0743734985037076,-0.12919828,-0.12919828,-2.95707702768766e-09
0.171312330918757,0.0040507913,0.0040507913,-3.6419678037247216e-11
0.2321005773737998,0.13773894,0.13773894,3.099975581788428e-09
-0.6504802887708179,-0.5752579,-0.575258,1.0262298588692431e-07
-0.6182440974689014,-0.45625636,-0.45625642,6.018440246169376e-08
-0.5717318785904216,-0.3214821,-0.3214821,7.85789489032851e-09
-0.5097923395888818,-0.25906175,-0.25906175,-3.7498474325659e-09
-0.4312741879177847,-0.19436643,-0.19436646,3.472419737859944e-08
-0.3347958725213343,-0.10687485,-0.10687485,-3.3725738590728582e-09
-0.2194363593623325,-0.0011830032,-0.0011830181,1.4912820434477905e-08
-0.0838140973849832,0.102392174,0.102392174,3.035316442634439e-10
0.07345246446651,0.16799048,0.16799048,-4.1069793677017685e-09
0.1671676777513677,0.1645853,0.1645853,7.240486155080106e-09
0.1752267255768469,0.15843877,0.15843877,1.9631195002922652e-09
0.1830555148930266,0.15316224,0.15316224,9.82055659015657e-10
0.1931868893022004,0.16437314,0.16437313,1.4507408135910893e-08
0.2012459371276796,0.17155083,0.17155083,-4.761772143258014e-09
0.2157522232135421,0.17536056,0.17536056,4.1717529430940203e-10
0.2274954071878117,0.18455085,0.18455085,1.5834808464454397e-09
0.2431529858201712,0.19972621,0.1997262,9.044456489304409e-09
0.2601921155083272,0.22279814,0.22279812,1.8856887828988533e-08
-0.0303941232275214,0.0135258585,0.013525829,2.9521461487186373e-08
0.0087498233533773,0.034925506,0.034925506,-4.810867329507751e-10
0.0587159198713481,0.063158065,0.06315808,-1.4919357305132053e-08
0.110984601482313,0.097819336,0.097819336,-2.413139410517573e-10
0.1644045756397749,0.1476496,0.14764962,-1.8898124704014307e-08
0.2215086859460272,0.2071518,0.2071518,3.94058230490657e-10
0.2795338302894771,0.26777568,0.26777568,4.595108016314242e-09
0.3396313012166218,0.333314,0.333314,1.56021118247196e-09
0.4054852348762515,0.39722407,0.3972241,-3.135833742673455e-08
0.2645670271850159,0.33743322,0.33743322,-1.0440063258343457e-09
0.2353241965039915,0.29695183,0.29695183,3.871154508061636e-10
0.2304887678087039,0.3233372,0.3233372,-2.696228018628233e-09
0.2394688496713807,0.35818902,0.35818905,-3.3419418343783036e-08
0.2571987548874349,0.38883984,0.38883984,8.889770586328893e-10
0.2806851228359742,0.39966393,0.39966393,-4.829101563075255e-09
0.3039412322752141,0.4232385,0.42323852,-3.3948440558706494e-08
0.330651219353945,0.4255772,0.4255772,-6.501388538637798e-09
0.3725582680464366,0.42754164,0.42754164,3.3811187738486126e-09
0.5279827618235348,0.47827533,0.47827533,-1.1254119858250533e-09
0.4407147867990603,0.43808076,0.43808076,-2.143630994932977e-09
0.3939723094112812,0.42970988,0.4297099,-1.8455886818813383e-08
0.3711767169906402,0.41650748,0.4165075,-1.7471313451533632e-08
0.3651899957488556,0.40402132,0.40402132,2.727203352037577e-09
0.3672623223325503,0.40482545,0.4048254,4.898986816215256e-08
0.3776239552510235,0.42806065,0.42806065,8.255005012891559e-10
0.3958143774856765,0.43999186,0.4399919,-3.8418197623180106e-08
0.4197612624528145,0.4405818,0.4405818,-1.446533226534541e-09
0.7167947394490466,0.74937475,0.7493746,1.4727630615052334e-07
0.5896920423157751,0.62857074,0.6285707,3.5454559288439214e-08
0.5088713055516841,0.5480627,0.5480627,-1.784820558015099e-08
0.4543000388477252,0.5104957,0.5104957,2.2293853763066807e-08
0.421142813508611,0.47335744,0.47335747,-3.0958862307084445e-08
0.3974261870507723,0.45426804,0.454268,3.827285766089261e-08
0.3895973977345925,0.4324774,0.4324774,1.460800169716947e-08
0.390978948790389,0.4399233,0.4399233,-1.3562011735857027e-08
0.4043339423297544,0.43748862,0.43748862,-4.48715209433459e-09
-0.3902881732624908,-0.38347808,-0.38347808,4.734115599536182e-09
-0.2749286601034891,-0.2633269,-0.2633269,-1.3118362451880472e-08
-0.1634835416025772,-0.13964847,-0.13964844,-2.7302322375133414e-08
-0.0573343688155517,-0.03301379,-0.03301376,-3.0845870968576605e-08
0.0442096337854856,0.08349284,0.08349285,-1.2153720849172878e-08
0.1397669151447385,0.16669297,0.16669299,-1.7816772474033016e-08
0.2291072167529075,0.25026777,0.2502678,-2.6133346542334124e-08
0.314763382212286,0.32995528,0.32995528,-1.7288209752663874e-10
0.3953538604670776,0.39993262,0.39993262,2.9095458820016518e-09
-0.9272510169487024,-0.84863317,-0.84863317,-1.2786860459357285e-10
-0.79278004751785,-0.66055477,-0.6605549,1.3334503168316303e-07
-0.6481777036778239,-0.4976599,-0.49765995,5.815620424121093e-08
-0.4916019173542288,-0.37743756,-0.37743756,-1.750411982026634e-09
-0.3338748384841366,-0.2185266,-0.21852663,2.8208618163549914e-08
-0.1697005213536611,-0.052812636,-0.052812636,1.014099151874781e-10
0.0048354286952874,0.0725248,0.072524816,-1.5103355413548236e-08
0.1641743171304754,0.20295043,0.20295043,2.8966140874775448e-09
0.3009478716543218,0.33136988,0.33136988,-3.138427739912686e-09
0.2746984015941897,0.28674528,0.2867453,-1.9972610454388473e-08
0.2613434080548242,0.25866896,0.25866896,-8.592224154391204e-10
0.2272651486785123,0.2336787,0.2336787,-1.4602661024820662e-09
0.2141404136484462,0.21514833,0.21514833,-2.6519775264688406e-10
0.1938776648300986,0.19870107,0.19870108,-1.1241035463571691e-08
0.1644045756397749,0.17662755,0.17662755,-3.4511566104900027e-09
0.1367735545238463,0.15437423,0.15437421,1.6927757251483655e-08
0.1211159758914868,0.1346223,0.1346223,5.631637572944825e-09
0.1054583972591273,0.115046896,0.115046896,4.043960999400298e-11
0.2749286601034891,0.3361787,0.3361787,-9.804916378808315e-09
0.1699307798629606,0.2364893,0.2364893,-4.040527357140888e-09
0.0911823696825642,0.16636027,0.16636027,3.957252497910346e-09
0.0172693881974553,0.114794955,0.114794955,-3.424453776101899e-10
-0.0386834295622999,0.0858476,0.0858476,1.2945175209555515e-09
-0.0805904782547916,0.029894501,0.029894501,-2.9159546305335127e-11
-0.110984601482313,0.0006440729,0.0006440878,-1.4909718322702985e-08
-0.1259514045867743,-0.039168403,-0.039168403,4.4739532217841216e-10
-0.1268724386239719,-0.044082895,-0.044082895,7.869720153319548e-11
0.4985096726332109,0.42308408,0.42308408,2.192688253188635e-10
0.3483811245699991,0.28460234,0.28460234,4.036102285720489e-09
0.2217389444553266,0.19840302,0.19840302,-4.2672348155026185e-09
0.1195041663263909,0.1161266,0.11612661,-1.307235718284172e-08
0.0386834295622999,0.03757611,0.03757611,-8.290863065529841e-10
-0.0211837828555452,-0.004068613,-0.004068628,1.4947631836285946e-08
-0.0647026411131326,-0.04388316,-0.04388316,2.43339536021292e-10
-0.0898008186267678,-0.06354961,-0.06354958,-2.7992172246804614e-08
-0.1077609823521213,-0.05014077,-0.05014077,1.7104339611329067e-09
-1.2703361958048152,-1.3044311,-1.3044311,1.918182368498833e-08
-1.101786966997651,-1.0685478,-1.068548,1.551132202681771e-07
-0.9240273978185106,-0.8524746,-0.8524747,1.2972564700231004e-07
-0.7791947954691851,-0.678077,-0.67807686,-1.224981689418314e-07
-0.6090337570969252,-0.51999176,-0.5199919,1.445144652834074e-07
-0.4651221887847973,-0.38005874,-0.3800588,6.439094540899859e-08
-0.3417036278003164,-0.25116804,-0.25116798,-6.242134092948604e-08
-0.201476195636979,-0.10551235,-0.10551232,-3.079765319158323e-08
-0.0771366006153005,-0.0054483265,-0.0054483265,3.1532287197988396e-11
0.7656095434205203,0.75585175,0.75585175,-4.394531294416026e-09
0.579330409397302,0.55871224,0.55871224,4.033813505444073e-09
0.4059457518948503,0.33754176,0.33754176,-9.85870385328269e-10
0.2590408229618302,0.18676199,0.186762,-9.810447704206027e-09
0.1545034597399004,0.07040828,0.07040829,-1.2786426542565899e-08
0.0748340155223065,-0.0061232597,-0.0061232597,3.6418151480588357e-11
0.0117431839742696,-0.030193433,-0.030193403,-3.0165550231331384e-08
-0.0375321370158029,-0.047844306,-0.047844276,-2.963449859810785e-08
-0.0762155665781029,-0.037767753,-0.037767723,-3.000502776795422e-08
-1.1453058252552384,-1.1394421,-1.1394421,1.3780212304581596e-08
-1.0055389101105,-0.9725393,-0.9725392,-1.0568695063550848e-07
-0.8696863896238511,-0.8162458,-0.8162457,-9.429626468548946e-08
-0.7407416244161845,-0.65481067,-0.65481067,2.9620361718940558e-09
-0.6164020293945061,-0.52666616,-0.52666616,-4.3981933650627525e-09
-0.4998912236890073,-0.41047212,-0.41047207,-5.48149871604231e-08
-0.3912092072996884,-0.29789847,-0.29789844,-3.1355438245839196e-08
-0.2788430547615789,-0.18499586,-0.18499583,-2.986137390137422e-08
-0.1800621542721344,-0.08506271,-0.08506274,2.7569046018305343e-08
0.979980215578266,0.9827666,0.9827666,2.826538081368568e-08
0.7545571349741488,0.74311066,0.74311066,-3.2617187839534267e-09
0.5726529126276192,0.56801033,0.56801033,2.0019530477810576e-10
0.4268992762410961,0.4196164,0.41961643,-2.8804473861665514e-08
0.2938098578660402,0.25020844,0.25020844,-2.5572204354062933e-09
0.1855883584953201,0.15587193,0.15587193,-2.2618102946125873e-09
0.0828930633477856,0.07660129,0.07660129,-7.8729629759966e-10
0.0094405988812755,0.006002903,0.006002918,-1.5015380859691174e-08
-0.040986014655294,-0.016612098,-0.016612068,-2.9620964049625886e-08
-0.836068647266138,-0.7604848,-0.76048493,1.1535614008462147e-07
-0.7121895692630584,-0.6776016,-0.6776016,2.4148559596426367e-08
-0.5972905731226555,-0.52200997,-0.52200985,-1.1875762939705936e-07
-0.49114140033563,-0.41506377,-0.4150639,1.313747405862209e-07
-0.4959768290309175,-0.41826102,-0.41826096,-6.137565611297191e-08
-0.2892046876800521,-0.2066674,-0.20666733,-6.344596861773688e-08
-0.1998643860718832,-0.09686211,-0.09686211,2.484664918256385e-09
-0.0985506419801451,-0.025863081,-0.02586314,5.8783187865951714e-08
-0.010822149937072,0.039423004,0.03942302,-1.620723724671258e-08
1.2164557046287543,1.2502539,1.2502539,1.5786743245982393e-08
0.9921839165711344,0.9771147,0.9771148,-1.225708007313031e-07
0.7840302241644727,0.74392295,0.74392307,-1.2116271974615955e-07
0.5940669539924639,0.5731079,0.5731079,-1.7646789585157308e-09
0.4179191943784193,0.3990757,0.3990757,-1.3068389870252162e-08
0.3011781301636212,0.24958138,0.24958138,1.6785812462227767e-09
0.1678584532792659,0.13845779,0.13845778,1.0017127988204422e-08
0.0688472942805219,0.04273364,0.04273364,-5.213165316098056e-10
-0.0280915381345273,-0.00240314,-0.0024031252,-1.4868054199271286e-08
-0.5940669539924639,-0.56958604,-0.5695859,-1.3858947756073547e-07
-0.5047266523842949,-0.47822174,-0.47822168,-6.429893495418781e-08
-0.4335767730107788,-0.38737932,-0.38737932,1.5242767603673713e-09
-0.3472298320235021,-0.29525796,-0.2952579,-5.578956602247942e-08
-0.2795338302894771,-0.20326492,-0.20326492,-1.903610241660303e-09
-0.2051603317857694,-0.116334796,-0.116334796,4.8156742482596826e-11
-0.139997173654038,-0.05489704,-0.05489701,-3.0128707882715045e-08
-0.0587159198713481,-0.0010884106,-0.0010884255,1.4884078979515367e-08
0.013124735030066,0.05029328,0.050293297,-1.532561492989526e-08
1.4377341320654822,1.5118358,1.5118359,-8.647766103209165e-08
1.187673390966329,1.2586468,1.2586468,4.581756596344633e-08
0.9383034253950736,0.99823654,0.99823654,-3.020324657043716e-09
0.7354456787022983,0.76368177,0.7636819,-1.3062896730975382e-07
0.5470942180953853,0.56023395,0.56023395,6.149292186563571e-10
0.3872948126415985,0.37095398,0.37095398,-2.89199830749709e-09
0.2454555709131653,0.22722545,0.22722545,2.6615142867392194e-09
0.1268724386239719,0.083473824,0.083473824,-3.540420734360339e-11
-0.0066774967696827,0.014950275,0.014950305,-2.9578857422413174e-08
-0.5017332917634026,-0.5311128,-0.5311128,9.892273000744467e-09
-0.4602867600895097,-0.50542796,-0.50542796,3.4188842867877156e-09
-0.4227546230737068,-0.4507058,-0.4507058,3.5198211567610826e-09
-0.380156798853317,-0.39216313,-0.39216313,2.3392486836470994e-09
-0.3380194916515259,-0.32420102,-0.32420102,2.381820685126712e-09
-0.2926585653195432,-0.2532874,-0.25328737,-3.477561949516428e-08
-0.2399293666899795,-0.18486056,-0.18486053,-2.7317733769516295e-08
-0.1869699095511165,-0.1191791,-0.11917913,3.020179747958984e-08
-0.1291750237169659,-0.07092154,-0.07092157,2.973968506181368e-08
-0.3734793020836343,-0.31560704,-0.31560704,-1.1205291694516006e-09
-0.3103884705355973,-0.2543334,-0.25433347,6.331321716901428e-08
-0.2583500474339319,-0.19482264,-0.1948227,6.077308653540392e-08
-0.2040090392392724,-0.13524792,-0.13524789,-2.5983200063750544e-08
-0.1625625075653796,-0.08412853,-0.08412856,3.1166610722777044e-08
-0.1100635674451154,-0.04623738,-0.04623741,3.068748474083227e-08
-0.0704591038456178,-0.008083373,-0.008083373,-3.081817630951056e-10
-0.0303941232275214,0.029647827,0.029647827,1.48437498403986e-10
0.0320059327926172,0.06308481,0.063084796,1.4972213746577978e-08
1.6237830075794013,1.6940972,1.6940973,-1.387069701319632e-07
1.3495451230038102,1.4467041,1.4467041,4.9246215771958646e-08
1.1167537701021122,1.1754317,1.1754317,2.8363037030132432e-08
0.8641601854006655,0.9232898,0.9232899,-1.2415161132484087e-07
0.6640655408194828,0.6775716,0.6775716,-5.284881643419226e-09
0.49114140033563,0.46128082,0.46128082,2.7539062696924077e-09
0.3267368246958551,0.29979628,0.29979628,3.2450866438438197e-09
0.1683189702978647,0.12670851,0.12670854,-3.246215821151033e-08
0.0377623955251023,0.031910628,0.031910643,-1.4919631960430557e-08
1.7585473350219414,0.9235705,0.9235705,1.3725280800791495e-08
1.049772123248636,0.9800817,0.98008156,1.1743682859499671e-07
1.337104116929119,1.2831771,1.2831771,3.737487785926419e-08
1.573396141086835,1.5230672,1.5230674,-1.6405334468672095e-07
1.945624393945496,1.859156,1.859156,1.2535095184063039e-08
2.1275171649114,2.0107846,2.0107846,2.6007080045076236e-08
2.2573785001559665,2.1534526,2.1534526,3.481140131711413e-08
2.4080256054520426,2.3245757,2.324576,-3.373870849365801e-07
2.5152741864043966,2.4339364,2.4339364,-4.25018309435643e-08
0.8671535460215577,0.9154469,0.9154469,-2.2520446729679122e-08
0.8671535460215577,0.8906863,0.8906863,-2.6425170940314047e-08
0.8671535460215577,0.85493505,0.85493505,1.0681122653011244e-11
0.8825808661446177,0.83661866,0.83661866,1.8804932055971335e-09
0.8676140630401565,0.8007184,0.8007184,2.67044066859512e-08
0.8708376821703481,0.7341857,0.7341856,9.564819336560504e-08
-0.8418251099986231,-0.94769895,-0.94769895,-7.675170499155115e-10
-0.5365023266676128,-0.70715237,-0.70715237,3.3618163808313284e-09
-0.2530541017200456,-0.45996347,-0.45996347,-6.974029687079053e-10
0.0103616329184732,-0.19882461,-0.19882461,-4.286422716770488e-09
0.2553566868130397,0.039726883,0.03972687,1.3172988894138982e-08
0.4844639035659472,0.3851821,0.38518214,-2.7544631964193655e-08
0.7052818139840763,0.68102026,0.68102026,-1.4282230953455155e-10
0.9155078329744328,0.97131085,0.97131085,3.958129934922283e-09
1.11376040948122,1.1402627,1.1402627,2.296905510235092e-08
0.4022616157460598,0.47560102,0.47560102,-2.524871811626639e-09
0.4683458079149889,0.509755,0.509755,1.5373230022319717e-08
0.540646979835002,0.52484334,0.5248434,-6.484832759667825e-08
0.6182440974689014,0.57843816,0.57843816,2.803649867821889e-09
0.6983740587050942,0.69439304,0.69439304,-1.2503051927126307e-09
0.7812671220528797,0.8724092,0.8724091,1.2451019282266884e-07
0.8643904439099649,1.0489597,1.0489597,3.2055664123120664e-08
0.9486650583135467,1.1493137,1.1493137,-1.172180175146309e-08
1.0324791556985302,1.1772382,1.1772382,2.593688974705799e-08
0.0391439465808987,0.20886481,0.20886481,-1.917419445440771e-09
0.2072326583694641,0.42969835,0.42969835,-1.9546508855938782e-09
0.3877553296601973,0.5698491,0.569849,7.388687128795368e-08
0.5982116071598531,0.7051734,0.7051734,-2.6777648876041837e-08
0.7706752306251071,0.9182979,0.9182979,-1.315155029324444e-08
0.9587964327227207,1.1229618,1.1229619,-1.404327392151572e-07
1.1238917838903937,1.2983626,1.2983627,-8.727569578148575e-08
1.2929015297161568,1.431781,1.4317809,1.5354309090831464e-07
1.438885424611979,1.5201651,1.5201651,-1.4207458542969675e-08
0.7391298148510888,0.7319851,0.7319851,-7.836914117653748e-09
0.68064415348904,0.672668,0.67266786,1.2019409179053753e-07
0.6205466825618954,0.6225524,0.6225524,-5.133056646400291e-09
0.5574558510138585,0.57957256,0.5795726,-4.159698485661778e-08
0.4955163120123186,0.5229769,0.52297676,1.1530517574076526e-07
0.4324254804642818,0.4565893,0.4565893,1.1361312890478814e-08
0.3688741318976462,0.37652963,0.37652963,3.998870845567382e-09
0.3060135588589087,0.30965617,0.30965617,2.9907989418376246e-09
0.2449950538945664,0.26287013,0.26287013,2.923126241061169e-09
0.2081536924066617,0.18927135,0.18927135,-4.26540375242368e-09
0.2733168505383933,0.23575696,0.23575696,3.4914398316931994e-09
0.3428549203468134,0.29271135,0.29271135,-2.6584625056891298e-09
0.419991520962114,0.344867,0.34486702,-2.8956909203792236e-08
0.4955163120123186,0.39991394,0.3999139,3.685340882464416e-08
0.5767975657950085,0.4975717,0.4975717,6.771850580289396e-09
0.6767297588309501,0.613971,0.6139709,9.494934083420503e-08
0.7930103060271494,0.7836698,0.7836698,2.9368591336620398e-08
0.9099816287512468,0.91978204,0.9197819,1.4250335689247606e-07
0.6642957993287822,0.6654985,0.6654985,-4.898071281900229e-09
0.6746574322472554,0.6865322,0.6865322,-6.172180544439243e-10
0.6880124257866209,0.7057501,0.7057501,7.765197707065852e-09
0.7128803447909566,0.7293509,0.7293509,2.449188230002619e-08
0.7349851616836994,0.7305418,0.7305418,2.5294494609973128e-08
0.7722870401902029,0.7620876,0.7620876,-1.6458129858953896e-08
0.8155756399384911,0.82021594,0.82021606,-1.1952453615737824e-07
0.8754428523563362,0.8676907,0.8676907,-1.7588806189294814e-08
0.9281720509859,0.93977904,0.93977904,3.1976318259907544e-09
-0.2905862387358486,-0.33414754,-0.33414754,-2.715072611181313e-09
-0.1284842481890677,-0.20114678,-0.20114678,-1.4445495633008676e-09
0.0488148039714737,-0.050120875,-0.050120845,-3.0239372256213315e-08
0.2125286040833504,0.08669247,0.08669247,-2.668113702197772e-09
0.3621966351279634,0.23374334,0.23374334,-2.2300719604295693e-10
0.5263709522584389,0.41000423,0.41000426,-3.1646499643045445e-08
0.6790323439239441,0.5919874,0.5919874,-2.855529790402045e-08
0.8197202931058803,0.7567749,0.7567749,2.3437499718781396e-09
0.9604082422878166,0.9009491,0.9009491,2.0521545462948154e-08
-0.1644045756397749,-0.18937406,-0.18937412,6.056129456255555e-08
-0.0260192115508327,-0.05340445,-0.05340448,2.9583435055824392e-08
0.1268724386239719,0.07659819,0.07659819,-2.2882461203632687e-10
0.2793035717801778,0.18589593,0.18589592,1.470096588906955e-08
0.404103683820455,0.30766174,0.30766174,1.9719695876219134e-09
0.534430000083918,0.43968254,0.43968254,3.2777404679329436e-09
0.6566972685219019,0.604972,0.604972,4.890441940297308e-09
0.8033719389456225,0.771839,0.77183914,-1.1736358640490607e-07
0.9440598881275588,0.9037403,0.9037403,-1.3172912649572766e-08
0.1872001680604159,0.18639553,0.18639553,-4.067687991993196e-09
0.2164429987414403,0.20298946,0.20298946,-9.622192487235282e-10
0.2459160879317641,0.2209901,0.2209901,6.46343231713864e-09
0.2820666738917706,0.23793061,0.23793061,7.759475839641539e-10
0.3143028651936873,0.25723296,0.25723296,4.038848866461109e-09
0.3529862947559872,0.2871057,0.28710568,2.9314346339237574e-08
0.3875250711508979,0.32994395,0.32994395,4.944610609847189e-09
0.4282808272968925,0.3909703,0.3909703,-1.0292816154944262e-08
0.4720299440637794,0.46641132,0.46641132,2.3552703676266162e-09
0.7803460880156821,0.7521758,0.7521758,7.952880909378734e-09
0.7485704137323643,0.7114978,0.7114978,-1.633911128617882e-08
0.7085054331142678,0.67401886,0.6740188,5.986328122098428e-08
0.674887690756555,0.6457224,0.6457224,-1.0778808623435054e-08
0.6339016761012608,0.6131715,0.6131715,1.784896852541351e-08
0.5979813486505536,0.5897747,0.5897747,2.7821350112589016e-08
0.5556137829394633,0.56575245,0.56575245,-3.3485412220812805e-09
0.5102528566074805,0.5407977,0.5407977,1.0418701124059737e-08
0.4653524472940967,0.51121354,0.51121354,1.0308838227501838e-09
-1.0076112366941945,-1.0079266,-1.0079265,-8.329010015017957e-08
-0.7524848083904542,-0.7588103,-0.7588103,1.824646000958552e-08
-0.5167000948678638,-0.5458574,-0.5458574,-2.950439448312636e-08
-0.2961124429590342,-0.3451486,-0.34514865,5.6812667847960796e-08
-0.0911823696825642,-0.17790866,-0.17790866,1.0186767540609765e-09
0.110984601482313,-0.005281642,-0.005281642,-7.93533329324081e-11
0.2935795993567409,0.18255275,0.18255275,4.878997789115047e-09
0.4609775356174079,0.38523316,0.38523316,3.833618145154816e-09
0.6182440974689014,0.56507343,0.56507343,5.381775025625757e-10
0.8100494357153053,0.7350904,0.7350904,-2.505340579439519e-08
0.7782737614319876,0.7116803,0.7116803,-6.91680912545678e-09
0.749491447769562,0.68856895,0.68856895,-3.0059810196547687e-10
0.7211696511257352,0.6640654,0.66406536,6.062759394520612e-08
0.6935386300098066,0.6403669,0.6403669,1.1888122597447648e-08
0.6675194184589739,0.6181994,0.6181994,8.054351852138097e-09
0.64196072392674,0.59732455,0.5973245,5.015182491518999e-08
0.616862546413105,0.5776652,0.5776652,9.770202646919302e-09
0.5908433348622721,0.5558038,0.5558038,-2.4212646443366737e-08
0.7644582508740233,0.7493762,0.7493763,-1.2221221923347514e-07
0.7223209436722321,0.7055129,0.705513,-1.1872100824650289e-07
0.6827164800727346,0.6666099,0.6666099,-1.6691589332928913e-08
0.6458751185848299,0.6374297,0.6374297,1.4202880871394541e-08
0.6115666006992186,0.60215044,0.60215044,2.1606449962519036e-10
0.5797909264159008,0.56562257,0.56562257,-1.869506882634653e-09
0.5505480957348764,0.53751075,0.53751075,2.6779174433499975e-09
0.5233775916375466,0.5173906,0.5173906,8.787536587284706e-09
0.4982794141239116,0.49915773,0.49915776,-3.323532105081739e-08
0.4252874666760002,0.49139577,0.49139577,1.5034484768250422e-09
0.4057154933855508,0.511845,0.511845,-7.3623657170784895e-09
0.409169371025042,0.5010458,0.5010458,2.3097229018276266e-08
0.4262085007131979,0.5034032,0.5034032,-1.3201904347504012e-08
0.4460107325129467,0.49625477,0.49625474,3.1947860690273444e-08
0.4704181344986836,0.52362275,0.52362275,1.235961888390591e-09
0.5021938087820014,0.54199874,0.54199874,4.010925258590703e-09
0.52982482989793,0.52399445,0.52399445,-4.199218750500222e-09
0.5627517967277448,0.5242995,0.5242995,2.372741669809386e-09
0.6191651315060989,0.57725316,0.57725316,2.8608703184218598e-09
0.5468639595860859,0.54243016,0.54243016,2.4298095757657734e-09
0.5187724214515586,0.51477444,0.51477444,1.7190551204748772e-09
0.4982794141239116,0.51661265,0.51661265,-1.0360717839219546e-09
0.4964373460495163,0.51280576,0.51280576,-9.323120053750245e-11
0.5035753598377979,0.5207828,0.5207828,2.8330993662173398e-08
0.5219960405817502,0.5167173,0.5167173,1.4720153762581845e-08
0.5392654287792056,0.5003513,0.5003513,9.776306097997178e-09
0.5675872254230323,0.51724064,0.51724064,3.501281709006321e-09
0.8687653555866536,0.8847623,0.8847623,-1.286010742340693e-08
0.7398205903789868,0.7456775,0.7456775,-2.8839111321232735e-08
0.6629142482729858,0.6950071,0.6950072,-1.1419982914873117e-07
0.6154809953573084,0.62276363,0.6227636,3.3728027371005e-08
0.5857776476576854,0.58562815,0.5856282,-4.8106384320512063e-08
0.5738042051741162,0.57277477,0.57277477,-2.1243286019156926e-09
0.5657451573486371,0.55976915,0.55976915,3.5949706544968763e-09
0.570810844553224,0.51920754,0.5192076,-6.282577513783139e-08
0.5848566136204877,0.52399534,0.5239953,3.987045282816126e-08
-0.2378570401062849,-0.25238207,-0.25238207,1.7387391526568763e-10
-0.1305565747727624,-0.13164532,-0.13164529,-3.1846008302638396e-08
-0.0290125721717249,-0.013027549,-0.013027549,2.1002197203578987e-10
0.0681565187526237,0.09193611,0.09193611,1.4501953110590549e-09
0.1609506980002838,0.18132746,0.18132746,2.196350101790756e-09
0.2491397070619558,0.2789277,0.2789277,1.3632583617528837e-08
0.3347958725213343,0.3545702,0.3545702,9.980010984289578e-09
0.4167679018319223,0.40796262,0.40796262,2.583313007953336e-10
0.4948255364844204,0.4679364,0.46793643,-3.3401184096337744e-08
1.8022333522864395,1.9192559,1.9192559,-4.7300720229515036e-08
1.6597033350301085,1.8749915,1.8749915,3.6140441972420945e-08
1.5445740803804058,1.8248681,1.8248682,-1.1699981694590633e-07
1.4352012884631888,1.7682116,1.7682117,-9.68353270902611e-08
1.344939952817822,1.6482933,1.6482933,-4.324035640657087e-08
1.266191542637426,1.5114166,1.5114166,-4.5549011229439884e-08
1.1881339079849278,1.384436,1.384436,1.1314392089900593e-08
1.116062994574214,1.277006,1.277006,3.008270255122625e-08
1.0520511289889796,1.1149989,1.1149989,3.6653137192033114e-08
0.8883373288771028,0.9476552,0.9476552,9.582519222561814e-10
0.7948523741015446,0.87673867,0.87673867,-2.5119019086972116e-09
0.7020581948538847,0.7807765,0.7807765,7.019043124500968e-10
0.6104153081527216,0.6768194,0.6768193,8.409805296594186e-08
0.5183119044329597,0.534781,0.53478104,-6.084350590018772e-08
0.4250572081667008,0.40152806,0.40152806,4.3624875933900853e-10
0.3258157906586574,0.2931093,0.2931093,-2.2476196459564335e-09
0.2281861827157099,0.20243521,0.20243523,-1.9652824395643975e-08
0.130326316263463,0.12166424,0.12166424,9.563064506945551e-10
0.7287681819326155,0.6931294,0.6931294,2.0280456536347913e-08
0.6566972685219019,0.5941104,0.5941105,-7.07130431987224e-08
0.5820935115088949,0.5159668,0.51596683,-5.696685789757794e-08
0.5051871694028937,0.4686002,0.46860024,-2.6472320557857643e-08
0.4239059156202038,0.39868438,0.39868438,2.4386596630954216e-09
0.3380194916515259,0.3168741,0.3168741,-1.3143157950867845e-08
0.2468371219689617,0.21136418,0.21136418,-1.5037537881568142e-10
0.1498982895539124,0.13936827,0.13936827,-4.132766712183766e-09
0.0499660965179708,0.06483342,0.06483342,-2.465171816679046e-09
-0.3532165532652866,-0.35077694,-0.35077688,-6.058418272614219e-08
-0.3347958725213343,-0.3321605,-0.33216056,5.732780455902642e-08
-0.3018689056915194,-0.26404905,-0.26404905,-3.192138664509514e-09
-0.2677906463152075,-0.22488433,-0.2248843,-3.122634886776332e-08
-0.2258835976227159,-0.17253816,-0.17253813,-3.127777098432816e-08
-0.1823647393651284,-0.11895618,-0.11895612,-5.842674255518432e-08
-0.1340104524122534,-0.08535308,-0.08535305,-2.6457977295168966e-08
-0.0782878931617975,-0.046705514,-0.046705514,-1.9258118016951542e-10
-0.0223350754020422,0.007602349,0.007602364,-1.5076316833839698e-08
-0.3661110297860533,-0.31210116,-0.31210116,4.480514514959566e-09
-0.3488416415885979,-0.29704913,-0.29704913,-4.9697113091440315e-09
-0.3159146747587831,-0.24111795,-0.24111798,2.57458496188967e-08
-0.2749286601034891,-0.17765412,-0.17765412,2.6541900621790404e-09
-0.2318703188645004,-0.11877784,-0.11877781,-3.132957458740204e-08
-0.183285773402326,-0.07569963,-0.07569957,-5.739944458627022e-08
-0.132628901356457,-0.040680677,-0.040680677,3.013153060393847e-10
-0.0787484101803963,-0.0038486868,-0.0038486868,-1.4308166630672137e-11
-0.0223350754020422,0.032233,0.032233,-1.9836425557695492e-10
-0.5187724214515586,-0.5122491,-0.5122491,-1.2129211413025587e-08
-0.4738720121381746,-0.47467515,-0.47467515,1.2744903465922164e-09
-0.4176889358691199,-0.4329742,-0.43297425,6.048011780279694e-08
-0.361966376618664,-0.3598357,-0.35983565,-6.410179137494865e-08
-0.2995663205985253,-0.2760758,-0.2760758,-1.0194015520603728e-08
-0.2371662645783867,-0.20601535,-0.20601535,1.5655517715540412e-09
-0.1685492288071641,-0.13688841,-0.13688844,2.5378646850704456e-08
-0.1017742611103368,-0.057986766,-0.057986766,-9.992980748441127e-11
-0.0331572253391142,0.00416255,0.004162565,-1.5027465820327546e-08
0.8611668247797731,0.72640514,0.72640514,3.737792964031428e-09
0.7623859242903286,0.63184786,0.63184786,-1.5710449607908572e-09
0.66130243870789,0.5945517,0.5945517,-1.7527771012382232e-08
0.5657451573486371,0.53299856,0.53299856,1.8591308492688086e-09
0.4704181344986836,0.4637467,0.46374673,-3.328941344804548e-08
0.3755516286673289,0.3858389,0.38583893,-3.3963851953089375e-08
0.2848297760033635,0.32397604,0.32397604,-1.1352541129383553e-10
0.2118378285554522,0.2557044,0.25570443,-2.7076415998195102e-08
0.1436813098028284,0.1867782,0.1867782,2.6529312080469936e-09
0.6555459759754049,0.56973195,0.56973195,7.598877083125899e-10
0.5931459199552662,0.47887677,0.47887677,-4.57305915357864e-10
0.5351207756118163,0.41139174,0.41139176,-2.4923095698348163e-08
0.4784771823241627,0.3566826,0.3566826,-1.4091491862266992e-09
0.4243664326388026,0.31345347,0.3134535,-3.4299850459884595e-08
0.3693346489162449,0.28293377,0.28293377,1.610260036422062e-09
0.3143028651936873,0.252201,0.252201,-9.084701546591134e-09
0.2620341835827224,0.22182186,0.22182186,-5.210495090945955e-10
0.2083839509159611,0.19843544,0.19843544,6.59523019530539e-10
0.6923873374633096,0.6643882,0.6643882,-2.0220947249960375e-08
0.6191651315060989,0.60209835,0.60209835,-4.243469242659614e-09
0.5489362861697805,0.5412992,0.5412992,2.3899841328223204e-08
0.4722602025730788,0.48477063,0.4847706,2.5829696659318557e-08
0.4093996295343414,0.43660003,0.43659997,5.946853637306404e-08
0.3435456958747116,0.3681902,0.3681902,-8.632660142282589e-10
0.2746984015941897,0.30925792,0.30925792,4.5567321582673515e-09
0.2127588625926498,0.25687855,0.25687855,4.82101442100813e-09
0.1533521671934034,0.21097001,0.21097001,4.3337249622243945e-09
0.8448184706195154,0.70812213,0.70812213,4.208679182937658e-09
0.760313597706634,0.6109557,0.6109557,1.5179443368928958e-08
0.6769600173402495,0.5312333,0.53123325,6.06994629004376e-08
0.5982116071598531,0.45679715,0.45679715,2.7576446681720768e-09
0.5261406937491395,0.39123887,0.39123887,-1.7634582683001554e-09
0.4519974537547312,0.341107,0.341107,1.084136963536153e-08
0.3831501594742092,0.29228133,0.29228133,-3.6819458593129184e-10
0.3055530418403099,0.2455299,0.2455299,4.961586003160434e-09
0.2330216114109974,0.21132164,0.21132165,-1.296558380103896e-08
0.8699166481331506,0.7643436,0.7643436,1.9346618640447844e-08
0.7520242913718554,0.6199622,0.6199622,1.5423583965556986e-08
0.643112016473237,0.48692238,0.48692235,3.3308410640753294e-08
0.5443311159837925,0.39395392,0.39395395,-3.058929443078284e-08
0.4582144335058151,0.32873413,0.3287341,2.966728213094072e-08
0.3792357648161193,0.26829442,0.26829445,-2.6181411760806128e-08
0.3103884705355973,0.21786723,0.21786723,-4.5914459179119405e-09
0.2496002240805545,0.18854511,0.18854511,-2.1585082887742857e-09
0.1952592158858951,0.17848697,0.17848697,3.0472564749306486e-09
0.7504124818067596,0.66326004,0.66326,4.266738895530864e-08
0.6767297588309501,0.6052635,0.6052635,-2.8396606399638813e-08
0.6039680698923382,0.5434924,0.5434924,-2.319564817998554e-08
0.5307458639351276,0.47948766,0.47948766,-2.45300291190631e-09
0.4628196036918032,0.41918957,0.41918957,2.3342895394407037e-09
0.3967354115228741,0.351987,0.351987,4.280090337704934e-09
0.3308814778632444,0.29163787,0.29163787,-2.3108673308236405e-09
0.2700932314082016,0.24766606,0.24766606,9.245300358617925e-10
0.209995760481057,0.21223287,0.21223287,2.843742380465031e-09
1.3359598709551457,1.2545217,1.2545216,1.2756195078011956e-07
1.2166859631380538,1.1425577,1.1425576,1.4021148686538254e-07
1.1033987765627469,1.0302744,1.0302744,-8.825683517343919e-09
0.9836643517270564,0.90630364,0.90630364,4.18029788562535e-09
0.8715284576982464,0.7617991,0.7617991,-2.9388427247312165e-09
0.750642740316059,0.6291291,0.62912905,6.176681521807836e-08
0.6396581388337459,0.5413059,0.5413059,-3.7994385415629495e-10
0.5178513874143609,0.45793942,0.4579394,1.6170120242797736e-08
0.3976564455600717,0.3817832,0.3817832,-1.2610626209941245e-08
1.1881339079849278,1.0087167,1.0087167,2.461242765150473e-09
1.07507697991892,0.8366327,0.83663285,-1.214233398272313e-07
0.961789793343613,0.7158258,0.7158258,-3.872680620631286e-09
0.8457395046567131,0.63404953,0.63404953,4.797668484712858e-09
0.7319918010628073,0.54818773,0.54818773,2.6965332189377023e-09
0.6164020293945061,0.46207893,0.46207893,-1.0525512683656757e-09
0.5047266523842949,0.38747805,0.38747805,3.5697936828782417e-09
0.3999590306530657,0.30675054,0.30675054,-4.035034195659648e-09
0.2790733132708783,0.23656905,0.23656905,-3.0258178740361075e-09
0.8729100087540428,0.90905046,0.90905046,4.630126948512725e-09
0.775740917829694,0.77553236,0.77553236,4.845275847209507e-09
0.6820257045448365,0.6522509,0.6522509,-1.4036560025409983e-08
0.5906130763529728,0.55425215,0.55425215,-2.3254395076222067e-09
0.5040358768563967,0.48008296,0.48008296,-1.06330871885163e-09
0.4197612624528145,0.39885327,0.39885327,2.199630755317372e-09
0.3486113830792985,0.30991518,0.30991518,4.974670397839276e-09
0.2758496941406867,0.24515843,0.24515843,3.9141845598056335e-09
0.2030880052020748,0.20205244,0.20205244,4.219589233578347e-09
1.3780971781569364,1.1990515,1.1990515,-6.332396829122899e-10
1.2463893108376771,0.9951098,0.9951099,-1.0347595214010852e-07
1.1096157563138307,0.82221997,0.82221997,-2.1578979714220736e-09
0.9742237528457808,0.71804357,0.71804357,-4.249877894046961e-09
0.8323845111173476,0.6179828,0.6179828,4.775237982812541e-09
0.6896242353517167,0.52103204,0.52103204,-4.649200469053483e-09
0.5383443947420079,0.43018025,0.43018025,1.5983581680423242e-09
0.392130241336886,0.31724736,0.31724736,9.447479465407582e-10
0.2546659112851415,0.22750401,0.22750401,4.968872063804142e-09
-0.7884051358411612,-0.83143854,-0.8314384,-1.414123534937417e-07
-0.6205466825618954,-0.6606041,-0.66060424,1.2069915766854677e-07
-0.4773258897776657,-0.48741773,-0.48741773,2.291183465175095e-09
-0.3476903490421009,-0.33611557,-0.3361155,-6.887626646800982e-08
-0.2309492848273028,-0.23557904,-0.23557904,-3.6267852887572616e-09
-0.1082214993707201,-0.09529093,-0.09529093,9.209442097812826e-10
0.0032236191301916,0.03878866,0.03878866,1.3607406590399052e-09
0.1020045196196362,0.14982858,0.14982858,3.0020904651095748e-09
0.2178245497972367,0.21890096,0.21890096,3.6640548650712645e-09
-0.4506159026989348,-0.40232006,-0.40232006,2.8462981971344448e-09
-0.3723280095371372,-0.3337249,-0.3337249,1.382102965408194e-08
-0.2813758983638724,-0.24066001,-0.24066007,5.823165893925619e-08
-0.1922658552650028,-0.1464901,-0.14649019,9.295410155485406e-08
-0.1075307238428219,-0.06505418,-0.06505418,1.7620849640520575e-09
-0.0260192115508327,0.059757322,0.059757307,1.507298278552449e-08
0.0557225592504559,0.15812764,0.15812764,-4.2826080459690274e-09
0.1351617449587505,0.21645775,0.21645775,4.373550410718963e-09
0.2309492848273028,0.28319252,0.28319252,-4.626770022664317e-09
0.5830145455460923,0.54428405,0.544284,4.5696258554883684e-08
0.4720299440637794,0.45096758,0.45096758,8.00323696203975e-11
0.3923604998461854,0.41535097,0.41535097,3.606109633125243e-09
0.3370984576143283,0.35321578,0.35321578,3.834457418250281e-09
0.2995663205985253,0.34268078,0.34268078,2.079696637125039e-09
0.2945006333939385,0.30836773,0.30836773,-8.129882878016303e-10
0.2864415855684593,0.29669493,0.29669493,4.368133521559514e-09
0.2905862387358486,0.30850604,0.30850604,1.7652130313017267e-09
0.3092371779891004,0.33724385,0.33724388,-2.5000457759549732e-08
0.5390351702699061,0.4480485,0.4480485,2.206802351967241e-09
0.4169981603412217,0.3595795,0.3595795,3.536224368883012e-09
0.32098036196337,0.29593158,0.29593158,-2.3175049101986644e-09
0.2512120336456504,0.2116808,0.2116808,-2.7732849350314837e-10
0.191805338246404,0.15768549,0.1576855,-1.1537551886098285e-08
0.1577270788700921,0.14036009,0.14036009,-2.8437042165485593e-09
0.1266421801146725,0.13377824,0.13377826,-1.574302674334227e-08
0.1165108057054987,0.12450096,0.12450096,1.1161804813752951e-10
0.1139779621032052,0.12985028,0.12985028,3.265113818207155e-09
0.7833394486365745,0.8675473,0.8675474,-1.2636413571076588e-07
0.5834750625646913,0.7224107,0.7224107,-2.113647457058221e-08
0.4552210728849228,0.5899296,0.5899296,-1.931152349143872e-08
0.3580519819605741,0.51113236,0.51113236,-4.953002452623423e-10
0.3030201982380164,0.4066678,0.40666783,-3.1242446907331356e-08
0.2774615037057825,0.33536965,0.33536968,-3.345077514982364e-08
0.2613434080548242,0.3191098,0.3191098,-2.5222778310407534e-09
0.2636459931478183,0.30468303,0.30468306,-3.034835815984849e-08
0.2670998707873093,0.3122012,0.3122012,1.9157409547609916e-09
0.331802511900442,0.32048702,0.32048702,2.3999023324172697e-09
0.2776917622150819,0.30626246,0.30626246,3.3312225200532453e-09
0.2279559242064105,0.2935492,0.2935492,9.833145131477039e-09
0.2023972296741766,0.24269234,0.24269234,-3.5599136416486488e-09
0.1802924127814338,0.22990984,0.22990984,-2.754058842091567e-09
0.1561152693049963,0.189586,0.189586,-1.3456344649664942e-09
0.1347012279401516,0.18419476,0.18419476,-1.4655685554032516e-09
0.1197344248356903,0.16150208,0.16150208,-1.824455253540691e-09
0.1172015812333969,0.15263566,0.15263566,3.74778746925486e-09
-0.7766619518668917,-0.79748046,-0.7974806,1.360183715659602e-07
-0.6797231194518424,-0.6508839,-0.6508839,-1.3040161173094589e-08
-0.5786396338694038,-0.5248518,-0.5248518,9.887695107124728e-10
-0.4761745972311687,-0.40497342,-0.4049733,-1.1752052309077499e-07
-0.37509111164873,-0.31787875,-0.31787875,-2.946853649987702e-09
-0.2712445239546986,-0.19604269,-0.19604272,3.3299179080792385e-08
-0.1703912968815593,-0.076863706,-0.076863706,-1.1190795512483476e-10
-0.0702288453363184,0.0038422495,0.0038422346,1.4912672424184648e-08
0.0294730891903237,0.08656147,0.08656147,1.2238311752899023e-09
0.0018420680743952,0.030161917,0.030161917,2.0962524424628093e-10
0.0050656872045869,0.05920808,0.05920808,1.725387541173795e-10
0.014276027576563,0.04035811,0.04035808,3.126232147460106e-08
0.0255586945322339,0.03048046,0.03048046,-6.675338753980853e-10
0.0303941232275214,0.040158466,0.04015848,-1.449535370207089e-08
0.0435188582575874,0.08754076,0.08754076,6.363296556344267e-10
0.0624000560201386,0.12362524,0.123625256,-1.4780002596803676e-08
0.0976296079429475,0.15445955,0.15445955,9.767532338500473e-10
0.1363130375052475,0.18286362,0.18286362,2.903823848043885e-09
0.4897598492798335,0.47149953,0.47149956,-2.7538833602402946e-08
0.3518350022094902,0.33270308,0.33270308,3.7535858310455694e-09
0.2468371219689617,0.20891683,0.20891683,-1.963691709239157e-09
0.1637138001118766,0.123465374,0.123465374,1.1212920869585474e-10
0.093945471794157,0.086513445,0.08651346,-1.5218696594598846e-08
0.0186509392532517,0.008897126,0.0088971555,-2.9779022216874784e-08
-0.0115129254649702,-0.025008142,-0.025008142,5.5236822060766855e-12
-0.0396044635994975,-0.05623254,-0.056232512,-2.9799545289699303e-08
-0.0594066953992463,-0.026374564,-0.026374593,2.94252090471403e-08
-1.236718453447102,-1.2218857,-1.2218856,-8.115234373384794e-08
-1.0126769238987814,-0.97544265,-0.97544265,2.06604000574373e-09
-0.8319239940987488,-0.73533547,-0.73533547,7.540893465218801e-10
-0.6309083154803686,-0.5453423,-0.5453423,-2.6164245658932828e-08
-0.4681155494056895,-0.37482747,-0.37482747,-4.3556976359049315e-09
-0.2661788367501116,-0.21667856,-0.21667859,3.0219879154635976e-08
-0.1215764929100856,-0.054728553,-0.054728553,3.0091094893602843e-10
0.0174996467067547,0.05155191,0.05155191,-1.7453765863151283e-09
0.1542732012306011,0.16405395,0.16405393,1.6733474744734522e-08
0.8581734641588808,0.96443176,0.9644319,-1.3730468750861036e-07
0.6447238260383329,0.7791736,0.77917373,-1.1740539551663431e-07
0.4918321758635282,0.6520609,0.65206087,5.596054075684975e-08
0.4015708402181616,0.55510867,0.5551087,-3.3580017100298676e-08
0.3400918182352205,0.43516612,0.43516615,-2.9470825169131132e-08
0.3057833003496093,0.34889424,0.34889424,-1.5280151588470403e-09
0.2862113270591599,0.3223654,0.3223654,3.1753539797563235e-09
0.2694024558803033,0.318155,0.318155,-9.326934835574008e-09
0.2730865920290938,0.31760654,0.31760654,-1.465835564040674e-09
-1.0656363810376444,-1.0181012,-1.0181012,-1.5362548788644403e-08
-0.8602457907425756,-0.76964474,-0.76964474,2.7563477056347097e-09
-0.6647563163473811,-0.586439,-0.586439,-1.3481140093141164e-08
-0.4943650194658217,-0.43218055,-0.43218043,-1.236746978716674e-07
-0.3380194916515259,-0.27638903,-0.27638897,-6.26023101690798e-08
-0.1971012839602903,-0.11792037,-0.11792037,1.090164181150044e-09
-0.0605579879457434,-0.015077829,-0.015077829,-3.6096191487200446e-10
0.07345246446651,0.08131501,0.08131501,7.860565254258489e-10
0.1869699095511165,0.20481524,0.20481524,-1.2857818698641665e-09
-0.9076790436582528,-0.777616,-0.777616,-2.4017334010473235e-08
-0.7133408618095555,-0.5449517,-0.5449517,2.2677612343535714e-08
-0.5351207756118163,-0.38068113,-0.38068113,2.6902007843609965e-09
-0.3700254244441432,-0.25333196,-0.253332,4.075241089029902e-08
-0.2332518699202968,-0.103660226,-0.103660226,1.3177489655014085e-10
-0.1059189142777261,-0.01572439,-0.015724361,-2.9745162964667227e-08
0.0145062860858624,0.052170575,0.052170575,-3.349304167343803e-10
0.1231883024751814,0.12221288,0.12221288,-6.402778585101743e-10
0.2136798966298474,0.22952251,0.22952251,1.3630294670718968e-09
-0.8537985524821923,-0.95592,-0.95591986,-1.2100280766258464e-07
-0.6532433908824108,-0.7320256,-0.7320255,-1.2332153320748773e-07
-0.4858454546217436,-0.52345014,-0.52345014,3.815307625387732e-09
-0.3265065661865557,-0.32859972,-0.32859978,5.8806686409340614e-08
-0.1899632701720087,-0.20457101,-0.20457107,6.131774901718678e-08
-0.0605579879457434,-0.08799565,-0.08799568,3.1615905768389574e-08
0.0538804911760606,0.012842566,0.012842551,1.4774917601878546e-08
0.1427602757656308,0.093441434,0.09344145,-1.579542159568792e-08
0.2334821284295962,0.18332808,0.18332808,-2.8029251142314138e-09
1.2581324948119468,1.3638875,1.3638875,4.84466553540841e-08
1.0076112366941945,1.1785296,1.1785296,2.0170593195700803e-08
0.7511032573346578,1.0183069,1.0183069,-4.8612976089046356e-08
0.5063384619493907,0.8729255,0.8729254,1.1994323734221268e-07
0.2924283068102438,0.7239069,0.72390676,1.1465667726362483e-07
0.1307868332820618,0.6082576,0.6082576,-8.275604201912756e-09
0.0391439465808987,0.5068922,0.5068922,4.284667953768917e-09
0.0297033476996231,0.44276857,0.44276857,3.760986355683116e-09
0.0863469409872767,0.37733418,0.37733418,-2.505950946751767e-09
1.175239431464161,1.2526221,1.2526222,-7.246704103458512e-08
0.9357705817927802,1.0610319,1.0610319,3.759918221213354e-08
0.6979135416864952,0.82548153,0.82548153,4.004211406893887e-09
0.4694971004614859,0.650041,0.650041,-1.584625242134763e-08
0.2698629728989021,0.49319917,0.49319914,2.963577272474538e-08
0.1130569280660076,0.35595393,0.3559539,3.1808471689931395e-08
0.0198022317997487,0.31210566,0.31210566,-4.329833991345566e-09
0.0,0.3162346,0.3162346,-1.137695310182707e-08
0.0393742050901981,0.3244611,0.3244611,2.485656735995434e-09
-0.1768385351419427,-0.1908805,-0.19088057,6.276924133241657e-08
-0.1752267255768469,-0.16926387,-0.16926393,6.047599793168601e-08
-0.1595691469444873,-0.12644297,-0.12644291,-5.88453674399414e-08
-0.1404576906726368,-0.08640611,-0.08640611,-1.7172241267848776e-09
-0.1192739078170915,-0.052017093,-0.052017093,2.952270511391575e-10
-0.0898008186267678,0.002204895,0.002204895,1.9531249881299395e-11
-0.0600974709271446,0.032361493,0.032361478,1.4514610291449515e-08
-0.021644299874144,0.037521973,0.037521973,2.5229644762259085e-10
0.040986014655294,0.07487379,0.07487379,1.4492035349533694e-10
-0.3997287721437664,-0.3785557,-0.3785557,1.471824645493669e-08
-0.311309504572795,-0.3017704,-0.3017704,1.0919952386778675e-08
-0.232791352901698,-0.21046555,-0.21046555,-4.226684557906424e-10
-0.1581875958886909,-0.1269165,-0.12691656,6.205421448912674e-08
-0.0877284920430731,-0.05431807,-0.05431807,-4.116821258892678e-10
-0.0349992934135095,0.002239868,0.002239883,-1.49551467893555e-08
0.0223350754020422,0.05003923,0.050039217,1.477719116516063e-08
0.0778273761431987,0.10246094,0.10246096,-1.6837558750038006e-08
0.1280237311704689,0.1433406,0.1433406,2.5171279782743028e-09
1.347472796420116,1.4232309,1.4232309,-1.3540649490551004e-08
1.0709323267515307,1.2254078,1.2254078,3.882141119682103e-08
0.8015298708712274,0.97579634,0.97579634,1.896057089112446e-09
0.553771714865068,0.7301481,0.7301481,-2.29888915681542e-08
0.3504534511536938,0.5661268,0.5661269,-7.657470701971647e-08
0.1987130935253861,0.41434592,0.41434586,6.008590697215155e-08
0.113287186575307,0.35126966,0.35126966,2.3802185222798755e-09
0.0769063421060011,0.3550309,0.3550309,-5.7205200021392955e-09
0.0582554028527493,0.33870542,0.33870542,4.940796105579182e-10
-0.2908164972451479,-0.27729273,-0.2772927,-2.8424072262556166e-08
-0.2300282507901052,-0.18674958,-0.18674958,2.4777221663274673e-09
-0.1664769022234695,-0.10116756,-0.10116756,3.7628174187620544e-10
-0.1100635674451154,-0.036821827,-0.036821827,-2.924423203598536e-10
-0.0736827229758094,-0.001817286,-0.0018173009,1.4885443115316213e-08
-0.0260192115508327,0.026024163,0.026024148,1.4769317626533995e-08
0.0248679190043356,0.049909607,0.04990962,-1.342403412041282e-08
0.0697683283177195,0.084426984,0.08442697,1.419094085297612e-08
0.1116753770102112,0.12944423,0.12944423,-3.3774185115298394e-09
1.791641460858667,1.8372868,1.8372871,-2.700515746578702e-07
1.563915795161556,1.5984213,1.5984212,1.352203369275884e-07
1.3104011764229115,1.3881131,1.3881133,-1.5894012461714624e-07
1.0327094142078297,1.2091962,1.2091962,9.90753168395031e-09
0.7416626584533822,1.0146662,1.0146662,-3.1585689619362256e-10
0.4506159026989348,0.8210317,0.8210317,-1.0356140167644412e-08
0.1984828350160867,0.65807456,0.65807456,-2.2187804926687704e-09
0.0391439465808987,0.53127956,0.53127956,3.903808609706516e-09
0.0,0.412486,0.41248596,2.6948013320815534e-08
1.5926981088239816,1.6333858,1.6333858,-2.2526550402801604e-08
1.3313547007691575,1.4313352,1.4313351,1.1080017081610549e-07
1.070471809732932,1.1918161,1.1918161,-8.462524458963117e-09
0.8192597760872815,0.91826487,0.91826487,-4.124755870194008e-09
0.5938366954831645,0.6897359,0.68973595,-6.056518553343437e-08
0.4112416976087366,0.5431235,0.5431235,-1.634216306722891e-08
0.2774615037057825,0.4413077,0.44130772,-2.628013612282487e-08
0.191805338246404,0.40960032,0.40960032,-2.5218200860877005e-09
0.1406879491819362,0.36056614,0.36056614,-7.788085731874617e-10
-0.4842336450566478,-0.5109854,-0.5109855,1.2554931638764089e-07
-0.419991520962114,-0.45809546,-0.4580954,-6.113014222597357e-08
-0.3589730159977717,-0.3722547,-0.37225476,6.053138734696262e-08
-0.2956519259404355,-0.27964613,-0.2796462,7.158393861006473e-08
-0.2321005773737998,-0.18445092,-0.18445092,-4.3965149021385486e-09
-0.1683189702978647,-0.10438782,-0.10438782,2.3300171514417656e-10
-0.0990111589987439,-0.040783703,-0.040783703,-3.271789575376438e-10
-0.0308546402461202,0.014414012,0.014414027,-1.4567901610723633e-08
0.0361505859600065,0.08608418,0.086084165,1.4580211635251139e-08
0.4681155494056895,0.50299263,0.50299263,4.8827608623014385e-12
0.3912092072996884,0.48476338,0.48476338,3.8653564238266824e-09
0.3260460491679569,0.5144676,0.5144676,-2.9922485600408777e-09
0.2726260750104951,0.49559322,0.49559325,-3.0004501327951516e-08
0.2293374752622069,0.39487615,0.39487612,3.2276992800728266e-08
0.1899632701720087,0.30345306,0.30345306,-1.9956207242266544e-09
0.1597994054537868,0.26030302,0.26030302,4.772949258047277e-10
0.1383853640889421,0.21604702,0.21604703,-1.1233596802773249e-08
0.1153595131590017,0.16030565,0.16030565,-9.578704773804958e-10
-0.3661110297860533,-0.31059518,-0.31059524,5.54354095405607e-08
-0.3168357087959807,-0.27297834,-0.27297822,-1.1561897278467015e-07
-0.2611131495455248,-0.24164227,-0.24164227,3.488082878089216e-09
-0.2104562774996558,-0.20754033,-0.20754033,-3.271026616236128e-09
-0.1535824257027028,-0.15615472,-0.15615472,-1.975326541225897e-09
-0.083123321857085,-0.0738284,-0.0738284,8.186340355598176e-10
-0.0151970616137607,-0.009849533,-0.009849533,-4.386825555591223e-10
0.0564133347783541,0.060804814,0.060804814,1.002655042325884e-10
0.1365432960145469,0.14149088,0.14149088,-3.3253479136963193e-09
-0.172463623465254,-0.16054177,-0.16054177,-2.8424072262556166e-09
-0.1294052822262653,-0.10392821,-0.10392821,1.6488647391899036e-09
-0.0879587505523725,-0.05139503,-0.05139506,3.1170425414395186e-08
-0.0483542869528749,-0.008381739,-0.008381724,-1.5258766174197635e-08
-0.0112826669556708,0.030500263,0.030500263,-2.4307250656718793e-11
0.0257889530415333,0.051671565,0.05167158,-1.5420989991909995e-08
0.0617092804922404,0.06771885,0.06771885,-1.413917538606313e-09
0.0948665058313547,0.09522474,0.09522472,1.8121032716034158e-08
0.13147760880996,0.13135415,0.13135418,-2.6843719469482608e-08
-0.4133140241924312,-0.48460755,-0.4846076,5.247840884070598e-08
-0.220817910418129,-0.3216968,-0.32169673,-5.80725860732656e-08
-0.0564133347783541,-0.18360168,-0.18360165,-2.741775512182798e-08
0.0775971176338993,-0.0030400604,-0.0030400753,1.4899037170234414e-08
0.1913448212278052,0.17242514,0.17242514,-4.029884342893197e-09
0.2848297760033635,0.32978135,0.32978132,3.347366334116586e-08
0.353446811774586,0.42349073,0.42349073,2.9082489194642847e-09
0.4213730720179104,0.48675317,0.48675314,2.572189333749364e-08
0.4853849376031448,0.5104989,0.5104989,-1.8659973122225892e-08
0.614099444301512,0.7089379,0.7089379,-1.662292481441341e-08
0.600974709271446,0.7546593,0.7546593,-4.917907747703509e-09
0.6088034985876258,0.77693105,0.7769309,1.474395752154578e-07
0.6256123697664823,0.794878,0.794878,5.981445339031666e-09
0.6461053770941293,0.7989583,0.7989583,1.544189442981292e-09
0.6677496769682733,0.78912723,0.78912735,-1.1935577393096253e-07
0.689163718333118,0.7708976,0.7708976,2.6876831094035936e-08
0.7105777596979626,0.76840055,0.76840055,-1.113891201498518e-10
0.7301497329884119,0.78008854,0.78008854,3.891906685815627e-09
0.5632123137463436,0.5305984,0.5305984,2.0233154041093826e-09
0.5726529126276192,0.5506551,0.55065507,5.65716552491935e-08
0.5528506808278705,0.60508215,0.60508215,4.273986831115906e-09
0.5249894012026425,0.6117351,0.6117351,5.514526391081631e-09
0.4985096726332109,0.5931424,0.59314233,6.025115961705296e-08
0.4805495089078573,0.5446035,0.5446035,2.6592254620538824e-08
0.4609775356174079,0.4739981,0.4739981,-4.3449399633743724e-10
0.4365701336316711,0.39760494,0.3976049,4.2321777360410096e-08
0.4059457518948503,0.33429593,0.33429593,-1.5217590521032776e-09
-0.2574290133967343,-0.29533264,-0.29533258,-6.040946959329219e-08
-0.1178923567612951,-0.17167285,-0.17167288,2.915275573722731e-08
0.002302585092994,-0.069963515,-0.069963574,5.9195159912706075e-08
0.1105240844637142,0.03559673,0.035596743,-1.4675109863415692e-08
0.2074629168787635,0.14884767,0.14884767,-6.369781369031102e-10
0.2910467557544474,0.28723896,0.28723896,-4.502258288408001e-09
0.3695649074255444,0.35852778,0.35852775,2.9579162619253196e-08
0.4402542697804616,0.41774142,0.41774142,-2.115173314276575e-09
0.499660965179708,0.46378154,0.46378154,-4.3745422284580116e-09
0.5597584361068526,0.5457648,0.54576486,-5.611358644408426e-08
0.5125554417004746,0.46164155,0.46164155,6.408690245152115e-11
0.4648919302754978,0.38573238,0.38573238,2.5359344624220626e-09
0.4186099699063175,0.32829624,0.32829624,4.144439680331402e-09
0.3720977510278378,0.29523823,0.29523823,-3.347854604651701e-09
0.3281183757516515,0.25425795,0.25425798,-3.27935028021642e-08
0.2841390004754652,0.21084519,0.21084519,-2.693595874125876e-09
0.2399293666899795,0.18098328,0.18098328,-4.824905391886958e-09
0.1966407669416915,0.1530073,0.15300731,-1.129203797134437e-08
-0.1441418268214273,0.04840496,0.04840496,1.8244171173797952e-09
-0.1073004653335225,0.19031157,0.19031157,-4.004783643596355e-09
-0.074603757013007,0.23873486,0.23873486,-3.7520980766814205e-09
-0.0428280827296892,0.2388553,0.2388553,2.3338317944876508e-09
-0.0112826669556708,0.2205562,0.2205562,-4.4937134568989734e-10
0.0163483541602577,0.1908271,0.19082709,1.1469039912226364e-08
0.0467424773877791,0.16390511,0.16390511,3.9354705883010155e-09
0.0729919474479112,0.14268115,0.14268115,1.6284942561117788e-09
0.0971690909243487,0.13217151,0.13217154,-2.8349914554803846e-08
0.0163483541602577,-0.04267332,-0.04267335,3.042182922241565e-08
0.1851278414767213,0.10904538,0.109045394,-1.513618851090026e-08
0.1890422361348112,0.18154955,0.18154955,-8.972168008547499e-10
0.1673979362606671,0.194786,0.19478601,-1.2728462228661641e-08
0.1427602757656308,0.19648454,0.19648454,-4.06745911951667e-09
0.1236488194937802,0.1701655,0.1701655,-5.9156417819838936e-09
0.1056886557684267,0.12833418,0.12833418,-4.793929975210887e-10
0.083123321857085,0.090959474,0.090959474,4.443893447669822e-10
0.0554923007411565,0.05927062,0.05927062,3.460693329127018e-10
-0.475253563193971,-0.32335237,-0.32335237,3.3141326905017365e-09
-0.3902881732624908,-0.103805065,-0.103805095,2.984497070313008e-08
-0.3092371779891004,-0.0009266585,-0.0009266585,-1.1161804228283778e-11
-0.2325610943923986,0.087803975,0.08780399,-1.525234222254923e-08
-0.160490180981685,0.14536162,0.1453616,1.720752715317353e-08
-0.093945471794157,0.13957244,0.13957244,1.577911384886832e-09
-0.0322361913019166,0.13392912,0.13392912,-1.4859390384813764e-09
0.0232561094392398,0.1261938,0.1261938,6.529045110115206e-09
0.0741432399944082,0.123617224,0.123617224,3.9527511819237304e-10
1.4835555754160636,1.7147192,1.714719,1.7629241932937134e-07
2.59501339980429,3.481522,3.4815216,4.83282470487012e-07
2.611592012473847,3.840416,3.840416,-4.5410156079839226e-08
1.9666379279262145,3.2442145,3.244215,-4.6524047858653717e-07
1.3820115728150262,2.1671681,2.1671681,4.041137691146446e-08
1.0405382035240094,1.3967302,1.3967301,8.45550536254791e-08
0.6320596080268657,0.85055494,0.85055494,3.0847168153158577e-09
0.3453877639491068,0.41521874,0.4152187,4.0701675418919336e-08
0.1549639767584993,0.17836758,0.17836758,4.943771364507299e-09
-0.8590944981960785,-0.70788217,-0.70788217,4.091186500687627e-09
-0.6799533779611417,-0.44769678,-0.44769683,5.480201720198252e-08
-0.5180816459236603,-0.300866,-0.30086604,3.2195129395784505e-08
-0.371637234009239,-0.1211842,-0.1211842,-4.844664946990207e-11
-0.2433832443294706,-0.0044287145,-0.0044286996,-1.4913778686835577e-08
-0.1317078673192594,0.057872742,0.057872728,1.4414474489021778e-08
-0.0356900689414077,0.07530111,0.07530111,7.444763139297095e-10
0.0437491167668868,0.092628516,0.09262851,6.256809237381589e-09
0.1063794312963249,0.10839819,0.10839819,1.6308402961406898e-09
0.5328181905188222,0.39354408,0.39354408,-2.1267700378579946e-09
0.4683458079149889,0.34632587,0.34632587,4.328613301129991e-09
0.4022616157460598,0.3253047,0.3253047,-1.2976837160394439e-08
0.3428549203468134,0.29898477,0.2989848,-3.39935302684502e-08
0.2827574494196688,0.25812945,0.25812945,-2.3014068428750534e-09
0.2198968763809314,0.20153308,0.20153308,-8.526611361414638e-10
0.1522008746469064,0.15519997,0.15519997,4.77531433840106e-09
0.0976296079429475,0.106162556,0.106162556,-4.842338613419983e-10
0.0478937699342761,0.05959195,0.05959195,-1.0139465309033646e-09
-0.7522545498811548,-0.5761944,-0.5761945,9.444427495619578e-08
-0.6258426282757816,-0.4100689,-0.4100689,6.06918348911023e-10
-0.5074897544958877,-0.2592071,-0.2592071,3.2386782145010784e-10
-0.3965051530135747,-0.12285808,-0.12285805,-2.7287673953768632e-08
-0.2958821844497349,-0.0112899095,-0.0112899095,1.7997742185471566e-11
-0.203778780729973,0.022086859,0.022086829,2.9749389649641467e-08
-0.1204252003635886,0.03247723,0.03247723,-1.663970974896678e-10
-0.0453609263319827,0.046034783,0.046034783,1.249237033262851e-10
0.0198022317997487,0.063978106,0.06397809,1.5783462523066838e-08
-0.6514013228080155,-0.65057373,-0.6505736,-1.3046875002586944e-07
-0.5162395778492651,-0.43396857,-0.4339685,-7.380867006467895e-08
-0.4059457518948503,-0.29450685,-0.29450685,2.141571031621936e-09
-0.3090069194798009,-0.19727561,-0.19727555,-5.877799988396326e-08
-0.2245020465669195,-0.061728656,-0.061728626,-3.0291961668205136e-08
-0.1492075140260141,0.049346253,0.049346223,3.027587127529818e-08
-0.0835838388756838,0.07870884,0.07870886,-1.760326386046618e-08
-0.0248679190043356,0.080851346,0.080851346,2.543487503947617e-10
0.0248679190043356,0.0811656,0.0811656,-3.15723419630487e-09
-0.0478937699342761,0.030279681,0.030279666,1.5086540221947997e-08
-0.0660841921689291,0.115751185,0.115751185,-4.768943850930185e-10
-0.0693078112991207,0.14328672,0.14328672,-8.17489687054973e-11
-0.0683867772619231,0.20957425,0.20957425,2.367019663607195e-09
-0.0617092804922404,0.22893143,0.22893143,-2.9980468663204363e-09
-0.0501963550272702,0.19796714,0.19796714,1.866683946305514e-09
-0.0363808444693059,0.15712826,0.15712826,-4.603958048132739e-10
-0.0062169797510839,0.115010284,0.115010284,-1.1261368226822555e-10
0.0504266135365696,0.09212446,0.09212446,2.1276855416418883e-09
-0.7124198277723578,-0.51721394,-0.51721406,1.19379577667722e-07
-0.5942972125017633,-0.31438455,-0.31438455,1.438140717624492e-10
-0.4856151961124443,-0.21755335,-0.21755335,2.6508331363306326e-09
-0.3815383499091134,-0.14998865,-0.14998859,-6.127563476066022e-08
-0.2857508100405611,-0.03251791,-0.03251791,-3.662112280089502e-12
-0.1943381818486974,0.05654511,0.056545094,1.4556747439387063e-08
-0.1061491727870255,0.09872792,0.09872792,-8.386802641258129e-10
-0.0209535243462458,0.101727895,0.101727895,4.3867111332307474e-10
0.0653934166410309,0.11064414,0.110644154,-1.4650539392757622e-08
-0.7552479105020471,-0.599614,-0.599614,-2.4162292500129467e-08
-0.631138573989668,-0.41927072,-0.41927072,-4.058151259478393e-09
-0.5173908703957621,-0.28068465,-0.28068465,5.56945600749259e-11
-0.4098601465529402,-0.16784558,-0.1678456,2.2998428356180156e-08
-0.3080858854426033,-0.035001427,-0.035001397,-2.993519592625615e-08
-0.2109167945182546,0.05303049,0.05303049,8.752441410520007e-10
-0.1160502886868999,0.09472683,0.094726846,-1.527909851417597e-08
-0.0209535243462458,0.097791865,0.097791865,4.680252019273468e-10
0.0647026411131326,0.107158154,0.10715814,1.424919128523161e-08
0.8526472599356952,0.7895663,0.7895663,-2.1542358452641963e-08
0.7497217062788614,0.6619737,0.6619737,1.482849121270391e-08
0.6426514994546383,0.5712161,0.5712161,6.414794917475319e-09
0.5408772383443013,0.4892447,0.4892447,-5.218505627624381e-10
0.4480830590966413,0.37635404,0.37635404,-1.284637451970383e-09
0.3596637915256699,0.28922948,0.28922948,2.4123382735830035e-09
0.2779220207243813,0.21435905,0.21435905,-4.971313471990868e-09
0.2097655019717575,0.16285063,0.16285065,-1.6736412061790773e-08
0.1367735545238463,0.11601089,0.11601089,-5.890274101805204e-10
-0.1842068074395236,-0.18447599,-0.18447605,6.185035705819075e-08
-0.1648650926583736,-0.08877471,-0.08877474,2.9106369023312872e-08
-0.1372340715424451,0.062459037,0.062459037,-2.921218891782651e-10
-0.1079912408614207,0.10207254,0.10207254,-3.054656985690407e-09
-0.0769063421060011,0.14149418,0.14149418,4.732437136611978e-09
-0.042137307201791,0.13972144,0.13972144,-1.7113113426336923e-09
-0.0055262042231857,0.12741637,0.12741637,2.299194334920429e-09
0.0343085178856112,0.11958868,0.119588695,-1.443464278660933e-08
0.0769063421060011,0.11801555,0.118015565,-1.492303848549259e-08
-0.5820935115088949,-0.5634544,-0.5634544,1.0427856467210006e-08
-0.4992004481611091,-0.45244828,-0.45244822,-5.866554259048584e-08
-0.4163073848133234,-0.34370825,-0.34370825,3.0536651540735704e-09
-0.332953804446939,-0.25063562,-0.25063556,-6.39318847861503e-08
-0.2484489315340575,-0.123156756,-0.12315673,-2.6162643426697052e-08
-0.1680887117885653,-0.010848612,-0.010848612,4.0675354057162494e-10
-0.0870377165151749,0.06787971,0.06787972,-1.3378829960553063e-08
-0.0073682722975809,0.08345981,0.08345981,-5.775070144320438e-10
0.0695380698084201,0.0996384,0.0996384,2.462005613268481e-09
-1.1708645197874723,-1.0835931,-1.083593,-1.301116943075442e-07
-0.9924141750804336,-0.8769767,-0.8769767,-2.843933100127316e-08
-0.8263977898755631,-0.6714554,-0.6714554,1.6699218785554137e-08
-0.6695917450426686,-0.4830726,-0.48307267,6.129066465465627e-08
-0.5252196597119418,-0.35441372,-0.35441366,-5.7985153179007654e-08
-0.3889066222066943,-0.2690105,-0.2690105,-1.4020919814061727e-08
-0.2592710814711296,-0.16567862,-0.16567865,2.9661560069227377e-08
-0.1372340715424451,-0.066931695,-0.066931695,2.5398254333008907e-10
-0.0260192115508327,0.016600892,0.016600862,2.9947746275904574e-08
0.8710679406796477,0.97214615,0.97214615,3.4500121648406434e-09
0.7863328092574667,0.9343612,0.9343612,1.940612792683538e-08
0.7015976778352858,0.8178699,0.81787,-9.834289549370823e-08
0.6196256485246978,0.68333906,0.68333906,-6.471252422812768e-10
0.5362720681583133,0.5408231,0.54082316,-5.8002624481190423e-08
0.4517671952454318,0.38833427,0.38833427,4.2919922060846716e-09
0.3725582680464366,0.27746075,0.27746078,-2.6082305926156124e-08
0.2965729599776331,0.20344482,0.20344482,3.622703553807227e-09
0.2201271348902308,0.16012573,0.16012573,2.4218750060978067e-09
-0.3557493968675801,-0.29561126,-0.2956112,-6.232147214957351e-08
-0.2995663205985253,-0.17857349,-0.17857343,-5.918914794400543e-08
-0.2459160879317641,-0.04861152,-0.04861152,-1.7208862321260732e-09
-0.1943381818486974,0.045199037,0.04519902,1.6598205566931146e-08
-0.1450628608586248,0.07682836,0.07682839,-2.944244384406325e-08
-0.0969388324150493,0.08115242,0.0811524,1.6765689850317678e-08
-0.0513476475737672,0.07966519,0.07966519,1.4715766938344643e-09
-0.0075985308068803,0.07830428,0.07830428,3.3209037741954717e-09
0.0349992934135095,0.08229001,0.082289994,1.4664131159358718e-08
1.2740203319536056,1.2682651,1.2682651,2.8135681118257594e-08
1.1280364370577831,1.0569632,1.0569632,5.337524422444062e-09
0.9832038347084576,0.8976449,0.8976449,-2.256622311236356e-08
0.8344568377010423,0.7654116,0.7654116,1.5371704131794672e-08
0.6866308747308245,0.61423373,0.61423373,2.2235107088874884e-09
0.5434100819465948,0.42020792,0.42020792,-2.309722912929857e-09
0.4146955752482277,0.28055197,0.28055197,5.0354165281873975e-12
0.2956519259404355,0.1861463,0.18614632,-1.5988655094334447e-08
0.1789108617256374,0.13054647,0.13054647,-4.483909604724445e-09
-0.6939991470284055,-0.620698,-0.62069786,-1.1515869136058399e-07
-0.5970603146133561,-0.47418615,-0.4741862,4.778022766327439e-08
-0.503114842819199,-0.34510574,-0.34510568,-5.74477386217076e-08
-0.411471956118036,-0.24952805,-0.24952805,-4.226684557906424e-10
-0.3225921715284658,-0.17958489,-0.17958486,-3.060401915222499e-08
-0.2357847135225903,-0.11720565,-0.11720562,-2.961433410997305e-08
-0.1533521671934034,-0.04801683,-0.0480168,-3.127880096598368e-08
-0.0736827229758094,0.0027837604,0.0027837455,1.492842864993585e-08
0.003453877639491,0.048355147,0.048355162,-1.4757453918601282e-08
1.4796411807579737,1.5058572,1.5058572,2.9232788190114434e-08
1.3090196253671151,1.271093,1.271093,1.0902404756762962e-08
1.1356349678646636,1.0934769,1.0934769,-8.482360813744094e-09
0.9624805688715112,0.93005264,0.93005264,-1.9461059430625482e-09
0.7886353943504608,0.76276255,0.76276255,-3.460693398515957e-09
0.6246913357292846,0.55484474,0.55484474,-2.947082466953077e-09
0.4699576174800848,0.35046464,0.35046464,2.0478820861313807e-09
0.3269670832051545,0.21174641,0.2117464,9.53540801873487e-09
0.2012459371276796,0.14129028,0.14129028,-2.7573394678626073e-09
0.0554923007411565,0.12252735,0.12252734,1.346555709991204e-08
0.0451306678226832,0.16256458,0.16256458,-4.327850328111893e-09
0.0379926540344017,0.19147892,0.19147892,2.9631423981157923e-09
0.0343085178856112,0.17717558,0.1771756,-1.854476927576343e-08
0.033617742357713,0.16160764,0.16160762,1.8001441948189978e-08
0.0361505859600065,0.14694133,0.14694135,-1.5990829466128176e-08
0.0419070486924916,0.13022617,0.13022617,-4.943771364507299e-09
0.0504266135365696,0.11442712,0.11442712,-5.065154962125007e-10
0.0619395390015398,0.09750403,0.09750406,-3.281217575423767e-08
0.7029792288910822,0.85849774,0.8584976,1.3883819582893864e-07
0.7782737614319876,0.94274867,0.94274867,-4.190368607659423e-09
0.8438974365823178,1.0056102,1.0056102,2.758483885756391e-08
0.9037646490001632,0.9983512,0.9983512,1.6316223150347753e-08
0.9578753986855232,0.9600085,0.9600085,2.006530719356192e-09
0.9887300389316434,0.9442569,0.9442569,1.741027877422141e-09
1.0430710471263027,0.9480208,0.9480208,1.5849304202397718e-08
1.0987936063767587,0.9338834,0.9338834,2.8573608368276382e-08
1.1453058252552384,0.98917925,0.98917925,3.5781860807659882e-09
-1.0041573590547035,-1.0438365,-1.0438365,2.5581359919257807e-08
-0.7048212969654775,-0.7506983,-0.7506982,-1.2801818849439428e-07
-0.4328859974828806,-0.47143582,-0.47143582,4.9040985161674655e-09
-0.1563455278142957,-0.26071236,-0.26071236,4.624710059353276e-09
0.0653934166410309,-0.057307333,-0.057307363,3.02458648682169e-08
0.2654880612222134,0.12725429,0.12725429,2.3688888628470295e-09
0.4545302973570246,0.27745944,0.27745944,2.615509031578256e-09
0.6424212409453388,0.44308656,0.4430865,6.454086304286122e-08
0.807516592113012,0.6267663,0.6267663,2.404327392735439e-08
-0.3215560082366184,-0.4428276,-0.44282767,5.783836365402806e-08
-0.1146687376311034,-0.17896596,-0.17896596,4.027328498468208e-09
0.051808164592366,0.022011489,0.022011474,1.4676071167368798e-08
0.2020518419102275,0.20475684,0.20475684,1.0634994551672605e-09
0.3529862947559872,0.3263332,0.3263332,-5.0289153952221e-09
0.49114140033563,0.41818893,0.41818893,-4.4219972128445306e-10
0.6039680698923382,0.52295446,0.5229544,6.395874019293757e-08
0.7039002629282799,0.6231692,0.6231692,-1.626892087713827e-08
0.7969247006852394,0.7495657,0.7495657,2.0558166502482322e-08
-0.3978867040693711,-0.4464408,-0.4464408,1.3876724269668017e-08
-0.1954894743951945,-0.25702843,-0.25702843,-7.003021496032602e-10
-0.0181904222346529,-0.052986607,-0.052986607,4.4471738791518334e-11
0.1406879491819362,0.114841186,0.114841186,-4.898414590615019e-10
0.2855205515312617,0.26126876,0.26126876,4.734268199690916e-09
0.4193007454342158,0.3554901,0.3554901,-1.1537170385711448e-08
0.5427193064186966,0.47662902,0.47662902,-1.2164306784079315e-09
0.657848561068399,0.5839784,0.5839784,1.4535522452341354e-08
0.7644582508740233,0.6977798,0.69777966,1.146658324957528e-07
-0.0854259069500791,-0.28323624,-0.28323624,4.619827242979824e-09
0.1683189702978647,-0.15480751,-0.15480745,-5.799179075838268e-08
0.3442364714026098,-0.01620756,-0.01620756,-8.968734747927254e-10
0.4582144335058151,0.14005426,0.14005426,-4.276046766671371e-09
0.5072594959865883,0.3013482,0.3013482,9.381103505123889e-09
0.5542322318836669,0.42183566,0.42183566,9.34448241007857e-10
0.652782873863812,0.5407821,0.5407821,-5.998230023784856e-09
0.7741291082645982,0.6515012,0.6515012,-2.1258544924407374e-08
0.8839624172004142,0.76613855,0.76613855,3.619384791875291e-09
-0.3384800086701247,-0.41660485,-0.41660485,3.2840729025096493e-09
-0.1388458811075409,-0.19440812,-0.19440812,1.2751769917773714e-09
0.0467424773877791,-0.018074185,-0.0180742,1.5343856810123846e-08
0.2157522232135421,0.06528555,0.06528555,-1.4322280861289727e-09
0.3725582680464366,0.18201795,0.18201797,-1.7796249390800156e-08
0.5160093193399656,0.31118247,0.31118244,2.9129562373331197e-08
0.6444935675290334,0.44051996,0.44052,-4.126548769356475e-08
0.7559386860299452,0.5894749,0.5894749,1.6458129858953896e-08
0.8581734641588808,0.7476783,0.7476783,-2.0123291033513624e-08
1.0327094142078297,1.1413792,1.1413792,3.717498775479555e-08
1.084747837309495,1.3010767,1.3010765,1.5061950686678927e-07
1.1363257433925615,1.4276339,1.427634,-1.1843109137821273e-07
1.1881339079849278,1.5036348,1.5036348,1.0447692933013286e-08
1.2381000045028985,1.559601,1.5596008,1.4928741465247697e-07
1.2864542914557733,1.5709796,1.5709796,-4.815673859681624e-09
1.3354993539365465,1.6294571,1.6294571,1.6127014168532128e-08
1.3861562259824156,1.5733403,1.5733404,-1.0325469967931156e-07
1.4377341320654822,1.5001515,1.5001515,1.500701896084422e-08
1.4817135073416683,1.5872544,1.5872545,-9.497833253213628e-08
1.4365828395189852,1.5772941,1.5772941,1.1251831022462966e-08
1.4031953556705716,1.5811702,1.5811703,-9.869842521048611e-08
1.3751038175360442,1.5603671,1.5603671,7.3913575260320385e-09
1.352768742134002,1.5384086,1.5384086,3.704681406091481e-08
1.3341178028807503,1.543681,1.5436813,-2.7449493411602077e-07
1.3262890135645704,1.4965209,1.4965208,7.688446035380991e-08
1.3244469454901753,1.4432356,1.4432356,3.575744633721456e-08
1.3302034082226604,1.3926396,1.3926396,3.699340811458285e-08
0.7978457347224368,0.764904,0.764904,2.2216796846663556e-08
0.7801158295063827,0.73754394,0.73754394,5.44128408996869e-10
0.7598530806880351,0.7086222,0.7086222,1.7178344746682228e-08
0.7402811073975858,0.68809503,0.68809503,3.1687926727030913e-09
0.7248537872745257,0.6705812,0.6705812,2.1580505382701176e-08
0.7025187118724834,0.65163743,0.65163743,4.9594116591222814e-09
0.6820257045448365,0.63273436,0.6327344,-4.168930056724918e-08
0.6626839897636864,0.6141301,0.6141301,-2.0253753674204233e-08
0.644263309019734,0.6113162,0.61131626,-5.592895502282147e-08
-0.3545981043210831,-0.36678973,-0.36678967,-5.840309141857958e-08
-0.1819042223465296,-0.16609713,-0.16609713,-4.35173033719316e-09
-0.0221048168927428,-0.0143981725,-0.0143981725,2.250671871095733e-12
0.1238790780030796,0.15117067,0.15117066,1.0986175524863029e-08
0.2581197889246325,0.3021465,0.3021465,-5.61141966226586e-09
0.3799265403440175,0.42388475,0.42388475,-5.874633557390041e-10
0.4906808833170312,0.51781857,0.51781857,1.3702394774384175e-10
0.5919946274087692,0.5934428,0.5934428,-2.3391724113253076e-09
0.6859400992029263,0.66247725,0.66247725,4.867553693443938e-09
-0.0453609263319827,-0.025400624,-0.025400653,2.932083892695503e-08
0.0577948858341505,0.09023074,0.09023074,6.067848168367362e-10
0.1597994054537868,0.18716829,0.18716829,-4.749336229847856e-09
0.2581197889246325,0.33061436,0.33061433,2.8186721789946745e-08
0.3552888798489813,0.42612714,0.4261271,3.575363161090195e-08
0.4448594399664496,0.5033541,0.5033541,-2.7429199245254665e-08
0.5328181905188222,0.56252813,0.56252813,3.3923339692876198e-09
0.6170928049224044,0.6165186,0.6165186,1.6676330538700768e-08
0.6974530246678965,0.67231035,0.67231035,2.3254395076222067e-09
0.7674516114949155,0.7615588,0.76155865,1.2113342284791884e-07
0.7382087808138911,0.7312107,0.7312107,8.61816407127236e-09
0.7098869841700644,0.7009498,0.7009498,-1.190643306170358e-08
0.6815651875262375,0.68133086,0.68133086,-3.388976876905758e-10
0.6546249419382072,0.6625526,0.66255254,5.513854983707489e-08
0.6336714175919614,0.6450621,0.645062,8.896636960464832e-08
0.6081127230597275,0.62376356,0.62376356,1.248779302187586e-09
0.5866986816948829,0.6010717,0.6010717,1.5354919447041482e-08
0.571962137099721,0.580565,0.580565,-2.4261474607101263e-08
0.8125822793175987,0.7756424,0.7756424,-4.9804687041188345e-09
0.8112007282618023,0.75950193,0.75950193,4.051513680103369e-09
0.8084376261502095,0.74166167,0.74166167,-2.176208546700309e-09
0.8065955580758143,0.72970116,0.72970116,1.3845825597158523e-09
0.8112007282618023,0.7241769,0.7241769,-1.6302490246644652e-08
0.8084376261502095,0.7166636,0.7166636,-9.857177296623831e-10
0.8095889186967066,0.7113426,0.7113426,-2.6834106492401588e-08
0.8123520208082994,0.7253411,0.7253411,-1.8380737265566438e-08
0.8174177080128863,0.7358012,0.7358011,1.199401855611626e-07
-0.9631713443994094,-0.95850027,-0.95850027,3.924865765725372e-09
-0.6617629557264888,-0.6695348,-0.6695348,-2.4368286277720586e-09
-0.3780844722696224,-0.42893425,-0.4289342,-4.630165101326966e-08
-0.1181226152705945,-0.21493945,-0.21493939,-5.5257186881707554e-08
0.1294052822262653,0.00035494566,0.00035493076,1.4899637451181325e-08
0.3598940500349694,0.21314932,0.21314934,-1.594051360354065e-08
0.5749554977206133,0.45596436,0.45596436,-3.3391571174767876e-09
0.7729778157181012,0.6303998,0.6303998,2.318878178364514e-08
0.9578753986855232,0.8340939,0.8340939,2.8337097113251275e-08
0.795082632610844,0.77821755,0.77821755,4.092407190903202e-09
0.7831091901272751,0.76319265,0.76319265,3.656005831409459e-09
0.7752804008110953,0.75169826,0.75169826,-4.461059521787547e-09
0.7706752306251071,0.75163925,0.75163925,-3.0593871880313372e-09
0.7690634210600114,0.7507173,0.7507173,-1.77047729810198e-08
0.7697541965879096,0.74853945,0.74853945,-2.2155761669750973e-09
0.7732080742274006,0.74672043,0.74672043,3.235168466453331e-09
0.779655312487784,0.7458042,0.7458042,-9.36431887588185e-09
0.7886353943504608,0.7467998,0.7467998,2.6622009263732593e-08
0.3944328264298801,0.40848684,0.40848684,3.10913084167197e-09
0.4414055623269586,0.42665684,0.42665684,2.2317505066205e-09
0.4904506248077317,0.48322207,0.48322204,2.735610959980761e-08
0.5401864628164031,0.5671456,0.5671456,-1.3986206082172714e-08
0.5885407497692782,0.62682474,0.62682474,-3.4048461827751453e-09
0.6345924516291591,0.71651185,0.71651185,-4.4113158681469145e-09
0.6804138949797405,0.73763525,0.73763525,4.859924351841016e-09
0.7266958553489209,0.7368947,0.7368947,2.6753234849685725e-08
0.7725172986995025,0.7260237,0.7260238,-1.2598876952818472e-07
0.7994575442875328,0.8242663,0.8242663,1.4506530754410107e-08
0.7382087808138911,0.7429329,0.7429329,1.5687561027988295e-08
0.7128803447909566,0.7102866,0.7102866,1.727905274417907e-08
0.7078146575863697,0.7292527,0.7292527,-3.962707495475115e-09
0.7151829298839506,0.7428328,0.7428329,-1.2011566163927512e-07
0.7306102500070109,0.7493378,0.7493378,-7.603454643678731e-09
0.7559386860299452,0.7573267,0.7573267,2.2145080547097962e-08
0.7775829859040893,0.741645,0.741645,-2.1476745604154246e-08
0.8088981431688084,0.7352431,0.7352431,-1.7953491249222964e-08
1.0048481345826017,1.0789614,1.0789615,-1.2762451162551258e-07
0.9090605947140492,0.9826975,0.9826975,-1.3122558595313194e-08
0.8457395046567131,0.9476669,0.9476669,-1.6531372049044535e-08
0.8194900345965809,0.92759943,0.92759943,8.422851305311951e-11
0.7934708230457482,0.90149724,0.90149724,4.834899924865965e-09
0.7858722922388679,0.8467772,0.8467772,6.988525314000071e-10
0.7937010815550476,0.8245336,0.8245336,-1.8266296364366497e-08
0.7987667687596345,0.77516246,0.77516246,-1.5802001929188236e-09
0.8171874495035869,0.75619245,0.75619245,-4.244995133184659e-09
-0.2019367126555778,-0.21032831,-0.21032831,-7.280731295633558e-10
-0.0478937699342761,-0.04655701,-0.04655701,7.798767118205596e-10
0.0921034037197618,0.115878254,0.11587827,-1.5824813848208663e-08
0.2235810125297218,0.25418496,0.25418496,1.3189697112281351e-09
0.3476903490421009,0.375403,0.375403,-1.2996673570686568e-08
0.4642011547475996,0.46570203,0.46570206,-3.291755673595631e-08
0.573113429646218,0.53835416,0.53835416,-1.598510768197059e-09
0.6730456226821596,0.61790824,0.6179083,-6.063537594247492e-08
0.7646885093833227,0.6980103,0.6980103,2.543182375802644e-08
-0.4966676045588157,-0.43835047,-0.43835047,1.126022330932841e-09
-0.3352563895399331,-0.2901631,-0.2901631,2.342224192375397e-10
-0.1865093925325177,-0.15106738,-0.15106735,-2.6136779796015475e-08
-0.0485845454621743,-0.0028087199,-0.002808705,-1.4873428344844286e-08
0.0858864239686779,0.15984824,0.15984824,2.9981231663978036e-09
0.2104562774996558,0.2985322,0.2985322,-1.2061309839772605e-08
0.3285788927702503,0.41956002,0.41956002,-4.798431374464229e-09
0.4446291814571502,0.51661193,0.51661193,3.7081908654812423e-09
0.5671267084044335,0.6196159,0.61961585,6.243743899680965e-08
0.803602197454922,0.8523222,0.8523222,2.080230709911035e-08
0.713110603300256,0.7075707,0.7075707,-2.7964782711720204e-08
0.6382765877779495,0.6345206,0.63452065,-5.969467165023445e-08
0.5820935115088949,0.5804149,0.5804149,-8.757018998828414e-09
0.5427193064186966,0.53951776,0.53951776,2.7679447622830367e-10
0.5180816459236603,0.51126397,0.51126397,-3.4396362424971016e-09
0.5084107885330853,0.49886405,0.49886402,3.467987058636268e-08
0.5097923395888818,0.5099343,0.5099343,6.144714403966134e-09
0.520153972507355,0.53596723,0.53596723,7.968139481562275e-10
0.7009069023073876,0.6456219,0.6456219,-4.209899873153233e-09
0.5949879880296615,0.5389048,0.5389048,-1.3890075645228706e-08
0.5153185438120674,0.4262712,0.42627117,3.018005373389698e-08
0.4671945153684919,0.38371116,0.38371116,-7.707214311203359e-10
0.4446291814571502,0.34381825,0.34381825,-2.6817321696626095e-09
0.4423265963641562,0.32855862,0.32855862,3.7907409433657335e-09
0.45245797077333,0.34938174,0.34938174,4.8616027870096445e-09
0.4701878759893841,0.39403185,0.39403182,3.2483749412559604e-08
0.4899901077891329,0.47533894,0.47533894,-4.147949206334545e-09
-0.2935795993567409,-0.30718502,-0.30718496,-6.402305602337677e-08
-0.1637138001118766,-0.17642158,-0.17642155,-3.269882201117902e-08
-0.0925639207383606,-0.015054807,-0.015054837,2.9933082580299586e-08
0.0338480008670124,0.13108763,0.13108763,9.871673478656362e-10
0.1756872425954457,0.25008637,0.25008634,2.7130279522946665e-08
0.2843692589847647,0.38524145,0.38524145,-1.1207580419281271e-09
0.389827656243892,0.46463332,0.46463332,-4.198379532915908e-09
0.4943650194658217,0.5472398,0.5472398,-1.9573974663344984e-08
0.5995931582156496,0.63806695,0.63806695,-2.5398254610564663e-09
-0.3476903490421009,-0.35561904,-0.35561898,-6.31118011740206e-08
-0.2198968763809314,-0.2033444,-0.20334435,-5.469741820585128e-08
-0.0923336622290612,0.00260368,0.002603665,1.4895401001177588e-08
0.0297033476996231,0.154186,0.154186,-4.540443410139261e-09
0.1492075140260141,0.29947352,0.29947352,4.093627936629929e-09
0.2645670271850159,0.43312335,0.43312335,1.43432599131188e-10
0.3767029212138259,0.5117632,0.5117632,1.5065002467729016e-08
0.4876875226961389,0.5995072,0.5995072,1.2638854962609969e-08
0.598672124178452,0.6667577,0.6667577,2.8274536045813647e-09
-0.9820525421619606,-0.9255276,-0.92552745,-1.226318359082157e-07
-0.7128803447909566,-0.64207304,-0.64207304,4.759826643940812e-09
-0.4607472771081086,-0.42824993,-0.42824987,-5.5374984764267055e-08
-0.2452253124038658,-0.22178492,-0.22178492,4.996490443609503e-10
-0.0465122188784797,-0.010717541,-0.010717571,3.002061462441252e-08
0.1374643300517445,0.12849121,0.12849121,-2.04273223336493e-09
0.3126910556285914,0.29582933,0.2958293,2.591438291732473e-08
0.4674247738777913,0.44230616,0.44230616,9.268188438937841e-10
0.5901525593343739,0.5802369,0.58023685,6.177368161441876e-08
-0.8287003749685571,-0.6783396,-0.6783396,-5.630492738717408e-10
-0.5563045584673615,-0.3978084,-0.39780846,5.7223281835216966e-08
-0.3370984576143283,-0.16424981,-0.16424981,2.4037933310516735e-09
-0.1310170917913612,-0.006959811,-0.006959811,1.469955442090498e-10
0.0548015252132583,0.14879477,0.14879479,-1.9759216318693262e-08
0.2251928220948177,0.2700237,0.2700237,3.5751342997158986e-09
0.3790055063068199,0.36467546,0.36467546,2.245941155276654e-09
0.5127857002097741,0.47229552,0.47229552,2.6898193117297353e-09
0.6332109005733627,0.5901711,0.5901711,-1.2908935032029945e-09
-0.1174318397426963,-0.15163031,-0.15163034,2.779563904042881e-08
-0.0624000560201386,-0.08634254,-0.08634257,2.6636428826498637e-08
-0.0004605170185988,-0.0063771755,-0.0063771904,1.494967498752442e-08
0.0649328996224321,0.077616625,0.07761662,4.5341300991541544e-09
0.1204252003635886,0.17358743,0.17358743,-3.4567642082095063e-09
0.1885817191162123,0.24874842,0.24874842,1.669006349791502e-09
0.2548961697944409,0.2932532,0.2932532,1.3167190560103847e-08
0.3278881172423521,0.3261456,0.3261456,-1.0648345927233294e-08
0.4107811805901378,0.42288142,0.42288142,4.427032462839264e-09
0.0455911848412821,0.12879792,0.12879792,-1.4418792826376148e-09
0.1162805471961993,0.23417783,0.23417783,-2.164916995672783e-09
0.1922658552650028,0.26717937,0.26717937,-7.354739040010827e-11
0.2631854761292194,0.30523503,0.30523503,-1.7330932799985987e-09
0.3292696682981485,0.35632524,0.35632527,-3.105690005167361e-08
0.3900579147531913,0.3979121,0.39791209,2.485862732326538e-08
0.4485435761152401,0.44920388,0.44920388,-1.3588714598000706e-09
0.501963550272702,0.5050097,0.50500965,6.07887268300189e-08
0.553771714865068,0.5669095,0.5669095,-7.984161332075246e-09
-0.2332518699202968,-0.16490799,-0.16490796,-3.188613892368686e-08
-0.1220370099286844,-0.040761307,-0.040761337,3.011809539960053e-08
-0.0103616329184732,0.0942445,0.0942445,2.484798436452884e-09
0.080820736764091,0.16495125,0.16495125,-4.291533794997804e-11
0.1462141534051219,0.23069054,0.23069054,-1.1167907709719316e-09
0.2334821284295962,0.31825876,0.31825876,2.359619166725224e-09
0.2917375312823456,0.38865173,0.3886517,2.863006592912498e-08
0.3255855321493581,0.46476707,0.46476707,-1.3755035443985264e-09
0.4096298880436407,0.549065,0.54906493,6.38583373957502e-08
-0.1551942352677986,-0.16067079,-0.16067079,2.9039764481986197e-09
-0.0571041103062523,-0.026322752,-0.026322722,-3.023731994650225e-08
0.043288599748288,0.08282934,0.08282934,1.292381285322719e-09
0.1418392417284332,0.19250347,0.19250347,-2.7978134253814346e-09
0.235093937994692,0.3236961,0.32369608,2.6672286990159222e-08
0.3304209608446455,0.42005995,0.42005992,2.9159622216834435e-08
0.4255177251852997,0.49951196,0.49951196,-2.8314208755375603e-09
0.52591043523984,0.5815357,0.5815357,-3.01666258639699e-09
0.6219282336176918,0.65347993,0.65347993,3.738708453937534e-09
-0.0828930633477856,-0.021894604,-0.021894604,3.233337556030058e-11
-0.0310848987554196,0.022946835,0.022946805,2.9564208983701157e-08
0.010822149937072,0.057398096,0.05739808,1.5726966860751812e-08
0.1227277854565826,0.06748517,0.06748517,-1.4237594575527979e-09
0.1830555148930266,0.14386809,0.14386809,-1.2777710001188325e-09
0.2420016932736742,0.23253766,0.23253766,-2.9775238108431523e-09
0.3000268376171242,0.3225783,0.3225783,1.0966491714725635e-08
0.3555191383582807,0.4260133,0.4260133,-9.117889387955103e-09
0.4264387592224973,0.5152551,0.5152551,-6.425476040128331e-09
1.6412826542861558,1.6937463,1.6937464,-7.164611814935995e-08
1.4437208533072667,1.5440079,1.544008,-1.0262298588692431e-07
1.2394815555586949,1.3702649,1.370265,-1.1219024664832489e-07
1.034090965263626,1.1769118,1.1769118,3.0902099545926376e-08
0.838831749377731,1.0015886,1.0015886,-1.700744634014484e-08
0.6712035546077644,0.87972105,0.87972105,-4.505920414565878e-09
0.5544624903929662,0.7968315,0.7968315,-1.1390686061041322e-08
0.5116344076632771,0.7424085,0.7424085,1.4022827121706882e-08
0.551469129772074,0.75026643,0.75026643,2.762145956403117e-09
0.4948255364844204,0.57359225,0.57359225,-4.421234156559706e-09
0.4556815899035216,0.67574143,0.67574143,4.097290062787806e-09
0.4321952219549824,0.80588794,0.8058878,1.375457763241883e-07
0.4209125549993116,0.81457245,0.81457245,3.49884032857517e-09
0.4158468677947247,0.7409133,0.7409133,-2.8096008297673336e-08
0.4225243645644074,0.6532136,0.6532137,-7.981414795743547e-08
0.4289716028247907,0.5753319,0.5753319,2.634582518812323e-08
0.435418841085174,0.5427367,0.54273665,5.911788936163731e-08
0.4614380526360068,0.54193175,0.54193175,-1.6098022914690091e-09
0.7937010815550476,0.7455609,0.7455609,-1.5524291963053827e-08
0.7780435029226881,0.69975626,0.69975626,4.686584453850173e-09
0.7639977338554244,0.6735736,0.6735736,1.3166809087472586e-08
0.7593925636694363,0.6654025,0.6654025,-2.7980804451210872e-08
0.7587017881415382,0.6525954,0.6525954,8.102416515498589e-10
0.7628464413089273,0.6646838,0.6646838,1.881713862506018e-08
0.7741291082645982,0.7067168,0.7067168,-2.410583499479202e-08
0.7937010815550476,0.74921,0.74921,3.814693005921299e-11
0.8247859803104672,0.79806507,0.79806507,-3.6624145938191077e-09
0.7966944421759399,0.77523243,0.77523243,4.27276614090033e-09
0.7775829859040893,0.7583524,0.7583524,-1.1276245492908288e-09
0.7653792849112208,0.7418871,0.7418871,-7.409667990287971e-09
0.7531755839183524,0.73346376,0.73346376,4.190673807968892e-09
0.7412021414347835,0.7291788,0.72917867,1.1627777096734349e-07
0.7317615425535079,0.7230786,0.7230786,8.512878402200386e-09
0.7266958553489209,0.720368,0.720368,2.7687072745585795e-08
0.7234722362187291,0.72048247,0.72048247,-1.394958482059394e-09
0.7237024947280287,0.7191019,0.7191019,5.822753945672332e-09
-0.9657041880017028,-0.8462646,-0.8462647,9.9246215801152e-08
-0.6859400992029263,-0.644711,-0.64471114,1.223913573822344e-07
-0.4216033305272098,-0.47537658,-0.47537646,-1.1618522643974671e-07
-0.2304887678087039,-0.28817254,-0.28817254,-3.0488586655330607e-09
-0.0465122188784797,-0.10550508,-0.10550508,9.690094004977112e-10
0.1135174450846064,0.045408636,0.04540865,-1.3668441774250528e-08
0.2781522792336807,0.20662403,0.20662405,-1.893310547229632e-08
0.4391029772339646,0.3805588,0.3805588,-1.1223602269794242e-08
0.5942972125017633,0.560737,0.5607371,-8.618316649222635e-08
0.3223619130191664,0.29007718,0.2900772,-2.032966611720255e-08
0.6334411590826621,0.55794567,0.55794567,-1.3026427714279976e-09
0.8927122405537916,0.8110684,0.8110684,1.5641784645303858e-08
1.1006356744511538,0.96226,0.9622599,1.0785827642134649e-07
1.2781649851209949,1.0882088,1.0882088,-5.406189051981869e-09
1.4335894788980932,1.2925589,1.292559,-9.15374755994236e-08
1.5724353600056338,1.4586811,1.4586812,-9.343261719862994e-08
1.6935513358971208,1.5832244,1.5832244,1.577911379335717e-08
1.81374627775141,1.7360278,1.7360277,1.367996216306011e-07
0.7785040199412869,0.8510822,0.8510822,5.7723998914127606e-09
0.9118236968256422,0.9673202,0.9673201,1.0378112791364913e-07
1.0506695779331832,1.0678828,1.0678828,-2.3739624044338825e-08
1.1856010643826342,1.1748934,1.1748934,-2.078857419540725e-08
1.3143155710810013,1.281466,1.2814661,-9.276733403673632e-08
1.4469444724374585,1.4075099,1.40751,-7.701873783183544e-08
1.568981482366143,1.4715357,1.4715357,-1.7321777345813416e-08
1.686413322108839,1.5707749,1.5707749,1.2834167506525773e-08
1.8077595565096247,1.7078953,1.7078953,-2.1069335831569447e-08
1.177542016557155,1.2626183,1.2626184,-9.670104983428018e-08
1.1987257994127,1.2144504,1.2144504,-4.065551761911479e-08
1.250303705495767,1.1817366,1.1817366,-1.1521911646994454e-08
1.3237561699622769,1.1696609,1.169661,-7.413482672191662e-08
1.406879491819362,1.2308304,1.2308302,2.3098449708491842e-07
1.4999039295763217,1.3399307,1.3399307,-4.642791751052755e-08
1.5961519864634728,1.4412129,1.4412128,9.253234867223625e-08
1.699998574157504,1.5580231,1.5580231,-4.869079583968983e-09
1.808450332037524,1.707363,1.707363,9.452819860200634e-09
0.8257070143476648,0.7878231,0.7878231,-1.898345947104474e-08
0.8395225249056291,0.78293085,0.78293085,9.82666059634596e-10
0.8558708790658868,0.77733064,0.77733064,-3.0218505475687607e-09
0.8738310427912405,0.77651274,0.77651286,-1.1795745846754357e-07
0.8931727575723905,0.782681,0.7826811,-1.1168823244034343e-07
0.9102118872605464,0.78793347,0.78793347,-1.181335473887657e-09
0.9309351530974928,0.80826616,0.80826616,2.872314497359696e-09
0.9539610040274332,0.83239555,0.83239555,3.5888672034189995e-09
0.9790591815410684,0.8715539,0.8715539,-2.1423339768844585e-09
0.6631445067822852,0.61827046,0.6182705,-4.3209075872852054e-08
0.6546249419382072,0.59946465,0.59946465,4.922485308256341e-09
0.6686707110054709,0.63738585,0.63738585,-4.815673859681624e-09
0.6910057864075131,0.6791209,0.6791209,-1.7532348906001971e-09
0.7232419777094298,0.7315495,0.7315495,1.4190674191283392e-09
0.7570899785764422,0.77900183,0.77900183,2.0083618101907064e-09
0.796233925157341,0.80389404,0.8038939,1.4296874994990105e-07
0.8356081302475392,0.8002238,0.8002238,2.7362060506241903e-08
0.8786664714865279,0.8206365,0.8206364,1.1084899897984002e-07
-0.3635781861837598,-0.4122044,-0.4122044,-1.4606094334013164e-08
-0.142299758747032,-0.16944739,-0.16944742,2.777473448456469e-08
0.0497358380086713,0.09826041,0.09826041,1.300239499402167e-10
0.2203573933995301,0.2780791,0.2780791,-7.497406029344234e-09
0.3718674925185384,0.4408309,0.44083083,5.6363983147456054e-08
0.5086410470423848,0.56208783,0.5620879,-6.611862179983774e-08
0.6325201250454644,0.6590016,0.6590016,-1.1178588832372327e-08
0.7428139509998792,0.7368548,0.7368548,-8.358764680416186e-09
0.8432066610544197,0.80782235,0.80782235,-3.3126831278096347e-09
-0.2638762516571176,-0.25198504,-0.25198498,-6.328727719662197e-08
-0.0796694442175939,-0.03692256,-0.03692256,8.578872681686001e-10
0.0879587505523725,0.15248567,0.15248567,-1.3407897847539374e-09
0.2415411762550754,0.32176244,0.32176244,2.5888061694345765e-09
0.3826896424556104,0.45486858,0.45486856,2.487129213690764e-08
0.5123251831911753,0.5612416,0.56124157,5.67395019857031e-08
0.629987281443171,0.6396482,0.6396482,-9.185791016719236e-10
0.7405113659068852,0.71423686,0.71423686,-4.493103000768883e-09
0.8402133004335274,0.79763556,0.79763556,-4.73266603684408e-09
1.77506284818911,1.741593,1.741593,3.273010307225377e-09
1.7709181950217208,1.698152,1.6981518,1.4606781006953895e-07
1.8045359373794336,1.704168,1.704168,-3.792572011995787e-08
1.8634821157600807,1.868057,1.8680569,1.1255798337828082e-07
1.931638634512705,2.0655036,2.0655034,1.972595216059858e-07
2.028347208418455,2.276965,2.276965,-9.712219251056808e-08
2.132424054621786,2.4058123,2.4058123,-3.651123048342697e-08
2.2579149421899616,2.4286382,2.4286385,-2.801666258989144e-07
2.4059711636694785,2.4614153,2.4614153,-9.167480552463303e-09
0.8455092461474137,0.80063,0.80063,-2.6588439894226212e-08
0.8770546619214321,0.8085505,0.80855036,1.1702789304290917e-07
0.9074487851489536,0.81645894,0.81645894,5.05981478937656e-10
0.9399152349601696,0.8270494,0.8270495,-1.254196166922128e-07
0.9804407325968648,0.8456236,0.8456236,1.2403869598109907e-08
1.0122164068801829,0.86770797,0.86770797,-2.2418212841657237e-09
1.05182087047968,0.9138411,0.91384125,-1.2165069585012844e-07
1.0937279191721718,0.97704375,0.97704375,-2.0980834847250662e-09
1.1367862604111605,1.0417699,1.0417699,-3.7825012233483335e-08
-0.2044695562578712,-0.21473002,-0.21473002,-4.337768561013533e-09
-0.0018420680743952,-0.0009138882,-0.0009139031,1.4883981323257287e-08
0.1770687936512421,0.1934586,0.1934586,1.8323898232086577e-09
0.3394010427073223,0.35424873,0.35424873,2.328414905328202e-09
0.4849244205845461,0.48365253,0.48365253,2.1006774653109517e-09
0.6170928049224044,0.5781523,0.5781523,-1.0726928234561228e-09
0.7391298148510888,0.65874815,0.65874815,-1.281738049030423e-10
0.8487328652776053,0.7474799,0.7474799,1.561889650947279e-08
0.9500466093693434,0.8377683,0.8377682,1.1626892093552499e-07
-0.2945006333939385,-0.34379795,-0.34379795,-1.936721782946904e-09
-0.1017742611103368,-0.13395718,-0.13395718,2.599411019765796e-09
0.0658539336596297,0.034400746,0.03440073,1.622631073255887e-08
0.2166732572507397,0.16080052,0.1608005,1.6605377184397696e-08
0.3709464584813408,0.30996886,0.30996886,-1.0427093632969786e-09
0.5107133736260794,0.43919516,0.4391951,5.609741210443886e-08
0.657848561068399,0.5681691,0.5681691,1.6973876970638457e-08
0.7778132444133887,0.7142099,0.7142099,1.4207458542969675e-08
0.8798177640330249,0.88005316,0.88005316,2.574768065422006e-09
1.161654179415496,1.0778899,1.0778899,1.928100590298243e-08
1.1130696339533217,1.0142349,1.0142348,1.0047454823691737e-07
1.0667876735841415,0.9644916,0.9644916,5.75866698770966e-09
1.023959590854452,0.928661,0.928661,-1.1192321736075428e-08
0.9818222836526612,0.8965707,0.8965707,-1.7474365288094873e-08
0.9403757519787684,0.8666767,0.8666767,-1.180572506420674e-08
0.9023830979443668,0.8464005,0.8464005,-6.561279297656597e-10
0.8653114779471625,0.8284409,0.8284409,4.61730953471573e-09
0.8305424430429524,0.8112881,0.8112881,1.8362426801310505e-08
1.431977669332997,1.3030745,1.3030745,-2.0896911534507012e-08
1.357143653810691,1.2020997,1.2020997,-1.9099426262769725e-08
1.28392144785348,1.1164564,1.1164564,-1.0572814845843936e-08
1.2136926025171615,1.0321257,1.0321257,1.1441040115300893e-08
1.1489899614040289,0.9547025,0.9547025,-3.4713745211689684e-09
1.0787611160677106,0.9108746,0.9108746,5.1788330290847284e-09
1.011295372842985,0.8800416,0.8800416,-7.263183388062089e-10
0.9449809221647564,0.85114586,0.85114586,3.5330199876781876e-09
0.8793572470144262,0.8220346,0.8220346,-2.603149362734314e-09
1.324907462508774,1.2298728,1.2298728,2.276153554525706e-08
1.2671125766746234,1.1597492,1.1597492,-4.9723815953583994e-08
1.207015105747479,1.0878271,1.0878271,-1.3551330502181713e-08
1.146226859292436,1.022311,1.0223111,-1.277862549109443e-07
1.0838268032722975,0.9730475,0.9730475,-5.111694290071966e-09
1.0211964887428593,0.9355061,0.9355061,5.422973625712757e-09
0.9574148816669245,0.89574754,0.89574754,2.381286612340716e-09
0.8982384447769773,0.85300565,0.85300565,-2.34069819082805e-09
0.8438974365823178,0.8236891,0.8236891,3.1265259270440993e-09
0.3612756010907658,0.30796114,0.30796114,-3.897323630486227e-09
0.4257479836945991,0.31397873,0.31397873,1.6322326823470235e-09
0.4734114951195758,0.3634764,0.3634764,-4.39300534837983e-09
0.5120949246818758,0.4350785,0.4350785,1.701355001326732e-09
0.5443311159837925,0.48476887,0.48476887,-2.507324237122077e-09
0.5774883413229067,0.53826153,0.53826153,2.783508312731442e-09
0.6071916890225298,0.5833209,0.58332086,5.5699005074849595e-08
0.6396581388337459,0.6465465,0.6465465,-1.6960144066935356e-08
0.6792626024332435,0.69505584,0.69505584,2.3995971876189515e-09
0.5051871694028937,0.18976584,0.18976584,7.688140957196055e-10
0.5210750065445526,0.14929964,0.14929965,-1.3516807562119482e-08
0.5314366394630258,0.15102276,0.15102278,-1.793983459008608e-08
0.5438705989651936,0.1681398,0.1681398,4.293441713265622e-10
0.5671267084044335,0.32329637,0.3232964,-3.187789915370942e-08
0.5899223008250746,0.44512916,0.44512916,-3.887329125262795e-09
0.6154809953573084,0.5200403,0.5200403,-2.6333618174945173e-08
0.6479474451685244,0.60936844,0.60936844,3.489074695828265e-09
0.6783415683960459,0.6892827,0.68928266,5.5320587111218344e-08
-0.1441418268214273,-0.18656012,-0.18656012,-4.158859256975234e-09
-0.0303941232275214,-0.1116676,-0.11166757,-3.3254318243525205e-08
0.0720709134107136,0.013112411,0.013112381,2.990297699040356e-08
0.1669374192420683,0.16721214,0.16721216,-1.6459617613318045e-08
0.2622644420920218,0.2866835,0.2866835,-1.8692014602805784e-10
0.3488416415885979,0.3408244,0.3408244,-4.5818329130753455e-09
0.4381819431967669,0.40733054,0.40733054,2.802810650237575e-09
0.5312063809537264,0.4839993,0.48399934,-2.8076019287226472e-08
0.6364345197035542,0.62895346,0.62895346,-3.121337854850026e-09
-0.5275222448049359,-0.55682254,-0.5568224,-1.3837585444154143e-07
-0.322131654509867,-0.38376126,-0.3837612,-5.6933212255749766e-08
-0.1298657992448642,-0.1872203,-0.18722028,-2.5204391490563083e-08
0.0345387763949106,0.022352964,0.022352964,-3.140106195897996e-10
0.1878909435883141,0.1884944,0.1884944,-8.100509707453796e-10
0.3271973417144539,0.33191454,0.33191454,4.105529805009667e-09
0.4577539164872163,0.4743807,0.4743807,1.7803192253751376e-09
0.5797909264159008,0.57404184,0.57404184,3.414306615212581e-09
0.6923873374633096,0.67882854,0.67882854,-2.535858190100271e-09
-0.4384122017060664,-0.45538154,-0.4553816,5.7555770871520195e-08
-0.2565079793595367,-0.32354894,-0.32354894,-2.8043365407626197e-09
-0.0868074580058755,-0.16937369,-0.16937372,2.891799927295935e-08
0.0619395390015398,0.0010918826,0.0010918975,-1.491352081303514e-08
0.2000946445811826,0.16720854,0.16720854,-2.540626514724309e-09
0.3359471650678313,0.32710236,0.32710236,3.109588642136174e-09
0.462128828163905,0.47113168,0.47113168,2.395935061461074e-09
0.5797909264159008,0.5656094,0.56560946,-6.449600220559404e-08
0.6930781129912078,0.6752924,0.6752924,-2.729644776877649e-08
-0.2408504007271772,-0.20231476,-0.20231476,-4.261245717396278e-09
-0.0665447091875279,-0.037747607,-0.037747577,-2.9635093691526837e-08
0.0877284920430731,0.09679927,0.096799254,1.5318580626200173e-08
0.2265743731506141,0.19980872,0.19980872,-3.2260131788142132e-09
0.3465390564956039,0.30467543,0.30467543,5.943295855459496e-11
0.4545302973570246,0.4223829,0.4223829,-8.821868902053609e-09
0.5581466265417567,0.5228474,0.5228475,-8.598327638775771e-08
0.6511710642987162,0.60417724,0.60417724,-3.4429931128343583e-09
0.7356759372115976,0.69850767,0.6985078,-1.334121704221758e-07
1.6053623268354489,1.7029364,1.7029362,2.1090393076406144e-07
1.4685887723116025,1.6069192,1.606919,1.6942596436919644e-07
1.3463215038736187,1.4769968,1.4769968,-2.0558166502482322e-08
1.2341856098448087,1.3753572,1.3753573,-1.4896850575318865e-07
1.131490314697274,1.2661453,1.2661453,4.8548889131083683e-08
1.042610530107704,1.1463599,1.1463599,2.0501708997144874e-08
0.9767565964480744,1.0398,1.0398,4.787445062603979e-08
0.9440598881275588,0.93300545,0.9330056,-1.4784393309597021e-07
0.9417573030345648,0.9040991,0.9040991,6.788635209531435e-09
-0.2677906463152075,-0.28739634,-0.28739634,-1.5622711457830007e-09
-0.1259514045867743,-0.11313486,-0.11313486,-9.9243163687035e-10
0.0066774967696827,0.05203408,0.052034095,-1.4971466066882044e-08
0.1305565747727624,0.159927,0.159927,-4.3649673597823124e-09
0.2512120336456504,0.29724252,0.29724252,2.239685048532891e-09
0.3695649074255444,0.4297412,0.42974117,3.37849426212955e-08
0.4764048557404681,0.53811014,0.5381101,3.698577877297993e-08
0.5767975657950085,0.61373293,0.61373293,3.9981079558160104e-09
0.6815651875262375,0.7013674,0.70136726,1.1823486323336851e-07
-0.2364754890504885,-0.34708175,-0.34708175,-6.313323752671351e-10
-0.0729919474479112,-0.23550677,-0.23550674,-3.299499512499082e-08
0.0695380698084201,-0.060537487,-0.060537457,-3.0268447873127435e-08
0.2028577466927754,0.08839268,0.08839268,2.373523710907932e-09
0.3255855321493581,0.2435919,0.24359189,1.4640197748549966e-08
0.4365701336316711,0.3587695,0.3587695,6.2160491753893155e-09
0.5394956872885049,0.50170267,0.5017026,6.628265381003473e-08
0.6320596080268657,0.5831367,0.58313674,-6.225799564774093e-08
0.717715773486244,0.6866897,0.68668973,-5.514572143372476e-08
-0.1199646833449897,-0.1679999,-0.16799992,2.657310485543185e-08
0.0262494700601321,-0.03877558,-0.038775608,2.985878753969384e-08
0.1577270788700921,0.06683007,0.066830054,1.482667541519156e-08
0.2779220207243813,0.18437393,0.18437394,-9.90337370443406e-09
0.3852224860579039,0.30191055,0.30191058,-3.059776304548123e-08
0.4853849376031448,0.42678946,0.42678943,3.2566375707254736e-08
0.5765673072857092,0.52949333,0.52949333,1.9091797032189106e-09
0.66130243870789,0.6112824,0.6112824,8.237457271853543e-09
0.7405113659068852,0.70233524,0.7023351,1.384567260842573e-07
0.5360418096490139,0.8557141,0.8557141,-1.7282104525229158e-08
0.993104950608332,1.6388034,1.6388034,-3.715362550948953e-08
1.3884588110754097,2.4512668,2.4512672,-4.3440551777962355e-07
1.7343070920431154,3.2221901,3.2221904,-2.583221436758265e-07
2.028347208418455,3.571392,3.571392,5.9326171975015995e-08
2.277026398461812,3.5710673,3.5710676,-2.6677856457268945e-07
2.4789631111173898,3.267343,3.2673433,-2.557189939800253e-07
2.652117510110542,3.0845125,3.084512,4.721527098183742e-07
2.8107656230178315,3.0051267,3.0051267,1.4706420969901046e-08
0.8973174107397797,0.99620104,0.99620104,-1.6394042789968921e-09
1.3147760880996,1.5551972,1.5551974,-1.6107788081143326e-07
1.653256096769725,2.2158384,2.215839,-5.676879881733043e-07
1.9528224173682505,2.6124313,2.6124313,-1.223449697107526e-08
2.1840019607048524,2.7908485,2.7908483,1.9357604985614785e-07
2.3983726328625985,2.7484145,2.7484145,1.644897462682593e-08
2.5761322020417388,2.8216417,2.821642,-3.164215089945799e-07
2.7205042873724654,2.875997,2.875997,6.649780281975382e-08
2.84231103879185,2.92194,2.9219403,-2.117279054303367e-07
0.0241771434764374,-0.07606995,-0.07606995,-1.0574340847391284e-09
0.4315044464270842,0.21329185,0.21329185,3.6663055369423603e-09
0.7782737614319876,0.43661875,0.43661875,-4.673004150301807e-09
1.0983330893581598,0.6926598,0.69265985,-5.471572872561836e-08
1.403425614179871,0.91025794,0.91025805,-1.1447601322434053e-07
1.6848015125437434,1.2689028,1.2689028,-2.137451171613236e-08
1.943612076996274,1.6846796,1.6846797,-7.258148193578506e-08
2.174561361823577,2.0975173,2.097517,2.5196838393526377e-07
2.3866294488883284,2.3892403,2.3892403,-3.510742185852678e-08
0.9051462000559596,0.7385154,0.7385154,-2.2955322309670123e-08
1.1128393754440224,0.9899076,0.9899076,2.2337341309963676e-08
1.2818491212697851,1.167473,1.1674728,1.5856475821252047e-07
1.5047393582716089,1.4095087,1.4095088,-9.486083984988625e-08
1.7918717193679663,1.6876286,1.6876286,2.6823425258726274e-08
2.1271281089078995,1.966135,1.966135,2.5024414096463943e-08
2.4094250413089697,2.291908,2.2919083,-2.7425842263895106e-07
2.6304732102363984,2.5594435,2.5594437,-2.2618408213048724e-07
2.813068208110826,2.7690187,2.7690187,-4.994506852540326e-08
-0.4455502154943478,-0.7661723,-0.7661722,-8.984832766678608e-08
0.0865771994965761,-0.41374758,-0.41374758,1.140670780053199e-09
0.5385746532513074,-0.06331259,-0.06331259,-1.22222898468749e-10
0.9307048945881934,0.31144682,0.31144682,-4.270858777744024e-09
1.2772439510837972,0.6485946,0.6485946,1.7843627908575854e-08
1.5874021631100952,0.95937157,0.95937157,-3.227539013828107e-09
1.8692385784925665,1.2458268,1.2458268,4.040069589983375e-08
2.125746557852103,1.6562016,1.6562012,4.010284424538213e-07
2.364524631995585,2.235859,2.235859,-8.2763671915842e-08
-0.2924283068102438,-0.25293553,-0.2529355,-2.8755188008489085e-08
0.0501963550272702,0.0647672,0.06476718,1.6774482733405982e-08
0.5054174279121931,0.38556722,0.38556725,-3.193473813167813e-08
1.027183209984644,0.6612325,0.6612325,-2.8533935547692124e-08
1.5077327188925014,0.9857534,0.9857534,1.701507568174776e-08
1.8973301166270933,1.487153,1.487153,5.328369145907175e-08
2.25469132305977,1.9250427,1.9250427,4.845123280361463e-08
2.551955058565301,2.3803215,2.3803213,2.0268554701274866e-07
2.777378139169418,2.717439,2.717439,-6.376647965211646e-08
-0.0531897156481624,-0.17165682,-0.17165685,3.280220031709469e-08
0.6760389833030519,0.15020204,0.15020204,-4.096069344816655e-09
1.36520270163617,0.43900844,0.43900844,4.547653198461177e-09
2.0030187723955204,0.6934199,0.69341993,-5.6285552996193644e-08
2.567382378688361,0.98173106,0.98173106,-2.832946766062605e-09
3.087766609705016,1.4072088,1.4072088,3.1585689619362256e-10
3.5800593025871423,1.8386875,1.8386877,-1.6089935295227065e-07
4.042418389260347,2.229432,2.229432,1.0601806632593025e-07
4.47046895804794,2.505506,2.5055058,2.386657715902629e-07
1.6461180829814437,1.6077663,1.6077662,7.06375122838665e-08
1.7752931066984097,1.6466304,1.6466304,6.3796996574438936e-09
1.8966393410991955,1.7199805,1.7199804,7.828674308818506e-08
2.008775235128005,1.8318026,1.8318027,-9.341735829337949e-08
2.1151546664243304,1.9806143,1.9806143,4.542541454100046e-09
2.216468410516069,2.1151385,2.1151383,2.3073120125616242e-07
2.311334916347424,2.2677312,2.2677312,-1.0272216854900762e-08
2.4018265105020893,2.391214,2.3912137,1.9389038063977182e-07
2.489785261054461,2.5063148,2.506315,-2.455139158641373e-07
0.5908433348622721,0.4972886,0.4972886,1.4511489843105352e-08
0.7642279923647237,0.6329249,0.6329249,1.436004637422883e-08
0.8973174107397797,0.82552433,0.8255242,1.3013916011495041e-07
1.0036968420361043,1.0353495,1.0353495,-1.1741638106244068e-08
1.0918858510977767,1.140033,1.140033,6.668090746231314e-09
1.1664896081107838,1.2271374,1.2271373,1.4640350332051355e-07
1.2318830247518149,1.2327498,1.2327498,1.9755554303557687e-08
1.2894476520766658,1.2188771,1.2188771,-2.289733891380763e-08
1.345400469836421,1.2489959,1.2489959,1.541138328065017e-10
0.7121895692630584,0.4608119,0.4608119,1.3013458255439758e-08
0.8270885654034613,0.5433074,0.5433074,2.3591613773632503e-08
0.929323343532397,0.64479816,0.64479816,-4.00695809865681e-10
1.0184333866312665,0.8147292,0.8147292,1.3714599567116181e-08
1.0974120553209623,1.0142555,1.0142556,-7.631835940991039e-08
1.1676409006572808,1.1174667,1.1174668,-1.1184387216367497e-07
1.2302712151867188,1.1605277,1.1605277,6.146240183468876e-09
1.2871450669836717,1.1823974,1.1823974,-3.442993157243279e-08
1.3437886602713252,1.2431843,1.2431842,1.2807922367130686e-07
0.3149936407215855,0.29557663,0.29557663,2.0228576591563296e-09
0.8128125378268981,0.58397233,0.58397233,4.861755331653228e-09
1.2436262087260843,0.8578069,0.8578069,2.1005248984629077e-08
1.6286184362746887,1.020847,1.020847,-3.7071228087270924e-08
1.9525921588589508,1.1572165,1.1572165,4.891967764208971e-08
2.239494261446009,1.4655787,1.4655787,-2.4729919445576343e-08
2.490936553600959,1.7911329,1.7911329,2.6940917940976306e-08
2.7223463554468603,2.2181888,2.2181885,2.626647948034133e-07
2.9164542787862584,2.6586065,2.6586068,-2.70764159981951e-07
-0.5330484490281217,-0.87239945,-0.87239957,1.2065155030605013e-07
0.021644299874144,-0.58490336,-0.58490336,5.868530106312164e-10
0.4856151961124443,-0.30006087,-0.30006087,1.7367553506453248e-09
0.8931727575723905,0.043948516,0.043948516,2.496566772758335e-10
1.2341856098448087,0.37475163,0.37475163,-2.5547790549751426e-09
1.5300677942945435,0.7332909,0.7332909,1.0720825227572561e-08
1.803845161851536,1.1344208,1.1344206,1.5252532969967092e-07
2.0393996168648267,1.6446928,1.6446928,-2.1412658757213876e-08
2.259757010264357,2.0701241,2.0701244,-2.506774903210385e-07
-0.4275900517689943,-0.7121848,-0.7121848,1.3203430127006754e-08
0.0543410081946594,-0.41436228,-0.41436222,-6.156089782383134e-08
0.463280120710402,-0.11908564,-0.11908567,3.0284805302427387e-08
0.8192597760872815,0.15343608,0.1534361,-2.037868498949713e-08
1.1324113487344718,0.41299048,0.41299048,6.613922187703736e-10
1.4124056960425475,0.70809555,0.70809555,5.371093569905838e-10
1.659473076520809,1.0616394,1.0616394,2.8138732899307684e-08
1.8881197762551176,1.4805323,1.4805323,-1.1448669345881513e-08
2.0859118357433064,1.9204876,1.9204875,1.4228820810480158e-07
-0.2475278974968599,-0.5147643,-0.5147644,9.107055665147357e-08
0.1680887117885653,-0.28013954,-0.28013954,4.3344879352424925e-09
0.5194631969794568,-0.042951405,-0.042951375,-3.0048370361357435e-08
0.8761336278842344,0.20912749,0.20912747,1.5752105703148445e-08
1.1731671048804664,0.43829346,0.43829346,-2.9687500235908715e-09
1.4384249075933806,0.7214844,0.7214843,1.226837158530003e-07
1.6795055668298573,1.1002,1.1002,5.702972405430273e-08
1.893415721969004,1.5191911,1.5191911,4.589691160461484e-08
2.096273468661779,1.9367907,1.9367906,1.0472717293374956e-07
1.0258016589288474,0.7050806,0.7050805,1.2839508056750049e-07
1.34977538151311,0.8745711,0.8745711,-1.5023803756619714e-08
1.5938494013704787,1.0344467,1.0344467,1.630859380874483e-08
1.7907204268214694,1.3745269,1.3745269,-4.167022704670842e-08
1.9486777642008613,1.5686367,1.5686365,1.5580749512800196e-07
2.090056488910695,1.7265769,1.7265769,2.432403567453889e-08
2.21232375734868,1.9250238,1.9250237,9.41741944426866e-08
2.334591025786663,2.1062744,2.1062746,-2.336212157061368e-07
2.434983735841204,2.2919087,2.2919087,4.099731443218957e-08
-1.0048481345826017,-1.0067711,-1.0067712,1.1235351560223705e-07
-0.8641601854006655,-0.90000784,-0.90000796,1.1602874760985316e-07
-0.7225512021815317,-0.80385387,-0.80385363,-2.3943817140104073e-07
-0.5942972125017633,-0.7078595,-0.7078595,-1.6143798853285318e-08
-0.4897598492798335,-0.6060672,-0.60606706,-1.2063354493108136e-07
-0.409169371025042,-0.5165447,-0.5165447,3.3111569042176825e-10
-0.353446811774586,-0.4504135,-0.4504135,4.697799704800332e-09
-0.3126910556285914,-0.38028774,-0.38028774,3.3457183690188685e-09
-0.2772312451964831,-0.301003,-0.30100295,-5.908088684947188e-08
0.050656872045869,0.02803734,0.02803734,-5.510711678646807e-10
0.0057564627324851,-0.017991975,-0.017991975,5.016326937168358e-11
-0.0326967083205154,-0.07439095,-0.07439095,2.1812438938395573e-09
-0.0663144506782285,-0.14122587,-0.14122584,-3.442398072150965e-08
-0.0953270228499535,-0.20373166,-0.20373166,3.925476083077584e-09
-0.1185831322891933,-0.23048133,-0.2304813,-2.6580047607360768e-08
-0.1367735545238463,-0.21839586,-0.21839586,9.969329806125415e-10
-0.1526613916655052,-0.20809764,-0.2080976,-3.6699676519980073e-08
-0.1614112150188826,-0.19164863,-0.19164866,2.7712020872483478e-08
-0.9990916718501164,-1.1039896,-1.1039897,9.886474616749297e-08
-0.8577129471402821,-1.0162148,-1.0162148,-4.7564697291946345e-08
-0.7333733521186037,-0.9040245,-0.9040245,1.822662354378224e-08
-0.6246913357292846,-0.79098606,-0.79098606,-1.096191359906129e-09
-0.5256801767305407,-0.6811384,-0.6811384,3.736877474125322e-09
-0.440484528289761,-0.5396296,-0.5396296,2.1409606976163786e-08
-0.3640387032023586,-0.42751476,-0.42751476,-1.6863250795751128e-09
-0.293119082338142,-0.33770135,-0.3377013,-5.0450515765021464e-08
-0.2270348901692129,-0.250257,-0.250257,1.457405091054298e-08
-0.8287003749685571,-0.94152045,-0.94152045,-2.499389695209686e-09
-0.7018279363445852,-0.84548795,-0.8454881,1.4776763912482949e-07
-0.5975208316319549,-0.7570193,-0.7570193,1.861267084901641e-08
-0.5026543258006002,-0.6727921,-0.6727921,2.2935485843866843e-08
-0.4252874666760002,-0.56764424,-0.5676441,-1.3847198487848544e-07
-0.3601243085442688,-0.46800318,-0.46800318,-3.6032867245516798e-09
-0.3025596812194176,-0.3787456,-0.37874553,-5.568000793765293e-08
-0.252133067682848,-0.30267042,-0.30267042,7.838439897156491e-10
-0.2074629168787635,-0.23552531,-0.23552531,-3.952027594067431e-11
0.5528506808278705,0.49381524,0.49381524,3.244171153937714e-09
0.4386424602153657,0.34249556,0.34249556,6.460571522204361e-10
0.329499926807448,0.20844118,0.20844118,2.9710006677063916e-09
0.2192061008530332,0.103982165,0.103982165,4.558181748715029e-10
0.1248001120402772,0.008400291,0.008400306,-1.4795547485096927e-08
0.0366111029786053,-0.054389462,-0.054389432,-2.987496185158367e-08
-0.0455911848412821,-0.120096564,-0.120096594,2.9707092286113124e-08
-0.1130569280660076,-0.16163656,-0.16163659,2.8844680782791343e-08
-0.151970616137607,-0.16718206,-0.16718206,1.904067986613356e-09
0.5876197157320805,0.4658216,0.46582156,3.3999862647515755e-08
0.4628196036918032,0.30481476,0.30481473,2.5916595480790505e-08
0.3446969884212086,0.20349589,0.20349589,-9.788514443442864e-11
0.2387780741434825,0.12716888,0.12716888,-1.087074291694634e-09
0.1413787247098344,0.051299527,0.051299527,2.874832177868214e-10
0.0531897156481624,-0.046301246,-0.046301246,3.106079074499668e-10
-0.0276310211159285,-0.123013675,-0.123013675,-2.128601045425782e-10
-0.0918731452104624,-0.14343196,-0.14343196,-1.53640747346806e-09
-0.1363130375052475,-0.15398338,-0.15398338,-4.3708038299783425e-09
0.212298345574051,0.16761068,0.16761069,-1.490348816579612e-08
0.1475957044609183,0.11195754,0.11195754,2.5982475337915645e-09
0.0803602197454922,0.061068416,0.0610684,1.564178466612054e-08
0.0133549935393654,-0.0027451664,-0.0027451664,-2.0936584497338595e-11
-0.0534199741574618,-0.03128858,-0.03128855,-2.910633087327419e-08
-0.1178923567612951,-0.07167232,-0.07167232,-3.659057640215124e-10
-0.1759175011047451,-0.15582585,-0.15582585,-3.3477783323299093e-09
-0.2268046316599135,-0.17680198,-0.17680198,4.5822143301954554e-10
-0.2657183197315129,-0.20340446,-0.20340446,3.622970590200225e-09
0.7999180613061315,0.6919759,0.6919759,-8.409881568915978e-09
0.6599208876520936,0.53015304,0.53015304,-3.882446253378191e-09
0.5061082034400913,0.38234302,0.382343,2.401542664731693e-08
0.3654202542581551,0.28779858,0.2877986,-1.64924621737228e-08
0.2357847135225903,0.17577098,0.17577098,3.099937445627532e-09
0.1176620982519957,0.0728896,0.0728896,3.6744117748455096e-09
0.021644299874144,-0.016688392,-0.016688392,4.337234495166431e-10
-0.0630908315480368,-0.0995186,-0.09951857,-2.7126007079436576e-08
-0.1227277854565826,-0.13231,-0.13231,-3.042221058402461e-09
0.8095889186967066,0.6953449,0.6953449,2.492675776899489e-08
0.6154809953573084,0.47336343,0.47336343,-6.920623518702484e-10
0.4432476304013538,0.29695767,0.29695767,1.642303459892247e-09
0.2970334769962319,0.19259667,0.19259667,3.965454103971311e-09
0.1759175011047451,0.14986245,0.14986247,-1.6658515927803208e-08
0.0674657432247255,0.07453486,0.07453486,3.2335662897287065e-09
-0.0179601637253535,-0.034095347,-0.034095377,3.0072357180832565e-08
-0.0865771994965761,-0.11551157,-0.115511596,2.9599472040064967e-08
-0.1510495821004094,-0.1678671,-0.16786706,-3.427833555891269e-08
0.3108489875541962,0.31802517,0.31802517,1.7567443610921885e-09
0.2367057475597879,0.2695971,0.2695971,1.3132476828214834e-08
0.161641473528182,0.21092942,0.21092942,3.5706329282181315e-09
0.0840443558942826,0.14782995,0.14782995,-1.441955443937104e-10
0.0055262042231857,0.09342514,0.09342514,-2.151870764910413e-10
-0.0690775527898213,0.007547587,0.007547587,1.562957766682027e-10
-0.1388458811075409,-0.07562873,-0.07562876,3.2325515750275535e-08
-0.1987130935253861,-0.11958516,-0.11958513,-2.6440734865462723e-08
-0.2475278974968599,-0.17747164,-0.17747164,2.2741699357009537e-09
-0.6778810513774471,-0.7759657,-0.7759656,-9.06127929356515e-08
-0.6002839337435477,-0.70328534,-0.70328534,3.505554180271986e-09
-0.5318971564816246,-0.6310786,-0.6310787,9.911651610572392e-08
-0.4711089100265818,-0.58077145,-0.58077145,3.771972623134445e-09
-0.4165376433226229,-0.51755905,-0.51755905,-1.5136718545250005e-09
-0.3688741318976462,-0.45472088,-0.45472094,5.543846132161079e-08
-0.3271973417144539,-0.39055535,-0.3905554,4.8027420040952506e-08
-0.2898954632079504,-0.3316591,-0.3316591,-8.40034486415675e-09
-0.2562777208502373,-0.2728955,-0.2728956,1.1483726503058733e-07
-0.7699844550972089,-0.8923526,-0.89235246,-1.2102416990789067e-07
-0.6518618398266144,-0.7863288,-0.7863287,-9.257202149282051e-08
-0.5491665446790799,-0.669688,-0.669688,1.3626098582797397e-08
-0.4607472771081086,-0.5445781,-0.5445781,2.4591064406997987e-08
-0.3875250711508979,-0.42907915,-0.4290792,5.4806900018355975e-08
-0.3301907023353462,-0.34603783,-0.34603778,-5.48827361890325e-08
-0.2820666738917706,-0.2964881,-0.2964881,-6.25076296278948e-09
-0.2390083326527819,-0.2580295,-0.2580295,9.29069521315995e-09
-0.1984828350160867,-0.21413714,-0.21413717,3.306381224366106e-08
-0.6990648342329923,-0.7786894,-0.7786895,1.1553955081566869e-07
-0.5860079061669847,-0.7114676,-0.71146774,1.162893676909249e-07
-0.4867664886589413,-0.6500925,-0.6500925,1.7433166465963268e-08
-0.4027221327646586,-0.5734602,-0.5734602,-2.129058840338871e-08
-0.3350261310306336,-0.49453416,-0.49453422,5.5332870507740495e-08
-0.2859810685498605,-0.407271,-0.407271,2.2373199404235322e-09
-0.2466068634596623,-0.33852836,-0.33852842,5.510322570456694e-08
-0.2116075700461528,-0.27104354,-0.27104354,9.527588162860923e-10
-0.1860488755139189,-0.21844459,-0.21844453,-5.5800170900566215e-08
0.9654739294924036,0.9229481,0.92294824,-1.1797546384251234e-07
0.7985365102503351,0.71287775,0.71287775,3.9672853890948545e-10
0.6221584921269911,0.544291,0.544291,1.9439697296341762e-08
0.4480830590966413,0.44447675,0.44447675,3.4732818843252744e-09
0.293119082338142,0.32381618,0.32381618,2.2918700270935233e-10
0.1597994054537868,0.19571462,0.19571462,2.7359771670454336e-09
0.0469727358970785,0.08558888,0.08558888,-1.1671066890706072e-10
-0.0495055794993719,-0.02516754,-0.02516751,-2.9715766906163177e-08
-0.1321683843378582,-0.14338252,-0.14338258,6.051643372528837e-08
-0.1259514045867743,-0.09392166,-0.09392163,-3.137695311905553e-08
-0.1347012279401516,-0.09807792,-0.09807792,-3.0594635019864924e-09
-0.1455233778772237,-0.11119866,-0.11119869,2.628845215124631e-08
-0.1579573373793915,-0.103067756,-0.103067726,-2.9699157716445157e-08
-0.1678584532792659,-0.10109386,-0.10109386,1.5195465025152899e-09
-0.1759175011047451,-0.11837563,-0.11837563,8.133697465551037e-10
-0.1828252563837272,-0.13485897,-0.13485897,4.126281732963477e-09
-0.1844370659488231,-0.15633276,-0.15633279,2.8950729369370265e-08
-0.1830555148930266,-0.15970019,-0.15970021,2.4939498910470093e-08
-1.0865899053838903,-1.170727,-1.170727,-1.454162590341923e-08
-0.9935654676269308,-1.0918162,-1.0918162,1.3095092787906992e-08
-0.8811993150888213,-0.9920944,-0.9920944,2.455139203050294e-09
-0.7828789316179756,-0.8567301,-0.8567302,9.650726318088942e-08
-0.6797231194518424,-0.6928514,-0.6928514,-2.421722411494187e-08
-0.5740344636834156,-0.556196,-0.556196,2.565002443777331e-08
-0.4667339983498931,-0.43330452,-0.43330452,1.5387726093329945e-09
-0.3674925808418497,-0.35199842,-0.35199836,-5.856956480920772e-08
-0.281145639854573,-0.29490614,-0.2949062,6.062622071034696e-08
1.5088840114389983,1.5847183,1.5847183,4.659576413601485e-08
1.3352690954272473,1.4102176,1.4102178,-1.572158814244773e-07
1.1448453082366397,1.1247816,1.1247816,8.581543031738192e-09
0.9406060104880676,0.8666303,0.8666303,1.5780639683882214e-08
0.7347549031744001,0.6590769,0.6590769,2.9092407261011033e-08
0.5316668979723251,0.3590841,0.35908407,2.9531173728614135e-08
0.3361774235771307,0.120730154,0.12073014,1.4216289520585512e-08
0.1595691469444873,0.00759466,0.00759466,-7.54928584922876e-11
0.0073682722975809,-0.043900937,-0.043900937,1.5803527930735584e-10
0.6619932142357882,0.72851336,0.72851336,2.3498536450006213e-11
0.5606794701440502,0.6643871,0.6643871,6.895446769128455e-09
0.4503856441896354,0.54245245,0.54245245,4.566955591478461e-09
0.3338748384841366,0.43269703,0.43269703,-2.078323346754729e-09
0.2171337742693385,0.33633387,0.33633387,8.87756368417314e-10
0.1020045196196362,0.23775375,0.23775375,-1.1062622207180794e-09
-0.0110524084463714,0.12734729,0.12734729,5.158996563281448e-10
-0.1123661525381094,0.034635127,0.034635156,-2.9409271240510293e-08
-0.2021669711648772,-0.094834596,-0.094834626,3.0081344609689253e-08
-0.0218745583834434,-0.05718261,-0.05718261,-3.4942625182221576e-11
-0.0320059327926172,-0.108364046,-0.108364016,-2.9619964606042437e-08
-0.043288599748288,-0.13282517,-0.13282517,4.012985221901744e-09
-0.0566435932876535,-0.14248821,-0.14248818,-3.139335633117746e-08
-0.0785181516710969,-0.15110561,-0.15110564,2.7483596815036648e-08
-0.1043071047126302,-0.15990767,-0.15990764,-2.8828964243610145e-08
-0.1310170917913612,-0.17047313,-0.17047313,1.4427948002992963e-09
-0.1581875958886909,-0.18448791,-0.18448788,-2.907859802947499e-08
-0.1855883584953201,-0.1963138,-0.19631377,-2.842758178855931e-08
-0.3352563895399331,-0.34117165,-0.34117165,-2.0786285470641985e-09
-0.3327235459376396,-0.3533633,-0.35336336,5.466972352596855e-08
-0.330651219353945,-0.3579248,-0.35792473,-5.9190292334143635e-08
-0.3253552736400587,-0.3343716,-0.33437166,6.342521668978307e-08
-0.3110792460634956,-0.30006078,-0.30006078,1.1437225611032886e-09
-0.2917375312823456,-0.28275692,-0.28275698,5.537078856532318e-08
-0.2705537484268003,-0.26733807,-0.26733807,2.7068328689594523e-09
-0.2496002240805545,-0.24800807,-0.24800801,-6.237625121974233e-08
-0.2274954071878117,-0.22790873,-0.22790873,-5.068969688437619e-10
0.4110114390994371,0.40297312,0.40297306,5.5444183355568555e-08
0.329499926807448,0.31787068,0.31787068,-3.482513444286184e-09
0.2502909996084528,0.24330188,0.24330188,3.3398818988228385e-09
0.1743056915396492,0.1649143,0.1649143,-4.922676100083123e-09
0.1052281387498279,0.086937964,0.086937964,-3.744507481862058e-11
0.0396044635994975,0.015144691,0.015144676,1.4871238709218693e-08
-0.0221048168927428,-0.04345064,-0.04345067,3.134815215743991e-08
-0.0838140973849832,-0.10609993,-0.1060999,-3.338584900203223e-08
-0.1432207927842296,-0.16113803,-0.16113806,3.2093582152947775e-08
-0.4121627316459342,-0.39411113,-0.39411113,3.3386993170125834e-09
-0.3990379966158682,-0.35877016,-0.3587701,-6.186714174294394e-08
-0.3845317105300057,-0.31081077,-0.31081071,-6.456474305194249e-08
-0.3647294787302569,-0.26103178,-0.26103178,3.3333587556860778e-09
-0.3414733692910169,-0.22593269,-0.22593269,2.47901915662041e-09
-0.3110792460634956,-0.20979288,-0.20979288,-2.2040557989821963e-09
-0.2809153813452736,-0.19655386,-0.19655386,3.8655853240587845e-09
-0.2491397070619558,-0.18161851,-0.18161857,5.832321167686949e-08
-0.231640060355201,-0.18532705,-0.185327,-5.307006836763328e-08
-0.8811993150888213,-0.92941046,-0.92941046,2.3889160649659402e-09
-0.8137335718640958,-0.8581494,-0.8581493,-1.0929412841420572e-07
-0.745577053111472,-0.7597288,-0.7597289,1.1067047123169971e-07
-0.6714338131170638,-0.6406206,-0.6406206,1.0743713363403629e-08
-0.5873894572227811,-0.54560626,-0.54560626,4.468688974412771e-09
-0.5033451013284984,-0.4474143,-0.44741437,6.121360779376417e-08
-0.4213730720179104,-0.34764978,-0.34764978,-2.8960418507750774e-09
-0.343775954384011,-0.28863958,-0.28863958,4.7570037908784e-09
-0.2721655579918962,-0.25882903,-0.25882903,2.585678116062695e-09
-0.5807119604530984,-0.58486044,-0.58486044,-4.068908654453196e-09
-0.5443311159837925,-0.5540061,-0.5540062,1.0029907226982715e-07
-0.5063384619493907,-0.52158105,-0.52158105,-3.733825693075232e-09
-0.4681155494056895,-0.48558047,-0.4855804,-7.413825986457567e-08
-0.4264387592224973,-0.4408209,-0.44082084,-6.258598328479081e-08
-0.3790055063068199,-0.37998125,-0.37998113,-1.1957084655733752e-07
-0.3308814778632444,-0.32470176,-0.32470176,3.7610626280049075e-09
-0.2857508100405611,-0.2878132,-0.28781313,-5.6645507839903075e-08
-0.2376267815969855,-0.2395404,-0.23954037,-2.8120880124493652e-08
-0.110984601482313,-0.0906409,-0.09064084,-6.251922607392046e-08
-0.1363130375052475,-0.09307113,-0.09307113,-2.8983306865626446e-09
-0.1600296639630862,-0.11232585,-0.11232582,-2.7148895256901007e-08
-0.1791411202349367,-0.14884853,-0.14884856,2.636962889712713e-08
-0.1957197329044939,-0.1940496,-0.19404957,-2.6786499018882637e-08
-0.2093049849531587,-0.18915308,-0.18915308,4.781799317621349e-09
-0.2162127402321409,-0.19455782,-0.19455782,4.2098236008314416e-09
-0.2164429987414403,-0.19781598,-0.19781601,2.5512466417243473e-08
-0.2093049849531587,-0.20742083,-0.20742086,3.4041748059321364e-08
-0.537193102195511,-0.5599655,-0.5599654,-9.129486089332062e-08
-0.503114842819199,-0.5366112,-0.5366113,1.0062103272812095e-07
-0.4692668419521866,-0.5073817,-0.5073817,2.2372436569995102e-08
-0.4335767730107788,-0.45657632,-0.45657626,-5.754875181951391e-08
-0.3976564455600717,-0.41447988,-0.41447994,5.847496031829991e-08
-0.3624268936372628,-0.3742415,-0.37424156,5.8907089206527985e-08
-0.3292696682981485,-0.31631878,-0.31631884,5.981620787576247e-08
-0.2961124429590342,-0.2823265,-0.28232655,6.031303406706101e-08
-0.2615736665641236,-0.24659589,-0.24659589,6.700897337008627e-10
0.4077878199692455,0.3973081,0.3973081,1.1190795901061534e-08
0.3364076820864301,0.35152107,0.35152107,4.771881112475285e-09
0.2601921155083272,0.30548263,0.30548263,-4.038696266306374e-09
0.1814437053279308,0.25812772,0.25812772,-8.361053516203754e-10
0.0985506419801451,0.2115131,0.2115131,2.0545959378281964e-09
0.0188811977625511,0.14595027,0.14595027,2.6793289253923547e-09
-0.0543410081946594,0.04285279,0.042852804,-1.4836410523744181e-08
-0.1254908875681755,-0.055057734,-0.055057734,-2.510223418017432e-10
-0.1977920594881885,-0.1411368,-0.1411368,4.717636115092461e-09
0.4328859974828806,0.3774564,0.37745637,2.6818161025232712e-08
0.3688741318976462,0.31021053,0.31021053,-4.01046751363765e-09
0.3002570961264235,0.25629908,0.25629908,-1.5354919558063784e-09
0.2256533391134165,0.20124641,0.20124641,6.082916392813331e-10
0.1515100991190082,0.10559234,0.10559234,2.3094176571092362e-10
0.0789786686896957,0.011402175,0.01140216,1.483043670681694e-08
0.0073682722975809,-0.0506977,-0.050697684,-1.5189186096387086e-08
-0.0649328996224321,-0.09202725,-0.09202722,-2.695205687797131e-08
-0.1275632141518701,-0.12650722,-0.12650722,-2.652435299177469e-09
1.343558401762026,1.3722845,1.3722844,1.3159332268308788e-07
1.456845588337333,1.5260206,1.5260208,-1.539047240761704e-07
1.568520965347544,1.636321,1.636321,-5.1399230871496115e-08
1.6772029817368632,1.7488607,1.7488607,1.6819763137831956e-08
1.780819310921595,1.8286188,1.8286188,-3.5122680763777225e-08
1.87960021141104,1.9167677,1.9167677,1.6407775804694325e-08
1.9744667172423944,1.9786228,1.9786228,-5.8486937515311865e-09
2.0672608964900543,2.0609667,2.0609667,3.011779803330228e-08
2.160976109774912,2.147685,2.1476853,-2.4903564455058813e-07
1.5726656185149337,1.6034797,1.6034795,2.430038452683192e-07
1.6399011032303596,1.6864719,1.6864719,3.9086914149777385e-08
1.7204915814851511,1.7646002,1.7646002,-4.226226812953371e-08
1.7971676650818529,1.8366079,1.8366079,3.304443363383314e-08
1.8726924561320573,1.9059825,1.9059825,-5.645751866012461e-09
1.947756730163664,1.9578462,1.9578462,-3.5296630951364705e-08
2.0232815212138684,2.020305,2.0203052,-2.817108155639403e-07
2.099036570773372,2.0912044,2.0912044,4.830932542887467e-09
2.1787060149909663,2.1655746,2.1655743,2.5062866226832625e-07
1.8033846448329367,1.8233815,1.8233815,4.315948487487731e-08
1.8427588499231349,1.8634915,1.8634915,3.518676749969529e-08
1.8844356401063271,1.8952657,1.8952658,-1.0156707763719908e-07
1.9295663079290104,1.9231651,1.9231651,-1.706848151705742e-08
1.9779205948818848,1.9887995,1.9887996,-1.4721832264363854e-07
2.0292682424556525,2.0226533,2.0226536,-2.5870666497951333e-07
2.0829184751224137,2.067752,2.067752,-1.1553955081566869e-07
2.140022585428666,2.1256154,2.1256154,-4.164733891087735e-08
2.201501607411607,2.1845315,2.1845315,-4.9728393403114524e-08
2.0456165966159103,2.0069654,2.0069654,-1.2115477510121764e-09
2.055978229534384,2.0215783,2.0215783,1.1920166187451287e-08
2.0686424475458507,2.0200076,2.0200076,1.0321044907612986e-08
2.083609250650312,2.0502021,2.0502021,3.127136238845196e-08
2.1031812239407617,2.0874705,2.0874703,2.314636229350242e-07
2.1268978503986,2.1060154,2.1060157,-2.561981200521757e-07
2.154298613005229,2.1377838,2.1377838,-3.4207153110088484e-08
2.188376872381541,2.1731346,2.1731346,-3.464660647267692e-08
2.225678750888045,2.2090175,2.2090175,1.518249526100135e-08
-0.8006088368340298,-0.92419136,-0.92419136,4.294738786825292e-09
-0.5351207756118163,-0.7599528,-0.7599528,1.641540525731955e-08
-0.3145331237029867,-0.59349847,-0.59349847,1.6009521486282097e-09
-0.1372340715424451,-0.43492135,-0.4349213,-5.405540465241998e-08
0.0041446531673892,-0.27888033,-0.27888033,2.060012826987645e-09
0.1162805471961993,-0.12889114,-0.12889114,-2.2254945108990398e-10
0.2044695562578712,-0.0010617077,-0.0010617226,1.4864938354449547e-08
0.2742378845755908,0.15490913,0.15490913,3.9111328065111195e-09
0.3290394097888491,0.27900058,0.27900058,3.108215351765864e-10
-0.1858186170046195,-0.15511861,-0.15511864,2.5564804079225567e-08
-0.1462141534051219,-0.09519261,-0.09519258,-3.121749878043367e-08
-0.1008532270731392,-0.033577666,-0.033577636,-2.9686607359857842e-08
-0.0467424773877791,-0.00038860738,-0.00038860738,-2.77435301294926e-12
-0.001151292546497,0.0044756085,0.0044756085,-3.194427448255377e-11
0.0524989401202642,0.03254372,0.03254372,-1.1851501446891177e-09
0.1119056355195106,0.07099752,0.07099752,1.2812423760832914e-09
0.1512798406097088,0.123678684,0.123678684,2.346191435576017e-10
0.1934171478114998,0.16380313,0.16380313,3.8825989645552283e-10
-0.9290930850230976,-0.9968966,-0.99689686,2.3543487548405295e-07
-0.6753482077751537,-0.7947825,-0.7947824,-1.1934051513673438e-07
-0.4298926368619883,-0.5883455,-0.5883455,-2.764892581552658e-08
-0.2095352434624581,-0.34696087,-0.34696087,-2.4117279284752158e-09
-0.0290125721717249,-0.107768446,-0.107768446,-2.0704650494085541e-10
0.1291750237169659,0.10784244,0.10784244,-2.077045438420022e-09
0.2887441706614533,0.2951594,0.29515937,2.95094299551657e-08
0.4047944593483533,0.41618413,0.41618413,-2.669219956175084e-09
0.4635103792197014,0.43540916,0.43540916,-1.5317535573267094e-09
-0.8379107153405333,-0.8780048,-0.87800467,-1.1935241694960297e-07
-0.6274544378408775,-0.7154449,-0.7154449,-2.2447204539588483e-08
-0.4365701336316711,-0.56512654,-0.56512654,1.7233275917405422e-09
-0.2664090952594111,-0.40977827,-0.40977833,6.285484316359558e-08
-0.1063794312963249,-0.25143722,-0.25143722,3.002853410372097e-09
0.0285520551531261,-0.08341968,-0.08341968,-5.953979531625464e-10
0.1383853640889421,0.09084035,0.09084033,1.7111225131261065e-08
0.2371662645783867,0.22895601,0.22895603,-1.608207703118758e-08
0.3237434640749628,0.2935056,0.2935056,9.035491965736497e-09
-0.5602189531254513,-0.64949775,-0.64949787,1.225787353842378e-07
-0.3893671392252931,-0.47800162,-0.47800162,-4.3457794030032915e-09
-0.2180548083065361,-0.28357124,-0.28357118,-6.328613283423934e-08
-0.0732222059572106,-0.128348,-0.128348,7.10296629846674e-09
0.0508871305551684,0.005534023,0.005534008,1.504649353029075e-08
0.1455233778772237,0.14981452,0.14981453,-1.3694076539394473e-08
0.2226599784925242,0.28290033,0.28290033,3.404541037976827e-09
0.2829877079289682,0.35775232,0.35775232,3.150634753090742e-09
0.3352563895399331,0.3698153,0.3698153,-1.0025787366974015e-08
-0.7248537872745257,-0.7725017,-0.7725017,-7.077026409341158e-09
-0.5390351702699061,-0.6104615,-0.6104615,2.6535034169938854e-08
-0.3555191383582807,-0.44884554,-0.44884542,-1.1551673889664826e-07
-0.1959499914137933,-0.2991079,-0.29910785,-5.9202575675154634e-08
-0.0548015252132583,-0.15512419,-0.15512419,2.530517573262614e-09
0.0727616889386118,0.005385354,0.005385354,1.6126251202452924e-10
0.1793713787442361,0.14680463,0.14680465,-1.924362183491901e-08
0.2675603878059081,0.22737324,0.22737324,2.378234859046202e-09
0.3389405256887235,0.28906807,0.28906804,3.303428647294382e-08
-0.520153972507355,-0.5553608,-0.5553608,5.932617175297139e-09
-0.3822291254370116,-0.453927,-0.453927,-1.0297775243639506e-08
-0.2491397070619558,-0.33585414,-0.33585408,-6.290428161692674e-08
-0.1213462344007862,-0.21959269,-0.21959272,2.953216551859761e-08
-0.0052959457138863,-0.107748926,-0.107748926,3.141174265142155e-10
0.0983203834708457,0.021600917,0.021600947,-3.0018302916295925e-08
0.1927263722836016,0.14238368,0.1423837,-2.025241851999482e-08
0.2726260750104951,0.25176904,0.25176904,-3.94538879344708e-09
0.3476903490421009,0.30791444,0.30791444,-4.136505138419011e-09
-1.1568187507202086,-1.1104248,-1.1104248,4.299621592096514e-08
-1.059189142777261,-0.9687259,-0.96872616,2.4027648926061573e-07
-0.8876465533492047,-0.7988249,-0.798825,9.365081787837681e-08
-0.7094264671514655,-0.6091871,-0.6091871,-2.6159667987357693e-08
-0.541798272381499,-0.37302914,-0.3730292,5.7381820683932716e-08
-0.3803870573626164,-0.18314281,-0.18314281,-1.059951793003222e-09
-0.2171337742693385,-0.029590026,-0.029590026,4.558334334991976e-10
-0.0419070486924916,0.12924749,0.12924749,-3.4086608813321817e-09
0.1545034597399004,0.28136387,0.28136387,4.673843367886121e-09
-0.1634835416025772,-0.22452456,-0.22452459,3.240951537697434e-08
-0.0499660965179708,-0.16225722,-0.16225722,-4.321365348891604e-09
0.0589461783806475,-0.055763185,-0.055763185,-2.4261474773634717e-11
0.15081932359111,0.044976607,0.044976607,-3.493499933782118e-11
0.2307190263180034,0.12003317,0.12003317,-2.6973915046024644e-09
0.2928888238288427,0.1960449,0.1960449,6.973838811985544e-09
0.3389405256887235,0.265001,0.265001,-1.0261535510203146e-09
0.3693346489162449,0.30164686,0.30164686,-1.5462494062923327e-09
0.3877553296601973,0.33292925,0.33292925,3.578186025254837e-09
-0.9274812754580016,-0.88218796,-0.88218796,-2.5320434637876588e-09
-0.841134334470725,-0.7460952,-0.7460953,1.194885254074407e-07
-0.6751179492658543,-0.5884892,-0.58848906,-1.1484283446439036e-07
-0.5376536192141097,-0.38379374,-0.38379374,-1.4646148738250986e-09
-0.4066365274227485,-0.173316,-0.17331597,-3.189208983012115e-08
-0.2880533951335551,-0.051035807,-0.05103579,-1.653667450196572e-08
-0.1678584532792659,0.059641495,0.059641495,3.470230075519609e-10
-0.0267099870787309,0.2007258,0.20072581,-1.6161499027944615e-08
0.1510495821004094,0.31403583,0.31403583,2.8819274744407153e-09
1.4501680915676505,1.6861492,1.6861492,3.9540100083002017e-08
1.5427320123060109,1.5999066,1.5999066,-3.624114985889548e-08
1.3838536408894215,1.5079578,1.5079578,1.6123962387482038e-08
1.219218806740347,1.4283382,1.4283383,-1.2994842535363205e-07
1.061952244888854,1.2584498,1.2584497,9.286193858315528e-08
0.9106724042791452,1.0115763,1.0115763,-5.101013167418955e-09
0.776892210376191,0.77869487,0.77869487,-1.9122314842690002e-09
0.6447238260383329,0.6605067,0.6605067,2.531127929472632e-08
0.5261406937491395,0.55925715,0.55925715,-3.036498830155665e-10
-0.0073682722975809,-0.005562544,-0.005562529,-1.4869018554602986e-08
0.0587159198713481,0.101771295,0.101771295,7.064819562696556e-11
0.1192739078170915,0.20468907,0.20468907,5.823898308054964e-10
0.1754569840861463,0.253254,0.253254,-3.627777078740735e-09
0.22427178805762,0.2838645,0.2838645,-1.8615722852111105e-09
0.2689419388617046,0.3625241,0.36252406,3.219741823157207e-08
0.3076253684240045,0.43557644,0.43557647,-3.1096191399626605e-08
0.3377892331422265,0.4649413,0.4649413,-6.998825075044124e-09
0.3617361181093645,0.41068023,0.41068023,4.4322204795221865e-09
0.548015252132583,0.52930295,0.52930295,4.673767040053178e-09
0.5348905171025169,0.57351375,0.5735137,4.626159666454299e-08
0.5222262990910496,0.57909507,0.57909507,-4.4062805626410295e-09
0.5067989789679895,0.5782001,0.5782001,1.8524169975719929e-09
0.4904506248077317,0.5525821,0.5525821,-1.4867401088025645e-08
0.4635103792197014,0.5235093,0.5235094,-7.640304566791656e-08
0.4319649634456829,0.48227727,0.48227727,4.131774922200293e-09
0.3990379966158682,0.438449,0.43844897,2.5351791388406042e-08
0.3635781861837598,0.38401234,0.38401234,1.499328605714112e-09
-0.6571577855405006,-0.63903034,-0.63903034,2.6663208307908803e-09
-0.6037378113830388,-0.53880227,-0.53880227,3.8790893830409345e-09
-0.5118646661725764,-0.38080308,-0.3808032,1.2158699036479703e-07
-0.4179191943784193,-0.19866583,-0.19866583,2.4872588988422706e-09
-0.3212106204726694,-0.012570724,-0.012570694,-2.989125823943395e-08
-0.2198968763809314,0.0837431,0.0837431,2.8485298148028804e-09
-0.1100635674451154,0.17658094,0.17658094,-4.283370963475974e-09
0.023946884967138,0.26616985,0.26616985,-3.942108139920464e-09
0.1807529298000326,0.33920217,0.33920217,-4.3963623297393895e-09
0.5233775916375466,0.50419307,0.50419307,-2.449340841259584e-09
0.5641333477835412,0.5267925,0.5267925,2.6245117190626388e-08
0.5892315252971764,0.5107683,0.5107683,-5.665588331815741e-09
0.6081127230597275,0.48541322,0.4854132,2.3505020152470024e-08
0.6083429815690269,0.44350553,0.44350553,-4.411010723348596e-09
0.5869289402041823,0.43528438,0.4352844,-2.385559083606381e-08
0.5447916330023913,0.39495486,0.39495486,2.1041868247806406e-10
0.4791679578520609,0.34924245,0.34924245,-1.1932372867562435e-09
0.3918999828275866,0.32580805,0.32580805,-1.7517090000751523e-09
-0.4395634942525633,-0.38827732,-0.38827726,-6.205390928881727e-08
-0.4050247178576526,-0.30937687,-0.30937687,4.3746185562909545e-09
-0.3230526885470646,-0.16515714,-0.16515714,6.98699959000848e-10
-0.2567382378688361,0.02632603,0.026326016,1.4492782592079312e-08
-0.191805338246404,0.1538939,0.15389392,-1.7102165211779763e-08
-0.1273329556425707,0.22446394,0.22446394,-3.3325195381017636e-10
-0.050656872045869,0.28098553,0.28098553,4.191131608433096e-09
0.0451306678226832,0.33280778,0.33280778,-6.878662084375264e-10
0.1738451745210504,0.364938,0.364938,-9.096145614506668e-09
-0.2528238432107462,-0.17670444,-0.17670447,3.3459396364676763e-08
-0.2740076260662915,-0.18064293,-0.18064299,5.734657287925771e-08
-0.2742378845755908,-0.18741354,-0.18741348,-6.346275330249007e-08
-0.2740076260662915,-0.18853167,-0.18853164,-2.699409484829829e-08
-0.2730865920290938,-0.1945911,-0.19459113,2.5015716553777878e-08
-0.271474782463998,-0.2134004,-0.2134004,6.275558461776853e-09
-0.2687116803524051,-0.23162282,-0.23162284,2.486785888322629e-08
-0.2645670271850159,-0.25053126,-0.25053126,3.8011169212204265e-09
-0.2585803059432313,-0.25485826,-0.25485831,5.461364743775121e-08
-1.031788380170632,-1.0078094,-1.0078094,-5.584717133189088e-10
-0.940145493469469,-0.89996004,-0.89996004,-1.0461426169783294e-09
-0.8519564844077969,-0.7902521,-0.7902522,1.1049957271414002e-07
-0.7679121285135143,-0.67927194,-0.67927194,3.583374041937759e-09
-0.6875519087680221,-0.5793096,-0.5793097,1.172897339252188e-07
-0.6127178932457156,-0.50299466,-0.50299466,3.437194862065951e-09
-0.5404167213257025,-0.4369081,-0.43690804,-5.607505798588264e-08
-0.4697273589707853,-0.38121113,-0.38121107,-6.181114198255955e-08
-0.3992682551251675,-0.34261826,-0.34261832,6.319267270571416e-08
-1.0937279191721718,-1.1152114,-1.1152114,3.239288326462031e-08
-1.000473222905913,-1.0319972,-1.0319971,-1.0382690440735587e-07
-0.9076790436582528,-0.94684815,-0.94684815,-4.06799316454709e-09
-0.8146546059012935,-0.8601488,-0.8601488,1.250152592557896e-08
-0.7220906851629327,-0.76613605,-0.76613593,-1.2022430417868435e-07
-0.6281452133687757,-0.6733011,-0.673301,-1.0073089595774576e-07
-0.5328181905188222,-0.5738921,-0.5738921,-1.654663084327268e-08
-0.4335767730107788,-0.46369836,-0.46369842,6.26563262939861e-08
-0.3341050969934361,-0.36254802,-0.36254808,5.6537704462567007e-08
0.5784093753601043,0.57299197,0.57299197,-2.7987671069595876e-09
0.4526882292826294,0.44213802,0.442138,1.6223907495227508e-08
0.3267368246958551,0.32486862,0.32486862,-5.580139128547046e-10
0.1982525765067873,0.1964797,0.1964797,-6.944847114054298e-09
0.0766760835967017,0.09261585,0.092615865,-1.473020554143556e-08
-0.0280915381345273,-0.019575655,-0.019575655,-4.603576651829311e-10
-0.1123661525381094,-0.12514687,-0.12514684,-2.58447265533146e-08
-0.1752267255768469,-0.18277904,-0.18277904,-3.912887569512691e-09
-0.2169035157600391,-0.20405006,-0.2040501,3.5913085949523804e-08
0.4117022146273353,0.39441288,0.39441288,-4.824523947011272e-09
0.3087766609705015,0.31514636,0.31514636,-3.178939833592409e-09
0.2088444679345599,0.25218362,0.25218362,-3.838653561683003e-09
0.1123661525381094,0.15149106,0.15149106,8.530044448562535e-10
0.021644299874144,0.048248038,0.048248067,-2.930411529405985e-08
-0.062630314529438,-0.023946553,-0.023946553,-4.687042247375484e-10
-0.1374643300517445,-0.09381473,-0.09381473,-6.442260752637097e-10
-0.1998643860718832,-0.17308018,-0.17308018,3.8849639893978605e-09
-0.2415411762550754,-0.20156944,-0.20156941,-2.7980651851056138e-08
-0.6956109565935013,-0.768309,-0.768309,2.8457641798596e-09
-0.6315990910082667,-0.6984552,-0.69845545,2.3549957273161226e-07
-0.5701200690253257,-0.64017045,-0.6401706,1.4502105716296398e-07
-0.5116344076632771,-0.57780385,-0.57780385,-1.7395018758747938e-10
-0.4572933994686175,-0.51688874,-0.51688874,2.3214721256437088e-09
-0.4070970444413473,-0.47292194,-0.472922,6.229591370532361e-08
-0.3649597372395562,-0.4356672,-0.43566725,6.302452087991739e-08
-0.3343353555027354,-0.3750032,-0.3750032,1.1151504497597386e-08
-0.3177567428331783,-0.33623853,-0.33623853,-3.2584381304268106e-09
-0.8917912065165939,-0.9369353,-0.9369352,-1.0559539798116191e-07
-0.8261675313662636,-0.86942863,-0.86942875,1.1535644528493094e-07
-0.7589320466508376,-0.79994464,-0.79994464,7.940673674156074e-10
-0.6916965619354114,-0.7280743,-0.72807443,1.1778991704236574e-07
-0.6228492676548895,-0.66635823,-0.66635823,-2.4981688939718083e-09
-0.5521599052999723,-0.61497796,-0.61497796,4.181823776150395e-09
-0.4787074408334621,-0.5458056,-0.5458056,2.65365600604639e-08
-0.4020313572367604,-0.4719318,-0.47193173,-5.534507752091855e-08
-0.3207501034540706,-0.36446348,-0.3644636,1.2167320251332825e-07
-0.6859400992029263,-0.7296524,-0.7296524,-4.785156271225333e-09
-0.6304477984617698,-0.6797857,-0.6797857,-2.8454589795501306e-08
-0.5763370487764098,-0.6386157,-0.6386157,-2.742462157367953e-08
-0.523607850146846,-0.6003319,-0.6003319,-2.503967255762518e-09
-0.4724904610823782,-0.56095755,-0.5609577,1.489974975621422e-07
-0.4232151400923056,-0.52150786,-0.52150774,-1.1923004150649064e-07
-0.37509111164873,-0.462678,-0.46267793,-5.542976377892472e-08
-0.3271973417144539,-0.38866666,-0.38866666,4.064178438234478e-10
-0.2802246058173754,-0.3208876,-0.32088754,-5.5415115329804365e-08
-1.1538253900993165,-1.1788206,-1.1788207,8.995361322483575e-08
-1.0462946662564945,-1.1076192,-1.107619,-1.6637420663379032e-07
-0.9472835072577503,-1.0132787,-1.0132787,-2.2763061435782106e-08
-0.8558708790658868,-0.91866255,-0.91866267,1.219348144676502e-07
-0.7679121285135143,-0.8378179,-0.8378179,-7.333374019147243e-09
-0.6822559630541358,-0.7429651,-0.7429651,-2.195739701171817e-09
-0.5940669539924639,-0.6398815,-0.6398815,8.338928214612906e-09
-0.5054174279121931,-0.54282546,-0.54282546,-4.3395997906259254e-10
-0.4153863507761259,-0.43734172,-0.43734178,6.013420106310008e-08
1.3430978847434272,1.3218156,1.3218156,9.931945710306422e-09
1.1595818528318016,1.1389886,1.1389885,1.1408233646648114e-07
0.9693883241504933,0.96792114,0.96792114,-2.190246539690577e-09
0.7660700604391191,0.7613392,0.76133907,1.1762207030585614e-07
0.5602189531254513,0.5307119,0.5307119,-1.0733032240750617e-08
0.3598940500349694,0.35894993,0.3589499,2.9475784313337527e-08
0.1743056915396492,0.13836673,0.13836671,1.9021072383829107e-08
0.0020723265836946,-0.052105352,-0.052105352,-2.8252410827489527e-10
-0.1310170917913612,-0.16123697,-0.161237,2.838325499632255e-08
-0.8574826886309828,-0.9283161,-0.9283161,-1.6333007835100943e-08
-0.8022206463991256,-0.85265255,-0.85265255,2.563476098060846e-10
-0.7448862775835738,-0.76854694,-0.76854706,1.2110382074936865e-07
-0.6847888066564293,-0.69842255,-0.69842255,-1.1550903566970305e-09
-0.62261900914559,-0.631276,-0.6312759,-1.1146697997954647e-07
-0.5569953339952597,-0.5632292,-0.5632291,-1.0322418209085527e-07
-0.4865362301496418,-0.49358097,-0.49358103,6.281211850645008e-08
-0.4107811805901378,-0.4317564,-0.43175647,6.297752380701738e-08
-0.3267368246958551,-0.3554512,-0.3554512,3.567886375233087e-09
-0.5300550884072294,-0.5550513,-0.5550513,-2.675170895916068e-08
-0.4975886385960132,-0.5260091,-0.5260091,1.720581055408843e-08
-0.4665037398405937,-0.49951932,-0.49951932,1.6577911265969192e-09
-0.4393332357432639,-0.47466436,-0.47466436,-2.848052904624865e-10
-0.4151560922668264,-0.4497364,-0.44973645,6.346244812993618e-08
-0.3960446359949758,-0.42746344,-0.42746344,-2.0871734895955285e-09
-0.3757818871766283,-0.40650967,-0.40650973,6.236503602430332e-08
-0.3589730159977717,-0.37306198,-0.37306198,-4.777450546278317e-09
-0.3414733692910169,-0.34023008,-0.34023008,2.4948882959563434e-09
-0.4543000388477252,-0.44456097,-0.44456097,-4.836349487558067e-09
-0.4623590866732044,-0.43783817,-0.43783823,6.304786681621266e-08
-0.4699576174800848,-0.42558625,-0.42558637,1.1659538268204983e-07
-0.47179968555448,-0.41413507,-0.414135,-6.865501406272401e-08
-0.4651221887847973,-0.41040674,-0.41040668,-5.851966855541235e-08
-0.4492343516431383,-0.39719,-0.39719,-4.587173474401851e-09
-0.4252874666760002,-0.36828354,-0.36828348,-6.001045227410629e-08
-0.3935117923926824,-0.32405338,-0.32405338,3.086929323270482e-09
-0.3580519819605741,-0.31327173,-0.31327173,-1.138229344110897e-09
-0.2758496941406867,-0.28803298,-0.28803298,1.2268829285844163e-09
-0.2668696122780099,-0.31395045,-0.31395045,7.717132488593847e-10
-0.2661788367501116,-0.33205155,-0.33205155,4.618453952609514e-09
-0.2657183197315129,-0.33630005,-0.33630005,4.748153703548752e-09
-0.2675603878059081,-0.3393778,-0.33937773,-6.068946839521416e-08
-0.2788430547615789,-0.34538284,-0.34538284,5.587005857954352e-10
-0.2852902930219623,-0.33031163,-0.33031163,3.8040924299487244e-09
-0.295421667431136,-0.31337932,-0.31337926,-5.752204895737023e-08
-0.3062438173682081,-0.30649617,-0.30649617,-3.1433868286079303e-09
-0.953730745518134,-0.9402367,-0.9402368,1.1233978269853395e-07
-0.9012318053978696,-0.8713962,-0.8713962,1.6032409622113164e-08
-0.8478118312404077,-0.7990271,-0.7990271,1.4695739736225732e-08
-0.7890959113690595,-0.7244638,-0.7244638,-2.0457458504985482e-08
-0.7225512021815317,-0.6665592,-0.6665591,-1.1936035160253766e-07
-0.6481777036778239,-0.59590745,-0.59590745,2.7770996613440957e-10
-0.5671267084044335,-0.54074657,-0.54074657,3.6651615076266353e-10
-0.4842336450566478,-0.47526732,-0.47526732,-8.713531562953847e-10
-0.4015708402181616,-0.39646265,-0.39646265,8.930206574220279e-10
0.7029792288910822,0.6809708,0.6809708,-1.1997985827072455e-08
0.62261900914559,0.5757513,0.57575125,5.4626464796037055e-08
0.5378838777234092,0.47187486,0.47187486,2.9093170095251253e-09
0.4483133176059408,0.37347716,0.37347716,9.306335702063961e-10
0.3527560362466878,0.27766043,0.27766043,-5.223083632266423e-10
0.2507515166270516,0.13223284,0.13223284,4.829559335783884e-09
0.1432207927842296,0.004504159,0.004504159,9.290313743998135e-11
0.0278612796252279,-0.10670316,-0.10670319,2.7806701663468658e-08
-0.0953270228499535,-0.16852322,-0.16852325,2.779197694202651e-08
-0.5772580828136072,-0.6031978,-0.6031978,-1.303405761099441e-08
-0.5588374020696549,-0.5899055,-0.5899056,9.958801272524909e-08
-0.5337392245560199,-0.57278764,-0.57278764,-2.478942828787467e-09
-0.5086410470423848,-0.5495914,-0.5495912,-2.2208099370590872e-07
-0.4789376993427615,-0.5209831,-0.5209831,6.256106743762757e-11
-0.4450896984757491,-0.48761424,-0.4876143,5.5777359009301364e-08
-0.4043339423297544,-0.45044717,-0.45044723,5.8073501563171703e-08
-0.3566704309047777,-0.40297362,-0.40297356,-6.208366393201104e-08
-0.3020991642008188,-0.33648917,-0.33648917,-7.897186238281506e-10
-0.5906130763529728,-0.62301683,-0.62301683,-4.2590332371972295e-09
-0.5420285308907984,-0.5922915,-0.5922915,2.5657653779376233e-08
-0.4978188971053127,-0.56321526,-0.56321526,4.2626953078439556e-09
-0.4577539164872163,-0.5316173,-0.5316173,1.617889400229444e-08
-0.4248269496574015,-0.49997875,-0.49997875,-9.441375459218193e-10
-0.3976564455600717,-0.46066275,-0.4606627,-5.23899078563872e-08
-0.3748608531394307,-0.41812745,-0.41812745,2.6332855340704953e-09
-0.3564401723954783,-0.37965515,-0.37965515,-2.559280398717334e-09
-0.3396313012166218,-0.34325835,-0.3432584,4.89124298286292e-08
-0.5143975097748699,-0.5584806,-0.5584806,-2.0384216314894843e-08
-0.4662734813312943,-0.52642465,-0.52642465,3.6224365729253805e-09
-0.423445398601605,-0.5008162,-0.5008162,-2.600555415455119e-08
-0.3877553296601973,-0.47620282,-0.47620288,6.422889708979085e-08
-0.360815084072167,-0.4445285,-0.4445286,1.0969505309654792e-07
-0.3433154373654122,-0.40964243,-0.40964243,1.8402862567157285e-09
-0.3327235459376396,-0.37941262,-0.37941256,-6.125968932124692e-08
-0.3271973417144539,-0.35091016,-0.3509101,-5.69652557347311e-08
-0.3248947566214599,-0.32863942,-0.32863942,2.11326600663142e-09
-0.7423534339812804,-0.68393755,-0.68393755,4.089355520875415e-10
-0.7299194744791125,-0.6552191,-0.6552191,2.193603521050136e-08
-0.7124198277723578,-0.6184317,-0.6184318,1.1264495847207456e-07
-0.6880124257866209,-0.5675328,-0.5675329,1.2221374512400018e-07
-0.6537039079010096,-0.54339695,-0.54339707,1.2023193363130957e-07
-0.6088034985876258,-0.50961304,-0.50961304,2.8906249616156288e-09
-0.5523901638092716,-0.47912303,-0.47912303,3.867416387137723e-09
-0.4849244205845461,-0.42448375,-0.4244837,-4.629020688984298e-08
-0.4087088540064431,-0.36352792,-0.36352792,-3.8224029497158085e-09
-0.4920624343728276,-0.48153374,-0.48153374,4.009475695898601e-09
-0.4897598492798335,-0.47716674,-0.47716668,-6.208641051275166e-08
-0.4750233046846717,-0.46134564,-0.46134564,-2.805099486025142e-09
-0.4531487463012282,-0.41929176,-0.41929182,5.550224302375284e-08
-0.4280505687875932,-0.38063666,-0.38063666,-2.2447967373828703e-09
-0.4001892891623652,-0.35217145,-0.3521714,-5.0853347755008826e-08
-0.3693346489162449,-0.32303533,-0.32303533,4.1969300257349573e-10
-0.332953804446939,-0.28461677,-0.28461677,1.6398620794610963e-09
-0.2885139121521539,-0.2676396,-0.2676396,-7.1910858379098386e-09
-0.9850459027828528,-1.0493091,-1.0493093,1.6551666259800868e-07
-0.8220228781988743,-0.8965553,-0.8965554,9.547271728749251e-08
-0.6695917450426686,-0.738886,-0.7388861,1.0127410887683652e-07
-0.5346602585932174,-0.5846921,-0.5846921,-2.0552062940382143e-08
-0.3942025679205806,-0.42757353,-0.42757353,-1.866073628953302e-09
-0.2622644420920218,-0.2424325,-0.24243248,-2.4892349237415345e-08
-0.163944058621176,-0.1027326,-0.10273257,-2.878158569807887e-08
-0.0849653899314803,0.0038008094,0.0038008094,-1.6607666197127058e-11
-0.0099011158998743,0.030448064,0.03044808,-1.579196929821225e-08
0.4616683111453062,0.42002338,0.42002335,3.171005247271097e-08
0.4411753038176592,0.38758937,0.3875894,-3.475608822967047e-08
0.4087088540064431,0.3328886,0.3328886,3.2104492397877493e-09
0.3693346489162449,0.27399957,0.27399957,1.8002319079890583e-09
0.3225921715284658,0.20770362,0.20770362,1.9538878848202046e-10
0.2668696122780099,0.1466475,0.14664751,-1.1988410958396756e-08
0.2010156786183802,0.08674432,0.08674432,3.3728408815880684e-09
0.1275632141518701,0.020565778,0.020565778,1.704406754621246e-11
0.0460517018598809,-0.030811071,-0.030811071,-3.9587402453356013e-10
-0.1538126842120022,-0.10316396,-0.10316393,-2.7595825194404178e-08
-0.1655558681862719,-0.053331956,-0.053331926,-3.0267356870838924e-08
-0.1632532830932778,0.008117035,0.00811705,-1.496868133610274e-08
-0.1503588065725112,0.051064223,0.051064193,3.005107116621497e-08
-0.124109336512379,0.09881808,0.09881808,-1.3628768946727376e-09
-0.0796694442175939,0.14042108,0.14042108,-2.3909378088493582e-09
-0.0218745583834434,0.16560045,0.16560045,-1.1531829935407245e-09
0.0423675657110904,0.18356605,0.18356605,-1.2586593711727545e-09
0.1257211460774749,0.20346558,0.20346558,9.402465750429911e-10
0.90883033620475,0.96068263,0.96068263,5.389404478250981e-10
0.8811993150888213,0.92050624,0.92050624,-1.0626221014220505e-09
0.87014690664245,0.8753282,0.8753282,-1.6825866699932135e-08
0.8646207024192643,0.8221328,0.8221327,1.258514403801314e-07
0.8514959673891982,0.691674,0.6916739,9.406433110203949e-08
0.8102796942246048,0.59817654,0.59817654,-1.0557555940593488e-09
0.7418929169626816,0.52242064,0.52242064,4.7601318442502816e-09
0.6124876347364162,0.45698404,0.45698404,3.121337910361177e-09
0.4538395218291264,0.3444029,0.3444029,9.278869617102004e-09
0.3138423481750885,0.3539638,0.3539638,-7.675933832995696e-09
0.3633479276744604,0.6099518,0.6099518,-5.852508588866101e-09
0.3686438733883467,0.65552735,0.65552735,3.2867432109284778e-09
0.344927246930508,0.63049054,0.63049054,1.4581298390936581e-09
0.3159146747587831,0.5867946,0.5867946,1.4791870062147439e-08
0.2942703748846391,0.5494914,0.5494914,5.487060583675429e-09
0.2758496941406867,0.49989215,0.49989215,-4.604721048906413e-09
0.2763102111592855,0.39773872,0.39773875,-2.5053024266252777e-08
0.2898954632079504,0.3054613,0.3054613,-1.2501525870067809e-08
-0.2380872986155843,-0.2611355,-0.2611355,1.1251449605342856e-08
-0.4153863507761259,-0.4405143,-0.4405143,3.7067413583002917e-09
-0.5899223008250746,-0.581607,-0.58160686,-1.241384888217567e-07
-0.7232419777094298,-0.6962875,-0.6962875,-1.277923589171337e-08
-0.8314634770801499,-0.78811216,-0.78811204,-1.235437011581908e-07
-0.9198827446511214,-0.8853824,-0.8853824,-1.3864135728347549e-08
-0.9958680527199248,-0.98142314,-0.981423,-1.3957214350934777e-07
-1.0504393194238837,-1.0528991,-1.0528991,-2.2238159091969578e-08
-1.093267402153573,-1.0982747,-1.0982748,9.220581054236732e-08
2.408734265781072,2.2349281,2.234928,1.3110351559930677e-07
1.9852888671794664,1.7171198,1.71712,-1.8703460691327223e-07
1.5880929386379934,1.228855,1.2288549,1.1384735110198108e-07
1.1448453082366397,0.7603961,0.760396,1.2293243412120347e-07
0.7501822232974601,0.35351527,0.35351527,-2.6278686449110467e-09
0.3617361181093645,-0.024713635,-0.024713606,-2.944464111420686e-08
-0.0163483541602577,-0.29736188,-0.29736188,-5.408477554702529e-10
-0.3845317105300057,-0.5690961,-0.5690961,1.1590576165509958e-08
-0.7407416244161845,-0.8253894,-0.8253896,2.1477661127367043e-07
-1.1634962474898911,-1.1227703,-1.1227701,-2.0944824208335433e-07
-1.159812111341101,-1.1254765,-1.1254766,1.2046966557655026e-07
-1.1563582337016098,-1.1313831,-1.1313831,3.8591003503896104e-08
-1.1540556486086158,-1.1241077,-1.124108,2.8153228770477767e-07
-1.1494504784226276,-1.1280394,-1.1280392,-1.6004638681010874e-07
-1.1464571178017355,-1.1349647,-1.1349648,9.548645030221792e-08
-1.1441545327087417,-1.1367968,-1.1367968,-3.208465582105191e-08
-1.141621689106448,-1.1353929,-1.135393,9.571838388566789e-08
-1.1337928997902682,-1.1296133,-1.1296133,1.970367424775077e-08
-0.8966266352118816,-0.9309236,-0.93092346,-1.2112335201486246e-07
-0.9095211117326482,-0.9433135,-0.9433136,1.2057647702512497e-07
-0.9313956701160916,-0.9619483,-0.96194816,-1.1556610102214648e-07
-0.9569543646483256,-0.98158777,-0.98158765,-1.1760101314983729e-07
-0.9719211677527868,-1.0026357,-1.0026356,-1.1739196770221838e-07
-0.989190555950242,-1.0251193,-1.0251193,-4.656982355299988e-09
-1.0149795089917757,-1.0477748,-1.0477747,-9.171752934911126e-08
-1.0366238088659194,-1.0675566,-1.0675566,-1.964416496136323e-08
-1.0548142311005724,-1.0858123,-1.0858123,-3.024597172718302e-08
1.0228082983079552,0.83733153,0.83733153,3.4320067898718776e-09
0.7752804008110953,0.5649897,0.5649897,-1.3987731972697759e-08
0.5293643128793312,0.3758306,0.3758306,-9.275054946300543e-09
0.2869021025870581,0.24224998,0.24224997,1.0568885794315364e-08
0.0414465316738928,0.034385636,0.03438562,1.6448860169770985e-08
-0.1655558681862719,-0.1891365,-0.1891365,-5.126953112055688e-09
-0.3311117363725438,-0.40991434,-0.4099144,5.545082093494358e-08
-0.5814027359809966,-0.62891304,-0.62891304,-4.9295043602626265e-09
-0.8464302801846112,-0.84735143,-0.84735143,-1.846618635781283e-09
-1.0582681087400636,-1.0896932,-1.0896932,1.1332702554156526e-08
-1.0550444896098718,-1.1068357,-1.1068357,-2.2923278830688787e-08
-1.0541234555726742,-1.12962,-1.1296201,1.4398345937749468e-07
-1.055274748119171,-1.1627727,-1.1627727,4.451293955654023e-08
-1.057347074702866,-1.1933526,-1.1933525,-8.007049556724155e-08
-1.0610312108516564,-1.186674,-1.186674,1.1672973698750866e-09
-1.070011292714333,-1.17289,-1.17289,5.2108764636571436e-08
-1.0861293883652914,-1.1589236,-1.1589236,-2.5946044868163654e-08
-1.1020172255069505,-1.137401,-1.1374009,-8.476409907309801e-08
0.1655558681862719,0.1064869,0.10648689,1.1640892028097483e-08
-0.0822022878198874,-0.15532926,-0.15532926,2.750167843457163e-09
-0.2974939940148307,-0.34317562,-0.34317562,1.5937806630006435e-10
-0.4789376993427615,-0.46621165,-0.4662116,-4.6795272823363376e-08
-0.6371252952314526,-0.64137495,-0.6413748,-1.4564056394217317e-07
-0.7851815167109697,-0.8264581,-0.8264582,1.034957886059118e-07
-0.9161986085023308,-0.9287642,-0.9287642,-2.4052429159482358e-08
-1.0241898493637516,-1.0060993,-1.0060993,-4.3299865692958406e-08
-1.1022474840162495,-1.0861413,-1.0861416,2.5211486809340045e-07
3.2986834042232704,2.9043605,2.9043603,2.3276062011134968e-07
2.8208969974270057,2.1545904,2.1545901,2.682708739598638e-07
2.357847135225903,1.454218,1.4542181,-7.002410895573519e-08
1.858646687064794,0.9050946,0.9050946,2.3565673856751346e-08
1.4036558726891704,0.4739716,0.4739716,5.300903327398743e-09
0.914586798937235,0.13181394,0.13181396,-1.6613922126929026e-08
0.4559118484128211,-0.16789779,-0.16789776,-3.067039489046408e-08
-0.0458214433505815,-0.4669601,-0.4669601,-2.3197174181532887e-09
-0.5461731840581877,-0.7772305,-0.7772304,-1.0117492676986473e-07
0.3034807152566152,0.18513843,0.18513843,4.171676643016653e-09
0.1591086299258885,0.007380992,0.0073809624,2.9774148559841285e-08
0.001151292546497,-0.1697219,-0.1697219,-1.4167785555851964e-09
-0.1418392417284332,-0.35338047,-0.35338047,-1.4679717996735064e-09
-0.3041714907845134,-0.52348506,-0.52348495,-1.1450653081279683e-07
-0.4669642568591925,-0.68929446,-0.68929446,2.5643921430784644e-09
-0.6286057303873746,-0.82218814,-0.82218826,1.2103820801190324e-07
-0.7854117752202691,-0.9165844,-0.9165844,2.7479553188491934e-08
-0.9346192892462832,-0.9997418,-0.9997418,7.321167005969187e-09
3.2203955110614726,3.1712227,3.1712227,-1.3232421824938001e-08
2.689189130107746,2.576283,2.576283,-2.1942138772601538e-08
2.1206808706475164,1.9425747,1.9425747,3.9456176770258367e-08
1.586250870563598,1.2555294,1.2555293,1.0368652336723017e-07
1.0905043000419803,0.64105046,0.64105046,-2.0455932503438135e-09
0.6382765877779495,0.2716426,0.2716426,-4.4704437374143424e-09
0.1814437053279308,-0.08729613,-0.08729616,3.172698974374111e-08
-0.3133818311564896,-0.37075594,-0.37075594,-6.757354675812621e-10
-0.7633069583275263,-0.6994579,-0.699458,1.1616516115697806e-07
0.3041714907845134,0.27399242,0.2739924,1.9242858861900913e-08
0.0653934166410309,-0.026237845,-0.026237875,2.9579162598436515e-08
-0.1510495821004094,-0.23179942,-0.23179942,-3.694610589688452e-09
-0.3467693150049033,-0.42916206,-0.429162,-5.525398255601388e-08
-0.5360418096490139,-0.61009777,-0.61009765,-1.1592254633985277e-07
-0.7202486170885376,-0.79503226,-0.79503214,-1.2280212402515644e-07
-0.8742915598098392,-0.95248926,-0.95248926,3.141174320653306e-09
-1.0048481345826017,-1.0551324,-1.0551323,-8.906860360369251e-08
-1.1077736882394356,-1.143466,-1.1434659,-9.578857418368614e-08
0.7942586819283568,0.41728044,0.41728038,5.556213378277164e-08
0.2933410303034593,-0.12272468,-0.12272471,2.790733337476592e-08
-0.0946404041541209,-0.37348816,-0.37348804,-1.179875945833686e-07
-0.3952672831317184,-0.5601542,-0.5601542,3.997803199595751e-10
-0.5878866699024524,-0.6764802,-0.6764802,2.5935363745510642e-08
-0.730226188801366,-0.80273163,-0.80273163,-3.186340302718804e-09
-0.8333292111598078,-0.8957648,-0.8957647,-1.2772827151508181e-07
-0.9110544650789086,-0.96119153,-0.96119153,-4.99603269865645e-09
-0.9715392061046336,-1.0251033,-1.0251033,-3.061218256661391e-08
0.4004195476716646,0.29379633,0.29379633,6.903839167016201e-10
0.2528238432107462,0.089893825,0.089893825,3.521919283988595e-10
0.0976296079429475,-0.08278048,-0.08278051,2.9615173341435153e-08
-0.0474332529156773,-0.23198786,-0.23198786,-3.779068002973673e-09
-0.2143706721577457,-0.39489767,-0.39489767,4.4624326456244034e-10
-0.3861435200951014,-0.58135056,-0.58135056,-4.956665078381661e-09
-0.5648241233114394,-0.77014184,-0.77014196,1.2001892091273447e-07
-0.7400508488882864,-0.88964343,-0.8896433,-1.3070983884144738e-07
-0.9090605947140492,-0.99561095,-0.9956111,1.4762268063517325e-07
-0.9373823913578762,-0.9513546,-0.95135474,1.171591186288623e-07
-0.9677765145853976,-0.9890921,-0.9890921,-1.1587524384459869e-08
-0.9965588282478232,-1.0142661,-1.0142661,-3.3308410696264446e-08
-1.0234990738358534,-1.0371681,-1.0371683,1.5482025150781453e-07
-1.048366992840189,-1.0683447,-1.0683447,-1.2257385328950932e-08
-1.0702415512236323,-1.0915946,-1.0915946,2.3164367757289028e-08
-1.0891227489861837,-1.1015619,-1.1015619,-3.953552152324846e-09
-1.1050105861278423,-1.1060791,-1.1060791,-1.5624999072372248e-09
-1.1172142871207111,-1.1164535,-1.1164535,-2.8404235852264037e-08
0.2622644420920218,0.2192618,0.2192618,-4.717636115092461e-09
0.1125964110474088,0.03234066,0.032340676,-1.530873870725369e-08
-0.0373018785065035,-0.20962533,-0.2096253,-3.3547592176441654e-08
-0.1819042223465296,-0.42290297,-0.42290297,-1.5061187852438707e-09
-0.3253552736400587,-0.6003779,-0.6003779,-1.728973386683208e-08
-0.4715694270451806,-0.7202076,-0.7202077,1.2801666260386924e-07
-0.6474869281499257,-0.8343723,-0.83437216,-1.2202819821283128e-07
-0.7939313400643471,-0.9397942,-0.9397942,1.722259523884162e-08
-0.974914528373679,-1.0434655,-1.0434654,-9.510955800706711e-08
0.389827656243892,0.33328623,0.33328623,-4.2042541670284095e-09
0.2304887678087039,0.082058325,0.08205834,-1.4590110772316756e-08
0.0900310771360672,-0.19350791,-0.19350791,2.252197317531568e-10
-0.0522686816109648,-0.47923216,-0.47923216,-2.2371673402687975e-09
-0.2332518699202968,-0.709214,-0.709214,2.7908325206382756e-08
-0.4119324731366348,-0.85750663,-0.85750675,1.1719512937879983e-07
-0.6373555537407519,-0.9775715,-0.9775716,1.1257324217250897e-07
-0.8006088368340298,-1.0942398,-1.0942398,-3.097076417546418e-08
-1.017512352594069,-1.1930329,-1.1930329,3.924407954158937e-08
-0.9279417924766006,-0.959597,-0.9595969,-9.153900148994865e-08
-0.9620200518529124,-0.96770155,-0.96770144,-1.1429840085508403e-07
-0.9974798622850206,-0.9921789,-0.9921789,-1.693115236900411e-08
-1.0343212237729251,-1.0085081,-1.0085082,1.1379547126821876e-07
-1.0723138778073271,-1.0431565,-1.0431566,9.536895761996789e-08
-1.1096157563138307,-1.0880588,-1.088059,1.7069244395706562e-07
-1.1448453082366397,-1.1372366,-1.1372366,4.846191448137915e-09
-1.1745486559362628,-1.18851,-1.18851,5.8898925736627916e-08
-1.1955021802825083,-1.2183695,-1.2183696,1.1605224603528086e-07
0.1637138001118766,0.07428878,0.07428878,-1.9929695116438495e-09
0.1073004653335225,-0.17120534,-0.17120531,-3.181594848689073e-08
0.0184206807439523,-0.32446334,-0.3244634,6.2340164197483e-08
-0.0930244377569594,-0.45283046,-0.45283052,5.635215760690926e-08
-0.2291072167529075,-0.5597644,-0.5597644,1.4776611378941595e-08
-0.3900579147531913,-0.6617882,-0.6617882,-2.5173950146673008e-08
-0.5744949807020144,-0.77049494,-0.7704948,-1.3789672848041334e-07
-0.7752804008110953,-0.8799218,-0.8799218,6.062316870725226e-09
-0.9742237528457808,-1.0113994,-1.0113995,1.1168670654981838e-07
-0.1611809565095832,-0.19671658,-0.19671655,-2.681465149922957e-08
-0.2698629728989021,-0.31523862,-0.31523862,-4.811172460428281e-09
-0.3843014520207062,-0.4392542,-0.4392542,5.501937849761163e-09
-0.5102528566074805,-0.55469835,-0.55469835,1.9546508855938782e-09
-0.6456448600755305,-0.66526854,-0.66526854,-3.8238523458744567e-10
-0.7794250539784846,-0.7914698,-0.7914698,-1.2393188475456896e-08
-0.8989292203048755,-0.92078805,-0.92078793,-1.1969787594434678e-07
-1.0025455494896076,-1.0425178,-1.0425178,1.8742370544444498e-08
-1.0948792117186688,-1.1562454,-1.1562455,1.4916229251760171e-07
-0.9201130031604208,-0.9812778,-0.9812776,-2.2344818118025245e-07
-0.933928513718385,-1.0152608,-1.0152607,-1.1562042234736225e-07
-0.9468229902391516,-1.0483195,-1.0483196,1.4103851309066329e-07
-0.9638621199273076,-1.0754353,-1.075435,-2.807998658038713e-07
-0.9802104740875652,-1.088926,-1.088926,4.23202515253962e-08
-1.001394256943111,-1.1025162,-1.1025162,2.568359369625739e-08
-1.0246503663823503,-1.1135218,-1.1135219,8.565368658786099e-08
-1.0538931970633747,-1.1210465,-1.1210467,1.5687866206093304e-07
-1.0785308575584112,-1.1187818,-1.1187818,-5.038452099981328e-09
-0.1779898276884397,-0.22075519,-0.22075519,3.427886863249796e-10
-0.2263441146413147,-0.29914775,-0.29914775,-4.907608042170608e-09
-0.2935795993567409,-0.42006627,-0.42006627,2.748031635579906e-09
-0.358512498979173,-0.53567743,-0.53567743,-3.0139160056563696e-09
-0.4455502154943478,-0.6315466,-0.6315465,-1.1655426024326232e-07
-0.5390351702699061,-0.7166443,-0.7166444,1.1289062495922764e-07
-0.6525526153545126,-0.80549204,-0.80549216,1.1650482178993116e-07
-0.7861025507481673,-0.8991215,-0.8991215,-2.2903442364885507e-08
-0.9470532487484512,-1.0054185,-1.0054185,-3.9047241218170825e-08
-0.3149936407215855,-0.42055413,-0.42055407,-6.126945495399383e-08
-0.3370984576143283,-0.5278343,-0.5278343,3.77349851365949e-09
-0.3656505127674544,-0.64028466,-0.64028466,2.5216674304218145e-09
-0.3985774795972693,-0.7447461,-0.7447462,1.1101837160687467e-07
-0.4344978070479764,-0.8282254,-0.8282254,2.5778198242676353e-08
-0.4754838217032704,-0.8861587,-0.8861588,9.524230959456759e-08
-0.5323576735002233,-0.93471,-0.93471,-2.578735347480432e-08
-0.6279149548594763,-0.97819567,-0.97819567,2.7331542584718704e-09
-0.7985365102503351,-1.0285068,-1.0285069,1.4417114257980757e-07
0.7375180052859929,0.7791964,0.7791964,-1.843109131982601e-08
0.5196934554887562,0.52429783,0.5242979,-6.655731199511905e-08
0.2841390004754652,0.22099622,0.2209962,1.5939521785801603e-08
0.0485845454621743,-0.049270272,-0.04927033,5.774505615341319e-08
-0.1738451745210504,-0.29999074,-0.29999074,-3.3986664038643255e-09
-0.3939723094112812,-0.48194465,-0.48194465,-4.1160586050636994e-10
-0.5938366954831645,-0.70090497,-0.70090497,4.599304159746964e-09
-0.7835697071458738,-0.87330306,-0.87330294,-1.157632446568968e-07
-0.9417573030345648,-0.99878883,-0.99878883,-3.6181641016597155e-09
-0.7939313400643471,-0.8597145,-0.8597145,-8.056640576903362e-09
-0.8390620078870303,-0.91453516,-0.91453516,-4.833068834031451e-09
-0.8830413831632167,-0.9528136,-0.9528136,-2.533569332108243e-08
-0.925408948874307,-0.98513055,-0.98513067,1.2152282713451257e-07
-0.9670857390574992,-1.025951,-1.025951,-2.787017816530124e-08
-1.0069204611662963,-1.0545306,-1.0545307,7.94250487601289e-08
-1.0446828566913986,-1.0709379,-1.0709379,2.8067016710764392e-08
-1.0785308575584112,-1.0885644,-1.0885645,1.0409545891931771e-07
-1.1066223956929386,-1.1098338,-1.1098338,-3.655548086456406e-08
-0.7144921543560525,-0.7929181,-0.7929182,1.1394805909947792e-07
-0.7382087808138911,-0.85485685,-0.8548567,-1.487167358149577e-07
-0.7679121285135143,-0.9168551,-0.9168551,3.1829834323815476e-09
-0.8038324559642215,-0.96906424,-0.96906435,1.1431274415940607e-07
-0.8455092461474137,-1.0198286,-1.0198286,4.203186043660878e-08
-0.8934030160816898,-1.0677699,-1.0677698,-8.506317139556074e-08
-0.9475137657670498,-1.1013707,-1.1013706,-9.22531127045545e-08
-1.0076112366941945,-1.1099293,-1.1099293,-2.3196411236270364e-08
-1.0746164629003212,-1.1237749,-1.1237749,1.386871328890038e-08
-0.6486382206964227,-0.71350265,-0.71350265,4.507446305090923e-09
-0.6811046705076388,-0.76991487,-0.76991475,-1.1549377443298425e-07
-0.7186368075234417,-0.84260094,-0.84260094,-1.6580200545845969e-09
-0.7614648902531309,-0.9149947,-0.91499484,1.2335571286659075e-07
-0.8095889186967066,-0.9851899,-0.98519003,1.1529663090925624e-07
-0.8636996683820666,-1.0388596,-1.0388596,-5.789184465143649e-09
-0.9240273978185106,-1.0744199,-1.0744197,-1.5607147219043327e-07
-0.9910326240246372,-1.0933733,-1.0933732,-9.864501948619875e-08
-1.0656363810376444,-1.1137949,-1.1137948,-1.2282867434265654e-07
-0.4775561482869651,-0.5452633,-0.5452633,9.594726568806777e-09
-0.513936992756271,-0.6046822,-0.6046822,-7.10754399779745e-09
-0.5556137829394633,-0.67224157,-0.67224145,-1.1856536863419365e-07
-0.5991326411970507,-0.7469536,-0.7469536,-6.605529789815989e-09
-0.6532433908824108,-0.8048041,-0.8048041,1.3314819358178909e-08
-0.7188670660327411,-0.8606707,-0.86067057,-1.157681274177591e-07
-0.8088981431688084,-0.9168546,-0.91685474,1.2002014160295005e-07
-0.8998502543420731,-0.98141456,-0.98141456,3.496704148453489e-09
-1.0043876175640027,-1.0469443,-1.0469444,1.3940277110435773e-07
0.9848156442735536,1.0623534,1.0623534,-2.7426147353182273e-08
0.7681423870228137,0.83913743,0.83913743,4.9594116591222814e-09
0.5500875787162776,0.52599895,0.525999,-4.9995422357618224e-08
0.2848297760033635,0.18218306,0.18218307,-1.2930221560125688e-08
0.03476903490421,-0.101722986,-0.101723015,2.9493942260705452e-08
-0.1998643860718832,-0.34721926,-0.34721926,1.4531707503984137e-09
-0.4457804740036473,-0.5816133,-0.5816134,9.776916498616117e-08
-0.6900847523703156,-0.7784424,-0.7784424,1.7187499978810195e-08
-0.911132921297744,-0.94919264,-0.9491924,-2.431655883317063e-07
-0.3978867040693711,-0.5238683,-0.52386844,1.1762756346733738e-07
-0.4432476304013538,-0.6272479,-0.6272479,-2.957305911266417e-08
-0.4978188971053127,-0.73846817,-0.73846817,-1.660156456750883e-10
-0.5567650754859602,-0.8353121,-0.8353121,-2.806701659974209e-08
-0.6124876347364162,-0.88074243,-0.88074243,-6.869507185314205e-10
-0.6693614865333691,-0.9346037,-0.9346036,-9.110107423992986e-08
-0.7248537872745257,-0.9687699,-0.9687699,-7.95135501885369e-09
-0.7941615985736464,-0.9857321,-0.9857321,2.1447753906223e-08
-0.9115934383163428,-1.0155687,-1.0155689,1.667846680764029e-07
0.0253284360229345,-0.037349507,-0.037349522,1.4787361148071998e-08
-0.0573343688155517,-0.17144132,-0.17144129,-2.660461426162719e-08
-0.1646348341490742,-0.3027592,-0.30275926,5.966545102431553e-08
-0.264106510166417,-0.4459397,-0.44593975,6.012535097577043e-08
-0.3815383499091134,-0.5730828,-0.5730829,9.532012934521106e-08
-0.5056476864214925,-0.68646145,-0.68646145,1.3305664348095547e-09
-0.6449540845476323,-0.7988975,-0.7988975,-4.806518516531355e-09
-0.7934708230457482,-0.9024887,-0.9024886,-1.0849609377583391e-07
-0.9673159975667986,-1.0192121,-1.0192124,2.7326812745975815e-07
-0.3493021586071967,-0.48311654,-0.48311648,-5.7332534775245136e-08
-0.4216033305272098,-0.5981691,-0.5981691,1.1636352548194395e-08
-0.4966676045588157,-0.6791507,-0.6791507,-5.6915283597192e-10
-0.5754160147392121,-0.7668117,-0.7668116,-1.284774779897191e-07
-0.6583090780869977,-0.8462187,-0.8462188,9.482269291982703e-08
-0.7462678286393702,-0.90456223,-0.9045621,-1.348785400034913e-07
-0.8386014908684316,-0.94778454,-0.94778454,-3.037414542106376e-09
-0.9343890307369838,-0.9895127,-0.9895128,1.1803894039985607e-07
-1.0320186386799313,-1.0521954,-1.0521953,-1.2980194097345077e-07
-0.3790055063068199,-0.4173849,-0.4173849,7.297897341995707e-09
-0.4503856441896354,-0.5114578,-0.5114578,-8.651733773845649e-10
-0.5240683671654448,-0.6290593,-0.6290592,-1.1472778316257148e-07
-0.600974709271446,-0.7388338,-0.7388338,1.494293211390385e-08
-0.6822559630541358,-0.81758606,-0.81758606,-4.3386840786752146e-09
-0.7679121285135143,-0.89220893,-0.89220893,-3.830261219306408e-09
-0.8579432056495815,-0.94937277,-0.94937277,1.59790036757812e-09
-0.9500466093693434,-0.9996667,-0.9996666,-9.082641605484554e-08
-1.0419197545798058,-1.0628504,-1.0628504,4.3898010337883875e-08
1.208166398293976,1.2905326,1.2905326,-1.1041259684319016e-08
1.023268815326554,0.98705244,0.98705244,6.433105159686647e-10
0.79278004751785,0.6972358,0.6972358,2.2677612343535714e-08
0.5252196597119418,0.3844459,0.3844459,5.685424797619021e-09
0.2638762516571176,0.04553868,0.04553868,-1.2347030620141197e-09
-0.0002302585092994,-0.21266213,-0.2126621,-3.059425354723366e-08
-0.2903559802265492,-0.46688423,-0.46688417,-5.560691834771703e-08
-0.5744949807020144,-0.6823145,-0.6823145,-1.511383052044124e-08
-0.8593247567053779,-0.8932235,-0.89322364,1.1590637205571852e-07
-0.6557762344847042,-0.6863704,-0.6863704,2.7227783250260984e-08
-0.6916965619354114,-0.72630394,-0.72630394,4.949035625756437e-09
-0.7315312840442083,-0.76789045,-0.76789045,-3.3386230446907916e-09
-0.7725172986995025,-0.82821965,-0.8282198,1.4782409663016693e-07
-0.8231741707453714,-0.8931526,-0.8931527,1.0543365480675249e-07
-0.8782059544679292,-0.9545754,-0.9545754,-1.942596439263866e-08
-0.9364613573206784,-1.0131214,-1.0131215,1.3349914551596953e-07
-1.0117558898615835,-1.0654773,-1.0654774,1.4799346925720158e-07
-1.0785308575584112,-1.1091614,-1.1091614,2.3046875075038997e-08
-0.332953804446939,-0.40272322,-0.40272322,-2.9709625315454957e-09
-0.3907486902810895,-0.5026841,-0.502684,-1.1636352537092165e-07
-0.4540697803384258,-0.62485015,-0.62485015,-3.923034674890857e-09
-0.5233775916375466,-0.7245287,-0.72452855,-1.2031097407216862e-07
-0.599823416724949,-0.8262025,-0.82620263,1.1821258549815639e-07
-0.6847888066564293,-0.90775025,-0.90775025,1.0910033987343581e-09
-0.7794250539784846,-0.9637102,-0.9637102,1.1134338340212935e-08
-0.8860347437841088,-1.0070997,-1.0070999,1.5234222416893317e-07
-1.0076112366941945,-1.0649434,-1.0649436,1.671920777379654e-07
1.4952987593903333,1.471374,1.4713739,1.348815918955637e-07
1.2585930118305455,1.1691939,1.169194,-1.361312866876574e-07
1.0255714004195482,0.8450819,0.8450819,2.539215082641988e-08
0.7448862775835738,0.5447663,0.5447663,6.8771361938502196e-09
0.4671945153684919,0.26031315,0.26031315,3.2669067451251976e-09
0.1851278414767213,-0.03416483,-0.03416483,-1.0422897336881398e-09
-0.1409182076912356,-0.35118642,-0.35118642,-4.493789673709614e-09
-0.4499251271710365,-0.60035956,-0.60035956,9.408569479063544e-10
-0.8042929729828202,-0.83443844,-0.83443844,-3.1838989222876535e-09
0.2367057475597879,0.23584701,0.23584701,1.2085342449008607e-09
0.1321683843378582,0.10855528,0.108555265,1.4672145845495699e-08
0.0193417147811499,-0.039315984,-0.039315984,3.4693145578579276e-10
-0.103616329184732,-0.2713622,-0.27136225,6.452178957783161e-08
-0.2410806592364766,-0.48920998,-0.48921004,6.022743226363758e-08
-0.3990379966158682,-0.6670271,-0.6670271,-1.5821838394991516e-08
-0.5747252392113138,-0.7908329,-0.790833,1.228408813558346e-07
-0.7598530806880351,-0.9057915,-0.9057915,-2.107238772364184e-08
-0.9608687593064154,-1.0160222,-1.0160222,-5.352783105649905e-09
0.0536502326667612,0.2435458,0.2435458,4.474639825335913e-10
-0.1980223179974879,-0.037515625,-0.037515625,-3.576278717609682e-10
-0.3695649074255444,-0.30038822,-0.30038822,3.0276489093594705e-09
-0.5429495649279961,-0.48949757,-0.48949757,-2.183609015826704e-09
-0.626072886785081,-0.64748824,-0.6474881,-1.3642730711804774e-07
-0.7957734081387423,-0.7718619,-0.7718619,-1.0820007334544357e-08
-0.8749823353377375,-0.86999035,-0.86999035,1.184082054628277e-09
-0.925408948874307,-0.94581366,-0.94581366,4.146728516118969e-09
-0.9809012496154637,-1.0408458,-1.0408458,4.8237609906465195e-08
0.3120002801006932,0.27038497,0.27038497,-2.6728820823329613e-09
0.1975618009788891,0.102708906,0.102708906,-6.471252700368524e-11
0.0709196208642166,-0.085683405,-0.085683435,2.960067749246953e-08
-0.0667749676968273,-0.28620803,-0.28620803,-3.561706540811116e-09
-0.2162127402321409,-0.47904322,-0.47904322,4.486770621703329e-09
-0.3755516286673289,-0.64756095,-0.64756095,-4.093933081428247e-09
-0.5318971564816246,-0.77972186,-0.77972186,3.882751453687661e-09
-0.7361364542301965,-0.8931525,-0.8931526,1.2464294429914702e-07
-0.956033330611128,-1.0144855,-1.0144854,-7.8401183989385e-08
0.3575914649419753,0.23197679,0.23197679,2.216300976076724e-09
0.2346334209760933,0.067228526,0.067228526,-1.230010954200722e-10
0.1119056355195106,-0.10321379,-0.10321379,2.9211425778274958e-09
-0.0158878371416589,-0.31023654,-0.31023654,-3.4169769236314096e-09
-0.1565757863235951,-0.4903743,-0.49037424,-5.690361021271073e-08
-0.3161449332680825,-0.6546235,-0.6546235,-8.453369115812848e-09
-0.4987399311425103,-0.7789899,-0.77899015,2.3892059330954396e-07
-0.6933083715005072,-0.8923769,-0.8923768,-9.971923831120222e-08
-0.9217248127255164,-1.0097826,-1.0097827,1.4728088371107617e-07
0.2866718440777587,0.34700155,0.34700155,2.5817871174282914e-09
0.0280915381345273,0.13030644,0.13030644,-2.3884201005852645e-09
-0.2447647953852671,-0.18589348,-0.1858935,2.3990631092818404e-08
-0.4384122017060664,-0.43104926,-0.43104926,2.4831390277313403e-09
-0.5853171306390864,-0.6107037,-0.6107038,9.325866701104246e-08
-0.691466303426112,-0.750913,-0.750913,-2.3948669380935428e-08
-0.7893261698783589,-0.8358667,-0.8358669,2.1031799313231403e-07
-0.8726797502447434,-0.907864,-0.90786386,-1.1457122806035613e-07
-0.9233366222906124,-0.9941051,-0.9941051,-6.317139034095476e-10
-0.182134480855829,-0.16470566,-0.16470563,-3.391944886077525e-08
-0.1029255536568338,-0.046481237,-0.046481237,1.8454742595208629e-10
-0.0264797285694315,0.05686021,0.056860223,-1.4488647462340687e-08
0.0453609263319827,0.1467843,0.14678429,1.557250975392499e-08
0.1151292546497023,0.23154055,0.23154056,-1.4178810125997643e-08
0.1789108617256374,0.31868106,0.31868106,1.2678527672171924e-09
0.2523633261921474,0.38069654,0.38069654,-4.8895263948800505e-09
0.3322630289190408,0.43326747,0.4332674,7.417449948698973e-08
0.4068667859320479,0.47481152,0.47481152,4.152755750386206e-09
1.4969105689554292,1.5904974,1.5904974,-2.546539312753282e-08
1.3389532315760375,1.4315773,1.4315773,2.486724848260735e-08
1.1798446016501491,1.2934198,1.2934198,3.7951660258883635e-08
1.0361632918473207,1.1708045,1.1708046,-9.942016609976179e-08
0.9005410298699713,1.0016271,1.001627,8.759307856820442e-08
0.7750501423017959,0.8547627,0.8547627,-2.6622009263732593e-08
0.6610721801985906,0.78473175,0.78473175,-4.2800902821937825e-09
0.5751857562299126,0.71693504,0.71693504,-1.4334106124280765e-09
0.528673537351433,0.6238153,0.62381524,5.80804443428562e-08
-0.5162395778492651,-0.47537902,-0.47537896,-5.997566221438433e-08
-0.4423265963641562,-0.37231514,-0.37231514,1.4215850718812817e-09
-0.3313419948818432,-0.25407678,-0.25407678,1.1112976094906912e-09
-0.2682511633338064,-0.18616161,-0.18616161,2.4961090139274944e-09
-0.1897330116627094,-0.109618396,-0.109618425,2.9433059697825392e-08
-0.0693078112991207,0.022055477,0.022055462,1.4903915403902124e-08
0.0292428306810243,0.18803418,0.18803418,-3.1735229444329605e-09
0.1690097458257629,0.29324722,0.29324722,2.9003906498736853e-09
0.2740076260662915,0.36785516,0.36785513,3.142845156345331e-08
-0.5341997415746187,-0.53902733,-0.5390272,-1.3325958247989433e-07
-0.4768653727590669,-0.38482997,-0.38482997,1.7859649870111127e-09
-0.412623248664533,-0.28756735,-0.28756735,2.7118682854876397e-09
-0.3002570961264235,-0.22477391,-0.22477388,-3.3621902456593133e-08
-0.1922658552650028,-0.14448336,-0.14448336,2.3320770314860795e-09
-0.0997019345266421,0.014738545,0.01473853,1.4821739197090622e-08
0.0029933606208922,0.16600229,0.1660023,-1.1539268485183385e-08
0.1254908875681755,0.2739449,0.2739449,1.4340972909199223e-08
0.2468371219689617,0.36040503,0.36040503,-2.133636489709545e-09
-0.4973583800867139,-0.49050704,-0.49050704,3.5524749808502065e-09
-0.4347280655572758,-0.41490766,-0.41490766,-4.060592639909544e-09
-0.3651899957488556,-0.34155467,-0.34155467,-1.5259551955359996e-09
-0.2859810685498605,-0.2687466,-0.2687466,-1.4456176755661687e-08
-0.1895027531534099,-0.15488139,-0.15488136,-2.7948989872461638e-08
-0.0824325463291868,0.0064525604,0.0064525753,-1.4875195312492873e-08
0.0181904222346529,0.16536023,0.16536021,1.72272109910665e-08
0.1307868332820618,0.27956796,0.27956796,-3.07556152767674e-09
0.2767707281778843,0.3671391,0.3671391,1.0284423868078818e-09
-0.5107133736260794,-0.49808648,-0.49808654,5.771354677497342e-08
-0.442787113382755,-0.40636703,-0.4063671,6.62799835016159e-08
-0.3677228393511491,-0.32494202,-0.32494202,-2.5620269794579542e-09
-0.2643367686757165,-0.25329238,-0.25329232,-6.17634582367188e-08
-0.1791411202349367,-0.14108983,-0.14108983,3.177719115621258e-09
-0.0635513485666356,0.03955494,0.039554954,-1.532602691978191e-08
0.0172693881974553,0.17725994,0.17725994,-3.071250920250179e-09
0.134931486449451,0.2873467,0.2873467,-9.10682679267083e-09
0.2664090952594111,0.36363474,0.36363474,-4.654159557748727e-09
-0.4038734253111556,-0.31534222,-0.31534234,1.223162078844986e-07
-0.3433154373654122,-0.23341271,-0.23341271,-2.812423710585321e-09
-0.2675603878059081,-0.1658679,-0.1658679,5.112075818214379e-09
-0.1874304265697153,-0.119868964,-0.119868964,4.316710877638741e-11
-0.1174318397426963,-0.02549021,-0.02549021,5.397415153707286e-10
-0.0329269668298148,0.12452302,0.12452301,1.1280765530030656e-08
0.0693078112991207,0.2354233,0.2354233,-3.3100128193908063e-09
0.1690097458257629,0.30869314,0.30869314,7.451629868704401e-10
0.2908164972451479,0.37166503,0.37166503,7.178497241078219e-10
-0.3704859414627419,-0.36083815,-0.36083815,4.982376122786292e-09
-0.4494646101524377,-0.40147874,-0.40147874,2.407302857054816e-09
-0.5091015640609835,-0.4521838,-0.4521838,-1.285667416972558e-08
-0.5521599052999723,-0.50220275,-0.50220275,7.476806951345338e-10
-0.5880802327506793,-0.54775035,-0.54775035,-3.813171334243748e-09
-0.6071916890225298,-0.5937288,-0.5937288,1.9253539984553925e-08
-0.6101850496434222,-0.6173748,-0.6173748,2.2206115724010544e-08
-0.6039680698923382,-0.6084515,-0.6084515,1.4366149936329009e-08
-0.5639030892742418,-0.5868406,-0.5868406,-2.9577636673217e-08
-0.9751447868829785,-0.9909493,-0.9909493,2.6890563997739036e-08
-0.8924819820444921,-0.9240998,-0.92410004,2.3702911378098435e-07
-0.8128125378268981,-0.86038125,-0.86038125,4.386901841790802e-09
-0.7331430936093043,-0.794626,-0.794626,2.4566650935753387e-09
-0.662453731254387,-0.734697,-0.7346971,1.1570892333168104e-07
-0.5938366954831645,-0.6656879,-0.6656879,-1.8663024903275982e-08
-0.522456557600349,-0.59161043,-0.59161043,-1.6711425576687589e-09
-0.4561421069221205,-0.5209949,-0.520995,9.834289549370823e-08
-0.3914394658089878,-0.44069144,-0.44069144,-1.2975311380891696e-09
0.2880533951335551,0.2534822,0.2534822,-7.24525450745972e-09
0.1319381258285588,0.11525965,0.11525965,-2.6306152395294546e-09
-0.0172693881974553,-0.023096427,-0.023096457,2.9678565979796012e-08
-0.1648650926583736,-0.147666,-0.147666,-7.28034973973557e-09
-0.2818364153824712,-0.2532375,-0.2532375,1.4114379887075756e-08
-0.3718674925185384,-0.3457696,-0.3457695,-1.1398124694084188e-07
-0.4467015080408449,-0.4201453,-0.42014524,-6.301094057636902e-08
-0.503114842819199,-0.48979226,-0.48979232,6.245262146320485e-08
-0.52982482989793,-0.5327555,-0.5327555,5.88226323205987e-09
-0.7149526713746512,-0.77998817,-0.77998817,3.298950002061929e-10
-0.6670589014403752,-0.7162341,-0.7162341,1.2055969222934948e-08
-0.6200861655432965,-0.64671326,-0.64671326,3.1640624564843733e-09
-0.5744949807020144,-0.5781696,-0.5781696,1.5725707958047508e-08
-0.5305156054258282,-0.5183408,-0.5183408,-2.6034545852482438e-08
-0.4876875226961389,-0.45445117,-0.45445117,-3.5439300383188765e-09
-0.4448594399664496,-0.3922523,-0.3922523,3.790664671043942e-09
-0.4022616157460598,-0.35980913,-0.35980907,-6.043022154900157e-08
-0.3592032745070712,-0.346373,-0.34637293,-6.180030820424065e-08
-0.1220370099286844,-0.14707226,-0.14707226,4.388580332470582e-09
-0.1768385351419427,-0.21056345,-0.21056345,-1.051712023025786e-09
-0.2235810125297218,-0.26941487,-0.26941487,-1.9310760768220803e-09
-0.2659485782408123,-0.31712696,-0.31712702,6.043769834596091e-08
-0.3060135588589087,-0.35674396,-0.3567439,-6.157264709205634e-08
-0.3442364714026098,-0.39532617,-0.39532617,2.654952979685987e-09
-0.3806173158719158,-0.44004944,-0.44004944,3.3134461840944596e-10
-0.4172284188505211,-0.4575031,-0.4575031,-1.0170364383998987e-08
-0.4499251271710365,-0.47716662,-0.47716662,-2.8771209859002056e-09
-0.8570221716123838,-0.88982975,-0.88983,2.4517059327155977e-07
-0.7976154762131374,-0.8451452,-0.84514534,1.1447509762341213e-07
-0.7382087808138911,-0.7990495,-0.7990495,3.349304167343803e-09
-0.6804138949797405,-0.7473638,-0.7473638,-5.770874000887716e-09
-0.6251518527478835,-0.67843115,-0.67843115,-3.297424333581489e-09
-0.5659754158579364,-0.6080991,-0.6080991,-2.9739379847626424e-09
-0.5072594959865883,-0.55982625,-0.55982625,-4.8446655576128705e-09
-0.451306678226833,-0.48757538,-0.48757532,-6.199424745778614e-08
-0.3877553296601973,-0.40599075,-0.4059908,5.040245054654946e-08
0.7985365102503351,0.8416649,0.8416648,1.1031646729442457e-07
0.5917643688994698,0.6700835,0.6700835,2.2796630805288487e-08
0.3870645541322991,0.46304592,0.46304592,4.901962280534633e-09
0.1968710254509909,0.25335178,0.25335178,-2.2080230976939674e-09
0.0349992934135095,0.10364577,0.10364577,1.7418670672508796e-09
-0.0983203834708457,-0.03162211,-0.031622082,-2.9797332760927997e-08
-0.209995760481057,-0.117556155,-0.117556125,-2.9727935793588678e-08
-0.2968032184869325,-0.19588041,-0.19588041,-3.0554199170751417e-09
-0.3481508660606997,-0.2577976,-0.2577976,1.1611938632860586e-09
0.6838677726192316,0.6257627,0.6257627,1.0345458933969098e-09
0.4849244205845461,0.43536365,0.43536365,3.219604582938018e-10
0.2836784834568664,0.30905873,0.30905873,-4.166107181458045e-09
0.1077609823521213,0.17831692,0.17831692,9.957122903969662e-10
-0.0472029944063779,0.038211852,0.038211867,-1.4687911983890523e-08
-0.1793713787442361,-0.09205553,-0.09205553,6.439971889093954e-10
-0.2878231366242557,-0.18583691,-0.18583694,2.879852295523122e-08
-0.3849922275486044,-0.28089878,-0.28089872,-5.963066102010472e-08
-0.4317347049363836,-0.38908175,-0.3890817,-4.6339797998840027e-08
-0.644263309019734,-0.6471995,-0.6471995,-1.152801509807233e-08
-0.6210071995804942,-0.6098583,-0.6098583,2.55401610971262e-08
-0.5954485050482603,-0.5864929,-0.5864929,3.919982893840768e-09
-0.5671267084044335,-0.55979145,-0.55979145,4.2678832690157265e-09
-0.5337392245560199,-0.5303111,-0.5303111,-7.635498011637765e-09
-0.5003517407076061,-0.4999797,-0.49997965,-5.461845398180287e-08
-0.4648919302754978,-0.46938995,-0.46938995,4.7313690187955615e-09
-0.4250572081667008,-0.42514428,-0.42514423,-5.496360777623721e-08
-0.37509111164873,-0.37218758,-0.37218764,5.536140440520754e-08
1.2820793797790846,1.2620409,1.2620409,-4.649963369907084e-08
1.097872572339561,1.0366284,1.0366284,-3.448333729672015e-08
0.903304131981564,0.8765942,0.8765942,-1.4170837392413205e-08
0.7080449160956691,0.66100883,0.66100883,4.838867195822161e-09
0.5012727747448038,0.41379753,0.4137975,2.755165101619994e-08
0.2970334769962319,0.23197404,0.23197404,-4.498519889928332e-09
0.1238790780030796,0.07837427,0.07837425,1.6624450677182878e-08
-0.05411074968536,-0.040412024,-0.040412024,3.364791847926263e-10
-0.2028577466927754,-0.16293865,-0.16293857,-8.442276000497628e-08
-0.5540019733743675,-0.56403434,-0.56403434,-2.7658081380721455e-09
-0.5519296467906728,-0.54483116,-0.54483116,3.2693481255563484e-09
-0.5445613744930918,-0.523509,-0.523509,-2.5573730466632583e-08
-0.5249894012026425,-0.50285506,-0.50285506,-2.484741190578177e-09
-0.5042661353656961,-0.4647968,-0.4647968,-1.1342239369938056e-08
-0.4745627876660728,-0.43219694,-0.43219694,-4.952011134484735e-09
-0.4344978070479764,-0.41347942,-0.41347942,2.437515245201638e-09
-0.3948933434484789,-0.39599398,-0.39599404,6.221488951796417e-08
-0.3532165532652866,-0.3578497,-0.35784963,-5.733787539208279e-08
-0.2751589186127884,-0.285533,-0.285533,-1.0959625262874084e-08
-0.271474782463998,-0.31559297,-0.31559303,5.557563781399821e-08
-0.2631854761292194,-0.33454558,-0.33454552,-6.253288270530177e-08
-0.2592710814711296,-0.32604215,-0.3260421,-4.549064636094613e-08
-0.2620341835827224,-0.3030286,-0.3030286,-1.332893373451327e-08
-0.2677906463152075,-0.2823123,-0.28231236,5.6218490585013825e-08
-0.2772312451964831,-0.2735253,-0.27352542,1.2235824586870336e-07
-0.2945006333939385,-0.28186,-0.28186,6.065368651775316e-09
-0.3064740758775075,-0.29829285,-0.29829282,-2.5487594590423157e-08
-0.1487469970074153,-0.15043348,-0.15043348,-7.395934975562568e-10
-0.182134480855829,-0.17067268,-0.17067266,-2.4907913204197385e-08
-0.2129891211019492,-0.19526973,-0.19526973,-3.6673736547587765e-09
-0.2390083326527819,-0.21635425,-0.21635422,-3.090789793547266e-08
-0.2620341835827224,-0.23382276,-0.2338228,3.703384399145193e-08
-0.2832179664382676,-0.2544167,-0.25441676,5.582214357424675e-08
-0.2981847695427289,-0.296885,-0.29688495,-6.358032228481747e-08
-0.3083161439519027,-0.3405424,-0.34054235,-5.584373474754045e-08
-0.313612089665789,-0.35827276,-0.35827276,-1.1064910654390303e-09
0.4089391125157425,0.34318763,0.34318766,-2.982345581603596e-08
0.3417036278003164,0.23635769,0.23635769,-1.0961914154172803e-09
0.2682511633338064,0.14393575,0.14393575,4.895210264921346e-09
0.1899632701720087,0.047468156,0.047468185,-2.937751770321073e-08
0.1063794312963249,-0.03410235,-0.03410235,-4.734039341092178e-10
0.0172693881974553,-0.100373775,-0.100373775,2.330780013437561e-10
-0.0778273761431987,-0.16302305,-0.16302302,-3.459976197217607e-08
-0.1793713787442361,-0.23037767,-0.23037767,-4.102783196513471e-09
-0.2843692589847647,-0.3003991,-0.30039915,5.517997742066072e-08
0.4338070315200782,0.38099378,0.38099378,3.473968501754854e-09
0.3647294787302569,0.3173762,0.3173762,-3.6155700655626788e-09
0.291967789791645,0.25873315,0.25873315,3.343200660754775e-09
0.2182850668158355,0.21027157,0.21027158,-1.2893753065235103e-08
0.1432207927842296,0.14302684,0.14302686,-1.6332969671184472e-08
0.0667749676968273,0.081795916,0.081795916,-3.873443232826901e-11
-0.0117431839742696,-0.0008299053,-0.0008299053,2.8469848657383667e-11
-0.0923336622290612,-0.09955686,-0.09955689,2.669204711425177e-08
-0.1752267255768469,-0.19108754,-0.19108754,-3.964385986154895e-09
-0.2553566868130397,-0.18915537,-0.18915537,2.9754532171466508e-12
-0.3069345928961063,-0.22462067,-0.22462067,-8.018494201955662e-11
-0.3430851788561128,-0.26308942,-0.26308942,1.5887451354501536e-09
-0.3670320638232509,-0.2890849,-0.28908494,2.8653564465574988e-08
-0.3815383499091134,-0.31644842,-0.31644836,-6.02861786047626e-08
-0.3838409350021074,-0.33402148,-0.3340216,1.211086272934203e-07
-0.3790055063068199,-0.32462218,-0.32462218,-4.0381622490315294e-09
-0.3665715468046521,-0.32246163,-0.32246163,-4.8743438729736965e-09
-0.3453877639491068,-0.33163908,-0.33163908,-1.2397003423814112e-09
-0.8015298708712274,-0.80133104,-0.80133104,-3.2434082086751914e-09
-0.7750501423017959,-0.7204273,-0.7204273,2.5296020500498173e-08
-0.7561689445392448,-0.6716883,-0.6716883,-1.8252563460663396e-08
-0.7299194744791125,-0.6312361,-0.6312361,2.364501949791986e-08
-0.7068936235491721,-0.6417388,-0.6417388,2.760772710441728e-08
-0.6873216502587227,-0.654174,-0.65417385,-1.2022247319887214e-07
-0.658999853614896,-0.65533495,-0.65533507,1.205065918163939e-07
-0.6240005602013865,-0.64611197,-0.64611197,4.8205566205439254e-09
-0.5735739466648168,-0.604133,-0.604133,-9.9105834650004e-09
0.3023294227101182,0.27721515,0.27721515,2.9788970734578868e-09
0.3446969884212086,0.32253003,0.32253003,1.2042236097187242e-09
0.3948933434484789,0.3780204,0.3780204,5.769348165873822e-09
0.4630498622011026,0.4577589,0.4577589,3.5034179446391533e-09
0.5091015640609835,0.45788074,0.45788074,-4.602661141106523e-09
0.5277525033142353,0.6437142,0.6437142,-1.0470581068844353e-08
0.4851546790938454,0.8648275,0.86482763,-1.1630523677474969e-07
0.3649597372395562,0.69102955,0.69102955,-1.3549804611656668e-09
0.1406879491819362,0.04865183,0.04865183,-6.380844116971041e-10
-0.4115837891163416,-0.42858842,-0.42858848,5.984733580932655e-08
-0.2990801174041502,-0.27660275,-0.27660272,-2.5056152319624658e-08
-0.2030958560104317,-0.15209675,-0.15209669,-5.8352050774646e-08
-0.124430078378177,-0.09576011,-0.09576014,3.295959472016108e-08
-0.059750004405774,-0.10685095,-0.10685098,2.8089981077283888e-08
-0.0040080213975388,-0.1226508,-0.1226508,-2.135467525032908e-09
0.0407579924721678,-0.105166376,-0.105166405,2.9362945561106635e-08
0.0728786454125724,-0.056656867,-0.056656867,-2.657012942997028e-10
0.0921232888758058,0.021484077,0.021484047,2.9976776123874505e-08
-0.4024918742553592,-0.40537634,-0.40537634,-4.9192047102408765e-09
-0.2859810685498605,-0.32417187,-0.32417175,-1.2094688417452204e-07
-0.163944058621176,-0.26936615,-0.26936615,4.866027858430044e-09
-0.0373018785065035,-0.25459826,-0.2545982,-5.99258422884219e-08
0.0672354847154261,-0.26094046,-0.2609404,-6.235084532013602e-08
0.1452931193679243,-0.17545828,-0.17545828,-2.2322845516509204e-09
0.1655558681862719,-0.06489205,-0.06489205,-3.6041259698915695e-09
0.1245698535309779,-0.06824458,-0.068244606,2.9545837401667718e-08
0.0029933606208922,-0.10104036,-0.10104039,2.6688232415694735e-08
-0.6360109891891362,-0.6482458,-0.6482458,-1.1462402360606916e-08
-0.4938046394316878,-0.5721507,-0.5721507,-7.2448730348284585e-09
-0.34488754622256,-0.4894795,-0.48947945,-6.197624208281738e-08
-0.2164162305647832,-0.4079344,-0.4079344,2.5409698234390987e-09
-0.1107081219844215,-0.36594948,-0.36594954,5.827430726856875e-08
-0.0264466500149835,-0.29255086,-0.29255086,-1.8354797126640676e-09
0.0392207131532813,-0.21782786,-0.21782789,3.3459320064599396e-08
0.0834216081390723,-0.12365034,-0.12365037,2.7773971553179955e-08
0.1115413747329075,-0.009076238,-0.009076238,3.2147216832978387e-10
0.7847209996923709,0.7914908,0.7914908,-6.771850635800547e-09
0.8991594788141749,0.96987224,0.96987224,-3.748168997397272e-09
1.0354725163194225,1.0867589,1.0867589,-4.799499508933991e-08
1.194120629226712,1.1757436,1.1757436,-2.0135498157713982e-08
1.3764853685918406,1.1493934,1.1493934,3.92929078163462e-08
1.5662183802545502,1.0701878,1.0701878,7.083129860419035e-09
1.7223336495595465,0.7932166,0.7932166,-1.3887023975200918e-08
1.5547054547895798,0.3160072,0.3160072,-3.096771228339179e-09
0.9440598881275588,0.007260084,0.007260084,1.5222167970563305e-10
-0.8683048385680547,-0.8757912,-0.8757912,7.94525145675351e-09
-0.8567919131030844,-0.8513688,-0.8513688,1.5095520056185308e-08
-0.8508051918613,-0.81433356,-0.81433356,1.917419445440771e-09
-0.8277793409313595,-0.7740611,-0.7740611,1.6206359809700643e-08
-0.8061350410572156,-0.7150569,-0.7150568,-9.620971674895173e-08
-0.7646885093833227,-0.6691147,-0.6691146,-1.0890045165634632e-07
-0.7064331065305733,-0.58028924,-0.58028936,1.1534820554270908e-07
-0.6309083154803686,-0.4328492,-0.4328492,1.4202117815109716e-09
-0.3912092072996884,-0.2824504,-0.28245035,-5.7743453962810776e-08
2.2481183474801427,2.064694,2.064694,-7.223510722909054e-08
1.917319592198596,1.7142802,1.7142804,-1.5231170658047688e-07
1.6285344081250888,1.4181601,1.4181601,-1.9090270919619456e-08
1.36555579597049,1.1604228,1.1604227,1.0197143551771148e-07
1.1268433490089356,0.8717947,0.8717947,6.225585602592787e-10
0.9070077782752384,0.5859494,0.5859494,2.092895512451065e-08
0.7118217208247538,0.33434868,0.33434868,-1.411132821704797e-09
0.5094046146105436,0.18480726,0.18480726,-4.135856629394752e-09
0.3257723391989158,0.11716452,0.11716454,-1.7590560910663022e-08
2.1787663792233154,2.1096606,2.1096606,2.545776345286299e-08
1.8751657445295555,1.704953,1.704953,-4.475402826109587e-08
1.6265703111744012,1.418928,1.418928,2.71530151696453e-08
1.4184468841362994,1.1621864,1.1621864,-1.5798950148138147e-08
1.2349480786252562,0.85369456,0.85369456,-1.8563842685281884e-09
1.063088732599063,0.6044965,0.6044965,-2.096557616404482e-08
0.8857078053963613,0.34073335,0.34073335,-6.76727285320311e-10
0.6911451778892722,0.18378513,0.18378513,-4.386787405552539e-09
0.4713152686705316,0.11478715,0.11478716,-1.3550910948900707e-08
0.4245485225844309,1.8337648,1.8337648,-8.51135251167534e-09
1.7699738771561326,1.6577306,1.6577306,-2.062377935097004e-08
1.5514909524792506,1.3899726,1.3899728,-2.3244171143410597e-07
1.3489039719013316,1.176732,1.176732,-5.5915832408715005e-08
1.1470849421188876,0.9459255,0.9459255,-2.5833129857488757e-08
0.9613788136900804,0.6920147,0.6920147,-5.7861327951158614e-09
0.7723741710112476,0.4716129,0.4716129,4.9552917325002e-10
0.5923318753211291,0.28220475,0.28220475,-2.799987797175163e-09
0.2679639415856772,0.11179484,0.11179484,-3.1808281009126915e-09
0.3799265403440175,0.39811367,0.3981137,-3.203506471205486e-08
0.2353241965039915,0.14294429,0.14294428,1.1234016411565406e-08
0.0817417708012886,-0.041565374,-0.041565374,4.600753805705793e-10
-0.0902613356453665,-0.2262145,-0.22621447,-2.8281478881009292e-08
-0.2813758983638724,-0.3875979,-0.38759795,6.1291885400383e-08
-0.4602867600895097,-0.5408226,-0.5408226,-2.5160217242969907e-08
-0.6481777036778239,-0.68941724,-0.6894171,-1.4300384520993248e-07
-0.8533380354635933,-0.846102,-0.8461021,1.0071716305404266e-07
-1.066557415074842,-1.0008225,-1.0008225,-4.409790044235251e-08
-0.9882695219130444,-1.1547914,-1.1547915,1.4486694333015748e-07
-0.9037646490001632,-1.115029,-1.115029,2.260589604397012e-08
-0.8169571909942875,-1.0681697,-1.0681698,8.69796752400731e-08
-0.7361364542301965,-1.0245223,-1.0245225,1.95465087893254e-07
-0.6714338131170638,-0.9649626,-0.9649625,-1.0166168218361804e-07
-0.595909022066859,-0.898427,-0.898427,-9.582519555628721e-09
-0.5300550884072294,-0.8163955,-0.8163955,-2.116394037798841e-08
-0.4715694270451806,-0.7051439,-0.7051439,-2.8527831985591945e-08
-0.4202217794714133,-0.56940436,-0.56940436,-3.6322020946499833e-09
-0.5289037958607323,-0.5346674,-0.5346674,2.729644776877649e-08
-0.5378838777234092,-0.5661181,-0.5661181,-2.1147155804257523e-08
-0.5378838777234092,-0.5825449,-0.5825449,-2.2828674284269823e-08
-0.5378838777234092,-0.61649346,-0.61649334,-1.235162353507846e-07
-0.5293643128793312,-0.6238948,-0.6238947,-1.1067657468277758e-07
-0.5125554417004746,-0.6220095,-0.6220095,-1.576232910860398e-08
-0.4895295907705342,-0.619586,-0.6195861,1.0909423830973708e-07
-0.4605170185988092,-0.5778841,-0.5778841,2.1974182140560572e-08
-0.4225243645644074,-0.5108037,-0.5108037,5.065917685342924e-10
-0.0094405988812755,0.2237768,0.2237768,2.42061615196576e-09
0.0782878931617975,0.3395309,0.3395309,-1.4780426049743056e-08
0.1731543989931522,0.43996727,0.43996727,4.665832498140787e-09
0.2751589186127884,0.52810407,0.528104,6.684875486495656e-08
0.3757818871766283,0.6025281,0.6025281,-4.754638682769041e-09
0.4798587333799591,0.7094302,0.7094301,1.1774291996946573e-07
0.5814027359809966,0.8394611,0.8394611,-1.1819457967909841e-08
0.6804138949797405,0.91002893,0.91002893,4.478759807469146e-09
0.7966944421759399,0.9693514,0.9693514,1.0865783717228794e-08
2.8754682641309643,2.8574471,2.8574474,-2.526306150940627e-07
2.695866626877429,2.692789,2.6927886,4.777587889748247e-07
2.509126975835612,2.5321646,2.5321648,-2.2633056628862391e-07
2.3274530119983816,2.3673074,2.3673077,-2.75454711928802e-07
2.137720000335672,2.2101557,2.2101555,2.2547912603698705e-07
1.9519013833310528,2.0544996,2.0544996,2.6159667765313088e-08
1.7709181950217208,1.8729724,1.8729724,-3.080596933102697e-08
1.5984545715564669,1.682386,1.682386,4.0687561098096126e-08
1.4335894788980932,1.4990846,1.4990846,-8.134460438569135e-09
-0.8839624172004142,-0.9000212,-0.9000212,4.5883178367844835e-09
-0.7508729988253584,-0.73389053,-0.73389053,-3.4472655841000233e-09
-0.6000536752342484,-0.5688752,-0.5688752,6.404113794822308e-09
-0.4414055623269586,-0.3499861,-0.3499861,-6.1573028342643e-09
-0.2539751357572432,-0.15692624,-0.15692624,-4.4972991997127565e-09
-0.0552620422318571,0.040794834,0.04079482,1.4494590756808368e-08
0.172463623465254,0.28573993,0.28573993,-1.5160369626343595e-09
0.4216033305272098,0.4927397,0.4927397,7.231521603756619e-09
0.6804138949797405,0.7215159,0.7215159,-6.063842761250271e-09
0.451306678226833,0.57454985,0.57454985,3.801727266328214e-09
0.4782469238148633,0.63061154,0.6306116,-6.111297612410027e-08
0.503114842819199,0.7006657,0.7006657,1.2356567435922727e-08
0.5466337010767865,0.7594718,0.7594718,-2.5898742705976474e-08
0.5940669539924639,0.83037305,0.8303729,1.4878234866344542e-07
0.6449540845476323,0.9073212,0.9073212,1.4675903270422452e-08
0.6988345757236929,0.9563348,0.9563347,1.293304443539256e-07
0.7547873934834483,0.98204947,0.98204935,1.1517944331629337e-07
0.82754908242206,1.0068805,1.0068805,2.1774291925069633e-08
0.8293911504964554,0.81219935,0.81219935,4.17175294309402e-09
0.8303121845336529,0.8274491,0.8274492,-1.1667175292551235e-07
0.8303121845336529,0.8620707,0.8620707,-2.0335388151160316e-08
0.8344568377010423,0.8799368,0.8799368,1.4308166540466516e-08
0.8445882121102161,0.9188298,0.9188298,-1.3015747368783082e-09
0.8572524301216833,0.9776001,0.9776001,-2.3437499718781396e-09
0.8685350970773541,1.0306891,1.0306891,2.029266354952597e-08
0.8784362129772285,1.0591878,1.0591878,-3.011016835863245e-08
0.8922517235351928,1.0457969,1.045797,-1.2881469735326334e-07
0.0373018785065035,0.0006379485,0.0006379336,1.49130310058386e-08
0.0911823696825642,0.025139302,0.025139317,-1.498469543587122e-08
0.1425300172563314,0.077536024,0.07753601,1.4153232572033936e-08
0.2240415295483206,0.13695833,0.13695833,8.696746933711808e-10
0.3000268376171242,0.19971946,0.19971946,-1.1815643186086078e-09
0.4130837656831318,0.2878222,0.2878222,-1.3053131076024016e-08
0.5143975097748699,0.42081785,0.42081785,2.020263678570444e-09
0.6467961526220275,0.5662379,0.5662379,2.648315433617654e-08
0.7725172986995025,0.69179773,0.69179773,3.306884766018925e-09
-0.7895564283876583,-0.7924293,-0.7924293,-2.7964782711720204e-08
-0.6725851056635609,-0.6206478,-0.62064767,-1.1804779054269687e-07
-0.5397259457978043,-0.45183805,-0.45183805,3.687667837759534e-09
-0.393281533883383,-0.27228436,-0.2722844,4.1260147076727094e-08
-0.2235810125297218,-0.059149146,-0.059149176,2.991998290791109e-08
-0.0290125721717249,0.13095358,0.13095358,1.4106749102182903e-10
0.180983188309332,0.3323534,0.3323534,1.3105010965297481e-08
0.4183797113970181,0.52743256,0.52743256,9.207152817936048e-10
0.6882426842959203,0.7226709,0.7226709,1.2742614741156899e-08
-0.5855473891483859,-0.5501064,-0.5501064,-6.2118530319565934e-09
-0.4869967471682407,-0.46256045,-0.4625604,-4.5070266740943055e-08
-0.3771634382324247,-0.35332915,-0.3533291,-5.186882018337613e-08
-0.2431529858201712,-0.18083102,-0.18083102,4.8899841398331034e-09
-0.0962480568871511,-0.031549335,-0.031549335,4.73937986078532e-10
0.0607882464550428,0.1457668,0.1457668,-5.31845092965888e-09
0.2578895304153331,0.35120276,0.35120276,-3.833541872833024e-09
0.4941347609565222,0.55380833,0.5538084,-6.851043699018788e-08
0.7112685352258608,0.7626778,0.7626778,-1.1265563926166067e-08
1.0819847351979022,1.0492007,1.0492004,2.5402984626943237e-07
1.0502090609145844,1.0337048,1.0337048,-4.230957029172089e-08
1.0241898493637516,1.0303534,1.0303535,-7.306671134799103e-08
1.007380978184895,1.0555059,1.0555059,-2.8227233883626468e-08
0.9965588282478232,1.0813388,1.0813386,1.632369994730709e-07
0.989190555950242,1.0962592,1.0962592,3.6335754405314447e-08
0.9776776304852718,1.0992048,1.0992048,-2.1328735444470226e-08
0.9661647050203016,1.0989857,1.0989857,-2.800292975280172e-08
0.9403757519787684,1.0766866,1.0766865,1.2071228017163094e-07
-0.405254976366952,-0.39332446,-0.39332446,-4.559555066840915e-09
-0.3189080353796754,-0.29230502,-0.29230496,-6.247810363513295e-08
-0.2245020465669195,-0.15928012,-0.15928009,-3.1326446520152373e-08
-0.1169713227240975,0.0008173287,0.0008173287,-8.517456054693562e-12
0.0138155105579642,0.12150574,0.12150572,1.730468750238412e-08
0.1595691469444873,0.2937047,0.2937047,-1.1450958237180231e-08
0.3334143214655379,0.46440083,0.46440083,-2.1153259144313097e-09
0.5323576735002233,0.6191914,0.6191914,8.157348685422505e-09
0.7405113659068852,0.81768453,0.81768453,1.2118530623439483e-09
1.201258643014994,1.3254285,1.3254286,-1.1412963862866832e-07
1.148299185876131,1.3086355,1.3086356,-1.26748657125475e-07
1.108694722276633,1.2802262,1.2802262,3.062133790976418e-08
1.0672481906027402,1.2617798,1.2617797,8.515625005145466e-08
1.0324791556985302,1.2582989,1.2582989,-2.609863281044511e-08
0.9990916718501164,1.2366154,1.2366154,1.9387817351557146e-08
0.9703093581876908,1.1968542,1.1968542,3.37417602747081e-08
0.9442901466368584,1.1601886,1.1601887,-1.4428253169995742e-07
0.9302443775695944,1.1138941,1.1138941,4.957580568287767e-09
-0.5263709522584389,-0.47254375,-0.4725437,-4.623298643924301e-08
-0.442787113382755,-0.35511473,-0.35511473,1.787643422179741e-09
-0.313612089665789,-0.20285144,-0.20285144,-4.482803350747133e-09
-0.1740754330303498,-0.037846327,-0.037846327,1.71997069364771e-10
-0.0195719732904493,0.15255465,0.15255465,-3.865623487975256e-09
0.1542732012306011,0.3220837,0.3220837,1.162414553501634e-08
0.3440062128933104,0.45042604,0.45042604,2.0799255096015656e-09
0.5415680138721995,0.5940721,0.5940721,3.500366219100215e-09
0.7481098967137656,0.81568444,0.8156843,1.377517699907571e-07
1.185370805873335,1.2016252,1.2016253,-7.207183827517838e-08
1.139319104013454,1.1668518,1.1668518,-4.104309092589631e-08
1.0902740415326806,1.1683991,1.1683991,-4.464721703456576e-09
1.0377751014124164,1.1601874,1.1601874,-3.637542733692101e-08
0.9820525421619606,1.1078268,1.1078268,2.8956604003482767e-08
0.9221853297441156,1.040951,1.040951,1.3565063516907117e-08
0.8579432056495815,0.99849606,0.99849606,-4.396972674847177e-09
0.7881748773318619,0.9161954,0.9161954,-7.391357415009736e-09
0.7114987937351602,0.77891445,0.77891445,1.5991210577936954e-09
-0.0686170357712225,-0.015932798,-0.015932798,-3.8562011570042465e-10
-0.0002302585092994,0.08702777,0.08702777,3.261070247173592e-09
0.052959457138863,0.17075618,0.17075618,-3.8859176709760135e-09
0.1340104524122534,0.28308702,0.28308702,-4.848022483461278e-09
0.2390083326527819,0.37607032,0.37607032,6.062316759702924e-10
0.3633479276744604,0.49635655,0.49635652,2.6878814674002882e-08
0.5070292374772889,0.594651,0.59465104,-5.618957521491552e-08
0.6762692418123514,0.7420089,0.74200904,-1.1551574707890921e-07
0.8478118312404077,0.85553265,0.85553265,-3.820800786868972e-09
0.8185690005593833,0.8166841,0.81668425,-1.231460571293752e-07
0.7955431496294428,0.77199686,0.77199686,-4.264221198369e-09
0.7699844550972089,0.7352201,0.7352201,-2.5346374554757745e-08
0.7428139509998792,0.7099117,0.7099117,4.063415492971956e-09
0.7140316373374536,0.68862045,0.68862045,-1.8875122576034187e-09
0.6838677726192316,0.671605,0.67160505,-5.904083255625636e-08
0.6516315813173149,0.6481528,0.6481528,2.8216552760973457e-08
0.6175533219410031,0.6075056,0.60750556,5.9525909423818746e-08
0.5807119604530984,0.5696063,0.5696063,4.168701162043931e-09
1.298197475430043,1.3116858,1.3116857,1.0055236820960545e-07
1.2353369023913057,1.2412916,1.2412916,4.218902582842077e-08
1.166259349601484,1.1779417,1.1779417,-2.0045471282870153e-08
1.0939581776814713,1.1466514,1.1466514,-1.2785339453813549e-08
1.0117558898615835,1.0501124,1.0501122,1.6667633051525854e-07
0.9231063637813128,0.97694874,0.97694874,-1.901855450903156e-09
0.8259372728569643,0.89744437,0.89744425,1.1740875238697157e-07
0.7151829298839506,0.767297,0.767297,2.9495239250998395e-08
0.5933761784645656,0.58008695,0.58008695,-3.512573232278271e-09
-0.5535414563557687,-0.396234,-0.396234,-5.689620996562894e-09
-0.3559796553768795,-0.14176771,-0.14176771,-4.473114101344322e-10
-0.1685492288071641,0.031807825,0.031807855,-3.003070831592014e-08
0.0147365445951618,0.21622105,0.21622105,-5.720138529508034e-10
0.1892724946441105,0.39058426,0.3905843,-3.977470397487082e-08
0.3615058596000652,0.55109996,0.55109996,-3.964386041666046e-09
0.5047266523842949,0.6902746,0.6902746,-3.785705526837546e-09
0.6389673633058478,0.8063545,0.8063545,2.2705078150941915e-08
0.7667608359670173,0.93127334,0.93127346,-1.188211059544031e-07
0.5786396338694038,0.57726216,0.57726216,3.1622314766721615e-09
0.6025865188365418,0.5849062,0.5849062,2.0436096148657157e-08
0.6408094313802429,0.6053258,0.60532576,5.806182856726849e-08
0.6838677726192316,0.6199565,0.6199565,-6.62231447456918e-09
0.7319918010628073,0.6380066,0.6380066,2.7559661885945275e-08
0.784260482673772,0.674656,0.674656,-2.608871463305462e-08
0.8346870962103417,0.76039195,0.76039195,6.07299766031133e-10
0.9127447308628396,0.8369266,0.8369266,-2.052459713297594e-08
0.9302443775695944,0.903512,0.9035121,-9.896240238393972e-08
-0.7722870401902029,-0.8417295,-0.8417295,-2.1751403789238566e-08
-0.7722870401902029,-0.8054757,-0.80547583,1.1817749023812496e-07
-0.7690634210600114,-0.7807704,-0.7807703,-1.2102813717884686e-07
-0.7577807541043405,-0.75179076,-0.7517909,1.380523682037449e-07
-0.7386692978324899,-0.7232493,-0.7232493,-1.6215515152850912e-08
-0.7126500862816572,-0.6761179,-0.676118,1.0296630859052414e-07
-0.6801836364704411,-0.63850474,-0.63850474,-3.5760497896220045e-09
-0.64196072392674,-0.60969067,-0.60969067,3.801269521375161e-09
-0.5982116071598531,-0.59674656,-0.5967467,1.3608856197500074e-07
-0.0787484101803963,0.49235275,0.49235278,-2.6122360219371643e-08
-0.0241771434764374,0.9127797,0.9127797,-1.1164855928669226e-08
0.0276310211159285,1.2688181,1.2688184,-2.5997009278633243e-07
0.0766760835967017,1.5679407,1.5679406,1.119750976386058e-07
0.1238790780030796,1.6214554,1.6214554,3.098449696814498e-08
0.1697005213536611,1.5111821,1.5111822,-1.3022155753716902e-07
0.2141404136484462,1.3449697,1.3449697,4.9450683548002417e-08
0.2578895304153331,0.8883815,0.8883815,-1.882934574926054e-08
0.3011781301636212,0.56464696,0.5646469,5.930480961868767e-08
0.221969202964626,0.1856442,0.1856442,-5.516242990166731e-09
0.1848975829674218,0.15928966,0.15928966,-1.9303894038813496e-09
0.1607204394909844,0.13495651,0.13495651,-1.1251068132711595e-09
0.153121908684104,0.111912124,0.11191214,-1.614107131286957e-08
0.1563455278142957,0.104616776,0.10461676,1.6108741757170364e-08
0.1699307798629606,0.12382118,0.12382118,-3.4114646940697213e-09
0.1872001680604159,0.15456665,0.15456665,-4.37774658190726e-09
0.2129891211019492,0.1819768,0.18197681,-1.4803466785728858e-08
0.2383175571248837,0.21834837,0.21834837,-9.97657789714168e-10
2.914842469221163,2.827473,2.8274732,-2.748138427932645e-07
2.607447359306457,2.441278,2.441278,-1.9195556699713734e-08
2.271269935729327,2.061904,2.0619037,2.535522463098516e-07
1.955355260970544,1.7084333,1.7084333,-2.9545593305257967e-08
1.6523350627325273,1.505693,1.505693,-4.116821283872696e-08
1.3661237356733675,1.3698336,1.3698336,-1.1399841293169288e-08
1.0997146404139564,1.1694493,1.1694493,2.9376220789245622e-08
0.849653899314803,0.90079975,0.90079975,1.281738271075028e-09
0.6210071995804942,0.6287353,0.62873524,6.387878415115011e-08
0.1740754330303498,0.95813215,0.95813215,-2.210998495399963e-09
0.1987130935253861,1.3119773,1.3119773,-3.273468007769509e-08
0.2217389444553266,1.4126483,1.4126484,-7.980194083323511e-08
0.2431529858201712,1.4297003,1.4297004,-1.4460601804877626e-07
0.2627249591106206,1.3467088,1.3467089,-1.254333497069382e-07
0.281145639854573,1.188209,1.1882092,-1.4314575191853862e-07
0.2979545110334295,0.9305781,0.93057823,-1.1739776606400909e-07
0.3138423481750885,0.69172156,0.69172156,-1.4291381411624116e-09
0.3290394097888491,0.5024594,0.5024594,6.8527221674941075e-09
-0.090491594154666,-0.077398956,-0.077398956,1.7800903806541868e-10
-0.0402952391273958,-0.013298243,-0.013298243,-2.8422546434481166e-10
0.0124339595021678,0.032474443,0.03247446,-1.668354034090047e-08
0.0672354847154261,0.08567523,0.08567523,2.1124076793332947e-09
0.1248001120402772,0.10618488,0.10618488,-2.544765467793475e-09
0.1839765489302242,0.13106017,0.13106017,-1.8529129064415173e-09
0.2447647953852671,0.19283359,0.19283359,-2.4727249137157514e-09
0.3055530418403099,0.25933012,0.25933012,3.6629486110939524e-09
0.3654202542581551,0.3264515,0.3264515,1.0190963739553638e-08
-0.0513476475737672,-0.012076572,-0.012076572,4.162521369255323e-10
0.0103616329184732,0.11487073,0.11487073,-2.9377746624259515e-09
0.0649328996224321,0.17935184,0.17935185,-1.3557052619406207e-08
0.1162805471961993,0.17460889,0.17460889,-3.758087147032185e-09
0.1657861266955713,0.17721917,0.17721915,1.7351722725322816e-08
0.2070023998601647,0.15778998,0.15778998,-4.595260616468977e-09
0.2429227273108718,0.17284736,0.17284735,1.037254332425519e-08
0.2776917622150819,0.21752846,0.21752846,2.409973137718069e-09
0.3138423481750885,0.27942476,0.27942476,-3.234634393667335e-09
0.4204520379807128,0.3850562,0.38505623,-3.2356719970039194e-08
0.435418841085174,0.38513267,0.38513267,4.02526845189044e-10
0.451306678226833,0.36864403,0.368644,2.8902053805790473e-08
0.4692668419521866,0.34398678,0.3439868,-2.0548629742211943e-08
0.4856151961124443,0.32097802,0.320978,1.5661239638475877e-08
0.503114842819199,0.3135813,0.3135813,-1.2139129645927227e-08
0.5231473331282472,0.3434325,0.3434325,-1.3942718479764693e-08
0.5378838777234092,0.40517572,0.40517572,-4.315109269903417e-09
0.541798272381499,0.49090102,0.49090105,-2.6850509649012366e-08
0.7474191211858673,0.6543373,0.6543373,-1.30508422957476e-08
0.7179460319955435,0.5989022,0.5989022,2.5494384714441765e-08
0.6857098406936268,0.52578604,0.52578604,2.213439986853416e-09
0.6511710642987162,0.4250734,0.4250734,-1.4761352529202298e-08
0.6145599613201109,0.32809645,0.32809645,-6.248473960468459e-10
0.5751857562299126,0.29109877,0.29109877,3.479461663236094e-09
0.533278707537421,0.29791027,0.29791027,3.075103782723687e-09
0.4879177812054383,0.33350277,0.33350277,-5.297851601859804e-10
0.4374911676688687,0.35725537,0.35725537,-5.751800702391563e-10
0.7983062517410358,0.81370306,0.81370306,1.501464508280037e-10
0.7543268764648494,0.7901697,0.7901697,1.5881347681379054e-08
0.7075843990770704,0.7853743,0.7853743,-1.6209411590750733e-08
0.6576183025590996,0.7923796,0.7923796,1.76910400773167e-08
0.604428586910937,0.76467705,0.76467705,-2.2705077817875008e-09
0.5473244766046848,0.7149575,0.7149576,-1.243377685256064e-07
0.4858454546217436,0.6231406,0.6231406,-2.6498413130404685e-08
0.4190704869249163,0.4692895,0.46928954,-2.855781555677339e-08
0.3453877639491068,0.3494115,0.34941152,-3.242065427233598e-08
1.289217393567366,1.3148625,1.3148626,-1.1029968272069368e-07
1.2157649291008563,1.2426239,1.242624,-7.479095454065998e-08
1.1358652263739628,1.165365,1.165365,-1.930236814828845e-08
1.048366992840189,1.07935,1.07935,-5.340576203494152e-09
0.9525794529716368,1.0070148,1.0070149,-1.485656737632013e-07
0.8452789876381142,0.92533195,0.92533195,1.8768309129058025e-10
0.7246235287652262,0.7962673,0.7962673,-2.895812989400781e-08
0.5873894572227811,0.5981585,0.5981585,-2.126312259598251e-08
0.4220638475458086,0.37474895,0.37474898,-3.4763793954617483e-08
0.2873626196056569,0.3062636,0.30626357,2.58194732816186e-08
0.2961124429590342,0.3146008,0.31460083,-3.449256896770336e-08
0.3039412322752141,0.3282023,0.3282023,7.224273679273807e-09
0.3110792460634956,0.34975666,0.34975666,-1.9227600067672768e-09
0.3177567428331783,0.363105,0.36310503,-3.0934600825371916e-08
0.3239737225842622,0.35662603,0.35662603,3.782959001608077e-09
0.3297301853167473,0.32593423,0.32593426,-2.871871945808735e-08
0.3350261310306336,0.3299278,0.3299278,2.08587647154701e-09
0.3391707841980229,0.34399265,0.34399265,5.088806043218597e-10
0.0773668591245999,0.25549722,0.25549722,-2.821655298301806e-09
0.2880533951335551,0.4399345,0.4399345,-7.888793951416062e-09
0.4043339423297544,0.48048064,0.48048064,1.1266326760406287e-09
0.4559118484128211,0.4733711,0.4733711,-1.1495208729339623e-08
0.4605170185988092,0.43864733,0.43864733,-1.9271850781876765e-10
0.4384122017060664,0.38279316,0.38279316,-1.7072296354392336e-09
0.4112416976087366,0.355169,0.355169,-1.7585754519267027e-09
0.3912092072996884,0.37781042,0.37781042,-1.3941955367968717e-09
0.3718674925185384,0.38045073,0.38045073,-4.444580092854977e-09
-0.1602599224723855,-0.13420233,-0.13420239,5.8695449833834346e-08
-0.2859810685498605,-0.22575223,-0.2257522,-3.4458923353630766e-08
-0.3762424041952271,-0.290009,-0.29000902,2.8043289190815557e-08
-0.4508461612082342,-0.33711842,-0.33711842,2.9753875474547442e-09
-0.4998912236890073,-0.3795438,-0.37954387,5.891716003958436e-08
-0.5355812926304151,-0.42738613,-0.42738625,1.1513710024280144e-07
-0.5551532659208644,-0.45975026,-0.45975026,-4.88304136014861e-09
-0.5540019733743675,-0.48381886,-0.4838188,-5.886192322446249e-08
-0.5328181905188222,-0.48641345,-0.48641357,1.2095100404563297e-07
0.3292696682981485,0.34170437,0.34170437,-1.408691385762495e-09
0.1376945885610439,0.1917738,0.1917738,2.042007452018879e-09
-0.0280915381345273,0.057384923,0.05738491,1.3100471499272182e-08
-0.1577270788700921,-0.051159516,-0.051159516,2.3094179346649923e-11
-0.2652578027129141,-0.17652899,-0.17652899,-2.6870727865002664e-10
-0.3545981043210831,-0.2801387,-0.2801387,-1.2004852112390552e-09
-0.4289716028247907,-0.35280308,-0.35280308,-1.2740326016391634e-09
-0.4787074408334621,-0.4177033,-0.41770336,5.9285507225670386e-08
-0.499660965179708,-0.46621528,-0.46621528,-2.678604116290728e-09
0.2700932314082016,0.31945887,0.31945887,2.079849237279774e-09
0.0400649806180963,0.16283645,0.16283643,1.7358131404465738e-08
-0.1222672684379838,0.029832676,0.029832676,5.304718123100294e-11
-0.2523633261921474,-0.10658431,-0.10658431,-5.316162093871313e-10
-0.3529862947559872,-0.20854717,-0.2085472,2.5069427478374706e-08
-0.4241361741295033,-0.28668055,-0.28668055,6.168365263015119e-10
-0.4833126110194502,-0.38014582,-0.38014588,6.200492858043916e-08
-0.5155488023213668,-0.4361038,-0.43610373,-6.099845883955624e-08
-0.5162395778492651,-0.47332558,-0.47332558,-3.5850522550617825e-10
0.5558440414487626,0.6915575,0.6915575,2.6588439894226212e-08
0.28229693240107,0.45788643,0.45788646,-3.235908507814855e-08
0.0798997027268934,0.24273838,0.24273837,1.1028175345151325e-08
-0.0888797845895701,0.07494338,0.07494338,-1.43230438620634e-09
-0.2152917061949432,-0.074047506,-0.074047506,1.4443969631461329e-10
-0.3322630289190408,-0.22225809,-0.22225809,-9.72900399132115e-10
-0.4225243645644074,-0.3351151,-0.33511516,5.5086288475170164e-08
-0.482621835491552,-0.40971008,-0.40971008,5.684661630311894e-10
-0.5049569108935943,-0.46350542,-0.46350542,2.891464234711094e-09
-0.4678852908963901,-0.48886427,-0.48886433,5.716712953018899e-08
-0.493443985428624,-0.51887274,-0.51887274,2.1154785700971956e-09
-0.5095620810795823,-0.5131763,-0.5131763,-2.198333737268854e-08
-0.5194631969794568,-0.50861585,-0.50861585,-1.4022827343751487e-09
-0.5208447480352532,-0.5042769,-0.5042769,2.8318786648995342e-08
-0.5141672512655704,-0.49979034,-0.49979034,-6.620025638781613e-10
-0.4966676045588157,-0.47850636,-0.47850636,3.5222625927033846e-09
-0.470648393007983,-0.44131914,-0.44131908,-5.781166079188438e-08
-0.4312741879177847,-0.41588876,-0.41588876,3.4864044429205876e-09
-0.4575236579779169,-0.49741182,-0.49741176,-5.7312240619999955e-08
-0.4639708962383003,-0.5096837,-0.50968385,1.2178192143608157e-07
-0.4667339983498931,-0.5191982,-0.5191983,1.2075500488428759e-07
-0.4683458079149889,-0.51797783,-0.51797783,-3.747863797087803e-09
-0.4683458079149889,-0.51016676,-0.51016676,-4.2593383264843965e-09
-0.4639708962383003,-0.4936541,-0.49365422,1.1791297910290766e-07
-0.4572933994686175,-0.4504238,-0.4504238,-6.905746474661356e-09
-0.4388727187246651,-0.425539,-0.42553905,6.307868954946727e-08
-0.4158468677947247,-0.40888038,-0.40888038,-2.7762603882486303e-09
-0.3714069754999396,-0.38530704,-0.38530704,-3.7908172711986765e-09
-0.3790055063068199,-0.4237775,-0.42377743,-6.085426329516253e-08
-0.3859132615858021,-0.45770255,-0.4577025,-4.731178282479931e-08
-0.3939723094112812,-0.48051015,-0.4805101,-4.5425796513232086e-08
-0.4008800646902634,-0.4911026,-0.4911026,-6.058120727292504e-09
-0.4077878199692455,-0.47363856,-0.4736385,-6.434822080736424e-08
-0.4077878199692455,-0.4380252,-0.43802527,6.367256166761592e-08
-0.4013405817088622,-0.40878937,-0.40878937,3.51631163075794e-09
-0.3983472210879699,-0.39934316,-0.3993431,-6.27750396664517e-08
-0.3285788927702503,-0.27468416,-0.27468422,5.905220029633895e-08
-0.3762424041952271,-0.30026597,-0.30026603,6.215408326903926e-08
-0.4174586773598205,-0.33173344,-0.33173344,4.607620229801768e-09
-0.4471620250594437,-0.36446014,-0.36446014,-4.666900754735082e-10
-0.4860757131310431,-0.40701166,-0.40701166,2.046737668237597e-09
-0.5275222448049359,-0.4573746,-0.45737454,-6.255622864159704e-08
-0.5671267084044335,-0.49830714,-0.49830714,1.318588238596874e-09
-0.5970603146133561,-0.53591335,-0.53591335,1.8020629433124213e-09
-0.612948151755015,-0.5722947,-0.5722947,-1.206665034558796e-08
-0.701137160816687,-0.6870372,-0.6870372,-2.9537963852632743e-08
-0.7161039639211483,-0.69681656,-0.69681656,-3.6062621777688264e-09
-0.7213999096350346,-0.7027743,-0.7027743,1.3729858361344327e-08
-0.718176290504843,-0.70052814,-0.70052814,-4.83642581539101e-09
-0.7036700044189804,-0.68317664,-0.68317664,3.3041381852783047e-09
-0.6824862215634352,-0.63844657,-0.63844657,5.572510231033334e-10
-0.655085458956806,-0.59818316,-0.59818316,4.94018559393794e-09
-0.6198559070339972,-0.5482893,-0.5482893,9.887695107124728e-10
-0.5666661913858347,-0.5164039,-0.5164039,-1.3497924777894355e-08
-1.3820115728150262,-1.4293885,-1.4293883,-2.2310180658458023e-07
-1.20655458872888,-1.1379673,-1.1379672,-1.4809875481525125e-07
-1.0380053599217158,-0.88652694,-0.88652706,1.1774688724042193e-07
-0.8759033693749351,-0.69113004,-0.69113004,-2.076110838800105e-09
-0.705742331002675,-0.5378009,-0.5378009,-8.088684055884698e-09
-0.5643636062928407,-0.39867404,-0.3986741,5.896720883802331e-08
-0.496897863068115,-0.2864732,-0.2864732,-1.4626312272447706e-08
-0.2997965791078248,-0.17390057,-0.17390057,-4.445724482993185e-09
-0.1119056355195106,-0.053007007,-0.053007007,3.547973650985803e-10
2.223145907285752,2.2670338,2.2670338,1.5383911033950426e-08
1.9866704182352628,1.9841403,1.9841403,-2.3091125456176087e-08
1.7384517452105046,1.692708,1.6927078,2.1544189454658635e-07
1.476417561627782,1.3995377,1.3995377,-1.746673583546965e-08
1.2097782078590718,1.1406486,1.1406486,3.439331042187632e-09
0.9383034253950736,0.85868824,0.85868824,-4.717102042306465e-09
0.6718943301356626,0.60585034,0.6058503,3.893585209802097e-08
0.4066365274227485,0.41232097,0.41232097,1.488952627859419e-09
0.144602343840026,0.12801227,0.12801227,-2.6466370761646374e-10
0.2040090392392724,-0.08683714,-0.08683714,-2.7059173651755586e-09
0.4391029772339646,-0.05678937,-0.05678937,1.6089630114346498e-09
0.6884729428052196,-0.049823463,-0.049823463,3.689575034382386e-11
1.0253411419102485,-0.030652434,-0.030652404,-2.96338043201394e-08
1.3131642785345043,-0.017580077,-0.017580077,-5.211639453328587e-11
1.2199095822682455,-0.045288756,-0.045288756,-4.897537236869809e-10
0.8738310427912405,-0.098643094,-0.098643064,-3.030122375236033e-08
0.4487738346245395,-0.15918729,-0.15918726,-2.7092208865209244e-08
0.0287823136624255,-0.20332888,-0.20332885,-2.7687454218217056e-08
-1.100865932960453,-1.0335999,-1.0336,1.4648437507425172e-07
-1.0621825033981531,-0.93828,-0.93828,1.3618469241194475e-08
-1.0057691686197994,-0.86727726,-0.86727726,-4.595031688481299e-09
-0.9318561871346904,-0.8249686,-0.8249687,1.2356872558516585e-07
-0.8397527834149286,-0.76355815,-0.7635579,-2.4933776854307865e-07
-0.7283076649140168,-0.6804323,-0.68043244,1.2035888674599704e-07
-0.5917643688994698,-0.5534097,-0.5534097,4.374694828612746e-09
-0.4262085007131979,-0.40370968,-0.4037098,1.201580047682782e-07
-0.2357847135225903,-0.2435798,-0.2435798,-4.897308336637707e-09
-1.1892852005314247,-1.1745236,-1.1745236,8.004760632118746e-09
-1.1363257433925615,-1.1538616,-1.1538614,-2.418838500606313e-07
-1.071623102279429,-1.116166,-1.1161659,-9.559783942236777e-08
-0.9905721070060386,-1.0500896,-1.0500896,2.2979735891937025e-09
-0.8947845671374862,-0.95340633,-0.95340645,1.1607666017265927e-07
-0.7835697071458738,-0.82689095,-0.82689106,1.1456542969856542e-07
-0.6405791728709436,-0.67524457,-0.67524457,2.2155766110643071e-10
-0.4674247738777913,-0.4696491,-0.4696491,-6.26411439386132e-09
-0.2576592719060337,-0.26864552,-0.26864552,-4.9786376687954714e-09
-0.014276027576563,0.26679578,0.26679578,4.235000627961227e-09
0.0702288453363184,0.37831682,0.37831682,-3.321838359937601e-10
0.1195041663263909,0.4007671,0.4007671,-1.2063598620049021e-08
0.1485167384981159,0.3440424,0.34404242,-2.9415054336734414e-08
0.1547337182491998,0.28578943,0.28578943,1.4144896365309023e-10
0.1425300172563314,0.23157306,0.23157308,-1.9845085130754114e-08
0.1183528737798939,0.21469516,0.21469516,-4.379425044831464e-09
0.0851956484407796,0.14906743,0.14906743,1.6883087150532106e-09
0.0481240284435755,0.0571011,0.057101116,-1.5316787720098812e-08
-0.6184743559782008,-0.64130294,-0.64130306,1.1677032474288751e-07
-0.631138573989668,-0.6723697,-0.6723697,-1.855163578312613e-08
-0.6306780569710692,-0.6718217,-0.6718217,-1.3447570834657085e-08
-0.6200861655432965,-0.6467737,-0.6467736,-9.594573979754273e-08
-0.5965997975947572,-0.6125828,-0.6125827,-1.0277252193713338e-07
-0.5565348169766609,-0.55477893,-0.5547788,-1.335250854328507e-07
-0.4853849376031448,-0.4559653,-0.45596525,-6.033515931314071e-08
-0.3640387032023586,-0.3286607,-0.3286607,3.2550811490672515e-09
-0.1915750797371046,-0.1954807,-0.19548073,2.569244383909819e-08
-0.8158058984477905,-0.83124804,-0.83124816,1.1503234864651546e-07
-0.8116612452804012,-0.79044306,-0.79044306,-2.7822876225158666e-09
-0.7766619518668917,-0.7328012,-0.7328012,1.040649455497089e-09
-0.7172552564676453,-0.65517735,-0.65517735,-4.812622078631534e-09
-0.6357437441756562,-0.56659985,-0.56659985,4.113769547231527e-09
-0.540646979835002,-0.46365032,-0.4636502,-1.1599998472888728e-07
-0.4363398751223717,-0.3687354,-0.36873546,5.717750550804368e-08
-0.3278881172423521,-0.2905886,-0.29058853,-5.7522506702323284e-08
-0.2042392977485718,-0.22051913,-0.22051919,6.453842163467449e-08
2.9125398841281687,2.8751242,2.8751242,1.6079711784300343e-08
2.575211168004541,2.501027,2.501027,1.072387694200927e-07
2.2450204656691946,2.1594977,2.1594977,3.788452129782627e-08
1.7845034470703856,1.7633243,1.7633243,-3.9288330144771066e-08
1.5699025164033404,1.5341179,1.5341177,2.3708801277777525e-07
1.2307317322053175,1.2821664,1.2821664,-3.8191223072914227e-08
0.8851137097469113,0.97633076,0.97633076,-2.858886682943762e-09
0.5374233607048103,0.6675335,0.6675335,1.6883850095794628e-08
0.1931868893022004,0.35949892,0.35949892,-1.943511962476663e-09
-1.4140175056076436,-1.4086581,-1.4086581,-4.6858215307921114e-08
-1.3336572858621516,-1.2991617,-1.2991617,2.740783688892634e-08
-1.245698535309779,-1.194349,-1.1943492,1.4947814941379534e-07
-1.119977389232304,-1.0823848,-1.0823848,-2.475280758140741e-08
-0.9815920251433616,-0.92289567,-0.92289555,-1.199371337801125e-07
-0.8162664154663892,-0.74759996,-0.74759996,6.265258312154742e-10
-0.6177835804503025,-0.56721985,-0.56721985,-3.401184112128419e-09
-0.3983472210879699,-0.38732162,-0.38732162,-1.1795807108860856e-09
-0.1584178543979903,-0.15495655,-0.15495658,3.059394837467977e-08
0.5894617838064757,0.51897585,0.51897585,3.919982893840768e-09
0.5590676605789543,0.46036524,0.46036524,-4.194488534281504e-09
0.5231473331282472,0.4417317,0.44173163,6.136047364657671e-08
0.4828520940008514,0.3982048,0.3982048,3.466796849593834e-09
0.4370306506502699,0.33900172,0.33900174,-2.4816741939215348e-08
0.3845317105300057,0.25093728,0.25093728,3.0390930327861554e-09
0.3239737225842622,0.17625155,0.17625155,-4.451560980944791e-09
0.2555869453223391,0.13508564,0.13508564,2.3377990654438463e-09
0.1768385351419427,0.10482211,0.10482211,-3.3405876120884415e-09
0.2781522792336807,0.2274088,0.2274088,-3.4511566104900027e-09
0.2597315984897284,0.17946833,0.17946833,3.721160879432972e-09
0.2378570401062849,0.14517465,0.14517465,2.3380279656759484e-09
0.2093049849531587,0.11179711,0.11179711,-7.537460378070904e-10
0.1752267255768469,0.088365145,0.08836513,1.5027637481623835e-08
0.13147760880996,0.07505661,0.07505663,-1.7508392333165368e-08
0.0817417708012886,0.046538398,0.046538413,-1.533020782540362e-08
0.0276310211159285,0.005495578,0.005495563,1.5050613403136404e-08
-0.0326967083205154,-0.040933058,-0.040933043,-1.466582488784951e-08
1.1644000292061127,1.140956,1.140956,4.4197082438302004e-08
1.1102114245114616,1.097,1.097,2.8610229740877458e-09
1.0360274134764884,1.0396117,1.0396116,9.719696048016147e-08
0.9407882034745424,0.93288016,0.93288016,3.192749065128453e-09
0.8237367502635472,0.8231212,0.8231212,-9.928894040278635e-09
0.6856189141391538,0.74532294,0.74532294,2.7337646590908093e-09
0.5370779949100565,0.6061144,0.60611445,-6.248779294004692e-08
0.3845818971917403,0.4649415,0.4649415,1.6174316330719307e-09
0.2405904649179304,0.27797762,0.2779776,1.559486390023679e-08
-0.7612346317438315,-0.6285696,-0.6285696,-2.9663086431597208e-09
-0.58784997424138,-0.40628532,-0.40628532,4.247970586401806e-09
-0.3559796553768795,-0.28468594,-0.28468588,-5.95503997780078e-08
-0.1155897716683011,-0.25537205,-0.25537205,2.5756836108392633e-09
0.1213462344007862,-0.22234765,-0.22234756,-8.695167541539206e-08
0.3103884705355973,-0.18187916,-0.18187913,-3.278839111331422e-08
0.3946630849391794,-0.12054238,-0.12054235,-2.7233505242585387e-08
0.3488416415885979,-0.04418975,-0.04418972,-3.114822387517702e-08
0.2307190263180034,0.020375714,0.020375699,1.4706016539939304e-08
-1.052281387498279,-1.0142857,-1.0142857,1.636810309513237e-08
-1.0225780397986557,-0.9691616,-0.96916175,1.2032318119636898e-07
-0.9776776304852718,-0.91288865,-0.9128885,-1.4612579346540144e-07
-0.9221853297441156,-0.84841514,-0.84841526,1.2366271973096588e-07
-0.8438974365823178,-0.7571771,-0.7571771,-1.4486694288606827e-08
-0.7554781690113465,-0.64378226,-0.64378226,1.966247609175298e-09
-0.6364345197035542,-0.5417465,-0.5417465,2.8457641798596e-09
-0.4913716588449294,-0.42122045,-0.42122045,-1.5933990238359286e-09
-0.3184475183610765,-0.29564214,-0.29564214,2.472534177400121e-09
-0.8977779277583785,-0.9159194,-0.9159194,-2.3103332469354143e-08
-0.8726797502447434,-0.8801328,-0.8801329,1.0561981200751802e-07
-0.8287003749685571,-0.82813096,-0.82813084,-1.2046447750435618e-07
-0.7755106593203946,-0.75868714,-0.758687,-1.3855743408175414e-07
-0.6838677726192316,-0.67357576,-0.6735759,1.410659790090918e-07
-0.5864684231855835,-0.56869185,-0.56869185,2.9144286983751044e-10
-0.464431413256899,-0.4422346,-0.44223467,6.444923400517055e-08
-0.3237434640749628,-0.3141552,-0.3141552,8.816909813358365e-09
-0.1848975829674218,-0.18213305,-0.18213302,-2.8772811883071014e-08
-0.2162127402321409,-0.21355912,-0.21355909,-3.0893478386584405e-08
-0.2210481689274284,-0.19860199,-0.19860199,-9.38186639487526e-10
-0.2272651486785123,-0.18650353,-0.18650353,4.513549811679951e-10
-0.2341729039574944,-0.22528642,-0.22528642,-4.160003674869017e-09
-0.2332518699202968,-0.26123518,-0.26123512,-5.751693726852025e-08
-0.235093937994692,-0.2623928,-0.2623928,1.08745574767255e-08
-0.2323308358830992,-0.25345442,-0.25345442,3.0097198622236476e-09
-0.2118378285554522,-0.22340217,-0.22340217,-2.327041614957892e-09
-0.1743056915396492,-0.1898782,-0.18987817,-2.5524215685468477e-08
-0.3661110297860533,-0.3916718,-0.39167193,1.2342613220361898e-07
-0.3840711935114068,-0.40745273,-0.4074528,6.76753997841395e-08
-0.3875250711508979,-0.4024066,-0.4024066,-3.0979156462329627e-09
-0.382459383946311,-0.3862529,-0.3862529,-9.898757924453605e-09
-0.3707161999720414,-0.38283375,-0.38283375,9.441375459218193e-10
-0.3467693150049033,-0.3494611,-0.34946105,-5.8446121220523395e-08
-0.2974939940148307,-0.28383347,-0.28383347,-3.920822166936233e-09
-0.2270348901692129,-0.20068756,-0.20068759,3.2541122435558734e-08
-0.1174318397426963,-0.12345299,-0.12345299,-1.2471771254629616e-09
0.6258426282757816,0.604077,0.6040769,8.15444946011823e-08
0.6546249419382072,0.66621035,0.6662103,5.3374481168155796e-08
0.6815651875262375,0.7188108,0.7188108,-3.262329073550063e-09
0.6976832831771959,0.75015414,0.75015414,-2.3886108646564708e-09
0.6817954460355369,0.74359,0.74359,-2.708435031806289e-09
0.6463356356034287,0.684842,0.684842,-9.52911372031906e-09
0.573113429646218,0.60335135,0.6033514,-4.540100095873356e-08
0.4646616717661985,0.50135285,0.5013529,-5.3377532949205886e-08
0.3085464024612022,0.31413215,0.31413218,-2.6012115461604424e-08
3.367530698503792,3.3621361,3.3621361,2.556457534552692e-08
3.052306799272907,3.0673652,3.0673652,-3.0474853307538297e-08
2.7285633351979444,2.809,2.809,1.525878889907517e-08
2.370050836218772,2.490869,2.490869,4.5257568359602374e-08
1.9917361054398497,2.109038,2.1090384,-2.8545227070964074e-07
1.5802641493218137,1.7268429,1.7268428,8.024902342640416e-08
1.1657988325828854,1.2992355,1.2992356,-1.368576050264636e-07
0.7368272297580947,0.87648034,0.8764802,1.4095764155896973e-07
0.2942703748846391,0.38396484,0.38396484,-3.402557346987578e-09
-0.1307868332820618,-0.12904918,-0.12904915,-3.193817138535948e-08
-0.1310170917913612,-0.12056041,-0.12056035,-5.7638549808003425e-08
-0.1298657992448642,-0.122401655,-0.122401595,-5.972030639456172e-08
-0.1066096898056243,-0.13727215,-0.13727215,6.75582895182103e-10
-0.0419070486924916,-0.12016186,-0.12016189,2.881874083815461e-08
-0.0025328436022934,-0.1055859,-0.10558584,-6.2929306030024e-08
0.0331572253391142,-0.08967093,-0.08967093,3.6675262410357234e-09
0.069998586827019,-0.037532464,-0.037532434,-2.9669776913099355e-08
0.1063794312963249,0.010357276,0.0103572905,-1.4894798278444754e-08
0.2595013399804289,0.22623777,0.22623779,-1.6104736322297697e-08
0.1733846575024516,0.13380364,0.13380364,-4.164352418456474e-09
0.0950967643406541,0.052180797,0.052180797,-1.3835144141438604e-10
0.0248679190043356,-0.031752706,-0.031752706,4.2596435406716537e-10
-0.033617742357713,-0.09221083,-0.09221083,7.420349057429831e-10
-0.0909521111732648,-0.09681511,-0.09681511,7.470703083933827e-10
-0.122958043965882,-0.09871569,-0.09871569,-2.7585601858337583e-09
-0.1427602757656308,-0.08192274,-0.08192274,2.558135925312399e-10
-0.1266421801146725,-0.07273033,-0.0727303,-3.261299133527906e-08
0.1480562214795171,0.19015008,0.19015008,2.111358643475114e-09
0.0909521111732648,0.16839576,0.16839576,-2.324829107003268e-09
0.0326967083205154,0.13887642,0.13887641,1.323970794109286e-08
-0.0317756742833178,0.09106622,0.09106622,-1.0873985323289759e-09
-0.0980901249615463,0.034888834,0.034888834,-2.3878479055161606e-10
-0.160490180981685,-0.04424031,-0.044240296,-1.4788154603651016e-08
-0.2263441146413147,-0.13175395,-0.13175395,-1.3111114416375358e-09
-0.2788430547615789,-0.19812849,-0.19812846,-3.164009093614695e-08
-0.3193685523982741,-0.23677707,-0.23677707,2.8155517639572025e-09
-0.3999590306530657,-0.4955068,-0.4955068,6.73942568418795e-09
-0.3884461051880955,-0.50195706,-0.50195706,1.0934447791655089e-09
-0.4193007454342158,-0.501652,-0.5016519,-1.0233459468711459e-07
-0.3930512753740836,-0.48211065,-0.4821107,5.065269470527767e-08
-0.3465390564956039,-0.4346641,-0.4346641,-4.085540794562803e-10
-0.3096976950076991,-0.38534197,-0.38534203,5.788734436240617e-08
-0.3050925248217111,-0.3237379,-0.3237379,1.0471725486738137e-08
-0.3002570961264235,-0.25924045,-0.2592404,-4.8474884051241673e-08
-0.2162127402321409,-0.1893731,-0.1893731,-5.764389049423002e-09
-0.3999590306530657,-0.3920541,-0.3920541,-1.0765457136852064e-08
-0.3884461051880955,-0.41003743,-0.41003743,1.859359721745335e-09
-0.4193007454342158,-0.4358097,-0.43580964,-6.168113708682199e-08
-0.3930512753740836,-0.44459608,-0.44459602,-6.197212221170645e-08
-0.3465390564956039,-0.41922054,-0.4192206,6.305274963258611e-08
-0.3096976950076991,-0.37252477,-0.3725247,-6.811408997942081e-08
-0.3050925248217111,-0.31738487,-0.31738487,1.1397552346359419e-09
-0.3002570961264235,-0.25490674,-0.25490674,-3.764877298806368e-09
-0.2162127402321409,-0.18751243,-0.18751243,2.4315643387673447e-09
0.2212784274367278,0.15607834,0.15607835,-1.1376953129582645e-08
0.1459838948958225,0.075481854,0.07548187,-1.562082291295397e-08
0.0743734985037076,0.00055252016,0.00055252016,-4.093322794433696e-12
0.0092103403719761,-0.08552313,-0.08552313,1.4904785183844638e-09
-0.050656872045869,-0.12371802,-0.12371802,-3.3001709004443214e-09
-0.1040768462033308,-0.150417,-0.15041703,2.994468689676566e-08
-0.1466746704237207,-0.16285232,-0.16285232,2.905197138414195e-09
-0.1745359500489487,-0.15717694,-0.15717694,-1.6332245000860723e-09
-0.17016103837226,-0.1497164,-0.1497164,-7.0606231694636534e-09
0.1319381258285588,0.20823583,0.20823583,6.858824619371262e-11
0.060327729436444,0.1796859,0.1796859,5.575752248798693e-09
-0.0128944765207666,0.15406376,0.15406376,1.2342834532219626e-09
-0.083123321857085,0.12126951,0.121269494,1.5196281427654057e-08
-0.1471351874423195,0.047458008,0.047458023,-1.5068290712405563e-08
-0.2086142094252605,-0.0183471,-0.01834707,-2.9423408508255644e-08
-0.2613434080548242,-0.07598972,-0.07598972,-3.205566409536509e-09
-0.299336062089226,-0.12911293,-0.12911293,8.942413198820276e-10
-0.314763382212286,-0.21794027,-0.2179403,2.9099273685107008e-08
-0.7172552564676453,-0.7234565,-0.7234565,-1.9607544476940575e-09
-0.7050515554747769,-0.67829454,-0.6782944,-1.3945159915706995e-07
-0.6813349290169382,-0.6371399,-0.6371399,-1.6419982928894683e-08
-0.6401186558523448,-0.58435917,-0.5843593,1.3099365236968197e-07
-0.5823237700181942,-0.49592534,-0.49592528,-5.70761871099279e-08
-0.49114140033563,-0.38887057,-0.38887057,2.91664126184088e-09
-0.383610676492808,-0.28769392,-0.28769392,2.248687736017274e-09
-0.2689419388617046,-0.13869843,-0.13869846,3.113075255911646e-08
-0.1107543429730136,-0.0009186119,-0.0009186119,1.5882873575373546e-11
-0.3092371779891004,-0.33705541,-0.33705541,-4.915084839129946e-09
-0.2857508100405611,-0.35415205,-0.3541521,4.640541079181659e-08
-0.2620341835827224,-0.3509421,-0.35094205,-5.5054855341296616e-08
-0.2383175571248837,-0.3530217,-0.3530217,-1.1111068731750606e-08
-0.214600930667045,-0.33895788,-0.33895788,4.032974232348607e-09
-0.1915750797371046,-0.32260635,-0.3226063,-5.495185850801221e-08
-0.1676281947699665,-0.27517086,-0.27517086,-2.6747131176563244e-09
-0.143451051293529,-0.22803068,-0.22803062,-6.161010743244155e-08
-0.1201949418542892,-0.18475366,-0.18475363,-2.6387329099542e-08
1.097872572339561,1.1315851,1.1315852,-7.884521480150397e-08
1.0002429643966135,1.0222995,1.0222996,-7.187805173280992e-08
0.8922517235351928,0.8690256,0.8690256,-1.1964416457566074e-08
0.7715962646623048,0.74255824,0.74255824,8.905028936467829e-10
0.6481777036778239,0.6429186,0.6429186,-1.3269042975494472e-08
0.5295945713886305,0.5256721,0.5256721,-2.1867370580963552e-08
0.37509111164873,0.38618082,0.38618085,-3.1919097920329875e-08
0.2192061008530332,0.22471261,0.22471261,2.4475096949139186e-10
0.0545712667039588,0.032333568,0.032333568,-2.614669800116154e-10
1.3350388369179478,1.3058013,1.3058012,7.239227284294714e-08
1.2574417192840486,1.1966571,1.1966571,-3.84231566563642e-08
1.1540556486086158,1.0959178,1.0959178,2.0930480904013393e-08
1.0497485438959857,1.0013695,1.0013695,-2.3681640648476332e-08
0.925869465892906,0.91216123,0.91216123,1.040954544784256e-09
0.7750501423017959,0.8042784,0.8042784,-2.6281738230160556e-08
0.6200861655432965,0.6564212,0.6564212,-1.5460205116113457e-08
0.4561421069221205,0.48593405,0.48593405,-1.1089325013813323e-09
0.2753891771220879,0.2841456,0.2841456,-6.356811521612826e-09
1.5355939985177294,1.4921987,1.4921988,-9.432678216292345e-08
1.4031953556705716,1.3796837,1.3796836,1.3298645029635736e-07
1.268033610711821,1.261323,1.261323,-2.4841308565726195e-08
1.1208984232695016,1.105573,1.105573,5.812835701668462e-08
0.9813617666340624,0.9745486,0.9745487,-1.2173767094392218e-07
0.8353778717382399,0.87525,0.87525,-1.811981198418522e-08
0.6580788195776983,0.7112961,0.7112961,-1.8457031236707166e-08
0.4812402844357555,0.50893784,0.5089378,3.569335937925189e-08
0.2746984015941897,0.30382094,0.30382094,-2.1280670003953617e-09
1.4446418873444642,1.4521558,1.4521558,2.847595204080733e-08
1.387998294056811,1.3756956,1.3756957,-1.1379547126821876e-07
1.3090196253671151,1.2753086,1.2753086,9.008789048081667e-09
1.1862918399105324,1.1343212,1.1343212,1.2768554658038056e-08
1.0603404353237582,1.0099137,1.0099137,-1.7062377954957242e-08
0.9044554245280612,0.8843808,0.8843808,1.741333011118229e-08
0.717024997958346,0.7535101,0.7535101,1.753082279343232e-08
0.5132462172283728,0.56619185,0.56619185,2.0927428678874094e-09
0.3191382938889747,0.31115413,0.3111541,2.7120971690663964e-08
1.644736531925647,1.653048,1.6530482,-1.615173339519771e-07
1.5049696167809083,1.5330452,1.533045,1.726913452237966e-07
1.3566831367920915,1.4100045,1.4100045,-3.4255982495068338e-09
1.1982652823941011,1.2740463,1.2740463,1.8417358749189816e-09
1.0264924344567457,1.1310595,1.1310595,2.7397155655251026e-08
0.8676140630401565,1.0019026,1.0019026,-1.9738769507782195e-08
0.6728153641728603,0.8382877,0.8382877,1.1143493683363204e-08
0.4897598492798335,0.60325265,0.60325265,-6.927489692998279e-10
0.3037109737659146,0.3375886,0.3375886,8.264923079259745e-09
1.2942830807719532,1.3470539,1.3470539,-1.4540100012894186e-08
1.2302712151867188,1.3137146,1.3137145,1.2345123301393812e-07
1.2072453642567782,1.2689248,1.2689248,3.2344055211908085e-08
1.1773117580478556,1.190745,1.1907451,-1.0392913818435545e-07
1.111457824388226,1.0935305,1.0935305,3.569793705082702e-08
0.988499780422344,0.96621525,0.96621525,2.8762817683158914e-09
0.8100494357153053,0.788252,0.788252,-3.9596557144250255e-09
0.6025865188365418,0.61626154,0.6162615,4.1843414289033376e-08
0.342624661837514,0.34349015,0.34349015,3.5511016904798964e-09
1.307868332820618,1.2506745,1.2506745,-1.3839721590969134e-08
1.252145773570162,1.1874319,1.1874319,3.149566651927671e-08
1.1623449549433944,1.1324712,1.1324712,3.804016213138084e-09
1.053432680044776,1.0598551,1.0598551,3.492736766474991e-09
0.9313956701160916,0.9529704,0.9529704,-1.4448547358547614e-08
0.784260482673772,0.8537835,0.8537835,-1.1726379423038225e-08
0.6447238260383329,0.70454955,0.70454955,1.0101318670407977e-09
0.47179968555448,0.5181892,0.51818913,6.181823730688762e-08
0.2905862387358486,0.2983379,0.2983379,6.5990448105957e-09
-1.1611936623968973,-1.1307331,-1.130733,-1.3236236573455074e-07
-1.104089552090645,-1.0620059,-1.0620058,-7.749481190089114e-08
-1.0338607067543266,-0.9977101,-0.9977101,-8.757018998828414e-09
-0.9472835072577503,-0.91707563,-0.91707575,1.1599731442046846e-07
-0.8455092461474137,-0.7982768,-0.7982768,1.7964172371875975e-08
-0.7243932702559268,-0.6774539,-0.6774539,2.4458313041542112e-08
-0.5791001508880026,-0.5300844,-0.5300844,2.8433227550195284e-08
-0.4103206635715389,-0.36125097,-0.3612509,-6.678733827092387e-08
-0.2194363593623325,-0.17444038,-0.17444041,2.6088867177698205e-08
0.8952713646500796,0.9377353,0.93773544,-1.2086242673348124e-07
0.7861820465271346,0.81040275,0.81040275,9.68933155931495e-10
0.6851150088626811,0.6690377,0.66903776,-6.030059818140643e-08
0.588342066193819,0.58827734,0.5882774,-6.006469721597796e-08
0.4873522675803485,0.5055593,0.50555927,5.5218200678552876e-08
0.3933925268738951,0.39095804,0.39095804,9.526824884531493e-10
0.3030631744900833,0.28610384,0.28610384,4.6426391620002505e-09
0.2207406666978995,0.21514662,0.21514662,-3.898735057017433e-09
0.1406311297397456,0.12759888,0.12759885,3.172149656838208e-08
0.5929156614459669,0.64530206,0.64530206,-2.7337646590908093e-09
0.5602189531254513,0.6306608,0.6306608,-2.7676391622932783e-08
0.5226868161096484,0.5680932,0.5680932,-1.9343566859397754e-08
0.4780166653055639,0.48585364,0.4858537,-5.777473449652959e-08
0.4204520379807128,0.44758478,0.44758478,-1.9295501862970355e-09
0.3545981043210831,0.4130387,0.4130387,8.190155220688666e-10
0.2585803059432313,0.33731872,0.33731872,-1.5666198893704575e-09
0.1623322490560802,0.21916196,0.21916196,-2.4976348766969636e-09
0.044439892294785,0.082225926,0.08222594,-1.3779582974660087e-08
-0.7658398019298197,-0.82907903,-0.8290789,-1.3194427495033523e-07
-0.6728153641728603,-0.7451824,-0.7451824,5.01861574520035e-09
-0.5814027359809966,-0.65767014,-0.65767014,-2.664184428624594e-10
-0.4987399311425103,-0.582688,-0.58268785,-1.2397613524672835e-07
-0.4195310039435151,-0.5001441,-0.500144,-1.2403106686154075e-07
-0.351144226681592,-0.44231388,-0.44231388,2.716827318671733e-10
-0.2878231366242557,-0.39109167,-0.39109167,-4.56626891853773e-09
-0.2348636794853926,-0.29697457,-0.2969745,-6.955909731543031e-08
-0.1980223179974879,-0.20994088,-0.20994088,-5.370330846687921e-10
0.4662734813312943,0.5038414,0.50384134,6.014648434859993e-08
0.3843014520207062,0.41609323,0.4160933,-6.975250244067865e-08
0.3260460491679569,0.34884906,0.34884906,-1.8487548714141155e-09
0.2758496941406867,0.26262903,0.26262903,2.135009780079855e-09
0.201476195636979,0.20420681,0.20420681,-5.984878426179563e-10
0.1650953511676731,0.18354037,0.18354037,4.04060362946268e-09
0.1250303705495767,0.1655267,0.1655267,3.0000686657150055e-09
0.0702288453363184,0.13580407,0.13580407,2.0224380503641726e-09
0.0488148039714737,0.10708378,0.10708378,2.5536727871200426e-09
-0.1321683843378582,-0.13599494,-0.13599494,-9.961700353500191e-10
-0.1254908875681755,-0.11406964,-0.11406964,-6.364440918726899e-10
-0.1142082206125046,-0.08763462,-0.08763465,2.694931029723069e-08
-0.1001624515452409,-0.08285937,-0.0828594,3.2867813110071253e-08
-0.0835838388756838,-0.07602349,-0.07602352,3.076316833217074e-08
-0.0635513485666356,-0.06615576,-0.06615573,-3.14803314249712e-08
-0.0379926540344017,-0.0392282,-0.03922817,-3.0912475586231114e-08
-0.0059867212417845,-0.004054308,-0.004054308,6.237793007818349e-11
0.0384531710530005,0.037575856,0.03757584,1.5851173401637553e-08
-0.5758765317578108,-0.4920284,-0.4920284,1.4599227882161614e-08
-0.5150882853027681,-0.44803837,-0.4480385,1.3058280945443812e-07
-0.4540697803384258,-0.41877207,-0.418772,-7.15999603495554e-08
-0.3937420509019819,-0.4003311,-0.40033117,6.023780824149227e-08
-0.3343353555027354,-0.38881114,-0.38881114,-1.252517700667255e-09
-0.2735471090476926,-0.3441256,-0.3441256,1.3309478519296647e-09
-0.2129891211019492,-0.2789695,-0.27896944,-5.648857115403416e-08
-0.1522008746469064,-0.21013078,-0.21013078,-9.352874863477467e-10
-0.0918731452104624,-0.14407182,-0.14407179,-2.739807128393501e-08
-0.463280120710402,-0.4653441,-0.4653441,-1.1905670338485663e-09
-0.4590203382883631,-0.48013303,-0.48013297,-5.6838302620043635e-08
-0.4379516846874675,-0.4725648,-0.4725648,1.3327407843988226e-08
-0.3962748945042753,-0.42284015,-0.4228401,-4.8210525516179104e-08
-0.3501080633897447,-0.35398975,-0.3539898,4.985313417638082e-08
-0.2979545110334295,-0.2675825,-0.26758257,6.405860902836125e-08
-0.2443042783666683,-0.19670749,-0.19670752,3.289367675463062e-08
-0.1825949978744278,-0.1366193,-0.13661933,3.0349807750296165e-08
-0.1054583972591273,-0.089610994,-0.089610994,1.378478997615673e-10
-0.291967789791645,-0.3398889,-0.3398889,-5.184173645922385e-10
-0.26295521761992,-0.31825063,-0.31825063,3.674392679009486e-09
-0.2337123869388956,-0.3095326,-0.3095326,-1.256217957434913e-08
-0.2046998147671707,-0.28604195,-0.286042,5.478096010147482e-08
-0.1761477596140445,-0.24628362,-0.24628362,-5.959319981929667e-10
-0.1471351874423195,-0.16890174,-0.16890168,-6.150466919097042e-08
-0.1181226152705945,-0.107254446,-0.107254446,4.471740755462861e-10
-0.0893403016081689,-0.061070383,-0.061070383,4.049377430592749e-10
-0.0605579879457434,-0.021786585,-0.021786556,-2.9450172425726784e-08
-0.4554513313942223,-0.5824131,-0.5824132,1.226455688119188e-07
-0.4699576174800848,-0.62328553,-0.62328565,1.180023193603219e-07
-0.4743325291567734,-0.64132595,-0.64132595,-6.225585602592787e-10
-0.4665037398405937,-0.61459494,-0.61459494,3.629150424622196e-09
-0.4471620250594437,-0.5556396,-0.5556396,-2.459564207857312e-08
-0.4229848815830062,-0.49043956,-0.49043962,5.601036073832333e-08
-0.3856830030765027,-0.39549795,-0.39549795,2.0687103141625585e-09
-0.3258157906586574,-0.313153,-0.313153,1.3141632226876254e-09
-0.2307190263180034,-0.23216942,-0.23216945,3.0472946166426595e-08
-0.3555191383582807,-0.40182337,-0.4018233,-7.164878845777878e-08
-0.380156798853317,-0.4423919,-0.44239184,-6.220832826642209e-08
-0.3953538604670776,-0.43788108,-0.43788114,5.770362854207178e-08
-0.4013405817088622,-0.4215229,-0.42152295,6.44390106274706e-08
-0.3960446359949758,-0.41048446,-0.41048452,5.7023544330903064e-08
-0.3817686084184128,-0.38662675,-0.38662675,-2.307891655561889e-10
-0.3516047437001908,-0.33812615,-0.33812615,-2.7538299418594647e-09
-0.3046320078031123,-0.2765764,-0.2765764,1.968383789296979e-10
-0.221969202964626,-0.22126988,-0.22126985,-2.5764846811604514e-08
0.7524848083904542,0.79910815,0.79910815,-2.3788452319095654e-09
0.7172552564676453,0.78357923,0.78357923,3.085327549001704e-10
0.6691312280240698,0.74755013,0.74755,1.2989044184674725e-07
0.615711253866608,0.6738335,0.6738335,-1.0581970188994205e-08
0.5498573202069782,0.5934828,0.59348273,6.237747196546906e-08
0.4694971004614859,0.5372585,0.5372585,5.821228055147287e-09
0.371637234009239,0.4227502,0.4227502,4.801559427836111e-09
0.2505212581177521,0.28048694,0.28048694,1.3375854313046887e-09
0.1015440026010374,0.11641668,0.11641668,-2.1673965400204054e-09
0.9719211677527868,0.9077041,0.9077041,1.4913940415972604e-08
0.9081395606768516,0.83051336,0.83051336,-1.88385007593439e-09
0.8362989057754375,0.7532096,0.7532096,-9.088134800272485e-09
0.752945325409053,0.68338966,0.68338966,3.6962890526126557e-09
0.6608419216892911,0.6197461,0.6197461,-1.1018371548487949e-08
0.5535414563557687,0.5261502,0.5261502,2.6593017565801347e-08
0.4285110858061919,0.41577283,0.41577283,-4.520492535853293e-09
0.2850600345126629,0.29990262,0.29990262,-2.0686340418407667e-09
0.1183528737798939,0.14245938,0.14245938,-2.3535537685415164e-09
-0.0412162731645934,-0.048893705,-0.048893705,-1.0414120954482797e-11
-0.0888797845895701,-0.107373,-0.10737303,3.080871581462308e-08
-0.1358525204866487,-0.15154636,-0.15154642,6.093780516303049e-08
-0.1779898276884397,-0.17520747,-0.17520744,-2.5887069710073263e-08
-0.2010156786183802,-0.18624228,-0.18624225,-3.239059448434389e-08
-0.2221994614739254,-0.19775996,-0.19775996,3.878555310254939e-09
-0.2344031624667938,-0.22545537,-0.22545534,-3.352561950276112e-08
-0.2447647953852671,-0.21373266,-0.21373266,1.8325804762575615e-10
-0.2093049849531587,-0.1967015,-0.19670147,-2.6839523326049886e-08
0.3184475183610765,0.26591378,0.26591378,4.5039367790877805e-09
0.3080858854426033,0.24653561,0.24653561,4.132881176177605e-09
0.2887441706614533,0.19637452,0.19637452,6.594467194531717e-10
0.2611131495455248,0.13513124,0.13513124,-1.089477674742767e-10
0.22427178805762,0.10274337,0.10274337,2.3211288446844947e-09
0.1784503447070385,0.08432535,0.084325366,-1.5178981779828682e-08
0.1257211460774749,0.057765722,0.057765722,2.747802749225592e-10
0.0594066953992463,0.04447651,0.044476524,-1.490576172213931e-08
0.0488148039714737,0.05908604,0.059086025,1.4662361144668346e-08
-0.1478259629702177,-0.15286514,-0.15286511,-3.163017273100088e-08
-0.1756872425954457,-0.2153075,-0.2153075,-3.938674913994689e-09
-0.1796016372535356,-0.2360448,-0.23604482,2.5678939807871615e-08
-0.2251928220948177,-0.22293645,-0.22293648,2.856491088110147e-08
-0.2010156786183802,-0.19850904,-0.19850904,2.505340573888404e-09
-0.2012459371276796,-0.16994724,-0.1699472,-3.677635193599649e-08
-0.1743056915396492,-0.12874052,-0.12874052,7.147979708133079e-10
-0.1526613916655052,-0.1005269,-0.1005269,9.006500267805251e-10
-0.0884192675709713,-0.08073506,-0.08073506,2.40760802960871e-09
0.9739934943364814,0.948323,0.948323,1.1398315402644243e-08
0.8752125938470369,0.80271506,0.80271506,3.0950927376593995e-09
0.7674516114949155,0.6958177,0.6958177,8.969116227497409e-09
0.6495592547336204,0.5825195,0.58251953,-5.8354644782987464e-08
0.5203842310166544,0.38126743,0.38126743,-1.6018676940454668e-09
0.3792357648161193,0.2692091,0.2692091,-1.3105010965297481e-08
0.2293374752622069,0.19126196,0.19126198,-1.7943840024958746e-08
0.0787484101803963,0.04023446,0.04023446,1.4267349246477323e-09
-0.0934849547755582,-0.1187025,-0.1187025,-1.0585784887551242e-09
-0.0741432399944082,-0.086128324,-0.086128294,-3.0270248418950985e-08
-0.0306243817368208,-0.04622796,-0.046227932,-2.977864074771297e-08
-0.0018420680743952,-0.01012443,-0.01012443,-6.038665747998273e-11
0.0292428306810243,0.0004773289,0.0004773289,-3.4774780169159747e-12
0.0743734985037076,0.0015766472,0.0015766472,-3.756256113443546e-11
0.1204252003635886,0.023632675,0.02363269,-1.4590682984733094e-08
0.1648650926583736,0.04851958,0.04851958,1.5563201907764501e-09
0.1825949978744278,0.07496358,0.07496359,-1.290830611844207e-08
0.153121908684104,0.07971247,0.07971247,2.85604477567869e-09
0.0946362473220552,0.09908601,0.09908601,-1.0340309164469375e-09
0.0812812537826898,0.04776013,0.047760114,1.4974914551435514e-08
0.0674657432247255,0.003792718,0.003792733,-1.4947135925248017e-08
0.052959457138863,-0.036598206,-0.036598206,4.335937511812382e-10
0.0373018785065035,-0.069759786,-0.069759786,-1.289977985541313e-10
0.0200324903090481,-0.07236412,-0.07236415,2.832450866907532e-08
0.0043749116766886,-0.059321225,-0.059321225,3.1051635568379865e-10
-0.0066774967696827,-0.014134526,-0.014134526,-2.527465823437547e-10
-0.0013815510557964,0.037142336,0.037142336,3.6856079299596445e-10
-0.2420016932736742,-0.32067528,-0.32067528,-3.6704254080532905e-09
-0.2182850668158355,-0.30317947,-0.30317953,5.731513974538416e-08
-0.1952592158858951,-0.28810742,-0.28810742,-4.9744415253627494e-09
-0.1715425894280564,-0.28006712,-0.28006718,6.397789004131127e-08
-0.1487469970074153,-0.27300814,-0.2730082,6.205863950503598e-08
-0.1245698535309779,-0.2363047,-0.23630473,2.962539671913511e-08
-0.1017742611103368,-0.19499725,-0.19499725,-1.0337829481343874e-09
-0.0787484101803963,-0.14083335,-0.14083329,-5.803581237806554e-08
-0.0552620422318571,-0.10017127,-0.10017127,2.0137023992727876e-09
-0.2337123869388956,-0.29793715,-0.2979371,-5.4769897450679395e-08
-0.211147053027554,-0.30221796,-0.30221802,5.964233396049679e-08
-0.1888119776255117,-0.30714735,-0.3071474,4.611244203145404e-08
-0.1660163852048707,-0.30536804,-0.30536804,3.9682769847892985e-09
-0.1436813098028284,-0.2866927,-0.2866927,-8.730697609315996e-09
-0.1215764929100856,-0.2593199,-0.2593199,-1.4663696368266699e-09
-0.0990111589987439,-0.21618849,-0.21618843,-6.039077760089384e-08
-0.0766760835967017,-0.1684092,-0.1684092,1.477432259866518e-09
-0.0538804911760606,-0.10738909,-0.10738912,2.7554626469417087e-08
0.0557225592504559,0.07604143,0.076041415,1.5234909056527357e-08
0.0386834295622999,0.06850074,0.06850076,-1.768375396116184e-08
0.0221048168927428,0.027318925,0.02731891,1.466545105147099e-08
0.0048354286952874,-0.034040615,-0.034040615,3.742218340763159e-11
-0.011973442483569,-0.06544158,-0.06544155,-2.862663268932142e-08
-0.0290125721717249,-0.09584305,-0.09584308,3.309638976767282e-08
-0.0458214433505815,-0.095422626,-0.095422596,-2.95416870133014e-08
-0.0628605730387374,-0.09842521,-0.09842524,3.047775268272268e-08
-0.0794391857082945,-0.11237779,-0.11237779,-2.596817011424335e-09
-0.2551264283037402,-0.29552647,-0.29552642,-5.471427916292626e-08
-0.2555869453223391,-0.30592898,-0.30592898,4.65629579338156e-09
-0.253284360229345,-0.33302948,-0.33302948,1.2116241343562706e-09
-0.2470673804782611,-0.32865646,-0.32865652,5.518486023703417e-08
-0.240159625199279,-0.32748917,-0.32748917,2.5481414756001186e-09
-0.2270348901692129,-0.3006253,-0.3006253,5.553054793772105e-09
-0.2072326583694641,-0.25923634,-0.25923634,4.245605478292447e-09
-0.1789108617256374,-0.19762796,-0.19762799,2.836441040376947e-08
-0.134931486449451,-0.14904016,-0.14904013,-3.25633239817158e-08
-0.361966376618664,-0.42217752,-0.42217752,-3.3745575223065316e-09
-0.3267368246958551,-0.39588806,-0.395888,-6.03313445868281e-08
-0.2938098578660402,-0.35818174,-0.3581818,5.518608092724975e-08
-0.2601921155083272,-0.30537763,-0.30537754,-9.237953185747827e-08
-0.2132193796112486,-0.24332634,-0.2433263,-3.614540100560504e-08
-0.1669374192420683,-0.1884734,-0.1884734,-3.4538268911532555e-09
-0.1211159758914868,-0.18846521,-0.18846524,3.218482971800718e-08
-0.0980901249615463,-0.17946497,-0.17946497,3.94126892233615e-09
-0.1045373632219296,-0.14865378,-0.14865378,4.546432508245601e-09
0.4266690177317966,0.38451537,0.38451535,2.4898910544468578e-08
0.3539073287931848,0.33177957,0.3317796,-3.061256409475632e-08
0.2887441706614533,0.2862493,0.2862493,9.778213516664636e-09
0.2256533391134165,0.22142816,0.22142816,-4.100952161190108e-09
0.1641743171304754,0.13379318,0.13379316,1.52204895076391e-08
0.103616329184732,0.11136576,0.111365765,-7.117404943191019e-09
0.0442096337854856,0.049039572,0.049039572,4.773407016878117e-10
-0.0122037009928684,-0.007904559,-0.007904574,1.4626144408461106e-08
-0.0598672124178451,-0.06755918,-0.06755918,-2.6438903844017148e-09
0.7167947394490466,0.9714787,0.9714787,6.378173544874244e-10
0.6212374580897936,0.9353262,0.9353262,1.860504150741349e-08
0.5353510341211157,0.88632107,0.88632107,-2.18994145040341e-09
0.4519974537547312,0.8663113,0.8663113,1.172180175146309e-08
0.3668018053139515,0.84756696,0.84756696,2.242126484475193e-09
0.2767707281778843,0.7800505,0.7800505,1.6128540059057173e-08
0.1848975829674218,0.5913761,0.5913762,-7.418746950094146e-08
0.0934849547755582,0.39539075,0.39539075,-1.0223388802188538e-09
-0.0004605170185988,0.18946318,0.18946318,3.2838058383610758e-09
-0.330651219353945,-0.37713006,-0.37713006,-1.388015757886052e-09
-0.3313419948818432,-0.3923616,-0.3923616,-1.1127853416503797e-08
-0.3101582120262979,-0.38895378,-0.38895378,4.832534816756606e-09
-0.2691721973710039,-0.36312452,-0.36312458,6.041343686424838e-08
-0.2189758423437337,-0.3245264,-0.32452634,-5.937400815447802e-08
-0.1577270788700921,-0.27093175,-0.27093175,-5.359649390968002e-10
-0.0918731452104624,-0.19227311,-0.19227311,-1.5129089647736294e-10
-0.0170391296881559,-0.0906578,-0.09065783,2.9563980097346843e-08
0.0688472942805219,0.039596215,0.03959623,-1.5109519961586937e-08
-0.3757818871766283,-0.41474482,-0.41474482,-4.17106627015329e-09
-0.3658807712767539,-0.4212455,-0.4212455,1.4455795283030426e-08
-0.3536770702838854,-0.41356817,-0.41356817,1.1214447148688578e-09
-0.3350261310306336,-0.41075924,-0.4107593,5.961112975461091e-08
-0.3073951099147051,-0.35102352,-0.35102347,-5.499961852617474e-08
-0.2654880612222134,-0.2818489,-0.28184897,6.252929685146569e-08
-0.2086142094252605,-0.20099875,-0.20099881,5.669075012204594e-08
-0.1427602757656308,-0.12727773,-0.12727773,-1.895446771760234e-09
-0.0651631581317315,-0.059505373,-0.059505373,-2.395172116198552e-10
0.1924961137743022,0.13262796,0.13262793,3.401977538564083e-08
0.160490180981685,0.1045481,0.104548104,-7.343200686404927e-09
0.1287145066983671,0.07043539,0.07043538,9.876365655858699e-09
0.0962480568871511,0.020246774,0.020246759,1.4958206177168032e-08
0.0640118655852344,-0.0121396035,-0.0121396035,4.402160927452492e-12
0.0322361913019166,-0.036565974,-0.036565974,-3.547439564322019e-10
0.0,-0.05261238,-0.05261235,-2.919330596706793e-08
-0.0322361913019166,-0.07161456,-0.07161453,-3.346511841251232e-08
-0.0647026411131326,-0.091683894,-0.091683924,2.9604171752906083e-08
-0.0688472942805219,-0.06968701,-0.06968701,1.1422729429000356e-09
-0.0983203834708457,-0.08488077,-0.0848808,3.074722290663523e-08
-0.1231883024751814,-0.13107863,-0.1310786,-3.068580628484696e-08
-0.1452931193679243,-0.1557895,-0.1557895,5.485534665394809e-09
-0.1630230245839784,-0.16341436,-0.16341439,3.0907287590364874e-08
-0.1763780181233439,-0.18055743,-0.18055743,2.0950316481638254e-10
-0.182134480855829,-0.16750523,-0.16750526,2.5520095814357546e-08
-0.1749964670675474,-0.14436767,-0.14436767,4.947586063064335e-09
-0.1510495821004094,-0.14297268,-0.14297265,-2.7946090691566283e-08
1.0527419045168778,1.0101297,1.0101297,-9.82971193330684e-09
1.0018547739617094,1.0177976,1.0177977,-1.1069793703910591e-07
0.93968497645087,1.0038017,1.0038016,1.0345306389325515e-07
0.8660022534750607,0.9520122,0.9520122,-1.8717956518088386e-08
0.7775829859040893,0.867507,0.867507,-1.910400393434486e-08
0.6712035546077644,0.82075036,0.82075036,-4.279479992597146e-09
0.5381141362327085,0.6749109,0.6749109,2.976989765812732e-09
0.373939819102233,0.4504403,0.4504403,-1.2409973160210086e-08
0.1710820724094576,0.21224937,0.21224937,-1.5708160328031795e-09
-0.2963427014683337,-0.24655247,-0.24655241,-5.7346191406626446e-08
-0.3011781301636212,-0.23889282,-0.23889285,2.6542282094421665e-08
-0.2981847695427289,-0.25666273,-0.2566628,7.359771730941489e-08
-0.2866718440777587,-0.26337284,-0.2633729,6.150283815564705e-08
-0.2537448772479438,-0.23014134,-0.23014134,-1.6862487794977454e-09
-0.2152917061949432,-0.18025896,-0.18025893,-2.9531784045966347e-08
-0.1839765489302242,-0.14641058,-0.14641055,-3.444976806599165e-08
-0.1577270788700921,-0.13354468,-0.13354471,2.6543579112470184e-08
-0.1353920034680499,-0.13478991,-0.13478985,-6.389274598284089e-08
-0.6596906291427941,-0.62725234,-0.62725246,1.1968322755073757e-07
-0.6364345197035542,-0.57493615,-0.57493603,-1.2150451655923433e-07
-0.5929156614459669,-0.5267197,-0.5267197,1.0630798352728732e-08
-0.5411074968536007,-0.4536201,-0.4536201,-5.981826756151776e-09
-0.4694971004614859,-0.35236576,-0.35236576,-1.995315579428336e-09
-0.3838409350021074,-0.253055,-0.253055,-6.2656402843863646e-09
-0.2885139121521539,-0.18251675,-0.18251675,-3.673553461425172e-09
-0.1920355967557034,-0.12653291,-0.12653291,-2.254333497653249e-09
-0.1248001120402772,-0.108998775,-0.108998775,-4.821777283003925e-10
0.6304477984617698,0.49025232,0.4902523,1.5998077418366563e-08
1.1750091729548615,0.8791354,0.8791354,-2.9745483409726603e-08
1.756872425954457,1.2812059,1.281206,-1.0743713385608089e-07
2.316861120570609,1.626485,1.626485,-9.880065876544109e-09
2.75734564886037,2.0425935,2.0425935,-2.084350603226426e-08
3.020531124989589,2.4642503,2.46425,3.2615661638146776e-07
3.066122309830871,2.6986914,2.6986914,-3.189697261873903e-08
2.9521443477276663,2.7163637,2.7163634,2.684417723664012e-07
2.724188423521256,2.6497252,2.6497252,-1.2542722416242214e-09
-0.8862650022934083,-0.916862,-0.9168619,-1.1095581053943704e-07
-0.6058101379667334,-0.64662766,-0.64662766,-4.566039990550053e-09
-0.2569684963781355,-0.3496596,-0.3496596,8.086776748239544e-09
0.1264119216053731,0.16362041,0.1636204,1.2349700928560026e-08
0.5376536192141097,0.5921779,0.5921779,2.7494049037457557e-08
0.9742237528457808,1.0987736,1.0987735,9.86709594030799e-08
1.4577666223745305,1.573638,1.5736378,1.6234130861825236e-07
1.9415397504125795,2.0503316,2.0503316,-7.440185356699658e-09
2.458470103789743,2.509643,2.509643,7.785034172869132e-08
0.4356490995944735,0.39702964,0.3970297,-6.170959471196724e-08
0.6615326972171894,0.66898286,0.66898286,3.4262085391034702e-09
0.8653114779471625,0.89904237,0.89904225,1.1793518062130914e-07
1.0380053599217158,1.155894,1.155894,4.106140139015224e-08
1.2866845499650728,1.309512,1.3095119,1.1915740971701894e-07
1.4819437658509678,1.4370022,1.4370021,8.20068359885795e-08
1.7393727792477025,1.6315196,1.6315198,-2.4395446773795015e-07
1.9627235332681248,1.8964751,1.8964751,-2.3324584930151104e-08
2.229823404055434,2.153476,2.1534758,1.9983215349128614e-07
0.0274007626066291,0.06176965,0.061769634,1.5386405947948045e-08
0.2171337742693385,0.3688465,0.3688465,5.880355813392413e-09
0.3566704309047777,0.62336385,0.62336385,2.5009154747124285e-09
0.4653524472940967,0.94975924,0.94975924,4.918823237609615e-09
0.818338742050084,1.2079132,1.2079133,-1.396759032878947e-07
1.1950416632639098,1.4208001,1.4208,8.983612054258572e-08
1.504048582743711,1.6906378,1.6906377,1.26919555754057e-07
1.779668018375098,1.9598646,1.9598646,1.6394043012013526e-08
2.0884446793456,2.1899016,2.1899016,-9.652709742624666e-09
1.9406187163753816,1.927353,1.9273533,-2.755172729962396e-07
1.9779205948818848,2.0264778,2.0264778,1.3720703240238663e-08
2.015913248916287,2.1190093,2.1190093,-4.3637085056502656e-08
2.054366419969288,2.224368,2.224368,9.539794909585453e-08
2.0918985569850905,2.327012,2.3270118,2.62072753720588e-07
2.133575347168283,2.3939002,2.3939004,-2.4397888198635087e-07
2.183541443686254,2.4037802,2.40378,2.2193908710832488e-07
2.2475533092714883,2.3897064,2.3897064,-2.6785278439689364e-08
2.3249201683960883,2.3783944,2.3783944,-3.468933096328897e-08
1.4662861872186086,1.4502772,1.4502771,1.0928192129000536e-07
1.5973032790099695,1.5562159,1.5562158,8.23013306394671e-08
1.734767609061714,1.6593751,1.6593752,-1.28474426208669e-07
1.893415721969004,1.8252789,1.8252789,-2.1788024939795037e-08
2.076010719843432,1.9887272,1.988727,2.1195220956116145e-07
2.2744935548595184,2.1913614,2.1913614,2.7307129002451802e-08
2.486101124905672,2.4121644,2.4121644,4.969177247460266e-08
2.6636304355755125,2.6165679,2.616568,-1.4988708496588288e-07
2.8653368897217906,2.8182447,2.8182445,1.956634521071976e-07
1.4837858339253631,1.5452944,1.5452943,1.040298462928746e-07
1.7430569153964928,1.805441,1.805441,2.1919250414725866e-08
1.9422305259404773,1.9485501,1.94855,1.050949096637055e-07
2.1075561356174504,2.0771487,2.0771484,2.7591857909570194e-07
2.2447902071598955,2.1682408,2.1682405,2.855987548677774e-07
2.3592286862817,2.290914,2.290914,5.868530283947848e-08
2.45570700167815,2.4014442,2.4014437,4.967010496237378e-07
2.53698825546084,2.4735854,2.4735854,-3.279724136717732e-08
2.6051447742134632,2.5433147,2.5433145,1.9535827622263469e-07
3.61966376618664,3.5410736,3.5410736,-3.928527814167637e-08
3.583052663208035,3.4771724,3.477172,3.747253418673324e-07
3.540915356006244,3.4031312,3.403131,2.4656677233281243e-07
3.469765476632728,3.319616,3.3196166,-5.206695554704766e-07
3.369142508068888,3.2151117,3.215112,-2.675170898136514e-07
3.2487173077052995,3.1121547,3.1121545,2.222137451823869e-07
3.094213847965399,3.002376,3.0023763,-2.2044067371496112e-07
2.8943494618935155,2.8634183,2.863418,3.4068298360168114e-07
2.6459005303594583,2.629332,2.6293318,2.655822752828385e-07
2.643828203775764,2.6135035,2.6135035,-4.3884277545203076e-08
2.432911409257509,2.569112,2.5691123,-2.3754577638257501e-07
2.294295786659267,2.5003111,2.5003111,3.624572775251522e-08
2.2245274583415475,2.445072,2.445072,-6.434631361074139e-08
2.1660417969794987,2.3839242,2.3839245,-2.5416564941593833e-07
2.152917061949433,2.2955303,2.29553,3.192138673391298e-07
2.1374897418263727,2.2134356,2.213436,-3.5012817400925655e-07
2.131733279093888,2.1452458,2.1452458,-9.518432708688351e-09
2.1156151834429293,2.092343,2.092343,9.196472161576708e-08
1.9426910429590765,2.1058023,2.1058023,-2.4078370408631145e-09
1.9454541450706693,2.3087146,2.3087144,2.2821960454777468e-07
1.9127574367501536,2.399774,2.399774,7.455444350767948e-08
1.8947972730248004,2.4256046,2.4256046,-1.8167114479439306e-08
1.953743451405448,2.4745123,2.4745126,-2.6136169450907687e-07
2.0534453859320903,2.5152917,2.5152917,-9.173584114563482e-09
2.1658115384702,2.559033,2.559033,-8.297729481299143e-08
2.285085446287291,2.5870824,2.5870826,-2.1398315430687376e-07
2.371432387274568,2.4952528,2.495253,-1.5232849115420777e-07
1.7792075013564994,1.7004662,1.7004662,-4.399414055278328e-08
1.8627913402321832,1.6796744,1.6796745,-1.1302185054518077e-07
1.947526471654364,1.6838249,1.6838249,-3.187561103956682e-09
2.035254963697437,1.6996897,1.6996897,4.590301516671502e-08
2.1121613058034385,1.7222483,1.7222484,-8.418884278604821e-08
2.17341006927708,1.8113397,1.8113396,1.3598480230747612e-07
2.215086859460272,1.9047956,1.9047955,1.4666748038294486e-07
2.2249879753601465,1.981057,1.9810572,-1.5215606685714533e-07
2.18883738940014,2.0601013,2.0601013,-2.9324340733438703e-08
-0.9790591815410684,-0.8824681,-0.8824681,-4.36248781543469e-09
-0.7911682379527543,-0.69399333,-0.6939932,-1.300018310779194e-07
-0.6088034985876258,-0.55492175,-0.55492175,3.746032706253288e-09
-0.4264387592224973,-0.37081215,-0.3708122,5.214424131372297e-08
-0.2500607410991534,-0.19759375,-0.19759381,6.14305114832181e-08
-0.0759853080688035,-0.049464956,-0.049464956,7.405853014175179e-11
0.0955572813592529,0.13964501,0.13964501,2.329254011890214e-10
0.261803925073423,0.31352448,0.31352448,4.63439941977839e-09
0.4275900517689943,0.49570867,0.49570867,4.192428570970463e-09
-0.3050925248217111,-1.0701939,-1.0701939,1.3243103058613315e-08
-0.201476195636979,-0.93728876,-0.9372889,1.388610839647697e-07
-0.0352295519228089,-0.789588,-0.7895881,1.2545166017119413e-07
0.1694702628443617,-0.6286322,-0.62863207,-1.178433227666531e-07
0.4213730720179104,-0.42702785,-0.42702785,-1.343154920618872e-09
0.6797231194518424,-0.19170767,-0.19170764,-3.0688629137909373e-08
0.8003785783247304,0.053391248,0.053391263,-1.5012252808921378e-08
0.8738310427912405,0.24789633,0.24789633,-1.4315414409438176e-09
1.0391566524682128,0.5106515,0.5106516,-7.116470335244429e-08
-0.6028167773458412,-0.66843677,-0.66843677,4.329223646237779e-09
-0.5067989789679895,-0.59682345,-0.59682345,-3.903198209087577e-09
-0.409169371025042,-0.501102,-0.501102,2.9327392625511095e-08
-0.3083161439519027,-0.35165867,-0.3516586,-7.209434510491164e-08
-0.2056208488043683,-0.20566386,-0.20566386,1.557922402195544e-10
-0.0950967643406541,-0.052073076,-0.052073106,2.963262176608472e-08
0.0241771434764374,0.06683698,0.06683697,1.2965469364800697e-08
0.1510495821004094,0.17905584,0.17905584,-2.2300719604295693e-10
0.2869021025870581,0.30640176,0.30640176,-6.139374009173082e-10
0.1779898276884397,0.2143036,0.21430361,-1.2192115789178004e-08
0.1082214993707201,0.19384728,0.1938473,-1.627902984635554e-08
0.1086820163893189,0.17451881,0.17451881,-1.2775039637258345e-09
0.1135174450846064,0.17977814,0.17977814,3.76354217235253e-09
0.1386156225982415,0.19925569,0.19925569,-2.1400464733645208e-11
0.1768385351419427,0.22872998,0.22872998,-1.7962265008719669e-09
0.2150614476856439,0.2520789,0.2520789,-9.199523920422337e-09
0.2548961697944409,0.28530225,0.28530225,1.5773773398564117e-09
0.3370984576143283,0.3326788,0.3326788,-5.139160152989319e-09
0.1287145066983671,0.19797847,0.19797845,1.674919128391572e-08
0.0598672124178451,0.16251412,0.1625141,2.0340347295366712e-08
0.0269402455880303,0.13081717,0.13081717,4.911499013049436e-09
0.0499660965179708,0.10560524,0.10560524,-2.8140449553903935e-09
0.0727616889386118,0.1081494,0.1081494,1.843547814406321e-09
0.1165108057054987,0.14369635,0.14369635,2.839469909199366e-09
0.1685492288071641,0.18746813,0.18746813,-3.583793650729916e-09
0.2270348901692129,0.24508043,0.24508043,-3.6646652101790522e-09
0.2905862387358486,0.31641123,0.31641123,-3.0121612426547983e-09
2.7479050499790945,2.8319087,2.8319087,2.850341740412432e-09
2.3928464286394124,2.5700421,2.5700421,3.333129861005091e-08
2.0723265836946414,2.2526596,2.2526596,-4.075012194348915e-08
1.7789772428471995,1.9182483,1.9182482,9.5783996512111e-08
1.5208574539225672,1.5901707,1.5901707,4.108123774493322e-08
1.28783584251157,1.3106039,1.3106037,1.5704040534636476e-07
1.0635640544539495,1.1040974,1.1040974,-3.366699208307011e-08
0.8570221716123838,0.9350778,0.9350778,-1.3554382283231803e-08
0.6557762344847042,0.6988901,0.6988901,-1.001129146249724e-08
2.8931981693470186,3.0323508,3.032351,-2.2142028788252333e-07
2.573369099930145,2.8179777,2.817978,-3.3314514169546783e-07
2.258835976227159,2.6191852,2.619185,2.0927429211781146e-07
1.9638748258146217,2.3903346,2.3903348,-1.9382934590694845e-07
1.682959444469348,2.0468605,2.0468607,-2.4353332506166225e-07
1.420464743868027,1.7322173,1.7322174,-8.814086904784801e-08
1.1704040027688736,1.4690547,1.4690547,-1.0559082497252348e-09
0.9300141190602952,1.1696827,1.1696829,-1.5883483883705196e-07
0.6923873374633096,0.83002996,0.83002985,1.1444702152640929e-07
1.5346729644805317,1.6705718,1.6705717,1.0404663086660548e-07
1.3166181561739954,1.4709823,1.4709826,-2.8684387198829597e-07
1.1162932530835137,1.2205414,1.2205414,-4.2005920519727624e-08
0.9336982552090856,1.0764343,1.0764343,-4.535369879654638e-08
0.8052140070200179,0.95829844,0.95829844,4.7479248310722255e-09
0.66130243870789,0.8014556,0.8014556,1.6950988723785088e-08
0.5710411030625234,0.6781591,0.6781591,1.769866941891962e-08
0.4805495089078573,0.5912696,0.5912696,1.2312316943763335e-08
0.4388727187246651,0.5117537,0.5117537,-2.1678161599147927e-08
0.3895973977345925,0.3529726,0.3529726,-3.116226221511198e-09
0.4190704869249163,0.3460408,0.3460408,-1.4687347393849137e-08
0.4432476304013538,0.34352314,0.34352314,4.721984858679917e-09
0.4593657260523122,0.36249697,0.36249697,2.084045436223647e-09
0.4665037398405937,0.39579618,0.39579615,2.977142332660776e-08
0.4694971004614859,0.40257335,0.40257332,2.7091674792423248e-08
0.4678852908963901,0.4154911,0.41549107,3.412597654461891e-08
0.4653524472940967,0.44374162,0.44374162,-4.1305542319847177e-10
0.4609775356174079,0.47167847,0.47167847,-4.395217911845606e-09
0.1998643860718832,0.25378963,0.25378963,3.5124969599564793e-09
0.24361350283877,0.2732929,0.2732929,-8.682251029235033e-10
0.2836784834568664,0.28459144,0.28459144,-3.6138915748828992e-09
0.3101582120262979,0.30201995,0.30201998,-2.627227785323427e-08
0.3239737225842622,0.31817418,0.31817418,3.36868288819403e-09
0.3331840629562384,0.3508568,0.3508568,1.0808181738486411e-08
0.3373287161236277,0.3787024,0.3787024,2.1148681694782567e-09
0.3433154373654122,0.4152153,0.4152153,1.3434600820705356e-08
0.3497626756257956,0.4594578,0.4594578,1.4693450900438165e-08
3.319636928569516,3.6309905,3.6309907,-1.9478149404505984e-07
2.9466181435044807,3.4642394,3.4642394,-4.109802231866411e-08
2.5818886647742234,3.225068,3.2250679,1.9234619141883513e-07
2.230283921074033,2.943966,2.9439662,-2.881347658245659e-07
1.901244511285184,2.6569884,2.6569886,-2.1766052249461154e-07
1.5892442311844903,2.1847482,2.184748,1.727600098533344e-07
1.2933620467347555,1.7392585,1.7392584,1.2775573732248802e-07
1.0053086516012004,1.3852617,1.3852618,-1.4514617929783924e-07
0.7255445628024239,0.91454494,0.91454494,-5.187961171770894e-12
2.813758983638724,2.7732728,2.7732725,2.5276184079103814e-07
2.748135308488394,2.6425214,2.6425216,-2.186218259758732e-07
2.673071034456788,2.5430532,2.5430534,-2.498229978442623e-07
2.596855467878685,2.4636617,2.4636612,4.7068481423551134e-07
2.49070629509166,2.270055,2.2700548,2.5561828609355075e-07
2.3502486044190225,1.9626061,1.9626062,-1.275741576822753e-07
2.133114830149684,1.7300041,1.7300041,-2.7810668878913702e-08
1.8077595565096247,1.3766466,1.3766466,3.791656499885221e-08
1.3269797890924688,0.9447937,0.9447937,1.171875041450221e-09
-0.9191919691232232,-0.9894196,-0.98941946,-1.1950592038179053e-07
-0.7720567816809035,-0.896791,-0.896791,1.8707275395435374e-08
-0.6309083154803686,-0.76721704,-0.76721716,1.199380492700186e-07
-0.5021938087820014,-0.60827315,-0.60827327,1.2146331784812503e-07
-0.3656505127674544,-0.4448652,-0.44486514,-5.694328308880614e-08
-0.2189758423437337,-0.26747218,-0.26747218,2.2560882606548205e-09
-0.0660841921689291,-0.07346356,-0.07346356,8.493041964152681e-10
0.0743734985037076,0.108854,0.10885402,-1.67494010883118e-08
0.2210481689274284,0.2690785,0.2690785,-6.881713865425354e-09
-0.2852902930219623,-0.24408334,-0.24408332,-2.493637085709821e-08
-0.235093937994692,-0.18390015,-0.18390018,3.232353210091965e-08
-0.1775293106698409,-0.1045644,-0.1045644,1.4728546160469591e-09
-0.1070702068242231,-0.019953355,-0.019953325,-3.019313812163693e-08
-0.0396044635994975,0.0906888,0.090688795,7.3018836949101384e-09
0.0262494700601321,0.16515389,0.16515389,8.481597923992723e-10
0.0934849547755582,0.22888452,0.22888452,-1.853485115388409e-09
0.1676281947699665,0.30368248,0.30368248,-3.717880225906356e-09
0.2689419388617046,0.37591705,0.37591705,-2.7378082023687966e-09
-0.2139101551391468,-0.29513538,-0.29513544,6.116241457743143e-08
-0.1063794312963249,-0.23064572,-0.23064575,3.380966187571666e-08
0.0052959457138863,-0.13713807,-0.13713807,1.3240051277563225e-09
0.0884192675709713,-0.005383566,-0.005383551,-1.5021919250179927e-08
0.1655558681862719,0.13220431,0.13220431,-8.941268836437644e-10
0.2403898837085784,0.25276124,0.25276124,4.7738647479533824e-09
0.330651219353945,0.3363906,0.3363906,1.4509582535460197e-08
0.4266690177317966,0.4234451,0.4234451,5.552673321140844e-09
0.5219960405817502,0.5594318,0.55943173,6.130554197625315e-08
-0.3377892331422265,-0.3140764,-0.31407645,5.615730286345766e-08
-0.2719352994825968,-0.21136361,-0.21136364,2.6394500723947445e-08
-0.1913448212278052,-0.10274723,-0.10274717,-6.172187805297824e-08
-0.1022347781289356,-0.0072819293,-0.0072819144,-1.4854531860640507e-08
-0.0218745583834434,0.047451288,0.047451302,-1.4491989136500294e-08
0.0732222059572106,0.121321656,0.121321656,-1.9012069696344724e-10
0.1591086299258885,0.20942518,0.20942518,1.1504364128001043e-09
0.24361350283877,0.2930248,0.2930248,8.168411280706778e-09
0.3251250151307592,0.3627187,0.36271873,-2.8637390125929585e-08
-0.4476225420780425,-0.431505,-0.43150494,-5.463081359513566e-08
-0.402952391273958,-0.340399,-0.34039894,-5.7068405168170244e-08
-0.331802511900442,-0.27019808,-0.27019808,3.0365753245220617e-09
-0.2468371219689617,-0.1620012,-0.16200122,2.7430267335315506e-08
-0.1703912968815593,-0.072529465,-0.072529465,3.9901734694147706e-11
-0.0840443558942826,0.045096904,0.045096904,3.9382934413634274e-11
0.0260192115508327,0.1513675,0.15136749,1.042438507736776e-08
0.1655558681862719,0.25976118,0.25976118,4.453964252970621e-09
0.3101582120262979,0.39858276,0.3985828,-4.348068238790859e-08
0.4519974537547312,0.61366767,0.6136677,-3.3087921180730007e-08
0.4112416976087366,0.7972895,0.7972895,-9.300231917919177e-09
0.3886763636973949,0.865167,0.865167,2.1751403789238566e-08
0.383610676492808,0.8438374,0.8438375,-1.195907592954626e-07
0.3886763636973949,0.7751229,0.775123,-1.1906433106112502e-07
0.4117022146273353,0.74439096,0.74439096,4.5080565946875595e-09
0.442787113382755,0.7317411,0.7317411,-2.925262454489541e-08
0.4817008014543544,0.70815957,0.70815957,-4.074401815934436e-09
0.5305156054258282,0.7398635,0.7398635,1.4900207512269503e-08
2.113082339840636,2.1508908,2.1508906,2.271789552032999e-07
2.0014069628304245,2.0618942,2.0618942,-2.1609496858587818e-08
1.881442279485435,1.9554458,1.9554458,-3.355102529134513e-08
1.7485831196196784,1.8556608,1.8556609,-1.0383453363793649e-07
1.5982243130471674,1.7299991,1.7299992,-1.346008300373569e-07
1.4257606895819133,1.4959586,1.4959587,-1.3333435067153232e-07
1.2231332013984373,1.099055,1.0990549,1.5180358881039524e-07
1.1151419605370163,0.70653534,0.70653534,-6.445312061842401e-10
0.6599208876520936,0.47885692,0.47885692,1.1959838674968637e-09
1.0485972513494886,1.1351691,1.1351693,-1.5155487065321438e-07
0.9267904999301037,1.0460868,1.0460867,8.817749019840448e-08
0.824095204782569,0.9895017,0.9895017,1.4706420858878744e-08
0.7414323999440828,0.92125463,0.92125463,4.857177771100396e-09
0.68064415348904,0.8638066,0.8638066,5.339050312969107e-09
0.6279149548594763,0.75148463,0.75148463,2.4920654428939315e-09
0.580481701943799,0.68827724,0.68827724,4.567871081384567e-09
0.5328181905188222,0.64693165,0.64693165,-1.745605437974973e-09
0.5114041491539776,0.5793946,0.5793945,7.893371578582276e-08
2.908625489470079,2.9546936,2.9546933,2.558319089907002e-07
2.752049703146484,2.8397317,2.8397317,-6.732177926238592e-09
2.573138841420846,2.7268877,2.726888,-2.9705810566937885e-07
2.376037557460556,2.6111326,2.6111329,-2.782348631491516e-07
2.1570617151168223,2.4392424,2.4392424,-3.702392570303914e-08
1.9065404569990696,2.192235,2.192235,-7.019043124500968e-09
1.6207896469585088,1.9174045,1.9174047,-1.6756744392054657e-07
1.2887568765487674,1.5241804,1.5241804,1.2292480366937752e-08
0.9007712883792708,0.9485173,0.9485172,1.2254028325386912e-07
0.5010425162355043,0.6336372,0.63363713,5.986511231181879e-08
0.5208447480352532,0.7246697,0.7246697,-5.09948727689391e-09
0.5381141362327085,0.9137385,0.9137385,-1.0848999032475604e-08
0.5533111978464693,1.0407056,1.0407056,-3.8362121479451616e-08
0.5668964498951341,1.0373425,1.0373425,4.837036127192107e-08
0.5779488583415056,1.0453115,1.0453116,-1.490417480543016e-07
0.5855473891483859,1.0394307,1.0394307,3.749542232256431e-08
0.5887710082785775,0.9892355,0.98923564,-1.1963714596774366e-07
0.5894617838064757,0.87250555,0.87250555,-4.383850060740713e-09
0.1197344248356903,0.087296985,0.087297,-1.491022109945117e-08
0.2030880052020748,0.15568568,0.15568566,1.812442779192125e-08
0.2740076260662915,0.26266158,0.2626616,-2.3728942866174663e-08
0.3364076820864301,0.35150367,0.35150367,2.1560669916098618e-10
0.3965051530135747,0.4395703,0.4395703,7.731628393070622e-09
0.4499251271710365,0.52242804,0.52242804,-4.263915998059531e-09
0.4975886385960132,0.5792475,0.5792475,-2.5329589870004554e-08
0.5388049117606067,0.606139,0.60613906,-5.576950068419961e-08
0.5691990349881282,0.67611885,0.67611885,7.080077635279736e-10
0.3193685523982741,0.21542661,0.21542662,-1.1079902662025631e-08
0.3649597372395562,0.3033043,0.30330434,-2.538665772044979e-08
0.406406268913449,0.39185423,0.39185423,-3.41079714472059e-09
0.4437081474199527,0.51683855,0.51683855,5.676269454468752e-10
0.4777864067962645,0.6088905,0.60889053,-5.61573791912906e-08
0.5077200130051871,0.67301863,0.67301863,4.31930546884729e-09
0.5360418096490139,0.73020494,0.73020506,-1.2015777584029053e-07
0.5602189531254513,0.72619855,0.72619855,4.0390014666158436e-09
0.5777185998322062,0.74509263,0.7450925,1.3038635249262853e-07
-0.3697951659348438,-0.24245536,-0.24245536,-3.2736205968220133e-09
-0.2928888238288426,-0.095374316,-0.095374316,2.290344303101932e-11
-0.2018215834009281,-0.029612511,-0.029612482,-2.9396408082055236e-08
-0.1157049009229508,-0.008815721,-0.008815721,3.2262420686379745e-10
-0.0516930353377163,0.019165382,0.019165367,1.478920745937029e-08
0.0314302865193687,0.1043241,0.10432409,1.2401733404110438e-08
0.1228429147112323,0.16646951,0.1664695,1.436996460713047e-08
0.2132193796112486,0.25431323,0.25431323,5.145263659578347e-10
0.296227572213684,0.34324926,0.34324926,1.3792419428781955e-09
0.3688741318976462,0.4649225,0.4649225,-1.226425172529133e-08
0.3803870573626164,0.4689548,0.4689548,1.5594482372094376e-09
0.3877553296601973,0.46544218,0.4654422,-1.9366455050739972e-08
0.4020313572367604,0.47717938,0.4771794,-2.172889707052761e-08
0.4110114390994371,0.46836033,0.46836033,4.634780892409651e-09
0.4181494528877187,0.45100924,0.45100924,3.726730368747155e-09
0.4229848815830062,0.44120964,0.44120964,4.079208359986097e-09
0.4241361741295033,0.43833444,0.43833447,-3.4775466895009544e-08
0.4227546230737068,0.43640155,0.43640155,-3.998565700769063e-09
-0.5132462172283728,-0.5071089,-0.5071089,-2.6773071315489005e-08
-0.4112416976087366,-0.39119902,-0.39119908,5.7468490577416986e-08
-0.307855626933304,-0.31146953,-0.31146953,4.901199335272111e-09
-0.2010156786183802,-0.22096011,-0.22096014,2.9574050902647642e-08
-0.0962480568871511,-0.11530164,-0.11530161,-2.884162902949683e-08
0.0191114562718505,0.029245451,0.029245436,1.509272003208384e-08
0.1390761396168403,0.14139563,0.14139563,-1.5476989689844345e-09
0.2647972856943152,0.27227786,0.27227786,1.8335724050189128e-09
0.3965051530135747,0.43245652,0.43245652,3.1800079236532497e-09
1.1892852005314247,1.0199671,1.0199671,-2.0837402248119474e-08
1.102938259544148,1.0849164,1.0849164,-4.6774291995177464e-08
1.1139906679905194,1.0874488,1.0874488,3.537292481148313e-08
1.1466873763110348,0.9830768,0.9830768,1.0836792019297548e-08
1.1724763293525682,0.8860538,0.8860538,5.828857396750209e-10
1.1777722750664543,0.78280914,0.78280914,-1.7019653464345197e-09
1.137707294448358,0.6845999,0.6845999,-2.3596191445207637e-08
1.0598799183051593,0.62787944,0.6278794,4.0784454369280354e-08
0.9383034253950736,0.5725318,0.5725318,1.9343566859397754e-08
1.4976013444833274,1.440677,1.4406768,2.4677581778043134e-07
1.4038861311984698,1.3508483,1.3508483,1.7146301267700892e-08
1.3087893668578157,1.2416375,1.2416375,-3.1661987254238966e-08
1.2118505344427664,1.1544375,1.1544375,4.196166991654593e-08
1.1162932530835137,1.1423576,1.1423577,-1.1218566897674975e-07
1.013597957935979,1.1421458,1.1421459,-1.470932007308079e-07
0.9118236968256422,1.0988412,1.0988412,-9.66186530781954e-09
0.8091284016781077,0.98415375,0.98415375,-2.441406299347193e-09
0.7032094874003816,0.8376756,0.8376756,-2.8558349574048236e-08
1.3150063466088997,1.3225964,1.3225963,1.3077850335996288e-07
1.1906667515872211,1.2135167,1.2135167,1.2188720699413125e-08
1.080833442651405,1.1226457,1.1226456,1.3574066159982578e-07
0.9813617666340624,1.0841814,1.0841813,1.2795562742695665e-07
0.8885675873864024,1.0444179,1.0444179,-4.1876220713277235e-08
0.8012996123619279,0.970744,0.97074413,-1.1621368412040312e-07
0.717715773486244,0.86018014,0.86018,1.3954162603191378e-07
0.6467961526220275,0.7425833,0.7425833,-2.5158691352444862e-08
0.579330409397302,0.6371379,0.6371379,-1.013793948789754e-08
0.13147760880996,0.19425157,0.19425157,-2.8746795777134793e-09
0.1660163852048707,0.23440833,0.23440833,3.897590639123649e-09
0.1998643860718832,0.2644462,0.2644462,-1.0597229205266956e-09
0.2330216114109974,0.2843846,0.2843846,8.268737805572357e-09
0.2661788367501116,0.29446083,0.2944608,3.307266233099071e-08
0.2984150280520283,0.30680478,0.30680478,-3.8082885733814464e-09
0.329499926807448,0.32959113,0.32959113,-4.75013733902685e-09
0.3601243085442688,0.36925375,0.36925375,4.6157836997018364e-09
0.3893671392252931,0.40753087,0.4075309,-2.5986099216890324e-08
0.074603757013007,-0.17086083,-0.17086086,3.303085327477362e-08
0.2040090392392724,-0.08745876,-0.08745876,4.537200892773541e-10
0.291967789791645,0.077041,0.077041,1.2779236002735672e-10
0.3633479276744604,0.22293128,0.22293127,1.0732154859249832e-08
0.4248269496574015,0.31580967,0.31580967,-2.889556871554788e-09
0.4761745972311687,0.36769253,0.36769253,1.551818673561911e-10
0.5199237139980556,0.44368553,0.4436855,3.161621092706568e-08
0.5592979190882538,0.5170281,0.5170281,-6.6619872951534376e-09
0.5779488583415056,0.6269746,0.62697446,1.226721191294189e-07
0.0423675657110904,-0.2153058,-0.2153058,-5.20629883649093e-09
0.1621019905467808,-0.11655849,-0.11655846,-3.2183685300113396e-08
0.2558172038316385,0.011264592,0.0112645775,1.4909133911819583e-08
0.3352563895399331,0.13572007,0.13572007,4.176788331866632e-09
0.4061760104041497,0.24279052,0.2427905,2.019119263452218e-08
0.4614380526360068,0.30522925,0.30522925,-3.3836364821127063e-09
0.509331822570283,0.36917606,0.36917606,-3.868100284520892e-11
0.5452521500209901,0.46899793,0.4689979,2.551994321420281e-08
0.5726529126276192,0.589144,0.58914405,-5.8529663116146935e-08
0.6424212409453388,0.6964189,0.6964189,-1.8583679151085164e-08
0.6375858122500513,0.74645185,0.74645185,4.7058105190345145e-09
0.632289866536165,0.77856195,0.77856195,-2.700805135091855e-10
0.627224179331578,0.8076849,0.807685,-1.0162353514253653e-07
0.6216979751083924,0.8183968,0.8183968,6.716918909965841e-09
0.6164020293945061,0.8341203,0.8341203,-2.64099121460859e-08
0.6111060836806198,0.85300565,0.85300577,-1.2234069823868765e-07
0.604428586910937,0.8392601,0.8392602,-9.868164063675522e-08
0.5972905731226555,0.7991762,0.7991762,1.6125488278007083e-08
-0.45245797077333,-0.5992309,-0.59923077,-1.1550567624585284e-07
-0.3366379405957295,-0.5015824,-0.5015824,1.589050291350702e-08
-0.2302585092994046,-0.40572652,-0.40572652,-2.207260152431445e-09
-0.1347012279401516,-0.30913493,-0.30913493,-3.7223818472043035e-10
-0.0214140413648446,-0.21008876,-0.21008876,3.3927918807741264e-10
0.1395366566354391,-0.074673414,-0.074673414,-2.3034668616972453e-10
0.2530541017200456,0.062113285,0.062113255,3.00646972664631e-08
0.3930512753740836,0.21399161,0.21399161,2.195968629159495e-09
0.5383443947420079,0.37510216,0.3751022,-3.763885497720665e-08
-0.0550317837225576,-0.09756836,-0.09756836,-2.951278679774738e-09
0.0064472382603833,-0.045342848,-0.045342848,2.9511260796200034e-10
0.0725314304293124,0.031854197,0.031854197,3.829269401567359e-10
0.1269875678786216,0.099148974,0.09914899,-1.6177406317319232e-08
0.1807529298000326,0.16404295,0.16404295,-3.23486321063271e-10
0.241310917745776,0.22974077,0.22974077,-1.3289642442071425e-09
0.3072799806600554,0.28230712,0.28230715,-3.182258606626576e-08
0.3800416695986672,0.3665781,0.3665781,2.111816388428167e-09
0.4586749505244139,0.47155452,0.47155452,-2.2540282973437797e-09
0.6488684792057221,0.5181807,0.5181807,2.7958679149620025e-08
0.721630168144334,0.55892897,0.55892897,-3.4777831725563146e-09
0.7513335158439571,0.56411076,0.56411076,-4.07958988812851e-09
0.7446560190742745,0.618953,0.6189529,8.957824704225459e-08
0.7080449160956691,0.6364869,0.6364869,-1.2068176236113004e-08
0.7158737054118489,0.6641235,0.6641234,7.55516051942351e-08
0.6617629557264888,0.6788224,0.6788224,-1.8142700675127799e-09
0.6210071995804942,0.7056929,0.7056929,-1.2693786577422372e-08
0.611796859208518,0.76278174,0.76278174,-7.650756694843608e-10
-0.5995931582156496,-0.6375406,-0.6375406,2.1157836926910534e-08
-0.5001214821983068,-0.56529427,-0.56529427,4.25292967509705e-09
-0.4186099699063175,-0.48290184,-0.48290184,-1.402053806387471e-09
-0.3195988109075736,-0.38544038,-0.38544038,6.188202172907609e-10
-0.2309492848273028,-0.30139118,-0.30139118,-4.329986591500301e-09
-0.1061491727870255,-0.17559102,-0.17559105,2.8223800657700693e-08
0.0080590478254791,-0.008964017,-0.008964032,1.4966423034917797e-08
0.1305565747727624,0.14312461,0.14312461,1.8562315573511512e-10
0.2726260750104951,0.30128562,0.30128556,6.450408934766116e-08
-0.5505480957348764,-0.5363575,-0.5363575,-2.201080318009474e-08
-0.4540697803384258,-0.44255808,-0.44255802,-5.995796203972503e-08
-0.352295519228089,-0.35824993,-0.35824987,-6.252754208846412e-08
-0.2443042783666682,-0.24931756,-0.24931762,6.338035582476031e-08
-0.132628901356457,-0.11679566,-0.11679566,9.347534135617508e-10
-0.0172693881974553,0.017303303,0.017303303,-1.1589813136980709e-10
0.1079912408614207,0.1330718,0.1330718,-4.894065847027562e-09
0.2357847135225903,0.266874,0.266874,-1.4471054077258572e-08
0.3773936967417241,0.42638823,0.42638823,3.900070211226847e-09
1.8298643734023683,1.7502134,1.7502134,-1.5371704131794672e-08
1.6917092678227257,1.6509368,1.6509366,2.4196472159232485e-07
1.5517120941686875,1.5425843,1.5425842,1.0004119865847372e-07
1.4054979407635655,1.4559233,1.4559233,1.886291500774462e-08
1.2493826714585692,1.348462,1.348462,-1.4411926319013446e-08
1.090964817060579,1.1932284,1.1932282,1.6399078361928332e-07
0.925869465892906,1.0228447,1.0228448,-1.2779693614461962e-07
0.7600833391973346,0.8348942,0.8348942,-1.9702148468248026e-08
0.5968300561040567,0.6328329,0.6328329,-1.5211486847910294e-08
1.4849371264718605,1.5346079,1.5346079,-1.2731933507481585e-08
1.3200720338134866,1.3953685,1.3953685,-4.315948487487731e-08
1.1897457175500237,1.3217335,1.3217335,-2.526855458206967e-08
1.065406122528345,1.2519188,1.2519188,-7.275390734307052e-09
0.9433691125996606,1.1976861,1.1976861,-2.3835754481282834e-08
0.8459697631660125,1.1516464,1.1516464,-2.434387202931987e-08
0.7501822232974601,1.0377535,1.0377535,-3.720855712430193e-08
0.662453731254387,0.8541968,0.8541968,-1.3119506814263104e-08
0.5447916330023913,0.6871686,0.6871685,9.817504886822093e-08
3.039182064242841,3.1577344,3.1577344,-5.926513502174657e-09
2.910467557544474,3.0775163,3.077516,3.173675535705911e-07
2.7589574584254657,2.9803488,2.9803488,2.5454712115902112e-08
2.585112283904416,2.8361855,2.8361855,-4.467773440097744e-08
2.377879625534951,2.5644886,2.5644886,4.9368286347828416e-08
2.1298912110194927,2.3152456,2.3152459,-2.716430662630387e-07
1.823417135141985,2.0297687,2.0297687,5.3680420109003535e-09
1.4503983500769495,1.6540709,1.6540709,-4.581298829187119e-08
0.9836643517270564,1.0017116,1.0017116,6.979370192894407e-09
-0.3269670832051545,-0.32687196,-0.32687196,-1.3552093336421933e-09
-0.2293374752622069,-0.19546214,-0.1954622,6.25392913844447e-08
-0.1386156225982415,-0.09556982,-0.09556979,-2.9211959837183166e-08
-0.0649328996224321,-0.023293793,-0.023293793,-2.0144653306575222e-10
0.0002302585092994,0.03241852,0.032418534,-1.4741500853343581e-08
0.0591764368899469,0.116305016,0.11630503,-1.4018802646509343e-08
0.1360827789959481,0.19872475,0.19872475,-3.295898443056444e-09
0.242462210292273,0.2954065,0.29540652,-2.9435653692289065e-08
0.3430851788561128,0.44356918,0.44356918,3.3496093676532723e-09
0.4793982163613604,0.507095,0.507095,-2.0713806114791566e-08
0.4989701896518098,0.54864466,0.54864466,1.903381341428201e-09
0.5185421629422592,0.61682916,0.61682916,-3.1243896359001155e-09
0.5383443947420079,0.68306834,0.6830683,3.5056304970026986e-08
0.5565348169766609,0.71926785,0.71926785,-4.846191448137915e-09
0.5602189531254513,0.74954295,0.74954283,1.2158386231142515e-07
0.5604492116347508,0.7693893,0.7693893,-2.826385503418294e-08
0.5636728307649425,0.75867724,0.75867724,4.186401336703227e-09
0.559988694616152,0.755842,0.7558421,-1.295562743752754e-07
0.8823506076353184,1.1257024,1.1257023,8.113403326959201e-08
0.8742915598098392,1.3833717,1.3833716,1.1077728268027442e-07
0.8678443215494559,1.5271214,1.5271213,1.2467498788915066e-07
0.8604760492518749,1.6278001,1.6278001,7.002258328725475e-09
0.8501144163334017,1.7098196,1.7098197,-1.4471740716892612e-07
0.8351476132289405,1.5585101,1.5585103,-2.3492126466351237e-07
0.7976154762131374,1.3694642,1.3694642,-4.09881590890393e-08
0.7600833391973346,1.2248831,1.2248832,-1.204711914670753e-07
0.6350529686477578,1.0456785,1.0456784,9.636077891173045e-08
1.1130696339533217,1.2142774,1.2142774,-1.3334655823982189e-08
1.0865899053838903,1.3768146,1.3768147,-9.619445795472359e-08
1.0578075917214649,1.4780415,1.4780416,-7.034454352350394e-08
1.027873985512542,1.5793325,1.5793325,-2.9106140164714134e-08
0.988039263403745,1.5898981,1.5898981,9.436035064425141e-09
0.9406060104880676,1.4224749,1.4224747,1.6114501955044602e-07
0.9113631798070432,1.2745991,1.2745991,-2.4682617283389163e-08
0.8061350410572156,1.1745436,1.1745436,1.9155883768107174e-08
0.7089659501328668,1.0196676,1.0196676,2.5427246086451305e-08
-0.4543000388477252,-0.48932353,-0.48932347,-5.6620864885559286e-08
-0.3592032745070712,-0.42649093,-0.42649093,-2.7030181981579915e-09
-0.26295521761992,-0.34224758,-0.34224764,6.447853090341127e-08
-0.1475957044609183,-0.21333101,-0.21333101,-3.917922986040878e-09
-0.0248679190043356,-0.06834763,-0.06834763,-2.884979241613017e-09
0.0759853080688035,0.059250295,0.059250295,1.6220092630137017e-10
0.1667071607327689,0.17718008,0.17718008,1.6059112650790297e-09
0.2698629728989021,0.2914417,0.2914417,8.803176854144112e-09
0.3930512753740836,0.4421565,0.4421565,-6.336212166058175e-09
-0.1307868332820618,-0.11269438,-0.11269435,-3.266754150521578e-08
-0.0377623955251023,-0.03201206,-0.03201203,-3.0284614566111756e-08
0.0483542869528749,0.0409714,0.040971383,1.5353576660048773e-08
0.1280237311704689,0.116162546,0.116162546,-2.0977025672053173e-11
0.1994038690532843,0.20639555,0.20639554,1.1562309276680338e-08
0.2668696122780099,0.28921735,0.28921735,2.8671264806767738e-09
0.3092371779891004,0.350823,0.350823,-1.4827728267441387e-08
0.3555191383582807,0.41616565,0.41616565,-1.0910033987343581e-10
0.3994985136344669,0.4580487,0.4580487,1.2863159426501625e-09
0.8339963206824434,0.94037604,0.94037604,3.31970217981592e-09
0.8524170014263958,1.1142622,1.1142622,2.3243713398457544e-08
0.8623181173262702,1.1761445,1.1761445,-1.9294738695663227e-08
0.8475815727311082,1.0669293,1.0669293,4.0362548858752234e-08
0.8077468506223113,1.0224911,1.022491,9.745025630891746e-08
0.7524848083904542,0.88648224,0.8864821,1.3876953119940083e-07
0.6774205343588483,0.70901144,0.70901144,-4.4912720209566714e-09
0.5908433348622721,0.63529396,0.63529396,5.712890160936013e-10
0.5054174279121931,0.5549591,0.55495906,5.8366241506568883e-08
-0.5680477424416311,-0.55895054,-0.55895054,-3.40362549255957e-09
-0.4782469238148633,-0.426133,-0.42613307,6.31888580349127e-08
-0.3852224860579039,-0.33993652,-0.33993652,-4.629592875726729e-09
-0.289665204698651,-0.24188319,-0.24188322,3.1513900766722e-08
-0.1968710254509909,-0.14695698,-0.14695701,2.9771575926762495e-08
-0.1033860706754326,-0.043954447,-0.043954447,8.818817204270246e-11
-0.0048354286952874,0.046721995,0.046721995,-1.2313843000821834e-10
0.0969388324150493,0.13586433,0.13586432,1.2318305958602949e-08
0.2023972296741766,0.22681047,0.22681047,2.2342683259068963e-10
-0.6875519087680221,-0.599983,-0.599983,2.3086547895623255e-08
-0.56459386480214,-0.3884652,-0.38846514,-5.589424134644361e-08
-0.4397937527618628,-0.21486485,-0.21486482,-3.004425047636872e-08
-0.3154541577401843,-0.10129127,-0.10129133,6.09360504139067e-08
-0.1989433520346855,0.02764687,0.027646884,-1.457899475101887e-08
-0.0817417708012886,0.08345444,0.08345444,-2.4461174058520996e-09
0.0428280827296892,0.14637549,0.14637549,2.2151565581829402e-09
0.1597994054537868,0.24223654,0.24223654,-2.7851104755782785e-10
0.2710142654453992,0.31999272,0.31999272,1.0807800210343999e-09
0.4770956312683663,0.41761976,0.41761976,4.804840081362727e-09
0.5549230074115651,0.42588058,0.42588058,1.1405181798984643e-09
0.6382765877779495,0.44508713,0.44508713,4.838104250559638e-09
0.6843282896378304,0.50093096,0.50093096,4.94674678996887e-09
0.6836375141099322,0.5643362,0.56433624,-5.931304936090953e-08
0.6735061397007583,0.5729427,0.5729426,7.416000369353526e-08
0.614099444301512,0.5406834,0.54068345,-6.128997798171554e-08
0.5335089660467204,0.47415403,0.474154,2.5316238383421563e-08
0.4266690177317966,0.3883747,0.3883747,-1.3758850114786725e-08
-0.5866986816948829,-0.48178408,-0.48178408,4.501419070823687e-09
-0.351144226681592,-0.24999157,-0.24999157,4.057235714061136e-09
-0.1777595691791403,-0.039344445,-0.03934443,-1.4870948791823047e-08
-0.0253284360229345,0.11048887,0.110488854,1.5249820711771278e-08
0.0822022878198874,0.18599758,0.18599758,-4.478530879481468e-09
0.1648650926583736,0.2380866,0.2380866,-3.86867524126977e-09
0.2323308358830992,0.27269563,0.27269563,7.888030784108935e-10
0.2956519259404355,0.3173618,0.31736183,-2.8137283336615582e-08
0.3513744851908914,0.379515,0.37951496,3.223709105215633e-08
0.2775766329604322,0.61337566,0.61337566,3.7573242295252385e-09
0.6969925076492978,1.0001469,1.0001469,-3.4155273498370775e-08
0.8860347437841088,1.1176084,1.1176083,1.280014036986188e-07
0.8893734921689502,1.0579864,1.0579864,-2.133026133499527e-08
0.8283549872046081,0.9435121,0.9435121,-1.7900085413913303e-08
0.7315312840442084,0.77373636,0.77373636,-2.311096203300167e-09
0.6370101659768028,0.66163623,0.66163623,3.329772901849992e-09
0.5606794701440503,0.57624924,0.57624924,1.8289184611219866e-09
0.4875723934414892,0.50319505,0.50319505,-2.621459938012549e-09
0.4038734253111556,0.32726675,0.32726675,2.7198791552329737e-09
0.5786396338694038,0.43581927,0.43581927,-1.7733764456906442e-09
0.7669910944763167,0.5926122,0.59261227,-6.306411748369101e-08
0.960638500797116,0.8247398,0.8247398,1.380462644196001e-08
1.1503715124598253,1.0416722,1.0416722,2.9766845655032625e-08
1.3437886602713252,1.2424397,1.2424399,-1.5314331047733276e-07
1.5284559847294474,1.4779811,1.477981,9.054565430766104e-08
1.722103391050247,1.6854903,1.6854903,-4.9412536728965506e-08
1.9159810558803447,1.9043276,1.9043276,3.099670409234534e-08
0.3638084446930592,0.24449423,0.24449423,-4.4487000194770587e-10
0.5254499182212412,0.33104134,0.33104134,-3.9404297047518355e-09
0.7068936235491721,0.5044099,0.5044099,9.248352084156863e-09
0.925408948874307,0.71771634,0.71771634,-3.749694776900014e-09
1.120668164760202,1.049947,1.049947,2.3391723669163866e-08
1.3198417753041871,1.251673,1.251673,-1.683044437150727e-08
1.5197061613760705,1.4204881,1.4204882,-8.087463387873584e-08
1.7117417581317735,1.6399621,1.6399622,-1.2285919193111283e-07
1.90285632085028,1.8682489,1.8682489,3.951416016612086e-08
0.4676550323870907,0.3992247,0.39922473,-3.1456451443645506e-08
0.7039002629282799,0.6569254,0.6569254,-1.9770050041501008e-08
0.9470532487484512,0.8901243,0.8901243,2.0983886739323054e-08
1.1952719217732093,1.1259193,1.1259195,-1.5795898433701439e-07
1.4487865405118536,1.3452818,1.3452818,3.937072756698967e-08
1.68226866894145,1.6141487,1.6141487,3.600006093229524e-08
1.8952577900434,1.8494531,1.8494531,-8.378601146219467e-09
2.121832163194014,2.103446,2.103446,6.774902416850637e-09
2.35139989696552,2.328489,2.328489,6.517028827701665e-08
4.2540259593065,4.1128006,4.112801,-4.0185546890114665e-07
4.239980190239236,3.9611843,3.9611843,-3.677063009632775e-08
4.212349169123307,3.8098192,3.809819,2.2149658196468636e-07
4.123469384533737,3.6605089,3.6605082,6.710784909991219e-07
3.9913010001958793,3.5090015,3.5090013,1.9345397950232268e-07
3.7829170492799182,3.369698,3.3696976,4.4763793960456155e-07
3.446739625702787,3.2306998,3.2306995,2.7760314935676433e-07
2.999577600643343,3.0881538,3.0881536,2.3911132807086233e-07
2.600079087008877,2.903515,2.903515,1.004791259084925e-07
1.766773541854331,1.5764264,1.5764264,-1.3166808976450284e-08
1.9643353428332204,1.673105,1.673105,1.4495848965623281e-09
2.1229834557405103,1.7995025,1.7995026,-1.0804901129368716e-07
2.245480982687793,1.959407,1.9594069,7.193145745709728e-08
2.371662645783867,2.1331992,2.1331992,1.493530277230093e-08
2.4886339685079646,2.253371,2.253371,2.8991697931246563e-10
2.589717454090404,2.3629856,2.3629856,1.09619140431505e-08
2.6894193886170457,2.5141892,2.5141895,-2.5668334968642625e-07
2.739155226625717,2.6514955,2.6514952,2.566955568106266e-07
0.1777595691791403,-0.0050152093,-0.005015224,1.4682792663991973e-08
0.4089391125157425,0.10080854,0.10080857,-3.1503505706909074e-08
0.6396581388337459,0.33491892,0.33491892,-3.774566659231482e-09
0.8722192332261447,0.6214994,0.6214995,-8.078765867391979e-08
1.1054711031464417,0.86408734,0.86408734,3.2159424012689897e-09
1.3391834900853372,1.0988697,1.0988697,-1.864166265796996e-08
1.5740471695707297,1.3435853,1.3435851,1.5276184073265142e-07
1.8072990394910269,1.63994,1.63994,2.3422241257620158e-08
2.0412416849392216,1.9727658,1.972766,-1.9666290285158539e-07
3.7769303280381337,3.6730502,3.6730502,-3.482360844131449e-08
3.723049836862073,3.547536,3.5475357,1.9630126946168502e-07
3.659959005314036,3.4311004,3.4311001,2.684997557622637e-07
3.5835131802266336,3.318812,3.318812,-1.065368651076426e-07
3.4840415042092907,3.2082348,3.2082348,-1.3012695365688387e-08
3.365228113410798,3.09371,3.0937102,-2.543212889172253e-07
3.2125667217452927,2.9653802,2.96538,1.9180297838872207e-07
3.027208621759272,2.8395216,2.839522,-3.535003663124314e-07
2.790042357180885,2.6674607,2.6674607,-1.999206533653819e-08
1.1305692806600764,1.1258607,1.1258606,9.107055665147357e-08
1.2164557046287543,1.1863809,1.1863809,-3.6810302805889705e-08
1.324907462508774,1.2827262,1.2827262,-3.1367492603351366e-08
1.4335894788980932,1.3966254,1.3966254,-4.104614426125863e-10
1.5604619175220649,1.506297,1.5062971,-1.0769805913746211e-07
1.699998574157504,1.6455772,1.6455772,-7.693481407500258e-09
1.8335485095511588,1.7989922,1.7989922,-4.3017578166271164e-08
1.984598091651568,1.9463427,1.9463427,6.680297870431673e-09
2.1328845716403846,2.118346,2.118346,-2.412414534802565e-08
1.1925088196616165,1.3083557,1.3083558,-1.109512328678619e-07
1.3318152177877562,1.4552367,1.4552367,-2.664489739956366e-08
1.5203969369039685,1.5955794,1.5955793,8.575744625538562e-08
1.672137294532276,1.7381178,1.7381178,1.4064025943838487e-08
1.805226712907332,1.8550637,1.8550637,-2.3165893647814073e-08
1.9221980356314288,1.9818594,1.9818594,4.557189936527095e-08
2.035024705188138,2.1393654,2.1393654,3.464660647267692e-08
2.229362887036835,2.2807674,2.2807672,2.407958983319247e-07
2.423931327394832,2.399486,2.3994863,-2.3508911128899967e-07
1.3944455323171945,1.3663619,1.366362,-1.4353942878742032e-07
1.536054515536328,1.4935682,1.4935682,-1.8008422753013065e-08
1.659473076520809,1.6205119,1.6205119,-1.0542297257387645e-08
1.768615609928727,1.7453622,1.7453622,-3.7409973119295614e-08
1.8669359933995724,1.885037,1.8850371,-1.5465698233185776e-07
1.956046036498442,2.0199618,2.019962,-1.6604614261339634e-07
2.037787807299731,2.1141016,2.1141014,2.4833068845708794e-07
2.1128520813313365,2.215022,2.2150218,2.8709716781705197e-07
2.1823901511397565,2.2879264,2.2879264,3.5470581138952184e-08
1.451319384114147,1.448613,1.4486129,1.4759979238831988e-07
1.5351334814991302,1.5427799,1.54278,-7.751464847771672e-08
1.6120398236051314,1.6104652,1.6104652,-3.104705803558261e-08
1.6827291859600488,1.6704541,1.6704543,-1.5552215582026463e-07
1.749504153656876,1.7544574,1.7544574,-4.545440668302092e-08
1.8112134341491164,1.8427304,1.8427304,2.9464721773564406e-09
1.8692385784925665,1.925707,1.925707,-1.7387390194301133e-08
1.923579586687226,2.027721,2.0277207,2.2819213851832387e-07
1.9744667172423944,2.1002138,2.1002138,-3.390197766961478e-08
1.5540146792616818,1.5135618,1.5135618,4.4825744671683765e-08
1.6051320683261496,1.5082557,1.5082557,2.0138549716719467e-08
1.675360913662468,1.5367897,1.5367895,1.556854247741768e-07
1.7637801812334393,1.6145601,1.6145601,2.7258300727694973e-08
1.849666605202117,1.7259825,1.7259825,4.68063354741588e-08
1.936704321717292,1.8441609,1.844161,-8.5578918396223e-08
2.028347208418455,1.9607776,1.9607778,-1.5965728761280218e-07
2.116305958970828,2.0586486,2.0586488,-2.1372680647502307e-07
2.209790913746386,2.1702845,2.1702845,9.658813304724845e-09
1.443260336288668,1.3614928,1.3614928,-4.697113031859601e-08
1.5671394142917476,1.4514018,1.4514018,2.9719543492845446e-08
1.6949328869529172,1.5485957,1.5485958,-1.331146239902381e-07
1.8220355840861888,1.6548104,1.6548103,1.2861938469832523e-07
1.9454541450706693,1.7739878,1.7739877,7.008056646107264e-08
2.0714055496574435,1.9418246,1.9418244,1.5539703368538937e-07
2.197126695734919,2.08268,2.0826797,2.869537354399654e-07
2.314328276968316,2.189672,2.189672,-6.74438460634974e-09
2.424161585904131,2.3660355,2.3660357,-2.3857421860284944e-07
-0.5565348169766609,-0.6608441,-0.6608441,1.2399292037557075e-08
-0.4499251271710365,-0.61393464,-0.61393464,3.883972143903236e-09
-0.3543678458117837,-0.5605924,-0.5605923,-1.1294860835509013e-07
-0.2719352994825968,-0.49107417,-0.49107412,-5.4642562863360666e-08
-0.194107923339398,-0.39283708,-0.39283702,-5.737922670334683e-08
-0.1201949418542892,-0.27518773,-0.27518773,-7.891845510421547e-10
-0.0573343688155517,-0.14363849,-0.14363849,-1.630554191667244e-09
0.002302585092994,-0.048145905,-0.048145905,-1.370620700269498e-10
0.0577948858341505,0.017691642,0.017691627,1.5045974730010236e-08
3.47275883725362,3.1249309,3.1249306,2.58612060655139e-07
3.506376579611333,2.906699,2.906699,-5.7815551901541085e-08
3.419569121605458,2.5726068,2.5726068,1.9866943645752144e-09
3.1941460410013405,2.1614752,2.1614752,-1.8420410086150696e-08
2.80754200388764,1.711272,1.7112719,1.012664794242113e-07
2.28969061647328,1.4087977,1.4087977,4.0936279255276986e-08
1.718188996392157,1.0972238,1.0972236,1.5869750980002095e-07
1.142772981652945,0.7141483,0.71414816,1.230047607103657e-07
0.62653340380368,0.4200657,0.4200657,1.0078430312532305e-09
3.898506820948219,3.7705865,3.7705867,-2.0936889644218581e-07
3.772094899342846,3.4176881,3.417688,1.3133239740170666e-07
3.539764063459747,3.0675144,3.0675144,1.955566419908905e-08
3.2107246536708978,2.585027,2.585027,-2.0553589052951793e-08
2.770009866871838,2.044983,2.0449831,-1.8984375005359766e-07
2.241566588029704,1.5647376,1.5647376,-4.163513178667699e-08
1.676051689190366,1.2321795,1.2321795,2.2514343278601245e-08
1.1202076477416032,0.78590727,0.78590727,-1.475830124775257e-09
0.5866986816948829,0.44489542,0.44489545,-3.350181582151279e-08
3.945709815354597,4.055498,4.055498,1.2316894526520628e-07
3.91347362405268,3.880248,3.8802485,-4.30236816395535e-07
3.772094899342846,3.6631975,3.6631975,1.7395019646926357e-08
3.503383218990441,3.4100304,3.41003,3.6499023448044454e-07
3.088227126723614,2.9418533,2.941853,2.8483581537841474e-07
2.5616259159558763,2.265948,2.265948,5.717468276600357e-08
1.9620327577402263,1.8053461,1.8053463,-1.6867523200403411e-07
1.346551762382918,1.283673,1.283673,4.801940911569602e-08
0.7458073116207715,0.694193,0.694193,5.561828664291113e-09
-0.0511173890644678,0.012498647,0.012498662,-1.502543640202747e-08
-0.0485845454621743,0.14684632,0.14684632,4.2053985571666175e-09
-0.0462819603691803,0.3952721,0.39527214,-3.406776427627989e-08
-0.0430583412389886,0.56462264,0.5646227,-5.9390258821956365e-08
-0.0382229125437011,0.61555666,0.61555666,-2.685699440618805e-09
-0.031315157264719,0.55235064,0.55235064,2.969360313187508e-10
-0.0209535243462458,0.44731706,0.447317,6.380844114195483e-08
-0.0085195648440779,0.3067494,0.30674943,-2.652328490171385e-08
0.0057564627324851,0.15964408,0.1596441,-1.781139374879004e-08
3.8248240979724097,3.6290321,3.6290324,-2.649902342000132e-07
3.7695620557405527,3.420295,3.4202952,-1.999237060346104e-07
3.643610651153778,3.2028937,3.202894,-2.6602172864542695e-07
3.414503434400871,3.0309625,3.0309625,-3.280639626623838e-08
3.0557606769123984,2.7132173,2.7132173,-4.1546631024402814e-08
2.567152120179062,2.3747435,2.3747432,2.616088865536881e-07
1.9825257650678736,1.863232,1.863232,1.656341552802587e-08
1.3587554633757863,1.29933,1.2993299,9.61090087514549e-08
0.7430442095091786,0.67309165,0.67309177,-1.1999084470470933e-07
0.5860079061669847,0.9323343,0.9323342,1.0385589599426481e-07
1.353920034680499,1.4680626,1.4680626,3.923645008896415e-08
1.68226866894145,1.5014617,1.5014617,4.430847178049646e-08
1.6055925853447484,1.3240334,1.3240333,7.955474856657929e-08
1.381781314305727,1.092074,1.0920742,-1.6340179453955272e-07
1.079682150104908,0.95048726,0.95048714,1.1605010985515918e-07
0.7932405645364488,0.78805816,0.78805816,1.7355347159409007e-09
0.5408772383443013,0.5175559,0.5175559,-7.532501178353357e-09
0.3067043343868069,0.27045843,0.27045846,-2.99481964227688e-08
1.2447775012725812,0.8387271,0.8387271,1.6584777884354196e-08
1.6399011032303596,1.0010191,1.0010191,2.0216369689407543e-08
1.959499914137933,1.065335,1.0653352,-1.6467590335800253e-07
2.3626825639211906,1.1416523,1.1416523,4.5657348568539646e-08
2.641986135701368,1.2184832,1.2184832,9.60998525201262e-09
2.5922502976926967,1.2850643,1.2850643,3.963775641047107e-08
2.268967350636333,1.400299,1.400299,-4.694366451118981e-08
2.003709547923419,1.4809014,1.4809014,-3.94882202492397e-08
1.8215750670675896,1.538993,1.5389929,1.0098419189752406e-07
-1.0601101768144587,-1.1335438,-1.133544,1.5100860606409583e-07
-0.9739934943364814,-1.0696154,-1.0696155,1.3592529302108858e-07
-0.8966266352118816,-1.0011954,-1.0011954,-3.07556151657451e-08
-0.8280095994406589,-0.9332882,-0.9332881,-1.1659088139381879e-07
-0.7738988497552989,-0.85431004,-0.85431004,4.294433586515822e-09
-0.732452318081406,-0.7625036,-0.7625036,-2.396240239566083e-08
-0.6965319906306988,-0.6733316,-0.6733316,-1.8309020966000844e-08
-0.6603814046706924,-0.6305245,-0.6305244,-1.1610565187059052e-07
-0.627224179331578,-0.6179185,-0.6179185,8.636474646550596e-09
-0.8754428523563362,-0.9789164,-0.9789164,-6.631469706697146e-09
-0.7992272857782334,-0.91741765,-0.9174175,-1.4545440674140764e-07
-0.7425836924905799,-0.86352825,-0.8635285,2.4835205081341627e-07
-0.6951504395749024,-0.8159684,-0.8159685,1.0572052000501486e-07
-0.6530131323731114,-0.74851966,-0.74851966,9.57641632659545e-10
-0.6230795261641888,-0.6773976,-0.6773975,-1.0875701905721513e-07
-0.6025865188365418,-0.6241369,-0.6241369,-2.4743652349279444e-08
-0.5866986816948829,-0.5941129,-0.59411275,-1.230773926108597e-07
-0.580481701943799,-0.59783685,-0.59783673,-1.2207366939520625e-07
0.1904237871906076,0.17331293,0.17331293,2.2528839072055717e-09
0.0877284920430731,0.12581417,0.1258142,-3.035469053891404e-08
-0.0202627488183476,0.078887306,0.07888732,-1.3846225735414386e-08
-0.1353920034680499,0.017992333,0.017992347,-1.4422294615512588e-08
-0.249830482589854,-0.06295261,-0.06295261,2.129898077352088e-09
-0.3575914649419753,-0.17521662,-0.17521665,3.4799957276954174e-08
-0.4651221887847973,-0.26770905,-0.26770908,3.339775084265639e-08
-0.5595281775975531,-0.349435,-0.34943494,-6.161170956753281e-08
-0.6417304654174406,-0.4977434,-0.49774346,6.204887392780023e-08
0.7481098967137656,0.7001413,0.7001413,1.0691833529641315e-08
0.5024240672913008,0.47447821,0.47447821,4.979171741581467e-09
0.2841390004754652,0.2603616,0.2603616,1.1843109104514582e-08
0.0955572813592529,0.100799106,0.100799076,3.006145858630571e-08
-0.0594066953992463,0.0055187345,0.0055187196,1.4855108642318482e-08
-0.1996341275625837,-0.11330643,-0.11330643,-2.9624176028919535e-09
-0.3133818311564896,-0.243099,-0.24309894,-6.403022764778221e-08
-0.4213730720179104,-0.39181325,-0.39181325,1.604080202000091e-09
-0.5268314692770377,-0.52214205,-0.52214193,-1.226504516838034e-07
0.2827574494196688,0.29689342,0.29689342,-2.164764423273624e-09
0.1766082766326433,0.21900927,0.21900927,-4.69638825051355e-09
0.0610185049643422,0.15154888,0.15154888,-2.6415634124532517e-09
-0.0649328996224321,0.070955336,0.07095535,-1.390609741247495e-08
-0.1897330116627094,-0.009176582,-0.009176582,-9.800720131292184e-11
-0.3120002801006932,-0.09956998,-0.09956995,-2.6329803462510348e-08
-0.4262085007131979,-0.19126481,-0.19126487,6.182205200544466e-08
-0.5279827618235348,-0.30197898,-0.30197904,6.446556088945954e-08
-0.623770301692087,-0.46385118,-0.46385118,-3.652877833548729e-09
-0.7064331065305733,-0.8164077,-0.8164077,1.9488525349053987e-08
-0.6553157174661055,-0.7891052,-0.78910506,-1.1692565915488728e-07
-0.6104153081527216,-0.7590294,-0.75902927,-1.1842773439685317e-07
-0.5733436881555174,-0.74074626,-0.74074626,3.1066893502185167e-10
-0.5434100819465948,-0.73039985,-0.73039997,1.229693603610471e-07
-0.5252196597119418,-0.7247925,-0.7247925,1.9531249950688334e-08
-0.5240683671654448,-0.6986548,-0.6986548,2.914886476634848e-08
-0.5367325851769121,-0.68384206,-0.68384194,-1.2295013429586277e-07
-0.5770278243043079,-0.66583085,-0.66583085,-6.011963149532562e-10
-0.8263977898755631,-0.9395031,-0.9395032,1.2630767820542843e-07
-0.775740917829694,-0.8628552,-0.8628552,4.000854536556631e-09
-0.7292286989512143,-0.7972008,-0.7972008,1.0116577575658425e-09
-0.6882426842959203,-0.7406982,-0.7406982,-1.8345642116557315e-08
-0.6543946834289078,-0.6895822,-0.6895822,-2.866058346207012e-08
-0.6216979751083924,-0.6472838,-0.6472838,7.504272425684633e-09
-0.5970603146133561,-0.6176524,-0.6176524,-1.6229248056554013e-08
-0.580481701943799,-0.62098706,-0.62098706,2.3141479843502566e-09
-0.5648241233114394,-0.6429775,-0.6429775,2.3880004862419923e-08
-0.7913984964620536,-0.8739314,-0.8739314,-7.92846677200032e-09
-0.7289984404419149,-0.8335546,-0.8335546,-2.5511169399194955e-08
-0.6799533779611417,-0.79853654,-0.79853654,9.222411723186497e-10
-0.6371252952314526,-0.7614598,-0.76145995,1.225769042934033e-07
-0.6069614305132305,-0.70789444,-0.7078943,-1.4446563723069517e-07
-0.5887710082785775,-0.6567018,-0.6567018,-3.2073974587376597e-09
-0.5774883413229067,-0.63742554,-0.6374254,-1.418777465511667e-07
-0.5712713615718228,-0.6286359,-0.62863576,-1.2333129884023464e-07
-0.5655148988393377,-0.6304811,-0.6304811,-2.3924255354579316e-08
-0.9097513702419476,-0.84262633,-0.84262633,-3.2366943569783757e-09
-0.8482723482590065,-0.77863944,-0.7786397,2.642318726042703e-07
-0.7895564283876583,-0.7234894,-0.7234894,-3.724670460947266e-09
-0.7352154201929988,-0.6637808,-0.6637808,-8.448791555260016e-09
-0.684098031128531,-0.593766,-0.59376585,-1.2404479976524385e-07
-0.6380463292686501,-0.52633345,-0.52633345,-1.2710571484220168e-09
-0.6060403964760328,-0.5033827,-0.5033827,1.719970699198825e-08
-0.5761067902671102,-0.5280986,-0.5280986,1.6778564426722653e-08
-0.5505480957348764,-0.6034303,-0.6034304,1.288513183927975e-07
-0.5772580828136072,-0.642365,-0.642365,2.1209716760672848e-08
-0.5549230074115651,-0.6563517,-0.6563517,1.4476013165953816e-08
-0.5355812926304151,-0.6710993,-0.6710992,-1.0515289305956799e-07
-0.5180816459236603,-0.6658838,-0.66588366,-1.195257568475938e-07
-0.5033451013284984,-0.6589824,-0.6589823,-9.612579343620808e-08
-0.4927532099007258,-0.6513083,-0.6513083,1.889038037106161e-09
-0.4881480397147377,-0.6320107,-0.6320107,1.6815185910346031e-09
-0.4929834684100252,-0.6267564,-0.62675655,1.203277587569218e-07
-0.5054174279121931,-0.6429622,-0.64296234,1.226690673483688e-07
0.6976832831771959,0.8868407,0.8868407,1.1032104119124142e-09
0.421142813508611,0.60882115,0.6088212,-4.635925288098974e-08
0.1876606850790147,0.3777434,0.37774342,-2.6817245479815455e-08
-0.0101313744091738,0.23850423,0.23850423,9.761047248257881e-10
-0.1740754330303498,0.12182563,0.12182563,-2.017383579633325e-09
-0.3120002801006932,0.0036483705,0.0036483854,-1.4895620727324588e-08
-0.421142813508611,-0.13886458,-0.13886458,3.183441149579025e-09
-0.5120949246818758,-0.3424342,-0.34243408,-1.1766426089021564e-07
-0.5866986816948829,-0.5320507,-0.5320507,-2.8797912610123433e-08
0.9224155882534149,0.90480363,0.90480363,3.6898804012253095e-09
0.7050515554747769,0.6951294,0.6951294,-5.468750008397194e-09
0.4697273589707853,0.5011752,0.5011753,-7.521896361328828e-08
0.2394688496713807,0.35064822,0.35064822,4.3537902727486255e-09
0.0363808444693059,0.19825807,0.19825807,2.137832633142267e-09
-0.1307868332820618,0.013244763,0.013244748,1.501670074399719e-08
-0.2749286601034891,-0.12649286,-0.12649286,2.0669555789165628e-09
-0.3902881732624908,-0.2856804,-0.28568035,-6.324615475783446e-08
-0.5095620810795823,-0.488242,-0.48824194,-6.034141541988447e-08
-0.4271295347503955,-0.50798774,-0.50798774,2.3443603724970785e-09
-0.4123929901552336,-0.5343782,-0.5343782,2.9032897974623495e-08
-0.4036431668018562,-0.55237126,-0.5523714,1.3649597163656324e-07
-0.4020313572367604,-0.55423903,-0.55423915,1.1534729005280298e-07
-0.406406268913449,-0.5655434,-0.5655434,-1.3162231415897452e-08
-0.4080180784785449,-0.5751339,-0.5751338,-1.1971588131931554e-07
-0.4255177251852997,-0.57589483,-0.57589483,-2.6110840156690074e-09
-0.4453199569850484,-0.5877458,-0.5877458,1.4286804184138191e-08
-0.4734114951195758,-0.6226405,-0.6226405,9.46807865442878e-09
0.6405791728709436,0.70947206,0.70947206,2.0355228613766485e-10
0.5079502715144865,0.6383195,0.6383195,-7.65991214901618e-09
0.3626571521465622,0.49171865,0.49171862,2.986419678219221e-08
0.2079234338973623,0.34403723,0.34403723,4.783172580236084e-09
0.0446701508040844,0.21729825,0.21729825,4.370689393740079e-09
-0.1222672684379838,0.0884942,0.0884942,-3.4658431957712565e-09
-0.2871323610963575,-0.053865388,-0.05386536,-2.8035774229939747e-08
-0.4372609091595693,-0.19594833,-0.19594836,2.7451858508609206e-08
-0.5761067902671102,-0.3736882,-0.3736882,8.824539210472437e-09
-0.5215355235631514,-0.55243397,-0.55243397,2.4096680206753263e-09
-0.5378838777234092,-0.5771496,-0.5771496,-2.9592895467445146e-08
-0.5516993882813734,-0.59096706,-0.59096706,8.64562976765626e-10
-0.5655148988393377,-0.5979856,-0.5979856,-2.5267028802566927e-08
-0.5761067902671102,-0.6060356,-0.6060355,-9.017181401560492e-08
-0.5846263551111883,-0.6127155,-0.61271536,-1.2271179195000315e-07
-0.5846263551111883,-0.6006851,-0.60068524,1.203710937591751e-07
-0.594757729520362,-0.60024035,-0.60024047,1.2023040774078453e-07
-0.5979813486505536,-0.60575414,-0.60575414,2.9608154816784804e-09
-0.5797909264159008,-0.6009604,-0.60096025,-1.238784790302816e-07
-0.589001266787877,-0.58543575,-0.58543575,1.8997192707814747e-09
-0.595909022066859,-0.58933413,-0.58933413,-2.8717039857184545e-10
-0.6037378113830388,-0.6080729,-0.6080729,2.3069763210870065e-08
-0.6094942741155239,-0.61738,-0.61738,-2.3002624471857303e-08
-0.6090337570969252,-0.60615134,-0.6061512,-1.423919677723262e-07
-0.6069614305132305,-0.59366727,-0.59366727,1.2469482113530717e-09
-0.60327729436444,-0.5940099,-0.59401,1.237487793348535e-07
-0.59936289970635,-0.59927845,-0.59927857,1.1998779292365924e-07
-0.149668031044613,-0.11407748,-0.11407748,1.3527679393332548e-09
-0.2150614476856439,-0.14181185,-0.14181185,2.313232411177424e-09
-0.2829877079289682,-0.17717844,-0.17717844,-2.478179939036096e-09
-0.3490719000978974,-0.22004545,-0.22004548,3.2650451647908696e-08
-0.409169371025042,-0.26789585,-0.2678959,5.244102480039814e-08
-0.4743325291567734,-0.3313171,-0.33131716,6.30513763422158e-08
-0.5388049117606067,-0.40389267,-0.4038926,-6.610145569796444e-08
-0.6005141922528471,-0.48536178,-0.48536178,-4.696578959073605e-09
-0.6560064929940036,-0.5432601,-0.5432601,2.4963379141595965e-09
-0.4985096726332109,-0.51914275,-0.51914275,3.074645982259483e-09
-0.501963550272702,-0.5141715,-0.5141715,1.8867492679319753e-08
-0.5054174279121931,-0.5189376,-0.5189376,1.2261962889503764e-08
-0.51048311511678,-0.5242821,-0.5242821,2.183532687993761e-09
-0.5167000948678638,-0.53028023,-0.53028023,-2.429504375456304e-09
-0.522456557600349,-0.52898467,-0.5289848,1.3412933352885403e-07
-0.5279827618235348,-0.5346955,-0.5346955,-6.095886240231607e-09
-0.5337392245560199,-0.54811454,-0.5481144,-1.38192749021826e-07
-0.5392654287792056,-0.5752032,-0.5752033,1.196868896213843e-07
-0.5284432788421336,-0.56185925,-0.56185925,-6.866451851550437e-11
-0.528673537351433,-0.55583405,-0.55583405,-4.946899445634756e-09
-0.5282130203328341,-0.5464263,-0.5464263,3.7658691720565685e-09
-0.528673537351433,-0.57469594,-0.57469594,-4.7860717611314385e-09
-0.5302853469165287,-0.59138393,-0.59138393,-4.020996091647078e-09
-0.5323576735002233,-0.5923804,-0.5923804,-4.472351045059497e-09
-0.5348905171025169,-0.5846083,-0.5846083,-1.6421508819419728e-08
-0.5376536192141097,-0.582286,-0.582286,-2.5177004925325264e-10
-0.5408772383443013,-0.59178615,-0.59178615,3.836059581097118e-09
0.3744003361208318,0.37914592,0.37914595,-2.9723358163646907e-08
0.2767707281778843,0.28886193,0.28886193,3.7033082156412434e-10
0.1683189702978647,0.18514165,0.18514165,2.8224945158861203e-09
0.050656872045869,0.0956089,0.0956089,-2.4928092923204304e-09
-0.0743734985037076,0.00117293,0.00117293,2.212524434497265e-12
-0.2030880052020748,-0.10303095,-0.10303095,1.6899108501444715e-10
-0.3357169065585319,-0.18902871,-0.18902874,2.9873123169599225e-08
-0.4736417536288752,-0.30256832,-0.30256832,3.5403442399939422e-09
-0.6097245326248233,-0.4595863,-0.45958635,5.749473569460761e-08
-0.1934171478114998,-0.22168183,-0.22168183,-3.2672119176790915e-09
-0.2523633261921474,-0.2850617,-0.2850617,1.2768936130669317e-08
-0.3106187290448968,-0.3438104,-0.34381035,-5.930747987159535e-08
-0.3672623223325503,-0.39943984,-0.3994399,5.849113465794531e-08
-0.4181494528877187,-0.45410421,-0.45410421,-4.906692496753351e-09
-0.4665037398405937,-0.49754533,-0.49754533,-1.7165374677219347e-09
-0.5148580267934686,-0.52959406,-0.52959406,-3.758850120050283e-09
-0.5595281775975531,-0.5657952,-0.5657952,1.6818237358329213e-08
-0.5942972125017633,-0.601346,-0.601346,-1.593017573409128e-08
-0.6619932142357882,-0.629586,-0.629586,1.8630981424294646e-08
-0.6546249419382072,-0.63514256,-0.63514256,-4.773559547643913e-09
-0.6520920983359139,-0.64339054,-0.64339066,1.2369171142889712e-07
-0.6520920983359139,-0.6444206,-0.6444206,-2.3779296864923083e-08
-0.652782873863812,-0.6454282,-0.6454282,1.930541992933854e-08
-0.6557762344847042,-0.64670086,-0.64670086,9.301758252533432e-10
-0.6557762344847042,-0.64908814,-0.64908814,-4.302368128428213e-09
-0.6560064929940036,-0.652915,-0.652915,-9.15527320621834e-10
-0.657848561068399,-0.6561159,-0.656116,1.1045074466142779e-07
-0.9562635891204272,-1.0959781,-1.095978,-1.4083099375561403e-07
-0.8135033133547964,-0.9293139,-0.929314,1.0191345212184899e-07
-0.7025187118724834,-0.7450813,-0.7450812,-1.0550384521579304e-07
-0.604428586910937,-0.5829278,-0.5829278,-2.3066711429819975e-08
-0.5038056183470973,-0.43287852,-0.43287852,-4.0650177113299435e-09
-0.4146955752482277,-0.27387458,-0.27387464,5.913986206307342e-08
-0.3260460491679569,-0.17648113,-0.1764811,-2.773895263485926e-08
-0.2431529858201712,-0.15493575,-0.15493578,3.261497497075716e-08
-0.1761477596140445,-0.14819473,-0.1481947,-3.0281829821454664e-08
-0.8211018441616768,-0.9034462,-0.9034463,1.0249023441044613e-07
-0.7085054331142678,-0.7744471,-0.77444696,-1.2347320554884078e-07
-0.604428586910937,-0.6457001,-0.6457001,2.9159545889001492e-09
-0.52591043523984,-0.5103289,-0.5103289,1.1106872532806733e-08
-0.435418841085174,-0.37427858,-0.37427852,-5.518196105613882e-08
-0.3552888798489813,-0.2511839,-0.2511839,2.7431488192064535e-09
-0.3037109737659146,-0.16903609,-0.16903612,2.9626007091998474e-08
-0.235093937994692,-0.14220566,-0.14220569,3.4425201411725226e-08
-0.1669374192420683,-0.14806381,-0.14806384,3.132041931364071e-08
-0.7913984964620536,-0.7466992,-0.7466992,-1.398162841059758e-08
-0.6951504395749024,-0.62817395,-0.62817395,2.6657104301719414e-09
-0.599823416724949,-0.49760816,-0.4976082,4.49878692632133e-08
-0.5130159587190735,-0.37264773,-0.37264767,-6.249626161025645e-08
-0.4473922835687431,-0.24899027,-0.24899027,2.48481751841112e-09
-0.3624268936372628,-0.14497107,-0.14497104,-3.267379761195954e-08
-0.3080858854426033,-0.08635759,-0.08635762,2.6463623042927154e-08
-0.2341729039574944,-0.09522417,-0.09522417,-1.876907351761048e-09
-0.1634835416025772,-0.12277722,-0.122777194,-2.958703612665481e-08
1.109155239295232,0.8315289,0.831529,-9.794616695479874e-08
1.358064687847888,0.72795033,0.72795033,4.548950216509695e-09
1.5788825982660173,0.6270554,0.6270554,6.5704345297845634e-09
1.8031543863236368,0.57631207,0.57631207,-4.875488235356329e-09
1.892034170913208,0.53129095,0.53129095,-1.6090393462064867e-09
1.4619112755419197,0.43541533,0.43541533,-2.4510192764282124e-09
0.9360008403020796,0.26824522,0.26824522,1.843261654421724e-10
0.5381141362327085,0.11304528,0.11304528,2.6619148274509286e-09
0.201476195636979,-0.027430445,-0.027430445,4.417419555147184e-11
1.263428440525833,0.88127196,0.88127184,1.1835113522540297e-07
1.601447932177359,0.8090286,0.8090286,2.5488281263363888e-08
1.875225299734351,0.68745875,0.68745875,3.58581542236891e-09
2.2180802200811645,0.5649121,0.5649121,-1.9235229520297992e-08
2.302815351503346,0.44040453,0.44040453,4.33990476889079e-09
1.8708503880576624,0.2998971,0.2998971,4.501724215622005e-09
0.995407535701326,0.17976736,0.17976736,-4.677162157573633e-09
0.3985774795972693,0.07454304,0.07454302,1.6520481108117657e-08
0.2164429987414403,-0.03319241,-0.03319238,-3.1065101623040103e-08
-0.5353510341211157,-0.53190637,-0.53190637,3.651733360143794e-09
-0.475253563193971,-0.473426,-0.47342595,-6.418495179794093e-08
-0.4084785954971437,-0.3922257,-0.39222577,5.7462234470673224e-08
-0.344927246930508,-0.3352115,-0.3352115,1.4375686641088237e-08
-0.3133818311564896,-0.29325178,-0.29325184,5.734428404347014e-08
-0.2551264283037402,-0.2525296,-0.2525296,8.67805483029116e-09
-0.2152917061949432,-0.22016063,-0.22016063,-3.325576786172846e-09
-0.1738451745210504,-0.18819776,-0.18819776,-1.7740631186313749e-09
-0.1294052822262653,-0.15288016,-0.15288016,-2.0006561407548418e-09
-0.2189758423437337,-0.5729146,-0.5729146,-3.7231440153107087e-10
0.5231473331282472,-0.39257303,-0.3925731,7.119712830405689e-08
0.90100154688857,-0.24276182,-0.24276185,2.9445266724881236e-08
1.682959444469348,-0.13449422,-0.13449425,3.4749984750837015e-08
1.957888104572837,-0.07816851,-0.07816851,-1.3906860385493047e-09
1.1317205732065736,-0.017134264,-0.017134294,2.988848114143794e-08
0.6454146015662311,-0.022961944,-0.022961944,-3.4165954440612545e-10
0.3023294227101182,-0.0757356,-0.0757356,1.197433471822329e-09
0.0020723265836946,-0.11165583,-0.11165583,-1.3369751000746888e-09
0.5487060276604812,-0.016912162,-0.016912162,-3.0392455913075267e-10
1.4246093970354163,0.26565874,0.26565874,-3.771057133228339e-09
2.169265416109691,0.31455466,0.3145547,-3.8487625142469284e-08
2.662018626010416,0.26676688,0.26676685,2.5982284546088863e-08
2.816522085750317,0.17591614,0.17591614,-4.6888732896377405e-09
2.432911409257509,0.076835215,0.07683523,-1.4908294682092205e-08
1.7396030377570015,-0.004601985,-0.004601985,-2.161407467934917e-10
0.98619719532935,-0.05167514,-0.05167514,-8.576965318529695e-10
0.3695649074255444,-0.10401079,-0.10401079,-5.86471551877743e-10
-0.8574826886309828,-0.9732363,-0.9732362,-1.224029541058158e-07
-0.6048891039295359,-0.74958515,-0.74958515,-1.6723632478843342e-09
-0.3545981043210831,-0.519935,-0.5199349,-1.1186370851845595e-07
-0.0937152132848576,-0.2395657,-0.23956573,2.9707412724233606e-08
0.1328591598657564,0.029596865,0.02959685,1.5177154540080284e-08
0.2979545110334295,0.2399419,0.2399419,-4.991912855301095e-09
0.4453199569850484,0.43961436,0.43961436,-4.4358825501689125e-09
0.5896920423157751,0.6197114,0.6197115,-1.0092163083008643e-07
0.713110603300256,0.7427896,0.74278975,-1.238784790302816e-07
0.1895027531534099,0.24306478,0.24306478,-3.937034614986956e-09
0.2542053942665426,0.3618586,0.3618586,6.338501001845742e-09
0.3177567428331783,0.50786567,0.50786567,-2.6568603983534445e-09
0.3907486902810895,0.5930306,0.5930305,7.193756101919746e-08
0.4669642568591925,0.6403866,0.6403866,-1.8579101590532332e-08
0.5348905171025169,0.6939418,0.6939418,-2.8015899711242298e-08
0.5995931582156496,0.73850715,0.73850715,1.6036987293688298e-09
0.6672891599496745,0.8025861,0.80258596,1.1864379878545606e-07
0.7398205903789868,0.8315071,0.8315071,-1.3246154839663404e-08
-0.3214408789819688,-0.7825924,-0.7825924,-1.580963138181346e-08
0.3617361181093645,-0.44144794,-0.44144794,-3.4490204026127458e-09
0.948204541294948,-0.07931009,-0.07931006,-2.9349746702433954e-08
1.425069914054015,0.36392778,0.36392778,1.5818786835986032e-09
1.820654033030392,0.77787507,0.77787495,1.158035278781e-07
2.1701864501468884,1.2824306,1.2824306,4.880371085036472e-08
2.475969750496497,1.8226806,1.8226806,-7.46307371457533e-09
2.9579008104601514,2.3586674,2.3586676,-2.2634277341282427e-07
3.20588922497561,2.8553967,2.8553967,4.758911131830246e-08
-0.0824325463291868,-0.41039643,-0.41039643,3.0838775422203923e-09
0.4865362301496418,-0.114634484,-0.114634484,-5.265808622478829e-11
0.9686975486225952,0.16840807,0.16840807,-3.965682976447837e-09
1.3877680355475115,0.46838316,0.46838313,3.321372987752369e-08
1.7564119089358583,0.8300748,0.8300748,-1.286010742340693e-08
2.0776225294085275,1.3328509,1.332851,-6.692504883609729e-08
2.367517992616478,1.8848186,1.8848186,-4.607543946377746e-08
2.6442887207943624,2.3865428,2.3865428,-2.911376917325015e-09
2.905632128849186,2.73513,2.73513,7.164001480930438e-08
1.8869684837086207,1.9637415,1.9637414,1.409088135062575e-07
2.0575900390994795,2.083007,2.083007,9.724426286439325e-08
2.2450204656691946,2.2211928,2.221193,-1.6323852536359595e-07
2.3979121158439995,2.3833225,2.3833225,-2.2659301546212873e-08
2.50613361521472,2.544058,2.544058,8.448791488646634e-08
2.5823491817928224,2.659814,2.6598141,-2.1907959002476218e-07
2.6475123399245537,2.7541914,2.7541912,1.9862060529618475e-07
2.73408953942113,2.8459437,2.8459437,-1.0653686377537497e-08
2.879152400279755,2.9418075,2.9418075,8.468628021063296e-09
4.021464864914101,4.065628,4.065628,5.175781225830178e-08
4.023537191497796,3.9140048,3.9140046,2.0270385725495998e-07
3.902881732624908,3.7084901,3.7084904,-2.667144776147268e-07
3.628874106558616,3.4375224,3.4375224,1.1346435346837325e-08
3.195527592057137,3.1726263,3.1726263,-4.3057251097877725e-08
2.6387625165711763,2.5507739,2.5507739,-4.097595196483894e-08
2.03824832431833,1.8533626,1.8533624,1.6027221683145854e-07
1.4073400088379608,1.3029253,1.3029255,-1.5171813960712655e-07
0.8010693538526286,0.74667656,0.74667656,4.216613724850049e-09
1.1600423698504003,1.0154921,1.015492,8.164215081762904e-08
1.6785845327926594,1.6930364,1.6930366,-1.6296539295801438e-07
1.8056872299259308,1.7539444,1.7539446,-2.0302734382582344e-07
1.7211823570130491,1.5243618,1.5243618,4.8831176657770925e-08
1.5270744336736513,1.2081945,1.2081944,9.424743652175493e-08
1.24523801829118,1.000636,1.0006359,8.155975339541044e-08
0.9249484318557084,0.68951726,0.68951726,-4.022217003907258e-10
0.6115666006992186,0.44661552,0.44661555,-3.2860565157832866e-08
0.3520652607187896,0.24586275,0.24586275,2.1991729826087436e-09
3.493021586071968,3.159703,3.159703,1.628112800133863e-08
3.523415709299489,2.9370108,2.9370105,2.650756836253265e-07
3.429009720486733,2.6134484,2.6134486,-2.1857604970421107e-07
3.1805607889526755,2.2744741,2.2744744,-2.56018066302488e-07
2.787739772087892,1.9105505,1.9105505,-2.487945560680771e-08
2.2954470792057644,1.5121459,1.5121459,-2.31155394825322e-08
1.7635499227241398,1.2052623,1.2052622,1.0335235600678061e-07
1.2684941277304198,0.9118682,0.9118682,1.4607238751906948e-08
0.8185690005593833,0.61684585,0.61684585,-3.8238525679190616e-09
3.62726229699352,3.340515,3.340515,-1.0169982900265495e-07
3.729036558103857,3.2106934,3.2106934,-4.062499980861389e-08
3.685747958355569,3.0594757,3.0594757,-3.9675903451552585e-08
3.44950272781438,2.7858684,2.7858686,-1.937042237720732e-07
3.056911969458895,2.3560228,2.3560228,3.4777832169652356e-08
2.531001534219055,1.9320096,1.9320095,7.775115973274183e-08
1.965716893889017,1.493119,1.493119,1.3885497196497454e-09
1.3873075185289128,1.1346438,1.1346438,-6.8939209896257125e-09
0.8689956140959529,0.73913383,0.73913383,4.838867195822161e-09
3.4451278161376915,3.2078588,3.2078588,8.880616242379347e-10
3.562559655880388,3.1970541,3.1970544,-2.5227966293783766e-07
3.6010128269333888,3.1570172,3.157017,2.309875486439239e-07
3.5452902676829328,2.9198744,2.9198742,2.2970275859179878e-07
3.3062819350301504,2.563437,2.563437,-1.4984130825013153e-08
2.8943494618935155,2.239793,2.2397933,-2.3778991709022534e-07
2.3147887939869145,1.7679496,1.7679495,8.114624017174776e-08
1.6820384104321506,1.2991488,1.2991488,-2.0111083909313265e-09
1.0308673461334343,0.7828057,0.7828057,-1.8771362353398047e-08
3.606308772647275,3.4140878,3.4140878,-2.7630615129226044e-08
3.70485941462742,3.3690572,3.369057,1.7849731426267113e-07
3.736174571892139,3.278302,3.278302,-4.573059086965259e-08
3.678379686057988,2.966247,2.966247,8.175659171882899e-08
3.461015653279351,2.5933821,2.5933821,2.0132446376663893e-08
3.0714182555447582,2.2576137,2.2576134,2.5890502941550153e-07
2.530771275709756,1.8404602,1.8404602,-1.8763733011795125e-08
1.878218660355243,1.3605869,1.360587,-1.1836242674867492e-07
1.1448453082366397,0.8267242,0.8267242,-2.836151125062969e-08
0.43311625599218,0.36739206,0.3673921,-3.685913085860193e-08
0.4952860535030193,0.59723413,0.59723413,-9.429934610949431e-11
0.4450896984757491,0.627998,0.62799793,6.442291256014698e-08
0.3566704309047777,0.58109033,0.58109033,1.0775756953407267e-09
0.2864415855684593,0.48350415,0.48350412,2.6337509173579576e-08
0.2314098018459016,0.369725,0.369725,-1.1062622096158492e-08
0.1901935286813082,0.25939032,0.25939032,4.354171745379887e-09
0.1650953511676731,0.19027647,0.19027647,3.760604855296279e-09
0.1501285480632117,0.16414477,0.16414477,-6.890487624922059e-10
-1.007583990320546,-1.1837108,-1.1837109,8.647766103209165e-08
-1.0053952069569758,-1.1669022,-1.1669022,1.5513610840400816e-08
-1.0045756467417266,-1.1506227,-1.1506228,7.451324468554787e-08
-1.0026659476209008,-1.1365806,-1.1365803,-2.864334105456834e-07
-1.0015763261565154,-1.1125509,-1.1125509,4.531707764598991e-08
-0.9999441168714084,-1.0780387,-1.0780387,7.525634782012958e-09
-0.9975007872996984,-1.0445392,-1.0445392,-1.3180541991175687e-08
-0.9950634130395508,-1.0168357,-1.0168359,2.1045532228036734e-07
-0.9929018342459954,-1.0335811,-1.0335813,1.623428345087774e-07
-1.0066902026569968,-1.0659537,-1.0659539,1.6846313477536512e-07
-1.0129071824080809,-1.0701076,-1.0701073,-2.792312621124893e-07
-1.0218872642707575,-1.0824043,-1.0824041,-1.558670044143895e-07
-1.0336304482450271,-1.1031755,-1.1031756,7.91030883018351e-08
-1.0462946662564945,-1.1254205,-1.1254205,4.883575432934606e-08
-1.0601101768144587,-1.1463056,-1.1463057,1.3893432626588265e-07
-1.0736954288631235,-1.1479135,-1.1479133,-1.559631348513335e-07
-1.0918858510977767,-1.1471524,-1.1471523,-1.2385864267550062e-07
-1.1105367903510284,-1.150407,-1.150407,4.332733150036461e-08
-0.3133818311564896,-0.2859291,-0.2859291,-1.362648011093981e-08
-0.3677228393511491,-0.33143678,-0.33143678,-3.0753326552002136e-09
-0.4411753038176592,-0.39731488,-0.39731488,3.682022076123559e-09
-0.5107133736260794,-0.4733242,-0.47332427,6.054832457635939e-08
-0.5977510901412543,-0.56556463,-0.56556463,-2.415771471753203e-09
-0.6919268204447108,-0.6482172,-0.6482172,-1.2329101073405013e-09
-0.796233925157341,-0.7350898,-0.7350898,2.109985353104804e-08
-0.9083698191861512,-0.8610165,-0.8610164,-1.1191711424274331e-07
-1.0334001897357277,-0.9789431,-0.9789432,9.048767091179855e-08
0.2452253124038658,0.26960024,0.26960027,-2.7623672460563853e-08
-0.0165786126695571,0.04498966,0.044989645,1.5382270811270526e-08
-0.2378570401062849,-0.14439762,-0.14439759,-2.638641358188032e-08
-0.4365701336316711,-0.26827142,-0.26827148,6.357429505055023e-08
-0.6014352262900448,-0.3643767,-0.36437675,5.603599551040617e-08
-0.7531755839183524,-0.48159984,-0.48159984,2.4584198010657587e-09
-0.8818900906167196,-0.6195059,-0.61950576,-1.2226318357733135e-07
-0.984585385764254,-0.77129185,-0.77129185,-1.9973754872282257e-09
-1.0660968980562433,-0.9574785,-0.9574784,-1.2325439457949727e-07
0.4853849376031448,0.5235653,0.5235652,9.235839848464877e-08
0.2182850668158355,0.22924681,0.22924681,7.862091533361593e-11
-0.020493007327647,0.05040829,0.050408304,-1.5163520813987752e-08
-0.2373965230876861,-0.114964694,-0.114964664,-2.9784713750924396e-08
-0.4326557389735812,-0.25279954,-0.2527996,5.924186707861878e-08
-0.6067311720039311,-0.3602971,-0.3602971,-1.36569976993961e-08
-0.7612346317438315,-0.47526887,-0.4752688,-7.059211731830217e-08
-0.8917912065165939,-0.6606021,-0.6606021,7.2570800480065145e-09
-0.9972496037757212,-0.90698016,-0.90698004,-1.1689849854779055e-07
0.4653524472940967,0.5517913,0.55179137,-5.968963623370627e-08
0.1551942352677986,0.18004443,0.18004444,-1.2485923767124874e-08
-0.1155897716683011,-0.11131641,-0.11131638,-3.268730162930833e-08
-0.3375589746329271,-0.29733527,-0.29733527,2.933044418451658e-09
-0.5254499182212412,-0.4122927,-0.4122927,1.091499329808343e-08
-0.6873216502587227,-0.48262116,-0.4826211,-6.312980649347821e-08
-0.8307727015522518,-0.55450726,-0.55450726,4.445800727559401e-09
-0.9295536020416963,-0.7079327,-0.7079327,-1.0647583037481922e-08
-1.0251108834009492,-0.9311112,-0.9311112,-1.6545104952747636e-08
-0.7256703722655053,0.043275446,0.043275446,-3.0030822967264115e-10
-0.7402387880937958,-0.091514915,-0.091514915,-2.278900124164096e-10
-0.8029620465671519,-0.21135783,-0.21135783,-1.954956058147772e-09
-0.8096809968158968,-0.31762734,-0.31762722,-1.2055519105214074e-07
-0.8416471888783893,-0.44063225,-0.4406322,-5.388526919114511e-08
-0.8651224452997557,-0.5546844,-0.5546844,-5.584717133189088e-10
-0.8989420935395421,-0.6634691,-0.6634692,1.2384338377025017e-07
-0.9288695140810151,-0.77690756,-0.77690756,-3.209533638859341e-09
-0.962334670375562,-0.90448666,-0.90448666,3.811035154122067e-09
-0.8775151789400308,-0.9629189,-0.9629189,2.239837648687626e-08
-0.9081395606768516,-0.9827069,-0.9827068,-1.0441131592653363e-07
-0.925408948874307,-1.0050445,-1.0050446,1.397033690953009e-07
-0.9486650583135467,-1.0304798,-1.0304798,1.121978754348163e-08
-0.9700790996783916,-1.0624212,-1.0624211,-1.0265960703748078e-07
-0.9965588282478232,-1.0712584,-1.0712584,-2.5712585394188636e-08
-1.0119861483708832,-1.0766761,-1.0766761,-3.029479977989524e-08
-1.0380053599217158,-1.0890979,-1.0890979,4.252471930143997e-08
-1.0757677554468184,-1.1126349,-1.1126349,2.767944318193827e-09
-0.192956630792901,-0.19751549,-0.19751552,3.232910156247826e-08
-0.2710142654453992,-0.2412923,-0.24129227,-2.784011840506473e-08
-0.3525257777373884,-0.32908514,-0.32908508,-6.142036440559551e-08
-0.4443989229478509,-0.42095485,-0.4209549,4.6703720113505653e-08
-0.5443311159837925,-0.52629495,-0.52629495,3.329467812562825e-09
-0.6490987377150215,-0.6486894,-0.6486894,1.077117917080983e-08
-0.7607741147252328,-0.7488946,-0.7488946,2.7742004360398198e-08
-0.8869557778213064,-0.8702041,-0.8702041,8.927917516388106e-09
-1.0234990738358534,-1.0028418,-1.0028417,-1.3025360101615036e-07
-0.6820257045448365,-0.69575644,-0.69575644,4.605712922156613e-09
-0.7186368075234417,-0.7502426,-0.7502426,9.095764141875406e-09
-0.7550176519927477,-0.8093244,-0.8093245,1.1626434326394985e-07
-0.7907077209341553,-0.86488295,-0.86488295,3.985595742328485e-09
-0.834917354719641,-0.9128519,-0.9128518,-1.2966461182539746e-07
-0.8811993150888213,-0.95800316,-0.9580033,1.366622924825478e-07
-0.9376126498671756,-0.999997,-0.999997,-1.976776120571344e-08
-0.9965588282478232,-1.0472964,-1.0472965,9.516143806287403e-08
-1.0612614693609557,-1.0876882,-1.0876883,9.237365716785462e-08
0.7573202370857418,0.8200072,0.8200072,5.009460402050081e-09
0.4798587333799591,0.6259705,0.6259706,-1.1717376713349381e-07
0.2198968763809314,0.43759352,0.43759358,-6.031234739412028e-08
-0.0218745583834434,0.2286208,0.2286208,-2.6042938361392487e-09
-0.2449950538945664,0.033535972,0.033535957,1.5237586976912798e-08
-0.4593657260523122,-0.14775112,-0.14775112,-2.713088975703215e-09
-0.647026411131327,-0.3183888,-0.31838873,-5.989219664659373e-08
-0.8185690005593833,-0.51842713,-0.51842713,-3.5601807057972223e-09
-0.9615595348343136,-0.8399472,-0.8399472,-2.3663330073198097e-08
-0.4918321758635282,-0.5544822,-0.5544822,-2.1603393518532243e-08
-0.5335089660467204,-0.621457,-0.621457,1.929473880668553e-08
-0.580481701943799,-0.68265057,-0.68265057,3.898925737821912e-09
-0.6348227101384585,-0.7396457,-0.7396457,-1.9528198280660547e-08
-0.7002161267794893,-0.7954792,-0.7954793,1.2157135009793762e-07
-0.7727475572088018,-0.8572309,-0.8572308,-1.0171813968895549e-07
-0.8563313960844857,-0.9235779,-0.9235778,-1.047012329058461e-07
-0.9454414391833552,-0.9904516,-0.9904516,2.5674438464129423e-08
-1.0444525981820991,-1.057936,-1.057936,4.685974119844616e-08
1.0115256313522845,1.0492822,1.0492823,-1.0681610107532435e-07
0.7207091341071363,0.8375267,0.8375267,-2.0960998492469685e-08
0.4453199569850484,0.6415305,0.6415305,1.3763427730850708e-08
0.1881212020976135,0.47062165,0.47062165,-4.549407961462748e-09
-0.0651631581317315,0.24477594,0.24477595,-1.3992500297321797e-08
-0.3090069194798009,0.0355507,0.035550684,1.4637962342245459e-08
-0.5390351702699061,-0.1735259,-0.17352587,-2.964866638310859e-08
-0.7522545498811548,-0.4058046,-0.40580449,-1.1429191587586374e-07
-0.9406060104880676,-0.77176285,-0.77176297,1.220996094231097e-07
-1.1450755667459391,-0.6963607,-0.6963607,-7.2830199648876714e-09
-1.1022474840162495,-0.7447618,-0.74476194,1.15392150834559e-07
-1.049518285386686,-0.7801039,-0.78010404,1.1810974120951556e-07
-0.9965588282478232,-0.8229542,-0.8229542,2.2143554656572917e-08
-0.9410665275066664,-0.8677765,-0.8677764,-1.1309967040684654e-07
-0.88557422676551,-0.91380715,-0.91380715,-3.701782214093896e-09
-0.8310029600615512,-0.9604777,-0.9604778,9.022979741146742e-08
-0.7720567816809035,-1.0061184,-1.0061184,-1.6786193768325575e-08
-0.7075843990770704,-1.0479537,-1.0479536,-1.248611449788939e-07
-0.3440062128933104,-0.50319695,-0.50319695,-4.7271728753628395e-09
-0.3891368807159938,-0.565992,-0.5659921,1.0228118896282723e-07
-0.4515369367361324,-0.6239557,-0.6239557,-2.6623535154257638e-08
-0.5231473331282472,-0.68195117,-0.6819513,1.3480072025284784e-07
-0.6007444507621467,-0.73707914,-0.73707914,-3.5241699558596906e-09
-0.6910057864075131,-0.79565716,-0.79565716,2.1020507556812618e-09
-0.7858722922388679,-0.86927533,-0.8692752,-1.3149719235716617e-07
-0.8887978458957018,-0.9530885,-0.9530885,-2.195739745580738e-08
-1.0011639984338112,-1.0373436,-1.0373437,7.874603280555448e-08
1.2581324948119468,1.2926941,1.2926941,-8.203125068106942e-09
0.9700790996783916,1.0111632,1.0111634,-1.6528930668613384e-07
0.6873216502587227,0.7655828,0.7655828,-8.85009843187845e-11
0.4093996295343414,0.5466474,0.5466475,-7.053375239429727e-08
0.1370038130331457,0.39518481,0.39518481,4.929962160726831e-09
-0.1452931193679243,0.13967001,0.13967003,-1.561859130916332e-08
-0.4151560922668264,-0.08842677,-0.0884268,3.122024536117429e-08
-0.6707430375891655,-0.33207688,-0.33207688,2.6444244571877107e-09
-0.9005410298699713,-0.7032882,-0.7032882,2.4826050104564956e-09
0.1812134468186314,0.24286899,0.24286899,-2.9396057810160414e-10
0.0564133347783541,0.15000257,0.15000257,-1.0398101824016237e-09
-0.0739129814851088,0.056893826,0.056893826,-4.689941421331945e-10
-0.2012459371276796,-0.07608816,-0.07608813,-3.027641296005079e-08
-0.3357169065585319,-0.24215037,-0.24215037,3.6936950720267703e-09
-0.4694971004614859,-0.39141908,-0.39141908,-2.8800201667955605e-09
-0.6246913357292846,-0.5314225,-0.5314225,4.1580200393909195e-09
-0.7844907411830715,-0.7067646,-0.70676446,-1.1881927486356858e-07
-0.9484347998042476,-0.8944433,-0.8944433,2.6455688528770338e-08
0.254435652775842,0.2510562,0.2510562,-5.6945800852581385e-09
0.1259514045867743,0.12856776,0.12856774,1.5222320542962464e-08
-0.0016118095650958,0.010588884,0.010588884,3.536376955159959e-10
-0.13147760880996,-0.12815014,-0.1281501,-3.527870179320658e-08
-0.2654880612222134,-0.26003703,-0.26003703,-4.749984738872115e-09
-0.4103206635715389,-0.3939182,-0.39391825,6.357383730559718e-08
-0.5786396338694038,-0.550642,-0.550642,-1.3549804722678971e-08
-0.7485704137323643,-0.72299933,-0.72299933,-4.3353270973156555e-09
-0.9129749893721392,-0.89899135,-0.8989912,-1.4635925293937646e-07
0.3117700215913938,0.22726713,0.22726713,1.2093734624851749e-09
0.1830555148930266,0.10944275,0.10944273,1.8129367826413834e-08
0.040986014655294,0.016346514,0.016346514,2.250061040265372e-10
-0.1082214993707201,-0.10433236,-0.10433239,3.235496520703762e-08
-0.2613434080548242,-0.25571868,-0.25571868,1.763992285575e-09
-0.4172284188505211,-0.40671954,-0.4067196,6.441078187480187e-08
-0.5820935115088949,-0.56834424,-0.56834424,4.5797728942531535e-09
-0.7524848083904542,-0.7440282,-0.7440281,-1.1063995364324342e-07
-0.9281720509859,-0.90552485,-0.90552485,1.0833745012206464e-10
-1.0934976606628724,-0.6131357,-0.6131358,1.0454254151248676e-07
-1.02096623023356,-0.64908266,-0.64908266,-6.750487946405315e-10
-0.941296786015966,-0.6851413,-0.6851413,-2.499694828905774e-08
-0.8729100087540428,-0.7410127,-0.7410127,7.548522917844025e-09
-0.8102796942246048,-0.7997949,-0.7997949,-1.2338256860644492e-08
-0.7421231754719809,-0.85950935,-0.85950935,1.130676219318616e-09
-0.6831769970913335,-0.9306148,-0.93061495,1.209365845245003e-07
-0.6336714175919614,-0.9946629,-0.99466276,-1.2089752199351267e-07
-0.5857776476576854,-1.0285008,-1.0285008,4.635620109993965e-09
0.7001227942963705,0.39369357,0.39369357,-3.677673332536102e-09
0.3364722366212129,0.17005242,0.17005244,-1.592678069983755e-08
0.0198026272961797,-0.03381005,-0.03381005,7.045745861744557e-10
-0.2294131643278051,-0.2039608,-0.2039608,-6.131362917383143e-09
-0.4369557751995351,-0.3813446,-0.3813446,1.338920591065218e-08
-0.579818495252942,-0.54821,-0.54821,-2.4833679224123273e-08
-0.7465479572870606,-0.7131144,-0.7131144,1.9163513220732398e-08
-0.8603830999358592,-0.83681977,-0.83681977,2.048034630774964e-09
-0.9467499393588636,-0.9504036,-0.9504037,1.288711547475785e-07
-0.7861025507481673,-0.7875508,-0.7875509,9.300079351071133e-08
-0.8754428523563362,-0.8712697,-0.8712696,-1.0291137697571173e-07
-0.9470532487484512,-0.9305754,-0.9305754,2.921142583378611e-08
-1.0002429643966135,-0.9794774,-0.9794774,-5.54809564956571e-09
-1.0527419045168778,-0.99905753,-0.99905765,1.1864318849585942e-07
-1.0806031841421058,-1.0088648,-1.0088649,1.3960113531830132e-07
-1.1084644637673338,-1.007004,-1.007004,-2.2598266591344895e-08
-1.1236615253810944,-1.0403707,-1.0403707,-2.7435302918377147e-09
-1.1296482466228788,-1.0789002,-1.0789002,-1.800994864353811e-08
-0.0847351314221808,-0.05205123,-0.05205126,2.8734931947771436e-08
-0.0688472942805219,-0.0037282407,-0.0037282258,-1.492837829568383e-08
-0.0504266135365696,0.04136704,0.04136704,-9.155654914771993e-10
-0.0315454157740184,0.060130194,0.06013021,-1.6170463565390314e-08
-0.0147365445951618,0.08563454,0.08563454,-2.9588127087309957e-09
-0.0018420680743952,0.1304548,0.1304548,-6.427574167355843e-09
0.0087498233533773,0.23529172,0.23529172,-5.633545019367858e-10
0.0112826669556708,0.23405153,0.23405153,-4.4071960525471354e-09
0.0075985308068803,0.2240551,0.2240551,-3.4929275583017727e-09
-0.3274276002237533,0.02133587,0.021335855,1.502754211346602e-08
-0.2196666178716319,0.20797053,0.20797051,1.9794692995844798e-08
-0.1673979362606671,0.1966923,0.1966923,2.823066724833012e-09
-0.1383853640889421,0.14023522,0.14023522,-4.574508660759591e-09
-0.1245698535309779,0.13193533,0.13193536,-3.175483703765636e-08
-0.1119056355195106,0.12305311,0.123053096,1.5135959624545947e-08
-0.101313744091738,0.08033373,0.08033373,2.0685386598051636e-09
-0.0865771994965761,0.029326677,0.029326677,3.2238769639980625e-10
-0.0833535803663844,-0.02787438,-0.02787441,2.9649887083732507e-08
-1.0515906119703808,-1.0773271,-1.077327,-1.3222503669751973e-07
-1.0357027748287218,-1.090248,-1.090248,1.129913340669475e-08
-1.0188939036498654,-1.1038679,-1.1038678,-8.845062260398606e-08
-1.0059994271290986,-1.1163714,-1.1163714,6.796264662156659e-09
-0.9958680527199248,-1.1215084,-1.1215081,-2.5990905760941985e-07
-0.9850459027828528,-1.1020879,-1.1020879,4.466094960520195e-08
-0.9744540113550804,-1.0829668,-1.0829669,9.549560542332358e-08
-0.9645528954552058,-1.0405852,-1.0405853,1.397445679174325e-07
-0.9528097114809362,-0.98566175,-0.98566175,4.928588870356521e-09
-0.3587427574884723,-0.29562467,-0.29562467,-3.3665466525611976e-09
-0.4455502154943478,-0.35061684,-0.3506169,5.7491683969068674e-08
-0.5134764757376723,-0.43266204,-0.43266204,4.8065440516609215e-12
-0.570810844553224,-0.520947,-0.520947,2.0477294970788762e-08
-0.621467716599093,-0.60140824,-0.60140824,-3.179321250712519e-09
-0.6721245886449619,-0.68607104,-0.68607104,1.7538451801968336e-09
-0.7280774064047173,-0.7641572,-0.7641573,1.2398223880882853e-07
-0.795082632610844,-0.8184124,-0.8184124,-2.3133850057810434e-08
-0.8708376821703481,-0.8761852,-0.8761853,1.2124328607754364e-07
0.8524985987863757,0.64915967,0.6491597,-3.012390137335785e-08
-0.6415039474081069,0.16320379,0.1632038,-9.216117868859897e-09
0.0240094524603518,-0.16786304,-0.16786304,-1.1624908535790013e-09
-0.2157956136516715,-0.33601978,-0.33601972,-6.421211240503766e-08
-0.4046654279376,-0.48786625,-0.48786637,1.1733924865087175e-07
-0.5725237382362065,-0.6428032,-0.6428032,7.86132814400986e-09
-0.7064350748868807,-0.74175537,-0.74175525,-1.1632537844086244e-07
-0.8069879969837049,-0.8122554,-0.8122555,1.1746215822228123e-07
-0.8613291738001808,-0.8599585,-0.85995865,1.2052764897241275e-07
0.4070970444413473,0.32772833,0.32772833,1.0890197632562604e-09
0.2553566868130397,0.12706226,0.12706226,1.1045837300383e-09
0.1395366566354391,-0.07698217,-0.07698217,-3.433990453105551e-10
-0.0290125721717249,-0.24248865,-0.24248865,-2.4677276611040355e-09
-0.1867396510418171,-0.40232578,-0.40232572,-5.919960022193749e-08
-0.3267368246958551,-0.56146705,-0.56146705,-1.506042512922079e-09
-0.4962070875402168,-0.70745456,-0.70745456,-2.1871948696627896e-09
-0.6560064929940036,-0.84644663,-0.84644663,-3.338928245000261e-09
-0.8397527834149286,-0.95530593,-0.95530593,-3.952331573131573e-09
-0.9079093021675524,-0.9679265,-0.9679265,-2.2277831801531534e-09
-0.9060672340931571,-0.98945856,-0.98945856,-9.436035286469746e-10
-0.9069882681303546,-1.0172613,-1.0172613,3.329162590048895e-08
-0.9102118872605464,-1.041969,-1.041969,5.831146232537776e-08
-0.913435506390738,-1.0437591,-1.0437591,-7.58972173997563e-09
-0.9226458467627142,-1.0390382,-1.0390382,1.8695068382257318e-08
-0.9281720509859,-1.0201844,-1.0201842,-1.9769744863396e-07
-0.932777221171888,-0.9867202,-0.9867201,-1.0435333253067114e-07
-0.9378429083764748,-0.95937073,-0.9593706,-1.3230743411973833e-07
-0.1938776648300986,-0.21219304,-0.21219301,-3.203987122835095e-08
-0.2682511633338064,-0.26951706,-0.269517,-6.409454345046584e-08
-0.3419338863096158,-0.36587468,-0.36587468,2.103500373884515e-09
-0.4193007454342158,-0.48021135,-0.4802113,-4.734153746799308e-08
-0.4985096726332109,-0.57450676,-0.57450676,3.5644531770628873e-10
-0.5802514434344995,-0.64060557,-0.64060557,1.114196734874895e-09
-0.6682101939868722,-0.7089269,-0.7089269,-1.6122436496956993e-08
-0.7630766998182268,-0.76292443,-0.76292443,-2.7545166148001954e-09
-0.8544893280100904,-0.8461238,-0.8461237,-1.1458282467291525e-07
-0.4805495089078573,-0.5345516,-0.5345516,-2.048339842186664e-08
-0.5173908703957621,-0.58493984,-0.58493984,2.544250476965715e-09
-0.5468639595860859,-0.6317624,-0.6317624,1.463165277826306e-08
-0.5862381646762841,-0.6812308,-0.68123066,-1.2346252442618777e-07
-0.627224179331578,-0.73232067,-0.73232055,-1.1631317142768438e-07
-0.6813349290169382,-0.7791889,-0.7791889,2.861633296991073e-08
-0.7365969712487953,-0.8294276,-0.8294275,-9.99069214024928e-08
-0.8008390953433292,-0.863763,-0.8637631,1.2526092529885346e-07
-0.8724494917354441,-0.9001688,-0.9001689,1.234878540534723e-07
0.5715016200811222,0.47001442,0.47001442,3.1319427606923966e-09
0.4047944593483533,0.33085692,0.33085692,-7.113647448875327e-10
0.2551264283037402,0.2509559,0.2509559,9.490585317628586e-09
0.1284842481890677,0.13674352,0.13674352,-4.270095832481502e-09
0.0250981775136351,0.059946656,0.05994667,-1.3772888184104826e-08
-0.0582554028527493,0.026936442,0.026936442,-3.4007263324808967e-10
-0.1213462344007862,-0.0010620803,-0.0010620654,-1.4864091491722034e-08
-0.1650953511676731,-0.030608669,-0.030608684,1.507662200986304e-08
-0.1805226712907331,-0.06762129,-0.06762129,-6.837463373265962e-10
0.802450904908425,0.51802766,0.51802766,3.230895995187666e-09
0.3106187290448968,0.25048256,0.25048256,-7.958984582501216e-10
0.1181226152705945,0.09193372,0.09193372,-1.86176296601559e-10
-0.0234863679485392,-0.0011951476,-0.0011951476,-3.355255136228141e-11
-0.1075307238428219,-0.06872547,-0.0687255,3.3271789545707975e-08
-0.1657861266955713,-0.0889211,-0.08892107,-2.9901199335991e-08
-0.2063116243322665,-0.103848934,-0.103848934,-1.7358398052280677e-10
-0.2192061008530332,-0.12092668,-0.12092668,1.8193054146520282e-09
-0.2081536924066617,-0.12798354,-0.12798357,2.9703445425521835e-08
1.0262621759474462,0.8084787,0.8084787,1.3035583501519454e-08
0.3962748945042753,0.5885979,0.5885979,-6.285095222047232e-09
0.1579573373793915,0.40573967,0.40573967,-4.968566891250248e-09
0.014276027576563,0.25709996,0.25709993,2.6274032616235843e-08
-0.0780576346524981,0.14503296,0.14503294,1.7196235657657155e-08
-0.1439115683121278,0.09223842,0.09223842,-1.2420845046934303e-09
-0.1761477596140445,0.040053442,0.040053472,-2.987944793669817e-08
-0.2007854201090808,-0.029459491,-0.029459491,-3.7210845862944986e-10
-0.1947986988672962,-0.08107403,-0.08107403,7.927703910004524e-10
0.1844370659488231,0.21563064,0.21563065,-1.4380836493854687e-08
0.3080858854426033,0.41552836,0.41552836,-2.9710388038672875e-09
0.3133818311564896,0.4641032,0.4641032,-7.909011834339452e-09
0.2726260750104951,0.42907548,0.42907548,-4.925537200328733e-10
0.2198968763809314,0.3592295,0.3592295,5.06210329209722e-09
0.172463623465254,0.2638533,0.2638533,1.1538696276236493e-08
0.1199646833449897,0.18788917,0.18788919,-1.6373100292232934e-08
0.07345246446651,0.14469782,0.14469782,-4.82017517566824e-09
0.0303941232275214,0.051972687,0.051972702,-1.4755584719361448e-08
0.3882158466787961,0.18717764,0.18717764,3.1798934874149865e-09
0.3255855321493581,-0.017738953,-0.017738953,-2.3276519947601493e-10
0.2449950538945664,-0.21487772,-0.21487772,-4.647521978373703e-09
0.1475957044609183,-0.38561174,-0.38561174,-2.734909076984593e-09
0.0285520551531261,-0.46954337,-0.46954337,2.375717178537684e-09
-0.1158200301776005,-0.5272757,-0.5272757,1.850433350991665e-08
-0.2951914089218367,-0.60500884,-0.60500884,-5.609130937500595e-10
-0.5187724214515586,-0.704558,-0.704558,-1.4869689923813212e-08
-0.8091284016781077,-0.9002807,-0.90028083,1.1596496585219995e-07
0.7039002629282799,0.55953676,0.5595367,5.5084991457121646e-08
0.6230795261641888,0.36590075,0.36590078,-2.5071411113852804e-08
0.5263709522584389,0.17232263,0.17232263,8.82263179180498e-10
0.4119324731366348,0.0026505291,0.002650544,-1.4853805541895776e-08
0.2760799526499861,-0.13318908,-0.13318911,2.7854309081476458e-08
0.1142082206125046,-0.2601701,-0.2601701,-2.11944578554224e-09
-0.0828930633477856,-0.4025537,-0.40255377,6.263877866397038e-08
-0.3352563895399331,-0.5951667,-0.59516656,-1.2319702147323142e-07
-0.6774205343588483,-0.84641504,-0.8464149,-1.4287719729555448e-07
0.7785040199412869,0.64090115,0.6409011,4.831924438342128e-08
0.690315010879615,0.45839795,0.45839792,3.470237730507364e-08
0.58784997424138,0.28677234,0.28677234,5.361175392515349e-10
0.470648393007983,0.10908879,0.10908881,-1.660305022632702e-08
0.3320327704097414,-0.041175038,-0.041175067,2.937754822046612e-08
0.1678584532792659,-0.18963495,-0.18963501,6.103111266364536e-08
-0.0354598104321083,-0.38637516,-0.38637516,9.748077345328454e-10
-0.293119082338142,-0.60587144,-0.60587144,1.019897499787703e-09
-0.6548552004475067,-0.8606961,-0.86069596,-1.1734680172015288e-07
-0.3384800086701247,-0.30903056,-0.30903056,-2.6392364405047886e-09
-0.4377214261781681,-0.43916032,-0.43916032,2.817459099357933e-09
-0.5240683671654448,-0.5282924,-0.5282924,-1.7526245121857187e-08
-0.6060403964760328,-0.6130363,-0.6130363,2.5090026833929358e-08
-0.6875519087680221,-0.71026886,-0.71026886,4.905090333906514e-09
-0.7773527273947899,-0.8156538,-0.81565404,2.3903564450034054e-07
-0.897547669249079,-0.9208604,-0.9208604,-9.73663327741292e-09
-0.9788289230317688,-1.0192806,-1.0192806,4.7135925385077826e-08
-1.066557415074842,-1.1060133,-1.1060132,-9.803466793911753e-08
0.1475957044609183,0.056874424,0.056874424,2.1913146991403565e-10
-0.1222672684379838,-0.21547943,-0.21547946,2.6463470470527994e-08
-0.3423944033282146,-0.40910098,-0.40910104,6.04334259302064e-08
-0.5378838777234092,-0.58673096,-0.58673084,-1.1703125002426873e-07
-0.6875519087680221,-0.739596,-0.7395961,9.074554441212968e-08
-0.8409040759614256,-0.8662913,-0.8662914,1.1543884281817185e-07
-0.954421521046032,-0.9867494,-0.9867493,-1.106292724095681e-07
-1.0347817407915243,-1.0970997,-1.0970997,3.8172912608658294e-08
-1.1492202199133283,-1.1918931,-1.1918929,-2.007385253577354e-07
2.681590599300866,2.5842655,2.5842657,-2.2949523925674953e-07
2.060583399720372,1.8001897,1.8001896,1.335052490780697e-07
1.4554640372815364,1.2631308,1.2631308,-1.5965271105145007e-08
0.9348495477555828,0.7890929,0.7890929,-1.6311645367750316e-09
0.494595277975121,0.3120878,0.3120878,4.079055759831363e-09
0.0980901249615463,-0.05613643,-0.05613643,6.901550303473059e-10
-0.3062438173682081,-0.3943669,-0.39436695,5.980796813354061e-08
-0.6555459759754049,-0.70384824,-0.70384824,-2.7597045759719663e-09
-0.9125144723535404,-0.98108613,-0.98108613,-4.910583495387755e-09
0.2558172038316385,0.21373937,0.21373937,-4.660720837046384e-09
0.1254908875681755,0.025200456,0.025200427,2.9380844115273197e-08
-0.0073682722975809,-0.19401756,-0.19401759,3.0710067738803914e-08
-0.149668031044613,-0.4450461,-0.44504616,6.295982363235808e-08
-0.281145639854573,-0.680745,-0.6807451,9.439239501141117e-08
-0.3912092072996884,-0.80989766,-0.80989766,-1.2091064816033281e-09
-0.4939045024472228,-0.9392071,-0.9392071,2.2973632773926056e-08
-0.6387371047965483,-1.0390638,-1.0390637,-1.1130218502408695e-07
-0.8763638863935339,-1.112688,-1.1126878,-1.4536590575708885e-07
2.788660806125089,2.7791758,2.7791758,-4.163818356772708e-08
2.268967350636333,2.2140236,2.2140236,-9.912109355525445e-09
1.7513462217312714,1.6069975,1.6069975,-1.0070800859907081e-08
1.2404025895958923,0.9998611,0.9998611,2.1177673392713814e-08
0.7531755839183524,0.6220818,0.6220818,1.6196441632310155e-08
0.2647972856943152,0.24154836,0.24154836,-6.059265034163985e-10
-0.0619395390015398,-0.1543552,-0.15435517,-2.814491270597408e-08
-0.2005551615997814,-0.5313184,-0.5313184,-2.613220217995149e-08
-0.3177567428331783,-0.87651837,-0.87651837,1.2789916903344078e-09
0.500812257726205,0.50299954,0.50299954,4.14367673506888e-09
0.2060813658229671,0.20891711,0.20891711,1.158370982468071e-09
-0.0504266135365696,-0.023266524,-0.023266524,-7.646179175924139e-11
-0.264106510166417,-0.3146318,-0.31463185,6.007728575729843e-08
-0.4545302973570246,-0.5794946,-0.5794947,1.0447235110344621e-07
-0.6138691857922126,-0.73520386,-0.73520386,-2.190246539690577e-09
-0.8001483198154309,-0.8727927,-0.8727927,-2.079467775750743e-08
-0.8973174107397797,-1.009317,-1.0093172,1.5955657950428304e-07
-1.0076112366941945,-1.1160324,-1.1160324,3.80157469948017e-08
0.7564505642291837,0.6814914,0.6814914,-2.503051754754182e-08
0.2651296679812694,0.15995333,0.15995333,-4.013137822056478e-09
-0.1132806864589662,-0.2882168,-0.28821674,-5.949760434331708e-08
-0.4206802739146448,-0.576789,-0.576789,-2.149200439838239e-08
-0.6135969018019363,-0.7415763,-0.7415763,-1.3972473178469613e-08
-0.7601420493842237,-0.8194946,-0.8194946,-5.064392127884787e-09
-0.8804410789804578,-0.9188305,-0.9188305,-1.3954162603191378e-08
-0.9851050478745148,-1.0335658,-1.0335659,1.4034118644978832e-07
-1.102319150599436,-1.1242408,-1.1242405,-2.560348510982635e-07
2.870863093944976,2.9656904,2.9656904,-2.56256105224395e-08
2.407122456215976,2.603847,2.603847,2.682495114925132e-08
1.9357832876800944,2.255939,2.255939,6.805419783262323e-09
1.4589179149210276,1.792499,1.792499,-5.381011969340932e-08
0.9765263379387747,1.1093868,1.1093868,1.719665521093816e-09
0.5123251831911753,0.59306216,0.59306216,2.399291987309482e-09
0.050656872045869,0.109537475,0.10953749,-1.518892288332463e-08
-0.3826896424556104,-0.43434206,-0.43434206,3.4871673326719588e-09
-0.7644582508740233,-0.8177242,-0.8177242,-2.7905273425332666e-08
-1.0416894960705063,-1.0443006,-1.0443006,4.381713858414571e-08
-1.0617219863795546,-1.075814,-1.0758141,9.12872315517177e-08
-1.0819847351979022,-1.1065074,-1.1065075,7.946014402016033e-08
-1.102708001034849,-1.1275157,-1.1275157,2.636260987287642e-08
-1.1229707498531962,-1.145586,-1.1455861,8.620605473907972e-08
-1.143924274199442,-1.1589174,-1.1589175,7.293701176358525e-08
-1.1657988325828854,-1.1702117,-1.1702116,-7.278289793077874e-08
-1.188364166494227,-1.177768,-1.1777679,-9.201965323057948e-08
-1.2113900174241676,-1.1877155,-1.1877156,6.960449216997233e-08
0.1480562214795171,0.24826795,0.24826795,-1.3725280634258041e-09
0.0423675657110904,0.12397677,0.12397675,1.706314087246419e-08
-0.0798997027268934,0.0029524267,0.0029524267,-2.801818846376314e-11
-0.2065418828415659,-0.1351879,-0.1351879,5.894088744851089e-09
-0.3564401723954783,-0.30039757,-0.30039752,-5.490158083709673e-08
-0.5120949246818758,-0.5221623,-0.5221623,-1.822967532483233e-08
-0.6884729428052196,-0.7151598,-0.7151598,2.6173400891060794e-08
-0.8687653555866536,-0.8961897,-0.8961897,1.0363769509247334e-08
-1.046985441784393,-1.0682722,-1.0682722,-3.300933837380171e-08
-0.9132052478814386,-0.9787574,-0.9787574,1.8560791015254097e-08
-0.9426783370717624,-1.0198219,-1.0198219,1.775207514320698e-08
-0.9728422017899844,-1.0562309,-1.056231,9.73281859550923e-08
-1.0053086516012004,-1.0837202,-1.0837202,-7.2143555573944695e-09
-1.0354725163194225,-1.1048026,-1.1048025,-1.0848999032475604e-07
-1.0709323267515307,-1.1237059,-1.1237057,-1.639526368002464e-07
-1.1123788584254235,-1.1428487,-1.1428487,-3.008728022280138e-08
-1.1418519476157474,-1.163297,-1.163297,-5.71517944081279e-08
-1.1835287377989396,-1.1785206,-1.1785206,3.973541251589552e-08
-0.8298516675150541,-0.8502463,-0.8502463,-1.0234069813819247e-08
-0.8685350970773541,-0.9114661,-0.9114661,-2.1673584038595095e-08
-0.9083698191861512,-0.96763,-0.96763,-2.8724670420032794e-08
-0.9495860923507444,-1.0178671,-1.017867,-8.831787101648558e-08
-0.991953658061835,-1.053789,-1.0537889,-1.195846557333624e-07
-1.0361632918473207,-1.0896316,-1.0896316,4.253540031307068e-08
-1.0819847351979022,-1.1246395,-1.1246396,8.889160163505494e-08
-1.1298785051321785,-1.155533,-1.1555332,2.438766479873067e-07
-1.1809958941966463,-1.1784744,-1.1784745,7.373046884140422e-08
0.5164698363585645,0.45467293,0.45467293,2.6248169193721083e-09
0.4321952219549824,0.33446404,0.33446404,3.3788299380610454e-09
0.3361774235771307,0.18252376,0.18252376,-2.7806854319134544e-09
0.2281861827157099,-0.0073914826,-0.0073914677,-1.4891629027992404e-08
0.1003927100545404,-0.20380023,-0.20380023,-1.218338013808662e-09
-0.0398347221087969,-0.3911715,-0.39117154,5.481437681531531e-08
-0.2203573933995301,-0.57098484,-0.57098484,-3.930663572404569e-10
-0.4457804740036473,-0.7822908,-0.7822908,-1.6307067918219786e-08
-0.7536361009369512,-0.9935658,-0.9935658,2.194213921669075e-09
0.4301228953712878,0.34139425,0.34139425,-4.375457773875269e-09
0.3472298320235021,0.19467556,0.19467558,-1.5234069811187467e-08
0.2555869453223391,0.024517909,0.024517894,1.469235992590523e-08
0.1584178543979903,-0.1521,-0.1521,3.1948089729283424e-09
0.0449004093133839,-0.3336911,-0.3336911,9.654617327825576e-09
-0.0932546962662588,-0.50174093,-0.5017408,-1.3246459962257262e-07
-0.2670998707873093,-0.6761384,-0.6761383,-1.0103149417073354e-07
-0.4851546790938454,-0.8509886,-0.8509885,-1.2648010250249087e-07
-0.7911682379527543,-1.0250224,-1.0250223,-8.750457758388563e-08
-0.8224833952174733,-0.82038903,-0.82038903,-2.363891637990889e-09
-0.8869557778213064,-0.88926387,-0.88926387,1.6680907766186692e-09
-0.9336982552090856,-0.9441738,-0.9441738,-1.286621098550711e-08
-0.9832038347084576,-0.9784068,-0.9784068,1.3081359884203891e-08
-1.0255714004195482,-1.0048968,-1.0048969,1.4001312265143895e-07
-1.0679389661306384,-1.0476383,-1.0476384,1.0291900642833696e-07
-1.1066223956929386,-1.0915333,-1.0915334,9.67391968753617e-08
-1.1487597028947296,-1.1322805,-1.1322805,3.105926515978297e-08
-1.1773117580478556,-1.1643052,-1.1643052,-1.0113525350519126e-08
3.2385859332961258,3.1356921,3.1356921,1.9598388689701096e-08
2.835863800531467,2.773393,2.7733927,2.1572570796379864e-07
2.412878918948461,2.4768596,2.4768598,-2.3045043962000022e-07
1.969631288547107,2.1240242,2.124024,1.5275573739259585e-07
1.499673671067022,1.4856715,1.4856715,2.023315426313843e-08
1.0115256313522845,0.87276816,0.87276816,3.68103025838451e-09
0.533278707537421,0.32845122,0.32845122,-3.779144275295465e-09
0.0373018785065035,-0.26445365,-0.2644536,-4.952087401255412e-08
-0.5067989789679895,-0.7385962,-0.7385962,-9.429931280280357e-10
1.0177426111033685,1.0454322,1.0454322,9.968566860862893e-09
0.9511979019158404,0.9216256,0.9216256,1.416625972083807e-08
0.8270885654034613,0.711449,0.711449,2.7061462404276426e-08
0.6362042611942549,0.4460354,0.44603536,2.51318359456576e-08
0.3902881732624908,0.28132623,0.28132623,4.340667714153312e-09
0.0997019345266421,-0.039910734,-0.039910704,-2.9699798585747228e-08
-0.2074629168787635,-0.35360077,-0.35360077,-2.350616368218539e-10
-0.5295945713886305,-0.6659477,-0.6659477,2.4295043976607644e-08
-0.8683048385680547,-0.944101,-0.944101,2.400970455784801e-08
1.1298785051321785,1.0998777,1.0998776,1.1511077890880017e-07
0.8869557778213064,0.82301426,0.8230144,-1.4066162112857938e-07
0.6304477984617698,0.5648645,0.5648645,1.625823975448526e-08
0.3405523352538194,0.2942529,0.2942529,2.2693634194048684e-09
0.0686170357712225,-0.013268724,-0.013268724,-8.390045082296016e-11
-0.2166732572507397,-0.26912728,-0.26912728,4.799652342235561e-10
-0.494595277975121,-0.61180794,-0.61180806,1.1760955809236862e-07
-0.784260482673772,-0.91105473,-0.9110546,-1.3041534419055978e-07
-1.052281387498279,-1.1423755,-1.1423755,3.079223631630157e-08
-0.3219013960005676,-0.3015396,-0.30153957,-2.989547731591102e-08
-0.393281533883383,-0.39126793,-0.39126787,-5.550086973338253e-08
-0.450155385680336,-0.46138093,-0.46138087,-5.875480652006715e-08
-0.5229170746189478,-0.5210979,-0.5210978,-9.848327631178933e-08
-0.6071916890225298,-0.602034,-0.602034,2.7259826618220018e-08
-0.7013674193259863,-0.72352636,-0.72352624,-1.1860443116518127e-07
-0.8061350410572156,-0.8503431,-0.8503431,-8.177185040203483e-09
-0.921955071234816,-0.9641831,-0.964183,-9.211730955804853e-08
-1.0492880268773868,-1.079395,-1.0793952,1.4422912597567006e-07
-0.9636318614180082,-0.8946123,-0.8946123,-1.2316894504316167e-08
-1.0030060665082063,-0.95639896,-0.95639884,-1.2392822268392223e-07
-1.0269529514753446,-1.0014964,-1.0014963,-1.3421173106209494e-07
-1.0479064758215904,-1.0462466,-1.0462465,-1.4783477775281995e-07
-1.0713928437701294,-1.1011558,-1.1011558,4.209594717252685e-08
-1.095569987246567,-1.1372122,-1.1372123,1.4275054938117648e-07
-1.1153722190463158,-1.159117,-1.159117,1.6586303663856938e-08
-1.1499109954412263,-1.1770327,-1.1770325,-2.0912170417553e-07
-1.1715552953153707,-1.1914309,-1.1914309,-2.632293694126986e-08
1.0382356184310153,0.9485109,0.9485109,-1.476135258471345e-08
0.7946221155922453,0.7195444,0.7195443,1.1070556638070883e-07
0.5507783542441758,0.41471064,0.41471064,9.072875783999734e-10
0.3046320078031123,0.17838272,0.17838272,4.523544316903383e-09
0.0520384231016654,-0.070607424,-0.070607424,2.1765136914986272e-10
-0.2164429987414403,-0.31147602,-0.31147602,-2.0050811566640903e-09
-0.5021938087820014,-0.59152305,-0.59152305,-1.2619018052717479e-09
-0.7377482637952923,-0.848706,-0.8487059,-1.0700378416661493e-07
-1.012446665389482,-1.0924768,-1.0924768,-4.478759763060225e-08
1.3002698020137378,1.2584604,1.2584605,-9.751129148583004e-08
1.0817544766886027,1.0047936,1.0047936,4.3951416062171234e-08
0.8544893280100904,0.6580849,0.6580849,2.8989410427726625e-08
0.5989023826877513,0.36283988,0.3628399,-2.2394561760563647e-08
0.2311795433366022,0.08070275,0.08070277,-1.812507628706772e-08
0.0294730891903237,-0.23588824,-0.23588821,-3.272155763012208e-08
-0.281145639854573,-0.5304539,-0.5304539,-2.0364379849091563e-08
-0.5567650754859602,-0.783182,-0.7831819,-1.2495574952531285e-07
-0.8208715856523773,-0.985922,-0.98592186,-1.1895050044952171e-07
-0.6716640716263632,-0.67240334,-0.67240334,4.428710953519044e-09
-0.7250840457838251,-0.7068175,-0.7068175,-7.74383546175983e-09
-0.7785040199412869,-0.7515037,-0.7515036,-1.0597839350534599e-07
-0.8307727015522518,-0.79892004,-0.79892004,4.637756401137949e-09
-0.8779756959586297,-0.8679459,-0.867946,9.04998779249766e-08
-0.931625928625391,-0.95224416,-0.95224416,-2.5595092711938605e-09
-1.01705183557547,-1.0349793,-1.0349792,-1.4341430665254506e-07
-1.0923463681163754,-1.1155049,-1.1155049,3.9122009187764206e-08
-1.159351594322502,-1.1772313,-1.1772312,-1.1179809566996823e-07
0.0909521111732648,0.06913285,0.069132835,1.4574089046703875e-08
0.0610185049643422,0.007859558,0.007859558,-1.3294982996459037e-10
0.0290125721717249,-0.079090595,-0.079090625,2.9754638669610145e-08
-0.0168088711788565,-0.17692268,-0.17692268,1.0525512683656757e-09
-0.0902613356453665,-0.3082296,-0.3082296,4.577255241500211e-09
-0.1980223179974879,-0.47788927,-0.47788927,4.0962216951712094e-10
-0.3557493968675801,-0.66342974,-0.66342986,1.2290893558475346e-07
-0.5728831711369186,-0.87430406,-0.87430406,3.8323975104503916e-09
-0.8655417364564619,-1.0418782,-1.0418783,7.658081058181665e-08
-0.4019712188539085,-0.2992442,-0.2992442,4.7771454014799986e-09
-0.4541302800894454,-0.36533603,-0.3653359,-1.3072166443750532e-07
-0.515838165589535,-0.456534,-0.456534,1.7490386916563239e-09
-0.5691612007789542,-0.5448214,-0.54482126,-1.2156890871750647e-07
-0.6481738149172142,-0.6726742,-0.6726743,1.209228515097749e-07
-0.707246104939447,-0.74845517,-0.74845517,3.1832885216687146e-09
-0.816445396904439,-0.8752276,-0.8752276,2.946624755306715e-08
-0.8989420935395421,-0.9625176,-0.96251774,1.2086700440505638e-07
-1.0133524447172864,-1.0830055,-1.0830055,-4.752349846981474e-08
-0.5922248859180685,-0.6155839,-0.6155839,3.3630370710469037e-09
-0.6500197717522191,-0.6641202,-0.6641203,1.0270385741861787e-07
-0.7103475011886632,-0.7249787,-0.7249787,1.4620971655610049e-08
-0.7732080742274006,-0.7951604,-0.79516053,1.1721160886324355e-07
-0.838831749377731,-0.8798059,-0.8798058,-1.2250823977488778e-07
-0.9109026627884446,-0.95664454,-0.9566444,-1.3506469731527915e-07
-0.985736678310751,-1.0367671,-1.0367671,-2.5129699654513615e-08
-1.0536629385540754,-1.1182728,-1.1182729,1.1862792970163127e-07
-1.146226859292436,-1.1739542,-1.1739544,1.5157165522694527e-07
-1.84516024595517,0.58399045,0.58399045,4.673767040053178e-09
-1.7660917224794772,0.5093318,0.5093318,2.239532470582617e-08
-1.6766466621275504,0.33636028,0.33636028,-4.25460816577683e-09
-1.575036485716768,0.0980499,0.0980499,1.4258384750664987e-09
-1.4653375684603434,-0.15147448,-0.15147448,4.13940429155879e-09
-1.3356012468043723,-0.39921555,-0.3992155,-4.923057556061039e-08
-1.2658482080440236,-0.60483813,-0.60483813,-2.8582763933471256e-09
-1.152013065395225,-0.7932172,-0.7932172,1.7840576127525765e-08
-1.067113621608739,-0.9943932,-0.99439347,2.40515441896072e-07
-0.2537448772479438,-0.21514896,-0.21514896,4.416427612508045e-09
-0.3596637915256699,-0.30732343,-0.30732343,3.991775521239305e-09
-0.4602867600895097,-0.42997,-0.42997,3.7860870549799586e-09
-0.5609097286533496,-0.5489633,-0.5489634,9.166564940432664e-08
-0.6617629557264888,-0.68298185,-0.68298197,1.2128326420945967e-07
-0.7695239380786101,-0.7909603,-0.7909602,-1.1188964843533711e-07
-0.8756731108656357,-0.8981916,-0.89819145,-1.2123565673594072e-07
-0.9896510729688408,-1.0011606,-1.0011605,-1.2164306650852552e-07
-1.0987936063767587,-1.0949818,-1.0949819,1.1041107184084353e-07
-0.8432066610544197,-0.8605503,-0.86055017,-1.1438568114918723e-07
-0.8544893280100904,-0.8643074,-0.8643074,-3.5644531770628873e-09
-0.8798177640330249,-0.88332224,-0.8833221,-1.389221191416823e-07
-0.9095211117326482,-0.8975254,-0.8975254,-2.9725646943923323e-08
-0.940145493469469,-0.95866466,-0.95866454,-1.1568542479523103e-07
-0.972611943280685,-1.0290179,-1.0290178,-1.252624510783562e-07
-1.0083020122220927,-1.0839608,-1.0839608,2.8439331112295463e-08
-1.0444525981820991,-1.1309305,-1.1309307,1.5705413813904556e-07
-1.1004054159418546,-1.1646245,-1.1646245,4.74090575686148e-08
-0.5070292374772889,-0.5690943,-0.5690943,-2.700805135091855e-10
-0.5595281775975531,-0.65920126,-0.65920115,-1.1438140867792157e-07
-0.6150204783387097,-0.73468065,-0.73468065,-2.6184081569624595e-09
-0.6741969152286567,-0.79769933,-0.7976992,-1.3223724359967548e-07
-0.7402811073975858,-0.86437786,-0.86437774,-1.1625457763120295e-07
-0.8107402112432036,-0.93337345,-0.9333736,1.4876708986921727e-07
-0.8876465533492047,-1.0018858,-1.0018857,-7.175140370740962e-08
-0.9719211677527868,-1.0675842,-1.0675842,4.300994871364594e-08
-1.0637943129632492,-1.1319231,-1.131923,-7.949066160861662e-08
0.5291340543700318,0.5812949,0.5812949,-5.781555123540727e-09
0.4077878199692455,0.49913573,0.49913573,2.650756836253265e-09
0.2705537484268003,0.427644,0.427644,1.4358520483703785e-08
0.1271026971332713,0.29321438,0.29321438,7.411193880813016e-10
-0.0389136880715993,0.11912318,0.1191232,-1.6809177397214548e-08
-0.2210481689274284,-0.169523,-0.16952303,2.9282836905286658e-08
-0.4280505687875932,-0.51591265,-0.51591265,-2.015686062506461e-09
-0.6398883973430453,-0.7517046,-0.7517046,2.6368713323954296e-08
-0.8904096554607975,-0.97919273,-0.9791925,-2.337646484162903e-07
-0.4240364936935998,-0.36344478,-0.36344472,-5.534294128528572e-08
-0.3253147139253358,-0.15969834,-0.15969834,2.683486932664181e-09
-0.2382571891242579,0.011435792,0.011435807,-1.5149909972367315e-08
-0.1679453908494474,0.20502397,0.20502397,4.180221557792407e-09
-0.1041390397411454,0.38905582,0.3890558,1.8319320671533745e-08
-0.0558298849606705,0.46844512,0.46844512,2.2419738843204584e-09
-0.02081513971392,0.47976762,0.4797676,2.0563507063808828e-08
0.0030952049073025,0.36220294,0.36220294,2.3713684349502273e-09
0.0174469136037207,0.22647938,0.22647938,1.322860709862539e-09
0.3663412882953527,0.48940217,0.48940215,2.494964601584826e-08
0.3076253684240045,0.55917376,0.5591737,6.279830933042518e-08
0.2940401163753396,0.6948198,0.6948198,8.006286633666093e-09
0.2698629728989021,0.68553936,0.68553936,4.814758258753216e-09
0.2360149720318897,0.63741934,0.63741934,2.9946899404720284e-09
0.1927263722836016,0.61490345,0.61490345,1.2207013178056059e-11
0.134931486449451,0.59332,0.59332,1.2092590373491419e-08
0.0686170357712225,0.43259156,0.43259156,-2.4972534040657024e-09
-0.0071380137882815,0.2782886,0.2782886,2.8289794951064096e-09
0.58393557958329,0.93052113,0.93052113,5.618285836561654e-10
0.5275222448049359,1.1213754,1.1213754,4.155120847393334e-08
0.442787113382755,1.2432417,1.2432415,1.6774749744818962e-07
0.3937420509019819,1.2859919,1.285992,-9.288024904741121e-08
0.3382497501608253,1.2587664,1.2587664,1.2734985288531675e-08
0.271474782463998,1.0838438,1.0838437,1.2724761955240638e-07
0.2010156786183802,0.78866076,0.78866076,4.694213906475397e-09
0.1130569280660076,0.55895984,0.55895984,1.728210463625146e-09
0.0200324903090481,0.3297311,0.3297311,6.758117676586295e-09
-0.6579731055522913,-0.599249,-0.599249,-5.317687956640782e-09
-0.5196982022695891,-0.46383426,-0.46383432,6.406623842547532e-08
-0.3771692389533171,-0.2873164,-0.28731638,-3.173362733699392e-08
-0.2439842171860615,-0.03235279,-0.03235276,-3.0236473082256854e-08
-0.1341029845234802,0.18814749,0.18814747,1.5256195057267163e-08
-0.0330398540782001,0.2443255,0.24432552,-1.6293067922612536e-08
0.0324671901375014,0.36201394,0.36201394,-3.957214333993875e-09
0.0665365238002442,0.35926205,0.35926205,-8.018493646844149e-10
0.0648509723196162,0.23652498,0.23652498,4.2405319256033636e-09
-0.8282398579499584,-0.8086945,-0.80869436,-1.2184967046469097e-07
-0.7167947394490466,-0.6365098,-0.6365098,2.3884582533995058e-08
-0.6154809953573084,-0.48952797,-0.48952803,5.944755554487813e-08
-0.5180816459236603,-0.3354996,-0.3354996,-1.44771575838476e-08
-0.4259782422038984,-0.15647498,-0.15647492,-5.773170472234135e-08
-0.3405523352538194,-0.016027167,-0.016027167,-4.394607559798924e-10
-0.2592710814711296,0.050047815,0.050047815,-1.5396118407950965e-10
-0.182134480855829,0.08502887,0.08502886,1.1893882753688523e-08
-0.1084517578800195,0.08804737,0.088047385,-1.4685401922287511e-08
0.0002302585092994,0.0011101514,0.0011101514,1.0102844342357864e-11
0.132628901356457,0.387128,0.38712803,-3.450897217982529e-08
0.3002570961264235,0.72926176,0.72926176,-4.05670164127514e-09
0.4750233046846717,1.1388899,1.13889,-9.120941157902962e-08
0.6615326972171894,1.4561654,1.4561653,1.329299925689753e-07
0.8273188239127607,1.644844,1.644844,5.5175781277228e-08
0.9067580096210552,1.411499,1.411499,2.3437499940826e-08
0.8526472599356952,0.9224489,0.9224489,-2.648010255512645e-08
0.5602189531254513,0.5268051,0.52680504,6.282516484823475e-08
0.4098601465529402,0.43558413,0.43558413,-2.0970153946642256e-09
0.4229848815830062,0.43377563,0.43377566,-2.6426467902851414e-08
0.414925833757527,0.45722342,0.45722342,-4.625244132139272e-09
0.3992682551251675,0.56282187,0.56282187,-4.918212836990676e-09
0.3670320638232509,0.6349691,0.6349691,1.525726323059473e-08
0.3202895864354718,0.5610508,0.5610508,-2.7333068808310657e-08
0.2560474623409379,0.45611468,0.4561147,-2.0425033553372884e-08
0.17016103837226,0.40460694,0.40460694,-1.6378784439829985e-09
0.0596369539085457,0.26926318,0.2692632,-2.188987729967451e-08
-0.589001266787877,-0.49929723,-0.49929735,1.1856422421629986e-07
-0.5751857562299126,-0.35213748,-0.35213748,3.794174197047084e-09
-0.5477849936232835,-0.3110179,-0.3110179,-7.053375106202964e-10
-0.513936992756271,-0.26375628,-0.26375622,-5.517700196744357e-08
-0.4704181344986836,-0.18482348,-0.18482345,-3.3228683471442366e-08
-0.4156166092854252,-0.026081637,-0.026081637,4.5195770390082934e-10
-0.3525257777373884,0.040296614,0.040296614,1.700744614585581e-10
-0.2816061568731718,0.10674758,0.1067476,-1.7445182798336845e-08
-0.190654045699907,0.1398865,0.1398865,-1.5487670868008507e-09
1.244086725744683,1.5198628,1.5198629,-1.2896575918297515e-07
1.333427027352852,1.829685,1.8296849,7.276306157599777e-08
1.4372736150468834,2.0095809,2.0095809,-4.93988037142401e-08
1.5563172643546754,2.0262654,2.0262654,-1.7233276583539237e-08
1.6854922880716416,1.8490747,1.8490748,-7.866363516129127e-08
1.7925624948958647,1.5316433,1.5316432,7.144622804489131e-08
1.7612473376311455,1.2170192,1.2170191,1.0032501229773061e-07
1.4220765534331228,0.80439794,0.8043978,1.4063568110067592e-07
0.7110382767165614,0.46213865,0.46213868,-2.7198486352020268e-08
-0.6538190371556594,-0.568241,-0.5682411,9.98245239802742e-08
-0.6246913357292847,-0.47372612,-0.47372612,-3.5713959012362295e-09
-0.5887710082785775,-0.3828341,-0.38283423,1.2331626891848302e-07
-0.5502027079709273,-0.2864897,-0.28648964,-5.5310592661506064e-08
-0.5057628156761422,-0.22210822,-0.22210819,-2.5093612660009867e-08
-0.4496948686617371,-0.0991233,-0.0991233,8.781433080695678e-10
-0.3882158466787961,0.035184562,0.035184547,1.5206268313971982e-08
-0.3181021305971274,0.13612182,0.13612182,4.383735652258025e-09
-0.2189758423437337,0.1996337,0.19963369,1.2635765073154559e-08
2.3185568625037445,2.2732031,2.2732031,3.4536743243052115e-08
2.019280093831776,1.9700028,1.9700029,-1.2957611073005637e-07
1.7338831506973658,1.7239863,1.7239861,1.6804351798960226e-07
1.4607754779321986,1.4581515,1.4581515,-4.0306091353414786e-08
1.2003562725513937,1.1960438,1.1960438,4.8991394052677606e-08
0.9515034236298976,0.96050537,0.96050537,-3.6746216069971638e-09
0.713880746946852,0.7295885,0.7295885,8.605957058094305e-09
0.4852616316347165,0.5248479,0.5248479,2.470932003451054e-08
0.2602851815948296,0.31546986,0.31546986,1.0305786224407143e-09
0.7835697071458738,0.90013504,0.9001349,1.4028320316494813e-07
0.7193275830513399,0.9298955,0.9298955,2.0210266127307364e-08
0.6474869281499257,0.91957915,0.91957915,-1.70745850791576e-09
0.5691990349881282,0.9353516,0.9353516,1.0183715870581977e-08
0.4789376993427615,0.89113545,0.89113533,1.241778564420315e-07
0.3771634382324247,0.8306525,0.8306525,-2.4642944351782603e-08
0.2571987548874349,0.69571686,0.69571686,-2.0898437425032057e-09
0.1234185609844808,0.4038055,0.4038055,-5.691528304208049e-09
-0.0428280827296892,0.096541286,0.0965413,-1.4485168453592934e-08
0.4957465705216181,0.6010219,0.6010218,8.587188715658556e-08
0.559988694616152,0.87716484,0.8771647,1.4069824216811355e-07
0.6196256485246978,1.335992,1.335992,-2.1354675361351383e-08
0.6811046705076388,1.6626396,1.6626396,1.791992176869428e-08
0.7269261138582203,1.6410843,1.6410843,1.3392639219844682e-08
0.7621556657810292,1.3771173,1.3771174,-1.2380828851021874e-07
0.7421231754719809,1.0742943,1.0742943,2.8689575160001368e-08
0.6097245326248233,0.7539263,0.7539263,-2.2839355517945137e-08
0.3370984576143283,0.46043867,0.46043867,-1.2721252384828574e-09
1.2751716245001026,1.3557022,1.3557023,-1.3821105948608192e-07
1.1849102888547358,1.3634139,1.3634139,2.993926995209506e-08
1.085899129855992,1.4157075,1.4157076,-1.3101348872446295e-07
0.9751447868829785,1.4023378,1.4023377,8.953552255164254e-08
0.8491933822962041,1.2884817,1.288482,-2.8765869131142097e-07
0.7039002629282799,1.2012658,1.2012658,1.1920165965406682e-08
0.5339694830653192,1.0410488,1.0410488,-3.481750487921431e-08
0.3274276002237533,0.75112545,0.75112545,4.902648953475364e-09
0.0628605730387374,0.18694815,0.18694815,3.9634703852264863e-10
-0.5307458639351276,-0.43145785,-0.43145785,2.643203711460984e-09
-0.5160093193399656,-0.23213995,-0.23213989,-5.50302124147084e-08
-0.4982794141239116,0.039148882,0.039148867,1.5031440737944823e-08
-0.4738720121381746,0.3077193,0.3077193,-9.743499729264471e-09
-0.4446291814571502,0.7204344,0.7204344,2.7261352508745063e-08
-0.4082483369878443,1.1560963,1.1560962,1.3922576913572016e-07
-0.3658807712767539,1.0877833,1.0877833,3.6639404399352316e-08
-0.3060135588589087,0.7657161,0.7657161,-2.410278321374193e-08
-0.2268046316599135,0.46094438,0.46094435,3.4336471554929915e-08
0.4879177812054383,0.7916738,0.7916738,-2.0512390119797885e-08
0.5673569669137329,1.4260862,1.4260861,8.736267087527949e-08
0.6493289962243208,2.0580356,2.0580356,1.2106323055149915e-08
0.7616951487624304,2.253385,2.2533853,-2.3301391616215028e-07
0.8194900345965809,2.0449123,2.044912,3.382568358745175e-07
0.9164288670116304,1.6339798,1.6339797,9.736328121512372e-08
0.9454414391833552,1.2411994,1.2411994,-2.580108637850742e-08
0.8565616545937851,0.8309212,0.8309212,-2.6904296901442137e-08
0.5422587894000978,0.49344572,0.49344566,6.424888610023771e-08
0.0985506419801451,0.16969083,0.16969083,2.4956894051353373e-09
0.1353920034680499,0.3023558,0.3023558,-3.901290901442422e-09
0.1715425894280564,0.49397886,0.49397886,-2.0059204297595556e-09
0.2046998147671707,0.7603972,0.7603972,-4.183959956272076e-09
0.2325610943923986,0.9753566,0.9753566,-2.117309572113868e-08
0.2542053942665426,1.0651847,1.0651847,1.2409973049187784e-08
0.2452253124038658,0.9231019,0.9231018,1.0200805666826795e-07
0.1998643860718832,0.68794155,0.68794155,1.2084960809843892e-09
0.0686170357712225,0.4291337,0.4291337,1.324539183888973e-08
-0.3548283628303824,-0.12603688,-0.12603691,2.7599487306684267e-08
-0.3527560362466878,0.17253172,0.17253172,3.976135254379898e-09
-0.3506837096629931,0.44214752,0.44214752,3.164749129425104e-09
-0.3456180224584063,1.1298726,1.1298724,1.6050109863385842e-07
-0.3297301853167473,1.5269868,1.5269868,3.738708498346455e-08
-0.3110792460634956,1.5155579,1.5155579,-1.4830016992206652e-08
-0.2864415855684593,1.2165205,1.2165207,-1.5213317872131427e-07
-0.2553566868130397,0.7695329,0.7695329,1.893005374675738e-08
-0.2042392977485718,0.42739207,0.42739207,-4.474945081156534e-09
-0.5715016200811222,-0.15329638,-0.15329641,2.8764877313403048e-08
-0.0923336622290612,0.17982803,0.17982803,2.851219177424369e-09
0.6090337570969252,0.477795,0.47779498,2.4844665547085754e-08
1.1349441923367651,0.9940578,0.99405766,1.1454376225294993e-07
1.365432960145469,1.9234576,1.9234576,2.2528076071282044e-08
1.3668145112012655,3.0575764,3.0575764,1.7922973771788975e-08
2.068181930527252,3.7057724,3.7057722,1.9990234356725978e-07
2.5738296169487445,3.1820288,3.1820283,4.704467775340504e-07
1.7554908748986606,1.543304,1.5433038,1.6652221690449664e-07
1.1340231582995677,0.9851289,0.9851289,-2.0452880833410347e-08
1.2597443043770429,1.3397696,1.3397697,-9.817810053824871e-08
1.3104011764229115,1.6374053,1.6374054,-1.2370147706164403e-07
1.3062565232555223,1.8648982,1.8648982,4.8034667354812655e-09
1.228198888603024,1.980312,1.9803122,-2.1021575924429214e-07
1.1066223956929386,1.8946507,1.8946508,-1.0229187008548024e-07
0.9097513702419476,1.5936182,1.5936184,-2.4547424315457533e-07
0.6495592547336204,1.1750238,1.1750238,-5.825805615700119e-09
0.2795338302894771,0.671715,0.671715,2.113342290055442e-08
-0.534430000083918,-0.46253154,-0.46253154,3.1824493595955516e-09
-0.4206822964900122,-0.22978681,-0.22978687,5.6740875248317835e-08
-0.30163864718222,-0.048685774,-0.04868579,1.5792884826282272e-08
-0.2035485222206736,0.1310634,0.13106342,-1.8300933851689294e-08
-0.1010834855824386,0.29959267,0.29959267,3.7785339301876775e-09
-0.0425978242203898,0.3370826,0.3370826,-5.36689759300657e-09
0.0191114562718505,0.37649798,0.37649798,3.932495107328293e-09
-0.0059867212417845,0.3842535,0.3842535,1.8920898181562507e-09
-0.0695380698084201,0.2863202,0.2863202,9.503173803437903e-09
-0.5162395778492651,-0.54732,-0.54732,-8.277893037700323e-09
-0.5523901638092716,-0.58234704,-0.58234704,4.591980018453512e-09
-0.5899223008250746,-0.6381693,-0.6381693,1.1364746144160165e-08
-0.6286057303873746,-0.67023134,-0.67023134,-2.3156738748753014e-09
-0.6647563163473811,-0.657905,-0.657905,1.7433166465963268e-08
-0.6939991470284055,-0.6538892,-0.6538893,1.2077026367851573e-07
-0.718176290504843,-0.64921284,-0.64921284,2.7807617319908218e-09
-0.7407416244161845,-0.67603755,-0.67603755,2.7465807406201748e-11
-0.7616951487624304,-0.7406411,-0.7406411,-1.709594721344132e-08
0.2963940130538024,0.29224223,0.29224223,-1.0151672280578339e-09
0.1578580846155803,0.14857396,0.14857396,4.8342132519252345e-09
0.031498667059371,0.017516658,0.017516658,-2.899246225041008e-10
-0.083381608939051,-0.090884894,-0.090884924,2.986738587007487e-08
-0.1875351238468421,-0.2044746,-0.20447463,3.183067320833288e-08
-0.279713902802604,-0.28817043,-0.28817043,2.916030861221941e-09
-0.3595361762197646,-0.34506235,-0.34506235,4.733657854583129e-09
-0.4277107170554841,-0.4126627,-0.4126627,-1.4719772345461735e-08
-0.4845083154486173,-0.50600076,-0.50600076,2.782592822825336e-09
-1.194022473472768,-1.2674133,-1.2674131,-1.5855255131036472e-07
-1.1270117631898076,-1.2496986,-1.2496986,-3.891601552119539e-08
-1.0613165039244128,-1.2225653,-1.2225653,6.687927323056897e-09
-0.9888614247089904,-1.1685194,-1.1685193,-7.770843502008518e-08
-0.9213032736976992,-1.101795,-1.101795,4.1885376056427503e-08
-0.8462983600541201,-1.004796,-1.0047959,-1.2813720706716936e-07
-0.770028224895903,-0.89901364,-0.89901364,1.5036010214686257e-09
-0.6931471805599453,-0.77757215,-0.77757204,-1.1499877927700908e-07
-0.6106459590482015,-0.67090464,-0.67090464,3.61694341144414e-09
-1.324258970200438,-1.4440229,-1.4440229,6.094360349706562e-09
-1.258781040820931,-1.3819352,-1.3819352,-3.883819577055192e-08
-1.1841701770297564,-1.3139558,-1.3139555,-2.838439940866522e-07
-1.1056369036050742,-1.2413368,-1.241337,1.7749023428770272e-07
-1.0216512475319814,-1.1672137,-1.1672136,-7.8359985389298e-08
-0.9314043696842031,-1.0818225,-1.0818226,8.54660033855481e-08
-0.8324092478934529,-0.96843517,-0.96843505,-1.1826629642275321e-07
-0.7381445464906811,-0.8362627,-0.8362626,-1.0294189456416802e-07
-0.6329932577401982,-0.7210994,-0.7210994,2.3321533149101015e-08
0.4731237565819792,0.38410738,0.38410735,3.1105422959587514e-08
0.3213585988111647,0.26939797,0.269398,-2.5985717799770214e-08
0.171429115627531,0.09406508,0.09406509,-1.2397136692210431e-08
0.0295588022415444,-0.010843173,-0.010843173,3.305892937871535e-10
-0.0921152889078056,-0.11721492,-0.11721489,-2.813659667755264e-08
-0.2057949129795968,-0.21233603,-0.21233597,-6.358268736517125e-08
-0.3051673867928005,-0.30111673,-0.30111668,-5.474311826070277e-08
-0.3989861420104552,-0.38872638,-0.38872632,-6.344764708066108e-08
-0.4893903430459256,-0.4965699,-0.4965699,-1.7047881994969316e-09
-0.7335525951949842,-0.7640482,-0.7640482,-1.8727111861238654e-08
-0.6911491778972723,-0.74690366,-0.7469038,1.420867919987856e-07
-0.6493217010199158,-0.73024404,-0.73024416,1.1951080325367514e-07
-0.6091737467837668,-0.71381724,-0.71381724,1.1923217968501376e-09
-0.5737654235398648,-0.6950815,-0.6950815,2.7603149432842145e-08
-0.5440377579721042,-0.6756581,-0.6756581,-6.803894003759581e-09
-0.5237420156992175,-0.6601733,-0.6601733,3.0715942012093933e-09
-0.5119929715179974,-0.6440853,-0.6440853,1.1952209444388018e-08
-0.5150009951764712,-0.624622,-0.624622,1.2657165537888204e-08
0.3361150299733711,0.45977995,0.45977995,-2.003860466448515e-09
0.3057920916240984,0.48740944,0.4874094,4.2663192756364765e-08
0.253323519815342,0.501383,0.501383,6.572723365572131e-09
0.1839868361130158,0.43138194,0.43138194,8.416747854234075e-10
0.0939456128425278,0.2658377,0.26583767,2.917488095555143e-08
-0.0072260450917395,0.11619772,0.116197705,1.517002105877463e-08
-0.1227327653822971,-0.038705394,-0.03870538,-1.367198944335346e-08
-0.2538605239762702,-0.21808678,-0.21808681,3.088241576354456e-08
-0.3893457262282811,-0.4161636,-0.4161636,6.469345115167613e-09
0.918288734536828,0.8547901,0.85479,9.151458735257023e-08
0.6339278208999741,0.5886493,0.5886493,-2.7081298870079706e-08
0.3646431135879092,0.35570395,0.35570395,-7.1716299565594e-11
0.0610950993598108,0.19490072,0.19490072,1.3115692143461644e-09
-0.0987159729391577,0.039897487,0.039897487,-4.325027488927269e-10
-0.279713902802604,-0.13061473,-0.13061476,3.226448058724074e-08
-0.4354089844812364,-0.29056802,-0.29056808,5.607994080225609e-08
-0.5621189181535413,-0.41653207,-0.41653207,5.553436044358762e-10
-0.6143360001356555,-0.524096,-0.524096,-1.2115478509322486e-08
0.4167347003663951,0.4584043,0.45840433,-2.740295412806404e-08
0.2859305394129745,0.3549494,0.3549494,1.4730071995483485e-08
0.1604167214059046,0.24206969,0.24206969,1.419601436403184e-09
0.043059489460447,0.231465,0.231465,-3.0660629313228327e-09
-0.0672087496934499,0.13236076,0.13236077,-1.3602752674257701e-08
-0.1707883209802816,-0.0081705,-0.008170515,1.460231780978094e-08
-0.27049724769768,-0.13388976,-0.13388976,-4.547348025907283e-09
-0.3624056186477175,-0.27716383,-0.27716383,-3.3797454834783025e-09
-0.4557063245449111,-0.44884148,-0.44884154,5.759910581826233e-08
0.7884573603642703,0.77550447,0.77550447,-1.2847900521251177e-10
0.5726730270920708,0.50465953,0.5046595,3.350067134810786e-08
0.3818552424690307,0.3544007,0.35440063,6.437026978112215e-08
0.2062008305838978,0.22169659,0.22169659,-4.58320617569008e-09
0.0516432331518383,0.089666724,0.08966671,1.4205017093149586e-08
-0.0877389143080067,-0.06915036,-0.06915036,1.5615081727649027e-09
-0.2218943319137777,-0.19578132,-0.19578132,-3.3348082628670284e-10
-0.3396773675701613,-0.324986,-0.32498607,5.9210128799946915e-08
-0.4431669752921758,-0.4729683,-0.4729683,-1.0117721549462999e-08
0.350093332573178,0.35022706,0.35022706,-2.0661926058984648e-09
0.3071905388398238,0.31350875,0.31350875,-9.918212917625624e-10
0.2565009549682061,0.27380365,0.27380365,1.3328552150859707e-09
0.1952377820605009,0.23700224,0.23700224,-1.3687515287852392e-09
0.1228369099590624,0.21909557,0.21909557,2.8292465314994075e-09
0.0343048036919902,0.1804078,0.1804078,7.230949394809727e-09
-0.0723556621921403,0.015070587,0.015070617,-2.9603378295592342e-08
-0.1990608807982526,-0.2097663,-0.20976633,3.146751403892978e-08
-0.3541068158330223,-0.39103016,-0.39103022,5.742713926615295e-08
3.2273032663404546,3.104854,3.104854,1.069030761691181e-07
2.731786954328136,2.3572495,2.3572497,-2.016326905440735e-07
2.248013826290087,1.6632017,1.6632019,-2.1027984620225482e-07
1.7759838822263077,1.1256177,1.1256177,4.253845209412077e-08
1.315697122136798,0.7110238,0.7110238,7.525634782012958e-09
0.8678443215494559,0.3387549,0.3387549,-7.650756861377062e-09
0.4315044464270842,0.009599268,0.009599268,4.3643188542275e-10
0.0071380137882815,-0.3426142,-0.3426142,-3.691482564072146e-09
-0.405254976366952,-0.6404263,-0.6404264,1.218856811036062e-07
0.2770009866871837,0.1433779,0.14337789,1.01235961835755e-08
0.1082214993707201,-0.037749544,-0.037749544,2.1395111376998344e-10
-0.0736827229758094,-0.2321819,-0.23218188,-2.6700134270196685e-08
-0.2286466997343087,-0.41952565,-0.4195257,4.687614441056809e-08
-0.3868342956229997,-0.5758635,-0.5758635,1.943206784371654e-08
-0.520153972507355,-0.71000254,-0.71000254,-1.5420532628596106e-09
-0.6594603706334947,-0.79710877,-0.79710877,5.831909399844903e-10
-0.7831091901272751,-0.88527167,-0.8852718,1.3156585698670398e-07
-0.897547669249079,-0.97694147,-0.9769416,1.3366851803198188e-07
0.6642957993287822,0.5880345,0.5880345,1.0612487777450497e-08
0.3361774235771307,0.26649264,0.26649264,-4.988327029220585e-09
0.063781607075935,-0.010298729,-0.010298729,5.712890577269647e-11
-0.1623322490560802,-0.24113125,-0.24113122,-2.608993529551462e-08
-0.3589730159977717,-0.49712983,-0.49712977,-5.77378082011748e-08
-0.5323576735002233,-0.64649725,-0.64649725,3.9672853890948545e-10
-0.684098031128531,-0.7513983,-0.7513983,-2.496643070060145e-08
-0.8038324559642215,-0.83981276,-0.8398129,1.444152831764356e-07
-0.8938635331002885,-0.9255762,-0.9255762,-1.0021972696172554e-08
2.583730732848619,2.6306193,2.6306195,-2.125091551619107e-07
2.1943635936233257,2.2971861,2.2971861,3.624572775251522e-08
1.797858440609751,1.9272325,1.9272325,3.890991306931824e-09
1.3939850152985955,1.4909375,1.4909375,-2.8610229518832853e-08
0.982973576199158,1.0318413,1.0318413,-2.1923828086301e-08
0.56459386480214,0.5439508,0.5439508,-3.872680620631286e-09
0.1388458811075409,0.026762426,0.026762426,-1.0049438364800878e-10
-0.2938098578660402,-0.43522885,-0.4352289,4.558219907080385e-08
-0.7340641276465018,-0.82619226,-0.82619214,-1.1978851321980954e-07
-0.6774205343588483,-0.657809,-0.657809,-1.9088745140116714e-08
-0.7361364542301965,-0.65118515,-0.65118515,-4.91485596665342e-09
-0.7752804008110953,-0.6540344,-0.65403426,-1.1614440920126867e-07
-0.7801158295063827,-0.6013279,-0.6013279,3.881835963781555e-09
-0.7840302241644727,-0.69067895,-0.69067895,-4.1244506698845385e-09
-0.7948523741015446,-0.8069531,-0.8069531,2.7452087381085732e-08
-0.8178782250314851,-0.84441745,-0.84441733,-1.2281219485821282e-07
-0.8505749333520005,-0.91042733,-0.91042745,1.1807556155041254e-07
-0.912284213844241,-0.9844402,-0.9844402,-7.481384289853565e-09
-0.812121762299,-0.86534977,-0.86534977,4.0771486187196615e-10
-0.8130427963361977,-0.86796916,-0.86796916,4.6884155446846876e-09
-0.8181084835407845,-0.8880297,-0.8880297,5.442810091516037e-09
-0.8222531367081737,-0.9161756,-0.9161755,-1.0386657711691782e-07
-0.8293911504964554,-0.93993187,-0.939932,1.3049316405222555e-07
-0.8473513142218089,-0.93126595,-0.93126595,-2.0294188551872594e-10
-0.886725519312007,-0.92570376,-0.92570364,-1.239617919424063e-07
-0.9318561871346904,-0.94393575,-0.9439359,1.4808502202257046e-07
-0.976065820920176,-1.0005687,-1.0005687,-4.752044668876465e-08
0.390978948790389,0.39899027,0.39899027,3.4756469924346334e-09
0.2288769582436081,0.14833702,0.14833702,1.4700698713898674e-09
0.0757550495595041,-0.024413168,-0.024413139,-2.9430328368773573e-08
-0.1022347781289356,-0.18669274,-0.18669274,-4.49348450115572e-09
-0.2968032184869325,-0.325596,-0.325596,-4.724502566944011e-09
-0.4750233046846717,-0.453486,-0.45348594,-5.55310821770405e-08
-0.6523223568452132,-0.58941436,-0.58941436,1.8609619401033228e-09
-0.8185690005593833,-0.73230875,-0.73230875,4.615783644190685e-09
-0.9723816847713856,-0.8789239,-0.878924,1.0702514652294326e-07
-1.5277652092015497,-1.5278652,-1.5278653,1.2856750486456292e-07
-1.5208574539225672,-1.488509,-1.4885089,-1.58952331519302e-07
-1.500134188085621,-1.4563214,-1.4563214,4.131927489048337e-08
-1.4616810170326204,-1.4483927,-1.4483929,1.5116729734643286e-07
-1.4140175056076436,-1.4227302,-1.4227302,-7.4432373597943524e-09
-1.3564528782827925,-1.3645148,-1.364515,1.7227172843803373e-07
-1.2933620467347555,-1.2961351,-1.2961351,3.20602417946958e-08
-1.2153044120822576,-1.2102045,-1.2102047,2.1792144777599276e-07
-1.1271154030205854,-1.1203433,-1.1203436,2.7247772216298927e-07
0.8726797502447434,0.8204709,0.8204709,2.914581298529839e-08
0.521305265053852,0.48968416,0.48968416,4.524078389689379e-09
0.2226599784925242,0.20927194,0.20927194,-2.391281117564148e-09
-0.030163864718222,-0.109289974,-0.109289944,-2.9974227905293915e-08
-0.2353241965039915,-0.36137292,-0.36137292,2.109451280318808e-09
-0.4128535071738324,-0.5529071,-0.552907,-1.0926055904469933e-07
-0.5910735933715715,-0.67927146,-0.67927146,4.205322756689611e-10
-0.7803460880156821,-0.80757165,-0.80757165,4.486083726717993e-10
-0.9113631798070432,-0.9222299,-0.9222299,1.3945007371063411e-08
0.2291072167529075,0.20316793,0.20316793,2.4539947851565103e-10
0.1031558121661332,0.09258093,0.092580944,-1.4601463316221697e-08
-0.0244074019857368,-0.04707752,-0.04707752,-1.6817855857942376e-09
-0.1634835416025772,-0.18259653,-0.18259653,-4.490585320260365e-09
-0.2910467557544474,-0.30427766,-0.30427766,1.5374755912844762e-09
-0.4361096166130723,-0.4142898,-0.4142898,-2.3128509663017383e-09
-0.5744949807020144,-0.55259573,-0.55259573,-4.596252489719177e-09
-0.7128803447909566,-0.70602226,-0.7060224,1.3742675786243552e-07
-0.8561011375751864,-0.87731516,-0.8773153,1.3638763429746348e-07
0.2392385911620813,0.23844579,0.23844579,-1.3780975249844118e-09
0.1931868893022004,0.18304911,0.18304911,2.5583648810556525e-09
0.1321683843378582,0.11159792,0.11159792,-2.0260047944864468e-09
0.0587159198713481,0.027147517,0.027147517,-3.9176177926703026e-10
-0.0338480008670124,-0.10501474,-0.10501474,-1.4207458542969675e-09
-0.153121908684104,-0.28929642,-0.28929636,-5.84284210458641e-08
-0.3025596812194176,-0.52433574,-0.52433574,-1.9967650866092868e-09
-0.4959768290309175,-0.7300283,-0.73002815,-1.2167510987648456e-07
-0.7561689445392448,-0.911155,-0.911155,1.4572143602897825e-08
0.766862218382226,0.717572,0.71757185,1.2380065916861582e-07
0.5098251234324072,0.38651806,0.38651806,1.1610412631313238e-09
0.2476410229145971,0.11376687,0.11376687,1.3927268921465341e-09
0.0,-0.11048055,-0.11048061,6.304870606155255e-08
-0.2256466815323282,-0.30021203,-0.3002121,7.435760496221633e-08
-0.4277107170554841,-0.47906986,-0.4790698,-5.878944397963437e-08
-0.5978370007556204,-0.6304978,-0.6304977,-1.132247924306995e-07
-0.7571525105358577,-0.77661073,-0.77661085,1.1792144771760604e-07
-0.8533159327127666,-0.9114568,-0.9114567,-1.2334899901489393e-07
-0.1901935286813082,-0.22924665,-0.2292467,5.3834152219378595e-08
-0.2535146187386444,-0.30114862,-0.30114862,-3.228073142125254e-09
-0.3230526885470646,-0.38417384,-0.38417384,-2.8434754550943353e-10
-0.3976564455600717,-0.45311847,-0.45311853,5.670860292461555e-08
-0.4770956312683663,-0.5242866,-0.5242866,-2.77694701678044e-08
-0.5717318785904216,-0.6028805,-0.6028806,1.220947265512251e-07
-0.6672891599496745,-0.6929909,-0.6929909,9.140014300967891e-10
-0.7812671220528797,-0.8062763,-0.80627644,1.1858886717064365e-07
-0.8989292203048755,-0.93108296,-0.93108296,-3.943481430290774e-09
3.208191810068604,3.175204,3.1752043,-2.613800047512882e-07
2.9882949336876727,2.8429682,2.8429685,-2.7452087403290193e-07
2.7158991171864773,2.5467474,2.5467474,4.606018055852701e-08
2.391004360565017,2.1937053,2.1937053,2.0358276398013686e-08
2.013610663823293,1.7324656,1.7324656,2.4809265086744858e-08
1.5834877684520052,1.3489158,1.3489157,1.1535339350388085e-07
1.100865932960453,0.8511497,0.85114956,1.1823028567281568e-07
0.5655148988393377,0.16050723,0.16050723,1.9507598869594744e-09
-0.0218745583834434,-0.34997717,-0.34997723,6.453941342465797e-08
-0.1768385351419427,-0.17559338,-0.17559344,6.384033202078143e-08
-0.2970334769962319,-0.28330147,-0.28330153,5.733612062908122e-08
-0.4110114390994371,-0.39816573,-0.3981658,6.737785340771296e-08
-0.5180816459236603,-0.47277495,-0.47277483,-1.2265007021117214e-07
-0.6193953900153983,-0.5374409,-0.5374409,3.965759276525205e-09
-0.7135711203188548,-0.63683987,-0.63684,1.3336181636791622e-07
-0.8019903878898261,-0.7413441,-0.7413441,5.723571727678234e-09
-0.8848834512376118,-0.86186516,-0.86186516,-2.849426250506326e-09
-0.959487208250619,-0.9874141,-0.9874141,-2.1627807655910658e-08
-0.3612756010907658,-0.3855904,-0.3855904,-4.2720794679596e-09
-0.4285110858061919,-0.46864662,-0.46864662,4.256362928778401e-09
-0.4966676045588157,-0.5248729,-0.5248729,9.445190185530805e-10
-0.5629820552370443,-0.5997082,-0.5997082,4.989624269313708e-10
-0.6309083154803686,-0.6797874,-0.6797873,-9.738464357145205e-08
-0.6981438001957948,-0.7408016,-0.74080145,-1.227996826447253e-07
-0.7644582508740233,-0.79533744,-0.79533744,1.416625927674886e-09
-0.8305424430429524,-0.85402083,-0.85402083,-3.969116257884764e-09
-0.8966266352118816,-0.93116295,-0.9311631,1.4662323000180777e-07
1.4695098063488,1.3778187,1.3778188,-9.634857178753009e-08
1.165568574073586,1.059393,1.059393,4.828643795917742e-08
0.8630088928541685,0.7448406,0.7448406,2.1948242223679415e-08
0.5648241233114394,0.4558828,0.4558828,-1.2295532203498993e-08
0.2723958165011956,0.150121,0.150121,3.389358516070473e-09
-0.0117431839742696,-0.1477899,-0.1477899,4.465484620963522e-09
-0.2843692589847647,-0.38841817,-0.38841817,2.170486457231391e-09
-0.5447916330023913,-0.5894897,-0.5894896,-9.841003423272099e-08
-0.7932405645364488,-0.80277205,-0.80277205,4.864501912393848e-09
0.4096298880436407,0.3953563,0.3953563,-2.5070190368126077e-09
0.3170659673052801,0.28449124,0.2844912,4.097824096715996e-08
0.211147053027554,0.15200087,0.15200087,4.280929555289248e-09
0.0950967643406541,0.029217586,0.0292176,-1.4078712463200249e-08
-0.0352295519228089,-0.11686137,-0.11686131,-6.318611145417208e-08
-0.1848975829674218,-0.26525894,-0.26525894,1.925888060139158e-09
-0.3525257777373884,-0.4010984,-0.4010984,-3.54385354395248e-10
-0.5510086127534752,-0.5490911,-0.5490911,-6.927489692998279e-10
-0.7674516114949155,-0.7564324,-0.7564323,-1.1405487065907494e-07
-0.2700932314082016,-0.21933427,-0.21933427,-4.530410768754933e-09
-0.3582822404698735,-0.28299305,-0.282993,-4.84294891411885e-08
-0.4469317665501442,-0.38011578,-0.38011578,2.7458953999470737e-09
-0.5312063809537264,-0.49489227,-0.49489233,6.062705992793127e-08
-0.6131784102643144,-0.6109742,-0.6109742,7.380676292356725e-09
-0.6916965619354114,-0.7010927,-0.7010927,-2.003173826814475e-08
-0.774589625283197,-0.78343976,-0.7834399,1.4456024166609183e-07
-0.87014690664245,-0.8663498,-0.8663498,-1.6322326712447932e-08
-0.969158065641194,-0.9583566,-0.9583565,-1.1888122564140957e-07
-0.8726797502447434,-0.9116341,-0.9116341,1.2437438967616288e-08
-0.8772849204307315,-0.941764,-0.941764,2.9220581510003285e-09
-0.8818900906167196,-0.94690657,-0.94690657,3.3801269561095637e-09
-0.8915609480072946,-0.9550433,-0.9550432,-1.1588745119084365e-07
-0.906527751111756,-0.9713862,-0.9713861,-9.42291259464767e-08
-0.8556406205565874,-0.9770932,-0.9770932,-1.975708008306043e-08
-0.9214945542162172,-0.9834405,-0.9834404,-1.1837921143342811e-07
-0.938994200922972,-0.9914341,-0.9914342,1.0270996098071805e-07
-0.9576451401762236,-1.0023845,-1.0023844,-1.434188843241202e-07
-0.4985096726332109,-0.5443405,-0.5443405,8.7051391650661e-09
-0.5388049117606067,-0.60458195,-0.60458195,-2.0950317036749766e-09
-0.5837053210739906,-0.6581956,-0.6581956,-1.4814758309000808e-08
-0.6313688324989674,-0.70700026,-0.7070004,1.444152831764356e-07
-0.6824862215634352,-0.75423884,-0.75423896,1.1608215333414051e-07
-0.7368272297580947,-0.8069222,-0.8069222,2.65808108856902e-09
-0.7937010815550476,-0.8586956,-0.8586955,-1.262588501527162e-07
-0.8549498450286893,-0.91592777,-0.91592777,2.246398955740858e-09
-0.9210340371976184,-0.9785838,-0.97858393,1.1728637694385924e-07
0.492292692882127,0.508603,0.5086029,7.679901126156352e-08
0.3746305946301313,0.4068206,0.40682057,2.526443482198104e-08
0.2274954071878117,0.32144558,0.32144558,4.2971801672564425e-09
0.0941757303034564,0.17664744,0.17664744,-4.0096281850310334e-10
-0.0591764368899469,-0.004032016,-0.004031986,-2.9800476073794935e-08
-0.2318703188645004,-0.21332836,-0.21332836,-1.5112304740938498e-09
-0.4160771263040241,-0.434863,-0.43486288,-1.2110816954846726e-07
-0.5609097286533496,-0.632514,-0.6325141,1.00061035124277e-07
-0.7877143603132631,-0.8464261,-0.84642625,1.2065887455836588e-07
-0.6486382206964227,-0.63838744,-0.63838744,-1.6351318077312271e-09
-0.644263309019734,-0.641909,-0.641909,-3.257751512997231e-09
-0.6543946834289078,-0.66798055,-0.6679807,1.4828033445546396e-07
-0.689163718333118,-0.6988077,-0.6988076,-1.1636962893302183e-07
-0.7363667127394958,-0.7268598,-0.7268598,-7.96813970360688e-09
-0.7946221155922453,-0.7840482,-0.7840483,1.0034637454303663e-07
-0.8620878588169708,-0.8376305,-0.8376306,8.966979980762346e-08
-0.9343890307369838,-0.90352106,-0.9035212,1.390563965086855e-07
-0.9990916718501164,-0.98294866,-0.9829488,1.3914947505355713e-07
0.1248001120402772,0.24139349,0.24139349,1.62578583928763e-09
0.052959457138863,0.12663732,0.12663732,4.6908187889549424e-09
-0.0706893623549172,-0.05139096,-0.05139099,2.9187431332955427e-08
-0.2291072167529075,-0.27969718,-0.27969718,2.0568846625934611e-10
-0.4054852348762515,-0.45621398,-0.45621392,-6.091316223644228e-08
-0.582784287036793,-0.5980053,-0.5980052,-9.479980467297366e-08
-0.7437349850370768,-0.7073829,-0.7073829,-1.740417476803202e-08
-0.8729100087540428,-0.8046175,-0.80461764,1.1585296633143116e-07
-0.9647831539645052,-0.9111346,-0.9111347,9.936065670235195e-08
0.3048622663124116,0.24124996,0.24124998,-1.6358833315743837e-08
0.0617092804922404,0.059118167,0.059118167,-4.3410491867845735e-10
-0.1317078673192594,-0.13177642,-0.13177645,2.7737808216965476e-08
-0.270323489917501,-0.25710282,-0.25710282,2.7030181981579915e-09
-0.3686438733883467,-0.33858112,-0.33858106,-5.500740052344355e-08
-0.443938405929252,-0.4274709,-0.42747095,5.733222963044682e-08
-0.5047266523842949,-0.55087805,-0.55087805,2.0568847736157636e-09
-0.5528506808278705,-0.59791684,-0.59791696,1.1849304204503142e-07
-0.5873894572227811,-0.6036812,-0.6036812,-6.70318600626274e-09
0.5530809393371698,0.44598255,0.44598255,-4.385757423897019e-09
0.28229693240107,0.21168736,0.21168736,-3.766403189331413e-09
0.0624000560201386,0.019622386,0.01962237,1.5501861572175812e-08
-0.1086820163893189,-0.15740147,-0.1574015,2.766990661595692e-08
-0.2431529858201712,-0.28542548,-0.28542554,5.5819549538149715e-08
-0.3566704309047777,-0.37243178,-0.37243178,-4.8682403663846685e-09
-0.4531487463012282,-0.47979155,-0.47979155,-1.8283843883359907e-09
-0.5362720681583133,-0.5582044,-0.5582044,-1.2460327103447355e-08
-0.5862381646762841,-0.57954574,-0.57954574,3.6871338204846893e-09
0.2700932314082016,0.29620528,0.29620528,2.2113036957094323e-09
0.1365432960145469,0.1935527,0.1935527,2.665328985296256e-09
0.0223350754020422,0.058641538,0.058641538,2.394866943644658e-11
-0.0865771994965761,-0.065770924,-0.065770954,2.990866089513933e-08
-0.1837462904209248,-0.19060248,-0.19060248,-1.3652038666212007e-09
-0.2843692589847647,-0.30066407,-0.30066413,6.273162839187663e-08
-0.3734793020836343,-0.41240558,-0.41240558,-2.8221130987660104e-10
-0.4671945153684919,-0.50977373,-0.50977373,-1.231689417124926e-09
-0.557225592504559,-0.60194767,-0.60194767,4.785461471534802e-09
-1.077840082030513,-0.4939603,-0.4939603,8.852767963141162e-09
-1.084747837309495,-0.6222614,-0.6222614,-4.991149937794148e-09
-1.0845175788001955,-0.66185904,-0.66185904,4.5080565946875595e-09
-1.0594194012865603,-0.68901074,-0.68901074,6.735229041154867e-10
-1.023268815326554,-0.7065146,-0.7065145,-9.693908686880803e-08
-0.974914528373679,-0.7344197,-0.7344197,-3.4835815343470244e-09
-0.9217248127255164,-0.75952554,-0.75952554,2.5091553279565915e-09
-0.8602457907425756,-0.758196,-0.758196,3.715515117796997e-09
-0.791628754971353,-0.7600852,-0.7600851,-1.2510528568654422e-07
0.8114309867711017,0.71405876,0.71405876,-3.1716919091095974e-09
0.5318971564816246,0.4770678,0.47706777,2.8376083371917105e-08
0.2871323610963575,0.23121457,0.23121457,-1.9810867391001352e-09
0.0838140973849832,0.012915283,0.012915283,4.415435794768996e-10
-0.0824325463291868,-0.14958468,-0.14958468,-7.956695580180195e-10
-0.2302585092994046,-0.2500984,-0.2500984,-7.268524171433199e-09
-0.3610453425814663,-0.36610457,-0.36610457,-3.011398297392276e-09
-0.4747930461753722,-0.49929085,-0.49929097,1.1626121521057797e-07
-0.5609097286533496,-0.5671582,-0.5671582,-2.2198486382407623e-08
-0.5012727747448038,-0.4939603,-0.4939603,8.852767963141162e-09
-0.60327729436444,-0.6222613,-0.6222614,1.142181396129871e-07
-0.6721245886449619,-0.66185904,-0.66185904,4.5080565946875595e-09
-0.718176290504843,-0.68901074,-0.68901074,6.735229041154867e-10
-0.747879638204466,-0.7065145,-0.7065145,2.2270202681973217e-08
-0.7621556657810292,-0.7344197,-0.7344197,-3.4835815343470244e-09
-0.7639977338554244,-0.75952554,-0.75952554,2.5091553279565915e-09
-0.7501822232974601,-0.758196,-0.758196,3.715515117796997e-09
-0.7292286989512143,-0.7600852,-0.7600851,-1.2510528568654422e-07
-1.293131788225456,-1.2884245,-1.2884245,8.117675864838247e-09
-1.2740203319536056,-1.2480613,-1.2480612,-9.932403566281778e-08
-1.2353369023913057,-1.1927738,-1.1927738,-1.8969726456319336e-08
-1.1851405473640355,-1.1084177,-1.1084177,-4.940490727634028e-08
-1.1248128179275914,-1.0592016,-1.0592016,1.8325805317687127e-09
-1.0527419045168778,-1.0334455,-1.0334454,-7.748565677978547e-08
-0.972611943280685,-0.95249236,-0.95249236,3.699646033972215e-09
-0.874752076828438,-0.86819446,-0.86819446,-8.68835448031291e-10
-0.7630766998182268,-0.7801297,-0.7801297,2.8903198279195408e-08
0.8756731108656357,0.8146988,0.8146988,1.5345764214913515e-08
0.5655148988393377,0.4965261,0.49652606,3.22908783045861e-08
0.3177567428331783,0.27337188,0.27337188,-4.7138977166127916e-09
0.1142082206125046,0.06727506,0.06727503,3.220340728804505e-08
-0.0508871305551684,-0.09480545,-0.09480545,7.526397699519904e-10
-0.2357847135225903,-0.23257867,-0.2325787,3.498191833428699e-08
-0.3923604998461854,-0.38787052,-0.38787046,-6.035331728826421e-08
-0.5351207756118163,-0.54363656,-0.54363656,-4.4006343014046934e-10
-0.647026411131327,-0.6391065,-0.6391065,-1.2069702126638049e-08
-0.1966407669416915,-0.21194866,-0.2119487,3.70037078756269e-08
-0.2256533391134165,-0.23497885,-0.23497888,2.5343780518660708e-08
-0.2578895304153331,-0.28141165,-0.2814116,-4.779663087539632e-08
-0.2947308919032378,-0.33747455,-0.3374745,-5.4777145375162206e-08
-0.3370984576143283,-0.39627,-0.39627013,1.231049346905877e-07
-0.3840711935114068,-0.44659057,-0.44659063,5.7404403674965465e-08
-0.4434778889106532,-0.5036973,-0.50369716,-1.1611541750333743e-07
-0.5072594959865883,-0.5672158,-0.5672158,-2.853393077373312e-10
-0.5777185998322062,-0.62604594,-0.62604594,-2.3065185317250325e-09
-0.3971959285414729,-0.39223012,-0.39223012,-3.2814788664126127e-09
-0.4275900517689943,-0.41087887,-0.4108788,-6.691093445976293e-08
-0.4561421069221205,-0.44595233,-0.44595227,-5.605934144670144e-08
-0.475253563193971,-0.48590526,-0.48590532,6.015235898271243e-08
-0.4978188971053127,-0.5315733,-0.5315733,4.4067383075940825e-09
-0.5293643128793312,-0.56313145,-0.56313145,-1.6067505104189195e-09
-0.5595281775975531,-0.59415925,-0.59415936,1.1450897219322798e-07
-0.593606436973865,-0.621222,-0.621222,-1.919555658869143e-08
-0.62653340380368,-0.64717436,-0.64717424,-1.1836791991015616e-07
-1.057347074702866,-1.0488589,-1.0488589,1.9003295825825717e-08
-1.058037850230764,-1.0399897,-1.0399897,-9.854125959662952e-09
-1.0476762173122909,-0.9861665,-0.9861667,2.2279663081103962e-07
-1.0237293323451528,-0.952294,-0.952294,7.957458469931566e-09
-0.9871182293665476,-0.9342245,-0.9342245,1.3648986829650767e-08
-0.9431388540903612,-0.9136113,-0.91361105,-2.428390503128597e-07
-0.8901793969514982,-0.85616624,-0.8561665,2.5644683843140115e-07
-0.8261675313662636,-0.8013158,-0.8013159,1.1554565426674657e-07
-0.7488006722416637,-0.7461922,-0.7461922,-1.6873168973141617e-08
-0.7352154201929988,-0.7457527,-0.7457527,7.77740483126621e-09
-0.7658398019298197,-0.7857356,-0.7857356,-7.1472168183817075e-09
-0.7755106593203946,-0.79486513,-0.794865,-1.313781737843911e-07
-0.7812671220528797,-0.7497301,-0.7497301,-1.0168457076353832e-08
-0.7780435029226881,-0.7409028,-0.7409028,1.8513488742044615e-08
-0.7669910944763167,-0.7476839,-0.7476839,1.728668208578199e-08
-0.7421231754719809,-0.71209776,-0.71209776,-4.015197729856368e-09
-0.7064331065305733,-0.6790402,-0.6790402,6.442260724881521e-09
-0.6486382206964227,-0.65395176,-0.65395176,-4.106750495225242e-09
1.3794787292127328,1.3326882,1.3326881,1.1239471442436866e-07
1.0829057692350998,1.0135169,1.0135169,2.9235840415253733e-09
0.8088981431688084,0.7696055,0.7696055,1.738739008327883e-08
0.5424890479093972,0.54469645,0.54469645,2.334594739750173e-10
0.2945006333939385,0.23708348,0.2370835,-2.0237922671029196e-08
0.0538804911760606,0.017220944,0.017220959,-1.4833816529280508e-08
-0.1579573373793915,-0.1722678,-0.17226782,2.539093016395988e-08
-0.3744003361208318,-0.38656715,-0.3865672,5.44139862057591e-08
-0.5795606679066013,-0.55961883,-0.55961883,-6.808471564312413e-10
0.0211837828555452,0.000383839,0.000383839,1.1192321754723705e-11
-0.0161180956509583,-0.040463313,-0.0404633,-1.3460350035965352e-08
-0.0596369539085457,-0.09895137,-0.09895137,4.759979216339971e-10
-0.1098333089358159,-0.16051742,-0.1605174,-2.4345016474969228e-08
-0.1680887117885653,-0.24100032,-0.24100035,2.5512313844844314e-08
-0.2341729039574944,-0.32364902,-0.32364896,-5.9002914443162524e-08
-0.3117700215913938,-0.40326694,-0.40326682,-1.1654060361188101e-07
-0.4070970444413473,-0.4861715,-0.48617145,-6.379585265614551e-08
-0.5125554417004746,-0.5820571,-0.5820571,-1.8415832525597864e-08
0.6108758251713203,0.57777596,0.57777596,-4.799804664834539e-09
0.5431798234372954,0.47885707,0.4788571,-2.9792404154793672e-08
0.4671945153684919,0.3926416,0.39264163,-2.6053314228224878e-08
0.3704859414627419,0.32444373,0.3244437,2.7731704710376448e-08
0.264106510166417,0.18850742,0.18850742,2.804832449632144e-09
0.1443720853307266,-7.1555376e-05,-7.1555376e-05,-5.28564415543456e-14
0.0218745583834434,-0.13359848,-0.1335985,2.3351669320437196e-08
-0.1432207927842296,-0.23218518,-0.23218513,-5.495559693424745e-08
-0.3172962258145795,-0.38249174,-0.3824918,6.239585875755793e-08
-0.3278881172423521,-0.17586085,-0.17586082,-3.200309753315089e-08
-0.3882158466787961,-0.21557048,-0.21557048,3.6857605856255304e-10
-0.4347280655572758,-0.27012533,-0.2701252,-1.2949447630861144e-07
-0.4874572641868395,-0.32517102,-0.32517096,-6.360725401943768e-08
-0.5279827618235348,-0.3729526,-0.37295255,-6.0254287725936e-08
-0.5606794701440502,-0.44713607,-0.447136,-7.430458071056023e-08
-0.598672124178452,-0.49866912,-0.49866894,-1.776891326854546e-07
-0.6368950367221531,-0.5482118,-0.5482118,-1.2973022434081827e-08
-0.6714338131170638,-0.5911392,-0.5911393,1.0265045169433051e-07
