y_true,y_pred_recomputed,y_pred_reference,delta
0.6786019091179095,0.6630822,0.6630822,-1.7592620804585124e-08
0.7539223792744041,0.65303034,0.6530303,3.5903167772133315e-08
0.7950447069861052,0.68334633,0.6833463,3.111953739143303e-08
0.9054400758498844,0.75355816,0.75355816,-1.125488258146845e-09
1.0359848291773133,0.8144551,0.81445503,6.195327761915337e-08
1.2106186715470386,0.97950304,0.97950304,-4.454650870400201e-09
1.4224695760631636,1.2478968,1.2478968,-9.495544350812679e-09
1.6900459987125669,1.5680165,1.5680163,2.290832519236119e-07
2.048923054087581,2.0399096,2.0399094,2.012115478677856e-07
2.292406466083316,2.3166218,2.3166218,-1.9604492251801275e-08
0.9894208144595416,0.99654895,0.996549,-4.932785035993703e-08
0.9201130031604208,0.9304168,0.93041676,6.243347172585345e-08
0.8528775184449946,0.8773363,0.8773363,2.3261261028473257e-08
0.791628754971353,0.82583594,0.825836,-5.677795411607178e-08
0.7354456787022983,0.786348,0.786348,-1.4732360886782203e-08
0.6824862215634352,0.7284635,0.7284635,-2.906417850834231e-08
0.6355134856663567,0.6528065,0.65280646,6.046203615550638e-08
0.5917643688994698,0.61101395,0.61101395,-1.0826111118689141e-09
0.5581466265417567,0.5676631,0.56766313,-5.6460266129043646e-08
0.5528506808278705,0.53173125,0.5317312,4.790191654446829e-08
0.4681155494056895,0.4199159,0.4199159,1.4535522452341354e-08
0.4045642008390538,0.35476178,0.35476178,-6.916809347501385e-10
0.3509139681722926,0.316728,0.316728,-4.127502450934628e-09
0.312460797119292,0.27094266,0.27094266,-1.8140411395251022e-09
0.2841390004754652,0.23164786,0.23164785,1.3984107982700777e-08
0.2694024558803033,0.22011499,0.22011499,1.0688400164937661e-09
0.2574290133967343,0.23533903,0.23533902,1.0623435964252081e-08
0.2735471090476926,0.25504383,0.25504383,4.447860690870442e-09
-0.9191919691232232,-0.9011988,-0.9011987,-1.0437850950228977e-07
-0.6055798794574341,-0.69784355,-0.69784343,-1.2163574214518746e-07
-0.4312741879177847,-0.5149281,-0.514928,-1.0249328608047392e-07
-0.2620341835827224,-0.36354077,-0.36354065,-1.1862335203005614e-07
-0.0994716760173427,-0.20761143,-0.20761149,6.328891755114086e-08
0.0527291986295636,-0.017227188,-0.017227218,3.0247276305156445e-08
0.2023972296741766,0.1607252,0.16072522,-1.3863296510763234e-08
0.3398615597259212,0.30574253,0.30574253,2.0148467894109956e-09
0.4598262430709109,0.41800132,0.41800132,3.938369741440795e-09
-0.8699166481331506,-0.9495174,-0.94951755,1.211250305610534e-07
-0.6933083715005072,-0.74214923,-0.74214923,-3.818054206128352e-09
-0.520153972507355,-0.5480598,-0.5480599,7.887115482940743e-08
-0.3495324171164961,-0.34805852,-0.34805858,5.825241089496558e-08
-0.1855883584953201,-0.13937403,-0.139374,-3.261661529752047e-08
-0.0248679190043356,0.05127117,0.05127117,3.77731325384989e-10
0.1282539896797683,0.20306052,0.20306052,2.6755142268353183e-09
0.2758496941406867,0.34859395,0.34859395,2.7160645954538154e-10
0.4190704869249163,0.4424829,0.44248283,5.869857788720623e-08
-0.0888797845895701,-0.06857805,-0.06857805,4.594802871515924e-10
-0.0400649806180963,-0.0057448447,-0.005744815,-2.9675064086576164e-08
0.0112826669556708,0.05027625,0.05027625,-3.528594985646727e-10
0.072301171920013,0.10131271,0.10131271,1.8349075314727514e-09
0.1294052822262653,0.15566835,0.15566835,-1.926040660293893e-09
0.2017064541462784,0.21606924,0.21606924,-3.602256770651735e-09
0.271474782463998,0.30225995,0.30225998,-2.817008970534829e-08
0.351144226681592,0.38476264,0.38476264,4.7677612413643544e-09
0.4393332357432639,0.45889008,0.45889008,4.519653540313584e-10
-0.3776239552510235,-0.37094373,-0.37094373,4.8908996852503606e-09
-0.2560474623409379,-0.24245252,-0.24245252,2.848167424129855e-09
-0.1344709694308523,-0.123843834,-0.123843834,1.958694456627441e-10
-0.0161180956509583,-0.021138638,-0.021138579,-5.925798034558949e-08
0.1017742611103368,0.04804662,0.04804662,-1.2999725323981082e-09
0.2221994614739254,0.14969447,0.14969447,2.5513458290493674e-09
0.3419338863096158,0.25249448,0.25249448,4.186172464226701e-09
0.4586749505244139,0.36441073,0.36441073,-1.7838287513782802e-09
0.573113429646218,0.5180823,0.5180823,2.0690155033697977e-08
-0.58784997424138,-0.6185565,-0.6185566,1.0051879884009907e-07
-0.4939045024472228,-0.540011,-0.54001105,6.128768925695027e-08
-0.3953538604670776,-0.46004307,-0.460043,-7.270050050856014e-08
-0.2599618569990278,-0.36953938,-0.36953938,-7.354739040010827e-11
-0.1351617449587505,-0.22967936,-0.22967936,-9.857559213344302e-10
0.0094405988812755,-0.082497194,-0.082497194,-4.093704264462872e-10
0.1353920034680499,0.085123956,0.085123956,2.0346069273813328e-10
0.2845995174940641,0.2542776,0.2542776,-1.3063049308925656e-08
0.453609263319827,0.40952665,0.40952665,-3.862762443240797e-09
1.538817617647921,1.5061654,1.5061653,8.524627692629849e-08
1.3873075185289128,1.3459328,1.3459328,4.130096442622744e-08
1.236027677919204,1.2028148,1.2028148,1.7428588794388133e-08
1.0877411979303873,1.0754457,1.0754458,-1.4799194336667654e-07
0.9472835072577503,0.95108765,0.95108765,3.6369324218910037e-09
0.8160361569570899,0.844876,0.844876,-8.655548056069051e-09
0.7009069023073876,0.7563377,0.75633764,6.227432247651876e-08
0.6069614305132305,0.63341665,0.6334167,-4.7320556695318317e-08
0.5441008574744931,0.5699269,0.5699269,1.7552947984000866e-08
-0.0835838388756838,-0.07605027,-0.07605024,-2.6623497004218954e-08
-0.0343085178856112,-0.039553106,-0.039553106,1.6885375736519492e-10
0.013124735030066,0.007877275,0.007877275,3.477096562065629e-10
0.0676960017340249,0.05517611,0.05517611,-9.244537357844251e-10
0.1347012279401516,0.12384853,0.12384853,-2.330093382130194e-09
0.1973315424695897,0.21168269,0.21168269,2.1701431207610256e-09
0.2694024558803033,0.30013317,0.30013317,-1.3026428269391488e-09
0.3483811245699991,0.37601525,0.37601525,-4.085540794562803e-09
0.4349583240665753,0.445634,0.44563395,5.745391845612957e-08
0.2192061008530332,0.0814205,0.0814205,3.556728356279848e-09
0.3861435200951014,0.23942323,0.23942323,2.904129159375657e-10
0.5256801767305407,0.37227392,0.37227392,1.966552753973616e-09
0.6495592547336204,0.47706038,0.47706038,-2.402191168204837e-09
0.7623859242903286,0.53805995,0.53805995,-1.2512202385295268e-10
0.8708376821703481,0.71557593,0.71557593,3.456420927250292e-09
0.9762960794294754,0.930471,0.93047106,-5.6944427506699924e-08
1.07899137457701,1.0880617,1.0880617,-9.669494538400158e-09
1.17569994848276,1.225569,1.225569,9.780883880594615e-09
0.5328181905188222,0.49143898,0.49143898,4.870910619292346e-09
0.5401864628164031,0.46295846,0.46295846,-4.914245621545632e-09
0.5648241233114394,0.47286493,0.47286493,-4.1386413740518435e-09
0.6088034985876258,0.5762113,0.5762113,-2.632980344863256e-08
0.6689009695147703,0.6795321,0.6795321,1.0691070584378792e-08
0.7568597200671429,0.82496905,0.82496905,3.2684326356502424e-09
0.8551801035379887,0.986502,0.98650193,6.17488098431096e-08
0.9686975486225952,1.1261444,1.1261443,1.0917968751300577e-07
1.0939581776814713,1.246709,1.246709,-1.0856628485100828e-08
1.0541234555726742,0.9777092,0.9777091,7.415618896722265e-08
1.0078414952034938,0.9024259,0.90242594,-5.479949949371843e-08
0.9735329773178826,0.8003722,0.8003722,-1.667709348396329e-08
0.9495860923507444,0.7329178,0.7329178,-1.4355468702653695e-08
0.9442901466368584,0.8133072,0.8133072,2.5704193107323192e-08
0.9546517795553316,0.9535479,0.9535479,-5.045318607344029e-09
0.98228280067126,1.0624167,1.0624166,7.270660407066032e-08
1.0320186386799313,1.1790042,1.1790042,-7.647705135838123e-09
1.1227404913438968,1.2789311,1.2789311,4.0899658104720515e-08
-0.3626571521465622,-0.2238516,-0.2238516,-6.2498092534557514e-09
-0.2555869453223391,-0.012757048,-0.012757048,-1.0826110841133385e-11
-0.1351617449587505,0.22761628,0.22761628,3.1730651439687563e-10
-0.0041446531673892,0.4665681,0.4665681,1.2373352065164767e-08
0.1427602757656308,0.70450425,0.70450425,1.4801024850186195e-09
0.3053227833310105,0.8812395,0.88123953,-5.618026732712167e-08
0.5026543258006002,1.0414443,1.0414443,1.6052246198938747e-09
0.7273866308768191,1.1668067,1.1668067,-2.1545409900625145e-09
0.9574148816669245,1.269624,1.2696239,9.482727048037987e-08
-0.5254499182212412,-0.42608762,-0.42608762,2.1258544924407374e-09
-0.392130241336886,-0.24114634,-0.24114634,-9.662246835961952e-10
-0.2530541017200456,-0.07441233,-0.0744123,-3.098506927423639e-08
-0.1049978802405285,0.0608076,0.06080763,-2.938259124896092e-08
0.0559528177597553,0.23953801,0.23953803,-1.6064910901558704e-08
0.2346334209760933,0.5594455,0.5594455,3.738402920561157e-10
0.4411753038176592,0.9308483,0.9308484,-9.954299928782717e-08
0.6788020854146447,1.1287156,1.1287156,3.434600825968914e-08
0.9424480785624628,1.2755481,1.2755481,4.714966195251691e-10
-0.4225243645644074,-0.45518148,-0.45518142,-5.945404052409842e-08
-0.3053227833310105,-0.31629318,-0.31629318,1.1138923117215427e-11
-0.1865093925325177,-0.21585245,-0.21585242,-3.430469514009715e-08
-0.051808164592366,-0.042075083,-0.042075023,-5.965972137145226e-08
0.1112148599916124,0.1839912,0.1839912,-6.228637688954208e-09
0.2889744291707528,0.45572293,0.45572293,-1.952819850270515e-09
0.4955163120123186,0.8652371,0.86523706,5.6813659665699845e-08
0.7388995563417894,1.0976741,1.0976741,3.139343252023252e-08
0.9878090048944456,1.2648612,1.2648615,-2.7391815193844593e-07
-0.2293374752622069,-0.24716233,-0.24716233,2.8296280041306687e-09
-0.1648650926583736,-0.18142901,-0.18142901,-3.609886167765808e-09
-0.0909521111732648,-0.12433891,-0.12433891,1.636504820545781e-11
-0.011973442483569,-0.04685323,-0.0468532,-2.9403495790947254e-08
0.0649328996224321,0.060365617,0.060365647,-2.9724761964333712e-08
0.1379248470703433,0.18062061,0.18062061,7.139587532289937e-10
0.2095352434624581,0.27456224,0.27456224,-3.530883918578809e-10
0.279994347308076,0.3533656,0.3533656,1.0910033987343581e-10
0.3499929341350949,0.3928648,0.3928648,-6.460952772791018e-09
-0.0292428306810243,-0.103735134,-0.103735134,-5.5465632087248196e-12
0.0485845454621743,-0.07572861,-0.07572861,-1.5796661201328277e-10
0.134931486449451,-0.0059915483,-0.005991578,2.970021057129707e-08
0.2196666178716319,0.074333,0.074333,-2.7971267663184918e-09
0.3023294227101182,0.19526777,0.19526777,-3.2859039378330124e-09
0.3822291254370116,0.29345092,0.29345095,-2.8226089465732684e-08
0.4602867600895097,0.380291,0.380291,-1.489257811515543e-08
0.5388049117606067,0.47303498,0.47303498,-2.0870971617625855e-09
0.6196256485246978,0.53920335,0.53920335,-4.224395722118857e-09
-0.9698488411690922,-0.9192715,-0.9192715,-2.8720855693720182e-08
-0.9104421457698456,-0.81841296,-0.8184131,1.4042434692829175e-07
-0.8160361569570899,-0.7337138,-0.7337138,-5.675506620228532e-09
-0.717024997958346,-0.64875793,-0.6487579,-3.4570312501536193e-08
-0.5604492116347508,-0.5513003,-0.5513003,1.275329586380991e-08
-0.3997287721437664,-0.38586998,-0.38586998,1.4160156380782496e-10
-0.1973315424695897,-0.18587627,-0.18587624,-2.516819000430992e-08
0.0884192675709713,0.114738174,0.114738174,-2.171745283607862e-10
0.3891368807159938,0.4065017,0.4065017,1.0414886453258276e-08
-1.0515906119703808,-1.1229604,-1.1229604,-4.82650757138714e-08
-0.90100154688857,-0.9546545,-0.95465463,1.1521041864970272e-07
-0.7306102500070109,-0.7815933,-0.7815933,-2.275390620365414e-08
-0.5431798234372954,-0.58223116,-0.5822312,3.6021423288623566e-08
-0.3479206075514003,-0.40960574,-0.40960574,-1.5008544962391568e-09
-0.1473654459516189,-0.2302907,-0.23029064,-5.602489472344985e-08
0.0554923007411565,-0.04462725,-0.04462722,-2.924087524197594e-08
0.2565079793595367,0.16534285,0.16534287,-1.752674103072671e-08
0.4561421069221205,0.3808497,0.3808497,-1.0754776014199052e-08
-0.5818632529995954,-0.62240946,-0.62240946,-2.9287720026971442e-09
-0.744425760564975,-0.7693047,-0.7693047,7.254791212218947e-09
-0.4669642568591925,-0.53891647,-0.53891647,1.3796996878312484e-09
-0.6405791728709436,-0.6595287,-0.65952873,5.730484009536241e-08
-0.3433154373654122,-0.4488278,-0.44882768,-1.23134918206258e-07
-0.5300550884072294,-0.52033234,-0.52033234,3.5742186987874902e-09
-0.2072326583694641,-0.3580268,-0.35802674,-6.253982542947512e-08
-0.4066365274227485,-0.35398382,-0.35398382,5.152893112203571e-10
-0.061479021982941,-0.24162684,-0.24162696,1.1618991851980454e-07
-0.2705537484268003,-0.21445657,-0.21445657,-3.1287002433266764e-09
0.0978598664522469,-0.09051894,-0.09051894,3.485145574910753e-09
-0.1231883024751814,-0.08160199,-0.08160199,-2.2494888313184802e-09
0.2652578027129141,0.13836253,0.13836253,-3.1063842886869253e-09
0.0338480008670124,0.08023283,0.08023283,-1.1444854786102354e-09
0.4379516846874675,0.34963226,0.34963226,3.1835937774893353e-09
0.1943381818486974,0.27326196,0.27326196,4.321136448659502e-09
0.7289984404419149,0.48503292,0.48503292,-3.930969216803248e-09
0.1165108057054987,0.14824234,0.14824232,1.9491844166497074e-08
0.0812812537826898,0.12385354,0.12385354,1.910648347869248e-09
0.0483542869528749,0.10270438,0.1027044,-1.6567134858425092e-08
0.0161180956509583,0.09888599,0.09888599,6.792640616648526e-10
-0.0145062860858624,0.08942089,0.08942089,2.298221585261828e-09
-0.0416767901831922,0.068002924,0.068002924,3.2308196395991473e-10
-0.062630314529438,0.050301343,0.050301343,2.0259094402064193e-10
-0.0789786686896957,0.035197675,0.035197675,2.281188987707239e-10
-0.0865771994965761,0.045451596,0.045451596,3.79280093443235e-10
0.7239327532373281,0.72007275,0.72007275,-3.723144570422221e-09
0.6435725334918359,0.6513484,0.6513484,1.203689570239419e-08
0.5567650754859602,0.5660131,0.5660131,-2.2369385233034222e-09
0.4681155494056895,0.4793728,0.4793728,-6.034850952296722e-10
0.3819988669277122,0.39310992,0.39310992,-2.3593139664157547e-09
0.2981847695427289,0.31848705,0.31848705,-1.850891107046948e-09
0.2187455838344343,0.22890991,0.22890992,-1.0274810779975496e-08
0.1319381258285588,0.13859776,0.13859776,-3.3757781847665314e-09
0.030163864718222,0.05845721,0.05845721,6.599807714224859e-10
-0.6274544378408775,-0.60271317,-0.6027132,3.233261103297025e-08
-0.5620610211998466,-0.5402916,-0.54029167,6.262008667157204e-08
-0.4886085567333365,-0.47021747,-0.4702174,-6.635437010960032e-08
-0.4179191943784193,-0.40300518,-0.40300524,5.725692747704514e-08
-0.3502231926443944,-0.3381003,-0.3381003,-1.4140319803956913e-08
-0.2818364153824712,-0.26827365,-0.26827365,-1.599884058567369e-09
-0.2166732572507397,-0.19624569,-0.19624569,4.7802352909354084e-09
-0.1533521671934034,-0.13646008,-0.13646014,5.9257164009007823e-08
-0.091642886701163,-0.08413039,-0.08413039,-1.47853851384383e-09
-0.0290125721717249,-0.017020538,-0.017020568,2.9550712585257877e-08
-0.3518350022094902,-0.35908735,-0.35908735,2.015686062506461e-09
-0.313612089665789,-0.3277713,-0.3277713,-6.037902844369114e-09
-0.2758496941406867,-0.29433072,-0.29433066,-5.613311765406692e-08
-0.2364754890504885,-0.257401,-0.257401,1.0467529287794264e-08
-0.1989433520346855,-0.21544199,-0.2154421,1.1308155059563951e-07
-0.1621019905467808,-0.18729146,-0.18729143,-2.8249092093313166e-08
-0.125260629058876,-0.15417369,-0.15417366,-2.710041047127021e-08
-0.0884192675709713,-0.10854511,-0.10854511,3.703689577250202e-10
-0.0515779060830666,-0.056003794,-0.056003794,-7.405853014175179e-11
-0.0140457690672636,-0.0021728873,-0.0021729171,2.977471313470384e-08
-0.2928888238288427,-0.27997118,-0.27997118,-2.3463440079751763e-09
-0.2901257217172497,-0.2822944,-0.28229433,-6.258575441231429e-08
-0.2848297760033635,-0.28229177,-0.28229177,1.8615720076553544e-11
-0.2765404696685849,-0.2717985,-0.2717985,8.522033689839503e-09
-0.2638762516571176,-0.2631157,-0.26311576,5.5940399146248154e-08
-0.2479884145154587,-0.25623488,-0.25623482,-6.426208498666597e-08
-0.2261138561320153,-0.24399407,-0.24399407,-2.0796585009641433e-09
-0.2044695562578712,-0.22700326,-0.22700326,-1.4469528075711224e-09
-0.1756872425954457,-0.20464896,-0.20464893,-2.6656455986984184e-08
0.0997019345266421,0.14225498,0.14225496,1.8418350206106382e-08
0.061479021982941,0.11355616,0.11355616,1.5228652922028019e-09
0.0225653339113416,0.07156113,0.07156113,-2.098922730064956e-09
-0.014276027576563,0.02955854,0.02955854,-6.09436036358435e-10
-0.0467424773877791,-0.00020259619,-0.00020261109,1.4902408447260403e-08
-0.0775971176338993,-0.031037763,-0.031037763,2.3888397163163155e-10
-0.1054583972591273,-0.07126175,-0.07126178,3.132846831954694e-08
-0.1289447652076665,-0.110060945,-0.110060975,2.9846763616170335e-08
-0.1501285480632117,-0.14714141,-0.14714138,-3.190052033641422e-08
0.4773258897776657,0.48240983,0.48240983,4.861755387164379e-09
0.4077878199692455,0.42684403,0.42684403,6.186676171360261e-10
0.3387102671794241,0.36910823,0.3691082,2.987556457778595e-08
0.270323489917501,0.29296926,0.29296926,-3.3605194182939613e-09
0.1977920594881885,0.21617144,0.21617144,3.4623718336845855e-09
0.1282539896797683,0.15399168,0.15399167,1.431758880898748e-08
0.0582554028527493,0.07259075,0.07259072,3.343608856454239e-08
-0.0112826669556708,-0.004116401,-0.004116401,-7.631683392878008e-11
-0.0759853080688035,-0.09479518,-0.09479515,-3.2347297673762654e-08
0.7184065490141424,0.7041523,0.7041523,-1.3947296095828676e-08
0.6290662474059734,0.6263166,0.6263166,6.998443602412863e-09
0.5369628436862115,0.5446138,0.5446138,-2.1408844030901264e-08
0.4418660793455574,0.46120393,0.46120393,2.7621460119142682e-09
0.3417036278003164,0.36933327,0.36933333,-6.278808595272523e-08
0.2373965230876861,0.27408075,0.27408075,3.3264160315127356e-09
0.1277934726611695,0.14372216,0.14372215,1.1650657660844388e-08
0.0149668031044612,0.031753182,0.031753182,4.1119384980303764e-10
-0.1045373632219296,-0.07409476,-0.07409476,2.5622940019731644e-09
0.7704449721158078,0.7501744,0.75017434,6.319061274240312e-08
0.6762692418123514,0.67330873,0.6733088,-6.987457279450382e-08
0.5772580828136072,0.59025407,0.59025407,-1.6253661749843218e-09
0.4745627876660728,0.5037979,0.5037979,-1.1244201680860044e-08
0.3668018053139515,0.3994411,0.39944112,-2.6793594343210714e-08
0.253284360229345,0.29243124,0.29243124,-4.686584453850173e-09
0.1347012279401516,0.15697208,0.15697208,4.691314559046589e-10
0.0039143946580898,0.013715029,0.013715029,-2.3718261729643864e-10
-0.1379248470703433,-0.14505129,-0.14505129,4.3754959100361646e-09
-0.7246235287652262,-0.79028,-0.7902801,1.1552581791196559e-07
-0.6645260578380817,-0.72929287,-0.729293,1.3043212887531297e-07
-0.6028167773458412,-0.66744506,-0.66744506,-3.5910033835406807e-09
-0.5397259457978043,-0.60230166,-0.6023017,4.2800140431786815e-08
-0.4770956312683663,-0.5347098,-0.5347098,-1.1210632311353663e-08
-0.4160771263040241,-0.45462185,-0.4546218,-5.144424436442918e-08
-0.3527560362466878,-0.37970698,-0.37970698,1.202087429597043e-09
-0.2908164972451479,-0.3192187,-0.3192187,4.836273215236275e-09
-0.2302585092994046,-0.24678321,-0.24678321,-1.8272781343586786e-09
-0.031315157264719,-0.0008402169,-0.00084015727,-5.96050762939268e-08
-0.0619395390015398,-0.0038345307,-0.0038345307,-1.117401136896401e-11
-0.084274614403582,0.00944902,0.00944905,-2.997188568165665e-08
-0.0994716760173427,0.014140502,0.014140472,2.961838531552463e-08
-0.1063794312963249,0.012188196,0.012188256,-5.981774902318049e-08
-0.1040768462033308,0.002717644,0.0027176738,-2.9823788452298244e-08
-0.0962480568871511,-0.0062622875,-0.0062622875,2.479553021239589e-12
-0.0817417708012886,-0.01403673,-0.0140367,-2.993183136068556e-08
-0.0610185049643422,-0.012077019,-0.012077019,3.814163204024501e-10
0.1038465876940314,0.14849639,0.14849639,-6.109619199445859e-10
0.0548015252132583,0.11905313,0.11905312,1.2832050325095601e-08
0.0075985308068803,0.070701614,0.070701614,2.225494788454796e-11
-0.0407557561459946,0.03500338,0.03500338,-1.0126876837102117e-09
-0.0879587505523725,0.0054677725,0.0054677427,2.9783825683527e-08
-0.1312473503006606,-0.024345204,-0.024345234,2.976587677033793e-08
-0.1731543989931522,-0.06640242,-0.06640245,2.9598426820598434e-08
-0.209995760481057,-0.12139253,-0.1213925,-3.318309783895135e-08
-0.2415411762550754,-0.14901517,-0.14901517,-3.316001889741571e-09
0.7112685352258608,0.7152534,0.71525335,6.27235412498095e-08
0.6267636623129793,0.64303344,0.64303344,4.881439252812925e-09
0.5411074968536007,0.565269,0.565269,-6.62231447456918e-09
0.4510764197175336,0.48081148,0.48081148,-3.2925415172080363e-09
0.3481508660606997,0.3769803,0.3769803,4.718017587723722e-09
0.2360149720318897,0.2720471,0.27204713,-2.7548675562982794e-08
0.1100635674451154,0.14983068,0.14983068,4.065818792753362e-09
-0.0276310211159285,0.03615722,0.03615722,6.020355255986765e-10
-0.1602599224723855,-0.097030446,-0.097030476,3.0066658024408e-08
0.0971690909243487,0.13911845,0.13911845,-2.100181584197003e-09
0.0419070486924916,0.10485644,0.10485644,-1.0651969861719124e-09
-0.0122037009928684,0.052103117,0.052103117,1.0834503433310161e-10
-0.0633210900573362,0.0024798214,0.0024798214,4.355773944655916e-11
-0.1169713227240975,-0.06218402,-0.06218399,-3.087688445896353e-08
-0.1662466437141701,-0.120058104,-0.120058104,-3.958663952197128e-10
-0.2192061008530332,-0.17041565,-0.17041565,-4.778480527933837e-09
-0.2652578027129141,-0.21717496,-0.21717496,-2.1629714963555813e-09
-0.3062438173682081,-0.24671914,-0.2467191,-3.683414459554335e-08
-1.055274748119171,-1.0444175,-1.0444177,1.9950408924884755e-07
-0.9491255753321456,-0.9388954,-0.9388953,-1.0433883668170552e-07
-0.8438974365823178,-0.8350002,-0.83500034,1.230390930251346e-07
-0.7421231754719809,-0.73067015,-0.7306703,1.45905303949867e-07
-0.6382765877779495,-0.6411366,-0.64113665,6.333389279689072e-08
-0.5627517967277448,-0.55967253,-0.55967253,-4.4657898490285675e-09
-0.4798587333799591,-0.48576587,-0.48576587,-4.385833751729962e-09
-0.4024918742553592,-0.4146477,-0.41464776,6.159759519119845e-08
-0.3283486342609509,-0.3444304,-0.34443045,6.297988891512674e-08
-1.1556674581737116,-1.1150278,-1.1150278,1.4698791517275822e-08
-1.0617219863795546,-1.0014468,-1.001447,1.5685272214405188e-07
-0.9551122965739304,-0.8903009,-0.8903008,-1.295463561978849e-07
-0.8607063077611744,-0.7805919,-0.7805919,-5.117034906909623e-09
-0.7580110126136399,-0.6778327,-0.6778327,-2.2663879439832613e-08
-0.6670589014403752,-0.5749909,-0.5749909,-2.8173065214076587e-08
-0.5671267084044335,-0.47824484,-0.47824484,-1.0987853960031657e-09
-0.4547605558663241,-0.39593953,-0.3959396,7.105789184835842e-08
-0.3550586213396819,-0.3311931,-0.3311931,1.0514831561003746e-08
-0.4084785954971437,-0.44332188,-0.44332194,5.6321563746131176e-08
-0.3120002801006932,-0.31696922,-0.31696916,-5.5869903536898136e-08
-0.2562777208502373,-0.25733173,-0.25733173,1.0647582815437318e-09
-0.2318703188645004,-0.20283113,-0.20283113,-4.200096132001008e-09
-0.2318703188645004,-0.18802296,-0.18802296,3.747901905493123e-09
-0.2318703188645004,-0.19198291,-0.19198291,-3.7040703837476485e-11
-0.2297979922808057,-0.17995249,-0.17995252,3.265048981182517e-08
-0.2245020465669195,-0.15173106,-0.15173106,1.0448074350133396e-09
-0.2120680870647516,-0.13126083,-0.13126083,2.8162765453032534e-09
0.1059189142777261,0.14590831,0.1459083,1.1009407052675613e-08
0.0665447091875279,0.10104753,0.10104753,7.703018223281788e-10
0.0234863679485392,0.045530125,0.045530125,4.987716697990585e-10
-0.0140457690672636,0.012564987,0.012564987,-5.580139128547046e-11
-0.0571041103062523,0.00042533875,0.00042533875,-4.882812524534957e-12
0.0861166824779773,0.12245666,0.12245666,2.3568534901485805e-09
-0.090491594154666,-0.03271252,-0.03271255,3.083114624019556e-08
-0.1215764929100856,-0.06264673,-0.06264676,2.8265724177911622e-08
-0.1535824257027028,-0.093617275,-0.093617305,2.9642753598957405e-08
-0.1743056915396492,-0.12833671,-0.12833668,-3.2718009940202464e-08
-0.7257748213117232,-0.8200992,-0.8200992,2.502365115120142e-08
-0.6665983844217762,-0.77023447,-0.77023435,-1.1559906010205623e-07
-0.6074219475318292,-0.728899,-0.7288991,9.792480470949272e-08
-0.5473244766046848,-0.686462,-0.6864621,1.1488876339171838e-07
-0.4863059716403425,-0.62942076,-0.6294208,4.2706298830630374e-08
-0.4248269496574015,-0.5715464,-0.5715464,2.4248504648660685e-08
-0.3612756010907658,-0.5058593,-0.5058594,8.460464473447615e-08
-0.2974939940148307,-0.39832485,-0.3983249,5.27786254700402e-08
-0.2334821284295962,-0.2791564,-0.27915633,-5.685226439622326e-08
0.3354866480492325,0.3336181,0.3336181,4.457855251605025e-09
0.2638762516571176,0.2792103,0.2792103,-7.465362772407502e-10
0.1915750797371046,0.21379799,0.21379799,-3.4925842218314074e-09
0.1231883024751814,0.14501816,0.14501818,-1.9656829830516642e-08
0.0619395390015398,0.0884247,0.0884247,-2.481651301122767e-09
0.004605170185988,0.05980009,0.05980009,-1.594390869330553e-09
-0.0478937699342761,0.024757281,0.024757281,-5.422210597183508e-11
-0.0902613356453665,-0.035752654,-0.035752654,-7.562255682769248e-11
-0.130326316263463,-0.10842438,-0.10842432,-6.042163848418713e-08
3.079937820388836,2.1326199,2.13262,-1.4221191424468316e-07
3.3811159505524566,1.8803377,1.8803377,1.514892589149497e-08
3.329077527450792,1.6566123,1.656612,2.7703094485076463e-07
3.125068488211519,1.4383758,1.4383758,3.0650329607695426e-08
2.818133895315413,1.2650305,1.2650304,1.0327301014356749e-07
2.495081206768348,1.1186231,1.1186231,3.7474060077258287e-08
2.1096284622011447,0.9703474,0.9703474,4.479980497684721e-09
1.6214804224864072,0.8632758,0.8632758,2.5977325401882467e-08
1.2217516503426409,0.73579216,0.7357921,6.003417973854397e-08
0.3103884705355973,0.21760634,0.21760635,-1.4121627811558568e-08
0.5341997415746187,0.301162,0.301162,4.470825210045604e-09
0.704591038456178,0.35074466,0.35074466,4.669036879345612e-09
0.8068258165851137,0.41450438,0.41450438,-9.659576472031972e-10
0.8772849204307315,0.50121605,0.50121605,3.962707495475115e-09
0.9284023094951992,0.6072414,0.6072414,-7.86437992505995e-09
0.9346192892462832,0.65551573,0.65551573,3.810119997282868e-10
0.8913306894979952,0.658371,0.658371,-2.8320312539520387e-08
0.8250162388197667,0.6394204,0.6394204,-9.870910644416142e-09
0.1644045756397749,0.09737818,0.09737818,-5.69038385855869e-10
0.2887441706614533,0.14506474,0.14506473,1.1373062130948242e-08
0.3539073287931848,0.21654658,0.21654658,1.9542695239849195e-10
0.3992682551251675,0.2772688,0.2772688,-2.8408050356532044e-09
0.4745627876660728,0.339275,0.339275,2.479553229406406e-09
0.532127414990924,0.44163764,0.44163764,-4.76898193157993e-09
0.5855473891483859,0.5343977,0.5343978,-7.870941165499801e-08
0.6177835804503025,0.5904841,0.5904841,-1.7301177934747614e-08
0.6435725334918359,0.60968864,0.6096887,-6.035919186686556e-08
1.814437053279308,1.1760167,1.1760167,-1.1653137121925283e-08
2.9125398841281687,1.3546338,1.3546339,-9.186401372929254e-08
2.951223313690469,1.394473,1.394473,-4.3342590405615056e-08
2.4167933136065507,1.2411692,1.2411691,1.1424865720144339e-07
1.927033464326717,1.0882651,1.0882651,-3.8621521092352395e-08
1.6175660278283173,0.95931506,0.95931506,1.569213869956343e-09
1.3460912453643192,0.8157209,0.81572086,5.579437256653108e-08
1.189515459040724,0.6904542,0.6904541,8.500900272601086e-08
1.0059994271290986,0.65120655,0.65120655,2.9823302716280864e-09
0.0029933606208922,-0.13696639,-0.13696639,-2.397880560778276e-09
0.1913448212278052,0.00357835,0.0035783201,2.9847929382438576e-08
0.3304209608446455,0.14119364,0.14119364,3.2123184112720082e-09
0.4671945153684919,0.23947355,0.23947355,1.5117645191242701e-09
0.5721923956090204,0.31674764,0.31674764,-4.397048947168969e-09
0.5814027359809966,0.38820818,0.38820818,6.659698348343568e-10
0.6396581388337459,0.48016882,0.48016882,-5.725097618203279e-10
0.6827164800727346,0.54535425,0.54535425,-2.906799356772183e-09
0.7064331065305733,0.60087174,0.60087174,1.771698010522016e-09
-1.083136027744399,-0.87313706,-0.87313706,3.17245485437212e-09
-0.8222531367081737,-0.61254424,-0.6125442,-3.856735231178021e-08
-0.5892315252971764,-0.4577765,-0.4577765,1.3126373266114655e-08
-0.3879855881694967,-0.29022986,-0.2902298,-5.696792604314993e-08
-0.1740754330303498,-0.1362995,-0.13629948,-2.582981109555682e-08
0.0188811977625511,0.03758149,0.037581503,-1.4509895326919597e-08
0.2162127402321409,0.16131555,0.16131555,-4.5602798481869655e-09
0.4057154933855508,0.27753904,0.27753904,4.618606552764248e-09
0.570810844553224,0.47736716,0.47736716,2.7044677608500933e-09
2.7076098108516984,2.5584953,2.558495,2.8312683086895163e-07
2.5977765019158827,2.4106984,2.4106984,1.3848877156164008e-08
2.4435033006852813,2.287187,2.287187,9.945678725031826e-08
2.253540030513273,2.0225708,2.0225708,4.8464965818340033e-08
2.0359457392253355,1.7508225,1.7508223,2.4409790033708134e-07
1.8026938693050387,1.5260742,1.5260742,-2.89337158676517e-08
1.5682907068382448,1.2919947,1.2919946,9.089508057336104e-08
1.34586098685502,1.0192624,1.0192624,3.305206308645836e-08
1.1360954848832625,0.7656505,0.7656505,1.0787963855563021e-08
2.9627362391554386,2.9705818,2.9705818,-3.0056762856389696e-08
2.908625489470079,2.9014878,2.9014878,2.7301025440351623e-08
2.773463744511328,2.7179701,2.7179704,-2.6717224121952654e-07
2.5740598754580435,2.3830302,2.3830302,-2.3837280149763274e-08
2.3212360322472976,2.0837865,2.0837862,2.8757934567025245e-07
2.028347208418455,1.7576898,1.75769,-1.6635894772853987e-07
1.7174982208642589,1.4297955,1.4297957,-1.9638366688390363e-07
1.421155519395925,1.0957816,1.0957816,-3.5287475608214436e-08
1.1623449549433944,0.7882957,0.7882957,-1.3755035443985264e-08
0.5190026799608579,0.47905934,0.47905934,-1.4303588868891381e-09
0.5807119604530984,0.48672503,0.48672503,2.3295593232219858e-09
0.6366647782128537,0.514433,0.514433,2.6313781709141892e-08
0.6873216502587227,0.56639117,0.5663912,-2.997512815738901e-08
0.7333733521186037,0.60152704,0.60152704,-4.763641370253424e-09
0.7743593667738976,0.6580499,0.65804994,-5.854171758468141e-08
0.810970469752503,0.65945494,0.65945494,1.7495727089311686e-09
0.8429764025451202,0.63310903,0.63310903,3.107757606812811e-09
0.8706074236610487,0.6354337,0.6354336,7.385864253528496e-08
0.4920624343728276,0.5256268,0.5256268,-2.1397399851963428e-08
0.5542322318836669,0.55027163,0.55027163,2.8717039857184545e-10
0.6205466825618954,0.5325682,0.5325682,1.6323852491950674e-08
0.6861703577122257,0.5804396,0.5804396,2.717056268863871e-08
0.7471888626765679,0.58119595,0.58119595,5.081176590593373e-10
0.8006088368340298,0.581099,0.581099,-2.6248931916939e-08
0.8441276950916172,0.5780189,0.57801896,-5.626770016586846e-08
0.8759033693749351,0.60345197,0.60345197,-2.760620065878072e-09
0.8931727575723905,0.61798584,0.6179859,-5.538787839487469e-08
-0.9456716976926548,-0.8155132,-0.8155131,-9.360733033147994e-08
-0.7614648902531309,-0.5781057,-0.5781056,-8.809509277618588e-08
-0.5521599052999723,-0.40960032,-0.40960026,-5.74781799378421e-08
-0.3412431107817176,-0.25753915,-0.25753915,-3.0990600641267463e-09
-0.1664769022234695,-0.09677173,-0.09677179,5.8027305599450685e-08
0.0158878371416589,0.036153033,0.036153033,3.75740050184703e-10
0.2023972296741766,0.15235156,0.15235154,1.8208465568658738e-08
0.4077878199692455,0.28496543,0.28496543,-4.270248432636237e-09
0.5945274710110626,0.4874035,0.4874035,1.2001037608122544e-08
1.65901255950221,0.4579478,0.4579478,-9.377288834322428e-09
2.659255523898824,0.73237437,0.73237437,9.811396139980388e-11
2.6300126932177994,0.937326,0.9373261,-8.595809941613908e-08
2.197126695734919,0.9816303,0.98163044,-1.1468261718050599e-07
1.8201935160117928,0.97028565,0.97028565,4.06799316454709e-09
1.5151009911900823,0.93422437,0.93422437,-2.8582763933471256e-09
1.3200720338134866,0.8709113,0.87091124,6.018234255389387e-08
1.1004054159418546,0.76145005,0.76145005,2.2613525496595344e-09
0.9336982552090856,0.6807873,0.6807873,2.4905395523688867e-08
1.9751574927702928,1.3717271,1.371727,1.0895538338218103e-07
2.396760823297502,1.4985093,1.4985092,8.783416749480466e-08
2.4570885527339463,1.574687,1.574687,4.089355520875415e-09
2.316861120570609,1.5322669,1.5322669,-4.476013182319605e-08
2.0859118357433064,1.4143469,1.4143469,3.3364868201601894e-08
1.768615609928727,1.2072576,1.2072576,2.8440857002820508e-08
1.4658256702000096,1.0407116,1.0407115,1.4131164549624486e-07
1.2187582897217484,0.8528899,0.8528899,-4.560852029378282e-09
1.0177426111033685,0.7093003,0.7093002,7.961730952299462e-08
0.3370984576143283,0.3680538,0.3680538,-6.0928344591815176e-09
0.390978948790389,0.4111023,0.4111023,-5.078124976076737e-09
0.4457804740036473,0.44365755,0.44365755,-2.764511120023627e-09
0.4842336450566478,0.5055679,0.5055679,8.287048380850592e-09
0.5330484490281217,0.5549501,0.5549501,1.8064880369372815e-08
0.5691990349881282,0.62995523,0.62995523,2.1434021224564503e-09
0.6474869281499257,0.6943856,0.69438565,-6.183090206501873e-08
0.6546249419382072,0.67476845,0.67476845,-2.124023401606223e-09
0.6960714736121001,0.64879453,0.64879453,1.822204609425171e-09
0.1227277854565826,0.1901987,0.1901987,4.60033416915806e-09
0.212298345574051,0.34859824,0.34859824,1.8060302697797681e-09
0.3073951099147051,0.45816338,0.45816338,6.228637605687481e-10
0.3870645541322991,0.542069,0.542069,1.7887115455472724e-08
0.4441686644385514,0.5914757,0.5914758,-7.482604980069141e-08
0.5438705989651936,0.6220985,0.6220985,5.496978761065918e-09
0.6246913357292846,0.66489255,0.6648925,5.428314209243723e-08
0.6645260578380817,0.6536297,0.6536297,2.0211029072569886e-08
0.6889334598238186,0.6334051,0.6334051,-1.0621643120600766e-08
-0.5307458639351276,-0.5330126,-0.5330127,7.144470215436627e-08
-0.2155219647042427,-0.25577527,-0.25577527,-2.846221924812653e-09
-0.0379926540344017,-0.08380218,-0.08380215,-2.8502082818904206e-08
0.1761477596140445,0.064263225,0.064263195,2.9601745610285946e-08
0.3320327704097414,0.19981673,0.19981673,3.5987091084876965e-09
0.4886085567333365,0.31717375,0.31717375,-7.915496591515137e-10
0.5715016200811222,0.45516342,0.45516342,-7.533264012593577e-10
0.6444935675290334,0.55053943,0.55053943,3.956146188421883e-09
0.694920181065603,0.592317,0.592317,-1.4869689923813212e-08
1.8416075573766373,1.7913067,1.7913067,3.4085082978307923e-08
1.6668413488183895,1.6095427,1.6095427,2.7470397956363968e-08
1.4923053987694412,1.422068,1.4220681,-1.001602172312488e-07
1.317999707229792,1.2169979,1.2169979,-3.813781734862687e-08
1.143924274199442,1.0005943,1.0005943,-4.169158929201444e-08
0.9705396166969904,0.807887,0.80788696,5.772689815053411e-08
0.8003785783247304,0.6626505,0.6626505,2.556991574031997e-08
0.6378160707593508,0.51799047,0.51799047,-6.744382829992901e-11
0.4939045024472228,0.39575887,0.39575887,-2.73620603952196e-09
0.2917375312823456,0.051220372,0.051220402,-2.9680778501628424e-08
0.8151151229198922,0.19892298,0.19892298,-3.148536681374381e-09
1.0234990738358534,0.2668335,0.2668335,1.397514343137729e-08
1.063103537435351,0.3755436,0.3755436,-5.639648414934584e-09
0.92034326166972,0.37499225,0.37499225,1.3961791722749695e-09
0.722781460690831,0.37748858,0.3774886,-1.667366028579309e-08
0.5533111978464693,0.37762463,0.37762463,9.280395341093595e-10
0.4347280655572758,0.35483807,0.35483807,3.2536315863751497e-09
0.3396313012166218,0.32509252,0.32509252,4.2900848429283656e-09
0.9813617666340624,1.0268596,1.0268596,4.107513418283304e-08
0.8351476132289405,0.8458034,0.8458033,8.001251217137906e-08
0.7126500862816572,0.7156758,0.7156757,7.123641965200989e-08
0.6094942741155239,0.6635201,0.6635201,-2.267456000737411e-09
0.5203842310166544,0.6086815,0.6086815,-4.196165637182503e-11
0.4448594399664496,0.5370819,0.5370819,-2.7412414560501475e-09
0.3845317105300057,0.45221052,0.45221052,-4.262466435367429e-09
0.346078539477005,0.38738722,0.38738728,-6.390884399465335e-08
0.3398615597259212,0.35663432,0.35663432,-1.1714172409860169e-09
0.722781460690831,0.76033914,0.76033914,8.920287841718277e-10
0.6659076088938781,0.7200976,0.7200976,1.4137268022906824e-09
0.6154809953573084,0.6196216,0.6196216,-2.512130736764817e-08
0.5569953339952597,0.5206238,0.52062386,-5.6861267139218796e-08
0.5157790608306663,0.45384926,0.45384926,-3.961334205104805e-09
0.4775561482869651,0.39437285,0.39437288,-2.9343490581812404e-08
0.4400240112711621,0.38381213,0.38381213,-5.024718974233622e-10
0.422294106055108,0.4099493,0.4099493,2.6733398272860143e-09
0.4186099699063175,0.38124138,0.38124138,1.1683654599359272e-09
1.0506695779331832,1.1709116,1.1709117,-1.4947814941379534e-07
1.1096157563138307,1.1988769,1.1988769,-4.2242431552708126e-08
1.0914253340791775,1.1736044,1.1736044,-3.0836486919483264e-08
1.034090965263626,1.0384449,1.0384449,-2.332916260172624e-08
0.9263299829115046,0.9007028,0.9007027,7.452468875346341e-08
0.8125822793175987,0.79708266,0.79708254,1.2258239745488453e-07
0.718176290504843,0.6611397,0.6611398,-7.336120610990093e-08
0.6085732400783262,0.56492627,0.5649262,6.667022700579395e-08
0.5210750065445526,0.4402582,0.44025815,5.4936981186415323e-08
1.3207628093413848,1.3274822,1.3274822,2.3510742241938942e-08
1.2120807929520656,1.2064372,1.2064371,1.3011016841701917e-07
1.0785308575584112,1.0625794,1.0625794,-6.613159131418911e-09
0.918040676576726,0.93334675,0.93334675,-1.647949221528222e-09
0.7888656528597602,0.78439766,0.7843976,6.16859435753625e-08
0.6216979751083924,0.6428339,0.64283395,-6.146926878614067e-08
0.474102270647474,0.4965815,0.4965815,-5.191802987525307e-09
0.3465390564956039,0.29500836,0.29500836,1.3395690667827864e-09
0.2530541017200456,0.19810183,0.19810183,3.462715142399375e-09
1.2496129299678689,1.2295669,1.2295669,3.1724548321676593e-08
1.0958002457558664,1.0650077,1.0650077,-1.3385009767219458e-08
0.9486650583135467,0.9104915,0.9104915,2.6126861563113835e-08
0.8139638303733951,0.78876877,0.78876877,-1.6894531329469942e-09
0.6939991470284055,0.6790789,0.6790789,-2.302780155449824e-08
0.5926854029366675,0.6009957,0.60099566,5.943283076792483e-08
0.5111738906446782,0.49475276,0.49475276,4.701843248078319e-09
0.4492343516431383,0.41369244,0.41369244,4.5629119926893225e-09
0.4034129082925568,0.35874856,0.35874856,-4.81658934958773e-09
1.4593784319396264,1.4368291,1.4368291,-9.881591767069153e-09
1.3053354892183244,1.262161,1.2621609,1.1646423336841849e-07
1.1561279751923104,1.1085094,1.1085095,-7.865142825913551e-08
1.0161308015382726,0.9347835,0.93478346,5.831436156178427e-08
0.8841926757097136,0.7841688,0.7841687,7.985000605170711e-08
0.7651490264019214,0.6646696,0.6646696,-2.6692962618035665e-08
0.6571577855405006,0.5549371,0.55493706,6.425231935391906e-08
0.5586071435603556,0.45734948,0.45734948,-8.015441643749455e-10
0.4639708962383003,0.36915898,0.36915898,3.2305907948781964e-09
1.6534863552790242,1.6461343,1.6461343,-4.2683410583777004e-08
1.498982895539124,1.4903682,1.4903682,4.703216549550859e-08
1.3467820208922174,1.3152283,1.3152283,4.300994871364594e-08
1.1966534728290057,1.1231703,1.1231703,-4.33853148962271e-08
1.0474459588029916,0.92190737,0.92190737,-4.67788696667526e-09
0.9000805128513726,0.758141,0.758141,-1.8802642776094558e-08
0.7559386860299452,0.63784313,0.63784313,2.0190429328437176e-09
0.6184743559782008,0.50369656,0.50369656,8.596802159033246e-10
0.4929834684100252,0.38196063,0.38196063,4.168700939999326e-10
0.9333444864399828,0.9766046,0.9766046,-1.912078861909805e-08
0.918288734536828,1.0506358,1.0506359,-8.533325202009223e-08
0.9021918074946532,1.1225268,1.1225268,-3.5130309994357845e-08
0.8821132800725685,1.1931076,1.1931077,-9.501953135426788e-08
0.863733481135479,1.2104366,1.2104366,-1.7434692356488313e-08
0.8565407274683811,1.2171928,1.2171928,-3.094940193015816e-08
0.8565407274683811,1.2461723,1.2461722,1.0892181401267464e-07
0.8742179554522472,1.203045,1.2030451,-8.943328855259836e-08
0.9214772585614552,1.076911,1.076911,-2.740478510787625e-08
-0.2057949129795968,-0.24945347,-0.24945353,5.988910675713832e-08
-0.1496607745544062,-0.18946017,-0.1894602,2.6750755305338103e-08
-0.0640053299759124,-0.11388795,-0.11388795,-7.780075056418312e-10
0.0256677467485778,0.04222423,0.04222426,-3.161788940386767e-08
0.1388919988666186,0.20309283,0.20309283,-1.6070175190563418e-09
0.2561914053604101,0.36163962,0.36163962,-1.1264038035641022e-09
0.4027948795522855,0.5435086,0.54350865,-6.073226932468145e-08
0.5636078092049601,0.72739375,0.72739375,-3.623962352428123e-09
0.7608058290337602,0.96212566,0.9621256,5.8988952611471746e-08
1.2270055034365086,1.2767805,1.2767806,-1.1389312737364321e-07
1.184789984909162,1.2833372,1.2833374,-1.6454925533260223e-07
1.1297879061365594,1.2625582,1.2625582,2.1817016637726283e-08
1.0828216027617856,1.2014852,1.2014852,-4.298706057781487e-08
1.0321162973797453,1.1509713,1.1509713,-6.550598063981283e-09
0.9932517730102834,1.1808519,1.1808519,3.634033207688958e-08
0.963937385341508,1.2041283,1.2041283,-3.461914066527072e-08
0.953586516617852,1.1325135,1.1325135,2.31018066898514e-08
0.9635559243412692,1.0555975,1.0555975,4.371643069767117e-08
-0.9120539553349416,-0.89101523,-0.89101523,-1.6093444354936537e-09
-0.771135747643706,-0.7298913,-0.7298914,9.979858395237073e-08
-0.6320596080268657,-0.60992044,-0.6099203,-1.421043396288013e-07
-0.493443985428624,-0.45925677,-0.45925677,1.7733764456906442e-09
-0.358512498979173,-0.31923354,-0.31923348,-5.672027586500761e-08
-0.2212784274367278,-0.15981834,-0.1598184,6.363239288265099e-08
-0.0884192675709713,-0.0020165294,-0.0020165294,-4.0879821663203364e-11
0.044439892294785,0.13040686,0.13040684,1.653686523828135e-08
0.1786806032163379,0.27460128,0.27460128,6.892394988078365e-10
-1.1420822061250469,-1.1333454,-1.1333454,3.447570806613953e-08
-0.999321930359416,-1.0022553,-1.0022553,-2.0549011159332053e-08
-0.8740613013005398,-0.82832736,-0.82832736,2.2309875058468265e-09
-0.7379785223045917,-0.6151162,-0.6151162,2.1010589601466734e-08
-0.5995931582156496,-0.42610854,-0.42610854,8.955383101749703e-10
-0.4545302973570246,-0.24842753,-0.24842753,4.83730316913622e-09
-0.3041714907845134,-0.10841982,-0.10841982,-6.663131713047221e-10
-0.1492075140260141,0.01721321,0.01721324,-2.953647613643251e-08
0.0207232658369464,0.17534164,0.17534164,-4.05754088661503e-09
-1.0276437270032426,-1.0091702,-1.0091702,2.5401306169570148e-08
-0.8653114779471625,-0.84243983,-0.84243983,-3.0319213806251355e-10
-0.7075843990770704,-0.6655608,-0.6655608,1.8044280958307013e-08
-0.5470942180953853,-0.53870606,-0.53870606,-4.224243177475273e-09
-0.3923604998461854,-0.3745883,-0.3745883,-1.0718536391784994e-08
-0.2297979922808057,-0.18642269,-0.18642269,-7.491683939875315e-10
-0.0660841921689291,-0.06013556,-0.06013556,1.7524337744823093e-09
0.0937152132848576,0.09070207,0.09070209,-1.821407318025603e-08
0.2472976389875605,0.2154113,0.2154113,5.427551269532316e-09
0.3946630849391794,0.34785295,0.34785292,2.532775877917004e-08
-1.1356349678646636,-1.101276,-1.1012759,-1.4007720938735702e-07
-0.9912628825339368,-0.9529777,-0.9529777,-1.6922759971116363e-08
-0.8427461440358208,-0.766717,-0.76671714,1.2330307008756591e-07
-0.686400616221525,-0.53523475,-0.5352348,5.06828308211027e-08
-0.5307458639351276,-0.29526174,-0.29526186,1.1931549070975933e-07
-0.3663412882953527,-0.10295726,-0.10295726,-3.5889053395798953e-09
-0.1959499914137933,0.008783966,0.008783981,-1.4697128295632078e-08
-0.0163483541602577,0.10695768,0.1069577,-1.8522930148034966e-08
0.1752267255768469,0.22271219,0.22271219,-1.04087830021804e-09
0.7651490264019214,0.73135746,0.73135746,-4.746398940547181e-09
0.5648241233114394,0.4838596,0.48385954,5.863662722038754e-08
0.383610676492808,0.3675441,0.3675441,1.4589691177402386e-08
0.2251928220948177,0.26588035,0.26588035,-3.701782214093896e-09
0.0849653899314803,0.12702793,0.12702793,-1.1708068958782292e-09
-0.032466449811216,0.02503571,0.02503571,-8.573150626911552e-10
-0.1264119216053731,-0.046516806,-0.046516836,3.011277770886833e-08
-0.2017064541462784,-0.11529325,-0.11529325,5.121231078097921e-10
-0.2622644420920218,-0.17827646,-0.17827643,-3.434307097038847e-08
-0.9502768678786429,-0.95631605,-0.9563162,1.4613265986174184e-07
-0.8381409738498327,-0.8348084,-0.8348085,9.078598017797646e-08
-0.7319918010628073,-0.7334388,-0.73343855,-2.3984451291703124e-07
-0.6325201250454644,-0.65757716,-0.6575772,4.297943112518965e-08
-0.5397259457978043,-0.5984632,-0.5984632,2.231903073468544e-08
-0.4533790048105276,-0.57023174,-0.57023174,4.2936706412533e-09
-0.3672623223325503,-0.5193886,-0.5193886,-1.6085052512160303e-08
-0.2892046876800521,-0.44280493,-0.44280493,-2.594299330915817e-09
-0.2148311891763444,-0.32579756,-0.32579756,2.1691894391828725e-09
-1.1236615253810944,-1.1254885,-1.1254885,-1.9668579209763948e-08
-1.0320186386799313,-1.0448904,-1.0448905,9.625244135058608e-08
-0.9272510169487024,-0.9443305,-0.9443305,-1.3477325477850854e-08
-0.8222531367081737,-0.8226964,-0.8226964,1.2232208246309995e-08
-0.714261895846753,-0.7019013,-0.7019012,-1.166427612275811e-07
-0.6081127230597275,-0.5913872,-0.5913872,-1.2276458738469387e-08
-0.5065687204586901,-0.50143856,-0.50143856,1.8983459249000134e-09
-0.4006498061809639,-0.4366125,-0.4366125,1.3160705580883558e-08
-0.2938098578660402,-0.37295884,-0.3729589,6.106033323405313e-08
-0.1938776648300986,-0.2792468,-0.27924693,1.229016113324377e-07
-0.0577948858341505,-0.054060087,-0.054060087,3.9206695529037106e-10
-0.0469727358970785,-0.06824522,-0.06824525,3.279590606031224e-08
-0.03476903490421,-0.10277398,-0.10277398,6.937789925887117e-10
-0.0260192115508327,-0.11981605,-0.11981605,6.656646067693117e-11
-0.0223350754020422,-0.1313401,-0.13134013,2.8638725280139e-08
-0.0274007626066291,-0.13828509,-0.13828509,4.4411087030127305e-09
-0.0363808444693059,-0.1293668,-0.1293668,-1.8901824549999446e-10
-0.0495055794993719,-0.09477939,-0.09477939,2.883567815081811e-09
-0.0561830762690547,-0.06716566,-0.06716566,2.1220779439223847e-09
-0.3529862947559872,-0.35901892,-0.35901886,-6.185211182119232e-08
-0.2926585653195432,-0.3469264,-0.34692633,-6.112472533681412e-08
-0.2369360060690873,-0.32919317,-0.32919317,-4.8390197959768955e-09
-0.1901935286813082,-0.30590063,-0.30590063,-3.335113518687649e-09
-0.1533521671934034,-0.27618724,-0.27618724,-1.077423095185992e-09
-0.1291750237169659,-0.24408914,-0.24408914,-1.4880752463586333e-09
-0.1130569280660076,-0.20823158,-0.20823164,5.676235198537327e-08
-0.0997019345266421,-0.15748589,-0.15748583,-5.740825653743897e-08
-0.0828930633477856,-0.095893994,-0.095893964,-2.997373199642439e-08
-0.5922248859180685,-0.62495655,-0.62495655,1.7860413148440557e-09
-0.4805495089078573,-0.5953497,-0.5953498,7.09388733310945e-08
-0.3831501594742092,-0.5392455,-0.5392455,1.374053959501964e-08
-0.3020991642008188,-0.48921645,-0.48921657,1.2312347413834246e-07
-0.2403898837085784,-0.44477177,-0.44477177,3.3374023544752163e-09
-0.194107923339398,-0.39468873,-0.39468879,6.452850342952843e-08
-0.1586481129072897,-0.31424809,-0.31424797,-1.1502197266866077e-07
-0.130326316263463,-0.23678727,-0.23678721,-6.447986602986511e-08
-0.0976296079429475,-0.14259718,-0.14259715,-3.358516692530955e-08
0.5855473891483859,0.5809426,0.58094263,-5.8836822525165644e-08
0.5118646661725764,0.5111558,0.5111558,-1.586990361346352e-08
0.4688063249335877,0.47771943,0.47771943,-3.844909668426766e-09
0.434267548538677,0.4554574,0.4554574,-1.0645294201694355e-08
0.3985774795972693,0.45076573,0.4507657,2.895050049689374e-08
0.3783147307789217,0.44916534,0.4491653,4.423828126043361e-08
0.3679530978604485,0.4391085,0.4391085,-9.056091321291149e-09
0.3548283628303824,0.4142922,0.41429216,2.649864194737006e-08
0.3640387032023586,0.4012123,0.4012123,4.830551125767357e-09
-0.8540288109914916,-0.96269673,-0.96269673,-1.0905456537813052e-09
-0.655085458956806,-0.8038297,-0.80382985,1.2044296260338427e-07
-0.4671945153684919,-0.6587759,-0.658776,7.436370852431651e-08
-0.2848297760033635,-0.51244175,-0.5124417,-5.4341125488299724e-08
-0.1063794312963249,-0.3632745,-0.3632745,-1.4675140380671081e-08
0.0688472942805219,-0.19818984,-0.19818984,2.7927399282035026e-10
0.2408504007271772,0.04830201,0.04830201,-2.982711785892711e-10
0.4096298880436407,0.24450876,0.24450876,-1.812705985315688e-09
0.5751857562299126,0.45503628,0.45503622,6.253936768452206e-08
-0.865081219437863,-0.9884959,-0.9884959,1.3674163801269401e-08
-0.6811046705076388,-0.76874495,-0.76874495,4.473876935584542e-09
-0.4998912236890073,-0.5472001,-0.5472001,1.6267394986613226e-08
-0.3205198449447711,-0.34343165,-0.34343165,-1.5922546614532962e-09
-0.1390761396168403,-0.13022576,-0.1302257,-6.272487640401891e-08
0.0396044635994975,0.092218235,0.09221822,1.5135078426653514e-08
0.2162127402321409,0.28331208,0.28331208,2.290649392389099e-09
0.390978948790389,0.41987783,0.41987783,-2.832489021109552e-09
0.56459386480214,0.5452773,0.5452773,-2.5032043104999957e-09
0.6509408057894168,0.6694736,0.6694736,-1.1533355714909987e-08
0.6910057864075131,0.73599315,0.73599315,-3.1036376801907295e-09
0.7278471478954179,0.7816382,0.7816382,5.0514221694442085e-09
0.5811724774716972,0.5981064,0.59810644,-5.572265626696549e-08
0.7628464413089273,0.7486253,0.7486253,-2.1527099658413817e-08
0.6240005602013865,0.651778,0.651778,-1.7288207976307035e-08
0.6458751185848299,0.65642345,0.6564235,-5.0483703661896584e-08
0.6790323439239441,0.7174013,0.7174013,2.5702667216798147e-08
0.8639299268913659,0.9297861,0.929786,8.608245849472951e-08
0.9000805128513726,0.97152805,0.97152805,3.283691429878388e-09
0.9546517795553316,1.0045604,1.0045604,-4.86282347722522e-08
1.002315290980308,1.0371102,1.0371102,9.465026762356388e-09
-0.2028577466927754,-0.22945721,-0.22945715,-6.447467804093776e-08
-0.1291750237169659,-0.15596752,-0.15596752,1.3127517684008438e-09
-0.0437491167668868,-0.095738426,-0.095738456,3.014913177445955e-08
0.0789786686896957,-0.01841709,-0.01841709,-1.7753601019854237e-10
0.1503588065725112,0.12636927,0.12636925,1.7702102672600972e-08
0.2654880612222134,0.2987437,0.29874372,-2.4979324331209085e-08
0.4128535071738324,0.4294983,0.4294983,1.4857482910635156e-08
0.5381141362327085,0.57177186,0.57177186,1.2268064342180196e-10
0.6935386300098066,0.77234846,0.7723485,-3.646469115548001e-08
-0.0221048168927428,-0.006300181,-0.006300211,2.984956359863844e-08
0.0354598104321083,0.052178636,0.052178636,1.9327545119907086e-10
0.1075307238428219,0.1151323,0.11513232,-1.7954177852774755e-08
0.1936474063207992,0.19234744,0.19234744,-2.8566742027447134e-09
0.2730865920290938,0.31871796,0.318718,-4.3457031251303846e-08
0.3532165532652866,0.40782613,0.40782613,-4.378204354615889e-09
0.463280120710402,0.49915564,0.49915564,6.021118048593621e-10
0.5938366954831645,0.6355033,0.63550335,-5.791625978801562e-08
0.7253143042931245,0.79302096,0.79302096,3.668823245206454e-09
0.9806709911061642,0.9706347,0.9706347,-1.1322021098436608e-09
0.9686975486225952,0.9797416,0.97974163,-5.666625979561246e-08
0.9571846231576248,0.9769285,0.9769285,-2.748107907901698e-08
0.9454414391833552,0.9491905,0.9491905,-2.6016235832315715e-09
0.9366916158299778,0.9296239,0.9296239,1.8440247107065488e-09
0.9281720509859,0.90465903,0.904659,3.282165528251113e-08
0.9212642957069178,0.89936227,0.89936227,-3.936309833640905e-09
0.9150473159558338,0.9098785,0.9098785,-7.644653354788034e-09
0.9092908532233488,0.91915303,0.91915303,4.687042198803226e-09
-0.3525257777373884,-0.30809438,-0.30809438,-2.286071776325116e-09
-0.2063116243322665,-0.14167036,-0.14167036,-1.1612319994469544e-09
-0.0690775527898213,0.015603259,0.015603244,1.520581817578137e-08
0.0633210900573362,0.15898567,0.15898569,-1.5618743909318056e-08
0.201476195636979,0.3291185,0.3291185,-9.780883769572313e-09
0.3417036278003164,0.45256224,0.4525622,4.274635312384589e-08
0.4913716588449294,0.5790168,0.5790168,4.695129396381503e-09
0.6288359888966739,0.73174995,0.73174995,1.8394470391314144e-09
0.7577807541043405,0.8238735,0.8238736,-8.010253904622289e-08
-0.4209125549993116,-0.40093058,-0.40093058,-3.4770202828049435e-09
-0.3011781301636212,-0.30892056,-0.30892062,5.773269651232482e-08
-0.183285773402326,-0.23429526,-0.23429526,-3.886451716006434e-09
-0.0815115122919892,-0.10885097,-0.10885097,-8.642959542504158e-10
0.021644299874144,0.060191482,0.060191453,2.9305526734468845e-08
0.17016103837226,0.27213588,0.27213588,3.56971741055645e-09
0.3276578587330527,0.4196731,0.4196731,-1.4787292501594607e-08
0.4793982163613604,0.56948644,0.56948644,-7.719421768470625e-10
0.6530131323731114,0.7729535,0.7729535,1.0284423868078818e-08
-0.2263441146413147,-0.2692322,-0.26923227,5.650283813052326e-08
-0.1763780181233439,-0.22007288,-0.22007288,-3.873062148773698e-10
-0.1169713227240975,-0.17945616,-0.17945616,5.275344883148847e-10
-0.0534199741574618,-0.15300433,-0.15300436,2.662311554546548e-08
0.0179601637253535,-0.11602233,-0.11602233,-3.50276946337047e-09
0.0967085739057499,-0.0049399734,-0.0049399734,4.5660400807556734e-11
0.1839765489302242,0.1283623,0.1283623,-1.9882202273446836e-09
0.2740076260662915,0.2533459,0.2533459,6.734466539981554e-09
0.3748608531394307,0.3528768,0.3528768,1.2219619760500677e-08
-0.0308546402461202,-0.041661635,-0.041661605,-3.004123688005178e-08
0.0016118095650958,-0.018417314,-0.018417343,2.930504608075757e-08
0.0467424773877791,0.0036260188,0.0036260486,-2.983741149899938e-08
0.0847351314221808,0.042644262,0.042644262,3.13842771215711e-10
0.134931486449451,0.072517455,0.072517484,-2.9375823967781045e-08
0.1911145627185058,0.15215556,0.15215558,-1.6764717114536865e-08
0.2489094485526563,0.23829675,0.23829675,-2.79235840006109e-09
0.3177567428331783,0.32656375,0.32656375,-4.262924180320482e-09
0.3955841189763771,0.37759826,0.37759826,-4.127273578458102e-09
0.9866577123479486,0.98347443,0.98347443,3.4220886124813887e-09
0.9249484318557084,0.90542024,0.90542024,3.740081799818995e-09
0.865081219437863,0.83229464,0.83229464,2.9252624766940016e-09
0.8061350410572156,0.77384424,0.7738443,-5.7904052774837567e-08
0.750642740316059,0.7209174,0.7209174,3.697967487781284e-09
0.694920181065603,0.6513999,0.6513999,1.0449981657778551e-08
0.6389673633058478,0.5993636,0.5993636,2.5049591068082577e-08
0.589001266787877,0.54814965,0.54814965,-4.6714783152879136e-09
0.5358115511397145,0.49859738,0.49859744,-5.650085449504516e-08
-0.4397937527618628,-0.44425297,-0.44425297,2.1655273685361465e-09
-0.3686438733883467,-0.3847885,-0.3847884,-1.1318359377510134e-07
-0.2880533951335551,-0.32341683,-0.32341695,1.208908080863047e-07
-0.2010156786183802,-0.27141,-0.27141,1.1596679672098986e-08
-0.101313744091738,-0.197136,-0.19713597,-2.9798774725531274e-08
0.0029933606208922,-0.061861232,-0.061861232,7.689666958743402e-11
0.1271026971332713,0.08755196,0.08755198,-2.1141033174076895e-08
0.2601921155083272,0.23935069,0.23935069,1.437721247610213e-09
0.382459383946311,0.34919116,0.34919113,2.9009933455448333e-08
-0.7644582508740233,-0.83586556,-0.83586556,2.8062439039189258e-09
-0.4899901077891329,-0.6293493,-0.6293493,8.675384521872331e-09
-0.2185153253251349,-0.37927318,-0.37927318,3.806762682856402e-09
0.0481240284435755,-0.10019378,-0.10019381,2.6359138483034172e-08
0.3069345928961063,0.17721865,0.17721865,-4.1889190727228964e-09
0.5567650754859602,0.44442672,0.44442675,-3.462600706161112e-08
0.8040627144735208,0.70837235,0.7083724,-4.5492553724102436e-08
1.0541234555726742,0.90584475,0.90584475,-1.9798278572125128e-09
1.2956646318277496,1.2222148,1.2222148,1.8000793522432446e-08
-1.1153722190463158,-1.0789691,-1.0789691,-2.0979309178770222e-08
-0.8901793969514982,-0.9066996,-0.9066996,2.164459278475306e-09
-0.6502500302615185,-0.7285874,-0.72858727,-1.1899230956124995e-07
-0.3946630849391794,-0.4418792,-0.4418792,-1.2856292697094318e-08
-0.122958043965882,-0.13316126,-0.13316129,2.8322257983326438e-08
0.1395366566354391,0.21837309,0.21837309,2.8762825454720087e-11
0.4188402284156169,0.42451203,0.42451203,-1.305847152632822e-09
0.7128803447909566,0.70630157,0.7063015,6.993865964144419e-08
1.0237293323451528,1.0160807,1.0160806,1.371139526362697e-07
1.793713787442362,1.8804922,1.8804923,-8.961181641176097e-08
1.5966125034820715,1.7675339,1.7675339,-1.6464234420254797e-09
1.4294448257307035,1.6474557,1.6474556,9.229125974563601e-08
1.2797767946860903,1.5043647,1.5043647,2.892761230555152e-08
1.1185958381765075,1.363954,1.363954,-5.197906505216565e-08
0.9903418484967392,1.2392018,1.2392017,8.413391117123581e-08
0.8703771651517493,1.1115097,1.1115097,-1.9252014205051182e-08
0.8187992590686828,0.99508107,0.995081,6.708526611998167e-08
0.7658398019298197,0.86152697,0.86152697,-3.9050292999220915e-09
0.1551942352677986,0.16238791,0.1623879,7.50503539870273e-09
0.1565757863235951,0.16872178,0.16872178,1.8093110343286867e-10
0.1630230245839784,0.17701542,0.17701544,-1.6225280757842242e-08
0.1685492288071641,0.1820276,0.18202758,1.3255043035398373e-08
0.1756872425954457,0.19204855,0.19204855,-3.4790040293053437e-10
0.1888119776255117,0.19412555,0.19412555,-1.9948959428806035e-09
0.2063116243322665,0.18843889,0.18843888,1.2364501950079543e-08
0.2235810125297218,0.20853567,0.20853566,1.123413084780367e-08
0.2461463464410635,0.2415964,0.2415964,7.377624622328938e-10
0.7697541965879096,0.7472704,0.7472704,5.2925109850221475e-09
0.7250840457838251,0.706579,0.706579,2.956008915422359e-08
0.673275881191459,0.62847793,0.6284779,3.1022644009226497e-08
0.6230795261641888,0.5319921,0.5319921,-2.2172546354504163e-08
0.5648241233114394,0.45134687,0.45134687,4.237060535761117e-09
0.500812257726205,0.3957207,0.39572066,3.048881530576253e-08
0.435418841085174,0.34889233,0.34889233,1.1233520780251638e-09
0.3624268936372628,0.3221376,0.32213762,-2.5776977552460778e-08
0.2843692589847647,0.25831923,0.25831926,-3.11124420115938e-08
-0.1825949978744278,-0.21676539,-0.21676539,1.1536026023328816e-09
-0.1558850107956969,-0.20375063,-0.20375057,-5.5252723701881834e-08
-0.1284842481890677,-0.18015023,-0.1801502,-2.575855254094428e-08
-0.0992414175080433,-0.15731369,-0.15731366,-2.9589500433191418e-08
-0.0670052262061267,-0.13324507,-0.13324504,-2.5808296194584912e-08
-0.0322361913019166,-0.09585409,-0.09585412,3.133594513038407e-08
0.0043749116766886,-0.048195645,-0.048195645,-2.1312713399668226e-10
0.0407557561459946,-0.014903635,-0.014903635,2.133941651855098e-10
0.0743734985037076,0.02944617,0.02944617,-2.6599884100919624e-10
0.989190555950242,0.9973186,0.9973187,-7.454986572508204e-08
0.8777454374493303,0.87766546,0.87766546,1.097106849812235e-10
0.7600833391973346,0.76701766,0.76701766,2.525176956424957e-09
0.6514013228080155,0.61217624,0.6121763,-6.050949097335945e-08
0.5475547351139841,0.5071972,0.5071972,1.251983627881259e-09
0.4441686644385514,0.39587063,0.39587066,-3.4027252182600165e-08
0.3472298320235021,0.31953216,0.31953216,-4.009399423576809e-09
0.2516725506642492,0.24324045,0.24324045,-4.147720333858018e-09
0.1568060448328945,0.16009443,0.16009443,-4.9177932837096705e-09
0.6062706549853323,0.56668365,0.5666837,-4.998321534444017e-08
0.5632123137463436,0.52516353,0.52516353,1.30340571669052e-09
0.5180816459236603,0.5069376,0.5069376,2.3023986828185627e-08
0.470648393007983,0.46937162,0.46937162,-3.159637440575125e-09
0.4209125549993116,0.4285828,0.4285828,-1.2486267075839663e-08
0.3674925808418497,0.37278113,0.37278113,-2.308731095190808e-09
0.3106187290448968,0.31310776,0.31310776,-1.2395477422266765e-09
0.249830482589854,0.23268646,0.23268647,-9.981842047368517e-09
0.1846673244581224,0.14390817,0.14390817,2.845840452181392e-09
0.7388995563417894,0.7405586,0.7405586,2.4267578169201443e-08
0.674427173737956,0.70006144,0.7000614,4.046783452782421e-08
0.6124876347364161,0.6422569,0.6422569,1.556930540047574e-08
0.5310912516990767,0.5657326,0.5657326,-1.695251494737704e-09
0.4529184877919288,0.47548372,0.47548372,-4.465789793517416e-09
0.3697951659348437,0.3892148,0.3892148,1.3709259005789676e-08
0.2708991361907495,0.30496693,0.3049669,2.6574707046034263e-08
0.1819042223465296,0.18547904,0.18547904,4.9142455937900564e-09
0.0778273761431987,0.08116923,0.08116923,2.726097111938053e-09
0.4955163120123186,0.493944,0.493944,-1.0723114007848977e-08
0.3518350022094902,0.38561183,0.38561183,2.1418762319314055e-09
0.2346334209760933,0.29650867,0.29650867,-1.4678952497959585e-10
0.1353920034680499,0.19874112,0.1987411,2.3080253597207445e-08
0.0522686816109648,0.110481896,0.110481896,-4.936180075798546e-10
-0.0207232658369464,0.035954386,0.035954356,2.999586486834849e-08
-0.0759853080688035,-0.022337586,-0.0223376,1.431236267002145e-08
-0.1181226152705945,-0.0743482,-0.0743482,3.6127090485837954e-09
-0.1443720853307266,-0.12240054,-0.12240057,3.286678314229352e-08
-0.8406738174521261,-0.87884015,-0.87884,-1.4844894413723608e-07
-0.7220906851629327,-0.7720875,-0.77208763,1.1559951784700928e-07
-0.6235400431827876,-0.66702837,-0.6670285,1.324806213620633e-07
-0.5249894012026425,-0.5486948,-0.54869473,-5.940963743178429e-08
-0.4209125549993116,-0.40597647,-0.4059766,1.2571487428836292e-07
-0.3159146747587831,-0.28076893,-0.2807688,-1.3091201783721473e-07
-0.2086142094252605,-0.17987172,-0.17987172,-3.0558395258672988e-09
-0.1015440026010374,-0.09040578,-0.09040578,2.903251652974781e-09
0.0087498233533773,-0.0012682527,-0.0012682527,-3.036956797153323e-11
-0.629987281443171,-0.5879188,-0.5879188,-1.7996978796119834e-08
-0.5726529126276192,-0.51216525,-0.5121652,-4.839401246403696e-08
-0.5070292374772889,-0.41947848,-0.41947854,6.395248414170496e-08
-0.4351885825758746,-0.3650875,-0.36508757,6.084472653489215e-08
-0.361966376618664,-0.3200522,-0.32005215,-5.651626588942804e-08
-0.2866718440777587,-0.23274906,-0.232749,-5.979633330155387e-08
-0.2051603317857694,-0.17582314,-0.1758231,-3.716411589582691e-08
-0.1195041663263909,-0.10070054,-0.1007006,5.766925811889756e-08
-0.0361505859600065,-0.03487152,-0.03487152,1.3880920440856315e-09
-0.6170928049224044,-0.65630126,-0.65630126,5.4931614812403495e-12
-0.5378838777234092,-0.58168507,-0.58168507,3.776855495019049e-09
-0.4614380526360068,-0.5144236,-0.5144236,-8.779907245681784e-09
-0.3838409350021074,-0.4303838,-0.43038374,-6.146026609865629e-08
-0.3044017492938129,-0.32541144,-0.3254115,6.105804445377672e-08
-0.2205876519088296,-0.23464955,-0.23464955,-3.894996630782188e-09
-0.1358525204866487,-0.15185566,-0.15185566,-2.4650955166016786e-09
-0.0513476475737672,-0.06854899,-0.06854896,-3.227619170542706e-08
0.0333874838484136,0.0077002645,0.0077002943,-2.984611206097165e-08
-0.3895973977345925,-0.40132487,-0.40132493,6.179779055148771e-08
-0.3410128522724182,-0.3595026,-0.3595026,-1.3544464105841314e-08
-0.2926585653195432,-0.3142925,-0.3142925,9.517669652403526e-09
-0.2410806592364766,-0.27382624,-0.2738263,5.8506774924804716e-08
-0.1858186170046195,-0.2176703,-0.2176703,-6.563377369372958e-09
-0.1271026971332713,-0.1555114,-0.15551136,-3.4143104565842464e-08
-0.0658539336596297,-0.09338035,-0.09338038,3.310573577774978e-08
-0.0032236191301916,-0.04040639,-0.04040639,-1.0245895382121617e-09
0.05411074968536,0.017782718,0.017782718,-5.6808471121660986e-11
0.1328591598657564,0.1484733,0.14847331,-1.741081237516262e-08
0.1089122748986183,0.12317618,0.12317618,-1.7374038319140084e-10
0.0879587505523725,0.088808544,0.08880855,-6.0198783874421125e-09
0.0644723826038332,0.0631136,0.0631136,1.5640252981619085e-11
0.0453609263319827,0.032120273,0.032120243,2.9517204284956744e-08
0.0218745583834434,-0.0062925816,-0.0062925518,-2.9758227539262994e-08
-0.0009210340371976,-0.048802003,-0.048802003,-2.6442718847885516e-10
-0.023946884967138,-0.08210705,-0.08210705,-2.2069931021606592e-09
-0.044439892294785,-0.109281495,-0.109281465,-3.021350861165395e-08
0.7464980871486696,0.73090565,0.7309056,5.204620356913381e-08
0.674887690756555,0.67315984,0.67315984,-2.2772216334843165e-09
0.5989023826877513,0.6090491,0.6090491,-1.8197631845850992e-08
0.5173908703957621,0.51904726,0.51904726,2.844238178312253e-10
0.4273597932596948,0.42925695,0.42925692,2.5848464979549846e-08
0.3350261310306336,0.3364018,0.33640176,3.0380477911151615e-08
0.2300282507901052,0.21327966,0.21327966,4.51644896481973e-09
0.1178923567612951,0.07832122,0.07832119,2.84906005870722e-08
-0.0041446531673892,-0.02848588,-0.02848588,6.979751603075623e-10
-0.1386156225982415,-0.1149673,-0.1149673,-1.4879226739594742e-09
-0.0902613356453665,-0.014225543,-0.014225513,-2.954531860312193e-08
-0.0423675657110904,0.06921837,0.06921838,-1.2661819454029555e-08
0.0059867212417845,0.118591584,0.118591614,-2.9734767911793192e-08
0.0550317837225577,0.17195964,0.17195964,-1.4044189422524056e-09
0.1031558121661332,0.20428103,0.20428103,2.0854186988383816e-09
0.1512798406097088,0.26991105,0.26991105,7.965088033579093e-10
0.1998643860718832,0.31071585,0.31071585,4.167938216781408e-09
0.2479884145154587,0.33925587,0.33925587,-6.114196926532145e-10
0.6617629557264888,0.701101,0.70110095,5.5077362115518724e-08
0.6037378113830388,0.64060783,0.6406078,3.386230473800822e-08
0.5475547351139841,0.5809083,0.5809083,-1.5075684034471237e-09
0.4863059716403425,0.5167145,0.51671445,6.330184931790939e-08
0.4227546230737068,0.46096677,0.46096677,-4.119415308867502e-09
0.3628874106558616,0.4082532,0.4082532,-7.098388654647181e-09
0.3092371779891004,0.3594342,0.3594342,-1.2587738018599026e-08
0.2583500474339319,0.30952793,0.30952793,3.597564690593913e-09
0.190654045699907,0.26257545,0.26257545,-2.4406432985735194e-09
0.7375180052859929,0.7081316,0.7081316,1.1347198514144452e-08
0.6633747652915847,0.64164174,0.6416417,3.6030578631773835e-08
0.5926854029366675,0.58247906,0.58247906,-3.0380253868145246e-10
0.5231473331282472,0.5148282,0.5148282,5.108642620044179e-09
0.4554513313942223,0.4763474,0.47634745,-6.316299439035333e-08
0.3863737786044009,0.4299459,0.4299459,-1.3864898673610071e-08
0.3186777768703759,0.36658588,0.36658585,3.051795960384851e-08
0.2507515166270516,0.30188033,0.3018803,2.984733582511723e-08
0.1837462904209248,0.25685054,0.2568505,4.0637969989099076e-08
-0.0923336622290612,-0.09735598,-0.09735598,3.2992172188661684e-09
-0.0725314304293124,-0.07694413,-0.07694416,3.232112884277161e-08
-0.0430583412389886,-0.05533059,-0.05533059,5.863571156394798e-10
-0.0112826669556708,-0.026815802,-0.026815802,1.4109802215500622e-10
0.0214140413648446,0.04244426,0.04244429,-3.1071701052376444e-08
0.0545712667039588,0.10323244,0.10323243,1.3332672119115152e-08
0.0874982335337737,0.14764202,0.14764203,-1.3589172370709335e-08
0.1201949418542892,0.18105276,0.18105276,-7.102584909102205e-10
0.153121908684104,0.21589284,0.21589284,-3.5484695459775395e-09
0.4722602025730788,0.51008457,0.51008457,-5.458068441654973e-10
0.3419338863096158,0.39013726,0.39013726,-4.808197007211135e-09
0.254435652775842,0.2959633,0.2959633,-1.2646484359724042e-08
0.2030880052020748,0.2526486,0.2526486,-8.004760743141048e-09
0.1729241404838528,0.21433371,0.21433371,3.0546569718126193e-09
0.1540429427213016,0.2053751,0.2053751,5.142593378915095e-09
0.1427602757656308,0.21090141,0.21090141,-6.124115103922634e-10
0.1425300172563314,0.21866009,0.2186601,-1.3606643672892105e-08
0.1471351874423195,0.23139523,0.23139523,-3.0277252927035647e-10
0.7414323999440828,0.7513113,0.7513113,2.185058578518806e-09
0.5583768850510561,0.63962114,0.6396212,-6.142730712976885e-08
0.4338070315200782,0.51572543,0.51572543,3.826446492993796e-09
0.3444667299119093,0.42676473,0.42676473,-3.3612060357235407e-09
0.2832179664382676,0.3666604,0.3666604,-1.3676071164425707e-08
0.2459160879317641,0.32857943,0.32857943,-4.188232427537741e-09
0.2081536924066617,0.28567177,0.28567177,5.726623619750626e-10
0.1922658552650028,0.27119705,0.27119705,8.09860234429749e-10
0.1858186170046195,0.26103365,0.26103365,4.212951654203323e-09
-0.3258157906586574,-0.29241168,-0.29241168,-4.9899291920674216e-09
-0.2721655579918962,-0.22153361,-0.22153373,1.1858318330060236e-07
-0.213449638120548,-0.14846219,-0.14846219,-1.2240982116829002e-09
-0.1561152693049963,-0.0650429,-0.06504287,-2.8058891293758492e-08
-0.0990111589987439,-0.0069880486,-0.0069880635,1.4946533202948864e-08
-0.0419070486924916,0.048706114,0.048706114,2.921447736503602e-10
0.0147365445951618,0.10826599,0.10826598,8.528728487333659e-09
0.0713801378828154,0.17075329,0.17075329,-4.711189272033067e-09
0.1273329556425707,0.21246327,0.21246327,4.59812163344786e-09
0.5086410470423848,0.57183135,0.57183135,-4.441833456603206e-09
0.464431413256899,0.50305444,0.5030545,-5.997848506744674e-08
0.4197612624528145,0.4456675,0.4456675,5.264282232353423e-09
0.3764726627045265,0.36186498,0.36186498,4.035491940612701e-09
0.3324932874283402,0.3456266,0.3456266,-7.363891607603534e-09
0.2885139121521539,0.32309482,0.3230948,1.5015792831363228e-08
0.2445345368759676,0.30742258,0.30742258,-1.6651916512344656e-09
0.2003249030904819,0.25726214,0.25726214,5.124664581579452e-10
0.1563455278142957,0.22784786,0.22784786,-7.365799081782143e-10
0.8206413271430779,0.85869086,0.85869086,-2.112731878334273e-09
0.7448862775835738,0.7308547,0.7308547,-9.925079313966023e-09
0.6689009695147703,0.6334891,0.6334891,-2.7677154568195306e-08
0.5929156614459669,0.5877375,0.5877375,6.675719976811934e-10
0.5167000948678638,0.55649024,0.55649024,2.4812316645750343e-09
0.4407147867990603,0.48532188,0.48532188,-6.130981278218428e-10
0.3647294787302569,0.4263476,0.42634755,6.333465574215325e-08
0.2887441706614533,0.35175025,0.35175025,4.631042493929982e-09
0.2127588625926498,0.26606214,0.26606214,4.6478271231720214e-10
-0.1220370099286844,-0.09161721,-0.09161721,-1.6994857743313219e-09
0.0264797285694315,0.030201986,0.030201986,4.320755003783816e-10
0.1492075140260141,0.13513368,0.13513371,-2.6318511953116186e-08
0.2567382378688361,0.25872415,0.25872415,3.0418396135267756e-09
0.3564401723954783,0.3586409,0.3586409,9.194946304358353e-09
0.4469317665501442,0.45819962,0.45819968,-5.975311279105e-08
0.5208447480352532,0.5352418,0.5352418,-1.7334747304253995e-08
0.5832448040553919,0.583614,0.583614,-8.262634243472178e-09
0.6398883973430453,0.6422782,0.6422782,-5.572509786944124e-09
0.6916965619354114,0.69111866,0.69111866,-2.411041255534485e-09
0.6785718269053453,0.5186111,0.5186111,-2.6506042472007607e-08
0.4437081474199527,0.3920589,0.39205897,-6.10606384343626e-08
0.6965319906306988,0.52421707,0.52421707,-8.509826177061086e-10
0.3120002801006932,0.2897959,0.2897959,5.351638798778424e-09
0.5461731840581877,0.3686671,0.36866713,-3.410041810036901e-08
0.190654045699907,0.1516989,0.1516989,2.2493362450415333e-09
0.4089391125157425,0.23986778,0.23986778,-3.3676910426994056e-09
0.0789786686896957,-0.012714341,-0.0127143115,-2.9782844543010945e-08
0.2898954632079504,0.15164705,0.15164703,1.6208381664606364e-08
-0.0255586945322339,-0.12103675,-0.12103675,-3.05843353420876e-09
0.1828252563837272,0.06706762,0.06706762,3.138427739912686e-09
-0.1211159758914868,-0.2050278,-0.2050278,-3.778648366425941e-09
0.0796694442175939,-0.017041475,-0.017041445,-2.9580764771691692e-08
-0.2081536924066617,-0.2588418,-0.25884175,-6.26106262391346e-08
-0.0122037009928684,-0.07998951,-0.07998951,2.205619811790349e-09
-0.2862113270591599,-0.3026029,-0.3026029,1.284637451970383e-08
-0.0937152132848576,-0.1246496,-0.1246496,8.054733269258207e-10
0.0564133347783541,0.0996061,0.0996061,-3.2554626494540884e-09
0.0322361913019166,0.07399921,0.07399921,1.1921310466567192e-09
0.0105918914277726,0.04957299,0.04957299,-6.55403134541821e-10
-0.0124339595021678,0.020809323,0.020809323,-4.044036876205137e-10
-0.043288599748288,-0.01022619,-0.01022622,2.9909820556048294e-08
-0.0612487634736416,-0.038978472,-0.038978443,-2.935202789156044e-08
-0.080820736764091,-0.06677197,-0.06677191,-5.919918059926754e-08
-0.1026952951475344,-0.092323944,-0.092323974,3.002741241764362e-08
-0.1397669151447385,-0.1165245,-0.1165245,-2.635002133155595e-09
0.2615736665641236,0.2536158,0.2536158,-3.4339904808611266e-09
0.2180548083065361,0.2239054,0.2239054,-5.582809492477026e-10
0.180983188309332,0.19553153,0.19553153,2.1683883577594543e-09
0.1402274321633374,0.1487085,0.14870849,1.7418632508592324e-08
0.0921034037197618,0.10375488,0.10375487,8.044128418926988e-09
0.0402952391273958,0.057230413,0.057230413,-3.994751057723178e-11
-0.0163483541602577,0.004664555,0.004664555,1.9199371346229066e-10
-0.0504266135365696,-0.048435166,-0.048435166,-4.781570417389247e-10
-0.0997019345266421,-0.09635745,-0.09635748,3.0110816950923436e-08
0.0131136391453832,0.0033335239,0.0033335239,-3.048553466958315e-11
-0.0306654143108851,-0.05021073,-0.05021073,7.586288472416491e-10
-0.0611310000042313,-0.09914382,-0.09914382,1.979179375943829e-09
-0.0816439890405102,-0.0939085,-0.0939085,-3.6516189516611064e-09
-0.1196848429459797,-0.08503239,-0.08503239,1.4320754998520258e-09
-0.1624012893588239,-0.10628267,-0.10628267,3.6744308429259576e-09
-0.1846442521635999,-0.135594,-0.13559397,-2.545192717695599e-08
-0.1841632516733257,-0.15474384,-0.15474384,4.669990533168189e-09
-0.1947990783050673,-0.16516541,-0.16516541,5.542373782141397e-10
0.713110603300256,0.75243914,0.75243914,1.2734985288531675e-09
0.5153185438120674,0.5357683,0.5357683,-2.950744626417645e-08
0.3541375873024842,0.39120257,0.39120257,-9.921264920720319e-10
0.2093049849531587,0.21252169,0.21252169,-2.8499984872087936e-09
0.0895705601174683,0.10629986,0.10629985,1.226558685174517e-08
-0.0043749116766886,0.029437885,0.029437855,2.9688377381487108e-08
-0.0757550495595041,-0.061482325,-0.061482295,-3.019626617500881e-08
-0.1273329556425707,-0.118936226,-0.118936256,3.022809601238574e-08
-0.1600296639630862,-0.14449783,-0.14449783,3.304557794070462e-09
0.7089659501328668,0.6656333,0.6656333,2.080841066121053e-08
0.4393332357432639,0.413745,0.413745,-1.3942718479764693e-08
0.2477581560061593,0.2544977,0.2544977,6.890106207801949e-09
0.0934849547755582,0.13022926,0.13022925,1.4497756967157827e-08
-0.0080590478254791,0.028836578,0.028836578,1.307220443003132e-10
-0.0780576346524981,-0.04197149,-0.04197146,-2.978710174350585e-08
-0.1284842481890677,-0.094187215,-0.094187215,2.941132060119145e-11
-0.1572665618514933,-0.12796019,-0.12796019,-1.7696380472109752e-10
-0.1775293106698409,-0.14948644,-0.14948647,3.256008149210565e-08
0.2560474623409379,0.24873394,0.24873394,-2.259674058979755e-09
0.1429905342749302,0.122807726,0.12280774,-1.3736000059605402e-08
0.0566435932876535,0.006674856,0.0066748857,-2.9752505493162162e-08
-0.0250981775136351,-0.06968589,-0.06968589,-1.270637511874284e-09
-0.0941757303034564,-0.18190293,-0.18190296,2.985950470213439e-08
-0.1703912968815593,-0.21685044,-0.2168505,5.5325508119263844e-08
-0.2256533391134165,-0.23422606,-0.23422606,-2.893867478981349e-09
-0.2779220207243813,-0.24339004,-0.24339004,1.3904953022336741e-09
-0.3030201982380164,-0.2653367,-0.2653367,7.666778545356578e-09
-0.824095204782569,-0.89624816,-0.89624816,-1.7927551665408714e-09
-0.779655312487784,-0.8473992,-0.8473993,1.2483291622622517e-07
-0.7375180052859929,-0.7996934,-0.7996935,9.437179560034537e-08
-0.6923873374633096,-0.7441633,-0.7441633,2.523498532358559e-08
-0.6408094313802429,-0.66741925,-0.66741925,-4.779815654387676e-09
-0.5830145455460923,-0.58841246,-0.5884125,3.6334991460051924e-08
-0.5169303533771633,-0.50846815,-0.50846815,-1.092529289259403e-09
-0.4485435761152401,-0.43647486,-0.43647486,2.8549196340321714e-10
-0.3785449892882211,-0.35559964,-0.3555997,5.820007326073906e-08
-0.0566435932876535,-0.08064605,-0.08064605,-2.9565811188181357e-09
-0.1146687376311034,-0.15878104,-0.15878107,3.326541900272595e-08
-0.1563455278142957,-0.21196882,-0.21196882,-4.267387387901778e-09
-0.1897330116627094,-0.24248298,-0.242483,2.4874687198916945e-08
-0.2205876519088296,-0.25254226,-0.25254226,2.691040057456462e-09
-0.2470673804782611,-0.259597,-0.259597,-3.4599303977422835e-09
-0.2615736665641236,-0.25729197,-0.25729203,5.73628234912249e-08
-0.2659485782408123,-0.25954735,-0.25954735,-2.7908325095360453e-09
-0.2723958165011956,-0.24852856,-0.24852858,2.4964408873451305e-08
-0.5703503275346252,-0.5647133,-0.5647133,7.255553935436865e-10
-0.5394956872885049,-0.52304304,-0.52304304,3.539123549778367e-09
-0.5095620810795823,-0.49263394,-0.49263388,-5.878936765180143e-08
-0.475253563193971,-0.45407093,-0.45407087,-5.571258543390911e-08
-0.4379516846874675,-0.39058268,-0.39058274,5.9297790511170234e-08
-0.3939723094112812,-0.33942777,-0.3394279,1.3081588745578188e-07
-0.3446969884212086,-0.2978685,-0.29786855,5.978088379876567e-08
-0.2887441706614533,-0.2671367,-0.2671367,6.999206547675385e-09
-0.2263441146413147,-0.2172638,-0.2172638,-2.8860092093907497e-09
-1.3235259114529776,-1.3702229,-1.3702232,2.7386016854258344e-07
-1.1420822061250469,-1.1986479,-1.1986479,4.328765879080265e-08
-0.9997824473780148,-1.041271,-1.041271,2.8701782284201727e-08
-0.8376804568312339,-0.89648324,-0.89648324,-2.5117492530313257e-09
-0.7342943861558012,-0.7726436,-0.77264374,1.1426376345102796e-07
-0.5894617838064757,-0.6407285,-0.6407284,-7.366333010239146e-08
-0.4782469238148633,-0.50422734,-0.50422734,-2.2140500544054476e-10
-0.3504534511536938,-0.3806696,-0.38066953,-6.381103517805187e-08
-0.2489094485526563,-0.25317633,-0.25317633,-1.520080561423498e-09
0.7999180613061315,0.8539818,0.8539818,-7.073211683028546e-09
0.5056476864214925,0.543535,0.543535,-5.874633779434646e-09
0.3060135588589087,0.2987677,0.2987677,-1.4109802271011773e-08
0.1556547522863975,0.1483099,0.14830989,1.1356697082742784e-08
0.0428280827296892,0.027959257,0.027959257,3.6427307004149867e-10
-0.0184206807439523,-0.050216928,-0.050216928,-1.2442779445676067e-10
-0.0925639207383606,-0.12682937,-0.1268294,2.914371491358203e-08
-0.1287145066983671,-0.15688194,-0.15688197,2.6654930124214715e-08
-0.1692400043350623,-0.16348301,-0.16348304,3.125766753764303e-08
-0.3589730159977717,-0.0071632117,-0.0071632266,1.4896699524098722e-08
-0.3884461051880955,-0.06376825,-0.06376825,-2.73036956932593e-09
-0.4075575614599461,-0.19400509,-0.19400509,2.9819869906688723e-09
-0.4188402284156169,-0.29156685,-0.2915669,5.124511720522307e-08
-0.4163073848133234,-0.32555038,-0.32555038,2.6310729706047198e-09
-0.4133140241924312,-0.32909614,-0.32909614,1.5226745420093835e-09
-0.4057154933855508,-0.33273703,-0.33273697,-5.859878537961549e-08
-0.3990379966158682,-0.34595364,-0.34595364,-3.321990960092336e-09
-0.3889066222066943,-0.35343242,-0.35343248,6.308410643862672e-08
-0.4349583240665753,-0.4749735,-0.47497344,-5.977493283682023e-08
-0.4218335890365092,-0.45338756,-0.45338756,1.5397644270720434e-09
-0.406406268913449,-0.41602105,-0.41602105,9.773254427969391e-10
-0.3854527445672032,-0.37115037,-0.37115043,5.558746335454501e-08
-0.360815084072167,-0.34142464,-0.34142464,-3.993377684086141e-09
-0.3308814778632444,-0.3159585,-0.3159585,9.15527098577229e-11
-0.2935795993567409,-0.2858317,-0.28583163,-5.98345947233625e-08
-0.2516725506642492,-0.26141173,-0.26141173,3.5252380459205312e-09
-0.2044695562578712,-0.2116562,-0.21165614,-5.7905540473690564e-08
1.1533648730807176,1.0315493,1.0315493,3.45260620093768e-08
0.8791269885051267,0.76362294,0.763623,-6.041336064743774e-08
0.5991326411970507,0.5063755,0.5063755,-8.380889870984731e-09
0.324434239602861,0.2489755,0.2489755,4.6443940360241243e-10
0.0727616889386118,0.09060572,0.09060571,1.0877647393936485e-08
-0.1340104524122534,-0.0120021105,-0.012002096,-1.4481262206739176e-08
-0.2744681430848902,-0.08900897,-0.08900897,-2.0487594537543785e-09
-0.3453877639491068,-0.1231655,-0.1231655,-3.1442642239865037e-09
-0.3594335330163705,-0.14269729,-0.14269729,4.139328046992574e-10
-0.2429227273108718,-0.21215086,-0.21215086,3.1474685635579647e-09
-0.2912770142637468,-0.25221324,-0.25221324,3.3020020051566235e-10
-0.3184475183610765,-0.29173684,-0.29173672,-1.2120178222163602e-07
-0.3488416415885979,-0.3407774,-0.34077746,6.28442382577532e-08
-0.3709464584813408,-0.35294133,-0.35294133,-4.247589113770545e-09
-0.383610676492808,-0.35583663,-0.35583663,1.324462761687073e-10
-0.3852224860579039,-0.34445405,-0.34445393,-1.2006408689479997e-07
-0.3826896424556104,-0.3292241,-0.3292241,-9.64965818361918e-09
-0.3711767169906402,-0.30959088,-0.30959082,-5.610244752096705e-08
-0.4340372900293776,-0.4170313,-0.41703123,-5.814697268125002e-08
-0.4450896984757491,-0.41740084,-0.41740084,3.0554199170751417e-09
-0.4510764197175336,-0.40737224,-0.40737224,3.748168941886121e-09
-0.4487738346245395,-0.39641345,-0.39641345,4.527282715383052e-09
-0.441635820836258,-0.3839156,-0.38391566,5.683914183762795e-08
-0.4266690177317966,-0.36439723,-0.36439723,2.2358703777314304e-09
-0.4059457518948503,-0.34487492,-0.34487492,1.5391540264531045e-09
-0.3863737786044009,-0.32999587,-0.32999587,-5.902099364796243e-10
-0.3610453425814663,-0.32035226,-0.32035232,6.370193483817843e-08
-0.2551264283037402,-0.21796389,-0.21796389,7.587814265797022e-10
-0.2622644420920218,-0.22346927,-0.22346921,-6.225589752051341e-08
-0.2638762516571176,-0.22627886,-0.22627886,3.6033248884681512e-09
-0.2631854761292194,-0.22813539,-0.22813542,2.7930183416069454e-08
-0.2574290133967343,-0.2235185,-0.22351854,3.4307517993159564e-08
-0.2452253124038658,-0.2211125,-0.2211125,-4.601478587051844e-09
-0.2291072167529075,-0.21855403,-0.21855403,-4.829139699236151e-09
-0.2076931753880629,-0.20766951,-0.20766951,-1.4374160750563192e-09
-0.1802924127814338,-0.18168734,-0.18168734,-1.403427096757781e-10
-0.8224833952174733,-0.8338775,-0.8338776,9.612808227199565e-08
-0.7437349850370768,-0.76759213,-0.76759213,-2.091522177671834e-09
-0.8086678846595089,-0.87035316,-0.87035316,-2.2886658124221526e-09
-0.6580788195776983,-0.6892234,-0.6892235,9.13009643443985e-08
-0.807516592113012,-0.7834025,-0.7834023,-2.025367736857575e-07
-0.5733436881555174,-0.60349274,-0.60349274,3.183593721978184e-09
-0.4948255364844204,-0.51628596,-0.516286,4.40940857160399e-08
-0.6120271177178174,-0.6866784,-0.68667823,-1.795764160705815e-07
-0.4153863507761259,-0.44101238,-0.44101244,5.749267578680772e-08
-0.3433154373654122,-0.36212325,-0.36212325,-9.61303703306271e-10
-0.2624947006013212,-0.273219,-0.273219,1.0627746571678642e-08
-0.1895027531534099,-0.18494074,-0.18494074,-4.661178665266164e-10
1.3166181561739954,1.2825655,1.2825655,-2.5489807153888933e-08
1.0076112366941945,0.8894977,0.88949776,-6.264663698907214e-08
0.6735061397007583,0.5595752,0.5595752,8.087153169356043e-11
0.3177567428331783,0.26795122,0.2679512,2.0273971557127624e-08
-0.0478937699342761,0.15706994,0.15706992,1.6394691465526634e-08
-0.3962748945042753,0.051191032,0.051191032,-6.716918687921236e-11
-0.6735061397007583,-0.041146398,-0.041146398,4.093627936629929e-10
-0.8208715856523773,-0.08971207,-0.08971198,-8.843852997153512e-08
-0.8254767558383654,-0.12515412,-0.12515412,-2.7102279587243316e-09
-0.0630908315480368,-0.05914758,-0.05914755,-3.1458091735714344e-08
-0.1287145066983671,-0.116979584,-0.116979554,-3.009786224417166e-08
-0.180983188309332,-0.1537088,-0.15370877,-3.0673484807675067e-08
-0.2148311891763444,-0.17029966,-0.17029966,-4.139747628029156e-09
-0.233942645448195,-0.17560045,-0.17560048,2.5788764956846677e-08
-0.2355544550132909,-0.17542751,-0.17542751,-1.3344192417719114e-09
-0.22427178805762,-0.17907618,-0.17907618,1.3797760156641914e-10
-0.2019367126555778,-0.18023728,-0.18023725,-2.8342247021528877e-08
-0.1819042223465296,-0.16578214,-0.16578214,1.294746393432078e-09
-0.6166322879038054,-0.5873051,-0.5873052,7.142562863382551e-08
-0.4823253941552571,-0.41807866,-0.41807866,-9.649658294641483e-10
-0.6035075528737395,-0.5688434,-0.5688435,7.567977899913814e-08
-0.5802514434344995,-0.5407872,-0.54078704,-1.8000122070649383e-07
-0.4195833105233847,-0.3683712,-0.3683712,1.1359405527322508e-08
-0.5516993882813734,-0.49255502,-0.49255502,-2.239685048532891e-09
-0.3724109520597627,-0.30064237,-0.30064237,-1.1776733477297796e-09
-0.5173908703957621,-0.44004875,-0.4400488,4.578475953920247e-08
-0.4793982163613604,-0.39720953,-0.39720935,-1.7510833738576537e-07
-0.3069037778437687,-0.25345433,-0.25345433,2.41668701717046e-09
-0.4377214261781681,-0.36896694,-0.368967,6.293487547770482e-08
-0.3935117923926824,-0.34181732,-0.34181732,6.0684202107808e-10
-0.2274882837600215,-0.187995,-0.187995,-1.673698429849324e-09
-0.3516047437001908,-0.30939806,-0.30939806,4.9234008536735985e-09
-0.6640655408194828,-0.6369635,-0.6369635,1.332855226188201e-08
-0.6408094313802429,-0.638937,-0.638937,3.5400390396844728e-09
-0.6180138389596019,-0.6512336,-0.6512336,-1.3491058381553955e-08
-0.5830145455460923,-0.6372761,-0.6372761,-1.3033294665731887e-08
-0.5510086127534752,-0.57507765,-0.5750777,4.7068786646065064e-08
-0.513936992756271,-0.5014531,-0.5014532,9.836502079529907e-08
-0.4692668419521866,-0.44816375,-0.4481637,-4.77874755877572e-08
-0.4186099699063175,-0.3940345,-0.39403456,5.510955808363249e-08
-0.3937420509019819,-0.34885406,-0.34885406,-4.941406228642364e-09
0.3334143214655379,-0.0071632266,-0.0071632564,2.97955383300047e-08
0.2166732572507397,-0.06376828,-0.06376828,-2.53269195893413e-09
0.1107543429730136,-0.19400512,-0.19400512,3.17966461493846e-09
0.0184206807439523,-0.2915668,-0.29156685,6.084976195142033e-08
-0.0550317837225577,-0.32555032,-0.32555038,6.223571774599534e-08
-0.1379248470703433,-0.32909608,-0.32909608,1.1273193489813593e-09
-0.1901935286813082,-0.33273703,-0.33273697,-5.859878537961549e-08
-0.249830482589854,-0.34595358,-0.34595358,-3.7173462086315112e-09
-0.3115397630820944,-0.35343242,-0.35343248,6.308410643862672e-08
1.72095209850375,1.7167051,1.7167048,2.8384704586770226e-07
1.4310566352957996,1.3616811,1.3616811,3.7063598856690305e-09
1.1519833220249212,1.0085437,1.0085437,2.9782104560283074e-08
0.895245084156085,0.5847112,0.5847112,-5.961608873228386e-09
0.6629142482729858,0.29481518,0.29481518,2.6858520407735398e-09
0.4549908143756234,0.19099712,0.19099714,-1.6281738290935266e-08
0.2682511633338064,0.13215952,0.13215949,2.6215324411271723e-08
0.1003927100545404,0.046441272,0.0464413,-2.8098869321591113e-08
-0.0490450624807731,-0.061741307,-0.061741307,-3.7781524436786285e-10
1.533751930443334,1.5954897,1.5954896,1.4037170403824462e-07
1.249843188477168,1.1827942,1.1827942,1.3294982892375629e-08
0.941296786015966,0.73928165,0.7392816,5.4357910173052915e-08
0.6069614305132305,0.41083455,0.41083455,8.575439247593408e-10
0.2496002240805545,0.20294785,0.20294784,1.4995727548594573e-08
-0.1183528737798939,0.115848,0.11584797,2.7367382054999112e-08
-0.462128828163905,0.0298395,0.0298395,7.848739609628286e-10
-0.7197881000699388,-0.041938677,-0.041938707,2.9569847105614944e-08
-0.8254767558383654,-0.10097884,-0.100978896,5.958280181739273e-08
-0.528673537351433,-0.5499848,-0.5499849,8.72634887683077e-08
-0.5160093193399656,-0.53350085,-0.5335009,4.97993468684399e-08
-0.5033451013284984,-0.51354766,-0.5135476,-5.892028809295624e-08
-0.4867664886589413,-0.4923675,-0.49236763,1.2397277832087994e-07
-0.4665037398405937,-0.46797055,-0.4679705,-5.006027220533227e-08
-0.4411753038176592,-0.44085187,-0.4408518,-6.719894407591909e-08
-0.411471956118036,-0.40554476,-0.40554476,2.1569824260048165e-09
-0.382459383946311,-0.36250508,-0.36250502,-5.831573485215458e-08
-0.3525257777373884,-0.32029337,-0.3202933,-6.690902709660662e-08
0.4172284188505211,0.44881958,0.44881958,-2.3060607867719796e-09
0.300487354635723,0.27736837,0.27736834,2.6718292245320185e-08
0.1943381818486974,0.15804216,0.15804216,2.6567840705205015e-09
0.0967085739057499,0.037392393,0.037392423,-3.024544525248585e-08
0.0103616329184732,-0.046808973,-0.046809003,3.004524994076885e-08
-0.0702288453363184,-0.12289719,-0.12289716,-3.283580779500639e-08
-0.1406879491819362,-0.20196833,-0.20196833,2.8353500380884356e-09
-0.2152917061949432,-0.23447852,-0.23447852,1.6331863361696008e-09
-0.2786127962522795,-0.26984757,-0.26984763,5.815017700694369e-08
2.0548269369878867,2.020171,2.0201707,2.2704772950632446e-07
1.909073300601364,1.8753859,1.8753859,-1.952972406016329e-08
2.051373059348395,2.0076678,2.007668,-2.2007751443453571e-07
1.8964090825898965,1.8613476,1.8613474,1.5611419668104531e-07
2.035254963697437,1.9954665,1.9954664,7.071838381556006e-08
1.882133055013333,1.8473082,1.8473083,-1.4112548818445703e-07
2.025353847797563,1.982176,1.9821761,-1.537643432580893e-07
1.8650939253251773,1.8330464,1.8330466,-1.6369018562834015e-07
2.008544976618706,1.9689064,1.9689064,2.587890568506168e-09
1.847364020109123,1.8187175,1.8187172,2.7970581051306453e-07
1.990815071402652,1.9564748,1.9564748,-1.896362311626376e-08
1.831936699986063,1.8043861,1.8043861,3.891601552119539e-08
1.9809139555027773,1.9440812,1.9440811,8.724822997407955e-08
1.817200155390901,1.7900608,1.7900608,-4.14093017653272e-08
1.955355260970544,1.9316993,1.9316992,7.597045903473543e-08
1.801312318249242,1.7760035,1.7760036,-1.2004241933816218e-07
1.9371648387358908,1.9190812,1.919081,2.1109008785380468e-07
0.5265021031509983,0.65182686,0.6518268,5.8520507772996666e-08
0.8467262684882458,1.0043563,1.0043561,1.6506805411431458e-07
1.0321162973797453,1.1652756,1.1652755,7.373046884140422e-08
1.1969481893889715,1.4496554,1.4496555,-8.637237547404197e-08
1.4085449700547104,1.8534604,1.8534606,-1.689010620253839e-07
1.4190035355295954,1.9763893,1.9763895,-2.110977173064299e-07
1.8081248233143192,2.0938509,2.0938506,2.510589598436752e-07
1.925124181295479,2.166123,2.166123,-8.663940409547877e-08
2.0218124288432,2.2416403,2.24164,3.2936096205915533e-07
2.081813725824892,2.2804961,2.2804961,2.0452880722388045e-08
2.174751721484161,2.3424652,2.3424652,-3.772277823443915e-08
2.267268747866478,2.4166498,2.4166496,2.1842041020292413e-07
0.8696863896238511,0.8955177,0.89551765,5.68710326609434e-08
-1.491614623241543,0.78189176,0.78189176,3.2102965841218634e-09
1.048366992840189,1.0716625,1.0716624,1.4520416269370173e-07
0.6085732400783262,1.1780196,1.1780196,4.282989496395828e-08
1.3668145112012655,1.3934376,1.3934376,2.3977661189888977e-08
1.507041943364603,1.5341258,1.5341258,4.901123062950319e-09
-0.8897188799328993,1.3329021,1.3329022,-1.2613983146891883e-07
1.635526191553671,1.6666061,1.6666061,-3.138885507070199e-08
1.749964670675475,1.7598641,1.7598641,-8.126830985943911e-09
1.8545020338974043,1.861673,1.8616729,9.747467033527357e-08
1.9519013833310528,1.954544,1.9545438,1.4817352300688924e-07
1.815588345825805,1.7574947,1.7574948,-1.1196594229545553e-07
1.458457397902429,1.4499377,1.4499378,-9.877471929264914e-08
1.8648636668158776,1.7946683,1.7946683,1.6841125383137978e-08
1.4978316029926269,1.4829656,1.4829656,-1.143035888162558e-08
1.908843042092064,1.8339858,1.8339859,-9.448852544835518e-08
1.537205808082825,1.5169039,1.5169039,-2.2741699190476083e-08
1.9519013833310528,1.8754693,1.8754693,2.6972961419957642e-08
1.5751984621172268,1.5542606,1.5542605,1.1153411860753693e-07
1.9921966224584484,1.9166621,1.916662,9.697723379886725e-08
1.611809565095832,1.5899986,1.5899985,1.0286712637253004e-07
2.035254963697437,1.9555459,1.955546,-9.774780274085515e-08
1.64749963403724,1.6263274,1.6263274,-4.560852140400584e-09
2.0753199443155337,1.9947891,1.9947892,-7.646484379009166e-08
1.6827291859600488,1.6640053,1.6640053,-2.0458984284488224e-08
2.112621822822037,2.0359504,2.0359504,2.2286987366726407e-08
1.7174982208642589,1.7045836,1.7045836,4.4866943271770765e-08
2.148081633254145,2.08136,2.0813603,-1.983001709504606e-07
2.0050910989792152,1.9573482,1.9573482,2.750091554482026e-08
1.616875252300419,1.6104211,1.6104211,-3.848419183327678e-08
2.02650514034406,1.9758872,1.9758874,-2.2062530513622391e-07
1.635526191553671,1.6282854,1.6282853,1.0802001959575591e-07
2.049991508292599,1.9946296,1.9946296,2.1505737413107795e-08
1.6576310084464136,1.6474806,1.6474805,1.0703277597556848e-07
2.071175291148144,2.0143366,2.0143366,-1.400146487640086e-08
1.6765122062089648,1.6671189,1.6671189,6.974792521319273e-09
2.0905170059292946,2.0340374,2.034037,3.5160827627223057e-07
1.6877948731646355,1.6848432,1.684843,1.8256378164771547e-07
2.111010013256941,2.0545945,2.0545945,1.6754150511388843e-08
1.699307798629606,1.7025585,1.7025585,1.7456054601794335e-08
2.130121469528792,2.0752215,2.0752215,3.854370111966432e-08
1.714274601734067,1.7168869,1.7168868,7.801361090464809e-08
2.1476211162355465,2.093306,2.093306,6.460571277955296e-08
1.731083472912924,1.7315811,1.731581,9.188079830302343e-08
2.1639694703958043,2.1113908,2.1113908,2.908630358788855e-08
1.6007571566494607,1.576987,1.5769871,-7.187805173280992e-08
1.4826345413788662,1.4663918,1.466392,-1.9816589347243507e-07
1.6668413488183895,1.6311454,1.6311454,-4.191436775435875e-08
1.5590803664662685,1.5097951,1.5097952,-1.3030548084991267e-07
1.7253270101804383,1.6729246,1.6729245,1.3779449470341376e-07
1.6148029257167245,1.5598316,1.5598316,1.926269521668189e-08
1.7900296512935712,1.7170149,1.7170151,-1.9120941163741634e-07
1.667532124346288,1.6099479,1.6099482,-2.8015441899675864e-07
1.8462127275626257,1.7652322,1.7652321,1.0539093020511814e-07
1.7200310644665522,1.6592062,1.6592063,-1.4803771963833867e-07
1.8950275315341,1.8187188,1.8187189,-1.0899200431069289e-07
1.7706879365124213,1.710573,1.7105728,1.5799255370652077e-07
1.9449936280520703,1.8732362,1.8732363,-1.2064819343571287e-07
1.819502740483895,1.7614413,1.7614413,4.998321534444017e-08
1.994729466060742,1.9282905,1.9282906,-1.1366424557124333e-07
1.866705734890273,1.8178349,1.8178349,-4.5874023468783776e-08
2.036866773262533,1.9789778,1.9789778,-5.844116302000657e-10
1.7798982768843976,1.7667866,1.7667868,-2.24682617178118e-07
1.6491114436023355,1.6355841,1.635584,1.1598205573726261e-07
1.814437053279308,1.8012192,1.8012192,2.492980955004498e-08
1.686413322108839,1.6710902,1.6710901,1.4524688718431378e-07
1.8351603191162549,1.8358203,1.8358203,1.7268371621526057e-08
1.7230244250874445,1.7035019,1.7035018,1.3977355961536375e-07
1.8913433953853087,1.86448,1.86448,1.8615722741088803e-08
1.7577934599916545,1.7301033,1.7301034,-1.4568176265328248e-07
1.927493981345316,1.893438,1.8934379,8.160552988911718e-08
1.7907204268214694,1.7601349,1.7601349,3.537902837358331e-08
1.951671124821753,1.9216454,1.9216454,2.908325136274925e-09
1.823417135141985,1.7909181,1.7909181,1.1801147392631606e-08
1.9875914522724605,1.949034,1.9490341,-1.24398803702519e-07
1.8568046189903984,1.8224429,1.8224428,8.921356209334874e-08
1.9977228266816345,1.9768114,1.9768113,1.0899658198226803e-07
1.890422361348112,1.8537662,1.8537662,2.926635822575463e-09
2.029498500964952,2.005163,2.005163,-4.5669555692740005e-08
0.6413179531122402,0.7004662,0.7004662,1.5610504111585044e-08
0.5222892699697509,0.5621132,0.5621132,2.5460052510695164e-08
0.389486748920114,0.41498992,0.41498992,-1.5296173216938769e-09
-0.2956519259404355,-0.26365048,-0.26365054,6.306747435402826e-08
-0.2652578027129141,-0.19024818,-0.19024818,3.5445022472657683e-09
-0.2141404136484462,-0.16789915,-0.16789915,3.3239364594095377e-09
-0.153121908684104,-0.13321821,-0.13321818,-3.391582489853384e-08
-0.0909521111732648,-0.094625846,-0.094625846,4.485092158779125e-10
-0.0290125721717249,-0.024539858,-0.024539858,-1.0279846071603593e-10
0.0326967083205154,0.047072366,0.047072366,-1.1998748522534797e-10
0.0990111589987439,0.11789149,0.11789149,4.594421371129087e-10
0.174766208558248,0.17396039,0.17396039,-2.2932434007305602e-09
0.2583500474339319,0.27539283,0.27539283,3.7185671208916915e-10
-0.4395634942525633,-0.38158065,-0.3815807,4.919357299293381e-08
-0.3718674925185384,-0.29153717,-0.29153717,4.358215344169025e-09
-0.4851546790938454,-0.49333167,-0.49333173,5.9238891625401635e-08
-0.2869021025870581,-0.21833085,-0.2183309,5.4763221735143475e-08
-0.1980223179974879,-0.138431,-0.13843097,-2.7729301466106193e-08
-0.1061491727870255,-0.17973904,-0.17973904,-3.1165695302259877e-09
-0.2364754890504885,-0.20102708,-0.20102702,-6.04166793816141e-08
-0.235093937994692,-0.20971508,-0.20971514,5.6758537286816235e-08
-0.0161180956509583,0.036843866,0.036843866,1.0984801956936963e-10
0.0458214433505815,0.10739679,0.10739679,-1.1048698483895336e-09
0.0718406549014142,0.1156711,0.1156711,-1.7677307118102448e-09
0.0552620422318571,0.09163653,0.09163655,-1.8945026394878717e-08
0.1545034597399004,0.1764805,0.1764805,1.8901824827555203e-09
0.2369360060690873,0.22328821,0.22328822,-1.1753768930367059e-08
-0.8031416804363232,-0.7719421,-0.77194196,-1.1906723018650922e-07
-0.6474226733470805,-0.61824805,-0.6182481,5.4555511441733984e-08
-0.6560064929940036,-0.61932474,-0.61932474,-3.747711141421917e-09
-0.51048311511678,-0.4740734,-0.4740734,-1.003417970935061e-08
-0.3792357648161193,-0.35890764,-0.35890758,-5.998031615828125e-08
-0.2566171374250464,-0.21511616,-0.2151161,-5.8127784724471e-08
-0.2528238432107462,-0.21911718,-0.21911724,6.048702239080939e-08
-0.3702556829534426,-0.34360904,-0.34360904,4.984893775539234e-09
-0.1365432960145469,-0.07874565,-0.07874568,3.1735115049724705e-08
-0.0283217966438267,0.039728463,0.039728492,-2.930392455774422e-08
0.0899670205187797,0.16126779,0.1612678,-1.2781906116865471e-08
0.0930244377569594,0.15881185,0.15881185,2.3359298662040118e-09
0.2070023998601647,0.22698617,0.22698617,-1.8493651054996008e-10
-0.0290125721717249,-0.013381541,-0.013381496,-4.477529907259692e-08
-0.3073951099147051,-0.21888186,-0.21888186,-3.75404346497632e-10
-0.0442096337854856,-0.020322114,-0.020322114,-2.2920227174538788e-10
-0.3009478716543218,-0.19606833,-0.19606833,-1.5992355217875343e-09
-0.0373018785065035,-0.004251793,-0.004251793,-2.6924133061934086e-11
-0.2843692589847647,-0.17069922,-0.17069922,-3.8759994380743734e-09
-0.0029933606208922,0.03608994,0.036089912,2.9859245298524684e-08
-0.2585803059432313,-0.15289904,-0.15289901,-3.177188873104697e-08
0.0389136880715993,0.07338546,0.07338546,2.1648788456340995e-09
-0.2286466997343087,-0.14823787,-0.14823787,8.565139708593961e-10
0.0909521111732648,0.099041894,0.09904187,2.4078254695636403e-08
-0.1899632701720087,-0.09989567,-0.0998957,2.898998260891794e-08
0.1478259629702177,0.14492705,0.14492702,3.46436309917042e-08
-0.1485167384981159,-0.067064,-0.067064,-2.1562576307809778e-09
0.2035485222206736,0.19187838,0.19187838,-1.6087341181414416e-09
0.2652578027129141,0.23695344,0.23695344,-2.6716613643618103e-09
-0.5659754158579364,-0.5343191,-0.53431904,-6.276412967132217e-08
-0.449004093133839,-0.43572688,-0.43572694,5.8972778327337494e-08
-0.4508953618949698,-0.43241543,-0.43241543,4.2225646867954936e-09
-0.6788020854146447,-0.66896415,-0.668964,-1.4756774902036085e-07
-0.3391707841980229,-0.32790166,-0.32790166,-1.396026627631386e-09
-0.5910735933715715,-0.58623564,-0.58623564,-2.4331665571253325e-09
-0.2519028091735486,-0.22109811,-0.22109817,5.99202346907024e-08
-0.5033451013284984,-0.5008601,-0.5008601,4.9758911435660025e-09
-0.1472261670985528,-0.09124075,-0.09124072,-2.876308441424058e-08
-0.1379248470703433,-0.094861075,-0.094861075,-2.8209685976055e-10
-0.0462819603691803,0.0015579015,0.0015579015,1.6555786689492757e-12
0.0398347221087969,0.11517012,0.11517012,1.1929321280801375e-09
0.1307874734190624,0.1849776,0.1849776,5.938911445957373e-09
0.1383853640889421,0.18205994,0.18205994,3.6759948696118983e-09
0.2196666178716319,0.23588498,0.235885,-2.0632743846782375e-08
0.3691043904069455,0.2732572,0.27325717,2.5949554449677947e-08
0.2023972296741766,0.22610301,0.22610301,-2.2065734794907144e-09
0.4259782422038984,0.4609502,0.4609502,-4.210662818415756e-09
0.1351617449587505,0.18866326,0.18866326,-8.514022820094169e-10
0.3592032745070712,0.37784117,0.37784117,4.6025085409517885e-09
0.0822022878198874,0.1698042,0.16980419,1.053005219131542e-08
0.3087766609705015,0.30657446,0.30657446,3.844299323318978e-09
0.0451306678226832,0.14591953,0.14591952,1.1583786013735775e-08
0.2772312451964831,0.27007586,0.27007583,2.763931272742326e-08
0.022795592420641,0.100679435,0.10067943,4.835910796807674e-09
0.2585803059432313,0.25973496,0.25973496,-1.5897369531892025e-09
0.0128944765207666,0.07080306,0.07080306,1.127662657696149e-09
0.2459160879317641,0.25140333,0.25140333,1.756591816448605e-09
0.0124339595021678,0.049053624,0.049053624,2.7234649951912715e-10
0.2475278974968599,0.23542517,0.23542519,-1.576370239897429e-08
0.0223350754020422,0.07939672,0.07939672,-2.7496528665071907e-09
0.2634157346385188,0.24084675,0.24084675,3.12042236494392e-09
-0.3380194916515259,-0.29651576,-0.29651576,-2.8059387036094563e-09
-0.2548961697944409,-0.21597295,-0.21597295,4.905891415329933e-09
-0.2537922571649708,-0.21191268,-0.21191274,6.330799101617046e-08
-0.1855883584953201,-0.1385162,-0.13851617,-3.256900787951267e-08
-0.1020045196196362,-0.06402694,-0.06402697,3.3111305239308386e-08
-0.0354095847378937,0.019774556,0.019774556,1.5997314584126343e-10
-0.0262494700601321,0.015719026,0.015719026,3.271331781851128e-10
0.0257889530415333,0.09280923,0.09280922,1.0089187624240381e-08
0.1086820163893189,0.14618598,0.146186,-2.075290680969566e-08
0.1718404183940504,0.19883941,0.19883941,1.1394882259985195e-09
0.1708518139001582,0.1970211,0.1970211,-3.0551910445986152e-09
0.2383175571248837,0.23787251,0.23787253,-1.8851547239906452e-08
-0.9779078889945714,-0.98348397,-0.9834841,1.2983474728667233e-07
-0.5351207756118163,-0.5221376,-0.5221376,1.76979064736571e-08
-0.2334821284295962,-0.23697792,-0.23697792,6.38198938140988e-11
-0.0179601637253535,-0.0048598647,-0.0048598647,-1.1761474606741817e-11
0.139997173654038,0.22031498,0.22031498,-4.467773373484363e-10
0.2772312451964831,0.37044084,0.37044084,7.21130377634438e-10
0.412623248664533,0.49660754,0.49660754,2.0379638532297406e-09
0.5365023266676128,0.57817715,0.57817715,4.064178438234478e-09
0.64196072392674,0.63885105,0.6388511,-5.3437805180855946e-08
0.7289984404419149,0.70041543,0.70041543,2.453155567572196e-09
0.4176889358691199,0.37124145,0.37124145,3.0975344511574576e-10
0.3490719000978974,0.27531376,0.27531374,2.4810562160304528e-08
0.0822022878198874,0.10451482,0.10451481,1.2363853454933071e-08
0.2912770142637468,0.29152945,0.29152945,-3.159713768408068e-09
0.0407557561459946,0.06924409,0.06924409,-3.257598871209133e-09
0.2443042783666682,0.28992468,0.28992468,1.1866760352141625e-09
0.0080590478254791,0.08554617,0.08554614,3.315530776315523e-08
0.2088444679345599,0.24092487,0.24092487,-4.99259950048625e-09
-0.0165786126695571,0.07095569,0.07095569,3.7217712384185475e-09
0.1819042223465296,0.20107979,0.20107979,-4.1761779867588444e-09
-0.0356900689414077,0.040639177,0.040639177,-3.524017189171502e-11
0.1609506980002838,0.15159552,0.15159552,-2.0070266837368678e-09
-0.0511173890644678,0.008628145,0.008628145,-1.3973236109854348e-10
0.1441418268214273,0.10730394,0.107303955,-1.5240268713689886e-08
-0.0642421240945338,-0.018574089,-0.018574059,-2.981187438924615e-08
-0.0764458250874023,-0.0269562,-0.02695623,2.9400329591006136e-08
-0.1356222619773493,-0.3688829,-0.3688829,5.48400880262534e-09
-0.084274614403582,-0.53862816,-0.53862816,-9.535217060374634e-10
0.0683867772619231,-0.26371616,-0.2637161,-6.12510681063938e-08
0.030163864718222,-0.36958355,-0.36958355,2.8846740551813355e-09
0.1597994054537868,-0.13385104,-0.13385107,3.357059477626656e-08
0.0764458250874023,-0.29801458,-0.29801464,5.879653930396245e-08
0.1920355967557034,-0.06102191,-0.06102188,-2.911769866886793e-08
0.0704591038456178,-0.2223681,-0.22236817,6.375400543601195e-08
0.1934171478114998,0.013759583,0.013759583,2.3478698672751985e-10
0.0373018785065035,-0.11321758,-0.11321761,3.266178130734154e-08
0.1798318957628349,0.04279068,0.04279068,1.1237335229008494e-09
0.0002302585092994,-0.062468633,-0.062468663,2.99443130499788e-08
0.162792766074679,0.05878669,0.05878666,3.023513794192523e-08
-0.0299336062089225,-0.04516539,-0.04516536,-2.9776229856781633e-08
0.1482864799888165,0.049247026,0.049246997,2.9443481444624275e-08
-0.052959457138863,-0.04009387,-0.04009384,-2.897087097303297e-08
-0.7552479105020471,-0.73256844,-0.73256844,-2.8215026981470714e-09
-0.6930781129912078,-0.68319494,-0.68319505,1.1467819216459674e-07
-0.5026543258006002,-0.46391618,-0.46391612,-6.251800538370489e-08
-0.4356490995944735,-0.4097075,-0.4097075,1.3370513918253835e-08
-0.2258835976227159,-0.17601539,-0.17601542,2.8054161077539774e-08
-0.190654045699907,-0.11762892,-0.11762889,-2.7098045349283062e-08
-0.011973442483569,0.08292989,0.08292989,-3.122463232418937e-09
0.0386834295622999,0.16624814,0.16624816,-1.7280731207103273e-08
0.1386156225982415,0.27289537,0.27289534,2.595344544831235e-08
0.2484489315340575,0.37500912,0.37500912,-4.89349338828049e-10
0.232791352901698,0.45526946,0.45526946,-4.090271010781521e-09
0.4455502154943478,0.5428693,0.5428694,-7.054748529800037e-08
0.6341319346105602,0.6794829,0.6794828,7.725448603057572e-08
0.8128125378268981,0.8349303,0.83493036,-5.928741453331554e-08
0.988499780422344,1.0146496,1.0146496,2.9592895467445146e-08
-0.4294321198433896,-0.41132188,-0.41132188,1.566772434014041e-09
-0.2924283068102438,-0.30100352,-0.30100352,4.279632592751881e-09
-0.1671676777513677,-0.17416866,-0.17416863,-3.1236763009534485e-08
-0.0290125721717249,-0.024232104,-0.024232104,-4.206619254321087e-10
0.1135174450846064,0.124627516,0.12462753,-1.4326362610117549e-08
0.0665447091875279,0.03783427,0.03783427,1.788597103757894e-09
0.2157522232135421,0.222931,0.222931,-2.389907827193838e-09
0.3076253684240045,0.28682306,0.28682306,4.088821392578268e-09
0.4209125549993116,0.34916556,0.34916556,-1.184997544534383e-09
0.5171606118864627,0.47593957,0.47593963,-5.814254760982962e-08
-0.4432476304013538,-0.4220931,-0.42209303,-6.339523317411278e-08
-0.3338946500934342,-0.27668524,-0.27668524,2.1154785145860444e-09
-0.2887441706614533,-0.21560349,-0.21560355,6.429653168216198e-08
-0.1625625075653796,-0.12074892,-0.12074892,-2.2288131756864615e-09
-0.0339005220210392,-0.063668564,-0.063668564,3.801726988772458e-11
-0.033617742357713,-0.029521897,-0.029521897,-4.351882951225683e-10
0.1601073788455185,0.1656586,0.1656586,-6.822204579037816e-09
0.0769063421060011,0.11089218,0.11089218,-3.371887213887703e-09
0.1934171478114998,0.23635773,0.23635773,3.6072921871799224e-09
0.3366740955320464,0.3261152,0.3261152,-9.017181390458262e-09
0.2940401163753396,0.3200981,0.3200981,2.0927429233985606e-09
0.4181494528877187,0.39556324,0.39556324,4.8196411306378195e-09
0.5587700341007404,0.5380531,0.5380531,-4.659271191087555e-09
0.5252196597119418,0.49482143,0.49482143,-7.473754948250644e-10
0.5632123137463436,0.5188825,0.5188825,1.3046264624172466e-08
0.2399293666899795,0.29049566,0.29049566,3.881301890995559e-09
0.5206144895259538,0.45942223,0.4594223,-6.927947998613959e-08
0.2086142094252605,0.30666664,0.30666664,2.4274444676564144e-09
0.4943650194658217,0.43911964,0.43911967,-3.2987518328031484e-08
0.1945684403579969,0.31063572,0.31063572,-4.276962284333052e-09
0.4796284748706598,0.42441607,0.42441607,-4.783935525498606e-09
0.1927263722836016,0.3060472,0.3060472,1.1566161917109241e-09
0.4766351142497674,0.41284978,0.41284978,3.897399902808019e-09
0.2000946445811826,0.3231302,0.3231302,-9.627532937539485e-09
0.4828520940008514,0.41624147,0.41624147,-3.000946047215791e-09
0.2178245497972367,0.348293,0.348293,6.420135478801825e-09
0.4992004481611091,0.43822083,0.4382208,2.8771591165099863e-08
0.2443042783666682,0.3811577,0.38115767,2.6247100826104486e-08
0.5270617277863371,0.4502517,0.45025164,5.849395751100772e-08
0.2763102111592855,0.40396535,0.40396535,3.965759276525205e-09
0.5629820552370443,0.501854,0.501854,2.475738503093794e-09
0.2065007140114384,0.5958649,0.5958649,-7.994079620488037e-09
-0.1224975269472832,-0.17505352,-0.17505346,-6.19907760679439e-08
0.0202627488183476,0.0015968531,0.0015968531,3.7016296495009926e-11
0.5295865029839576,0.7313695,0.7313695,-4.608154302587764e-09
0.1432207927842296,0.17665723,0.17665723,-3.3805847010626167e-10
0.7015580169003035,0.7710402,0.7710402,1.1871338356783667e-09
0.2459160879317641,0.34083286,0.34083283,2.9277725244192254e-08
0.3357169065585319,0.42685437,0.42685437,2.024536149836109e-09
0.8544785942398332,0.87018484,0.87018484,-1.2281798911217834e-09
0.4176889358691199,0.49536794,0.49536794,4.2405700617642594e-09
0.4897598492798335,0.55287606,0.55287606,-4.759368898987759e-09
0.6798613737865667,1.0168841,1.0168841,-1.1483764605912938e-08
0.551469129772074,0.6095383,0.60953826,5.6726684571906105e-08
-0.5666957055798015,-0.48161238,-0.48161238,-4.319305413336139e-09
-0.5081805300237859,-0.45502633,-0.45502633,1.4363097933234314e-09
-0.2818364153824712,-0.19999708,-0.19999708,-2.352638250879835e-09
-0.080820736764091,0.021555498,0.021555498,2.423782355376325e-10
0.1821362996349067,0.26469684,0.26469684,-3.5284423716142044e-09
0.1020045196196362,0.21561961,0.21561961,-1.2401199234179927e-09
0.0276310211159285,0.12822464,0.12822463,1.1084671014405245e-08
0.2705537484268003,0.36574507,0.36574507,-2.403564458575147e-09
0.775004357150215,0.77090174,0.77090174,-4.0267944534377875e-10
0.4243664326388026,0.49911505,0.49911505,-1.609802291469009e-10
-0.3214408789819688,-0.29113162,-0.29113162,4.361267069707964e-09
-0.0225489942277838,-0.0040663183,-0.0040663183,2.645568833448131e-11
-0.1169713227240975,-0.14998205,-0.14998208,2.993877409873669e-08
0.0446701508040844,-0.01937899,-0.01937896,-2.9934921264018755e-08
0.3686552365395366,0.35495704,0.354957,4.412460324898504e-08
0.1961802499230927,0.14012086,0.14012086,3.914489732359527e-09
0.3350261310306336,0.3072335,0.3072335,1.240158081783349e-08
0.5691390431634761,0.4947933,0.4947933,-4.139709464112684e-09
0.441635820836258,0.44294447,0.44294444,2.706771851102019e-08
0.7621677721960233,0.68303496,0.68303496,-3.5447692559031907e-09
0.5487060276604812,0.5667944,0.5667944,-4.55322268777536e-09
0.6408094313802429,0.6476356,0.64763564,-6.08908080623749e-08
1.001915082387144,1.000221,1.000221,1.4022827121706882e-08
-0.7151829298839506,-0.7105543,-0.7105543,-1.7387390416345738e-09
-0.3905253085402579,-0.4015935,-0.4015935,-6.336212166058175e-09
-0.4464712495315455,-0.4546908,-0.4546908,-1.4018249505642899e-08
-0.2056208488043683,-0.23485024,-0.23485024,-2.73395539540644e-09
0.0186509392532517,-0.030592173,-0.030592173,-3.3793640108470413e-10
0.2687698824666044,0.26992214,0.26992214,-2.739562965370368e-09
0.2254230806041171,0.18516602,0.18516602,-3.7789535389798345e-09
0.004605170185988,0.06098908,0.06098911,-2.8140411376109675e-08
0.4195310039435151,0.37797529,0.37797529,-4.946746845480021e-09
0.5989023826877513,0.5051246,0.5051246,2.8543853725082613e-08
0.8097367405741847,0.80577505,0.80577505,-3.651428270856627e-09
0.7531755839183524,0.6380736,0.6380737,-7.681961056160702e-08
0.884422934219013,0.829954,0.829954,2.8129577667179717e-08
-0.6569275270312013,-0.6861107,-0.6861108,1.2466506960073787e-07
-0.2122039970326264,-0.27106625,-0.27106625,1.5830993738141785e-09
-0.4526882292826294,-0.50138074,-0.50138074,-1.5962219324094917e-09
-0.2654880612222134,-0.32602257,-0.32602257,4.635162365040912e-09
-0.0911823696825642,-0.12535177,-0.12535177,-1.7123031603727412e-09
0.3588670335537373,0.33524764,0.33524767,-3.415863036870803e-08
0.069998586827019,0.06820455,0.06820455,1.935195920177435e-09
0.2192061008530332,0.28165615,0.28165615,-3.950500482297059e-09
0.3580519819605741,0.41011027,0.41011027,-4.983444212847132e-09
0.833120650996249,0.8281212,0.8281212,-1.4697265626750777e-08
0.4869967471682407,0.51354134,0.51354134,8.279419372314578e-10
0.6046588454202364,0.6198168,0.6198168,-1.9909667914319584e-08
1.4223068119424225,1.6079646,1.6079645,1.348953246882445e-07
1.4425695607607696,1.4059768,1.4059769,-1.2769165036452534e-07
1.4400367171584765,1.3857852,1.3857851,1.220535277290935e-07
1.242935433198186,1.2170852,1.2170854,-1.5772857664408946e-07
1.2392512970493956,1.1989412,1.1989412,3.0773925852045636e-08
1.031788380170632,1.0046992,1.0046992,3.0194091893420705e-08
1.0253411419102485,0.98097223,0.9809723,-6.95655822946506e-08
0.8215623611802756,0.7101093,0.71010923,6.346084591157819e-08
0.8068258165851137,0.67538613,0.67538613,8.09783906596806e-10
0.6094942741155239,0.43843418,0.43843418,3.597564690593913e-09
0.5866986816948829,0.42637044,0.42637044,1.913604719128159e-09
0.4066365274227485,0.3322109,0.3322109,-1.6006469483187402e-09
0.3748608531394307,0.31630468,0.31630468,3.685302729650175e-09
0.2162127402321409,0.17306915,0.17306916,-1.0744247436189625e-08
0.1752267255768469,0.15350576,0.15350576,-2.548942557023537e-09
0.0193417147811499,-0.041697085,-0.041697085,9.628296077091036e-11
-0.7462678286393702,-0.7278283,-0.7278283,-2.3841094987098188e-08
-0.64196072392674,-0.62561643,-0.62561643,-1.2362670887000604e-09
-0.5549230074115651,-0.47139156,-0.4713915,-5.8647155742885815e-08
-0.4577539164872163,-0.33680874,-0.3368088,5.890731813451566e-08
-0.3320327704097414,-0.24271713,-0.24271707,-6.19723129202665e-08
-0.2139101551391468,-0.11284371,-0.11284371,2.796134948579443e-09
-0.1054583972591273,-0.020100042,-0.020100012,-3.022393035845283e-08
0.0029933606208922,0.05320768,0.05320768,5.83000182852178e-10
0.1181226152705945,0.14241645,0.14241645,-2.5989532470571675e-09
0.2344031624667938,0.22917092,0.2291709,1.846466063382124e-08
-0.5581466265417567,-0.6050087,-0.6050087,-2.1351623580301293e-08
-0.4980491556146121,-0.51055825,-0.5105583,5.243377687591533e-08
-0.4315044464270842,-0.38162977,-0.38162982,5.496627808465604e-08
-0.3557493968675801,-0.2699927,-0.2699927,-9.159851099838079e-09
-0.2749286601034891,-0.17277162,-0.17277162,2.2298049795477226e-09
-0.1885817191162123,-0.09264828,-0.09264828,-2.6471328740118594e-09
-0.0932546962662588,-0.030462772,-0.030462772,3.458709707526708e-10
0.0082893063347785,0.05516398,0.05516398,-4.696655286906548e-10
0.1172015812333969,0.14251254,0.14251254,4.989585883352632e-09
0.2332518699202968,0.23149264,0.23149264,-1.4120483393664784e-09
-0.3638084446930592,-0.40496457,-0.40496457,3.769226097904976e-09
-0.2081536924066617,-0.30078012,-0.30078012,2.4882507165813195e-09
-0.3838409350021074,-0.44479793,-0.44479787,-6.310165406864243e-08
-0.2433832443294706,-0.333072,-0.333072,-6.702423116511369e-09
-0.4165376433226229,-0.50145775,-0.5014577,-5.079727172230264e-08
-0.2783825377429801,-0.36411405,-0.364114,-4.609680176459463e-08
-0.4388727187246651,-0.5540683,-0.5540683,-2.6950073284126574e-08
-0.3080858854426033,-0.42172694,-0.42172688,-6.206237790351565e-08
-0.4791679578520609,-0.6052763,-0.6052763,1.3397979725660036e-08
-0.3562099138861789,-0.48108894,-0.48108894,3.671112080994021e-09
-0.4998912236890073,-0.62492514,-0.62492514,3.433837880706392e-09
-0.3859132615858021,-0.5051039,-0.5051039,1.3872528126235295e-08
-0.5095620810795823,-0.63405997,-0.63406,3.438949580658601e-08
-0.4020313572367604,-0.5230003,-0.5230003,6.942746377802678e-11
-0.5263709522584389,-0.6472847,-0.64728475,6.343460079438756e-08
-0.464431413256899,-0.52526474,-0.52526474,9.76563274690534e-12
-0.5118646661725764,-0.52498966,-0.52498966,-4.554595922634519e-09
-0.3854527445672032,-0.38851535,-0.3885153,-5.3202819816355884e-08
-0.3456180224584063,-0.31240153,-0.3124016,6.687316894682382e-08
-0.4549908143756234,-0.44159007,-0.44159013,5.9275512720446955e-08
-0.4140047997203294,-0.35723966,-0.3572396,-6.360092164037212e-08
-0.5249894012026425,-0.48737603,-0.48737615,1.1574020386539985e-07
-0.4853849376031448,-0.4244359,-0.4244359,-1.356277468111955e-08
-0.5977510901412543,-0.5836091,-0.58360904,-6.415649411728452e-08
-0.5632123137463436,-0.5238802,-0.5238801,-8.369674686647954e-08
-0.6746574322472554,-0.6823117,-0.6823116,-1.1369552610496214e-07
-0.646565894112728,-0.6040128,-0.6040127,-8.734207157523599e-08
-0.7563992030485441,-0.7679452,-0.7679451,-7.040252680834413e-08
-0.7356759372115976,-0.6888577,-0.6888577,2.5401306169570148e-08
-0.8427461440358208,-0.84205407,-0.84205395,-1.1904220575953417e-07
-0.8284701164592577,-0.7938941,-0.79389423,1.1788986209460006e-07
-0.9341587722276844,-0.93234533,-0.93234533,-7.151794712001447e-10
-0.9279417924766006,-0.9187798,-0.9187798,9.59854129511939e-09
-1.0285647610404405,-1.026451,-1.0264511,1.0836944586145592e-07
-0.7144921543560525,-0.65373427,-0.65373427,3.24203486279373e-09
-0.6205466825618954,-0.54573613,-0.5457362,6.594772339330035e-08
-0.7329128351000048,-0.65429294,-0.6542929,-4.109344486913358e-08
-0.6362042611942549,-0.54863924,-0.5486392,-3.788070679355826e-08
-0.7580110126136399,-0.68602574,-0.68602574,1.2838745622190118e-09
-0.6649865748566804,-0.5836408,-0.5836408,-1.382751468881338e-08
-0.7900169454062572,-0.7391671,-0.7391672,1.0576934816874939e-07
-0.702288453363184,-0.62404376,-0.6240437,-6.268386842922524e-08
-0.8305424430429524,-0.81630534,-0.81630534,6.636047267249978e-10
-0.7464980871486696,-0.68483627,-0.68483627,1.5750122317470527e-09
-0.8738310427912405,-0.8848782,-0.8848781,-1.1817398071212182e-07
-0.8031416804363232,-0.7623053,-0.7623052,-1.1930923460301557e-07
-0.9295536020416963,-0.9547028,-0.9547028,5.4481505973313915e-09
-0.8669232875122583,-0.84332484,-0.84332496,1.199311828736782e-07
-0.9995521888687152,-1.0240655,-1.0240655,5.462646557319317e-09
-0.9422178200531636,-0.9462692,-0.9462691,-1.1415328982078421e-07
-1.0612614693609557,-1.0872171,-1.0872171,7.485961850406397e-09
-0.1570363033421939,-0.042521402,-0.042521417,1.4760200499341902e-08
-0.201476195636979,-0.051946685,-0.051946744,5.9281867983984604e-08
-0.2673301292966087,-0.09537019,-0.09537019,1.6445541317633428e-09
-0.3532165532652866,-0.1693952,-0.1693952,6.5423965411870455e-09
-0.4579841749965157,-0.27265453,-0.27265453,-3.3862304626985917e-09
-0.5809422189623978,-0.44446403,-0.44446403,2.1183776954813993e-09
-0.7207091341071363,-0.63020295,-0.630203,5.0952911334611883e-08
-0.8736007842819411,-0.81755394,-0.81755394,2.5648498880315174e-09
-1.0331699312264284,-1.0015193,-1.0015193,-2.239532470582617e-08
-1.089813524514082,-1.1575828,-1.1575826,-1.5985717771727082e-07
-1.1015567084883515,-1.158658,-1.1586581,7.235107424286014e-08
-1.083596544762998,-1.1486417,-1.1486418,9.448699955783013e-08
-1.0863596468745909,-1.1486953,-1.1486955,1.5030670175164573e-07
-0.8429764025451202,-0.8313014,-0.8313013,-9.112472532102345e-08
-0.9035343904908636,-0.87288076,-0.87288076,3.144989046965918e-09
-0.9631713443994094,-0.89494365,-0.89494354,-1.145372009458967e-07
-0.6292338548162925,-0.7766188,-0.7766188,2.1294403129701323e-08
-1.0262621759474462,-0.9401379,-0.9401379,-2.276382449206693e-08
-1.0902740415326806,-0.98293287,-0.98293287,4.38034053473757e-09
-1.1549766826458134,-1.0304898,-1.0304898,-2.36053465663133e-09
-0.7528971849657193,-0.8714351,-0.8714351,-5.800628644081485e-09
-1.217837255684551,-1.0832266,-1.0832264,-1.6154632564990834e-07
-1.26457973307233,-1.1397254,-1.1397253,-1.4670104975245124e-07
-0.8989420935395421,-0.9867185,-0.98671836,-1.1581863401666226e-07
-1.2793162776674918,-1.1876258,-1.1876258,3.4199523879507865e-08
-0.2309492848273028,-0.21679147,-0.21679147,4.121513352828288e-09
-0.2360149720318897,-0.32102573,-0.32102567,-5.91793823390141e-08
-0.2613434080548242,-0.42218858,-0.42218858,-3.6163350092266455e-11
-0.2997965791078248,-0.49501443,-0.49501443,9.075927787094429e-10
-0.3541375873024842,-0.5578919,-0.5578919,-5.307769779250293e-09
-0.4266690177317966,-0.6281721,-0.62817216,6.040969846576871e-08
-0.5203842310166544,-0.73316675,-0.73316675,-4.2457580784471816e-09
-0.6378160707593508,-0.8584389,-0.8584389,-9.053802485503581e-09
-0.7814973805621791,-0.9658671,-0.965867,-1.0214614865056149e-07
-0.9539610040274332,-1.0662338,-1.066234,2.4584197988453127e-07
0.0642421240945338,-0.010742828,-0.010742828,-2.499313360437849e-10
0.2818364153824712,0.25343117,0.25343117,1.1788177656235632e-09
-0.0854259069500791,-0.1399559,-0.1399559,6.8410873355073676e-09
0.1271026971332713,0.105183095,0.105183065,2.9739913934290207e-08
-0.2173640327786379,-0.2534976,-0.2534976,-5.554199322688191e-10
-0.0032236191301916,-0.030696541,-0.030696541,-7.093810955316471e-11
-0.323282947056364,-0.35417366,-0.35417366,-2.7832031124219725e-10
-0.125260629058876,-0.13199817,-0.13199814,-2.6441917405639614e-08
-0.414925833757527,-0.4440006,-0.4440006,-1.7684936293171916e-09
-0.2067721413508653,-0.16735189,-0.16735189,3.3699417145705013e-09
-0.4927532099007258,-0.50817335,-0.5081734,5.3480529782490294e-08
-0.2687116803524051,-0.21301673,-0.2130168,6.647281647342851e-08
-0.5328181905188222,-0.55122685,-0.5512269,4.567565914381788e-08
-0.311309504572795,-0.25376552,-0.25376558,5.656631468786699e-08
-0.5473244766046848,-0.55638,-0.55638003,5.6111602808606165e-08
-0.3327235459376396,-0.2827654,-0.2827654,1.1511230468830291e-08
-0.5470942180953853,-0.5467293,-0.5467293,-2.6248168971676478e-08
-0.2888827930282998,-0.26581806,-0.26581806,5.555725324235539e-10
-0.2994847845709323,-0.3017069,-0.3017069,-1.0133361816322406e-08
-0.2946395530192797,-0.31704015,-0.3170402,5.4602813714943466e-08
-0.2934319044323878,-0.32334977,-0.32334983,5.611618042467015e-08
-0.2908872034007292,-0.3530509,-0.35305083,-5.758468629712965e-08
-0.2834244821991397,-0.3821159,-0.3821159,-5.165100014359325e-10
-0.2656596884172882,-0.4190113,-0.41901124,-5.484176635039972e-08
-0.2436013932166059,-0.39381284,-0.39381284,4.783477780545553e-09
-0.2091173795811177,-0.31724364,-0.3172437,6.434555055445657e-08
-0.1517535552275368,-0.23287909,-0.23287909,2.671089183170494e-09
-0.0753703070247766,-0.13813971,-0.13813974,3.0169715892203186e-08
0.0340148785872776,-0.03495951,-0.034959465,-4.4968757627328326e-08
-0.2452253124038658,-0.08029641,-0.08029638,-3.2110328673784494e-08
-0.1825949978744278,0.023635551,0.023635551,3.334274280286653e-10
-0.0315454157740184,0.16910717,0.16910718,-1.1087112422591971e-08
0.1098333089358159,0.24643117,0.24643117,1.894073481389924e-09
0.1973315424695897,0.26952973,0.26952973,8.155820463429109e-11
0.2226599784925242,0.2120407,0.2120407,-7.432174681243353e-09
0.2235810125297218,0.121786945,0.121786974,-2.9431842810123676e-08
0.1952592158858951,0.041549936,0.041549966,-3.0063072205266383e-08
0.1195041663263909,-0.021576285,-0.021576315,2.963775634634569e-08
-0.0267099870787309,-0.112770215,-0.112770215,3.231429984706935e-10
-0.1743056915396492,-0.17818962,-0.17818959,-3.037563323093906e-08
-0.1340104524122534,-0.085252956,-0.085252926,-2.9555915825874024e-08
-0.0826628048384862,0.019229218,0.019229248,-2.963623809901228e-08
-0.0257889530415333,0.12916021,0.12916021,4.902267480844102e-10
0.0425978242203898,0.24791534,0.24791536,-1.7549858094545456e-08
0.1192739078170915,0.37033266,0.37033272,-6.170913696701419e-08
0.2000946445811826,0.4876083,0.4876083,1.3560485845331982e-08
0.2786127962522795,0.54128486,0.54128486,-8.195495393437113e-10
0.3658807712767539,0.548667,0.5486671,-8.635482784402626e-08
0.4807797674171568,0.5366093,0.5366093,-7.969665483109623e-09
2.247783567780788,2.0686083,2.0686083,-1.6003418146226522e-08
1.999795153265329,1.773884,1.7738842,-1.420013426844946e-07
1.7458200175080856,1.4845293,1.4845294,-1.43179321288045e-07
1.4879304870927526,1.2351707,1.2351706,1.2200775145743137e-07
1.221291133324042,1.0353254,1.0353254,7.981872496287679e-09
0.9620200518529124,0.7946103,0.7946104,-7.847824101681056e-08
1.0055389101105,0.73225474,0.73225474,3.5760497896220045e-09
0.6986043172143935,0.5744303,0.5744303,-1.3115692087950492e-08
0.430813670899186,0.34337547,0.34337547,4.2145538170501595e-09
0.1289447652076665,0.12128236,0.12128236,1.4478111209914601e-09
0.3624268936372628,0.3267048,0.3267048,1.2893675016556472e-10
0.2908164972451479,0.25952622,0.25952622,2.9442596694018164e-09
0.2783825377429801,0.21897453,0.21897453,6.968688959219094e-10
0.2272651486785123,0.18065315,0.18065314,1.4850006113675818e-08
0.2065418828415659,0.1324639,0.1324639,2.2350311323915406e-09
0.1515100991190082,0.086525686,0.08652566,2.608522414737635e-08
0.0810509952733904,-0.008079752,-0.008079752,-3.260116569064886e-10
0.0170391296881559,-0.10238327,-0.10238327,-8.597183243086448e-10
-0.0345387763949106,-0.19490437,-0.1949044,2.7903938298878828e-08
-0.061479021982941,-0.2698995,-0.2698995,1.2504577651117899e-08
-0.0870377165151749,-0.26981896,-0.26981902,5.8379669209962515e-08
-0.0782878931617975,-0.25617003,-0.25617003,-4.4085693429174455e-09
-1.074521567784848,-1.0117708,-1.0117708,-4.445953361020827e-08
0.3098520674033154,0.36566442,0.36566442,2.512054453340795e-09
-0.1272953240243426,-0.14583485,-0.14583485,1.7152786135898879e-09
-0.5560778698270398,-0.5654628,-0.5654627,-1.2768249513239738e-07
-0.8631934315221144,-0.81904954,-0.81904966,1.228181457646471e-07
-0.3787896722812857,-0.44846404,-0.44846404,4.0121460043174295e-09
-0.5474319394701547,-0.57766503,-0.577665,-3.095626832649856e-08
-0.4117418125275306,-0.48306316,-0.48306316,-1.3731384362891674e-09
-0.5761129393399982,-0.61677206,-0.6167721,4.4374084517961876e-08
-0.2192206980463452,-0.26321918,-0.26321912,-5.772293093508907e-08
-0.3042163582784197,-0.3813011,-0.38130116,5.497756955241684e-08
-0.1103642694963244,-0.13102181,-0.13102181,-2.558174144740022e-09
-1.0983930921225469,-1.0415264,-1.0415264,-3.680572513431457e-08
-0.3953685560763372,-0.51639533,-0.51639533,-4.2907710717798864e-10
-0.5661891873290715,-0.6554045,-0.65540445,-5.811386105669669e-08
-0.7775787435456228,-0.80297023,-0.8029701,-1.3057937620075677e-07
-0.8763282645917433,-0.86931163,-0.86931175,1.1927413945400644e-07
-0.7808767685756774,-0.79405224,-0.79405224,-3.23272708602218e-09
-0.6676107606827902,-0.7152093,-0.7152093,-5.286407422921968e-09
-0.7599735507344241,-0.77608883,-0.77608895,1.1619110107385922e-07
-0.5625398880061425,-0.61845523,-0.61845523,-1.189727760753101e-09
-0.6334960994718839,-0.67672086,-0.67672086,2.3797607218156713e-09
-0.4978399385907013,-0.5639013,-0.5639013,-5.198669383865706e-09
-0.285867750214208,-0.3541987,-0.3541987,5.770874000887716e-09
-1.1740525312820422,-1.1784807,-1.1784807,-4.436187750478382e-08
-1.153040117524628,-1.0986679,-1.0986679,3.9968871989870536e-08
-1.1036263594356917,-1.0899678,-1.0899678,-4.687042243212147e-08
-1.087944983688992,-1.1063544,-1.1063544,4.418792731719634e-08
-1.0416536302039816,-1.065292,-1.0652922,1.9922943117478553e-07
-0.9986708030555757,-1.020176,-1.0201759,-1.5304718026243336e-07
-0.9771900154559534,-0.9991141,-0.9991141,3.835296635834595e-09
-0.8791983216511091,-0.92462116,-0.9246213,1.3520126340704763e-07
-0.8502516631566339,-0.88346857,-0.88346857,1.6749572839813709e-09
-0.7535476848469735,-0.8165265,-0.8165265,2.7431488081042232e-08
-0.6139032733684816,-0.6881673,-0.6881673,2.6001739539260882e-08
-0.3446622666483012,-0.41327828,-0.41327822,-6.168869021161427e-08
-0.8094450133609463,-0.62443197,-0.6244319,-6.773529048764715e-08
-1.0997470774398677,-1.0717703,-1.0717703,-1.0401916439306547e-08
-0.993316040560638,-1.047003,-1.0470031,6.922302242529099e-08
-0.660358191734319,-0.7774813,-0.7774813,-1.7520141559757008e-08
-0.6881199018100748,-0.8310527,-0.8310526,-1.205467223819312e-07
-0.7681833343855935,-0.91874844,-0.91874844,1.6416931147844593e-09
-0.7116491477618315,-0.861069,-0.861069,-2.3609161403648216e-08
-0.5679980749105991,-0.6949671,-0.6949672,1.0891647339583699e-07
-0.7485894961331756,-0.884726,-0.884726,1.2088775647178807e-08
-0.6406810686991959,-0.7902363,-0.7902362,-9.426956171232348e-08
-0.4944185545141236,-0.63720274,-0.63720274,2.844238178312253e-10
-0.2467557361798212,-0.2680626,-0.26806265,5.844726563841718e-08
-0.9662418158744336,-0.9447314,-0.9447314,-1.4318084717857005e-08
-0.4159046720352913,-0.55900025,-0.5590003,4.6322631841455575e-08
-0.8762337446717883,-0.8767316,-0.8767317,1.2546463012963471e-07
-0.7538459800493214,-0.80314916,-0.80314916,-3.722991914756335e-09
-0.5348687805448079,-0.6223302,-0.6223302,1.1248779241412876e-08
-0.7461187340356563,-0.7885203,-0.7885201,-1.7654647832543446e-07
-0.6487728613507653,-0.70371205,-0.7037119,-1.4614639287646725e-07
-0.6812171667076834,-0.7288602,-0.7288602,5.485534249061175e-10
-0.4926906519409108,-0.5298219,-0.529822,1.2728881837453798e-07
-0.5819615110363026,-0.62020063,-0.62020063,-4.002685516368842e-09
-0.4226332300265557,-0.3937146,-0.3937146,-6.761932347387756e-09
-0.2598164752268315,-0.22664256,-0.22664262,5.6060905445631803e-08
0.4562409632885006,0.4580562,0.4580562,1.1471557592734882e-08
-0.1242861771755162,-0.17414053,-0.1741405,-2.784442901249129e-08
0.1336639007862961,0.12889932,0.12889934,-1.903995514029866e-08
0.2772923838348787,0.30983362,0.30983362,-3.98170468818293e-09
-0.0245162889678338,-0.043392688,-0.043392688,-3.596496711555375e-11
0.1061336846169703,0.123106174,0.12310618,-5.829029078863179e-09
0.150669681298788,0.19003776,0.19003776,-2.8417205810704615e-09
0.1149596386612833,0.15466362,0.15466362,2.3793029768626184e-09
0.2006781022392349,0.25265145,0.25265145,3.0181884769220346e-09
0.0506848921767975,0.08734195,0.08734195,-6.563186660812903e-10
0.1199519331767466,0.14984545,0.14984545,1.116561898495405e-09
0.100888205108284,0.094786994,0.094786994,1.5922164975368247e-10
0.4734621276047671,0.4668107,0.4668107,3.277587867778209e-09
-0.4166651763074235,-0.44628137,-0.4462813,-7.350082398271951e-08
-0.2570665788171343,-0.2879641,-0.2879641,-5.606079100939354e-09
-0.0234721647317758,-0.06604551,-0.06604551,2.211341859625904e-09
0.2269339593434795,0.16404404,0.16404404,-2.5387191793235786e-09
-0.0824721218264249,-0.11101328,-0.11101328,1.6348648129715926e-09
0.0286218396236378,-0.013175368,-0.013175324,-4.430902099568368e-08
-0.1248141017787342,-0.1581016,-0.15810157,-3.338878631908848e-08
0.0084823365426862,-0.0275653,-0.02756524,-6.046463012568393e-08
0.1167843136751197,0.06244099,0.06244099,1.4016723615117854e-09
0.0449478318569828,-0.003135264,-0.0031352341,-2.9819830322467406e-08
0.0346175075846361,-0.020337582,-0.020337552,-2.9634521486049392e-08
0.6557762344847042,0.622647,0.622647,-1.2561798046206718e-08
0.5942972125017633,0.5664619,0.566462,-7.926177980621674e-08
0.571274280807784,0.536253,0.536253,-2.4536132792185583e-08
0.532127414990924,0.5122688,0.51226884,-5.833801264287786e-08
0.4966653387417843,0.472916,0.472916,7.0419311493097325e-09
0.4699576174800848,0.46495432,0.46495432,-3.3839416269110245e-09
0.4444639386498016,0.4209267,0.4209267,-9.898376451822344e-09
0.1492075140260141,0.09244368,0.09244368,2.2533607479946482e-09
0.3909484357534166,0.36301315,0.36301315,-1.6921997136876143e-09
0.3453877639491068,0.33224064,0.33224064,1.117095971281401e-09
0.3303320862886574,0.3038904,0.30389038,2.7085418685679485e-08
0.2781522792336807,0.26879913,0.26879913,-3.851776120278316e-09
0.2672564951718486,0.24933353,0.24933353,6.644439720648876e-10
0.2127588625926498,0.19037779,0.19037779,-3.244438162575136e-09
0.1905227754295041,0.14931607,0.14931607,2.4639892626243665e-09
0.1462141534051219,0.108271755,0.108271755,2.781105068461187e-10
0.1455066376371304,0.09532337,0.095323384,-1.5093025204637733e-08
-0.8874162948399054,-0.8510527,-0.8510527,-1.4732360886782203e-09
-0.562291279709146,-0.5893383,-0.58933824,-6.261230467430323e-08
-0.8114309867711017,-0.75860864,-0.75860864,7.597350526467039e-10
-0.4630498622011026,-0.47888875,-0.47888875,-7.629397114072844e-11
-0.718176290504843,-0.68803054,-0.68803054,-9.431457836939217e-10
-0.3453877639491068,-0.36567277,-0.36567277,2.837676982281323e-09
-0.611796859208518,-0.626954,-0.6269541,8.093032832778846e-08
-0.2355544550132909,-0.30291414,-0.3029142,5.7391357444203095e-08
-0.5178513874143609,-0.5551396,-0.5551396,-1.2306213825752366e-09
-0.132628901356457,-0.22306226,-0.2230622,-6.193904877882517e-08
-0.4372609091595693,-0.4526016,-0.4526016,-1.1614227302114699e-08
-0.0573343688155517,-0.10267757,-0.10267757,1.206703181821922e-09
-0.3621966351279634,-0.3461243,-0.34612423,-6.141998293296425e-08
0.0039143946580898,-0.025413543,-0.025413513,-2.998591613900814e-08
-0.2951914089218367,-0.2633785,-0.2633785,-9.384155119640525e-10
0.0508871305551684,0.01838027,0.0183803,-3.0591773985538806e-08
-0.2378570401062849,-0.20509036,-0.20509042,6.114665984657819e-08
-0.8746690571833357,-0.13088487,-0.13088484,-3.0886802671048486e-08
-0.8603830999358592,-0.19199763,-0.19199763,-2.3843002294743343e-09
-0.807436326962073,-0.24923636,-0.24923636,-1.9229889902661057e-10
-0.7194911558995473,-0.2809698,-0.2809698,1.435089103107856e-09
-0.616186139423817,-0.25348127,-0.2534812,-6.88827514472301e-08
-0.49593701127224,-0.18815826,-0.18815829,3.1204261785600096e-08
-0.3871341514234409,-0.13094388,-0.13094385,-2.94851303095367e-08
-0.279713902802604,-0.061343387,-0.061343357,-2.976929473763601e-08
-0.1335313926245226,-0.017468035,-0.01746802,-1.522109985274689e-08
-0.0232686269393543,0.007714525,0.007714525,-1.3484954819453776e-10
0.0459289318883997,0.022146761,0.022146761,4.173889150971277e-10
-1.4054979407635655,-1.5158881,-1.5158881,5.0979613863688655e-09
-1.3285915986575645,-1.4362576,-1.4362576,-7.84301734668702e-10
-1.221291133324042,-1.3394302,-1.3394302,-1.2974548324606872e-08
-1.1098460148231302,-1.220183,-1.2201829,-1.1486968998219993e-07
-0.9523491944623376,-1.0831639,-1.083164,1.4253997804303253e-07
-0.7755106593203946,-0.91285115,-0.9128513,1.4519577029581399e-07
-0.5802514434344995,-0.7308943,-0.7308943,-2.716369629229831e-08
-0.3785449892882211,-0.48135048,-0.48135048,-1.510162328521858e-09
-0.1745359500489487,-0.25792587,-0.25792593,6.196563723248616e-08
0.0354598104321083,-0.03627579,-0.03627579,8.583450339383347e-10
1.1464571178017355,0.9793742,0.97937423,-5.969665528571255e-08
1.1344836753181664,0.8974158,0.8974158,1.678390504356031e-08
1.1202076477416032,0.80696595,0.80696595,-2.8488159609096897e-09
1.0914253340791775,0.7035338,0.70353377,5.825851445706576e-08
1.0474459588029916,0.5910394,0.5910394,1.917419434338541e-08
0.4305834123898865,0.4470561,0.4470561,1.4673614490146036e-08
0.9820525421619606,0.4692821,0.4692821,-9.336090067701974e-09
0.8729100087540428,0.34195942,0.34195942,-3.133697523693968e-09
0.7163342224304476,0.20786414,0.20786414,-4.49623108189634e-09
0.4298926368619883,0.06235519,0.06235522,-2.948448181439023e-08
-0.3240117692851432,-0.31777692,-0.31777686,-5.841125488847965e-08
-0.92195871693472,-0.95053464,-0.95053464,-1.7427063125907694e-09
-0.6146610609633383,-0.6256642,-0.6256642,2.5443267825941973e-08
-0.413983277123769,-0.45925844,-0.45925838,-5.715667722450135e-08
-0.7436271911529105,-0.7670806,-0.7670806,-5.0300598131158836e-09
-0.5265192451197024,-0.5589675,-0.55896735,-1.2112274172526583e-07
-0.4481979840215454,-0.4789465,-0.47894657,6.302291871707055e-08
-0.4032773703460539,-0.4352103,-0.4352103,1.2429046625239693e-08
-0.485245897641962,-0.53801286,-0.53801286,-2.2055053339187225e-09
-0.3296125907521655,-0.34603453,-0.34603447,-5.6824951188971795e-08
-0.2238641386352404,-0.21999918,-0.21999921,3.0755958557726615e-08
-0.0476302099163141,-0.07358636,-0.07358639,3.0379905702204724e-08
0.7269261138582204,0.53354436,0.5335444,-3.840866091842088e-08
1.0102592095511378,0.7277054,0.7277055,-8.093643188988864e-08
1.2469649571109254,0.91131335,0.9113133,5.496902466539666e-08
1.4429149485247188,1.1069008,1.1069008,1.1195373517125518e-08
1.610658272549335,1.3230889,1.3230888,8.435363763048542e-08
1.2477708618934735,1.436021,1.4360211,-1.296554565932695e-07
1.764586086015987,1.48046,1.48046,4.772186268375833e-08
1.8952577900433991,1.6255674,1.6255677,-2.6378173823005113e-07
2.01890660953718,1.7952907,1.7952907,8.541870100131632e-09
2.135762803006627,1.9620811,1.9620812,-1.2528533943623188e-07
3.3636163038457023,3.1971846,3.1971846,-3.7316894463401695e-08
3.48818615737668,3.2619,3.2619002,-2.518798827289004e-07
3.560487329296693,3.3081594,3.308159,3.51348877103419e-07
3.583052663208035,3.3507402,3.35074,1.9432067865921e-07
3.5367707028388544,3.3582382,3.3582377,5.202148436467269e-07
3.43407540769132,3.3381088,3.3381088,-2.200012216846403e-08
3.338057609313468,3.2801445,3.2801445,-4.695129396381503e-08
2.5473498883793133,2.334218,2.3342183,-2.7479248032591386e-07
3.208652327087203,3.2250376,3.2250378,-2.2523193354828663e-07
2.453174158075856,2.288076,2.288076,-7.608032248640484e-08
3.084773249084123,3.1133397,3.1133394,2.625518797927384e-07
0.9290930850230976,0.86614627,0.8661463,-3.3539581334451896e-08
1.142312464634346,1.0995587,1.0995587,1.105194091799433e-08
1.357143653810691,1.2377135,1.2377136,-1.4384613034046367e-07
1.5768102716823225,1.3916074,1.3916075,-9.624481212000546e-08
1.3057960062369236,1.1055014,1.1055013,1.1334533689399962e-07
1.801312318249242,1.574672,1.574672,-1.628112800133863e-08
2.0292682424556525,1.7840081,1.7840081,4.5332336329195755e-08
2.2565333911341647,2.0090287,2.009029,-3.2682800288341696e-07
2.4801144036638867,2.2829494,2.2829494,4.76318358089145e-08
2.696327143896028,2.5261173,2.526117,3.248291013946414e-07
1.0083228173206489,1.0496564,1.0496564,-8.85620110580021e-09
1.1092224677801252,1.221121,1.221121,-4.6440124412683303e-08
1.3578841697480888,1.4716985,1.4716985,2.2567749002888604e-08
1.6074359097634274,1.6908609,1.6908609,-3.249969493523963e-08
1.752325399982648,1.808061,1.808061,3.684997640363008e-09
1.798072831284647,1.8490244,1.8490244,1.501617430399449e-08
2.007273993377773,2.0420387,2.0420387,-2.0877075179726035e-08
2.213863162933241,2.261621,2.261621,-1.6174315220496283e-09
2.4046000184007754,2.4518743,2.4518743,-4.386596685890254e-08
2.5310743306330075,2.5684822,2.5684824,-2.394317628606757e-07
3.4741403883094164,3.3849537,3.3849535,2.3725891118431264e-07
3.72834052299485,3.6142447,3.6142447,-5.218505627624381e-10
3.4246348088100445,3.2954814,3.2954817,-2.5659484848006286e-07
3.662535478774336,3.5182142,3.5182145,-2.7423095705358946e-07
3.3615439772620075,3.203798,3.2037978,2.5564880390405165e-07
3.584906863730958,3.4190211,3.4190211,2.960815415065099e-08
3.2897033223605936,3.1169894,3.1169894,-2.5839233419588936e-08
3.516607233172983,3.341238,3.341238,2.185058578518806e-08
3.2118759462173947,3.0324335,3.0324335,9.826660374301355e-09
3.4193646856176043,3.239673,3.2396724,4.992462159236766e-07
3.1280618488324112,2.9466271,2.9466271,4.004516584998896e-08
3.34533224882076,3.1643186,3.164318,5.615539548919912e-07
3.033886118528955,2.8588758,2.8588758,-4.850463852790199e-08
3.2228678461377385,3.0537848,3.053785,-1.527404784873454e-07
2.922671258537343,2.77172,2.77172,-6.744384783985424e-08
3.120159851929043,2.971797,2.971797,-1.0559082053163138e-08
2.788660806125089,2.6837244,2.6837246,-1.966186524704483e-07
3.0081547935525483,2.8731184,2.8731182,2.005737305132982e-07
3.463087979863045,3.3772967,3.3772967,-1.382751468881338e-08
3.6768068728796672,3.5899215,3.5899215,-2.554321287817629e-08
3.405293094028895,3.284576,3.284576,-6.082153314324046e-08
3.625673378210144,3.509698,3.509698,-8.58764650502053e-08
3.3445048475738512,3.192288,3.192288,-7.809448243634165e-08
3.530176762918616,3.3762527,3.3762527,-4.8785400608153395e-08
3.27957194795142,3.104186,3.1041858,2.580444333766252e-07
3.459780705761053,3.2897053,3.289705,2.764892577111766e-07
3.207501034540706,3.0229433,3.0229433,-4.1714477649890114e-08
3.3908102887756684,3.2153013,3.2153018,-5.247467043112408e-07
3.126680297776616,2.9426796,2.9426796,4.3630981494402477e-08
3.326473835466219,3.1565573,3.1565578,-4.784515379441245e-07
3.030432240889464,2.8578765,2.8578765,3.923034652686397e-08
3.217274543501227,3.0640025,3.0640028,-2.861145018684397e-07
2.918987122388552,2.7719047,2.7719047,6.954956166538295e-09
3.1072736482868986,2.95964,2.95964,2.6092529470389536e-08
2.7854371869948973,2.6762593,2.6762593,-2.074890126380069e-08
2.990719731730447,2.8531377,2.8531377,3.155212402461416e-08
5.021938087820014,4.910406,4.910406,1.1267089838895572e-07
6.416405431716803,6.3711042,6.3711042,4.041748002947543e-08
4.697273589707854,4.599049,4.599049,9.133911138548001e-08
6.006106823844852,5.996854,5.996854,-1.7156982412558364e-07
5.609105427714293,5.6242127,5.6242127,4.185180646487652e-08
4.393332357432639,4.276282,4.2762814,4.3364868140827184e-07
5.216022123821206,5.1887374,5.1887374,-7.574462834725182e-09
4.05692467534621,3.9658792,3.9658792,1.889038259150766e-09
3.733871986799145,3.6553388,3.6553388,-3.5809326170976874e-08
4.799090878625398,4.7335143,4.7335143,8.929442962823941e-09
4.416428061391214,4.323001,4.323001,-9.210205043075348e-08
3.418878346077559,3.3387752,3.338775,1.579284667485581e-07
4.007333185232471,3.951431,3.951431,3.599548348276471e-08
3.085694283121321,3.0214722,3.0214722,1.5652465990001474e-08
3.6216707044204863,3.5906122,3.5906122,-2.6919555473625678e-08
2.775075554076424,2.6932852,2.6932852,2.682189936820123e-08
3.2228678461377385,3.2172384,3.2172384,2.6208496262114522e-08
2.4547859676409525,2.3753219,2.3753216,2.650817871874267e-07
0.3767029212138259,0.38848525,0.3884852,5.285720827696849e-08
0.5588374020696549,0.53694165,0.5369416,4.752960203191492e-08
0.7476493796951666,0.65362376,0.65362376,-2.5344848442188095e-10
0.93968497645087,0.82702726,0.82702726,1.25717158905303e-09
1.13701651892046,1.0184723,1.0184724,-8.611907964528598e-08
1.3382624560481395,1.2663398,1.2663398,-2.1099853420025738e-08
1.5477976995105978,1.4379779,1.4379777,2.1004180905670466e-07
1.7623986301776426,1.6386954,1.6386954,-4.076995852031473e-08
1.97607852680749,1.8333905,1.8333904,7.431945792113481e-08
2.181929634121158,2.039962,2.039962,5.329895014227759e-08
2.2597819706687363,2.336137,2.3361368,2.5635070821650174e-07
2.00324903090482,2.020506,2.020506,-9.48486329477305e-08
2.303184913066014,2.4562006,2.4562006,-3.2958968887442097e-10
2.043083753013617,2.0954278,2.0954278,-4.8458862256239854e-08
2.367248606319768,2.621161,2.6211607,2.840393067415903e-07
2.106174584561653,2.176473,2.176473,-9.770202646919302e-08
2.420901319812088,2.7425337,2.7425334,2.837768553476394e-07
2.184692736232751,2.3196018,2.3196015,2.74215698148339e-07
2.5032376064727235,2.8354123,2.8354127,-4.361297607502479e-07
2.2767961399525127,2.4352005,2.4352005,-4.7195434671465364e-08
2.596000697293587,2.816979,2.816979,-6.857299794660321e-08
2.381103244665143,2.447135,2.4471347,2.716186524587272e-07
2.714098539636413,2.7658722,2.7658722,4.006652831733959e-08
2.5022192205566296,2.4019284,2.4019284,2.4835205003626015e-08
2.851630929579734,2.8012486,2.8012486,-4.958496102602794e-08
2.592020039183397,2.3902059,2.3902059,-3.9862060763340423e-08
2.642446652719967,2.4251986,2.4251986,-4.5007324089851863e-08
2.9588607987780864,2.8052073,2.805207,2.5250244162222657e-07
-0.8381409738498327,-0.83637375,-0.83637375,3.6048889429096675e-09
-0.886725519312007,-0.8958903,-0.8958903,4.4944763466503446e-09
-0.7087356916235674,-0.70162266,-0.70162266,-4.928436325712937e-09
-0.7552479105020471,-0.79970354,-0.79970354,1.5821838283969214e-09
-0.5523901638092716,-0.5817913,-0.5817913,1.8299865733872878e-08
-0.6281452133687757,-0.69243014,-0.69243026,1.2141204830395935e-07
-0.3935117923926824,-0.46251774,-0.4625178,6.165771482269378e-08
-0.4904506248077317,-0.5835098,-0.5835098,-2.8182983724533983e-09
-0.2233507540204224,-0.31238365,-0.31238365,-1.733398424796917e-09
-0.353446811774586,-0.44609624,-0.44609624,-1.4741516340954774e-09
-0.050656872045869,-0.16146465,-0.16146465,3.541374193893887e-09
-0.1945684403579969,-0.3053286,-0.30532867,6.244079592265805e-08
0.1190436493077921,0.020974472,0.020974472,1.6510772610223157e-10
-0.0511173890644678,-0.1577823,-0.1577823,-1.3067245618891832e-09
0.2825271909103694,0.25112364,0.25112364,-3.0390167049532124e-09
0.0980901249615463,0.032664716,0.032664716,2.437438931246483e-10
0.4379516846874675,0.45137775,0.45137775,-5.56945822793864e-10
0.2528238432107462,0.20175743,0.20175743,1.0302734498868205e-09
-0.3214408789819688,-0.42059422,-0.42059427,5.4606933586054396e-08
-0.384761969039305,-0.4651093,-0.46510923,-5.86924743806172e-08
-0.2523633261921474,-0.3821575,-0.3821575,-4.558563249101866e-09
-0.3140726066843878,-0.41280448,-0.41280454,5.563262939212166e-08
-0.1752267255768469,-0.3541175,-0.3541175,-1.2702941920572641e-08
-0.242462210292273,-0.3543759,-0.35437584,-5.883804321538122e-08
-0.1045373632219296,-0.3157249,-0.31572497,6.069442748390941e-08
-0.1761477596140445,-0.3056047,-0.30560464,-5.627380372796864e-08
-0.0299336062089225,-0.248976,-0.248976,-7.103919980044893e-09
-0.1098333089358159,-0.2463878,-0.24638785,5.538616179578959e-08
0.0598672124178451,-0.15014963,-0.15014966,3.147998808850083e-08
-0.0278612796252279,-0.1616518,-0.1616518,-5.043220507872093e-09
0.1358525204866487,0.01364015,0.01364015,4.2781829814875216e-10
0.0612487634736416,-0.016951457,-0.016951457,3.340072628199575e-10
0.2254230806041171,0.15094386,0.15094385,1.0411643991403707e-08
0.1510495821004094,0.09799609,0.09799611,-1.6667232510814145e-08
0.3161449332680825,0.2765987,0.2765987,-8.059692357953452e-09
0.235093937994692,0.18889448,0.18889447,1.0466842642609109e-08
-0.2164429987414403,-0.19885977,-0.19885977,3.8743209751501695e-09
-0.3230526885470646,-0.31632853,-0.31632853,4.456787106033033e-09
-0.145753636386523,-0.09008576,-0.09008576,2.410507210504065e-10
-0.2528238432107462,-0.24661912,-0.24661909,-3.024021147379763e-08
-0.0713801378828154,0.020597458,0.020597458,-1.1425781154539294e-10
-0.1779898276884397,-0.18052949,-0.18052949,-1.1325837490083757e-10
0.0087498233533773,0.11055513,0.110555135,-7.736930845991807e-09
-0.0980901249615463,-0.105078295,-0.105078325,3.0126762390336737e-08
0.0948665058313547,0.20531413,0.20531413,-4.0901185216490887e-10
-0.0168088711788565,-0.03591025,-0.03591028,3.124359131134735e-08
0.1860488755139189,0.3248543,0.3248543,1.4327240005496122e-08
0.0706893623549172,0.058712423,0.058712393,2.984774780112609e-08
0.2816061568731718,0.41496772,0.41496772,-4.259796126948601e-09
0.1667071607327689,0.1613384,0.1613384,3.8209915231846026e-09
0.3838409350021074,0.50513864,0.50513864,-4.3646239955563715e-09
0.2673301292966087,0.25987485,0.25987485,5.115509127406881e-10
0.4962070875402168,0.61198664,0.61198664,-2.884521510537752e-09
-0.6560064929940036,-0.60148734,-0.60148734,1.4570618045439687e-09
-0.7437349850370768,-0.6806054,-0.68060553,1.1847045899848752e-07
-0.5376536192141097,-0.43512577,-0.43512583,6.181533812599227e-08
-0.6368950367221531,-0.5544913,-0.5544913,1.8490600606213548e-08
-0.4133140241924312,-0.25005192,-0.25005192,4.354400617856413e-09
-0.5183119044329597,-0.420227,-0.420227,8.823394792578654e-09
-0.283448224947567,-0.1079009,-0.10790087,-3.262889862465368e-08
-0.3895973977345925,-0.2859227,-0.2859227,-6.127166773950421e-09
-0.144602343840026,0.023224503,0.023224548,-4.519810485950626e-08
-0.2643367686757165,-0.19013394,-0.19013394,-4.15378570428615e-09
0.0048354286952874,0.15790461,0.15790461,3.780364909999889e-11
-0.1236488194937802,-0.09729262,-0.09729262,3.0366134606829576e-09
0.163944058621176,0.31478417,0.31478414,2.919708252946407e-08
0.0354598104321083,0.045219123,0.045219123,3.634948730901755e-10
0.3274276002237533,0.45861,0.45861,-1.7738342461548484e-09
0.1842068074395236,0.18150538,0.18150538,2.061004644726694e-09
0.3039412322752141,0.46614224,0.46614224,-2.813568100723529e-09
0.7289984404419149,0.5850601,0.5850601,1.9628906278157388e-08
0.3935117923926824,0.65518117,0.65518117,-4.901122840905714e-10
0.7992272857782334,0.79344636,0.79344636,2.0185851878906647e-09
0.705742331002675,0.88278204,0.88278204,2.0265197298030557e-09
0.9182709350860256,1.0604447,1.0604446,1.1263885490997438e-07
0.8911004309886957,1.0848516,1.0848516,2.2581482017614007e-08
1.068169224639938,1.2409214,1.2409214,-2.1864318799913462e-08
1.2588232703398448,1.3988601,1.3988601,-3.068542531181606e-09
1.4630625680884166,1.5895889,1.5895889,-1.9461059652670087e-08
1.5938494013704787,1.762052,1.762052,5.917358403273454e-08
1.8446009179975305,1.8854297,1.8854297,3.995208741613965e-08
0.4022616157460598,0.45497537,0.45497537,-3.4075927635157655e-09
0.4904506248077317,0.57350737,0.57350737,-1.4353942479061743e-09
0.5975208316319549,0.73862475,0.73862475,1.5678405240748816e-09
0.7372877467766935,0.93351114,0.9335111,3.7962341270514344e-08
0.892942499063091,1.1201788,1.1201789,-8.129730222350418e-08
1.1372467774297592,1.3441948,1.3441948,-3.014068594708874e-08
1.3375716805202411,1.616643,1.616643,-4.803466802094647e-08
1.5452648559083042,1.7844809,1.784481,-7.062530515966614e-08
1.58164570037761,1.7971704,1.7971704,6.195068902314915e-10
1.8139765362607088,1.9121151,1.9121153,-2.029541015247105e-07
1.8611795306670875,1.9251069,1.925107,-1.169509886711495e-07
0.5441008574744931,0.7131739,0.7131739,2.5876617404385627e-08
0.5535414563557687,0.79714394,0.797144,-6.384277340121258e-08
0.4724904610823782,0.5837459,0.58374584,5.681625370179688e-08
0.4674247738777913,0.59388477,0.59388477,-3.89816279255939e-09
0.6053496209481347,0.67256814,0.67256814,2.4140930365845747e-09
0.629987281443171,0.66094375,0.6609438,-5.343322750928081e-08
0.4833126110194502,0.5535155,0.5535155,-6.130218555000511e-09
0.7158737054118489,0.66346,0.66346,1.6250610301860036e-08
1.2629679235072342,1.3988285,1.3988285,6.469726532287723e-09
1.0803729256328063,1.1689395,1.1689395,-2.8755188008489085e-08
1.566678897273149,1.4891955,1.4891956,-1.3395843501129434e-07
1.8964090825898965,1.7907473,1.7907473,-1.5110778850413453e-08
2.125746557852103,2.033464,2.033464,-4.5074462828864625e-08
2.167193089525996,1.9182961,1.9182961,-1.290893614225297e-09
2.2767961399525127,2.1670666,2.1670666,-2.590332037755161e-08
2.371432387274568,2.2245226,2.2245224,1.9063720690937203e-07
2.411727626401964,2.2798445,2.2798448,-2.775238034935512e-07
2.4280759805622214,2.3571634,2.3571634,2.926025377547603e-08
1.1727916868423611,1.1921023,1.1921023,1.3041687063619634e-08
1.1659593621277198,1.1876874,1.1876873,9.700317393779301e-08
1.142310143933829,1.1131489,1.1131489,2.7688598525088537e-08
1.1294647521508745,1.0869892,1.086989,1.6435241700918368e-07
1.1006102913307827,1.029222,1.029222,1.1566162028131544e-08
1.0784095813505905,0.99380463,0.99380463,3.617401156397193e-09
1.002101388287266,0.8874893,0.8874893,1.8847656213516473e-08
0.914288729203482,0.84712386,0.84712386,1.3128662601502583e-09
0.7957037688850375,0.79791903,0.79791903,4.957885768597237e-09
0.6719235441083187,0.6917613,0.6917613,1.486892697855069e-08
0.5399960010657705,0.5678132,0.5678132,1.7639923077794606e-08
0.4643627493556498,0.50622827,0.50622827,-1.8534851431439847e-09
0.4061315526513248,0.43957168,0.43957168,-1.361541768218899e-09
0.3756929497744942,0.39375597,0.39375603,-5.7614593484967e-08
0.5097923395888818,0.4719358,0.4719358,8.658599837119141e-09
0.0736827229758094,0.02796723,0.02796723,-5.14488219388598e-10
0.3509139681722926,0.36929452,0.36929452,4.192810043601725e-09
0.0400649806180963,-0.055068567,-0.055068597,2.9604789730797165e-08
0.1858186170046195,0.21275887,0.21275887,-1.0672759898078255e-09
0.0032236191301916,-0.12298001,-0.12298001,-3.489723204852524e-09
0.0267099870787309,0.035881415,0.035881385,3.000949859444102e-08
-0.0690775527898213,-0.21798576,-0.21798582,5.585414886155604e-08
-0.1199646833449897,-0.07868256,-0.07868256,3.2516098008583683e-09
-0.1517403576283076,-0.32378697,-0.3237871,1.260467529240472e-07
-0.2500607410991534,-0.2013538,-0.2013538,-3.2770156865868927e-09
-0.2385478156341831,-0.41295594,-0.41295588,-5.976974487564846e-08
-0.364268961711658,-0.30667633,-0.3066764,7.181777955667101e-08
-0.3336445799748372,-0.5292788,-0.5292788,-1.4792633007409961e-08
-0.4667339983498931,-0.39996308,-0.39996302,-6.088302612061725e-08
-0.4395634942525633,-0.57541853,-0.57541853,-1.8946838542532873e-09
-0.5475547351139841,-0.49217218,-0.49217224,5.8393707258463934e-08
-0.5581466265417567,-0.6224655,-0.62246543,-6.129486085360014e-08
0.5447916330023913,0.44008428,0.44008428,-1.4164733830313025e-09
0.2113773115368534,0.33763492,0.33763492,1.0739135691828494e-09
0.3746305946301313,0.24882531,0.24882531,1.6607666075696415e-09
0.1475957044609183,0.15883207,0.15883207,3.2116699300033247e-09
0.212298345574051,0.02646093,0.02646093,7.050704950439801e-10
0.0769063421060011,-0.0827723,-0.08277233,3.035266876727505e-08
0.0504266135365696,-0.0843326,-0.0843326,-2.3593903220042733e-10
-0.0002302585092994,-0.23611794,-0.23611803,8.587863922771e-08
-0.1061491727870255,-0.19383208,-0.19383208,-4.536552439260433e-09
-0.0838140973849832,-0.3204149,-0.3204149,-7.797241186047188e-10
-0.2512120336456504,-0.3081509,-0.30815095,6.251068113138913e-08
-0.1745359500489487,-0.40760255,-0.40760255,1.400756843850104e-09
-0.3704859414627419,-0.40924287,-0.4092428,-6.842346189639414e-08
-0.2740076260662915,-0.51050436,-0.5105043,-6.496734616945332e-08
-0.4579841749965157,-0.47457242,-0.47457242,-1.2023926299065124e-10
-0.3849922275486044,-0.5751034,-0.57510334,-6.213775638475028e-08
-0.5208447480352532,-0.54373777,-0.54373777,8.73107919296956e-10
-0.5107133736260794,-0.61260396,-0.6126039,-6.242141725731898e-08
0.7446560190742745,0.74214715,0.74214715,-2.344512917140662e-09
0.3803870573626164,0.27431858,0.27431858,-4.1409301543282595e-09
0.5563045584673615,0.5338063,0.53380626,6.400512697624094e-08
0.312460797119292,0.18115178,0.18115178,-2.4941253784493966e-09
0.3640387032023586,0.39830387,0.39830387,-3.613586430084581e-09
0.2272651486785123,0.067100465,0.067100495,-2.970230102150584e-08
0.1814437053279308,0.17763226,0.17763226,-2.6576614242657115e-09
0.1376945885610439,-0.04916425,-0.04916428,2.950695037612361e-08
0.0149668031044612,0.013508111,0.013508141,-2.976152038529356e-08
0.0396044635994975,-0.184795,-0.18479504,3.2890357964943107e-08
-0.133780193902954,-0.1170785,-0.11707847,-2.800586700046903e-08
-0.0697683283177195,-0.3183961,-0.31839603,-6.146118164407355e-08
-0.2516725506642492,-0.23493211,-0.23493211,2.8644561722579454e-10
-0.2003249030904819,-0.43311244,-0.4331125,5.750656129066556e-08
-0.3714069754999396,-0.34516954,-0.34516954,-4.219970706209608e-09
-0.3741700776115325,-0.5069251,-0.506925,-1.0604858402540884e-07
-0.4720299440637794,-0.4584126,-0.4584126,1.2357330325674099e-08
-0.5791001508880026,-0.5904899,-0.5904899,-2.3954009997773085e-08
-0.0419070486924916,-0.06426777,-0.06426777,5.440902728359731e-10
-0.1492075140260141,-0.119544044,-0.119544044,-1.3700103551617104e-10
-0.0944059888127558,-0.1529947,-0.1529947,-7.226753223621429e-09
-0.2136798966298474,-0.19106577,-0.1910658,2.6632118232949864e-08
-0.1501285480632117,-0.24876638,-0.24876644,6.24317550712572e-08
-0.2691721973710039,-0.27909452,-0.27909446,-5.723098756016398e-08
-0.2079234338973623,-0.35618216,-0.35618228,1.2200668336737053e-07
-0.32098036196337,-0.36667442,-0.36667442,-3.2177734365923527e-09
-0.2698629728989021,-0.41381514,-0.41381514,-7.241821031733764e-10
-0.3566704309047777,-0.42585796,-0.42585802,5.8822174076045286e-08
-0.3366379405957295,-0.48929232,-0.48929232,-3.5893249483720524e-09
-0.3935117923926824,-0.48363578,-0.48363578,-3.195495590357922e-09
-0.4066365274227485,-0.56514746,-0.5651475,4.0493011499442844e-08
-0.4303531538805872,-0.54717684,-0.5471768,-3.792114255940504e-08
-0.4821613184729532,-0.60019225,-0.60019225,1.1787414377906202e-09
-0.4713391685358812,-0.589307,-0.589307,-1.0173797582169186e-08
-0.5643636062928407,-0.6381061,-0.6381061,-7.711791982778493e-09
-0.5095620810795823,-0.6169073,-0.6169073,1.4350891586190073e-09
-0.5682780009509305,-0.56634617,-0.56634617,1.4819335758531338e-09
-0.6606116631799918,-0.7320825,-0.7320825,1.3847351043594358e-08
-0.5466337010767865,-0.5439832,-0.5439833,7.894592279900081e-08
-0.6283754718780751,-0.6858255,-0.6858254,-1.267143249217284e-07
-0.5210750065445526,-0.51982737,-0.5198275,1.341247558572789e-07
-0.6097245326248233,-0.6355639,-0.63556385,-6.000747676537799e-08
-0.5079502715144865,-0.48409307,-0.48409307,-3.021238814682192e-11
-0.615711253866608,-0.56789494,-0.5678949,-3.560791017598319e-08
-0.5072594959865883,-0.4449528,-0.4449528,1.4031219464083478e-08
-0.6332109005733627,-0.53986436,-0.53986436,-1.2861632869842765e-09
-0.5185421629422592,-0.4127432,-0.41274327,5.9207458491528087e-08
-0.6454146015662311,-0.5528732,-0.5528732,5.782318068803249e-09
-0.5353510341211157,-0.42734075,-0.42734075,4.074096671136118e-09
-0.6566972685219019,-0.57471967,-0.5747197,3.2565307561682744e-08
-0.5530809393371698,-0.4668718,-0.46687174,-5.803848268648437e-08
-0.6695917450426686,-0.60157436,-0.6015745,1.386756897092667e-07
-0.573113429646218,-0.51442695,-0.51442695,3.3599854010191166e-09
-0.6868611332401239,-0.62232196,-0.6223219,-6.331024171579713e-08
1.114911702027717,0.9966323,0.9966323,-2.2034454372210632e-08
1.5636855366522566,1.3823698,1.3823696,1.5669860831124538e-07
1.940848974884681,1.7071081,1.7071081,3.999176034774621e-08
2.2528492549853745,1.9652392,1.9652393,-1.3278655996984412e-07
2.465214016442264,2.2214534,2.2214534,2.8268432483713468e-08
2.6627738562325747,2.4145415,2.4145415,-1.7074584857112995e-08
2.475969750496497,2.1736255,2.1736252,2.69207763636814e-07
2.814150443095036,2.644709,2.644709,1.1026000956704252e-07
2.6007698625367746,2.351873,2.3518727,2.2098999030717437e-07
2.8961881432176044,2.802084,2.8020837,2.691162110934897e-07
2.691031198182141,2.566299,2.566299,-3.836059558892657e-08
2.917662618132068,2.8377557,2.8377554,2.800842286987404e-07
2.9779246549040264,2.9293659,2.929366,-1.266632079222063e-07
2.7780689146973163,2.7579572,2.7579572,2.007751476185149e-08
3.0550383794513984,3.0653763,3.0653763,-1.8261718803813665e-08
2.889744291707528,2.9498515,2.9498513,2.1290893537084798e-07
3.122056506887485,3.1601667,3.1601667,4.041748047356464e-08
3.182834053520935,3.2286968,3.2286966,2.2312011704883616e-07
1.5107219394949427,1.247667,1.247667,-4.5005798421371424e-08
1.6791505248454006,1.3601043,1.3601043,2.2433471746907685e-08
1.9400357858627129,1.5857548,1.5857549,-1.4784088131492013e-07
2.1040121956140405,1.7654107,1.7654108,-1.383026122514508e-07
2.389037980724245,2.0910978,2.0910976,2.3172607432897507e-07
2.52860450505372,2.3379045,2.3379045,-4.672241216141515e-08
2.7156214665985283,2.692426,2.6924262,-2.337371824978618e-07
2.793738480962515,2.8096642,2.8096645,-2.505798337715248e-07
2.8737906027487488,2.879855,2.879855,-8.247375493652953e-08
2.9314603835338504,2.9474897,2.9474895,2.3846435537322463e-07
2.9847218810339387,3.0055025,3.0055025,-3.761291500481434e-08
3.0307132424492367,3.0610702,3.06107,2.0378112797203585e-07
3.1290823997507475,3.1740172,3.1740172,-9.066772665988765e-09
3.170063660456765,3.2146187,3.214619,-3.171386717681912e-07
0.213449638120548,0.3407479,0.3407479,-7.1434020920690955e-09
1.1991863164312992,1.1478705,1.1478704,1.4061889652694504e-07
1.6392103277024612,1.5329487,1.5329487,3.237609869088942e-08
1.6428944638512517,1.7621114,1.7621114,2.5399780279045103e-08
1.4430300777793683,1.7091511,1.7091511,4.8796081619784104e-08
1.2104689833869695,1.5357592,1.5357592,1.058654786056934e-08
0.9739934943364814,1.2000179,1.2000179,2.9077148466782887e-08
0.7520242913718554,0.88978565,0.8897856,4.739227299488391e-08
0.5443311159837925,0.65368676,0.6536867,6.185607914765967e-08
0.3529862947559872,0.4977994,0.4977994,-3.4851074248720693e-09
-0.702288453363184,-0.6370891,-0.6370891,2.6342010461810617e-08
-0.7246235287652262,-0.6323751,-0.6323751,-2.111663821580123e-08
-0.7234722362187291,-0.5947958,-0.5947958,-2.3097229018276266e-08
-0.6813349290169382,-0.4844424,-0.48444247,5.714675904711086e-08
-0.6198559070339972,-0.3778572,-0.3778572,-8.251953120819167e-09
-0.5330484490281217,-0.24294598,-0.24294592,-6.400592802990879e-08
-0.4377214261781681,-0.12372123,-0.12372117,-5.70498275703768e-08
-0.3184475183610765,-0.057485268,-0.057485208,-5.9519950863784477e-08
-0.1812134468186314,-0.00062957406,-0.00062954426,-2.980044006342924e-08
-0.0267099870787309,0.0613721,0.06137207,3.130691528241414e-08
0.1450628608586248,0.10179323,0.101793244,-1.4420074467835775e-08
0.2021241840901343,0.16017006,0.16017005,1.3376426688527232e-08
0.0665447091875279,-0.016985312,-0.016985342,2.9895774841803835e-08
-0.0188811977625511,-0.14573483,-0.1457348,-3.169078827136573e-08
0.0760346862759975,-0.031402856,-0.031402856,-1.1152648943246746e-10
-0.1116753770102112,-0.2758255,-0.27582556,5.951171877516259e-08
-0.0429075010112765,-0.23404016,-0.2340401,-5.6006813048403714e-08
-0.2185153253251349,-0.4009601,-0.4009601,1.22238159039334e-08
-0.1719752647398103,-0.3883537,-0.38835377,6.459381102219552e-08
-0.3456180224584063,-0.53653896,-0.53653896,1.4505004974907365e-09
-0.3011050927839216,-0.5431037,-0.5431036,-9.491577146469865e-08
-0.4918321758635282,-0.67514,-0.67514,-2.3231506385279488e-08
-0.432322562278047,-0.6916955,-0.69169545,-6.134109498123763e-08
-0.6656773503845788,-0.81484777,-0.81484777,2.646942109940653e-09
-0.5709295478356962,-0.8170075,-0.8170075,1.7948150632385307e-08
-0.7256703722655053,-0.9235442,-0.9235441,-1.280769348355193e-07
-0.8848834512376118,-0.95067495,-0.95067483,-1.2107650759762834e-07
-0.8915981192837836,-1.0136868,-1.0136869,1.2383880609867504e-07
0.747879638204466,0.6730413,0.6730413,-1.5915679885125655e-08
0.5579163680324573,0.31799906,0.31799906,4.922332763612758e-09
0.7104958188945584,0.6689741,0.6689741,1.5434264977187695e-09
0.352295519228089,0.10665726,0.10665726,-8.337593115914643e-10
0.2934156042995414,0.24647029,0.24647029,-2.5577926721087607e-09
0.1257211460774749,-0.05190693,-0.05190693,1.5799331634647196e-09
-0.1353920034680499,-0.22750734,-0.22750728,-5.792781829216942e-08
-0.1450257720502577,-0.076483384,-0.076483324,-5.977475737994897e-08
-0.3479206075514003,-0.42825812,-0.42825812,-1.013641337532789e-09
-0.2984060358147566,-0.32167125,-0.32167125,2.5177002149767702e-09
-0.5940669539924639,-0.5918334,-0.59183335,-6.264724727866877e-08
-0.5978370007556204,-0.49422938,-0.49422938,3.683929439279865e-09
-0.6069694843188929,-0.6397367,-0.6397368,8.802108764083272e-08
-0.7985365102503351,-0.7555216,-0.7555217,1.0452194210142096e-07
-0.8794767587514388,-0.77688676,-0.77688664,-1.2118850711839713e-07
-0.9790591815410684,-0.9351817,-0.93518156,-1.1734146121433753e-07
-0.8324092478934529,-0.8981741,-0.8981741,-7.074737573553591e-09
-0.9702190738997108,-1.0028216,-1.0028216,3.532562264929595e-08
-0.1897330116627094,-0.2186202,-0.21862026,6.401515961762527e-08
-0.3030201982380164,-0.35659522,-0.35659516,-5.818161008530609e-08
-0.4252874666760002,-0.47791034,-0.47791028,-5.983230588757493e-08
-0.5411074968536007,-0.59012187,-0.5901219,3.472747800437048e-08
-0.6520920983359139,-0.6966774,-0.6966774,1.3239288332300703e-08
-0.7570899785764422,-0.74858636,-0.74858636,3.3601379456627e-09
-0.8544893280100904,-0.7869396,-0.7869396,-2.0971679726144998e-08
-0.9422178200531636,-0.84156996,-0.8415701,1.3988265989972604e-07
-1.0193544206684642,-0.9230245,-0.92302436,-1.1557449342003423e-07
-1.0838268032722975,-1.017373,-1.017373,3.418731697735211e-08
-0.6495592547336204,-0.7052426,-0.70524246,-1.1421493528729343e-07
-0.6099095819898896,-0.6514717,-0.65147173,5.555770876686239e-08
-0.674427173737956,-0.7325137,-0.7325136,-1.2575759888999727e-07
-0.6449286082894709,-0.70216864,-0.7021687,5.652542112155601e-08
-0.6995253512515912,-0.7527177,-0.7527177,2.6221466109532798e-08
-0.7255445628024239,-0.7817291,-0.7817292,9.786529542310518e-08
-0.6768802080960734,-0.72063816,-0.72063816,4.062805203375319e-09
-0.7531755839183524,-0.8213913,-0.8213913,1.5534210251466618e-08
-0.7078548094322196,-0.7448765,-0.7448765,-3.94439692019688e-09
-0.7837999656551732,-0.85560066,-0.85560054,-1.1507888797446242e-07
-0.7412875558878803,-0.7842744,-0.7842745,1.0071945188983022e-07
-0.7728399494691938,-0.8110818,-0.8110817,-1.266868591143222e-07
-0.8167269324849881,-0.8752895,-0.87528974,2.402403259660346e-07
-0.8038553025443669,-0.8342907,-0.8342908,1.1673049926663737e-07
-0.8512657088798987,-0.9003882,-0.9003882,1.8790435762916502e-08
-0.8333292111598078,-0.86706656,-0.8670667,1.3782424923558523e-07
-0.8869557778213064,-0.93454534,-0.93454534,1.84616089082823e-09
-0.8622761435679168,-0.89817125,-0.89817125,3.948211646509492e-09
0.3334143214655379,0.31495002,0.31495002,-8.788299532547228e-10
0.03476903490421,-0.050127044,-0.050127015,-2.9320106509356236e-08
-0.0680513930070903,-0.07887681,-0.07887681,1.7142868097286268e-09
-0.287915623274095,-0.343193,-0.343193,5.405426051208195e-09
-0.2560474623409379,-0.35104162,-0.35104167,5.499069211101215e-08
-0.4522277122640306,-0.5207628,-0.5207628,-1.1703491509251762e-09
-0.5512627739951498,-0.5469897,-0.5469897,2.0663452171554297e-08
-0.629987281443171,-0.61476,-0.61476,1.836776730712586e-08
-0.6866516058259716,-0.6164524,-0.61645246,6.408401487245641e-08
-0.8248215019920256,-0.73316693,-0.7331669,-3.305969242806128e-08
-0.790477462424856,-0.73609406,-0.7360941,4.24400329324115e-08
-0.9502199841935792,-0.8674775,-0.8674775,2.34031677370794e-08
-0.9320864456439898,-0.874358,-0.8743581,1.0162887575937418e-07
-1.047569801636646,-0.9709576,-0.97095746,-1.1722854609264033e-07
-1.0258016589288474,-0.97541434,-0.97541445,1.1427230839355929e-07
-1.0953397287372677,-1.054053,-1.054053,5.104827871527107e-08
-1.1472470693992811,-1.066246,-1.066246,-3.271484372291411e-08
-0.4540657615875029,-0.41187185,-0.4118719,4.950942994463858e-08
-1.174378925601578,-1.1454238,-1.1454237,-6.995086665462225e-08
-0.6893123256234821,-0.6919644,-0.6919644,1.210632327719452e-08
-1.0631506159178117,-0.9918758,-0.9918758,-2.7312469508267156e-08
-0.8979374990682376,-0.81700224,-0.81700224,3.1568908598345047e-09
-0.9230193923541632,-0.89474875,-0.89474875,2.651214581206318e-09
-0.994291602864603,-0.9608051,-0.960805,-1.1808395383727799e-07
-0.95498131021565,-0.9316574,-0.9316575,1.2609481814251922e-07
-1.0780293245355466,-1.0341477,-1.0341477,-3.941040049859623e-08
-1.107422988347729,-1.0706605,-1.0706605,2.808380128449528e-08
-1.103551909728572,-1.067896,-1.067896,-8.491516156894363e-09
-1.152848574596198,-1.0932671,-1.0932671,1.6831970262032314e-08
-1.1611936623968973,-1.2442952,-1.2442951,-1.3944854737601986e-07
-1.2509565052541842,-1.2353425,-1.2353426,9.740600592778037e-08
-1.1738578804083646,-1.2318739,-1.2318739,3.0104065018576875e-08
-1.201258643014994,-1.2185152,-1.218515,-1.576995849461582e-07
-1.245141604903499,-1.2189093,-1.2189091,-1.6361083976512703e-07
-1.201949418542892,-1.2050456,-1.2050456,1.9136047413326196e-08
-1.2401430524463133,-1.2060449,-1.2060448,-1.1233825691903121e-07
-1.189975976059323,-1.2033851,-1.2033854,2.8533020013377097e-07
-1.238782113915838,-1.2050304,-1.2050304,-4.1284179630451945e-08
-1.2347151695595018,-1.215622,-1.2156218,-1.4824218741438244e-07
-1.20264019407079,-1.2118713,-1.2118713,3.363494882613338e-08
-1.2333872302131017,-1.1957743,-1.1957744,8.321228017749149e-08
-1.173627621899065,-1.1714962,-1.1714962,4.712219237035242e-08
-1.2289960893478646,-1.1645985,-1.1645983,-1.64965820337315e-07
-1.2160790427319697,-1.1415482,-1.141548,-1.5673828124285194e-07
-1.1577397847574062,-1.139239,-1.139239,4.640960682422701e-08
0.883271641672516,1.002207,1.002207,4.078674309404562e-08
0.8149222374858661,0.9489708,0.9489708,-5.3222656282159164e-09
0.60327729436444,0.8033413,0.80334127,5.909774780654686e-08
0.5180196843462312,0.7404401,0.74044013,-5.937088010110614e-08
0.3414733692910169,0.6392567,0.6392568,-8.422546382558238e-08
0.224902004329073,0.58639777,0.58639777,-2.933044473962809e-09
0.0909521111732648,0.53569937,0.53569937,-2.476806648665786e-09
-0.0251127008150753,0.44955212,0.44955206,5.877822878419536e-08
-0.1420695002377326,0.37912375,0.37912375,-2.651214581206318e-09
-0.2591594055185796,0.30139512,0.30139512,-1.7634582683001554e-09
-0.3718674925185384,0.22691043,0.22691043,-2.787284847372007e-09
-0.4790040114430347,0.089488335,0.089488335,-4.621505955704208e-11
-0.5924551444273679,-0.084143534,-0.084143534,-3.027114808817899e-10
-0.6784556318169557,-0.2241569,-0.2241569,-1.2403488236500948e-09
-0.7989970272689338,-0.4126979,-0.41269797,5.8737487818039114e-08
-0.8584936331479384,-0.5401566,-0.54015654,-6.285949705198135e-08
-0.979980215578266,-0.79822844,-0.79822844,-2.6689147558656146e-09
-1.0095031135963335,-0.8565815,-0.8565815,-9.11331177189112e-09
1.6924000433506237,1.7684056,1.7684054,1.566787719564644e-07
2.2380359051329184,2.3907933,2.390793,3.2351684575715467e-07
1.5535541622430826,1.7201749,1.7201748,1.0863800059546236e-07
1.9555068105856084,2.1467671,2.146767,1.3943481436129446e-07
1.4002019950496791,1.664566,1.6645659,1.400390625683201e-07
1.6931170770990551,1.8566706,1.8566706,1.8057251027769894e-08
1.232804058789012,1.5586859,1.5586857,1.9878082269109143e-07
1.443123554105934,1.563369,1.5633689,1.357208252450448e-07
1.0515906119703808,1.3204211,1.3204211,-3.3721914149964505e-10
1.199573139981249,1.2933812,1.2933812,1.4141845694481958e-08
0.8514959673891982,1.0476203,1.0476204,-1.0352172852279296e-07
0.9577013531197032,1.0114286,1.0114286,-5.4107665015123985e-09
0.6366647782128537,0.71413684,0.71413684,-1.0870361277781626e-09
0.7152510794668716,0.8152139,0.8152139,1.868591303910705e-08
0.3889066222066943,0.4072278,0.40722778,3.419754029954092e-08
0.4736843470853083,0.5669723,0.56697226,5.531143187909038e-08
0.104767621731229,0.09347407,0.09347405,1.7747592923056388e-08
0.2379927541644154,0.30085477,0.30085477,2.3293304507454593e-09
1.5512515771500883,1.4823673,1.4823673,-2.285461420115098e-08
1.8125256844118565,1.578105,1.578105,-2.7160644622270524e-08
1.4213857779052244,1.3664128,1.3664126,1.5882720938442674e-07
1.6049277569562144,1.4856143,1.4856144,-1.0022583007973651e-07
1.2790860191581923,1.242231,1.242231,1.139068595001902e-08
1.4002958807557042,1.3201904,1.3201903,1.2968750007225083e-07
1.1278061785484836,1.0722864,1.0722864,-3.258361824798328e-08
1.2013794444733366,1.1264058,1.1264058,3.515167246170847e-08
0.9645528954552058,0.8758067,0.87580675,-6.073760983049681e-08
1.0044847426100714,0.93151957,0.93151957,-2.033538781809341e-09
0.7840302241644727,0.63373727,0.63373727,-3.936309833640905e-09
0.7958842580110576,0.7293198,0.7293198,1.0867309607753839e-08
0.5823237700181942,0.47852993,0.47852993,1.1474610150941089e-10
0.5964159916001736,0.5323899,0.5323898,7.922668454618531e-08
0.3688741318976462,0.3528782,0.3528782,1.2928771997433586e-08
0.4090586436182946,0.37908995,0.37908995,1.5151977450500453e-09
0.1452931193679243,0.19267379,0.19267379,-2.525367748251739e-09
0.2254608642693698,0.18840946,0.18840945,1.2571144097917042e-08
0.0702288453363184,-0.16407968,-0.16407968,-1.0388565008234707e-09
0.6764995003216507,0.33947486,0.33947486,-3.1465148819798117e-09
0.7872538432946643,0.41873187,0.41873187,-1.732940679843864e-09
0.7785040199412869,0.44081298,0.44081298,-4.831771871494084e-09
0.7614648902531309,0.40061778,0.40061778,-1.6987609652296953e-09
0.7262353383303221,0.31267047,0.31267047,-7.159423609515159e-10
0.6737363982100579,0.25798488,0.2579849,-2.3367309587296603e-08
0.2802246058173754,0.18238993,0.18238993,-1.0936737626643378e-10
0.1729241404838528,0.0012148023,0.0012147725,2.976516723634387e-08
0.0257889530415333,-0.08447547,-0.08447547,-2.5694656402563965e-09
-0.644263309019734,-0.404478,-0.404478,-1.3515472407910067e-08
-0.5668964498951341,-0.30979925,-0.30979925,-3.940582249395419e-09
-0.4625893451825038,0.008572295,0.008572295,3.08113097535756e-10
-0.4639708962383003,0.1062765,0.10627651,-1.2755165104683108e-08
-0.4699576174800848,-0.06050603,-0.060506,-3.0917167666288936e-08
-0.483773128038049,-0.26691562,-0.26691562,6.266784868813602e-10
-0.5086410470423848,-0.4382692,-0.43826908,-1.1794082643845627e-07
-0.548015252132583,-0.54988223,-0.5498823,6.685714726284431e-08
-0.6048891039295359,-0.64126617,-0.6412661,-6.716384892690996e-08
-0.6824862215634352,-0.7551619,-0.755162,1.1855316162101559e-07
-0.784260482673772,-0.82075316,-0.82075316,2.8611755187313292e-09
0.4950557949937199,0.43781552,0.43781552,-2.8128814832939497e-09
0.3110792460634956,0.31220478,0.31220478,-1.8055725248267152e-09
0.1236488194937802,0.15152848,0.1515285,-2.233123780337465e-08
-0.0331572253391142,0.016711578,0.016711608,-3.022690582207832e-08
-0.1685492288071641,-0.14713319,-0.14713319,3.5404586762322054e-09
-0.3297301853167473,-0.24917935,-0.24917935,1.6504287658758443e-09
-0.3925907583554848,-0.39261013,-0.3926102,6.730575563551611e-08
-0.5107133736260794,-0.47870523,-0.47870523,2.6249694640156918e-09
-0.553771714865068,-0.59702706,-0.5970271,3.6630249056202047e-08
-0.632289866536165,-0.6698904,-0.6698904,-3.747558596778333e-09
-0.6827164800727346,-0.7445456,-0.74454546,-1.1895660401162189e-07
-0.722781460690831,-0.77923733,-0.77923733,4.013056553731076e-11
-0.7867933262760655,-0.8247021,-0.8247021,1.5935516350928935e-08
-0.8088981431688084,-0.85254794,-0.85254794,-3.5920715291126726e-09
-0.8733705257726416,-0.8934943,-0.8934942,-1.0799484251311497e-07
-0.8772849204307315,-0.9196449,-0.919645,1.0778427128599333e-07
-0.9290930850230976,-0.9588956,-0.9588956,-2.36839294842639e-08
-0.9535004870088344,-0.97758394,-0.97758394,-4.797515829046972e-09
-0.4200712604975265,-0.45208973,-0.45208973,3.075103782723687e-09
-0.4764241970486583,-0.5055157,-0.5055157,5.381774914603454e-09
-0.5395680926316447,-0.58482105,-0.58482105,4.601287795225062e-09
-0.5923972774598022,-0.6531524,-0.6531523,-1.0621566770563362e-07
-0.6292338548162925,-0.6954665,-0.6954664,-1.1840209956925918e-07
-0.6616485135005743,-0.72786623,-0.72786623,-2.395172171709703e-09
-0.6871651088823978,-0.7465608,-0.7465607,-1.1199645999493413e-07
-0.7236063880446539,-0.77375835,-0.77375835,-1.8028258885749437e-09
-0.7962879394794586,-0.82188004,-0.82188004,-2.5529479641406283e-09
-0.8533159327127666,-0.8651218,-0.8651218,1.8173980764757403e-08
-0.9390477189967712,-0.94132465,-0.94132465,-1.2413025052282478e-09
0.8948627844605347,0.8335559,0.8335559,-2.2791290299473133e-08
0.5877866649021191,0.50693804,0.50693804,2.565002654719706e-10
0.3428802329165432,0.25193223,0.25193223,3.572006246344017e-09
0.1756325686431579,-0.04612665,-0.04612665,1.2163162213529866e-09
-0.0534007767271152,-0.23773171,-0.23773171,-7.63320795460487e-11
-0.173163619009189,-0.37876397,-0.37876385,-1.2371292112955956e-07
-0.2757535015865071,-0.46158475,-0.46158475,3.162384021315745e-09
-0.4064656084417478,-0.5110771,-0.51107717,6.400100704961886e-08
-0.5242486440981314,-0.54013425,-0.54013425,-1.1177062608780375e-09
-0.5551258826625707,-0.554698,-0.554698,9.582519555628721e-09
1.1039314501457096,1.0164298,1.0164298,-1.808624272570114e-08
0.8158071932958328,0.7344572,0.7344572,-5.1948547685753965e-09
0.5469646703818639,0.55698305,0.55698305,3.684234584078183e-09
0.262364264467491,0.2526727,0.2526727,2.0740509310002153e-09
0.1034587083682299,0.032522753,0.032522753,-1.18949891603215e-10
-0.0397808700118446,-0.10881911,-0.10881908,-3.2181663514596615e-08
-0.1176580434682324,-0.26671278,-0.26671273,-5.4767150869938774e-08
-0.1923718926474561,-0.37946194,-0.37946194,-4.1032409692220995e-09
-0.3065251602532608,-0.4616403,-0.46164036,6.16334533964924e-08
-0.4200712604975265,-0.52482516,-0.5248251,-5.5735015824787126e-08
1.006229685638398,1.0198543,1.0198543,7.174682625787909e-09
1.4469444724374585,1.4692097,1.4692097,-2.8979492139313834e-08
0.7349851616836994,0.6843829,0.6843829,1.5496826155647625e-08
1.1337928997902682,1.1785649,1.1785648,1.0612030032497444e-07
0.4851546790938454,0.3929286,0.3929286,3.1127928012963935e-10
0.8498841578241023,0.90289193,0.9028919,3.3917999298083146e-08
0.2597315984897284,0.17344621,0.17344621,-1.7613983049891146e-09
0.5972905731226555,0.7156132,0.7156132,-1.364059443176302e-08
0.0522686816109648,-0.016111463,-0.016111404,-5.9308334351276804e-08
0.3548283628303824,0.4468003,0.4468003,-8.461761458189443e-09
-0.1312473503006606,-0.20471998,-0.20471998,4.4092941242634964e-09
0.1257211460774749,0.13038884,0.13038884,1.0329818667109691e-09
-0.3103884705355973,-0.36972487,-0.36972487,2.7191160434369976e-10
-0.0858864239686779,-0.088655815,-0.088655815,4.715347279304893e-10
-0.4860757131310431,-0.5129145,-0.5129145,2.1221160939610684e-08
-0.2728563335197944,-0.28103203,-0.28103197,-5.5814056376668475e-08
-0.621467716599093,-0.6420477,-0.64204764,-6.326614376828132e-08
-0.4008800646902634,-0.46006083,-0.46006095,1.15115356469353e-07
1.348592493935879,1.2333142,1.2333142,-4.3467712318445706e-08
1.068496664763486,0.95288104,0.952881,3.818893434814896e-08
0.8060293376166178,0.7361652,0.7361652,2.55058288933796e-08
0.5446471722415014,0.43327844,0.43327844,1.4291381966735628e-09
0.3471295310952009,0.18720871,0.18720871,2.100982665620421e-09
0.1319050708799386,0.027261615,0.0272616,1.4799499511303216e-08
-0.03252319170556,-0.14078893,-0.14078896,3.232570647271338e-08
-0.2218943319137777,-0.30547136,-0.30547136,-6.834411370171267e-10
-0.4385049621863645,-0.41694188,-0.41694194,5.882019044056719e-08
-0.5208759596194922,-0.50889266,-0.50889266,4.627380367772105e-09
1.4271422406377097,1.4634781,1.4634781,-1.1621093642943947e-08
1.86417289128798,1.9233607,1.9233608,-9.462432859486114e-08
1.142772981652945,1.2254221,1.2254221,4.3936157156920785e-08
1.5332914134247353,1.6455506,1.6455506,8.634948756025551e-09
0.8763638863935339,0.93432206,0.93432206,-8.454894562248683e-10
1.2307317322053175,1.3475013,1.3475013,-2.2076416028582457e-08
0.6193953900153983,0.6948592,0.6948592,6.676483144119061e-09
0.9380731668857742,1.1034383,1.1034381,1.5817108156568338e-07
0.3806173158719158,0.37603995,0.37603995,2.039718616231312e-09
0.6548552004475067,0.80379987,0.8037999,-3.236999512878924e-08
0.1321683843378582,0.13945138,0.13945138,4.544372544934561e-09
0.372788526555736,0.46257097,0.46257097,-4.709930445656596e-09
-0.1107543429730136,-0.090763256,-0.090763226,-2.995378875492172e-08
0.0902613356453665,0.08152435,0.08152432,2.9749088290009773e-08
-0.3359471650678313,-0.32531476,-0.32531476,-2.0812990220164806e-10
-0.1802924127814338,-0.17906205,-0.17906205,-3.5612106319415915e-09
-0.5457126670395889,-0.5591666,-0.5591666,-1.0240936321181948e-08
-0.4027221327646586,-0.45652097,-0.45652092,-5.463607788414038e-08
0.1017742611103368,0.24837613,0.24837613,1.0577392572930222e-09
0.0582554028527493,0.15339138,0.15339138,-3.8622665343712725e-09
-0.0375321370158029,0.0596945,0.0596945,-1.222610471196539e-09
-0.1188133907984927,-0.020569429,-0.020569399,-2.9801536561430142e-08
0.2086142094252605,0.1367428,0.1367428,4.741668724328463e-10
-0.1708518139001582,-0.0751604,-0.0751604,9.206771872660724e-10
-0.346078539477005,-0.30029023,-0.30029017,-5.693634030912165e-08
-0.211147053027554,-0.15239339,-0.15239333,-5.5767936713024824e-08
-0.2410806592364766,-0.23604499,-0.23604499,1.9638443093938918e-09
-0.2694024558803033,-0.32600933,-0.32600933,-3.133697523693968e-09
-0.3912092072996884,-0.373895,-0.37389493,-5.9490509018989e-08
0.1333196768843552,0.10469393,0.10469393,-3.1291770979935407e-09
-0.0057564627324851,-0.024135485,-0.024135455,-3.0291481017963306e-08
-0.0895705601174683,-0.13760374,-0.13760372,-2.486446379346141e-08
-0.1480562214795171,-0.23741724,-0.2374173,6.402950286643616e-08
0.2599618569990278,-0.08043547,-0.0804355,3.025341033247031e-08
-0.192956630792901,-0.27475446,-0.27475452,5.5373687746218536e-08
-0.2394688496713807,-0.2554962,-0.25549626,5.610061643013253e-08
-0.2749286601034891,-0.2931468,-0.29314685,6.092605592256106e-08
-0.313612089665789,-0.34986162,-0.34986162,-1.8566894688376578e-09
-0.3433154373654122,-0.4088527,-0.4088527,3.5812378063049266e-09
0.8167269324849881,0.83027154,0.8302716,-5.7927703855931156e-08
0.7354456787022983,0.8100334,0.81003344,-5.901473998370932e-08
0.6493289962243208,0.76220673,0.7622068,-6.677322383907836e-08
0.5574558510138585,0.6300165,0.63001645,5.571823125105624e-08
0.450155385680336,0.46993464,0.46993464,2.3149108741016278e-09
0.3398615597259212,0.36122286,0.36122286,3.197326681192436e-09
0.2180548083065361,0.20157707,0.20157705,1.737518309785635e-08
0.091642886701163,0.04424809,0.04424809,-8.057022063412411e-10
-0.0435188582575874,-0.09107517,-0.09107514,-2.7059898377590486e-08
-0.192956630792901,-0.2155738,-0.21557386,5.740962982780928e-08
1.0366238088659194,1.0432228,1.0432228,-1.500396717979413e-08
1.1205042350842085,1.157008,1.157008,5.187225338154633e-08
0.7925497890085507,0.7885733,0.7885733,2.4680328336579294e-08
0.5583768850510561,0.53426886,0.53426886,-3.951415972203165e-09
0.7736205647098222,0.774049,0.774049,-1.5949249254632036e-08
0.329499926807448,0.35878038,0.35878038,4.063720693281425e-09
0.4612781729273772,0.45046246,0.45046246,5.178832918062426e-10
0.1381551055796427,0.2195785,0.2195785,4.5623779199033265e-09
0.2723907538828222,0.26140657,0.26140654,3.0672988871049967e-08
-0.010822149937072,0.021850467,0.021850437,2.9728210448887182e-08
0.1336563848126736,0.16427404,0.16427404,-3.115692148725202e-09
-0.1268724386239719,-0.13985924,-0.13985921,-3.4227409351217375e-08
0.0316924467324897,0.04164107,0.04164107,1.4387893654266293e-09
-0.201476195636979,-0.21392281,-0.21392287,5.6465263353899786e-08
-0.0433251247383736,-0.04997374,-0.04997377,2.882625579903042e-08
-0.1078079526343052,-0.11239354,-0.11239354,-3.1241989134622727e-09
-0.2452253124038658,-0.27671582,-0.27671593,1.1493270873907946e-07
-0.1570047488101647,-0.16720869,-0.16720866,-2.647098540364823e-08
0.4280505687875932,0.39633733,0.39633733,3.4133912363287777e-10
0.3456180224584063,0.35901743,0.35901743,1.7359924053828024e-09
0.3686438733883467,0.34271538,0.34271535,3.257598879535806e-08
0.2825271909103694,0.308414,0.308414,1.2193679788108369e-08
0.3110792460634956,0.2978381,0.29783812,-2.8149719222270164e-08
0.2201271348902308,0.25847787,0.25847787,-3.3503723129157947e-09
0.2454555709131653,0.2549526,0.2549526,9.539032008731851e-09
0.1561152693049963,0.21281974,0.21281974,1.762008594585751e-10
0.1777595691791403,0.19706881,0.1970688,1.046295167173028e-08
0.0891100430988695,0.1570391,0.15703912,-1.41078186077781e-08
0.0973993494336481,0.095152505,0.095152505,-2.578544600062571e-10
0.0163483541602577,0.041935816,0.041935787,2.9407203672171534e-08
0.013124735030066,-0.036203265,-0.036203265,-1.901245133550944e-10
-0.0633210900573362,-0.09314792,-0.09314789,-2.858196258836987e-08
-0.0764458250874023,-0.14228697,-0.142287,2.8788566586168685e-08
-0.1517403576283076,-0.19810094,-0.19810094,6.069564850719189e-10
-0.1690097458257629,-0.254386,-0.254386,-7.785797118131654e-09
-0.2500607410991534,-0.29677957,-0.29677957,-2.963714607062684e-09
-0.4750233046846717,-0.4941879,-0.4941879,8.516693128512998e-09
-0.5717318785904216,-0.6126502,-0.6126502,-1.562576290581319e-08
-0.4400240112711621,-0.47846085,-0.4784609,5.166854860627623e-08
-0.5411074968536007,-0.612917,-0.61291695,-5.6015777571971626e-08
-0.4070970444413473,-0.46192807,-0.461928,-6.959152221153175e-08
-0.5109436321353787,-0.60599524,-0.60599524,2.1726990206971664e-09
-0.3787752477975206,-0.41012716,-0.4101271,-6.293334958717978e-08
-0.4766351142497674,-0.57144594,-0.57144594,-1.9250487870436928e-09
-0.3532165532652866,-0.36791217,-0.36791217,-3.2711792163908626e-09
-0.4377214261781681,-0.52137744,-0.5213774,-4.4267272958364856e-08
-0.3299604438260468,-0.35638458,-0.35638458,4.63302612940808e-09
-0.4098601465529402,-0.47234124,-0.47234118,-5.945236203341864e-08
-0.3055530418403099,-0.3222109,-0.3222109,-7.936096169114393e-09
-0.3861435200951014,-0.41178608,-0.41178608,5.932617175297139e-10
-0.2825271909103694,-0.29281485,-0.29281485,-8.071899260109205e-10
-0.3644992202209574,-0.37197506,-0.371975,-6.427764892569243e-08
-0.2525935847014468,-0.26883066,-0.26883072,6.299468996440183e-08
-0.3398615597259212,-0.3650354,-0.3650354,-1.4695739736225732e-08
1.268033610711821,1.195916,1.195916,5.663299562641555e-08
1.2979275204497416,1.2652459,1.2652459,1.4459228481200626e-08
1.002775807998907,0.89973813,0.89973813,2.9536437740063093e-09
0.7515637743532566,0.6546296,0.65462947,1.1812713618386539e-07
0.9081779117636046,0.84640443,0.8464045,-6.674957275798477e-08
0.5102528566074805,0.35581553,0.35581553,-1.7669676832809955e-10
0.570923047814571,0.43682858,0.43682858,3.4789275904500983e-09
0.2864415855684593,0.16066872,0.16066872,-4.165382372356419e-09
0.3589323939799476,0.20663084,0.20663084,8.975601095695396e-10
0.1033860706754326,-0.052404776,-0.052404806,2.97844467145314e-08
0.2022058800993297,0.16805148,0.1680515,-1.8753051750364236e-08
-0.0483542869528749,-0.17905854,-0.17905854,3.112831103990743e-09
0.0763126828491635,0.059624046,0.059624046,8.726501465883274e-11
-0.1494377725353135,-0.24413915,-0.24413921,6.021495818631095e-08
-0.0126800531573744,-0.0407096,-0.0407096,1.4743804788164283e-10
-0.0855578883616465,-0.10732259,-0.10732256,-2.8562965395662054e-08
-0.2150614476856439,-0.27363372,-0.27363378,6.150939940718914e-08
-0.1432931698264762,-0.16602351,-0.16602351,2.2857284676103262e-09
-0.2721655579918962,-0.43927336,-0.43927336,2.6086425797267054e-09
-0.4344978070479764,-0.6766159,-0.6766159,6.159210252931757e-09
-0.1469049289330201,-0.305452,-0.30545205,6.082611081481559e-08
-0.3442364714026098,-0.59978867,-0.59978867,4.228515648740938e-09
-0.061479021982941,-0.25561768,-0.25561774,6.183456419117661e-08
-0.2958821844497349,-0.57625705,-0.576257,-5.003738401399005e-08
-0.0172693881974553,-0.21767609,-0.21767609,1.7860793954938003e-09
-0.2482186730247581,-0.546149,-0.5461491,8.457336431177964e-08
-0.0087498233533773,-0.18856405,-0.18856408,3.278263091543998e-08
-0.241310917745776,-0.52201986,-0.5220199,3.6871337871779986e-08
-0.0218745583834434,-0.18193112,-0.1819311,-2.3137474047807416e-08
-0.2645670271850159,-0.51389015,-0.51389015,2.7908325650471966e-09
-0.0559528177597553,-0.20142351,-0.20142351,-9.090805053180162e-10
-0.2935795993567409,-0.52566683,-0.52566695,1.1707611080602476e-07
-0.0983203834708457,-0.25470895,-0.25470895,4.24880980398612e-09
0.1846673244581224,0.1871073,0.18710731,-1.5202102660039074e-08
0.4517951056907705,0.3798957,0.3798957,-1.289672851845225e-08
0.1805226712907331,0.16910654,0.16910654,3.064117432005631e-09
0.4573995302627124,0.36904776,0.36904776,9.634399389391035e-10
0.1805226712907331,0.16613823,0.16613823,1.7543029806610377e-09
0.4639101013571753,0.37223685,0.37223685,-2.1224975665923296e-09
0.1860488755139189,0.16369067,0.16369069,-1.867527008037051e-08
0.4707158755381145,0.37258923,0.37258923,5.374145573000533e-10
0.1954894743951945,0.17327656,0.17327654,1.851840972233454e-08
0.484701336818794,0.38915324,0.38915324,2.1112060433203794e-09
0.2109167945182546,0.18838659,0.18838657,1.9288711544662718e-08
0.5008419523570324,0.40135202,0.40135202,-1.882095312932819e-09
0.233942645448195,0.22209093,0.22209093,-2.533721843445136e-10
0.5256393566090396,0.41755158,0.41755158,-2.9087829367391294e-09
0.2698629728989021,0.25612396,0.25612396,1.815797512350059e-11
0.5744143189616853,0.46915317,0.46915323,-6.418273923447515e-08
0.324434239602861,0.30987927,0.30987927,3.176193252851789e-09
0.6422011942750055,0.5523102,0.5523102,2.834777834692659e-08
-1.0048481345826017,-0.99906844,-0.99906856,1.2099319457448132e-07
-0.7660700604391191,-0.7727378,-0.7727379,9.892501828812073e-08
-0.8480420897497072,-0.8368172,-0.83681744,2.350477600332468e-07
-0.5848566136204877,-0.55054283,-0.55054283,-1.420898398940551e-09
-0.6921570789540101,-0.6782804,-0.6782804,-1.3150787347981918e-08
-0.3955841189763771,-0.32019305,-0.32019305,-2.2918701381158257e-09
-0.5355812926304151,-0.53583455,-0.53583455,-8.575439247593408e-10
-0.2277256656971111,-0.1350287,-0.13502868,-2.500087736834189e-08
-0.382459383946311,-0.3588763,-0.35887635,6.206283570397986e-08
-0.0743734985037076,0.03544472,0.03544472,1.5795516977723523e-09
-0.2295677337715063,-0.22141661,-0.22141673,1.2250087738641113e-07
0.0861166824779773,0.22158784,0.22158784,-3.257598885086921e-09
-0.0764458250874023,-0.09123625,-0.09123625,1.387596135216107e-09
0.2463766049503629,0.4012145,0.4012145,1.0202407862980323e-08
0.0718406549014142,0.058864534,0.058864504,2.990121460155759e-08
0.4167679018319223,0.51737595,0.51737595,-3.9550781538721935e-09
0.2143706721577457,0.17830263,0.17830265,-1.921787262659791e-08
0.5903828178436734,0.62617165,0.6261717,-5.149765014422769e-08
0.9905721070060386,0.9368187,0.9368187,1.89102172809541e-08
0.9141262819186364,0.8860268,0.8860268,-3.211975130312794e-10
0.9643226369459064,0.9134254,0.9134254,-1.404800420434782e-08
0.8890281044050011,0.8665313,0.86653125,6.246566774947837e-08
0.9394547179415706,0.8891834,0.8891834,2.061462445190898e-09
0.8609365662704738,0.8472674,0.8472674,-1.0702514652294326e-08
0.9104421457698456,0.86228883,0.86228883,2.664489739956366e-09
0.839983041924228,0.8259908,0.82599074,5.608917241772815e-08
0.8786664714865279,0.8370553,0.8370553,2.5508117729167168e-08
0.8123520208082994,0.80563927,0.80563927,-3.032226580934605e-09
0.8475815727311082,0.8137835,0.8137836,-7.35794067896478e-08
0.7851815167109697,0.7802942,0.7802942,-2.0083618212929366e-08
0.8211018441616768,0.7896099,0.78960985,5.905761724100955e-08
0.7584715296322387,0.7515663,0.7515663,-9.144592305609933e-09
0.7932405645364488,0.7555178,0.7555177,8.07807922775794e-08
0.7331430936093043,0.7213955,0.7213955,-7.4462890298221396e-09
0.7633069583275263,0.7243853,0.7243853,2.114028929689482e-08
0.7048212969654775,0.6958533,0.6958533,-7.057952888800401e-09
-0.6274544378408775,-0.6265758,-0.6265758,-2.759857176126701e-08
-0.8300819260243535,-0.8031675,-0.8031675,-2.195358272949477e-08
-0.4881480397147377,-0.4448005,-0.44480044,-5.6101379375395055e-08
-0.7073541405677708,-0.6509697,-0.6509697,1.5876007064541398e-08
-0.342624661837514,-0.27207208,-0.27207208,3.202514642364207e-09
-0.5632123137463436,-0.50865144,-0.5086514,-3.53752136472707e-08
-0.1931868893022004,-0.10803385,-0.10803388,2.9210929869405433e-08
-0.4186099699063175,-0.3929454,-0.3929454,-8.821105956791087e-09
-0.0370716199972041,0.0080828965,0.0080828965,-2.8976441038275347e-11
-0.2717050409732974,-0.28109962,-0.28109962,2.518768305037611e-09
0.1107543429730136,0.16629913,0.16629913,4.492874156047932e-09
-0.1273329556425707,-0.16789435,-0.16789435,1.4978408791055386e-09
0.2484489315340575,0.3352126,0.3352126,-1.1689758327992905e-08
0.0069077552789821,-0.044996947,-0.044996917,-3.005009460710362e-08
0.3918999828275866,0.49568862,0.49568856,5.722946166963894e-08
0.1347012279401516,0.10453463,0.10453463,3.4576606716685276e-09
0.52982482989793,0.5922403,0.59224033,-5.604751585064349e-08
0.2429227273108718,0.21251121,0.21251121,1.6336822450391253e-09
-1.417701641756434,-1.5306545,-1.5306545,-4.959869381870874e-08
-1.3085591083485164,-1.3881965,-1.3881966,1.3164672840737524e-07
-1.192278561152317,-1.247973,-1.2479731,1.3475952154173854e-07
-1.0354725163194225,-1.08522,-1.0852201,1.2071380606215598e-07
-0.8333055451545452,-0.8718135,-0.8718136,1.2391433712455324e-07
-0.6002839337435477,-0.6177843,-0.6177843,-2.1308136033404423e-08
-0.3479206075514003,-0.3205257,-0.3205257,-5.8143615477845856e-09
-0.0729919474479112,-0.062096253,-0.062096253,-3.745270066302098e-11
0.2171337742693385,0.2168123,0.2168123,-2.2981643810204844e-09
0.4994307066704085,0.5007485,0.5007485,1.5129089314669386e-08
1.2014696741078177,1.200001,1.200001,1.358032131193454e-09
1.2687243862397195,1.2841092,1.2841092,3.480987542658909e-08
1.213922861026461,1.2405565,1.2405565,-2.1499633851007616e-08
1.1397542319992848,1.1574681,1.1574681,-1.947937011692602e-08
1.1012754060875931,1.1204766,1.1204767,-9.649200438666128e-08
1.1637265059991908,1.2004232,1.2004232,4.066162118121497e-08
1.1066223956929386,1.1475176,1.1475176,-3.80874634053896e-08
1.0395697480343262,1.0753579,1.0753579,1.3970947287944568e-08
1.05182087047968,1.1038531,1.1038531,6.4987182302189694e-09
0.9913982043609604,1.0480843,1.0480844,-1.4096679690212e-07
0.9309822806171448,1.011323,1.011323,-2.4841308565726195e-08
0.9912628825339368,1.0542737,1.0542738,-7.544403080039785e-08
0.8763017236577919,0.95291066,0.9529106,6.169738764327803e-08
0.9332377381904868,0.97507185,0.97507185,-2.561187706362489e-09
0.8254903675476585,0.8460264,0.84602654,-1.1940673827481874e-07
0.8717587162075457,0.8655523,0.86555237,-6.382476802624382e-08
0.7542422799197561,0.7626917,0.7626917,-2.338333127127612e-08
0.8042929729828202,0.77161413,0.7716141,3.431167605594254e-08
0.8312332185708505,0.81502706,0.8150271,-4.187545776801471e-08
0.8038324559642215,0.7840372,0.7840371,7.279434199869428e-08
0.7748198837924964,0.7481817,0.7481817,7.064819840252312e-10
0.7508729988253584,0.7241905,0.7241905,-2.644348140456998e-08
0.7269261138582203,0.69667906,0.69667906,-4.309234635790915e-09
0.7066633650398727,0.6868304,0.6868304,1.420593309653384e-09
0.6877821672773216,0.6762077,0.67620766,6.12333679317345e-08
0.6735061397007583,0.67040735,0.6704074,-4.516830443002107e-08
0.6640655408194828,0.65137124,0.6513713,-5.9384155259856186e-08
0.6675194184589739,0.6599008,0.6599008,-1.5507507278300636e-08
0.7232419777094298,0.75173765,0.7517377,-4.5790862990280345e-08
0.7078146575863697,0.69906133,0.6990614,-6.586685186160679e-08
0.6944596640470042,0.66124886,0.66124886,2.7433776361718287e-09
0.6788020854146447,0.64886373,0.6488638,-6.718521117221599e-08
0.6665983844217762,0.64196146,0.6419614,5.534515379324034e-08
0.6564670100126025,0.64590436,0.64590436,2.201690718628413e-09
0.6493289962243208,0.6485357,0.6485357,2.8454589795501306e-08
0.652782873863812,0.6310372,0.6310372,-2.434463497458239e-08
0.6569275270312013,0.61683965,0.61683965,-2.706909141281244e-09
0.6661378674031775,0.64644915,0.64644915,-1.345062283775178e-09
-0.0820672556885342,-0.073169276,-0.07316925,-2.6118278498299397e-08
-0.2205876519088296,-0.21630765,-0.21630754,-1.1497684479500059e-07
-0.059750004405774,-0.03248349,-0.03248349,1.678695675522146e-09
-0.201476195636979,-0.1884148,-0.1884148,2.813148491931372e-09
-0.0327608232434827,0.024084091,0.024084091,1.865234390552306e-10
-0.1791411202349367,-0.11909045,-0.11909045,-2.7902603144669413e-09
0.0137056470561119,0.07417466,0.07417463,2.7464027399504154e-08
-0.1383853640889421,-0.03361854,-0.03361848,-5.957176208576387e-08
0.0635380208039877,0.13517609,0.13517612,-2.7613754283173364e-08
-0.0948665058313547,0.08188002,0.08188002,-1.884956357667278e-09
0.1453982026893568,0.24356374,0.24356376,-1.8554458608432967e-08
-0.0248679190043356,0.18057026,0.18057026,-3.0971528119927427e-10
0.2384655674119945,0.38302562,0.38302562,-3.5926056018986685e-09
0.0568738517969529,0.250645,0.250645,1.1663436882969336e-08
0.3548031933059363,0.46760738,0.46760744,-6.104034422360627e-08
0.1565757863235951,0.32158422,0.32158422,4.700927758172213e-09
0.5010782723111107,0.54973,0.54973,2.880096383606201e-09
0.2848297760033635,0.4034226,0.4034226,-5.929565449758201e-09
-0.4950557949937199,-0.51825005,-0.5182499,-1.4816055293742636e-07
-0.3326794383825167,-0.42781764,-0.4278177,5.7311248802260906e-08
-0.2652684776148808,-0.4214825,-0.42148256,5.65858459533608e-08
-0.4519974537547312,-0.4890694,-0.48906946,5.7782135021167136e-08
-0.3983472210879699,-0.48597372,-0.48597383,1.1421783446818878e-07
-0.1827216368152944,-0.40015298,-0.40015298,-1.281280526121975e-09
-0.330651219353945,-0.44765085,-0.44765085,1.8081663943902981e-10
-0.0822952427268301,-0.3141808,-0.31418073,-6.137802122108127e-08
-0.2516725506642492,-0.35524654,-0.3552466,5.6115722679717095e-08
0.0227394869694893,-0.23015963,-0.23015969,6.458896636973854e-08
0.1406311297397456,-0.1325614,-0.1325614,-5.327224772422312e-10
-0.1535824257027028,-0.28040344,-0.28040344,4.769744876842452e-09
-0.0467424773877791,-0.19403051,-0.19403051,1.6009902847891055e-09
0.268499253035007,-0.00807929,-0.00807929,-3.9001464904875327e-10
0.0706893623549172,-0.062898085,-0.062898055,-2.952129364575118e-08
0.3940670631557951,0.16251549,0.16251549,1.2471771115851737e-09
0.5241366378256631,0.39358938,0.39358938,-2.5967407113469676e-09
0.2095352434624581,0.10412638,0.10412638,-1.1061477706020284e-09
-1.1630357304712926,-1.1133596,-1.1133596,2.9496765030501138e-08
-1.1618844379247957,-1.1770979,-1.1770979,-1.660308845963243e-08
-1.0561957821563688,-1.0348064,-1.0348064,2.9264831447051165e-08
-1.0578075917214649,-1.0948488,-1.0948486,-1.5202178960116441e-07
-0.949816350860044,-0.92122716,-0.92122716,2.884063765584699e-09
-0.9509676434065408,-0.9501683,-0.9501683,-1.1595916782347615e-08
-0.7881748773318619,-0.77809703,-0.77809703,-3.5006714194096844e-09
-0.8314634770801499,-0.7933761,-0.79337585,-2.3814239502595314e-07
-0.595909022066859,-0.5963015,-0.59630156,6.397109986178151e-08
-0.6619932142357882,-0.6209459,-0.62094593,5.912368772342802e-08
-0.382459383946311,-0.3845247,-0.3845247,-3.0258178740361075e-09
-0.4579841749965157,-0.41196495,-0.41196495,-2.9457092320939182e-09
-0.1549639767584993,-0.13795827,-0.1379583,2.6708412176335017e-08
-0.2585803059432313,-0.19544359,-0.19544362,3.448497773450576e-08
0.0893403016081689,0.091451965,0.091451995,-2.9727573389037865e-08
-0.0085195648440779,0.027949303,0.027949303,3.8859557932591215e-10
0.3624268936372628,0.41411114,0.4141111,3.7390136709003485e-08
0.2507515166270516,0.29715586,0.29715586,-2.9138183532673168e-09
-0.1722333649559546,-0.17973061,-0.17973055,-5.9059333812339077e-08
-0.006018072325563,0.000668332,0.0006682873,4.4680705261188926e-08
-0.0040080213975388,0.0014692396,0.0014692247,1.4892552185159433e-08
-0.1784503447070385,-0.17086716,-0.17086716,3.7345876391370325e-11
-0.1779898276884397,-0.1832806,-0.18328063,2.790248870843115e-08
0.0029955089797983,-0.0002142191,-0.0002142191,6.677246104126733e-12
0.0109399400383342,0.004431799,0.004431829,-2.9945854186988474e-08
-0.1662466437141701,-0.18108432,-0.18108432,5.084990761794472e-11
0.0217614917815127,0.036621705,0.036621675,2.969760894838691e-08
-0.1448326023493255,-0.120498076,-0.12049805,-2.6081275944500604e-08
0.0563803334361076,0.11714492,0.11714495,-3.0068111417369536e-08
-0.1139779621032052,-0.078310356,-0.078310385,2.945590972525114e-08
0.1195592350576392,0.22770166,0.22770165,1.3970947260188993e-08
-0.0589461783806475,-0.019548565,-0.019548535,-3.0149307252147484e-08
0.2295231582782488,0.32410198,0.32410195,3.4500884982247015e-08
0.0297033476996231,0.057783276,0.057783306,-3.015733337358162e-08
0.3839009301923238,0.42666733,0.42666733,2.6492309457282204e-09
0.1722333649559546,0.19726965,0.19726965,-1.686477651974272e-09
-0.5157790608306663,-0.5466179,-0.5466179,-2.516708375033261e-08
-0.6792626024332435,-0.63038087,-0.6303808,-6.89117432006725e-08
-0.5503178372255769,-0.6124705,-0.6124705,-7.621765107934664e-09
-0.6511710642987162,-0.6264843,-0.6264843,2.5135803216613795e-08
-0.5588374020696549,-0.54002446,-0.54002446,6.379700101533103e-10
-0.441635820836258,-0.5534655,-0.55346555,6.442718503141265e-08
-0.3444667299119093,-0.41533023,-0.41533023,-1.189727760753101e-09
-0.5109436321353787,-0.5240307,-0.5240306,-8.54248046744388e-08
-0.212298345574051,-0.28827226,-0.28827226,-1.6195678687047632e-09
-0.4169981603412217,-0.41599822,-0.4159981,-1.2044372560415795e-07
-0.0663144506782285,-0.14278688,-0.14278688,4.632835393092449e-09
-0.2772312451964831,-0.26531106,-0.26531112,5.766403199380932e-08
0.0973993494336481,0.023858577,0.023858577,1.301574820145035e-11
-0.1347012279401516,-0.106509134,-0.106509075,-5.9173393254785545e-08
0.2588105644525307,0.21456969,0.21456969,-2.1566772534509226e-09
0.021644299874144,0.029653892,0.029653862,2.992104339641366e-08
0.4446291814571502,0.40781993,0.40781996,-3.326126096769855e-08
0.1911145627185058,0.20230052,0.2023005,1.8751144414963505e-08
1.178747299773861,1.1247222,1.1247221,1.4235534662176974e-07
0.6857098406936268,1.0071378,1.0071379,-1.2457885745220665e-07
1.038649947495427,0.9391434,0.9391434,1.9265747108754283e-08
0.9210340371976184,0.84706795,0.84706795,2.1560668805875594e-09
0.9229485195382215,0.76330554,0.7633055,4.4853210479089967e-08
0.8130427963361977,0.6876669,0.6876669,-6.994628876100251e-09
0.8127064156175846,0.6503855,0.65038544,5.9000549335053165e-08
0.7220906851629327,0.5205084,0.5205084,8.546447771706767e-09
0.7278384203498758,0.5919682,0.5919682,-2.1250915582804453e-08
0.6541644249196085,0.38401523,0.38401523,2.3246002345267414e-09
0.6633063385489241,0.54171824,0.54171824,4.552612287156421e-09
0.5965997975947572,0.35460424,0.35460424,4.232177719387664e-09
0.6297813049381256,0.5825148,0.5825148,2.248306274488243e-08
0.5528506808278705,0.38863635,0.38863635,6.317138478983964e-10
0.6111776176926946,0.5695226,0.5695226,1.9247436533476048e-08
0.524759142693343,0.4772591,0.4772591,-5.165100014359325e-10
0.6370529062050371,0.5924415,0.59244156,-6.076675418409394e-08
0.2733168505383933,0.530245,0.53024495,5.608444209048713e-08
1.1327238182968775,1.0560651,1.0560651,-1.744995126173876e-08
0.853107776954294,0.8302503,0.8302503,2.2818756106879334e-08
1.080278581979605,0.9478907,0.94789064,5.8909759514946813e-08
0.8052140070200179,0.8328521,0.8328522,-7.483215336279159e-08
1.0330421244586605,0.8556722,0.8556722,-1.9347381585710366e-08
0.760313597706634,0.80178577,0.80178577,-2.921600295024973e-09
0.9855928888607484,0.79301286,0.7930129,-4.2562866231499186e-08
0.7151829298839506,0.78927004,0.78927004,3.3731079041032785e-09
0.9354264701826308,0.77713954,0.77713954,4.4869995496910065e-09
0.6679799354775727,0.7518962,0.7518962,2.5642394874125785e-09
0.8808707866428946,0.76794344,0.7679435,-5.813217163197493e-08
0.6182440974689014,0.65209925,0.6520993,-4.825286870069334e-08
0.8230344413943677,0.7517765,0.7517766,-8.356246949947632e-08
0.5657451573486371,0.51059365,0.51059365,2.7252197165594794e-09
0.7642112389909494,0.70971817,0.70971817,-2.218170203072134e-09
0.5127857002097741,0.48360467,0.48360467,-4.2907716268913987e-10
0.7099551322093127,0.68054545,0.68054545,-7.431030235593994e-10
0.4637406377290008,0.43231207,0.43231207,1.3233947826485348e-09
1.7252634779396907,1.7353653,1.7353653,-2.843170165967024e-08
1.50427884125301,1.4545832,1.454583,1.6802978519692147e-07
1.640548907459153,1.6640774,1.6640773,1.0116119386616163e-07
1.4190831928122305,1.4005483,1.4005482,1.3889007566270095e-07
1.3325059933156544,1.3342024,1.3342023,1.0879058831569921e-07
1.5082907304291426,1.592488,1.5924879,1.5046081536240763e-07
1.2408631066144915,1.2640388,1.2640388,1.1932372867562435e-09
1.4288748086550092,1.5518913,1.5518913,2.6904296790419835e-08
1.134253416808867,1.1802381,1.1802381,2.770843510191412e-08
1.312109462930514,1.4172059,1.4172059,2.9756164643401917e-08
1.0320186386799313,1.0721151,1.0721151,-3.633270262426436e-08
1.206569430173202,1.2558851,1.2558852,-7.579345706609786e-08
1.1016077976479082,1.1509125,1.1509124,1.2326965337372542e-07
0.9194222276325223,1.002493,1.0024929,1.2387237546818142e-07
0.9685036033210892,1.0624967,1.0624967,-3.786010749351476e-08
0.7941615985736464,0.9119682,0.91196823,-5.840347294672199e-08
0.85015092936961,0.88777596,0.88777596,-2.4156189271096196e-09
0.6573880440498,0.67303157,0.6730315,6.852722167494107e-08
0.3393253056036193,0.28239468,0.28239465,2.740058896444353e-08
0.260652632526926,0.247139,0.247139,6.853103640125369e-09
0.316998126785834,0.27027476,0.27027476,-1.6610717801235353e-09
0.232791352901698,0.25012293,0.25012293,4.5798492220860965e-09
0.2090747264438593,0.25806043,0.25806043,-4.480056770006513e-09
0.2904282981198061,0.27868396,0.27868396,4.3777464986405334e-10
0.2874320411965715,0.30043986,0.30043986,4.397048947168969e-09
0.2033182637113742,0.31020838,0.31020838,2.223205508578019e-10
0.2934156042995414,0.31641012,0.31641015,-2.5698089600734164e-08
0.2058511073136676,0.3360268,0.3360268,-1.2242126479211635e-08
0.3089542077273207,0.34073937,0.34073937,-6.076049663406025e-10
0.2173640327786379,0.34225515,0.34225518,-3.468864440137054e-08
0.3527673191077153,0.38145155,0.38145155,-2.854156466725044e-09
0.2611131495455248,0.35172874,0.35172874,-2.645721419725078e-09
0.2991058035799265,0.35859287,0.35859287,-2.148742683782956e-09
0.3987761199573678,0.41663697,0.41663697,3.6194610641970826e-09
0.3831501594742092,0.43508232,0.43508232,-3.601379416906525e-09
0.4940862997616926,0.5025154,0.5025154,-2.4385833685691694e-08
-0.6223887506362906,-0.63826907,-0.6382691,3.318939212348937e-08
-0.6682101939868722,-0.6771829,-0.6771829,-1.2826538053900549e-08
-0.5876197157320805,-0.60859305,-0.608593,-4.666519159979288e-08
-0.6051193624388352,-0.65306026,-0.6530603,4.256515506728675e-08
-0.5203842310166544,-0.55881345,-0.55881333,-1.2272064209284395e-07
-0.5413377553629002,-0.60631675,-0.60631675,4.718780477475093e-09
-0.4144653167389282,-0.46976513,-0.46976513,3.2948302974844523e-09
-0.4566026239407193,-0.5149835,-0.51498336,-1.1520828246958104e-07
-0.3094674364983997,-0.34032822,-0.34032822,3.4472656396111745e-09
-0.3543678458117837,-0.42145014,-0.42145008,-5.8092041010926465e-08
-0.1763780181233439,-0.22079073,-0.22079079,6.107334135641018e-08
-0.232791352901698,-0.2867412,-0.28674108,-1.1710922243057809e-07
-0.0244074019857368,-0.054691598,-0.054691628,3.0180671690971383e-08
-0.0980901249615463,-0.1434728,-0.1434728,-5.619239795695563e-09
0.1402274321633374,0.12041995,0.12041995,-7.068634011453412e-10
0.0656236751503303,0.008551493,0.008551493,2.870864865278655e-10
0.3513744851908914,0.34478095,0.34478095,1.7383575690033126e-09
0.2422319517829736,0.21080934,0.21080934,-4.887428295408114e-09
-0.5567650754859602,-0.48981196,-0.48981196,3.117523184048565e-09
-0.5088713055516841,-0.44925743,-0.44925755,1.1658554077698113e-07
-0.4519974537547312,-0.3896032,-0.3896032,2.4253845043453737e-09
-0.5733436881555174,-0.55575514,-0.5557551,-3.8397216850505345e-08
-0.3737095605929336,-0.29549158,-0.29549158,3.805236792331357e-09
-0.4595959845616115,-0.47642744,-0.4764275,6.412506103892213e-08
-0.264106510166417,-0.21111356,-0.21111362,6.278049469177205e-08
-0.3555191383582807,-0.39279848,-0.39279842,-6.337173463766277e-08
-0.1471351874423195,-0.12877901,-0.12877901,1.0154342644508318e-09
-0.2666393537687105,-0.2751121,-0.27511203,-6.249496459220794e-08
-0.0085195648440779,0.01300098,0.01300101,-2.99804306033713e-08
-0.1740754330303498,-0.1483831,-0.14838313,3.4139518739761954e-08
0.1505890650818106,0.17279793,0.17279795,-1.677913666342512e-08
-0.063781607075935,-0.04159352,-0.041593537,1.516658020006556e-08
0.3380194916515259,0.37433147,0.37433147,4.304199219262728e-09
0.0828930633477856,0.10603672,0.10603672,2.660064696291542e-09
0.2106865360089552,0.20447533,0.20447531,1.8326225287301767e-08
0.2023972296741766,0.19134194,0.19134194,-3.4117126346266957e-09
0.2021669711648772,0.19087566,0.19087566,4.3533706639564684e-09
0.2060813658229671,0.19570199,0.19570199,-3.4487152023032763e-09
0.2198968763809314,0.21261843,0.21261843,-4.511528012285382e-09
0.2449950538945664,0.26539883,0.2653988,3.017539979000006e-08
0.2783825377429801,0.38096628,0.38096628,-4.069595327393927e-09
0.343775954384011,0.4662425,0.46624255,-5.780105588604201e-08
0.4575236579779169,0.50429696,0.50429696,-1.5534973307751443e-09
0.6449540845476323,0.6440208,0.64402074,5.582214357424675e-08
-0.3764726627045265,-0.36686933,-0.3668694,6.959381104731932e-08
-0.5318971564816246,-0.51081425,-0.51081425,4.844665779657475e-10
-0.3594335330163705,-0.34064406,-0.34064394,-1.2156539919150333e-07
-0.5217657820724508,-0.5181382,-0.5181382,2.975769042290466e-08
-0.3242039810935617,-0.2796089,-0.2796089,-5.315399176364366e-09
-0.4890690737519353,-0.51971453,-0.5197146,6.571731570037542e-08
-0.2491397070619558,-0.20959152,-0.20959152,-2.8128433193774782e-09
-0.441635820836258,-0.50697684,-0.5069767,-1.4288024907660457e-07
-0.1673979362606671,-0.15144928,-0.15144925,-2.7997016899261595e-08
-0.37509111164873,-0.44385213,-0.4438522,7.340164182023656e-08
-0.0704591038456178,-0.080805644,-0.080805674,2.9607032769884967e-08
-0.293119082338142,-0.34282035,-0.34282035,3.6445617634939254e-09
0.0451306678226832,0.03831421,0.03831421,-1.6116714490754802e-09
-0.1911145627185058,-0.21943493,-0.21943487,-6.187427520343292e-08
0.1848975829674218,0.2058801,0.20588012,-1.450454711893201e-08
-0.0653934166410309,-0.09833147,-0.09833147,3.682823185302553e-09
0.363117669165161,0.38341606,0.38341606,-3.3670043975142505e-09
0.0868074580058755,0.042626843,0.042626843,-1.4359283206921702e-10
2.198002052801605,2.1709864,2.1709862,2.1395568827742295e-07
1.9362438046986927,1.889425,1.8894252,-1.6070861819095228e-07
1.828713080855872,1.7831607,1.7831608,-1.1350708017943134e-07
2.021547563260933,2.021674,2.021674,-8.22296142288792e-08
1.7168074453363606,1.6724219,1.6724218,1.322204590259446e-07
1.9022567689910337,1.9082853,1.9082853,-3.979949947385819e-08
1.5959217279541733,1.5781527,1.5781527,-4.344482418261464e-08
1.7920927470181751,1.8294036,1.8294035,1.3883972171946368e-07
1.463292826597716,1.5049509,1.5049509,-1.8995666595245098e-08
1.6384140206706177,1.7241046,1.7241045,1.4286804206342651e-07
1.3182299657390912,1.3883233,1.3883233,7.0373535887569005e-09
1.506962120844864,1.6398413,1.6398414,-8.186950672950388e-08
1.362001668550846,1.4375237,1.4375236,1.2264862059296888e-07
1.143924274199442,1.2307652,1.2307653,-7.6496887269073e-08
1.1407134646867452,1.1602556,1.1602556,-4.866180414175858e-08
0.958335915704122,1.0305158,1.0305159,-1.1001434319091175e-07
0.9376607576103476,1.0309689,1.030969,-9.550476076647385e-08
0.7485704137323643,0.8646238,0.8646238,-1.4981079154985366e-08
1.3313547007691575,1.2521048,1.2521048,-4.078369131299553e-08
1.2894476520766658,1.2346178,1.2346178,2.9322814842913658e-08
1.2431656917074856,1.1605787,1.1605786,1.2772216795298164e-07
1.194581146245311,1.113597,1.113597,3.5408020071514557e-08
1.1430032401622443,1.0702431,1.0702431,2.0193481553576476e-08
1.081293959670004,1.0231874,1.0231874,-1.0894776192316158e-09
1.005078393091901,0.9389086,0.9389086,-2.303466795083864e-08
0.9136657649000374,0.92468745,0.9246875,-5.483627318891848e-08
0.8098191772060059,0.87068754,0.87068754,4.345855675325083e-09
0.6870913917494232,0.6827342,0.6827342,-8.582305865978412e-09
-0.4453199569850484,-0.45891523,-0.45891523,-3.6120605395595362e-09
-0.5742647221927151,-0.56467444,-0.5646744,-3.704605100462999e-08
-0.4310439294084854,-0.42188567,-0.42188567,7.685851954875034e-10
-0.5493968031883794,-0.53515464,-0.53515464,-6.745910496874785e-10
-0.4008800646902634,-0.37054652,-0.37054652,2.436828516749756e-10
-0.4828520940008514,-0.47165185,-0.47165185,-2.130889908968925e-09
-0.322131654509867,-0.27552348,-0.27552348,-3.753204358414308e-09
-0.3905184317717902,-0.36034977,-0.36034977,-4.360656724600176e-09
-0.201476195636979,-0.18355592,-0.18355595,3.404827117470255e-08
-0.2889744291707528,-0.25064403,-0.2506441,7.181320188509588e-08
-0.0359203274507071,-0.08921982,-0.08921979,-3.3479652411516625e-08
-0.1756872425954457,-0.15374504,-0.15374504,-2.975082402656426e-10
0.141148466200535,0.031018496,0.031018496,-4.4030761675584174e-10
-0.0435188582575874,-0.027058199,-0.027058199,-4.804229583599273e-11
0.3200593279261724,0.21087065,0.21087067,-1.660911561063294e-08
0.1130569280660076,0.10962603,0.10962604,-7.587947839504672e-09
0.4978188971053127,0.3782553,0.3782553,7.674407942470651e-09
0.3080858854426033,0.26928374,0.26928377,-2.8287429787443585e-08
-0.632289866536165,-0.6657337,-0.6657337,4.969787581465823e-09
-0.5788698923787031,-0.60166025,-0.6016603,4.838256839612143e-08
-0.4602867600895097,-0.6250509,-0.62505084,-6.236663818715016e-08
-0.5026543258006002,-0.5190538,-0.5190538,-1.6795349111475844e-08
-0.3654202542581551,-0.5384604,-0.5384603,-7.387847900108824e-08
-0.4075575614599461,-0.42356467,-0.42356467,-2.47009279696897e-09
-0.2645670271850159,-0.4433266,-0.44332653,-6.244537353872204e-08
-0.2841390004754652,-0.28562373,-0.2856238,7.07710265945849e-08
-0.1549639767584993,-0.30824006,-0.30824006,3.9620971503673275e-09
-0.149668031044613,-0.16739847,-0.16739847,2.340049737314942e-09
-0.0308546402461202,-0.18930058,-0.18930061,2.8187141426494478e-08
-0.0138155105579642,-0.038358405,-0.038358405,-2.3242950619728475e-10
0.1026952951475344,-0.05245842,-0.05245842,-3.958511365920181e-10
0.1526613916655052,0.108199805,0.10819982,-1.4978713991364856e-08
0.2224297199832248,0.084572,0.084572,2.2916793879224073e-09
0.3057833003496093,0.24780308,0.24780306,1.710170746682671e-08
-0.8521429120504033,-0.1454307,-0.14543073,3.100917816967197e-08
-0.7874578600311866,-0.14341928,-0.14341925,-3.064823150822349e-08
-0.632240245656424,-0.12611566,-0.1261157,3.5160255429378395e-08
-0.5891475905414606,-0.085174665,-0.085174665,1.449966396949165e-10
-0.4426997947183902,-0.023924455,-0.023924425,-3.004665374839455e-08
-0.2779958028623601,0.04787068,0.04787068,6.898117077547283e-10
-0.1546674800121387,0.11998708,0.11998708,-1.9889640767711825e-09
0.0090588444883461,0.20638402,0.20638402,-1.9364547743094818e-09
0.1213322851675249,0.2802894,0.2802894,1.1544799782825521e-08
0.1642424433940488,0.34073985,0.34073985,-3.770446788120552e-09
0.2636711024902777,0.40672594,0.40672594,3.0885314861173185e-09
0.3403219597759603,0.4482959,0.4482959,-8.71505739796774e-09
0.5225367796940019,0.52795714,0.5279571,4.139938358793671e-08
-0.6931471805599453,-0.7483819,-0.74838203,1.172917175606969e-07
-0.6834072556006329,-0.705079,-0.705079,-1.9069671619575956e-08
-0.6635883783184009,-0.6559566,-0.6559567,7.406158442080368e-08
-0.623770301692087,-0.61837757,-0.61837757,3.6624145938191077e-09
-0.6198967188203526,-0.60797817,-0.6079781,-6.514968875492855e-08
-0.5887710082785775,-0.51813155,-0.51813155,-4.126739505672106e-09
-0.5744756508424468,-0.4828809,-0.4828809,9.630584718589574e-09
-0.4998912236890073,-0.42177474,-0.4217748,5.501251221229353e-08
-0.4541302800894454,-0.38126522,-0.38126522,-3.0262756189891604e-09
-0.3755516286673289,-0.32142788,-0.32142788,-1.7176818856157183e-09
-0.3257301400893108,-0.26260585,-0.26260585,4.071807835348551e-09
-0.2493699655712551,-0.1744213,-0.1744213,4.47635650768774e-09
-0.208254938820459,-0.12965424,-0.12965424,-3.5884475668712668e-09
-0.0221048168927428,-0.006080389,-0.006080389,-2.2827148157822386e-11
0.0207825391825284,0.042276517,0.042276517,-4.432601924397872e-10
0.245296355955343,0.26947868,0.26947868,-1.2966919205048555e-09
0.2449950538945664,0.26653296,0.26653296,-2.4461364600547597e-09
0.8289306334778564,0.81217146,0.8121714,5.919799805909065e-08
0.7985365102503351,0.76420176,0.76420176,2.9205327045644935e-10
0.7667608359670173,0.7151144,0.7151144,1.469192500991312e-08
0.7382087808138911,0.68640643,0.68640643,3.5823058963657672e-09
0.714261895846753,0.6587135,0.6587135,1.957321171808246e-08
0.6942294055377048,0.64093643,0.64093643,4.268951414587718e-09
0.6792626024332435,0.64543575,0.64543575,4.844665779657475e-10
0.6764995003216507,0.6779333,0.6779332,7.569961546494142e-08
0.684098031128531,0.67671555,0.67671555,2.806854193515562e-09
0.7193275830513399,0.6661337,0.6661337,1.801299998049899e-09
0.7255445628024239,0.75940967,0.75940955,1.1606140137843113e-07
0.7089659501328668,0.7263991,0.7263991,2.3668670690035754e-08
0.6887032013145191,0.7191568,0.7191568,1.7005920005530584e-09
0.6689009695147703,0.69246274,0.6924628,-5.767135624612507e-08
0.6546249419382072,0.6735823,0.6735823,1.544494632188531e-08
0.6435725334918359,0.6815202,0.68152016,6.361755366945943e-08
0.6415002069081412,0.7237792,0.7237792,1.5075684034471237e-09
0.6518618398266144,0.71160865,0.71160865,-1.699829055290536e-09
0.674427173737956,0.6885078,0.6885078,-4.666137698450257e-09
0.7163342224304476,0.6680962,0.6680961,8.473052981461393e-08
0.6124792774924905,0.60389227,0.60389227,-3.249664315418954e-09
0.4580575582273349,0.46529603,0.46529603,4.4555636957710476e-11
0.2859305394129745,0.32283324,0.32283324,3.219602362491969e-11
0.1629688282781397,0.24936232,0.24936232,-2.921295150226655e-10
0.0732504617395927,0.22163935,0.22163935,5.664824165307891e-11
0.0227394869694893,0.19669019,0.1966902,-1.3141822824414007e-08
0.0648509723196162,0.17894503,0.17894503,4.742355341758042e-09
0.211880359035499,0.20935929,0.20935929,-1.7843627964087005e-09
0.3618614706260324,0.35170186,0.35170186,-4.340515113998578e-09
0.5241366378256631,0.47351378,0.47351378,2.0243835496813745e-09
1.1395622749970638,1.0735986,1.0735987,-7.672424318094784e-08
0.8213321026709762,0.84094507,0.8409451,-3.497848510836121e-08
0.9671739421887248,0.8604658,0.86046576,6.460403445540663e-08
0.6394278803244465,0.60648906,0.60648906,2.3092651124656527e-09
0.8199560274236412,0.577303,0.577303,-7.656097422703567e-09
0.4851546790938454,0.46443814,0.46443814,3.9230346748908573e-10
0.7125085340385652,0.444156,0.444156,-8.92257689955045e-09
0.3665715468046521,0.39414948,0.39414948,2.250213626542319e-09
0.5944312076207876,0.36557296,0.365573,-4.0815353374856755e-08
0.2984150280520283,0.34032524,0.34032524,-3.6795043678594652e-09
0.5892300671401723,0.3624458,0.36244583,-2.8503494287068776e-08
0.2677906463152075,0.31914064,0.31914064,2.8813934571658706e-09
0.5665062795925478,0.37645406,0.37645406,-4.6907043249611036e-09
0.2694024558803033,0.3445574,0.3445574,4.518127427743934e-09
0.5932163419348958,0.46777797,0.46777797,-2.546997057706335e-09
0.2995663205985253,0.3933357,0.3933357,3.509520452027459e-11
0.6578308354323777,0.58828413,0.58828413,4.864807112703318e-09
0.3569006894140771,0.40308958,0.40308958,2.9200744600110795e-09
1.7399397204982583,1.7353446,1.7353446,4.8361206150815406e-08
1.64113035916659,1.6393541,1.6393542,-9.02359009735676e-08
1.5426568787437491,1.510752,1.510752,-3.733825693075232e-08
1.432462041964898,1.3437577,1.343758,-2.5139617920721946e-07
1.3137236682850553,1.1327803,1.1327803,1.3491821215794175e-08
1.1820338968071822,1.0148844,1.0148844,-4.731597891272088e-08
1.0567480845694108,0.95135665,0.95135665,-6.011963149532562e-10
0.9198842673842852,0.8783034,0.8783034,8.622741742847495e-09
0.7916341272745993,0.82072157,0.82072157,-3.322906505509593e-09
0.5383443947420079,0.4696614,0.46966136,5.462326047034338e-08
0.755182571479398,0.74260664,0.74260664,-1.3793943764994765e-10
-0.4402542697804616,-0.4887939,-0.4887939,-9.549713131384863e-09
-0.5883104912599787,-0.58961093,-0.58961093,-4.257507346672185e-09
-0.4031826497832574,-0.48623264,-0.48623264,1.640930169521937e-09
-0.584396096601889,-0.584156,-0.5841559,-7.677230839941984e-08
-0.3513744851908914,-0.45092475,-0.4509247,-5.414276121884498e-08
-0.5383443947420079,-0.54588133,-0.54588133,-9.669494094310949e-10
-0.264106510166417,-0.36585945,-0.3658595,5.1090240482665195e-08
-0.4694971004614859,-0.47974122,-0.47974128,6.429412841013615e-08
-0.144602343840026,-0.24181177,-0.24181171,-5.722049711831545e-08
-0.3785449892882211,-0.37492794,-0.37492806,1.2201553345470018e-07
-0.0078287893161797,-0.14242788,-0.14242788,3.408317572617392e-09
-0.261803925073423,-0.29179192,-0.29179198,6.410644531884557e-08
0.1655558681862719,-0.0408891,-0.04088907,-2.924030303996794e-08
-0.1319381258285588,-0.16475345,-0.16475345,-1.9433975262383996e-09
0.3513744851908914,0.1240461,0.12404609,1.2166175844541272e-08
0.0520384231016654,-0.004590228,-0.004590228,-1.9995880125300847e-10
0.5351207756118163,0.36610833,0.3661083,2.810401916741867e-08
0.2760799526499861,0.26954013,0.26954013,1.09207154430635e-09
-0.4984827525190093,-0.5291639,-0.529164,1.0296249386421152e-07
-0.3647294787302569,-0.44914562,-0.44914573,1.1489913942508423e-07
-0.3857680518870555,-0.42884243,-0.42884237,-5.534637453896707e-08
-0.2971807821016623,-0.35715348,-0.35715348,4.715423607137836e-09
-0.2023972296741766,-0.31792372,-0.31792378,5.5348663319243485e-08
-0.1686787463589694,-0.24283566,-0.2428356,-5.580844877894897e-08
-0.0630908315480368,-0.18716194,-0.18716197,3.264400483260488e-08
-0.0759820464062149,-0.15720214,-0.15720211,-2.9496803277684336e-08
0.0647026411131326,-0.050539896,-0.050539926,3.010785674939509e-08
0.0780905175299258,-0.0002580285,-0.0002580285,-7.2326660177472746e-12
0.1807529298000326,0.08493735,0.08493738,-3.1038169867603216e-08
0.2125520245250754,0.13960984,0.13960984,3.49250792175404e-09
0.2963427014683337,0.21718758,0.2171876,-1.6553497322879807e-08
0.3518502410230583,0.33307445,0.33307445,4.928588648311916e-10
0.4098601465529402,0.36994147,0.36994147,3.007202153959554e-09
0.5254499182212412,0.47743344,0.47743344,3.069458021087712e-09
0.6364345197035542,0.5712505,0.57125044,5.8294830296290456e-08
0.415731738540075,0.26253402,0.26253402,2.3312378139017653e-09
1.0822149937072014,0.78548014,0.78548014,1.6397094793063616e-09
0.6395430095790964,0.4846043,0.4846043,-9.31549060112502e-10
0.6618780849811385,0.5115795,0.5115796,-8.645019533570775e-08
0.6279149548594762,0.4923219,0.4923219,8.47396852687865e-09
0.561139987162649,0.4726277,0.4726277,-6.248473960468459e-10
0.4983945433785612,0.43378416,0.43378416,-2.962264988859431e-09
0.433922160774728,0.37328768,0.37328768,-2.235107432468908e-09
0.378199601524272,0.32696405,0.32696405,5.31387323032817e-10
0.3463087979863045,0.3059376,0.3059376,-1.1785125708652089e-08
3.522724933771591,3.47991,3.4799094,4.968505860070138e-07
3.745732265706719,3.7037108,3.703711,-2.0555114765841154e-07
3.52686958693898,3.4912117,3.4912117,-4.724426272417759e-08
3.754433084853375,3.7237444,3.7237446,-2.076049803179103e-07
3.761665123839584,3.7376127,3.7376125,2.2430419921448674e-07
3.530553723087771,3.5012143,3.501214,2.6582336420943875e-07
3.5335470837086627,3.5105426,3.5105422,4.3114929182408446e-07
3.769537357131391,3.7484872,3.7484872,3.4115600566764215e-08
3.535158893273759,3.5058498,3.5058498,3.8256835921401944e-08
3.775515760773483,3.7469554,3.7469554,-5.255127000225457e-09
3.78009033416732,3.7449737,3.744974,-3.4048461916569295e-07
3.535158893273759,3.4980166,3.4980168,-2.041595457136225e-07
3.5323957911621657,3.4991016,3.4991016,3.879394538941483e-08
3.783052624131186,3.7423499,3.7423499,-3.694763162087611e-08
3.781458635407029,3.7461197,3.7461202,-4.623748779408743e-07
3.526178811411082,3.4950643,3.4950643,-4.142456067057765e-08
3.518350022094902,3.4775462,3.4775462,1.5057373126126095e-08
3.777348102101545,3.7295783,3.7295778,4.5660705572103666e-07
0.8903573498476506,0.98040843,0.9804085,-6.990051271138498e-08
0.929404371019538,1.0248774,1.0248774,2.900848383724508e-08
1.0719260234056038,1.0865486,1.0865486,-3.3181762670864146e-08
1.2669476034873244,1.1433914,1.1433914,-2.9226684628014254e-08
1.559827411880766,1.2599415,1.2599413,1.587020874715961e-07
1.803523336148297,1.4025937,1.4025937,3.188018804500814e-08
2.135467369942364,1.8409984,1.8409985,-8.882141111499209e-08
2.4695391726568787,2.3566284,2.3566287,-2.8203124990966444e-07
2.855032391450856,2.8251028,2.8251026,2.060913084633853e-07
3.3154579227144447,3.266717,3.266717,-4.290771471460175e-08
3.574057654666597,3.4966772,3.4966774,-2.397369383011494e-07
0.1582849789657132,0.25989562,0.25989562,2.7302551330876668e-09
0.0094405988812755,0.0571467,0.0571467,-1.763534547560841e-09
-0.5673959752543851,0.67619014,0.67619014,-2.136840815403218e-09
0.2726260750104951,0.38245952,0.38245952,1.2936401394547659e-09
0.8294247988524931,0.9353669,0.9353669,2.8577423094588994e-08
0.6021260018179431,0.7207373,0.7207373,-2.153854372632935e-08
1.196917977452233,1.3392787,1.3392786,9.796752920010476e-08
0.93968497645087,1.113873,1.113873,4.913330187150677e-09
1.6136291170525685,1.8218881,1.8218881,-1.0820007334544357e-08
1.3104011764229115,1.5579638,1.5579641,-2.5188598629100056e-07
2.056927491797497,2.269342,2.269342,-5.4351806610952735e-08
1.7036827103062946,1.8668269,1.8668268,9.189910898932396e-08
2.4969998974753835,2.718647,2.718647,3.1738283112758836e-09
2.1043325164872586,2.2191002,2.2191002,3.6892700006063706e-08
2.94706710157271,3.0834816,3.0834813,2.502166749351886e-07
2.5040612886310245,2.5766287,2.576629,-3.1500244146442924e-07
3.3704632222922943,3.4124887,3.412489,-3.0104064929759033e-07
2.888362740651731,2.8992212,2.8992214,-2.1813049322361167e-07
0.6440330505104347,0.6226712,0.6226712,-1.3076019267366235e-08
0.4886085567333365,0.5849938,0.5849937,7.965927129038874e-08
0.8609365662704738,0.80516493,0.80516493,3.2046508779970395e-09
0.6804138949797405,0.7914781,0.79147804,5.743881226205616e-08
1.0792216330863094,0.983672,0.98367214,-1.1718048098519063e-07
0.8841926757097136,0.97712255,0.9771226,-5.475769038199019e-08
1.311782727478708,1.1800191,1.1800191,4.024353028597716e-08
1.096030504265166,1.2539054,1.2539054,1.5534973085706838e-08
1.5825667344148078,1.3815321,1.3815321,-2.697906498205782e-08
1.3200720338134866,1.4980302,1.4980301,8.569946285952312e-08
1.878679177373842,1.6902646,1.6902646,-1.7366027726950506e-08
1.5749682036079276,1.6758043,1.6758044,-1.426071167820453e-07
2.197817471262817,2.0523887,2.0523887,-3.193969710935107e-08
1.8551928094253027,1.8699648,1.8699647,1.3802795417738878e-07
2.549191956453708,2.5029583,2.5029583,-2.2705077817875008e-09
2.175252137351475,2.1756425,2.1756427,-2.0961303714983615e-07
2.970795286980918,2.9311593,2.9311588,4.578887939921117e-07
1.4826345413788662,1.4879774,1.4879775,-1.1447906489436832e-07
1.672224900532865,1.792769,1.7927688,1.5523071295042712e-07
1.592467850314682,1.634201,1.634201,4.9804687485277555e-08
1.8426109993854884,1.9671435,1.9671435,3.561401373808337e-08
1.7393727792477025,1.7754864,1.7754862,1.500595092629453e-07
2.031432322493475,2.17989,2.17989,-8.262634265676638e-08
1.923579586687226,1.9485496,1.9485495,1.2825775153046948e-07
2.2035379393928114,2.3945532,2.3945532,-1.5490722482525143e-08
2.24981702745539,2.4298787,2.4298787,1.1700439284112463e-08
2.110088979219744,2.1982393,2.1982396,-2.735229491790392e-07
2.3041969025591413,2.4374328,2.4374328,-3.4039306484601184e-08
2.66569926056168,2.8792083,2.8792086,-2.736602784381148e-07
2.52524507148657,2.6779869,2.6779869,-3.972473150426481e-08
2.9207931868894974,3.110275,3.1102748,2.3013610839228704e-07
2.810535364508532,2.923443,2.9234433,-2.2100524921242481e-07
3.347902084603932,3.4217412,3.4217412,4.7177123985164826e-08
3.149936407215855,3.1823902,3.18239,2.1301269548246182e-07
3.5046560900303856,3.5319095,3.5319095,-3.4210204891138574e-08
1.3276318755544738,1.2761796,1.2761797,-1.4792175284661369e-07
1.048827509858788,1.0123785,1.0123785,-4.579162604656517e-08
1.4802172153966624,1.3811275,1.3811276,-1.2330780019276233e-07
1.1885944250035263,1.1793087,1.1793085,1.528778075243764e-07
1.6585518337123526,1.4949096,1.4949098,-1.5587310797648968e-07
1.348854347475912,1.3241141,1.324114,8.424377440086062e-08
1.8551567143578465,1.6849637,1.6849637,3.155517624975346e-09
1.5284559847294474,1.4925953,1.4925953,1.497955315343802e-08
2.0898249470595243,2.0465147,2.0465147,4.952697763016545e-08
1.7345373505524146,1.7137957,1.7137957,-3.8073730390664196e-08
2.332338051143393,2.4384415,2.4384415,1.4968871919762705e-08
1.9601906896658312,1.9202758,1.9202757,1.0738067635074344e-07
2.608966242878311,2.7644763,2.7644763,-7.141114366504553e-10
2.209790913746386,2.186067,2.1860669,2.0433959946331015e-07
2.9538159304526994,3.0767403,3.0767403,-3.510742185852678e-08
2.517876799188989,2.5412064,2.5412068,-4.401367186268601e-07
3.325323749082981,3.4052057,3.4052057,2.6623535376302243e-08
2.853593705747522,2.8667018,2.8667018,4.1354370150514796e-08
1.7071365879457856,1.694467,1.6944671,-1.514907836952517e-07
1.964591700000894,2.021238,2.021238,8.860778821784265e-08
1.8061477469445293,1.8178301,1.8178303,-2.1424560547878002e-07
2.0991216124466634,2.1824715,2.1824715,1.374816882560026e-08
1.927033464326717,1.9465841,1.9465841,5.491638255250564e-09
2.290714920423558,2.3878186,2.3878186,-2.5094604616526794e-08
2.07278710071324,2.1157703,2.1157703,3.996582043086505e-08
2.204725226541799,2.3636632,2.363663,1.965637208556359e-07
2.479977856551248,2.6860998,2.6860995,2.676849364391387e-07
2.579610585257298,2.8156614,2.8156614,3.035888651581331e-08
2.374886264914059,2.5857606,2.5857606,-6.585693324012709e-09
2.613079963510984,2.8547666,2.8547664,2.0728454597218615e-07
2.766444887479292,3.0042002,3.0042007,-4.798919679416258e-07
2.577053236078936,2.7857893,2.7857893,-4.867248515338929e-08
2.848067501524336,2.9980538,2.998054,-2.108612062734494e-07
3.3083874070716712,3.4186747,3.418675,-2.925872801817775e-07
3.164672951811017,3.2187037,3.2187035,2.467956541352123e-07
0.7940372185062032,0.7948801,0.7948801,-7.855987527172203e-09
0.5109436321353787,0.53323895,0.53323895,-2.6084899795719707e-09
0.7233465542907874,0.6853842,0.68538415,6.392440798919097e-08
0.4414055623269586,0.4769053,0.4769053,-1.3687896704972502e-08
0.6665619030086902,0.59989715,0.5998972,-5.3775024433377894e-08
0.383610676492808,0.41247496,0.412475,-3.9911270122150455e-08
0.6312611384873984,0.56172514,0.5617251,3.961791994466779e-08
0.3276578587330527,0.34276372,0.34276372,1.942901617368875e-09
0.5950822098009133,0.5328292,0.5328292,2.5063323971785678e-08
0.2850600345126629,0.30401486,0.30401486,1.5837097189219662e-09
0.5690284919735301,0.5001843,0.50018424,5.756164556114385e-08
0.2567382378688361,0.28391224,0.28391224,1.4588928398673318e-09
0.5440553498173668,0.47135985,0.47135985,-1.0238647707438986e-09
0.2348636794853926,0.2516875,0.2516875,-3.0994415367580075e-09
0.5151741551834119,0.442092,0.442092,1.4381408841579457e-09
0.2097655019717575,0.22557676,0.22557677,-1.1615295419931115e-08
0.4838448954342162,0.4289204,0.42892036,2.8221740722145228e-08
0.1984828350160867,0.22031634,0.22031634,-4.4411087030127305e-09
-1.3238831009984935,-1.3084389,-1.3084388,-9.713287352219879e-08
-1.320532550832085,-1.3046639,-1.304664,1.0343933110057435e-07
-1.18090753139494,-1.1154239,-1.1154238,-1.1777038566584963e-07
-1.1743183974269635,-1.1079357,-1.1079358,1.3296203604795664e-07
-1.0133524447172864,-0.9385168,-0.9385169,1.0436477659858667e-07
-1.0032363250175058,-0.92900366,-0.92900366,4.089508065518999e-09
-0.8212078506274629,-0.7717292,-0.7717292,2.872390747477027e-08
-0.8063652995665149,-0.76556903,-0.76556915,1.1876144412337197e-07
-0.5598408132517202,-0.6030707,-0.6030707,2.3673248250588586e-08
-0.5464034425674871,-0.5932569,-0.59325695,5.9226226811759375e-08
-0.3883130492905988,-0.38624793,-0.38624793,-2.910919172371962e-09
-0.3755516286673289,-0.37456828,-0.37456828,-3.557891870009655e-09
-0.1571217557722124,-0.16332455,-0.16332458,3.020580291446251e-08
-0.144602343840026,-0.15462153,-0.15462153,3.4010696481345803e-09
0.0625052053513971,0.02869676,0.028696716,4.453524017275501e-08
0.0718406549014142,0.035672456,0.035672456,2.6077272285984776e-11
0.2851789422336624,0.22393867,0.22393869,-1.6265335078813337e-08
0.2894349461893515,0.22439934,0.22439934,3.1329727145923414e-09
0.7971549591945387,0.8262347,0.8262347,-1.7044067268656704e-09
1.078079594938273,1.093489,1.093489,5.0865173406577924e-08
0.6875519087680221,0.703315,0.703315,1.9607543921829063e-08
0.9433376440957276,0.97790885,0.97790897,-1.202838134650719e-07
0.6060403964760328,0.64386106,0.64386106,-4.62585447724706e-09
0.8528353572548775,0.88417834,0.8841784,-5.956497195480637e-08
0.5141672512655704,0.5445432,0.5445432,6.6917419383472065e-09
0.7679577629681208,0.7907925,0.7907926,-7.51853942437819e-08
0.4437081474199527,0.48284614,0.48284614,8.615112512266876e-10
0.6964666649702874,0.73429394,0.73429394,-2.3168945650908768e-09
0.4015708402181616,0.44502908,0.4450291,-2.0085906993205782e-08
0.6387068341315794,0.6621043,0.66210437,-6.139480590583446e-08
0.3610453425814663,0.39468515,0.39468515,-8.071899260109205e-10
0.5879310989154691,0.5949774,0.59497744,-6.115478512480621e-08
0.2816061568731718,0.31620046,0.31620046,4.963912947353322e-09
0.542440563135242,0.549157,0.549157,2.342987059922308e-08
0.2588105644525307,0.264853,0.26485297,3.064086911974684e-08
0.5224596848643581,0.48468912,0.48468912,-3.522033664715707e-09
0.9680067730946968,0.9517812,0.9517813,-8.671646123392662e-08
0.7630766998182268,0.7612909,0.7612909,7.859802253484816e-09
0.8549498450286893,0.8330778,0.83307785,-6.164703370004077e-08
0.6440330505104347,0.6733096,0.6733096,2.4195098924373326e-08
0.7467283456579691,0.723073,0.723073,5.6762695654910544e-09
0.548015252132583,0.57979655,0.5797965,5.2658081006740076e-08
0.646565894112728,0.6175751,0.6175751,9.004974321769055e-09
0.4715694270451806,0.50135356,0.50135356,1.8782043698095663e-09
0.5551532659208644,0.5672615,0.56726146,5.7047882084937385e-08
0.4144653167389282,0.4219322,0.4219322,-9.343337992184786e-09
0.4736417536288752,0.51948273,0.51948273,1.8191528283750813e-09
0.3764726627045265,0.37418455,0.37418455,-1.1451721237953905e-09
0.4068667859320479,0.48995233,0.48995233,-4.179077139898624e-09
0.3366379405957295,0.31440586,0.31440586,-1.4833068662234439e-09
0.3571309479233765,0.46165097,0.46165097,-2.402038568050102e-09
0.3092371779891004,0.24373335,0.24373335,-3.537750231652481e-09
0.3269670832051545,0.40037626,0.40037626,2.8060914702976447e-10
0.2813758983638724,0.19276777,0.19276777,-9.017181445969413e-10
-0.6622234727450876,-0.66653824,-0.66653824,1.4746093235373792e-09
-0.4872270056775401,-0.50193155,-0.50193155,1.8814086955032394e-09
-0.60327729436444,-0.6018728,-0.6018728,-1.7807006980063989e-09
-0.434267548538677,-0.4296447,-0.42964458,-1.2386505127137681e-07
-0.5348905171025169,-0.5408017,-0.54080164,-6.392990115067221e-08
-0.3668018053139515,-0.35165924,-0.35165924,1.6615295250765882e-09
-0.4579841749965157,-0.46363908,-0.4636392,1.1947555539348897e-07
-0.2820666738917706,-0.2757032,-0.2757032,8.242797833180049e-09
-0.3702556829534426,-0.3863848,-0.3863848,1.4824676486391297e-08
-0.183285773402326,-0.17894278,-0.17894281,2.5332984932013858e-08
-0.2726260750104951,-0.28786588,-0.28786588,2.8485107606002202e-09
-0.0683867772619231,-0.07785429,-0.07785432,2.939540863500234e-08
-0.1655558681862719,-0.18143697,-0.18143697,-8.299636811148758e-10
0.0596369539085457,0.07067804,0.07067801,3.038524627740902e-08
-0.0474332529156773,-0.051910207,-0.051910147,-5.96755294832163e-08
0.203778780729973,0.22092322,0.22092322,-4.849166873599486e-09
0.0796694442175939,0.108021915,0.108021915,-4.104613871014351e-11
0.3635781861837598,0.33704466,0.3370447,-4.372329709401157e-08
-0.5109436321353787,-0.53077924,-0.53077924,-2.5155639793439377e-09
-0.4810100259264562,-0.50883466,-0.5088346,-6.005325314806242e-08
-0.4478528005873419,-0.45483375,-0.45483375,4.043579082679827e-09
-0.4100904050622396,-0.435031,-0.43503106,6.320053103081591e-08
-0.3723280095371372,-0.36858505,-0.36858505,-1.0604855882334618e-10
-0.3320327704097414,-0.34659076,-0.3465907,-5.736999514338592e-08
-0.2859810685498605,-0.29390293,-0.29390293,-3.597564690593913e-09
-0.2472976389875605,-0.27059454,-0.2705946,6.274185182508774e-08
-0.194107923339398,-0.19830395,-0.19830395,-2.813148491931372e-09
-0.1556547522863975,-0.16298033,-0.16298036,2.7029380789134194e-08
-0.0925639207383606,-0.09251581,-0.09251581,-1.3241195639945857e-09
-0.0575646273248511,-0.05668257,-0.056682542,-2.97687606787278e-08
0.0158878371416589,0.024132594,0.024132594,4.662094113538906e-10
0.0481240284435755,0.058180317,0.058180317,2.826766945518422e-10
0.1459838948958225,0.14713687,0.14713687,-2.953643801761885e-09
0.1600296639630862,0.17328,0.17328,6.866455182219511e-10
0.2788430547615789,0.28066236,0.28066236,-2.1928405757876135e-09
1.2813886042511866,1.2863812,1.286381,2.4465942383145034e-07
1.5932983678509511,1.6149541,1.614954,1.1396026611265597e-07
1.1379375529576574,1.1385212,1.1385211,9.445800785989888e-08
1.3768751392033989,1.4992152,1.4992154,-1.5475311276880177e-07
1.0053086516012004,1.013996,1.0139959,1.0505828851314902e-07
1.204622593167433,1.3158946,1.3158946,3.729248021500098e-09
0.8779756959586297,0.9017505,0.9017505,4.970550526728346e-09
0.7379785223045917,0.8528243,0.8528243,-2.9274749735463956e-08
1.0609242670095709,1.1244274,1.1244273,1.377822875792134e-07
0.6352832271570572,0.7734504,0.77345043,-5.539672853771549e-08
0.9363325462490992,0.9693125,0.9693125,-1.0967254659988157e-08
0.8120273918767024,0.8571287,0.8571286,7.975234983526036e-08
0.548015252132583,0.6419304,0.6419304,1.3252258179718979e-09
0.7200325093413273,0.7510468,0.75104684,-6.322845458317516e-08
0.4724904610823782,0.5066712,0.5066712,-9.738159167937965e-09
0.616190539414137,0.667633,0.667633,-2.9640198073721535e-09
0.3159146747587831,0.355141,0.355141,1.3860702530177349e-08
0.5822100332448797,0.5445721,0.5445721,1.4944458004428895e-08
-0.614099444301512,-0.6210213,-0.6210212,-7.075195307404414e-08
-0.551469129772074,-0.58527315,-0.58527315,3.370666523672128e-09
-0.4964373460495163,-0.51147187,-0.5114719,3.2438659647304746e-08
-0.4789376993427615,-0.4812411,-0.48124105,-5.6986999508179537e-08
-0.4252874666760002,-0.41849458,-0.41849458,-2.1762084911891577e-09
-0.3981169625786705,-0.40284765,-0.4028476,-4.766693117996823e-08
-0.3320327704097414,-0.36541682,-0.36541682,-4.817657495159722e-09
-0.3071648514054057,-0.33874255,-0.3387425,-5.4187774656266896e-08
-0.2387780741434825,-0.27427602,-0.27427596,-5.8142700209984355e-08
-0.2072326583694641,-0.2447577,-0.24475764,-5.698619842675612e-08
-0.1333196768843552,-0.1535985,-0.15359853,2.772167206899212e-08
-0.0983203834708457,-0.117829755,-0.117829755,5.1383966526152847e-11
-0.0269402455880303,-0.025764197,-0.025764167,-3.011112975973007e-08
0.0195719732904493,0.009472698,0.009472698,-2.6748657108721652e-11
0.0895705601174683,0.10056713,0.10056713,2.234573359682912e-09
0.1471351874423195,0.14600658,0.14600658,4.167480471828355e-09
-0.5033205242802172,-0.5430505,-0.54305047,-5.757263188410633e-08
-0.3983157259549528,-0.47536582,-0.47536582,2.453155512061045e-09
-0.5830145455460923,-0.59712774,-0.59712774,4.385223406622174e-09
-0.2921185658177409,-0.39214802,-0.39214808,6.211669922873142e-08
-0.446240991022246,-0.41963446,-0.4196344,-6.140289304790159e-08
-0.1615429353468183,-0.30279386,-0.3027938,-6.043548583800629e-08
-0.0306654143108851,-0.20636992,-0.20636998,5.8434944161245284e-08
-0.2933493408474414,-0.28007644,-0.28007644,-4.1490173519065365e-09
0.0819485826471673,-0.11728005,-0.11728002,-3.111217498907859e-08
-0.1927263722836016,-0.19149338,-0.19149335,-2.708950042062952e-08
0.1739449037267851,-0.022755116,-0.022755146,2.9775711059970567e-08
-0.0835838388756838,-0.1296647,-0.1296647,-4.20360565800415e-09
-0.0105918914277726,-0.06562744,-0.06562741,-3.081020355510944e-08
0.261494655698133,0.08984428,0.08984428,-1.00877761699536e-09
0.0628605730387374,0.032423124,0.032423124,-2.826919531795369e-10
0.3499664925112791,0.24402215,0.24402215,-4.132652275945503e-09
0.1284842481890677,0.12050129,0.12050129,-2.718486782904428e-09
0.1791411202349367,0.17614713,0.17614713,3.1119537224899574e-09
0.5312063809537264,0.52203685,0.52203685,4.5242309898441135e-10
0.3651899957488556,0.3903327,0.39033267,2.8822021491681227e-08
0.8112007282618023,0.78598106,0.78598106,-9.255981536782087e-10
0.6424212409453388,0.62472224,0.62472224,2.3553466954595592e-09
0.8775151789400308,0.8572431,0.85724306,6.067031865786277e-08
0.7034397459096811,0.62633216,0.62633216,3.810729953812597e-09
0.8498841578241023,0.85620517,0.85620517,-4.6138000087125874e-09
0.6958412151028007,0.6191832,0.6191832,-1.7283630415754203e-08
0.7791947954691851,0.76079595,0.76079595,8.89587403740677e-10
0.6553157174661055,0.5591682,0.5591682,1.956634521071976e-08
0.7018279363445852,0.6549885,0.6549885,2.7297973659301533e-08
0.5871591987134818,0.50294787,0.50294787,-3.0833434694343964e-09
0.604428586910937,0.5797086,0.5797086,-2.3797607440201318e-08
0.4989701896518098,0.4503497,0.4503497,-1.1470031757720989e-08
0.5035753598377979,0.5160953,0.51609534,-5.935272218149379e-08
0.4027221327646586,0.35937726,0.35937726,4.97650148867379e-09
0.4400240112711621,0.43772793,0.43772793,-1.8383788935594225e-09
0.300487354635723,0.265337,0.265337,-9.643554677030153e-09
0.205061043763444,0.34341815,0.34341815,1.140213035100146e-09
0.0545712667039588,0.13596462,0.13596463,-1.2866859439020217e-08
0.5391798172625184,0.86345685,0.86345685,-4.716491752709828e-09
0.3624268936372628,0.5134495,0.51344943,6.007034303312508e-08
0.9321640810304452,1.3488172,1.3488171,1.2927093506753806e-07
0.7220906851629327,0.93246996,0.9324699,6.402740482247538e-08
1.352427291608313,1.8053985,1.8053986,-1.3579711910516323e-07
1.1054711031464417,1.5598879,1.5598879,-1.3952636823688636e-08
1.815915352439126,2.1695788,2.1695788,-9.335327177950603e-09
1.529837535785244,1.9599546,1.9599544,2.1940765382311156e-07
2.263573957877753,2.5999854,2.5999854,-3.890075683798955e-08
1.942921301468376,2.3731718,2.373172,-1.9366455061842203e-07
2.7020991956087705,2.9898126,2.9898124,2.1253356941031143e-07
2.348406536344628,2.7278283,2.7278283,-3.576354989931474e-08
3.107139471128122,3.2996087,3.299609,-2.9257202127652704e-07
2.722116096937561,3.0060272,3.0060272,2.167968737865067e-08
3.4464893708538624,3.527818,3.527818,-3.544616689055147e-08
3.041484649335835,3.1618268,3.1618264,4.4898376483359925e-07
1.3755619745408467,1.3445979,1.3445979,3.5676574805521e-08
1.0941884361907706,1.140664,1.140664,-1.856231679475684e-08
1.6206152130242255,1.4923788,1.4923787,1.3090972905693832e-07
1.3200720338134866,1.418972,1.4189721,-8.461914058344178e-08
1.86313394688271,1.6042659,1.6042659,2.8268432705758073e-08
1.541810978268813,1.6278818,1.6278818,-3.4634399348476563e-08
2.1229200046613004,1.84099,1.8409901,-1.5268096920095786e-07
1.7810495694308943,1.8131282,1.8131284,-1.6704406746725908e-07
2.3939785214232563,2.155506,2.1555057,1.9561462405448538e-07
2.035485222206737,1.983837,1.9838372,-1.9152374264308492e-07
2.6750447994882256,2.48134,2.48134,-6.851196276969063e-08
2.300052249391753,2.2160797,2.2160797,1.1914062625351107e-08
2.974917133840071,2.812484,2.812484,2.5955200211313922e-08
2.581428147755625,2.477957,2.4779572,-1.8973083504292276e-07
3.2548219516416697,3.1007438,3.1007435,2.705993651375138e-07
2.8487582770522337,2.769718,2.7697177,2.317474363522365e-07
3.52459425980608,3.3861263,3.3861263,-2.016906730517576e-08
3.1105622021256565,3.0199559,3.0199559,-2.6510619921538137e-08
0.0077697372643606,0.7334271,0.73342717,-6.266586305425648e-08
0.1112148599916124,0.1415577,0.14155771,-1.651855469075869e-08
1.1490835786359117,1.3477154,1.3477155,-1.2219238287869416e-07
0.670973296098465,0.7443085,0.7443085,-2.8320312539520387e-08
1.810041332906068,2.13879,2.1387901,-2.078033447538985e-07
1.244086725744683,1.5489124,1.5489123,1.0596771238269298e-07
2.847638215309264,2.9065378,2.9065375,2.712249753678009e-07
1.99542024158864,2.1938288,2.1938288,2.1182251064288948e-08
3.77303676212066,3.693418,3.693418,2.597045911656437e-08
2.707840069360998,2.6782374,2.678237,4.382019040960472e-07
4.541420686824131,4.433908,4.4339075,4.85687255746825e-07
3.3283867519228933,3.2606843,3.2606843,-4.821472154858952e-08
5.24570741627574,5.179073,5.1790724,4.569030762624493e-07
3.91370388256198,3.7882254,3.7882254,1.2368774449100783e-08
5.865759590732924,5.8284006,5.8284016,-9.88122558887028e-07
4.446522073080802,4.291985,4.2919855,-4.650573730557994e-07
6.411719740688782,6.300105,6.300105,9.490966768055387e-08
4.93467011279554,4.7722707,4.7722707,-2.0526123023500986e-08
-0.8984687032862767,-0.8694357,-0.8694355,-2.2759628293123058e-07
-0.9224155882534149,-0.86223394,-0.86223394,3.213348365171953e-09
-0.9403757519787684,-0.83769387,-0.837694,1.2993240361414138e-07
-0.9597174667599184,-0.8215738,-0.8215737,-9.388809207866444e-08
-0.9677765145853976,-0.80857164,-0.80857164,3.3232117058190624e-09
-0.9811315081247628,-0.8532695,-0.8532694,-1.1742172245643445e-07
-0.984585385764254,-0.9094731,-0.909473,-1.211662292721627e-07
-0.99379572613623,-0.9412071,-0.94120723,1.1911819453036543e-07
-1.0101440802964878,-0.9971059,-0.9971058,-9.647293086612052e-08
-1.0304068291148356,-1.0225104,-1.0225105,9.064483652565514e-08
1.2047125206544849,1.1668416,1.1668417,-7.38327026184038e-08
1.1374770359390587,1.0981989,1.0981989,-9.31396493264458e-09
1.030176570605536,1.0151701,1.0151701,-2.648925745418751e-09
0.8807387980702226,0.8467428,0.84674287,-6.118118289766272e-08
0.6804138949797405,0.6279787,0.62797874,-5.748199460864356e-08
0.4190704869249163,0.35606644,0.35606644,-4.424514754575171e-09
0.1128266695567082,0.0075263977,0.0075263977,5.0781254201659465e-12
-0.2217389444553266,-0.24980555,-0.24980561,5.525241852932794e-08
-0.5586071435603556,-0.55232084,-0.55232084,2.0254516952533663e-09
-0.9028436149629654,-0.9283957,-0.9283957,1.1466217086919528e-08
1.7722997460775172,1.7560625,1.7560625,7.629394449537585e-09
1.6765122062089648,1.6155794,1.6155794,-3.331604014888967e-08
1.5408899442316155,1.4845344,1.4845344,-1.7179870637207273e-08
1.3576041708292894,1.3536785,1.3536783,1.6488952647719657e-07
1.1192866137044055,1.1243541,1.1243541,2.406921395525785e-08
0.8204110686337786,0.7708454,0.7708454,1.3208007798581889e-08
0.4446291814571502,0.37244216,0.37244216,-3.923568747676853e-09
0.0124339595021678,-0.045058236,-0.045058295,5.947391509830702e-08
-0.4582144335058151,-0.39835507,-0.39835507,3.223724343026646e-09
-0.9645528954552058,-0.9757152,-0.9757151,-1.199745178759315e-07
0.6143297028108115,0.58655983,0.5865598,3.2096099888967444e-08
0.5185421629422592,0.50431484,0.50431484,-1.60064739240795e-10
0.3918999828275866,0.4044796,0.40447962,-2.6961441024209165e-08
0.2548961697944409,0.26558375,0.26558375,3.58581542236891e-09
0.1029255536568338,0.1483824,0.14838241,-1.449409484099995e-08
-0.0573343688155517,-0.007024318,-0.007024348,3.00201873776329e-08
-0.2406201422178777,-0.19093318,-0.19093321,2.7164421073644363e-08
-0.45245797077333,-0.4373989,-0.4373989,-1.0522460958117819e-08
-0.6942294055377048,-0.64565504,-0.64565504,4.027404743034424e-09
-0.999321930359416,-0.9910647,-0.9910646,-1.273063660045537e-07
-0.2286466997343087,-0.31960416,-0.31960416,1.598510768197059e-09
0.9730724602992836,0.8219944,0.8219945,-7.613372798864759e-08
1.8077595565096247,1.5063721,1.5063721,-5.845642192525702e-09
2.242487622066901,1.9794371,1.979437,1.1280822764803133e-07
2.537909289498037,2.2199967,2.2199967,-9.249877752637303e-09
2.696557402405327,2.3036284,2.3036287,-2.553283691142383e-07
2.7656349551951487,2.3729792,2.3729792,-3.5876464909989636e-08
2.8096143304713346,2.441667,2.4416673,-2.2007446309757484e-07
2.831258630345479,2.4887118,2.4887116,2.3395385762015053e-07
2.7713914179276338,2.5485911,2.5485911,3.693237315971487e-08
0.8882221996224533,0.62885594,0.6288559,4.36798095471147e-08
1.666035444035842,1.2106494,1.2106494,-2.885284433595814e-08
2.141864653503061,1.5184222,1.5184224,-1.5402069086789538e-07
2.35519916236896,1.7687763,1.7687764,-1.024307250130363e-07
2.2823223441756983,1.7151492,1.7151492,-3.5800170827826605e-08
2.4445394639771285,1.9253837,1.9253837,-1.2980651886707051e-08
2.396875952552152,1.9502101,1.9502102,-1.0554809559693012e-07
2.297404276534809,1.9337729,1.9337729,2.1562194918445243e-08
2.173525198531729,1.9001774,1.9001772,1.5958099375268375e-07
2.036751644007883,1.8520203,1.8520203,-3.632812495268922e-08
0.1409182076912356,0.17542972,0.17542973,-1.3293724065999157e-08
0.3498114439173297,0.2643519,0.2643519,4.392242458628459e-09
0.3331840629562384,0.3990287,0.39902872,-3.1330795291495406e-08
0.6135627012171029,0.54784435,0.54784435,3.379821977844699e-10
0.6120271177178174,0.75172013,0.75172013,4.435729561436119e-10
0.9629452839131656,0.8253483,0.8253484,-8.2376861554323e-08
0.8917912065165939,1.1560439,1.1560439,-1.2861633313931975e-08
1.2425971858627034,1.1534934,1.1534933,1.0438842767968026e-07
1.1697132272409754,1.5561852,1.5561852,4.551391596940846e-08
1.5857188258135075,1.5984225,1.5984225,2.7313232342507376e-08
1.468819030820902,1.8655436,1.8655436,3.897094646987398e-09
1.941629571871808,2.0135202,2.01352,2.4078369120772436e-07
1.808680590546823,2.0537813,2.0537813,-2.901916484887579e-08
2.323171726602434,2.281728,2.2817278,2.292510985490992e-07
2.162127402321409,2.251915,2.2519147,2.780273438141023e-07
2.70805020110221,2.5044613,2.504461,2.8845214838923994e-07
2.57175729036505,2.5301235,2.5301235,-2.7786255074602195e-08
3.043569602968151,2.7344217,2.7344217,3.004150395113925e-08
-0.7025187118724834,-0.6439439,-0.6439439,-5.830383287275254e-09
-0.685249323675028,-0.74518305,-0.7451831,4.936752318052129e-08
-0.5362720681583133,-0.47253406,-0.47253406,-4.782104712219848e-10
-0.5312063809537264,-0.5629726,-0.5629726,-5.228424027059475e-09
-0.3718674925185384,-0.29005498,-0.29005504,6.305984495691419e-08
-0.3840711935114068,-0.3789218,-0.3789218,-6.812286401647327e-09
-0.2074629168787635,-0.13994242,-0.13994245,2.749080657560299e-08
-0.2364754890504885,-0.23523898,-0.23523892,-6.422718049070575e-08
-0.0488148039714737,-0.016838625,-0.016838625,-7.343292293682246e-11
-0.09279417924766,-0.096407846,-0.096407846,3.836593681638689e-10
0.1107543429730136,0.11065058,0.11065058,-3.3489036543876693e-09
0.0704591038456178,0.034449905,0.03444989,1.5157089236494947e-08
0.2654880612222134,0.22771901,0.227719,8.92257689955045e-09
0.2337123869388956,0.16100192,0.1610019,2.070007323884404e-08
0.421142813508611,0.37675703,0.37675703,-4.281311027920509e-09
0.3852224860579039,0.29850823,0.29850823,-3.128509507011046e-09
0.5880802327506793,0.5144895,0.5144895,-2.8087616010807892e-08
0.528673537351433,0.47386754,0.47386754,-4.408874487715764e-09
2.5415232502068963,2.6505437,2.6505432,4.897277832149882e-07
2.398440578637567,2.510327,2.510327,1.0075378398255452e-07
2.25758772706331,2.3659682,2.3659682,2.7386474421575713e-08
2.0939606277790386,2.2233067,2.2233067,-4.411621112865305e-08
1.8828182001750216,2.0593932,2.059393,1.6749572750995867e-07
1.7042024888785232,1.9249177,1.9249177,-2.0935058131499318e-09
1.5437253690687192,1.7889575,1.7889574,7.661590584184808e-08
1.3190856114264409,1.5772557,1.5772556,1.2586059572328168e-07
1.2313933999019282,1.4412748,1.4412746,1.6215362541593947e-07
1.1375124376256662,1.3114134,1.3114135,-9.26742553808424e-08
1.1079023355752025,1.1674305,1.1674304,1.2005767824341262e-07
1.1220032414586854,1.0961554,1.0961554,5.044555662081507e-09
1.1151415906193205,1.0554194,1.0554194,4.503784190035276e-08
1.0591782194227026,0.9912074,0.9912074,2.0825958291226243e-08
-0.6386589952758756,-0.67389864,-0.6738985,-1.3729476933121987e-07
-0.7764316933575923,-0.818216,-0.8182159,-1.2582931518956286e-07
-0.5464528014091419,-0.5932078,-0.5932077,-7.654647826704775e-08
-0.689854493861016,-0.7195682,-0.7195681,-9.29588317433172e-08
-0.4385049621863645,-0.4945237,-0.4945237,-4.051971425056422e-09
-0.5901525593343739,-0.56001735,-0.5600174,5.2664184568840255e-08
-0.3065251602532608,-0.3469144,-0.34691447,5.940887448652177e-08
-0.4704181344986836,-0.4263196,-0.4263196,8.483886926313744e-10
-0.1815218766233903,-0.1838816,-0.18388157,-2.5730781560984184e-08
-0.3575914649419753,-0.3141055,-0.31410545,-6.071166991361565e-08
-0.0212236364516266,-0.004845023,-0.004845023,-1.5521240195881525e-10
-0.212298345574051,-0.19438745,-0.19438745,-8.142471419336772e-10
0.1688985364618138,0.2089278,0.20892778,1.5290946953072648e-08
-0.0442096337854856,-0.057790384,-0.057790384,3.034439088889229e-10
0.378436435720245,0.4486181,0.44861817,-5.600540159411693e-08
0.1480562214795171,0.15068287,0.15068287,-3.4266662563009476e-09
0.6323350411631878,0.6748605,0.6748605,-2.255249020866046e-08
0.3654202542581551,0.36688173,0.36688173,-1.8276977709064113e-09
-0.9507373848972416,-0.979268,-0.97926825,2.355690001953903e-07
-0.9500466093693434,-0.99330014,-0.99330026,1.2009597782913772e-07
-0.8521867429170964,-0.8800158,-0.88001555,-2.404624939167377e-07
-0.8561011375751864,-0.8985773,-0.89857715,-1.228919982443344e-07
-0.7398205903789868,-0.75871736,-0.75871736,1.887664802247002e-09
-0.7414323999440828,-0.7738903,-0.77389044,1.2351364131468756e-07
-0.611796859208518,-0.61963314,-0.61963314,1.8202209739470732e-09
-0.6113363421899192,-0.6347376,-0.6347376,-1.0816955553494267e-08
-0.4616683111453062,-0.4527954,-0.45279533,-5.6314392093970156e-08
-0.4671945153684919,-0.4731133,-0.4731133,1.583862319076701e-09
-0.2974939940148307,-0.2794854,-0.27948534,-6.44914245340189e-08
-0.3094674364983997,-0.29648876,-0.29648876,-1.901855450903156e-09
-0.1070702068242231,-0.05841373,-0.05841373,9.283828705797248e-10
-0.1231883024751814,-0.06592803,-0.065928,-2.7033805846676806e-08
0.1181226152705945,0.21819524,0.21819524,4.669914233090822e-09
0.1029255536568338,0.2056767,0.2056767,4.645156870264344e-09
0.3741700776115325,0.44070676,0.44070676,-3.0876157186554565e-10
0.373939819102233,0.4254526,0.42545253,5.998870850065785e-08
-0.7471888626765679,-0.7852409,-0.7852409,1.1404418964744423e-08
-0.7592869830644903,-0.75463456,-0.75463456,8.454894562248683e-10
-0.7004463852887888,-0.69829774,-0.6982976,-1.390289307012793e-07
-0.6597124044737079,-0.6355792,-0.63557935,1.2159881590534383e-07
-0.6014352262900448,-0.5866018,-0.58660185,5.62339782517185e-08
-0.5124936808666878,-0.48034912,-0.48034918,5.65220641957076e-08
-0.4807797674171568,-0.44533992,-0.44533992,1.8634033205344736e-09
-0.3696154552144672,-0.30983794,-0.309838,6.264495849839236e-08
-0.3311117363725438,-0.28049582,-0.28049588,5.757034299280761e-08
-0.176737178500054,-0.10320903,-0.10320903,-3.608436591195918e-09
-0.1340104524122534,-0.09730835,-0.09730835,-2.589607236980207e-09
0.0651631581317315,0.082055435,0.08205546,-2.541538238198804e-08
0.0401817896328317,0.09310306,0.09310306,-1.363811494292655e-09
0.2850600345126629,0.2998343,0.2998343,1.100845337109746e-08
0.2859305394129745,0.3068256,0.30682558,2.8015060438146833e-08
0.554459660786052,0.55167943,0.55167943,2.3921203906596133e-09
0.5639030892742418,0.5747129,0.5747129,-2.749481198272008e-08
-1.0601101768144587,-1.010654,-1.0106542,2.273742676361934e-07
-0.9615595348343136,-0.95066243,-0.95066243,-4.101104789100418e-09
-0.92034326166972,-0.8792078,-0.8792079,1.1010208134099031e-07
-0.8211018441616768,-0.8045072,-0.8045072,4.050445534531377e-09
-0.7633069583275263,-0.7204463,-0.7204463,1.1414337142134912e-08
-0.6716640716263632,-0.64518636,-0.64518636,-4.6507263595785275e-09
-0.5880802327506793,-0.5666608,-0.5666609,7.856216432955421e-08
-0.5088713055516841,-0.49985933,-0.49985927,-6.303833005594228e-08
-0.3985774795972693,-0.40034997,-0.40034992,-5.4632263157827765e-08
-0.3239737225842622,-0.31024468,-0.31024474,6.054901124930012e-08
-0.1945684403579969,-0.22780474,-0.2278048,6.469707489187293e-08
-0.1158200301776005,-0.1130064,-0.1130064,1.9182205268641894e-09
0.0340782593763118,-0.042896524,-0.042896524,-7.169342203239282e-11
0.1169713227240975,0.10584375,0.10584375,2.6226043697841206e-09
0.2841390004754652,0.20622577,0.20622577,-2.268333437749348e-09
0.3764726627045265,0.3374524,0.3374524,1.1651611342422541e-08
0.5613702456719484,0.5259714,0.5259714,1.2658691428413249e-08
0.6569275270312013,0.5879196,0.58791953,6.285736087185967e-08
-0.6884729428052196,-0.69074523,-0.69074535,1.1551055911773744e-07
-0.5086410470423848,-0.49280643,-0.49280643,-4.6313476387283e-09
-0.6428817579639377,-0.64023966,-0.64023966,4.028472888606416e-09
-0.4522277122640306,-0.41045302,-0.41045296,-6.152633669209706e-08
-0.5701200690253257,-0.5976268,-0.59762675,-5.5305480972656085e-08
-0.3640387032023586,-0.32548535,-0.3254853,-4.870147707336514e-08
-0.4708786515172823,-0.52788395,-0.52788395,3.104400625453252e-09
-0.2472976389875605,-0.22675483,-0.22675477,-5.928752899730938e-08
-0.3463087979863045,-0.42165023,-0.42165023,-8.845519872124896e-10
-0.0987809004894445,-0.062413737,-0.062413707,-3.017784881709229e-08
-0.1934171478114998,-0.28600454,-0.28600448,-6.330444335400642e-08
0.0798997027268934,0.11728063,0.11728063,2.2574615510251306e-09
-0.0151970616137607,-0.10565145,-0.10565142,-3.3137397770222066e-08
0.2887441706614533,0.28911608,0.28911608,4.5756530786533745e-09
0.1890422361348112,0.11112185,0.11112186,-1.1774406435960394e-08
0.5277525033142353,0.4676137,0.4676137,-2.9479980678814854e-09
0.4204520379807128,0.37892228,0.37892228,3.649444579867378e-09
0.7976154762131374,0.76817775,0.7681778,-5.227355959203095e-08
-0.4123929901552336,-0.4237107,-0.42371064,-6.384979245321887e-08
-0.3396773675701613,-0.36299962,-0.36299962,1.9465637435267524e-09
-0.3276578587330527,-0.35483366,-0.35483366,-2.5099182177079626e-09
-0.2201271348902308,-0.3005879,-0.3005879,7.467651386150465e-09
-0.2600669054188075,-0.26338488,-0.263385,1.213645934861063e-07
-0.1015440026010374,-0.19458134,-0.19458137,2.5276298526444307e-08
-0.1779312084926617,-0.086165175,-0.086165205,3.015811919637734e-08
0.0278612796252279,-0.09610911,-0.09610911,2.863273618203266e-09
-0.0356271776431511,0.073353395,0.073353395,-1.340103167324358e-10
0.17016103837226,0.0006310195,0.0006310195,-2.692413327877452e-11
0.1097508639591192,0.2068444,0.20684442,-1.5660209656820356e-08
0.3076253684240045,0.08930544,0.08930544,-1.8987083433286145e-09
0.2723145953206591,0.3692429,0.3692429,6.570434585295715e-09
0.4554513313942223,0.23921333,0.23921333,2.533836362950126e-09
0.4376095614347315,0.5193634,0.5193634,3.3203124694125563e-09
0.5989023826877513,0.46876997,0.46876997,-2.4440002244219272e-09
0.6657759837638133,0.72919816,0.7291981,5.778732303785006e-08
0.7004463852887888,0.7077993,0.70779926,5.5452575642434e-08
0.849653899314803,0.8148328,0.81483275,5.658721924373111e-08
0.7683726455321132,0.72743833,0.72743833,6.503295679749499e-10
0.9113631798070432,0.8492024,0.8492024,-5.514526391081631e-09
0.8273188239127607,0.76321375,0.76321375,3.7002563235688513e-09
0.9712303922248886,0.8634406,0.86344045,1.2321548459315323e-07
0.8775151789400308,0.78846765,0.7884676,4.564514155536159e-08
1.0207359717242606,0.8862325,0.88623255,-5.469207764452477e-08
0.9125144723535404,0.8057382,0.8057383,-8.93218994324485e-08
1.0532024215354765,0.91941005,0.91941,4.9915313771187186e-08
0.9346192892462832,0.8291718,0.8291717,7.677154545415732e-08
1.061952244888854,0.956981,0.95698094,6.328445434355956e-08
0.93968497645087,0.8399245,0.8399245,1.4293670691500893e-08
1.0617219863795546,0.9979008,0.9979008,-1.5984344514663462e-08
0.9366916158299778,0.87741256,0.87741244,1.176019287507657e-07
1.0614917278702551,1.0468131,1.0468131,3.037872309263889e-08
0.9399152349601696,0.89778405,0.897784,5.427932736612462e-08
-0.002002002670673,0.005346641,0.005346641,-5.551910407103344e-11
-0.1690097458257629,-0.17958494,-0.17958494,4.692497251879146e-09
-0.1602599224723855,-0.17340995,-0.17340995,-3.713417046080636e-09
0.0089597413714718,0.010994285,0.010994285,3.4507751517365293e-10
0.0285874568519124,0.010925874,0.010925874,1.1403655970909643e-10
-0.1420695002377326,-0.19328602,-0.19328605,3.341655729904858e-08
0.0563803334361076,0.019439593,0.019439623,-3.004250335655878e-08
-0.1158200301776005,-0.19819738,-0.19819738,2.917099062305084e-10
0.108854404912082,0.06702587,0.0670259,-2.9915237426125785e-08
-0.0732222059572106,-0.112952396,-0.112952396,-2.736129794955744e-10
0.1739533071234379,0.19911227,0.19911227,-3.697891243215068e-09
-0.0122037009928684,-0.010165185,-0.010165155,-2.9736251830683735e-08
0.2761154360803155,0.38771456,0.3877146,-3.5199737569158174e-08
0.0815115122919892,0.0806591,0.0806591,-1.0767936681199686e-09
0.4427608928518612,0.5062065,0.5062065,1.2451171871319389e-08
0.2314098018459016,0.20533487,0.20533487,2.0073699924516575e-09
0.6333971761541712,0.6172503,0.6172503,2.3295593232219858e-08
0.4059457518948503,0.40426517,0.40426517,-4.671020514823709e-09
-0.9928746920990328,-0.9752334,-0.9752334,2.3973846463576365e-08
-0.8395225249056291,-0.83259374,-0.83259374,9.672546097405643e-10
-0.9092908532233488,-0.9317997,-0.9317997,-9.796905509062981e-09
-0.7174855149769447,-0.7445203,-0.7445202,-1.0658721927292447e-07
-0.7895564283876583,-0.8647253,-0.8647252,-9.17289734170268e-08
-0.5740344636834156,-0.6374151,-0.6374152,8.893508907092951e-08
-0.6525526153545126,-0.74705154,-0.74705154,2.963104206443745e-09
-0.4013405817088622,-0.51059514,-0.51059514,-2.8413391639503516e-09
-0.5088713055516841,-0.56652033,-0.5665204,6.670989993740051e-08
-0.2012459371276796,-0.36782944,-0.36782938,-6.202423097345644e-08
-0.3223619130191664,-0.36666477,-0.36666465,-1.1726531984335153e-07
0.0018420680743952,-0.12004499,-0.12004499,-1.3740158039121653e-09
-0.1128266695567082,-0.14915626,-0.14915626,2.4898147710228358e-09
0.2159824817228414,0.116485566,0.11648554,2.5900802613776364e-08
0.1114451185009118,0.08858486,0.08858486,2.6494407640020867e-09
0.4377214261781681,0.41749054,0.41749054,1.934967019945333e-09
0.363117669165161,0.3714572,0.3714572,-1.0678482043058324e-08
0.6827164800727346,0.67890507,0.67890507,-1.719665521093816e-10
-0.595909022066859,-0.60593605,-0.605936,-5.041503903235878e-08
-0.4525567156420149,-0.41804695,-0.41804695,-1.2939453397642353e-09
-0.58784997424138,-0.47976953,-0.47976947,-5.791213991690469e-08
-0.4715694270451806,-0.41937286,-0.4193728,-5.661697388692488e-08
-0.3681693233644675,-0.3382824,-0.3382824,-6.330108659469147e-09
-0.3907486902810895,-0.3402602,-0.34026027,6.234695432150161e-08
-0.2269006001919219,-0.21367456,-0.21367456,-1.8924711797652094e-10
-0.2728563335197944,-0.22565494,-0.22565494,-4.777488710194788e-09
-0.089924707527987,-0.072804585,-0.072804525,-6.009922028094028e-08
-0.1526613916655052,-0.13061629,-0.13061632,2.764255524478898e-08
0.0459289318883997,0.050299436,0.050299406,2.985395813198677e-08
-0.021644299874144,0.0016917437,0.0016917437,3.1498718347164334e-11
0.2429461786103894,0.230017,0.23001702,-1.3602752674257701e-08
0.1703912968815593,0.14177749,0.14177749,-4.390945440579941e-09
0.4007875185570534,0.37964308,0.37964308,2.618713357271929e-09
0.1657861266955713,0.3544076,0.3544076,8.509063731398925e-09
0.4351885825758746,0.53108275,0.53108275,-6.332397939345924e-10
-0.6207769410711947,-0.6151706,-0.61517054,-5.8030090288596625e-08
-0.7554781690113465,-0.7531554,-0.7531554,-1.0289764373894172e-08
-0.5613702456719484,-0.5576986,-0.5576986,-7.444763139297095e-09
-0.7050515554747769,-0.71986353,-0.7198634,-1.339736938055225e-07
-0.4646616717661985,-0.451769,-0.45176893,-6.433135985028926e-08
-0.6138691857922126,-0.65011424,-0.65011424,1.7378234407061655e-09
-0.3469995735142027,-0.3439994,-0.3439994,1.4166259776349222e-08
-0.5070292374772889,-0.5688722,-0.56887215,-6.336364744008449e-08
-0.1957197329044939,-0.21191688,-0.21191688,1.180534364708663e-09
-0.3730187850650354,-0.43402416,-0.4340242,4.486007693094152e-08
-0.014276027576563,0.0010052621,0.0010052323,2.9836459350483097e-08
-0.2132193796112486,-0.2714097,-0.2714097,9.619903540425412e-09
0.1899632701720087,0.23150289,0.23150289,5.86853038386792e-10
-0.013124735030066,-0.08521555,-0.08521555,-3.6413192738837807e-09
0.4160771263040241,0.46894366,0.46894372,-6.450912476418935e-08
0.1950289573765956,0.1534938,0.15349382,-1.3280220034772583e-08
0.6652168333659798,0.7078342,0.7078341,8.416976926550745e-08
0.4301228953712878,0.41944015,0.41944015,2.6092528138121907e-10
0.4761745972311687,0.44377923,0.44377923,1.177978270483493e-10
0.4176889358691199,0.40030658,0.40030658,2.4508666762734777e-09
0.3831501594742092,0.37388396,0.37388396,2.6312255707594545e-09
0.3649597372395562,0.3646086,0.3646086,-1.4165496831086699e-08
0.364268961711658,0.38659853,0.38659853,-2.5685119586782434e-09
0.3783147307789217,0.40173054,0.40173054,-2.5854492435861687e-09
0.4140047997203294,0.4138924,0.4138924,-1.1656188958486524e-08
0.4738720121381746,0.45976835,0.45976835,4.892730720573724e-09
0.5710411030625234,0.51943517,0.5194351,6.73126220318565e-08
0.7174855149769447,0.6777005,0.67770046,5.9561767629112694e-08
-0.3359471650678313,-0.35947764,-0.35947764,8.016967645296802e-10
-0.5146277682841692,-0.49738258,-0.49738264,5.8766021715506156e-08
-0.2942703748846391,-0.319857,-0.31985688,-1.213046264547657e-07
-0.4821613184729532,-0.48701113,-0.4870112,6.537551877627834e-08
-0.2523633261921474,-0.22297917,-0.22297917,-3.064231868243894e-09
-0.4294321198433896,-0.4505636,-0.4505636,-9.600067130133283e-09
-0.1888119776255117,-0.13959377,-0.13959377,4.860420232954965e-09
-0.361966376618664,-0.41879016,-0.41879016,-1.6096496358031231e-09
-0.0884192675709713,-0.06683041,-0.06683041,-1.5533828667813054e-09
-0.2735471090476926,-0.35066456,-0.35066462,6.397354124221266e-08
0.0492753209900725,0.027276725,0.027276695,2.9576950073134656e-08
-0.1611809565095832,-0.23342948,-0.23342966,1.8338123322636513e-07
0.2155219647042427,0.13889317,0.13889317,2.144889821309448e-09
-0.0232561094392398,-0.05942242,-0.05942239,-2.847515106346732e-08
0.4080180784785449,0.3231266,0.3231266,1.4093780531521105e-08
0.1213462344007862,0.1535873,0.1535873,-3.394889841468185e-09
0.6136389272829132,0.5391681,0.5391681,1.9430541953191494e-08
0.3177567428331783,0.32769302,0.32769302,-4.663009645078375e-09
-0.2203573933995301,-0.19335176,-0.19335182,5.949337006372346e-08
-0.1307868332820618,-0.22684468,-0.22684468,-3.289527900074418e-09
-0.1588783714165891,-0.14715599,-0.14715599,4.763832078813479e-09
-0.083123321857085,-0.17982708,-0.17982711,3.0823097241228226e-08
-0.0762155665781029,-0.07314204,-0.07314201,-2.679561615648307e-08
-0.0303941232275214,-0.10773836,-0.10773839,2.9237403872950374e-08
0.0257889530415333,0.02865459,0.02865462,-2.9750938414230266e-08
0.0191114562718505,0.00092175603,0.00092175603,-8.709716975419113e-13
0.151970616137607,0.111454554,0.11145455,3.902149200984972e-09
0.0594066953992463,0.085955486,0.085955486,-2.984390234939127e-10
0.2839087419661659,0.18369323,0.18369323,1.521301140616771e-10
0.0997019345266421,0.15857005,0.15857002,3.1193237298721144e-08
0.3985774795972693,0.31099442,0.31099442,-3.5247039731345353e-09
0.1899632701720087,0.28365517,0.28365517,-3.3740234495205357e-09
0.5242986256747443,0.46868724,0.46868724,-3.69094849128615e-09
0.30163864718222,0.43476385,0.43476385,-1.2184143138860293e-09
0.6332109005733627,0.5592186,0.5592186,-1.4508819590197675e-08
0.4602867600895097,0.5160436,0.51604366,-5.6579742446771775e-08
1.210481576238762,1.1719074,1.1719074,2.492675776899489e-08
1.2175206168712045,1.1666956,1.1666956,-5.212402287568807e-09
0.8899491384421988,0.7908287,0.79082876,-5.516601564448109e-08
0.8924819820444921,0.77673405,0.776734,5.408859249378395e-08
1.2206529145771343,1.1347164,1.1347164,-8.43658454208196e-09
1.2196197499021135,1.0706857,1.0706857,4.428558342262079e-08
0.8887978458957018,0.7035561,0.7035562,-7.960433956455404e-08
1.209497514968636,1.0072998,1.0072998,-1.915435787758213e-08
0.8756731108656357,0.6106912,0.6106912,-1.0234069813819247e-08
1.189457971967686,0.98245126,0.98245114,1.2008987426703754e-07
0.849653899314803,0.5714823,0.57148224,6.07583617862062e-08
1.157195612767007,0.9624591,0.962459,8.737182621842976e-08
0.8045232314921196,0.53612703,0.53612703,8.494568382033663e-10
0.744425760564975,0.5234622,0.5234622,-2.3677062976901198e-08
1.1044618134570012,0.95166534,0.9516653,4.185409541168639e-08
0.6629142482729858,0.5162599,0.51625985,5.867614749632821e-08
1.0332200699010574,0.9431434,0.94314355,-1.2262802129292538e-07
-0.5505480957348764,-0.63844335,-0.63844335,-7.919311872939261e-10
-0.2537448772479438,-0.3458522,-0.3458522,3.78341674656113e-09
-0.3958143774856765,-0.48755687,-0.48755687,-4.752044702183156e-09
-0.0780576346524981,-0.18527128,-0.18527131,3.1976280207013374e-08
-0.2507515166270516,-0.3490603,-0.34906036,6.298767091239554e-08
0.084274614403582,-0.058309093,-0.058309123,2.9882286069204955e-08
-0.1040768462033308,-0.20047332,-0.20047332,-3.464393605323579e-09
0.2355544550132909,0.099029064,0.099029064,1.7846679689625944e-10
0.0322361913019166,-0.06216301,-0.06216301,-2.3960113754162293e-10
0.3803870573626164,0.2865421,0.2865421,-1.2206649802060099e-08
0.1694702628443617,0.09524231,0.09524232,-1.3409919744078458e-08
0.5185421629422592,0.4825378,0.4825378,6.034088118056502e-09
0.2806851228359742,0.2764012,0.2764012,-8.050155653194224e-09
0.652782873863812,0.6456901,0.6456901,-1.649627690003541e-08
0.41377454121103,0.38118488,0.38118488,-4.034881595504913e-09
0.7835697071458738,0.7572205,0.75722057,-6.333190916141263e-08
0.5309761224444269,0.47538108,0.47538108,-3.664093028987736e-09
-0.1646348341490742,0.22995326,0.22995326,-7.703399584890747e-10
0.063781607075935,0.5235046,0.5235046,1.4830017103228954e-08
0.2226599784925242,0.61284494,0.6128449,4.400024411488346e-08
0.3200593279261724,0.61783904,0.61783904,-1.6279602110813585e-09
0.3644992202209574,0.5969431,0.5969431,-1.9574737497585204e-08
0.3695649074255444,0.582851,0.58285093,6.267959595795958e-08
0.9546517795553316,0.95914954,0.9591494,1.394706725665884e-07
0.3686438733883467,0.57286566,0.57286566,4.958953803146926e-09
0.7094264671514655,0.65270126,0.65270126,-1.340637156843627e-09
0.3661110297860533,0.29231673,0.29231673,4.7908019773501564e-09
0.7080449160956691,0.6482287,0.6482287,4.929351815619043e-09
0.3603545670535681,0.29148132,0.29148132,-3.910369861248597e-09
-0.9143565404279356,-0.91409785,-0.91409785,4.445648182915818e-09
-0.9136657649000374,-0.92783445,-0.92783445,-1.1985779035939004e-09
-0.8482723482590065,-0.8368401,-0.8368401,6.864166235409641e-09
-0.8494236408055036,-0.8609676,-0.8609677,1.2349624634033773e-07
-0.7610043732345322,-0.7367073,-0.73670745,1.2024993900627834e-07
-0.7665305774577178,-0.77736354,-0.77736354,1.2579345343155524e-09
-0.6495592547336204,-0.638908,-0.6389081,7.139739988115679e-08
-0.6606116631799918,-0.6862918,-0.6862918,-1.3850402824644448e-08
-0.5150882853027681,-0.5080242,-0.5080242,-1.5698242150641306e-08
-0.5351207756118163,-0.5612287,-0.5612287,7.468414331412987e-09
-0.3474600905328015,-0.31453943,-0.31453943,-2.5256347568891613e-09
-0.3734793020836343,-0.38808066,-0.38808066,3.471527121323703e-09
-0.1409182076912356,-0.08211638,-0.08211635,-3.033390044704376e-08
-0.1766082766326433,-0.1748976,-0.1748976,3.75995634627202e-09
0.1155897716683011,0.1876782,0.1876782,2.986717234643166e-09
0.0617092804922404,0.08081618,0.08081615,2.9513931271152316e-08
0.4455502154943478,0.5049191,0.5049191,1.1728668258825792e-08
-0.8446679882011876,-0.14008667,-0.1400867,3.425045014271433e-08
-0.7490828128902486,-0.1521463,-0.1521463,5.286979687380011e-09
-0.6275467234759964,-0.10847099,-0.10847102,2.874614715708823e-08
-0.3942284761821766,0.04969199,0.04969196,3.001789092987872e-08
-0.2452613565678288,0.15206668,0.15206668,-2.191238412940777e-09
-0.0661398025045449,0.27895907,0.27895907,-4.324264502031383e-09
0.077701507663852,0.36318216,0.3631822,-4.272193909748978e-08
0.2253012218680091,0.4546098,0.4546098,1.1305999747523998e-08
0.3745934444410773,0.53844786,0.5384479,-4.309692380743968e-08
0.45622159177195,0.56792504,0.56792504,-4.046478263575182e-09
0.5320977590415303,0.6277178,0.62771785,-5.701217653530932e-08
0.8054485526470901,0.8159608,0.8159608,2.4489593464238624e-08
0.9640899290074282,0.93963826,0.93963826,-2.9733275841437035e-09
0.6360475885193725,0.61103696,0.611037,-4.368972783552749e-08
0.532978428407124,0.49667555,0.49667555,9.3765256670153e-10
0.4061315526513248,0.3439572,0.3439572,-1.4254760760668006e-08
0.3364722366212129,0.30624378,0.30624378,-2.724914571761161e-09
0.2866815721181974,0.2908237,0.2908237,-1.956176776118923e-09
0.308219723669329,0.28873742,0.28873742,-3.732605002859657e-09
0.3866220203066844,0.31469697,0.31469697,-2.3982238972486414e-09
0.5521594872589679,0.39392737,0.39392737,-4.458541869034605e-09
0.7260982806996313,0.5421015,0.5421015,2.4185180524938232e-09
0.920681080175448,0.75525534,0.75525534,1.5298461386592521e-09
-0.1251098110428443,-0.14754091,-0.14754091,-2.0321273830337105e-09
-0.3852224860579039,-0.38302225,-0.3830223,5.1255035382613556e-08
-0.1048051143661263,-0.15048744,-0.15048741,-2.784427644009213e-08
-0.371637234009239,-0.4399084,-0.43990844,5.472320557808885e-08
-0.0726782254979855,-0.12577392,-0.12577392,-1.6089248544570722e-09
-0.3405523352538194,-0.38445914,-0.3844592,6.208343505953451e-08
0.0014988761237359,-0.0010010451,-0.0010010153,-2.9807841491749296e-08
-0.2880533951335551,-0.2995926,-0.29959267,5.582611084520295e-08
0.0752002325629352,0.11772289,0.11772288,1.1271114347399802e-08
-0.2113773115368534,-0.21173151,-0.21173151,1.62578583928763e-09
0.1824882095732753,0.2882398,0.2882398,6.8904876804332105e-09
-0.1082214993707201,-0.103784874,-0.103784904,2.991838836396976e-08
0.2835987470141448,0.42160177,0.42160177,2.3083496225595468e-09
0.0230258509299404,0.017343879,0.017343879,-2.539672847023944e-10
0.1812134468186314,0.15368567,0.15368567,4.071311954234602e-09
0.4759857009232829,0.62352276,0.62352276,-1.5161132349561512e-09
0.6882853811430377,0.7780775,0.77807754,-5.682281489782781e-08
0.3656505127674544,0.369863,0.369863,3.492355349354881e-09
1.760440785970628,1.7552006,1.7552009,-2.755340575699705e-07
1.672788227934862,1.6656202,1.6656202,7.786560063394177e-09
1.559827411880766,1.517311,1.517311,-2.301788337710775e-08
1.4544201901674911,1.3137779,1.3137779,2.358398432100728e-08
1.3548036940285195,1.1144395,1.1144396,-1.1254272469507498e-07
1.2573239798229303,0.9658323,0.96583223,6.303359989523472e-08
1.1637756145745228,0.8730637,0.8730636,8.350982660942918e-08
1.0838370030859554,0.85325176,0.85325176,-4.762420680037849e-09
1.0667775651480913,0.88584876,0.8858487,6.060485835401863e-08
1.0654001544619962,0.93992573,0.93992573,2.2842405744682992e-10
0.7858722922388679,0.75388885,0.7538889,-5.4556274386996506e-08
1.0807877037555578,1.0130554,1.0130554,4.376373285985835e-08
-0.28229693240107,-0.2592904,-0.25929034,-5.716720580251078e-08
-0.2164429987414403,-0.16417666,-0.16417666,2.204093935143092e-09
-0.1650953511676731,-0.057611033,-0.057611063,2.9679573056162756e-08
-0.0805904782547916,0.014719635,0.014719576,5.924818420426081e-08
0.0184206807439523,0.102985054,0.10298507,-1.574546813765121e-08
0.1287145066983671,0.21356775,0.21356773,1.8665809620177498e-08
0.2558172038316385,0.35961643,0.35961643,-1.3863372672062724e-09
0.4031826497832574,0.48686314,0.48686308,5.629150390262794e-08
0.5668964498951341,0.62542224,0.62542224,-6.964111509688564e-10
0.8924819820444921,0.8920978,0.8920978,-2.8832244924892336e-08
1.208213798583191,1.2243894,1.2243894,3.3860778847483175e-08
0.8706074236610487,0.8683563,0.8683563,-1.2520599335097415e-08
1.2092289664716396,1.2591696,1.2591697,-1.2144775385358741e-07
0.8547195865193897,0.9115513,0.9115513,-3.2890319356937425e-09
1.2053718252396433,1.2352874,1.2352874,2.7902221644282577e-08
0.8333055451545452,0.8915985,0.8915984,1.226631164419345e-07
1.1969481893889715,1.2001086,1.2001086,4.734649650117717e-08
0.8031416804363232,0.84552175,0.8455217,4.806594844364298e-08
1.1820645617770562,1.1250769,1.1250768,8.999176026591726e-08
0.7612346317438315,0.7883232,0.7883232,2.359085082836998e-08
1.160146300785382,1.0473773,1.0473773,4.7946167036627685e-08
0.7114987937351602,0.7356514,0.73565143,-5.61367797802248e-08
1.135490516754544,1.0010073,1.0010073,1.8496704168313727e-08
0.6594603706334947,0.6746723,0.67467237,-6.441604616380658e-08
1.1197865238995162,1.0043557,1.0043557,-3.097839362808941e-08
0.6184743559782008,0.6586042,0.6586042,4.654693630534723e-09
1.113008168951842,1.0396682,1.0396683,-9.759979247014883e-08
0.6778810513774471,0.64611924,0.64611924,-3.053894026550097e-09
1.0168215770661706,0.9244633,0.9244633,-2.7905273425332666e-08
0.9749369273068884,0.8759925,0.8759925,-2.3059844922457273e-08
0.7536361009369512,0.6559437,0.6559437,-8.26950075083488e-09
0.6760010217249748,0.58890027,0.58890027,-1.922149661659489e-09
0.4962070875402168,0.39505166,0.39505166,-1.8464660911376996e-09
0.3994470357826014,0.2862842,0.2862842,8.297729503503604e-09
0.2337123869388956,0.094575584,0.0945756,-1.606521606023481e-08
0.1160036757563061,-0.018627822,-0.018627822,-3.9913940555469374e-10
-0.0554923007411565,-0.17052425,-0.17052422,-3.444126128737679e-08
-0.1875351238468421,-0.2763868,-0.27638674,-5.7428131083892e-08
-0.358512498979173,-0.43986487,-0.43986487,-3.8861083795360685e-09
-0.4780358009429998,-0.5681734,-0.56817347,6.149169917701869e-08
-0.6394278803244465,-0.7507034,-0.7507035,1.0558700558327416e-07
-0.731888008876376,-0.84849924,-0.84849924,1.5089416383062826e-09
-0.8984687032862767,-1.0144913,-1.0144913,-1.965637208556359e-08
-0.962334670375562,-1.074704,-1.0747042,1.4898223876791405e-07
-1.1232010083624957,-1.2576231,-1.2576231,2.356109618517621e-08
-1.1583622930738835,-1.294618,-1.294618,-1.0520935012081623e-08
-0.6444935675290334,-0.6128705,-0.6128706,8.560714725991403e-08
-0.685249323675028,-0.637165,-0.637165,-9.975433368225595e-09
-0.7658398019298197,-0.72477454,-0.72477454,5.293273597217762e-10
-0.7918590134806524,-0.7509845,-0.7509845,1.0082244927822614e-08
-0.8314634770801499,-0.8409259,-0.8409259,2.7674102787145216e-08
-0.894093791609588,-0.8585395,-0.85853964,1.1830581669869389e-07
-0.9224155882534149,-0.93688065,-0.93688077,1.2186386111334713e-07
-0.9914931410432362,-0.96421176,-0.96421176,-1.951446559900205e-09
-1.013597957935979,-1.0439794,-1.0439793,-1.0635681157999954e-07
-1.0817544766886027,-1.0467591,-1.0467591,-2.8570556587226292e-08
-1.1038592935813456,-1.1199692,-1.1199692,-4.877166737138339e-08
-1.16395676450849,-1.1201009,-1.1201009,4.417266841194589e-08
-1.1948114047546106,-1.1922847,-1.1922847,-3.254699620924839e-09
-1.2413236236330902,-1.207364,-1.207364,3.687286387332733e-08
-1.2899081690952643,-1.2774718,-1.2774718,1.9223022507119936e-08
-1.315697122136798,-1.3136991,-1.3136991,-2.6243591300101343e-08
-1.3903008791498048,-1.3850627,-1.3850627,5.450439433118959e-09
2.5579247425245724,2.653346,2.653346,6.17065429864283e-08
2.329324390183668,2.5399053,2.5399055,-1.9032287612574805e-07
2.146165173722744,2.4186778,2.4186773,5.068542479058635e-07
1.909986850592705,2.281334,2.2813337,2.23339843952175e-07
1.5969603909229877,2.126024,2.126024,7.797241075024886e-09
1.3777580300976042,1.9904894,1.9904894,-3.632965084321427e-08
1.1823405041988222,1.8391997,1.8391997,-3.7791442863976954e-08
1.0064969997603042,1.6569955,1.6569955,3.489685052038283e-08
0.9094675065260296,1.5054258,1.505426,-1.8918609612228465e-07
0.9110771648212675,1.4089545,1.4089545,1.1520384646246384e-09
0.9094675065260296,1.312728,1.312728,4.737091074957789e-08
0.9439058989071284,1.2788974,1.2788974,4.670715370025391e-09
1.0303334479148152,1.2584205,1.2584207,-2.3262329107431867e-07
1.109552228706444,1.2109082,1.210908,1.7451477041241503e-07
-1.0169401400240847,-0.9011316,-0.9011316,2.966079715172043e-08
-0.8634611182296228,-0.80493146,-0.80493134,-1.218110656786564e-07
-0.8701230510291479,-0.6973276,-0.6973276,-1.3830566358841168e-08
-0.8110302212166621,-0.5801853,-0.58018535,5.584869389174685e-08
-0.7861400474091099,-0.45617735,-0.45617735,-3.858947772439336e-09
-0.7168253079145225,-0.3378663,-0.3378663,-6.304931632339361e-09
-0.6339353209280992,-0.21049933,-0.21049933,-1.35509489740393e-09
-0.4992264879226388,-0.090428635,-0.090428635,-4.780197210285664e-10
-0.2859502396070221,0.041390955,0.041390955,4.4815063465764027e-10
-0.0566761771935568,0.19676773,0.19676772,1.2501029961198284e-08
0.187060311141128,0.3156312,0.3156312,1.0803985595053689e-08
0.4485245975686114,0.49229681,0.49229681,4.918518092811297e-09
0.7196430443639105,0.7303156,0.7303157,-7.43324279905977e-08
0.9598481816229834,0.94015193,0.94015193,-1.4465328934676336e-10
-0.8596741314552591,-0.097706184,-0.097706184,2.0883941798111039e-10
-0.8253080841622843,-0.110980645,-0.110980704,5.917787933296115e-08
-0.7870183961700159,-0.10321976,-0.10321976,-2.4444961610470273e-09
-0.5758976205097055,-0.07641055,-0.07641052,-2.6898841862244005e-08
-0.4232727267581291,0.03038007,0.03038007,2.095031752247234e-10
-0.2164162305647832,0.14631215,0.14631212,2.7378921518828037e-08
-0.0422813922566061,0.2678556,0.2678556,1.442375180404909e-08
0.3039490449156529,0.48626834,0.48626834,1.541290262085937e-09
0.6100372738369387,0.7341604,0.73416036,6.327880863743474e-08
0.8167797410052203,0.8448085,0.8448085,1.888656619986051e-08
0.9476731131028234,0.9716074,0.9716073,8.706588749962663e-08
1.046476534247581,1.0499066,1.0499065,1.1144256584216805e-07
-0.6405547304407747,-0.6173717,-0.6173717,2.1647644010691636e-08
-0.6254885320861304,-0.5855072,-0.5855073,8.593063349771057e-08
-0.5516476182862459,-0.52569115,-0.5256911,-5.1618957552790334e-08
-0.4828862550767492,-0.45521623,-0.45521617,-5.896194460452975e-08
-0.4109802887962745,-0.3946967,-0.39469677,5.7506103490201355e-08
-0.3298939212610904,-0.31267768,-0.31267768,-1.4460754260703368e-09
-0.2382571891242579,-0.23845531,-0.23845525,-6.046390532699064e-08
-0.1625189294977749,-0.15589584,-0.15589584,-4.101905815012685e-09
0.0276151670329733,0.04352674,0.04352674,-1.1179351819268213e-09
0.1432341680859077,0.16116351,0.16116351,-1.1079406836422834e-09
0.262364264467491,0.26847765,0.26847765,-1.5033722045032505e-09
0.491030996437811,0.47809207,0.47809207,4.394226094106557e-09
0.7428892724547593,0.7330608,0.7330608,-2.2812652544779155e-08
1.0560526742493137,0.9790715,0.97907156,-6.208282465891557e-08
2.494526893164991,2.6669574,2.6669574,-2.1612548639637907e-08
2.2627001592951306,2.563765,2.5637653,-2.5101928713411326e-07
2.0099574781492504,2.4389288,2.438929,-1.5745544423850788e-07
1.6116354959775876,2.3024373,2.302437,3.054504396082791e-07
1.179270191685564,2.1632254,2.1632254,1.2368774449100783e-08
0.7173518692567626,2.0464296,2.0464296,3.409423809941359e-08
0.4027948795522855,1.9192494,1.9192495,-8.460235600971089e-08
0.208638865111328,1.8500574,1.8500574,-3.648986823812095e-08
0.2874320411965715,1.8212632,1.8212633,-1.0591583254893067e-07
0.436317571590929,1.7778729,1.7778729,2.0036315939719884e-08
0.7462139014966376,1.7233229,1.723323,-1.3165283196947541e-07
0.992510757785564,1.6896849,1.689685,-1.3214111338477608e-07
1.172482137234565,1.64467,1.64467,9.61303703306271e-09
1.32734021827622,1.5381908,1.5381908,4.1674804718283553e-08
-0.5040358768563967,-0.5724942,-0.57249427,6.11872863487406e-08
-0.6309083154803686,-0.6563533,-0.65635324,-5.484939580302495e-08
-0.440484528289761,-0.4776312,-0.4776312,-1.1280822775905364e-08
-0.5516993882813734,-0.5770678,-0.57706785,5.758438115233133e-08
-0.3628874106558616,-0.38319814,-0.38319814,-2.0516967569328415e-09
-0.4612077941267074,-0.4918837,-0.4918837,4.874420145295488e-09
-0.2726260750104951,-0.29195482,-0.29195487,5.46122741473809e-08
-0.3649597372395562,-0.41403437,-0.41403437,3.3923339692876198e-09
-0.1722333649559546,-0.20069964,-0.20069964,-2.300605761451635e-09
-0.2620341835827224,-0.33856004,-0.33856004,-4.765472405576787e-09
-0.0589461783806475,-0.10984211,-0.10984217,6.330005646038028e-08
-0.1547337182491998,-0.24922217,-0.24922217,-4.286842353318221e-09
0.0642421240945338,0.018559128,0.018559128,4.603576547745902e-11
-0.0414465316738928,-0.11904572,-0.11904575,3.0495643621453183e-08
0.1982525765067873,0.2215118,0.2215118,-3.883171090235393e-09
0.0787484101803963,0.06131065,0.06131065,-1.08184814578971e-09
0.3440062128933104,0.40229255,0.40229255,-3.89862087057935e-10
0.2051603317857694,0.21793076,0.21793076,3.959884642412703e-09
0.7573202370857418,0.5807515,0.5807515,-2.13279723881854e-08
0.5266012107677382,0.4382592,0.4382592,1.416282652266787e-08
1.027183209984644,0.93942195,0.93942213,-1.7822921749566234e-07
0.7865630677667661,0.7167521,0.7167521,1.1911773678541238e-08
1.0614917278702551,1.012294,1.0122939,1.540313721015707e-07
0.8321542526080482,0.8000332,0.8000333,-8.829193109960443e-08
1.017512352594069,0.94698894,0.94698894,2.3895263545625767e-10
0.7943918570829458,0.8150205,0.81502056,-5.838638306165933e-08
0.9353100647741814,0.8671317,0.86713165,6.00524902027999e-08
0.7294589574605138,0.7367535,0.7367536,-7.665023804559468e-08
0.8406738174521261,0.78798366,0.78798366,-4.070434544978241e-09
0.6534736493917103,0.63911486,0.63911486,-3.2800292482093596e-09
0.7423534339812804,0.74571055,0.7457106,-4.8261260987558785e-08
0.5710411030625234,0.5570538,0.5570538,4.3975829644438136e-09
0.6373555537407519,0.617049,0.617049,-2.1194457966444702e-08
0.483773128038049,0.47340953,0.47340953,3.500671363898533e-09
0.5125554417004746,0.5282835,0.5282835,-2.3170471208366905e-08
0.3978867040693711,0.39474922,0.3947492,2.4185943581223057e-08
0.6560064929940036,0.42587033,0.42587033,-8.583831978548062e-10
0.9493558338414452,0.60760075,0.6076007,4.8538970953693195e-08
1.1162932530835137,0.8114493,0.8114493,-1.0678100625938214e-08
1.2767834340651985,0.97408974,0.9740897,4.170684819726489e-08
1.5065814263460042,1.1934911,1.1934912,-9.873504636104258e-08
1.7997005086841462,1.4833496,1.4833496,-3.830871575516426e-08
2.0571295220808805,1.8775232,1.8775232,-1.6177368111769397e-08
2.306038970633537,2.35518,2.3551803,-2.748992917744886e-07
2.795338302894772,2.8448613,2.8448613,-3.1002807432400914e-08
3.387563188812841,3.3558187,3.3558187,4.84741211614903e-08
0.5556137829394633,0.42720366,0.4272036,5.524291990521846e-08
0.8208715856523773,0.64621437,0.64621437,-4.040832557450358e-09
1.0377751014124164,0.8622754,0.86227536,6.161941523696868e-08
1.2279686300937247,1.0502185,1.0502183,1.6294403071270835e-07
1.5496397675849929,1.2424685,1.2424684,7.629547127407932e-08
2.029498500964952,1.513086,1.5130861,-1.3865814207925098e-07
2.389162292490622,1.933687,1.9336871,-1.2833557128111295e-07
2.8050091602853464,2.4381561,2.4381561,2.7929687451688778e-08
3.2526317023633893,2.9818475,2.9818473,2.2464294424651143e-07
3.7166025986016895,3.4986145,3.4986148,-2.503631590933253e-07
1.6094379124341005,1.4805089,1.4805088,1.2353057865510664e-07
1.1116880828975253,1.2011783,1.2011783,1.2301635710088021e-08
2.018895041811802,1.8644284,1.8644284,9.933471822876072e-10
1.4310566352957996,1.5168222,1.5168222,1.8894958486725955e-08
2.4849066497880004,2.1883366,2.1883364,2.1079406753443664e-07
1.773451038624014,1.7916993,1.7916994,-1.0972442621159928e-07
2.833213344056216,2.4955082,2.495508,1.9396972650298494e-07
2.131963537603187,2.0653358,2.0653358,-4.942016618159073e-08
3.167161389181522,2.7916434,2.7916434,-1.888122547200055e-08
2.4902457780730605,2.2838387,2.2838387,4.893188476629007e-08
3.471966452550362,3.1116662,3.1116664,-1.974548338168347e-07
2.8485280185429342,2.5429456,2.5429456,2.3397827231264046e-08
3.763522997109702,3.3872669,3.387267,-1.256866455356942e-07
3.154081060383244,2.8428123,2.8428123,-2.7160629301192785e-10
4.051784947803305,3.777996,3.7779963,-2.3676757798796189e-07
3.427858427940236,3.1782432,3.178243,1.6024780258305782e-07
4.313809355194818,4.1274915,4.127492,-5.258483888326282e-07
0.3907486902810895,0.21276176,0.21276176,-2.420043887507717e-10
0.9901115899874398,0.7200988,0.72009873,6.350662229426263e-08
1.3258284965459717,1.1063411,1.106341,1.235809325983439e-07
1.7573329429730558,1.4139302,1.4139302,-2.231140139308252e-08
1.965716893889017,1.6883281,1.6883281,4.693450916803954e-08
2.2938352696406685,1.9762222,1.976222,1.5747833259638355e-07
2.446957178324773,2.2543237,2.2543237,2.0932006794538438e-08
2.673301292966088,2.4945104,2.4945107,-2.8778381366834083e-07
2.8282652697245863,2.6858962,2.6858964,-2.417816160615871e-07
3.0488529216334164,2.8492458,2.8492458,-1.3333129711412539e-08
3.139344515788082,2.9929905,2.9929905,-6.225585824637392e-09
3.303749091427857,3.0961554,3.096155,4.0504455567358377e-07
3.4207204141519547,3.2145863,3.2145863,-4.206542980611516e-08
3.5082186476857284,3.287113,3.287113,-4.872131365019072e-08
3.612295493889059,3.3789458,3.3789458,2.748413097108937e-08
3.676998135002192,3.4728012,3.4728012,8.496093606424893e-09
3.7889037705217024,3.5677984,3.5677981,2.7608337394013915e-07
3.8646588200812064,3.6660078,3.666008,-2.4281311050700083e-07
0.2203573933995301,0.24193811,0.24193811,4.166259753857204e-09
0.2029408439966903,0.23583384,0.23583385,-1.1417961132131893e-08
0.1096030504265166,0.15486193,0.15486193,-2.9675293056197205e-09
0.0788111804242898,0.12634327,0.12634327,-4.824180610540907e-09
-0.0052959457138863,0.07556525,0.07556525,-1.2722015385602248e-09
-0.0470916075338505,0.030753046,0.030753076,-2.9725814820052987e-08
-0.1245698535309779,-0.08083935,-0.08083938,2.918041229482693e-08
-0.173163619009189,-0.14299105,-0.14299105,-1.077842703978149e-09
-0.2482186730247581,-0.2428882,-0.2428882,2.697181700206386e-09
-0.2997546536860502,-0.3095309,-0.30953097,5.6170196549576445e-08
-0.3744003361208318,-0.40070778,-0.40070778,-1.3148498401172048e-09
-0.4231200433468851,-0.4464376,-0.44643772,1.2272521970890793e-07
-0.501963550272702,-0.52442545,-0.52442545,3.0128478600843778e-09
-0.5447271754416722,-0.56402457,-0.56402457,2.395935005949923e-09
-0.631138573989668,-0.651598,-0.65159804,6.33154296769689e-08
-0.6635883783184009,-0.67956114,-0.67956114,1.8469238360907525e-09
-0.762616182799628,-0.7656588,-0.7656588,4.1664123262563635e-09
-0.780886094867952,-0.7783648,-0.7783649,1.2243499758479715e-07
-0.6246913357292846,-0.58524764,-0.5852477,6.415863040842851e-08
-0.6254885320861304,-0.5840261,-0.58402616,6.174865718744371e-08
-0.6735061397007583,-0.6046981,-0.60469806,-6.154769893740308e-08
-0.6753072624316143,-0.603046,-0.603046,-3.814726312612038e-12
-0.7193275830513399,-0.6167132,-0.6167132,-2.5841522255376503e-08
-0.7215466550816433,-0.61542755,-0.61542755,-3.6537169956218918e-09
-0.7697541965879096,-0.6553701,-0.6553702,8.376617433025757e-08
-0.7721903879003982,-0.65334946,-0.65334946,8.287048824939802e-10
-0.8102796942246048,-0.70254385,-0.70254385,-4.713439971659739e-09
-0.8119307165499123,-0.7006844,-0.7006843,-1.2821502681781283e-07
-0.833766062173144,-0.739092,-0.739092,7.621765107934664e-09
-0.8347107448817322,-0.73680836,-0.7368085,1.4037704465508227e-07
-0.8457395046567131,-0.7822563,-0.78225636,5.4782257064012185e-08
-0.8462983600541201,-0.7810055,-0.7810056,9.82528686188644e-08
-0.8551801035379887,-0.818201,-0.818201,-5.458831831006705e-09
-0.8556661100577202,-0.81617695,-0.81617695,-9.31549060112502e-10
-0.8694561311145517,-0.84641105,-0.84641105,6.340027391971148e-10
-0.8698843590599994,-0.8445129,-0.8445129,2.0151519786182348e-08
1.8660149593623747,1.691478,1.6914781,-8.600769052513613e-08
2.225218233869446,2.259571,2.259571,7.543945290677811e-08
1.3753340760453436,1.3839867,1.3839867,1.1502075292213476e-08
1.8266407542721763,1.8620051,1.8620052,-8.544464114024208e-08
1.0490577683680873,1.0560286,1.0560287,-9.549255364227349e-08
1.4623717925605186,1.4536917,1.4536918,-7.903747567539199e-08
0.7363667127394958,0.790705,0.790705,2.5196075448263855e-08
1.1195168722137052,1.0205712,1.0205711,1.3184204106231334e-07
0.4397937527618628,0.4831406,0.4831406,-1.2193298315477108e-08
0.796233925157341,0.7206834,0.7206834,-4.137420628325117e-09
0.1623322490560802,0.24288838,0.24288836,1.6116752626915698e-08
0.4874572641868395,0.4370275,0.4370275,1.3980865465335057e-08
-0.1116753770102112,-0.08232443,-0.0823244,-3.0346488946730865e-08
0.192956630792901,0.09290879,0.09290878,1.219770431881706e-08
-0.3730187850650354,-0.3707595,-0.3707595,1.2847900410228874e-08
-0.0957875398685523,-0.19248278,-0.19248272,-6.439044952788464e-08
-0.6203164240525959,-0.6274637,-0.62746376,6.161285404093775e-08
-0.3916697243182872,-0.42738956,-0.4273895,-6.212997438748147e-08
1.1378330018213911,1.1044005,1.1044006,-8.444366450532925e-08
0.7050515554747769,0.75682664,0.7568267,-6.082458492429055e-08
1.0643658499395183,1.0124954,1.0124954,-1.4785765944935747e-09
0.9658425107034028,0.88713413,0.8871341,3.476943966074231e-08
0.5592979190882538,0.53145766,0.53145766,2.582397407024928e-09
0.8311684784573199,0.7125054,0.7125054,1.8081669495018104e-10
0.3794660233254188,0.2554944,0.25549442,-3.4042282104351784e-08
0.6549259677397475,0.52170366,0.52170366,4.881286486124736e-10
0.1692400043350623,-0.007214099,-0.007214099,-1.6877746596144494e-10
0.4350239103497087,0.2833598,0.2833598,-4.191207880754888e-09
-0.0587159198713481,-0.2975965,-0.2975965,-1.4225006117474237e-08
0.151862349309246,-0.048369244,-0.048369244,2.589645373141103e-10
-0.2786127962522795,-0.49426514,-0.49426514,8.970642007000151e-10
-0.164874643190234,-0.35993588,-0.35993588,2.926635600530858e-10
-0.4844639035659472,-0.64775497,-0.64775485,-1.1721267700881555e-07
-0.6794928609425429,-0.8182077,-0.8182078,1.1882095340975951e-07
-0.5058380822549516,-0.6563492,-0.6563492,1.7871093715982056e-08
-0.8703771651517493,-0.9495334,-0.9495333,-1.0291976926257718e-07
0.5857776476576854,0.43255356,0.43255356,-4.582977330969129e-10
0.8943240501188875,0.6504341,0.650434,7.678604130312294e-08
1.2037914866172872,0.89599276,0.8959927,5.588989260285615e-08
1.5028972901972135,1.1803906,1.1803906,-3.610229448725022e-09
1.784733705579685,1.4472888,1.4472889,-1.48397827137714e-07
2.0912077814571925,1.7487354,1.7487355,-7.214355468576628e-08
2.5169557651517915,2.1160846,2.1160846,-2.4346924032414563e-08
2.8704025769263777,2.5141618,2.5141618,2.5180053597750884e-08
3.2183231844777778,3.0026312,3.002631,1.8743896479378463e-07
3.6192032491680415,3.4417527,3.441753,-3.2780456526992907e-07
1.2154763837093514,1.535173,1.535173,5.850982676136596e-08
0.4411753038176592,1.3131584,1.3131583,9.290618896429237e-08
1.3763197799726865,1.9548882,1.9548881,1.2460174558803772e-07
0.2321005773737998,1.6263995,1.6263995,1.7059326173907152e-08
1.6035807929497023,2.3411744,2.3411746,-2.3591003417422485e-07
0.3308814778632444,1.9203595,1.9203595,-7.698059079075392e-09
1.8298577578267128,2.6402028,2.6402028,-3.930358882797691e-08
0.5171606118864627,2.16719,2.1671898,2.749206542418392e-07
2.082100503505578,2.9576485,2.9576483,2.1570129415948713e-07
1.034090965263626,2.4298952,2.4298952,-3.7417602349876233e-08
2.525664642260168,3.1669421,3.1669421,1.9598388689701096e-08
1.872922714641357,2.6773362,2.677336,2.1597290045249906e-07
2.986545201344822,3.356501,3.3565009,2.024475098671985e-07
2.5703757393092537,2.9636207,2.9636207,-3.7310790901301516e-08
3.4383358001387534,3.6287622,3.6287625,-2.548217774567263e-07
3.146712788085664,3.2431936,3.2431934,2.2640380858973685e-07
3.8727768519512624,3.925041,3.9250407,2.603118898214518e-07
0.6645260578380817,0.5096251,0.509625,7.724761963423532e-08
0.681074599325676,0.47500014,0.47500014,3.0511474458094767e-09
0.7034397459096811,0.3955182,0.39551818,3.3510513308687706e-08
0.7102992393775109,0.33907127,0.33907127,3.803710957317463e-09
0.7013674193259863,0.28436023,0.28436023,-3.097533340934433e-11
0.6698273752383285,0.21541879,0.21541879,-4.189529417830684e-09
0.6479474451685244,0.17822564,0.17822564,-3.5177612212056175e-09
0.573124137960215,0.09541817,0.09541817,9.44900546695493e-11
0.5434100819465948,0.065786004,0.065786004,6.646729000525653e-11
0.4370283725642828,-0.013985902,-0.013985872,-3.00709991456205e-08
0.4006498061809639,-0.050556913,-0.050556943,2.998177337648622e-08
0.2854796488965809,-0.16339044,-0.16339044,-2.72899627895562e-09
0.2309492848273028,-0.20993127,-0.20993133,6.071193695000865e-08
0.1049004098253698,-0.2993796,-0.29937953,-5.717346190925454e-08
0.0009210340371976,-0.37052375,-0.37052375,-7.82012954392286e-10
-0.1282880203015309,-0.4571591,-0.45715904,-6.196304319638912e-08
-0.300487354635723,-0.5727484,-0.5727485,7.737731932966341e-08
-0.3849274568906163,-0.622609,-0.622609,-1.9279480012457384e-08
-1.3168484146832948,-1.2159507,-1.2159507,-2.7462768503738744e-08
-1.3315849592784568,-1.176795,-1.176795,-5.7983398082939175e-09
-1.2675730936932224,-1.1921442,-1.1921444,2.444976807680632e-07
-1.3529990006433017,-1.1294378,-1.129438,1.9577789300839754e-07
-1.2399420725772936,-1.1377076,-1.1377076,8.94317619959395e-09
-1.4064189748007632,-1.0870304,-1.0870304,-1.0766601610256998e-08
-1.2047125206544849,-1.0840213,-1.0840213,-2.987976066570752e-08
-1.3877680355475115,-1.0345833,-1.0345832,-1.3015441902020086e-07
-1.1637265059991908,-1.0292302,-1.0292301,-1.3700714118769497e-07
-1.3099406594043126,-1.0000583,-1.0000585,2.0665740962932944e-07
-1.1174445456300104,-0.9913582,-0.99135834,1.194227600143094e-07
-1.2051730376730836,-0.94899434,-0.94899446,1.2148757932983756e-07
-1.063103537435351,-0.9416837,-0.9416838,9.037857051641396e-08
-1.0453736322192968,-0.8784414,-0.8784414,6.624603310356747e-09
-1.005078393091901,-0.8949805,-0.8949806,1.0979232789587456e-07
-0.841134334470725,-0.815342,-0.8153418,-2.0906753539495782e-07
-0.9334679966997862,-0.84062153,-0.84062153,-1.0096741220877448e-09
-0.7096567256607649,-0.6712052,-0.67120546,2.3739334109595944e-07
-0.6415002069081412,-0.6658712,-0.6658712,-2.9457092320939182e-09
-0.6927327252272586,-0.77644324,-0.77644324,-3.0267334194533646e-09
-0.7283076649140168,-0.82410043,-0.8241003,-1.3478012084178204e-07
-0.759507692924086,-0.8368903,-0.8368903,1.9753265356747818e-08
-0.7895564283876584,-0.8523814,-0.85238165,2.41785430898922e-07
-0.7984213809956853,-0.8628982,-0.8628983,1.2905197144252867e-07
-0.8032568096909729,-0.8690494,-0.8690494,2.97111510949577e-08
-0.805904782547916,-0.8672275,-0.8672274,-9.471664430549254e-08
-0.8093586601874071,-0.8292524,-0.8292524,-2.185592651304802e-08
-0.430813670899186,-0.47596157,-0.47596157,4.0286254887611506e-09
-0.7907077209341553,-0.86712307,-0.86712307,2.6210021930594962e-09
-0.3145331237029867,-0.38759273,-0.3875928,6.709365846235826e-08
-0.7833394486365745,-0.8857165,-0.8857165,2.1018982110376783e-09
-0.2730865920290938,-0.35481864,-0.35481864,-2.1394347959891036e-09
-0.8001483198154309,-0.89385134,-0.89385134,1.829528750718623e-10
-0.2910467557544474,-0.41223133,-0.4122314,7.389678957636647e-08
-0.8310029600615512,-0.9432779,-0.9432779,4.549407961462748e-09
-0.3474600905328015,-0.4655584,-0.46555847,6.030914306842661e-08
-0.8685350970773541,-0.9285639,-0.9285638,-9.284133906106717e-08
-0.4252874666760002,-0.5270826,-0.5270827,7.79487610014229e-08
-0.9019225809257676,-0.90152365,-0.90152353,-1.1969253543853142e-07
-0.5116344076632771,-0.6111222,-0.6111222,9.047698923403402e-09
-0.9295536020416963,-0.89714175,-0.8971419,1.4537277226445156e-07
-0.5968300561040567,-0.6778029,-0.6778029,-2.0341491713260496e-08
-0.960638500797116,-0.90736705,-0.90736705,-6.477356429002157e-10
-0.6831769970913335,-0.7301875,-0.7301874,-7.568130488966318e-08
-0.6873216502587227,-0.68110096,-0.68110096,-4.546203635769075e-09
-0.629987281443171,-0.6290438,-0.62904376,-5.7520141649725076e-08
-0.563442572255643,-0.55936676,-0.5593667,-6.26380920465408e-08
-0.5949879880296615,-0.5685777,-0.56857777,6.318618772649387e-08
-0.5390351702699061,-0.5589488,-0.5589489,8.513107296881373e-08
-0.5728831711369186,-0.5657489,-0.5657488,-7.037277216515037e-08
-0.5219960405817502,-0.55153507,-0.5515351,3.0057525579607614e-08
-0.5671267084044335,-0.56414837,-0.5641485,1.3354873662496658e-07
-0.520153972507355,-0.5499755,-0.5499755,-1.4411926319013446e-08
-0.5802514434344995,-0.57274705,-0.5727471,4.828414912338985e-08
-0.5355812926304151,-0.57449263,-0.57449263,-3.342742971312873e-09
-0.6051193624388352,-0.58844674,-0.5884468,6.366424565307227e-08
-0.5705805860439246,-0.6216392,-0.62163925,5.789566037694982e-08
-0.6428817579639377,-0.63401717,-0.63401717,5.244445988594748e-10
-0.6196256485246978,-0.6593157,-0.6593157,-5.299377492384849e-09
-0.691466303426112,-0.6636697,-0.6636697,-5.390930146731421e-09
-0.6755784662844531,-0.707268,-0.7072681,1.0035095210358946e-07
-0.7538663594462507,-0.70158154,-0.7015814,-1.377235412380884e-07
0.6433422749825364,0.43470302,0.43470302,2.241592411689197e-09
0.6498742683264784,0.37771797,0.37771797,1.8017577985141031e-09
0.6458751185848299,0.26075158,0.26075158,-4.768447858793934e-09
0.6389021657075495,0.16824968,0.16824968,1.5919875973047226e-09
0.6223887506362906,0.10122954,0.10122954,1.0037040643062767e-09
0.5796424797631247,-0.002399668,-0.002399683,1.4902503967396258e-08
0.5544624903929662,-0.05074565,-0.05074565,-1.1259078946945777e-09
0.4776617309875571,-0.15972696,-0.15972696,-2.44716644171028e-09
0.4480830590966413,-0.19790594,-0.19790588,-6.279766082140092e-08
0.341459778132252,-0.31468505,-0.3146851,5.3327178950457466e-08
0.2997965791078248,-0.34401613,-0.34401613,-4.7389221435878426e-09
0.1593087824848818,-0.4274757,-0.4274757,9.158325209313034e-09
0.0960177983778517,-0.46674967,-0.4667496,-6.812133790390362e-08
-0.0456251780262755,-0.5336149,-0.53361493,5.611389164439373e-08
-0.1581875958886909,-0.5780859,-0.57808596,6.064697266605634e-08
-0.2950424268580733,-0.61988956,-0.6198896,4.263839725737739e-08
-0.4807797674171568,-0.68181264,-0.68181264,-4.004821807512826e-09
-0.5638748448558062,-0.7059391,-0.70593894,-1.7409378050281532e-07
1.0345514822822248,0.87071604,0.8707161,-6.463394164324399e-08
1.1480689273668312,0.98530114,0.9853011,3.697051997875178e-08
1.252145773570162,1.108611,1.108611,-1.2336730970119447e-08
1.3428676262341277,1.1971955,1.1971955,2.9937744061570015e-08
1.3486240889666128,1.2421863,1.2421863,7.907104526694297e-09
1.437964390574782,1.3659843,1.3659844,-7.935943613368579e-08
1.5238508145434595,1.4708946,1.4708945,7.511901856105396e-08
1.6081254289470417,1.5613493,1.5613493,-2.7272033742420376e-08
1.6947026284436175,1.662232,1.662232,4.135894782208993e-08
1.7893388757656732,1.7584597,1.7584597,-1.2767028767513011e-08
0.3120002801006932,0.26265606,0.26265606,2.841415380760992e-09
0.9284023094951994,0.6907517,0.6907516,7.179107663901618e-08
1.7269388197455344,1.4119136,1.4119136,3.3346557515301356e-08
1.719800805957253,1.4429401,1.4429401,1.5928649954588536e-08
2.145203401887903,1.8378594,1.8378594,-7.833862225581356e-09
2.368669285162975,2.107443,2.107443,9.425354008385511e-08
2.4091947827996703,2.138904,2.1389039,1.9469604506383575e-07
2.431529858201712,2.1553853,2.1553853,-4.418640120462669e-08
2.437171191679548,2.1102724,2.1102724,7.531738344113137e-09
2.3801822106279453,2.08188,2.0818799,1.9262084949289715e-07
2.366251570815331,2.045375,2.0453749,2.0871887196349803e-07
2.236731159334416,2.0086136,2.0086136,-1.357421863801278e-08
2.0779679171724768,1.962279,1.9622791,-1.37864685001432e-07
0.8270885654034613,0.8284973,0.82849723,6.061126711642828e-08
0.9622503103622118,0.8570819,0.85708195,-5.989379880944057e-08
1.5800338908125144,1.4802531,1.4802531,3.9520253736213817e-10
1.823877652160584,1.6047649,1.604765,-6.164550780951572e-08
1.8568046189903984,1.5626194,1.5626194,4.770812989107753e-08
1.7674643173822295,1.452876,1.4528762,-2.2820587153304928e-07
1.6078951704377422,1.3064616,1.3064615,7.264709478427278e-08
1.4082610428751583,1.1721718,1.1721718,3.113098134832626e-08
1.1885944250035263,0.9749386,0.97493845,1.2145309447042507e-07
0.9680067730946968,0.798565,0.798565,-2.950668331891393e-08
0.3435456958747116,0.33894622,0.33894622,3.2589721477016553e-09
0.9274812754580016,0.5868321,0.5868321,6.11343387024732e-09
1.8938762389876027,1.4255658,1.425566,-1.6118621837257763e-07
2.6403743261362727,2.1071045,2.1071048,-2.6012878429071407e-07
3.2137180142917896,2.6095777,2.609578,-3.4420776362509287e-07
3.637854188421293,3.0195491,3.0195491,3.139343274227713e-08
3.964821271626448,3.3835936,3.3835933,2.5926513691487685e-07
4.226164679681272,3.7542741,3.7542741,2.986755376355177e-08
4.428331650846149,4.062132,4.0621324,-5.182861331221034e-07
4.554283055432923,4.29867,4.2986703,-4.849365238257519e-07
-0.2452253124038658,-0.27220738,-0.27220744,6.065887453443608e-08
1.4985223785205253,1.6877785,1.6877785,-2.7099609445357942e-08
2.8289560452524847,3.0672483,3.0672483,4.442138656912675e-08
3.577526458984849,3.4821002,3.4821002,4.833679190241469e-08
3.927289134610645,3.7301881,3.7301881,3.1332397565364545e-08
4.067977083792581,3.8379593,3.8379593,-1.0449218823538331e-08
4.102515860187491,3.9346914,3.9346914,2.9138183421650865e-08
4.082713628387743,4.0340986,4.034098,6.251831052850321e-07
4.05669441683691,4.0966263,4.0966263,-1.8261718359724455e-08
4.025149001062892,4.099427,4.099427,2.2320556603006025e-07
-0.004605170185988,0.090463564,0.09046355,1.3799858089580397e-08
1.5694419993847415,1.780199,1.780199,5.0903320225614834e-08
2.6601765579360213,2.7231925,2.7231925,-4.661560071284043e-08
2.834251990966372,2.9185548,2.9185548,-1.713256825297549e-08
2.628170625143404,2.7885108,2.7885106,1.9940795903394815e-07
2.344261883177238,2.5313246,2.5313246,2.5015258753313674e-08
2.058971590155276,2.1718175,2.1718175,4.1122436567064824e-08
1.815588345825805,1.8344343,1.8344343,-2.914123542474556e-08
1.591777074786784,1.6029252,1.6029252,-1.8611145069513668e-08
1.400662512068278,1.4060025,1.4060024,1.2151489259260018e-07
-0.6438027920011352,-0.66296023,-0.6629601,-1.3130416864903793e-07
-0.5361434317502807,-0.57039416,-0.57039416,1.636657698256272e-09
-0.6746574322472554,-0.72261304,-0.72261304,3.3674621979784547e-09
-0.5709295478356962,-0.6018621,-0.601862,-7.294464110518817e-08
-0.5905905922348531,-0.63341486,-0.63341486,-4.540100073668896e-09
-0.7048212969654775,-0.77356637,-0.7735665,1.347579956512135e-07
-0.6106459590482015,-0.63162017,-0.6316203,1.3131408693745072e-07
-0.7354456787022983,-0.7951757,-0.7951757,2.8422546427542272e-08
-0.6424540662444271,-0.60645294,-0.6064529,-4.189453128855547e-08
-0.7651490264019214,-0.78620356,-0.78620356,-3.213348365171953e-09
-0.6753072624316143,-0.6218281,-0.6218281,2.0776367182229194e-08
-0.7943918570829458,-0.7993466,-0.7993466,-2.5804901104820033e-08
-0.6911491778972723,-0.6467433,-0.64674336,6.242309569248761e-08
-0.824095204782569,-0.82321316,-0.82321316,-3.7994385415629495e-11
-0.7236063880446539,-0.70806336,-0.70806336,-4.028930633559469e-09
-0.849653899314803,-0.8422138,-0.8422139,9.050979610236709e-08
-0.7507762933965817,-0.7734991,-0.7734989,-1.7159805298927466e-07
-0.8779756959586297,-0.87701863,-0.87701863,-5.046081330561947e-10
-0.6668286429310758,-0.6782611,-0.678261,-1.012458801241678e-07
-0.7138013788281542,-0.7126868,-0.7126868,2.288513178960727e-08
-0.7108080182072619,-0.7266762,-0.7266761,-1.2566223139831578e-07
-0.7605438562159333,-0.7429865,-0.7429865,-2.632141171687863e-10
-0.7499519647881607,-0.7596388,-0.7596388,1.368408197865989e-08
-0.8072863336037125,-0.78228307,-0.78228307,2.296752898978127e-09
-0.7877143603132631,-0.8094122,-0.8094122,1.8622589137429202e-08
-0.8521867429170964,-0.83614486,-0.83614486,-4.559173594209653e-09
-0.8268583068941618,-0.8626142,-0.8626142,-1.442031860587889e-08
-0.8917912065165939,-0.8890627,-0.8890626,-1.0265579220014587e-07
-0.8648509609285636,-0.9122116,-0.9122116,3.0342102164127027e-09
-0.9274812754580016,-0.93428475,-0.93428475,3.353118893656415e-09
-0.8970871522304803,-0.9536807,-0.9536807,5.896759081025493e-09
-0.9624805688715112,-0.9702626,-0.9702626,1.2929534887184957e-08
-0.9336982552090856,-0.98411113,-0.98411125,1.197624206472625e-07
-0.9988614133408172,-0.9983222,-0.99832207,-1.1885421757895642e-07
0.162792766074679,0.32723537,0.32723534,3.08744049215548e-08
0.0960177983778517,0.30286014,0.30286014,8.004760743141048e-10
0.3465390564956039,0.51783687,0.5178369,-3.123703007368306e-08
0.261803925073423,0.49598825,0.4959882,4.97787475683964e-08
0.4160771263040241,0.5694287,0.5694287,-1.7672729502038464e-08
0.3532165532652866,0.5556799,0.55567986,5.733551022846228e-08
0.4349583240665753,0.5411942,0.5411942,5.157471116845613e-10
0.3778542137603229,0.53896433,0.5389644,-6.88499450784974e-08
0.4278203102782937,0.48195535,0.48195535,-5.546569870062967e-10
0.3755516286673289,0.4789695,0.4789695,1.436996460713047e-08
0.4038734253111556,0.4319294,0.4319294,9.503936748700426e-09
0.3661110297860533,0.42686644,0.42686647,-2.803489684843896e-08
0.3886763636973949,0.3874635,0.3874635,1.0036468489627026e-08
0.3548283628303824,0.3791721,0.3791721,-1.3284301769722617e-08
0.3780844722696224,0.35466394,0.35466397,-3.1716079706978206e-08
0.3453877639491068,0.34800813,0.3480081,2.6020431531659227e-08
0.3773936967417241,0.36916685,0.36916685,1.0437011810360275e-09
0.3394010427073223,0.35356593,0.35356593,1.3201904569548617e-09
-0.3681693233644675,-0.3561293,-0.3561293,1.132659910307865e-08
-0.3368723166425527,-0.33119297,-0.33119297,-2.7587893081104653e-10
-0.3119747650208255,-0.31083244,-0.31083244,-8.531189088500923e-10
-0.2863496272180023,-0.28660846,-0.28660846,2.434692392139226e-09
-0.262664309476493,-0.26429385,-0.2642938,-4.946823117801813e-08
-0.1543173603843572,-0.14513405,-0.14513402,-2.6673774716767795e-08
-0.0576291128366364,-0.029165566,-0.029165536,-2.9967559815602396e-08
0.0459289318883997,0.10791673,0.10791673,-2.3379135155598973e-09
0.1501426584297194,0.2791826,0.2791826,1.2895965573189727e-08
0.2723145953206591,0.40154862,0.40154862,4.038696266306374e-09
0.4021262068426498,0.48561203,0.48561203,4.797668484712858e-09
0.5510074133988225,0.6085534,0.6085534,9.576415993528542e-09
0.712949807856125,0.7684409,0.7684409,2.23312379699081e-09
-0.4791654710381218,-0.4841268,-0.4841268,-6.259155249654924e-09
-0.4555486082761511,-0.46182173,-0.46182168,-5.490524290774346e-08
-0.4372654206579621,-0.4479428,-0.4479428,6.630706761434624e-09
-0.4162733068247678,-0.4319681,-0.4319681,7.0816040254051416e-09
-0.3918581047019475,-0.40852582,-0.40852582,-4.546813980876863e-09
-0.2975977372391573,-0.2981155,-0.29811555,5.813293457723745e-08
-0.1651105200636003,-0.2117367,-0.21173675,5.60216903700006e-08
-0.0124775215111125,-0.1013241,-0.101324126,2.9677940369121636e-08
0.1354046370062029,0.07287134,0.07287139,-4.769863128084584e-08
0.2969886317720807,0.2542823,0.2542823,-4.296112077195602e-09
0.4517760109714146,0.40986514,0.40986514,9.149169755140463e-10
0.5875088485369484,0.5443041,0.5443041,-2.714309688123251e-08
0.7508498906882345,0.7147781,0.7147782,-7.471389773527903e-08
-0.4366462255917391,-0.4171238,-0.41712385,5.544433595572329e-08
-0.4289384642938065,-0.40561247,-0.4056124,-6.871948243780679e-08
-0.4141527365057298,-0.37426072,-0.37426066,-6.359085080731575e-08
-0.4072166411469707,-0.36584383,-0.3658439,6.750717163050979e-08
-0.3952672831317184,-0.35097897,-0.35097897,-5.276489245531479e-10
-0.3335166087955802,-0.25750715,-0.25750715,4.595184344147185e-09
-0.2154234282990716,-0.1650723,-0.16507228,-2.6990623486211618e-08
-0.0678506669081744,-0.010886192,-0.010886192,-3.2177734435312466e-10
0.0934903430873389,0.14659952,0.14659953,-1.3727455144829648e-08
0.263517445452483,0.27729496,0.27729496,3.5982513635346436e-09
0.4342469095336165,0.41316095,0.41316095,-5.455019769229352e-11
0.6025658023287068,0.54623646,0.54623646,-4.559478794519123e-09
0.7606656322907681,0.7071649,0.7071648,8.361358638797611e-08
-0.6263031452943806,-0.6833894,-0.6833894,-2.5277709925219938e-08
-0.5758976205097055,-0.6134544,-0.61345446,5.850692752495945e-08
-0.627684696350177,-0.7049586,-0.7049586,-1.7687225351004088e-08
-0.5785692758525103,-0.6496169,-0.64961696,6.289382936675025e-08
-0.6288359888966739,-0.70046914,-0.70046914,3.761901901100373e-09
-0.5812480880625365,-0.6457675,-0.6457675,-9.93728632714408e-09
-0.6302175399524703,-0.68567324,-0.68567324,3.1530761335218926e-09
-0.584113419535823,-0.6312695,-0.6312696,8.543930052340443e-08
-0.6318293495175662,-0.6880892,-0.6880892,8.086395220097131e-09
-0.5871668570227133,-0.62607074,-0.6260706,-1.3783874508455085e-07
-0.6339016761012608,-0.699877,-0.699877,-2.3696899442704478e-08
-0.590410103108833,-0.6289992,-0.62899923,5.635879518628428e-08
-0.6362042611942549,-0.72405535,-0.72405535,1.7318724232495697e-10
-0.593844979486083,-0.652686,-0.652686,1.2969969542808713e-10
-0.6385068462872489,-0.7363625,-0.73636264,1.2311996455682817e-07
-0.5971099923630031,-0.68054044,-0.6805403,-1.424667358529419e-07
-0.6410396898895423,-0.7392113,-0.7392113,-2.0877075179726035e-08
-0.6007503312939777,-0.6985538,-0.6985537,-1.0058288568703944e-07
-0.8981233155223276,-0.89253074,-0.89253074,6.925964246562444e-10
-0.8959358596839833,-0.8926572,-0.8926571,-1.2036361696221576e-07
-0.8982384447769773,-0.9524575,-0.9524575,1.2416839556550485e-08
-0.895245084156085,-0.89191324,-0.8919131,-1.3518753050334453e-07
-0.9449809221647564,-0.9571821,-0.9571822,9.064407346937031e-08
-0.8936332745909892,-0.901095,-0.901095,2.691268918830758e-08
-0.941296786015966,-0.95418197,-0.9541821,1.308341980310601e-07
-0.8881070703678035,-0.90396744,-0.9039673,-1.401283263868791e-07
-0.9334679966997862,-0.9393688,-0.93936855,-2.3442764285341866e-07
-0.8798177640330249,-0.8952566,-0.89525646,-1.1892227169685299e-07
-0.925869465892906,-0.92978257,-0.92978257,5.915832268499344e-10
-0.8710679406796477,-0.8872352,-0.8872352,-2.424697875813564e-08
-0.9150473159558338,-0.92653006,-0.92653006,-3.1523131882593702e-09
-0.8604760492518749,-0.8703218,-0.8703218,-1.024551388173478e-08
-0.9012318053978696,-0.91500026,-0.91500026,1.2374878899379382e-10
-0.8468907972032101,-0.83917433,-0.83917445,1.197654724283126e-07
-0.8851137097469113,-0.8971606,-0.8971606,1.0305023168122318e-08
-1.1929693366802152,-1.1594373,-1.1594375,2.012252806604664e-07
-1.194120629226712,-1.1604058,-1.1604059,1.449569702050013e-07
-1.161654179415496,-1.1352965,-1.1352966,1.3603363036018834e-07
-1.1607331453782983,-1.1365427,-1.1365427,2.2120666409719547e-08
-1.1280364370577831,-1.1118596,-1.1118596,3.9987182676171074e-08
-1.1236615253810944,-1.1126864,-1.1126863,-9.564514158455495e-08
-1.0937279191721718,-1.0708021,-1.0708022,1.074478148677116e-07
-1.0875109394210878,-1.0717882,-1.0717883,1.082046507949741e-07
-1.053432680044776,-1.0213906,-1.0213906,4.2710876391183206e-08
-1.0458341492378955,-1.0221684,-1.0221684,2.0965575942000214e-09
-1.007380978184895,-0.98930866,-0.9893088,1.4473800657999192e-07
-0.9944865016641284,-0.9904364,-0.9904364,2.4858856195741907e-08
-0.950507126387942,-0.9453843,-0.94538444,1.1640304564686232e-07
-0.9424480785624628,-0.94596595,-0.94596595,4.2793274479535626e-09
-0.9016923224164684,-0.8924188,-0.8924188,-1.7845154243190109e-09
-0.8885675873864024,-0.8926738,-0.8926738,9.545135459809728e-09
-0.8427461440358208,-0.8305077,-0.8305076,-9.567489622774872e-08
-0.774589625283197,-0.8316576,-0.83165735,-2.3848190311426265e-07
-0.1517403576283076,-0.11568029,-0.11568032,2.7751274112031155e-08
-0.0335567835288427,-0.121119484,-0.121119484,-3.053817754228305e-10
-0.2060813658229671,-0.17256485,-0.17256485,7.425308146125076e-10
-0.2643367686757165,-0.23566188,-0.23566182,-5.918186188336172e-08
-0.1335313926245226,-0.21377678,-0.21377678,-2.1550369266876146e-09
-0.3283486342609509,-0.30118698,-0.30118698,1.1830139090562852e-09
-0.2357223335210698,-0.2925985,-0.2925985,1.4053344710163174e-08
-0.3965051530135747,-0.38538462,-0.38538462,7.640075794235202e-10
-0.3147107448397002,-0.3889919,-0.38899183,-6.233779908937365e-08
-0.4690365834428871,-0.46975905,-0.46975905,2.9685974234361368e-09
-0.4019712188539085,-0.4566378,-0.45663768,-1.1973983765622975e-07
-0.552620422318571,-0.5408454,-0.5408455,1.058654784946711e-07
-0.4845083154486173,-0.5098852,-0.50988525,5.808258052297788e-08
-0.6451843430569316,-0.61962306,-0.61962306,-4.994812008440874e-09
-0.5621189181535413,-0.57272935,-0.57272923,-1.1913635256100008e-07
-0.6424540662444271,-0.6321573,-0.6321574,7.425537107419444e-08
-0.7511032573346578,-0.73425686,-0.73425674,-1.2359405521245037e-07
-0.7236063880446539,-0.6894143,-0.6894143,-2.2376251185285412e-08
-1.1979907326483883,-1.1580988,-1.1580987,-1.1687164302998099e-07
-1.1975745068662034,-1.1476983,-1.1476983,1.6804504454626112e-08
-1.1948114047546106,-1.1150225,-1.1150225,-4.0092468234220746e-08
-1.1933626252139204,-1.0973718,-1.0973719,8.336486811977295e-08
-1.186132886197605,-1.0628803,-1.0628804,1.2236633306628164e-07
-1.1858313228919335,-1.0618193,-1.0618194,8.504333504077977e-08
-1.16787115916658,-1.0338813,-1.0338813,-6.648254391450337e-09
-1.1641112709008057,-1.031861,-1.031861,5.239105216325868e-08
-1.137707294448358,-1.0121229,-1.0121229,3.050842289908928e-08
-1.1360026778866688,-1.0098946,-1.0098946,-9.45129396967559e-09
-1.1167537701021122,-0.9875693,-0.98756915,-1.2251815795227827e-07
-1.1156567232773682,-0.9877468,-0.98774666,-1.1515029907371854e-07
-1.087375656742122,-0.9933967,-0.9933967,5.714416717594872e-10
-1.0854386128373932,-0.9941531,-0.9941531,1.7629241955141595e-08
-1.0510478650762691,-1.003838,-1.0038378,-1.4307708751104542e-07
-1.0106045973150868,-1.0051205,-1.0051205,-1.582336417449426e-08
-1.0086801811675024,-1.0052822,-1.005282,-1.636199951082773e-07
0.8462000216753118,0.86116165,0.86116165,-7.728576667531684e-10
0.7447904137117837,0.75121224,0.7512123,-6.073455816046902e-08
0.6566972685219019,0.66894186,0.66894186,-4.569396971909612e-09
0.4756128680102461,0.48732054,0.48732054,2.335510229656279e-09
0.4561421069221205,0.46314883,0.46314883,2.3211669808453905e-09
0.2392385911620813,0.18168844,0.18168846,-1.7173728938946198e-08
0.210260925483196,0.15083101,0.15083101,3.917922986040878e-09
-0.0066774967696827,-0.032512054,-0.032512054,1.526870713197681e-10
-0.0629397997738742,-0.08487071,-0.08487071,-9.689712504590275e-10
-0.2684814218431057,-0.24794082,-0.24794076,-6.343578337619782e-08
-0.3188288014486177,-0.2891444,-0.2891444,3.218078636901822e-09
-0.4782469238148633,-0.4333558,-0.43335587,6.17419433357469e-08
-0.4992264879226388,-0.45157975,-0.45157975,4.1580200393909195e-10
-0.6558513958162484,-0.5963885,-0.5963885,-1.8810272228719782e-08
-0.6675194184589739,-0.6111459,-0.6111459,-1.3600921611178762e-08
-0.7635696448564911,-0.7366609,-0.7366609,2.2682189459999336e-09
-0.8155756399384911,-0.7863267,-0.7863268,9.359054564672675e-08
-0.8770700187208739,-0.84986573,-0.8498656,-1.345771789562633e-07
-0.970482960957582,-0.88792044,-0.88792044,7.566833826189168e-10
-0.9707698752062895,-0.8878061,-0.8878061,-1.753463740872263e-08
-0.9885926436295602,-0.87577266,-0.87577266,4.989776591912687e-09
-0.9887300389316434,-0.87565404,-0.87565404,-1.7671203389468815e-09
-1.0004878906749106,-0.8740445,-0.8740445,2.206039428909179e-08
-1.0009337399245115,-0.8732237,-0.8732237,-2.198104853690097e-08
-1.0080717537127937,-0.88573056,-0.88573045,-1.1459426885185309e-07
-1.0081319355397351,-0.8861024,-0.8861024,2.1631622271200968e-08
-1.0087625292406914,-0.8752038,-0.8752038,1.1719512915675523e-08
-1.0089544167375744,-0.8810236,-0.8810236,1.4203643816657063e-08
-1.0099138217871886,-0.8986288,-0.8986288,2.8694915776839025e-08
-1.0114259269891936,-0.9202331,-0.9202331,2.9149627711611004e-08
-1.011295372842985,-0.9212547,-0.9212547,5.538177472175221e-09
-1.006488999792304,-0.9560248,-0.9560248,-2.557296752137006e-08
-1.0057691686197994,-0.95969397,-0.95969385,-1.1829605106594698e-07
-0.9980432337464142,-0.9746105,-0.9746105,-7.488250686193965e-09
-0.9942562431548292,-0.9769526,-0.9769526,-1.2400054982819597e-08
-0.6573880440498001,-0.64887214,-0.64887214,2.930297893222189e-09
-0.6029409126737963,-0.60391897,-0.60391897,3.6880498655023075e-10
-0.6858249699482766,-0.68074787,-0.68074775,-1.1663055421440305e-07
-0.6333699765240846,-0.65022993,-0.65022993,-8.776855908720904e-10
-0.7146072836107021,-0.7054465,-0.70544654,5.829528804124351e-08
-0.6645597237080328,-0.7044578,-0.7044578,-1.9461822486910307e-08
-0.7440803728010259,-0.7479664,-0.7479664,-8.729553191422212e-09
-0.6957505664300603,-0.7482344,-0.7482343,-9.121246336007971e-08
-0.7744744960285475,-0.77109027,-0.77109015,-1.1908874508748113e-07
-0.7379353633500794,-0.79225457,-0.7922546,3.285369876149247e-08
-0.809013272423458,-0.7908271,-0.7908271,4.491424565600255e-09
-0.7778339887271393,-0.84021264,-0.84021264,-3.146514937490963e-09
-0.8487328652776054,-0.83379763,-0.8337975,-1.3364791873193838e-07
-0.8121559671421474,-0.87695783,-0.87695783,-3.766937206606258e-09
-0.8937484038456389,-0.8736581,-0.8736581,-2.0632171637835484e-08
-0.8570788722423089,-0.91751224,-0.91751224,1.9743346957312724e-09
-0.9417573030345648,-0.9298573,-0.92985743,1.1636703489692479e-07
-0.9033745066076088,-0.9465268,-0.94652694,1.1457199100561866e-07
-0.1672359193759138,-0.5227163,-0.5227163,1.620178224914781e-08
-0.5632123137463436,-0.550767,-0.55076694,-6.448989864349386e-08
-0.6014799920341214,-0.60002345,-0.6000233,-1.4846725460149202e-07
-0.6134086687736139,-0.61162114,-0.61162114,-1.433715812737546e-09
-0.6616485135005743,-0.6675497,-0.6675497,-2.9347228980292073e-08
-0.662453731254387,-0.6687859,-0.6687858,-1.296798706196256e-07
-0.7098869841700644,-0.741662,-0.74166214,1.1454833981350276e-07
-0.7194911558995473,-0.7587007,-0.7587007,-2.8416442865442093e-08
-0.7612346317438315,-0.81400484,-0.81400484,1.5333556646623947e-09
-0.7787050689215919,-0.8382384,-0.8382383,-1.1810226441255622e-07
-0.8153453814291917,-0.87199396,-0.87199384,-1.1895004270456866e-07
-0.8370175509796473,-0.8899146,-0.8899146,2.7761077880938956e-08
-0.8669232875122583,-0.9146667,-0.9146667,-1.2284088080072308e-08
-0.8770700187208739,-0.92387134,-0.92387134,1.632537882656493e-09
-0.9238189982949466,-0.94709295,-0.94709295,-3.440856488623467e-10
-0.5245288841840436,-0.53480476,-0.5348047,-6.140975949975314e-08
-0.6534736493917103,-0.65044564,-0.6504456,-4.008712772840539e-08
-0.5632123137463436,-0.5769116,-0.5769116,-2.8246307404167226e-08
-0.6893939768424173,-0.6791011,-0.6791011,-9.504699693962948e-09
-0.6046588454202364,-0.60753876,-0.6075388,4.029159550444916e-08
-0.7287681819326155,-0.7134148,-0.7134148,1.1753845230444426e-08
-0.6467961526220275,-0.6577412,-0.6577412,1.0997009303181926e-08
-0.7854117752202691,-0.74902236,-0.7490225,1.3538360599252286e-07
-0.6887032013145191,-0.69251305,-0.69251305,1.3511657348530548e-09
-0.8211018441616768,-0.78769624,-0.78769624,-2.3324584486061894e-09
-0.7310707670256096,-0.76059127,-0.76059127,1.4605713305471113e-09
-0.8742915598098392,-0.8278647,-0.8278646,-1.065162659186214e-07
-0.7752804008110953,-0.821315,-0.8213151,1.0947952266970873e-07
-0.915738091483732,-0.87322146,-0.87322146,2.995452885734551e-09
-0.8245557218011678,-0.87212294,-0.8721228,-1.4340133669410449e-07
-0.952118935953038,-0.93794996,-0.9379501,1.4453659058499824e-07
-0.8874162948399054,-0.9276101,-0.9276102,1.006843567408211e-07
-0.997019345266422,-0.9948426,-0.99484247,-1.189015197411436e-07
-0.2185153253251349,-0.20775451,-0.20775451,2.3391342196532605e-09
-0.279994347308076,-0.2928205,-0.2928205,-1.324844361993982e-08
-0.3106187290448968,-0.2968396,-0.2968396,5.158996563281448e-09
-0.3520652607187896,-0.35880995,-0.35881,5.203247072094186e-08
-0.3985774795972693,-0.35446012,-0.35446012,-2.011108501953629e-10
-0.4220638475458086,-0.44971192,-0.44971198,6.116912842912825e-08
-0.4750233046846717,-0.44110954,-0.44110954,1.921691916706436e-09
-0.4867664886589413,-0.53858095,-0.53858095,-4.074859671909792e-09
-0.5516993882813734,-0.5486051,-0.5486051,1.5580749468391275e-08
-0.5457126670395889,-0.599783,-0.59978306,5.6669769321615604e-08
-0.5772580828136072,-0.6512027,-0.65120274,6.131958008026572e-08
-0.6203164240525959,-0.66410935,-0.66410935,7.492065856595786e-10
-0.6663681259124768,-0.7438342,-0.74383414,-5.7521209684274766e-08
-0.7064331065305733,-0.75711143,-0.75711155,1.1983184811104053e-07
-0.8178782250314851,-0.8260568,-0.8260568,2.1569061314785642e-08
-0.7941615985736464,-0.8609138,-0.8609138,-1.311416630844775e-08
-0.9109026627884446,-0.9131332,-0.9131331,-1.0398330685390533e-07
-0.8574826886309828,-0.9575625,-0.9575625,-6.198883073516015e-09
1.6917092678227257,1.7685779,1.768578,-6.668853758107218e-08
2.3300056885700378,2.4430466,2.4430466,-3.017578142916477e-08
1.560692176031364,1.7390051,1.7390051,-1.1193847626600473e-08
2.1153032543175048,2.3007002,2.3007002,-1.231689461533847e-08
1.4223068119424225,1.7318493,1.7318492,1.1278228750910557e-07
1.9180396351383848,2.1248872,2.1248872,2.801208509595199e-08
1.2760926585373005,1.6815978,1.681598,-1.7113494865661494e-07
1.6879348105748533,1.9132723,1.9132723,-3.8380432165752154e-08
1.120668164760202,1.6211934,1.6211934,8.966064557469622e-09
1.4728618896233523,1.7015104,1.7015105,-7.061767570704092e-08
0.953730745518134,1.5062966,1.5062966,3.4674072280083124e-08
1.2556730159114529,1.5297016,1.5297016,-9.461975203350903e-09
0.7720567816809035,1.2658014,1.2658014,2.9748535190776693e-08
1.0374812886638782,1.3511679,1.3511679,1.7251586825750564e-08
0.5717318785904216,0.84422356,0.84422356,-1.097259505478121e-09
0.820792534395615,1.0576234,1.0576234,-1.361694335066943e-08
0.3476903490421009,0.36896187,0.36896187,6.703185784218135e-10
0.6125876727015284,0.6859683,0.68596834,-6.01614379425186e-08
0.6438027920011352,0.5061082,0.5061082,2.4391937247791873e-08
0.4639708962383003,0.31408805,0.31408808,-3.34492492592986e-08
0.9016923224164684,0.7673626,0.76736265,-5.5395507847499914e-08
0.5797909264159008,0.51406705,0.5140671,-4.6205139159205544e-08
0.9944865016641284,0.8207657,0.8207657,-2.5885772747535896e-08
0.5774883413229067,0.6100364,0.6100364,-2.686157229980779e-08
1.0122164068801829,0.79129076,0.79129076,4.028322120319672e-11
0.5687385179695293,0.67039454,0.67039454,-1.669311355811942e-10
0.9944865016641284,0.76190466,0.76190466,-3.112945567984582e-09
0.5491665446790799,0.6612763,0.6612762,8.087997438455119e-08
0.9438296296182592,0.6129159,0.61291593,-5.64724731422217e-08
0.5143975097748699,0.5709865,0.5709865,9.323120164772547e-09
0.8443579536009167,0.48650897,0.4865089,6.549224851326585e-08
0.4602867600895097,0.44689512,0.44689512,2.5280761928314632e-09
0.7269261138582203,0.43918538,0.43918538,9.356689312234323e-10
0.382459383946311,0.28663707,0.28663707,-2.2052001891204043e-09
0.5604492116347508,0.406482,0.40648204,-2.8920211780913974e-08
0.2767707281778843,0.13954298,0.139543,-1.801776886023454e-08
-0.8491933822962041,-0.8784457,-0.8784457,1.509017943934765e-08
-0.7715962646623048,-0.81487054,-0.8148704,-1.3632736206581342e-07
-0.7062028480212739,-0.76420784,-0.7642078,-3.996582031984275e-08
-0.7895564283876583,-0.7819629,-0.781963,1.2844848629178784e-07
-0.6286057303873746,-0.7071741,-0.7071741,-2.2333526583651064e-08
-0.7117290522444596,-0.7234403,-0.7234404,1.105026244951901e-07
-0.5579163680324573,-0.64036655,-0.6403667,1.4573974604914497e-07
-0.626072886785081,-0.6622571,-0.66225713,5.469024655369026e-08
-0.4773258897776657,-0.5550644,-0.5550644,1.983108521841359e-08
-0.5346602585932174,-0.61103815,-0.61103815,1.5968322220061282e-09
-0.3787752477975206,-0.42947745,-0.4294774,-5.323181151428713e-08
-0.4333465145014794,-0.4985466,-0.49854666,5.965820309983272e-08
-0.2647972856943152,-0.26513833,-0.26513827,-5.807540892632801e-08
-0.322131654509867,-0.36116558,-0.36116558,-3.133697523693968e-09
-0.1473654459516189,-0.12658392,-0.12658392,1.0708999520492313e-09
-0.1984828350160867,-0.20466618,-0.20466618,-2.3987960784399576e-09
1.0262207912463512,1.0008538,1.0008537,7.69317627380417e-08
0.7112685352258608,0.71338105,0.71338105,2.017211953031506e-09
0.7525004062594585,0.76641816,0.76641816,-9.919738364061459e-10
0.4789376993427615,0.5189442,0.51894426,-5.614639286832812e-08
0.5522170561257407,0.62861514,0.62861514,9.149170310251975e-10
0.3053227833310105,0.36982998,0.36982998,2.519149777668872e-09
0.4181838805159391,0.48964798,0.48964798,4.504699724350303e-09
0.2102260189903564,0.25220317,0.2522032,-3.351516725258463e-08
0.3147377444752067,0.34548223,0.34548223,1.864624010750049e-10
0.1441418268214273,0.18823099,0.18823099,1.3635254036969968e-09
0.2317464401214775,0.19074446,0.19074446,-3.70941166671912e-10
0.0923336622290612,0.15137453,0.15137452,1.3772468554495987e-08
0.1731967184613961,0.08636742,0.08636742,8.521842953523873e-10
0.0375321370158029,0.07949952,0.07949952,3.614234883597689e-10
0.1404573526952558,0.040790603,0.040790603,-4.351882951225683e-10
-0.0161180956509583,0.035800725,0.035800725,2.2163391261154075e-10
0.1268088468636958,0.020860508,0.020860508,8.429718034719258e-11
-0.0428280827296892,0.023652032,0.023652002,3.0017707826346385e-08
-0.1694702628443617,-0.19904552,-0.19904552,-4.001121517438477e-09
-0.3163751917773819,-0.26742965,-0.26742965,1.7013551678601857e-10
-0.1503588065725112,-0.21035083,-0.21035083,3.617362964725146e-09
-0.3041714907845134,-0.26994354,-0.2699436,6.467208862881435e-08
-0.1409182076912356,-0.20829035,-0.20829035,-3.4173965324235667e-09
-0.2912770142637468,-0.27337807,-0.273378,-7.416915892566323e-08
-0.1275632141518701,-0.18795861,-0.18795861,-3.038063051130635e-09
-0.2793035717801778,-0.27542275,-0.2754227,-5.190353391526514e-08
-0.1125964110474088,-0.16086467,-0.1608647,3.3895683287932243e-08
-0.2680209048245069,-0.2809484,-0.28094834,-6.049743650482498e-08
-0.1020045196196362,-0.12812243,-0.12812246,2.59799575741404e-08
-0.2546659112851415,-0.2742048,-0.2742048,9.40780642277872e-09
-0.09279417924766,-0.08549817,-0.08549814,-2.9064521789301523e-08
-0.2387780741434825,-0.23931055,-0.23931064,9.229053496428996e-08
-0.0713801378828154,-0.047614142,-0.047614172,2.970130157792239e-08
-0.2245020465669195,-0.22341566,-0.22341566,2.122077930044597e-09
-0.0679262602433243,-0.03504266,-0.03504269,3.155178070202158e-08
-0.1372340715424451,-0.078384385,-0.078384385,4.870986947125289e-10
-0.1305565747727624,-0.08256523,-0.08256523,-3.1113815274208534e-09
0.0741793981742514,-0.121938184,-0.12193824,5.609630585046155e-08
-0.1234185609844808,-0.10192172,-0.10192172,-2.2929000920157705e-09
-0.1155897716683011,-0.14700998,-0.14700998,-3.6587905760665507e-09
0.0769610411361284,-0.08241747,-0.08241744,-3.319698334280918e-08
-0.1059189142777261,-0.17829297,-0.178293,2.5170326239942753e-08
0.0843411484337509,-0.054500476,-0.054500476,4.741439810218573e-10
0.0889262091944014,-0.06737535,-0.06737538,3.298175811627946e-08
-0.0964783153964505,-0.13398232,-0.13398235,3.434047698980258e-08
0.0916671885258238,-0.07881664,-0.07881664,2.603187554406361e-09
-0.0835838388756838,-0.090636596,-0.09063657,-2.6083641052609963e-08
0.1007499031001431,-0.09828426,-0.09828429,3.0561485286906276e-08
-0.0686170357712225,-0.055400923,-0.055400923,1.0552215351511407e-10
0.1124354293297881,-0.0842406,-0.0842406,-4.66728211634404e-10
0.1231021971339834,-0.052029684,-0.052029684,-1.8598175083317514e-10
-0.0490450624807731,-0.03162706,-0.031627044,-1.498284912110348e-08
0.1336563848126736,-0.012554556,-0.012554586,2.986863708448473e-08
-0.1448326023493255,-0.22167294,-0.22167294,2.7260208257384733e-09
-0.2525935847014468,-0.24377047,-0.2437704,-6.525478363217374e-08
-0.1008532270731392,-0.18493281,-0.18493278,-3.304836274087286e-08
-0.2044695562578712,-0.20384027,-0.2038403,2.936153412069764e-08
-0.0605579879457434,-0.12143178,-0.12143178,-2.841682431031778e-09
-0.1549639767584993,-0.1423632,-0.1423632,-5.552101139949528e-09
-0.0283217966438267,-0.06241499,-0.06241502,3.112461090248875e-08
-0.1130569280660076,-0.086869225,-0.086869225,9.403228196092073e-11
0.0064472382603833,-0.032687217,-0.032687247,3.000285339616049e-08
-0.083123321857085,-0.061152264,-0.061152235,-2.9475822449498423e-08
0.0329269668298148,-0.016253024,-0.016252995,-2.933967590407205e-08
-0.0695380698084201,-0.050196752,-0.050196752,4.782867157882009e-11
0.0329269668298148,-0.018580124,-0.018580094,-2.9782157899560513e-08
-0.0605579879457434,-0.057164088,-0.057164147,5.9108421324172156e-08
0.0250981775136351,-0.017786697,-0.017786711,1.4446769714543395e-08
-0.0536502326667612,-0.06458132,-0.06458132,3.102493262296946e-10
0.0145062860858624,-0.015849054,-0.015849113,5.914028930811832e-08
-0.0499660965179708,-0.057774976,-0.057774976,1.041183458894146e-10
-0.7932405645364488,-0.74943334,-0.74943346,1.2135787963440947e-07
-0.8088981431688084,-0.8015484,-0.8015484,-2.1382904002997805e-08
-0.7511032573346578,-0.71992296,-0.71992296,1.9546508855938782e-10
-0.7550176519927477,-0.74290013,-0.7429,-1.3313293456551634e-07
-0.6893939768424173,-0.6938665,-0.6938665,8.682251029235033e-09
-0.6150204783387097,-0.6868347,-0.6868347,7.044982930359822e-09
-0.5355812926304151,-0.6432042,-0.6432043,8.781127924795129e-08
-0.4533790048105276,-0.57252336,-0.57252336,4.515991247622253e-09
-0.3679530978604485,-0.46144152,-0.46144146,-5.687622067762632e-08
-0.2776917622150819,-0.33238387,-0.33238387,-1.0784911852468326e-09
-0.1823647393651284,-0.19561528,-0.19561528,3.3057022119642454e-09
-0.1899505839584458,-0.2182949,-0.2182949,-3.635978712557275e-09
-0.2984060358147566,-0.4732566,-0.4732566,1.2017822292875735e-08
-0.4004775665971252,-0.61691606,-0.616916,-6.044769285118434e-08
-0.4684049078820385,-0.65295225,-0.6529523,4.6181488078111954e-08
-0.5481814103097596,-0.70518345,-0.70518345,3.5926819297316115e-09
-0.5709295478356962,-0.7195478,-0.7195477,-1.081703185912275e-07
-0.5978370007556204,-0.7442135,-0.7442135,-2.1480560330466858e-08
-0.6311117896404926,-0.779699,-0.779699,-2.753829952961695e-08
-0.6500876910994983,-0.8019108,-0.8019108,-1.7623138393041415e-08
-0.6558513958162484,-0.80618924,-0.806189,-2.390251159223311e-07
-0.6424540662444271,-0.8124582,-0.81245834,1.2285598749439686e-07
0.732452318081406,0.784502,0.784502,2.9418945279857667e-08
0.4243664326388026,0.4659546,0.4659546,1.7646789585157308e-09
0.4213730720179104,0.43712115,0.43712118,-2.712219238087954e-08
0.1717728479373558,0.20062697,0.20062697,-6.625366089085816e-10
0.149668031044613,0.17351894,0.17351894,8.063888445875023e-10
-0.0310848987554196,-0.041952744,-0.041952744,-1.2631988510758418e-10
-0.0773668591245999,-0.06319259,-0.06319256,-3.1071128850368446e-08
-0.2040090392392724,-0.21844448,-0.21844454,5.850795745110382e-08
-0.2793035717801778,-0.23515932,-0.23515938,5.738056182980067e-08
-0.3552888798489813,-0.38715047,-0.3871504,-6.644210814865659e-08
-0.43311625599218,-0.40337646,-0.40337646,-7.537842572347131e-11
-0.4939045024472228,-0.5386997,-0.5386996,-8.6527252252111e-08
-0.5774883413229067,-0.5525645,-0.55256456,5.8237609845690486e-08
-0.6223887506362906,-0.67198396,-0.67198396,2.7093506327346972e-09
-0.7172552564676453,-0.68395203,-0.6839523,2.6648025508446693e-07
-0.7460375701300709,-0.78286034,-0.78286034,1.312103314887736e-09
-0.8314634770801499,-0.79350597,-0.7935061,1.3333663939629758e-07
-1.2523760320794617,-1.2497051,-1.2497051,2.378234853495087e-08
-1.29543437331845,-1.2632902,-1.26329,-1.6685485837442116e-07
-1.242935433198186,-1.2415621,-1.2415621,-2.8067016710764392e-08
-1.285072740399977,-1.2477367,-1.2477367,7.571411053675092e-09
-1.2240542354356347,-1.2302675,-1.2302675,-2.471923821190103e-08
-1.2678033522025216,-1.2450656,-1.2450656,3.012237548283281e-08
-1.197344248356904,-1.2105434,-1.2105435,1.0591125487735553e-07
-1.240172331086593,-1.2249298,-1.2249297,-1.0957031260083738e-07
-1.1637265059991908,-1.1848278,-1.1848278,-4.565429589931114e-09
-1.2072453642567782,-1.2002645,-1.2002645,4.611206061433393e-08
-1.1213589402881003,-1.1485093,-1.1485093,3.6007690384920465e-08
-1.165568574073586,-1.1680417,-1.1680416,-1.0608520506494301e-07
-1.0776098235212137,-1.093252,-1.0932518,-1.4358825684013254e-07
-1.1146814435184176,-1.1175228,-1.1175227,-1.3573150625667552e-07
-1.0202754547056618,-1.0336996,-1.0336998,1.6830902094255862e-07
-1.059189142777261,-1.0581939,-1.0581938,-1.220428467174628e-07
-0.958335915704122,-0.95737785,-0.95737773,-1.2100936885861557e-07
-0.993104950608332,-0.9899904,-0.9899904,-1.3188934278041131e-08
0.4616683111453062,0.3931082,0.39310816,2.91059875645594e-08
0.4745627876660728,0.43242013,0.43242013,4.544372544934561e-09
0.3612756010907658,0.23926991,0.23926991,2.24288940198214e-09
0.3394010427073223,0.27512634,0.27512634,-1.994934106797075e-09
0.250981775136351,0.08957623,0.08957623,-5.469131536539606e-10
0.201476195636979,0.15285763,0.15285763,1.4449310359321288e-09
0.130326316263463,-0.05637388,-0.05637388,6.865310681059e-10
0.0589461783806475,0.037599817,0.037599817,-8.162689274504586e-11
-0.0002302585092994,-0.20413826,-0.20413826,-4.060020458718228e-09
-0.0858864239686779,-0.0793782,-0.07937817,-3.255756378384156e-08
-0.1406879491819362,-0.32766122,-0.32766128,6.37409973136549e-08
-0.2251928220948177,-0.21109973,-0.21109973,1.0580825937633875e-09
-0.291967789791645,-0.42224932,-0.42224932,2.8308105304297726e-09
-0.3612756010907658,-0.34992236,-0.34992236,1.0102844116843812e-09
-0.4531487463012282,-0.5318219,-0.5318219,-6.566619914494254e-09
-0.5038056183470973,-0.52137583,-0.52137583,-4.9418640291065685e-09
-0.6230795261641888,-0.6657284,-0.6657284,9.78317260535988e-09
-0.6622234727450876,-0.6847795,-0.6847794,-1.248031615830314e-07
-0.6362042611942549,-0.6214799,-0.6214799,-2.8493499781845344e-08
-0.750642740316059,-0.74557316,-0.7455733,1.369674682560884e-07
-0.6660227381485277,-0.65628266,-0.65628266,-3.3453368963876073e-09
-0.7835697071458738,-0.7544458,-0.7544459,1.0875549316669009e-07
-0.6882426842959204,-0.6603159,-0.66031575,-1.212387085169908e-07
-0.8107402112432036,-0.7987614,-0.7987614,-2.7402496383110986e-08
-0.7189821952873908,-0.6878123,-0.6878122,-1.2833862306216304e-07
-0.8425158855265215,-0.83855504,-0.83855516,1.2202468868682814e-07
-0.7384390393231905,-0.73277956,-0.73277956,-2.4732971226626432e-09
-0.8673838045308571,-0.87069505,-0.87069505,-4.531097386184513e-09
-0.7543268764648494,-0.77111346,-0.77111334,-1.1529556276368425e-07
-0.8894886214235999,-0.90016073,-0.90016085,1.201148986940126e-07
-0.7766619518668916,-0.805402,-0.8054021,1.1912307740225003e-07
-0.9090605947140492,-0.91983455,-0.91983455,-4.19540402418761e-09
-0.790822850188805,-0.82495743,-0.82495743,-3.627014244500515e-10
-0.928862826513798,-0.92665845,-0.92665845,-1.5571594014218704e-09
-0.8068258165851138,-0.83709913,-0.837099,-1.3492202755038818e-07
-0.6493289962243208,-0.668271,-0.668271,-5.153656057466094e-09
-0.615711253866608,-0.6129719,-0.61297184,-6.189361567709994e-08
-0.6813349290169382,-0.70619076,-0.70619065,-1.1490402218594653e-07
-0.6562367515033031,-0.6494166,-0.64941657,-5.54997253709999e-08
-0.713110603300256,-0.74691325,-0.7469134,1.4573898310388245e-07
-0.6946899225563037,-0.6869842,-0.6869841,-8.14041137831012e-08
-0.7460375701300709,-0.7839663,-0.7839663,-2.871704096740757e-09
-0.7319918010628073,-0.72757846,-0.72757834,-1.211701965431189e-07
-0.7803460880156821,-0.8266297,-0.8266298,1.0172348019477084e-07
-0.7667608359670173,-0.7677808,-0.7677808,1.920776371289179e-08
-0.8123520208082994,-0.8673896,-0.8673896,-1.9350433366760456e-08
-0.7985365102503351,-0.816515,-0.816515,-2.8476715097092153e-08
-0.8464302801846112,-0.90578145,-0.9057812,-2.478874207012538e-07
-0.8289306334778564,-0.84649223,-0.84649235,1.1910781860802189e-07
-0.8811993150888213,-0.9213185,-0.92131835,-1.2143173222511905e-07
-0.8579432056495815,-0.86014456,-0.86014456,4.431304878593778e-09
-0.8687653555866536,-0.93889827,-0.93889827,4.638214146091002e-09
-0.8837321586911148,-0.86847943,-0.8684793,-1.3067550663770078e-07
-0.3734793020836343,-0.38147604,-0.38147599,-5.4654846204371665e-08
-0.4625893451825038,-0.45759302,-0.45759302,-3.777008039662633e-09
-0.4262085007131979,-0.42207557,-0.42207563,6.037033078998277e-08
-0.5141672512655704,-0.4946953,-0.4946953,-5.824279780686226e-09
-0.4800889918892586,-0.4546917,-0.45469165,-5.8087921139815535e-08
-0.5668964498951341,-0.5763165,-0.5763164,-7.586822514671354e-08
-0.5335089660467204,-0.509657,-0.5096571,7.466278073575694e-08
-0.6205466825618954,-0.65752417,-0.65752417,1.5086364379968131e-09
-0.5887710082785775,-0.5837559,-0.58375585,-6.039657596268455e-08
-0.6762692418123514,-0.7151867,-0.7151866,-1.1512603759200601e-07
-0.643112016473237,-0.6466759,-0.64667594,5.527633661905895e-08
-0.7292286989512143,-0.77404445,-0.7740446,1.4590225216881691e-07
-0.6983740587050942,-0.71000165,-0.7100015,-1.4747238163970167e-07
-0.781957897580778,-0.82098395,-0.82098395,3.6766052424752615e-09
-0.7559386860299452,-0.77388513,-0.77388513,-8.822631514249224e-10
-0.8395225249056291,-0.8681926,-0.8681926,-1.3124847431100761e-08
-0.8130427963361977,-0.8168914,-0.8168914,2.779617314097038e-08
-0.8934030160816898,-0.9095624,-0.90956265,2.41075897244869e-07
1.4777991126835788,1.4665344,1.4665345,-1.2385559089445053e-07
1.472272908460393,1.4198023,1.4198023,8.082580604806822e-09
1.1420822061250469,1.1992733,1.1992733,4.785461427125881e-08
1.1881339079849278,1.1518402,1.1518402,9.960937408237669e-09
0.8287003749685571,0.8757385,0.87573856,-5.8451232964884525e-08
0.9161986085023308,0.814154,0.814154,2.8892517045520094e-08
0.5399562043071038,0.55108535,0.55108535,2.897644013621914e-09
0.655085458956806,0.47341222,0.47341222,-4.290313715404892e-09
0.2461463464410635,0.23723534,0.23723534,-2.50419615599462e-09
0.3994985136344669,0.19024538,0.19024538,-4.9628066933760095e-09
-0.0161180956509583,0.010634676,0.010634676,-3.780136099973408e-10
0.1452931193679243,-0.018210918,-0.018210918,2.8874206497997434e-10
-0.2675603878059081,-0.22368722,-0.22368725,3.336048126634239e-08
-0.113287186575307,-0.25314933,-0.2531494,6.938400270994904e-08
-0.4978188971053127,-0.47445506,-0.47445512,6.142532349429075e-08
-0.3780844722696224,-0.496939,-0.49693888,-1.234675597872048e-07
-0.6953806980842019,-0.6910458,-0.69104594,1.1928695675678114e-07
-0.6514013228080155,-0.7217559,-0.7217558,-1.218406677772066e-07
0.3930512753740836,0.36911106,0.36911106,1.0961914154172803e-09
0.2892046876800521,0.29275772,0.29275772,-2.448272695687592e-10
0.1904237871906076,0.1989451,0.1989451,5.075836168044745e-09
0.0741432399944082,0.07974644,0.07974646,-1.9947013860099894e-08
-0.0490450624807731,-0.055857256,-0.055857256,-5.487823390160074e-11
-0.1945684403579969,-0.21619798,-0.21619798,-2.430458057034457e-09
-0.3483811245699991,-0.3792249,-0.37922484,-5.643096923080293e-08
-0.520153972507355,-0.5231806,-0.52318054,-6.3981018039172e-08
-0.7110382767165614,-0.6928778,-0.6928778,-2.907485963099532e-08
-0.9256392073836064,-0.9107167,-0.9107165,-2.124748229581641e-07
-0.2758496941406867,-0.2659803,-0.26598036,5.671249392324995e-08
-0.2740076260662915,-0.32296556,-0.32296568,1.176564025651139e-07
-0.3601243085442688,-0.35583168,-0.35583168,-2.682037369972079e-09
-0.3421641448189152,-0.4094252,-0.40942532,1.2096817014750627e-07
-0.4351885825758746,-0.43417543,-0.43417543,-1.7283630637798808e-09
-0.4089391125157425,-0.5044282,-0.50442827,6.21257019162158e-08
-0.5125554417004746,-0.5200016,-0.5200016,9.748077345328454e-09
-0.4754838217032704,-0.59692895,-0.59692895,-4.1244506698845385e-09
-0.5816329944902959,-0.6186785,-0.6186786,8.981094357096708e-08
-0.5408772383443013,-0.6843777,-0.68437755,-1.2028808593633755e-07
-0.6479474451685244,-0.6973122,-0.69731194,-2.362275696166094e-07
-0.6037378113830388,-0.7550741,-0.7550741,1.619491574178511e-08
-0.7174855149769447,-0.758224,-0.758224,-1.0467529287794264e-08
-0.6665983844217762,-0.8119009,-0.8119009,-1.3715362512378704e-08
-0.7812671220528797,-0.7929641,-0.7929642,9.916229248840835e-08
-0.7294589574605138,-0.84759504,-0.84759504,3.970184292434453e-09
-0.8478118312404077,-0.8366708,-0.8366707,-1.1594467164144362e-07
-0.8029114219270238,-0.8876702,-0.88767046,2.410554504894691e-07
0.0179601637253535,0.32011122,0.32011122,-4.885406468257969e-09
-0.0389136880715993,0.40628415,0.40628415,3.4614562882673283e-09
-0.1271026971332713,0.18913169,0.1891317,-7.94811250148797e-09
-0.2376267815969855,0.02892001,0.02892001,-2.677536005413206e-10
-0.3612756010907658,-0.100341216,-0.100341246,3.027028655511188e-08
-0.4888388152426359,-0.26786655,-0.2678666,4.8123931895016625e-08
-0.611796859208518,-0.45742917,-0.45742923,5.939147951217194e-08
-0.7207091341071363,-0.61892945,-0.6189294,-4.5743560828093166e-08
-0.9578753986855232,-0.9531984,-0.95319825,-1.2331771848117512e-07
-0.8065955580758143,-0.74885863,-0.74885863,-6.571960753376516e-10
-0.8261675313662636,-0.82018346,-0.82018346,4.0559386960126176e-09
-0.3810778328905146,-0.35302782,-0.35302788,5.9412841812989114e-08
-0.2426924688015724,-0.22178595,-0.22178595,2.319526681837658e-09
-0.4333465145014794,-0.42381513,-0.42381513,-1.187438980476685e-09
-0.2926585653195432,-0.28937256,-0.28937256,-3.362121581140798e-09
-0.4759443387218692,-0.49542326,-0.49542326,2.6490783455734856e-09
-0.3366379405957295,-0.35233366,-0.35233366,-4.894104010944034e-09
-0.513936992756271,-0.5251749,-0.525175,8.420944208609171e-08
-0.3760121456859277,-0.41836345,-0.4183635,4.804229736254939e-08
-0.5487060276604812,-0.5502627,-0.5502627,1.040954589193177e-08
-0.4135442827017306,-0.45977956,-0.45977956,-5.659485102782469e-10
-0.5809422189623978,-0.5672454,-0.5672455,7.620620723347571e-08
-0.4485435761152401,-0.4845152,-0.48451525,5.987548828967348e-08
-0.6104153081527216,-0.59670955,-0.5967095,-4.942703246690883e-08
-0.4798587333799591,-0.5031843,-0.5031843,-1.854248043997586e-08
-0.6387371047965483,-0.62970835,-0.62970847,1.2029525753298742e-07
-0.5074897544958877,-0.5171304,-0.5171303,-7.490844722291001e-08
-0.6647563163473811,-0.6655209,-0.6655208,-1.0644836423434612e-07
-0.5316668979723251,-0.51848924,-0.51848924,-1.6000366587221038e-09
0.7412021414347835,0.719473,0.719473,4.341125459106365e-09
0.7149526713746512,0.6316666,0.6316666,7.04193148237664e-10
0.6514013228080155,0.550435,0.550435,6.618499748256568e-09
0.5832448040553919,0.48361057,0.48361057,4.307555978577682e-10
0.5015030332541032,0.40946746,0.40946746,-1.2750244193782123e-09
0.4117022146273353,0.3870018,0.3870018,1.2458038323170939e-08
0.307855626933304,0.36677337,0.36677337,-3.0718994015188628e-09
0.2035485222206736,0.23206767,0.23206767,4.398422237539279e-09
0.084274614403582,0.09747056,0.09747056,-8.202171303262062e-10
-0.0375321370158029,-0.05966632,-0.05966629,-3.068157196361998e-08
1.0914533914696305,1.1164126,1.1164125,1.396179198920322e-07
0.9814415655101604,1.0819112,1.0819113,-9.375457765692374e-08
0.8136376588945684,1.0059814,1.0059814,4.531249997441478e-08
0.5836112934916383,0.8651092,0.8651093,-9.475402829028923e-08
0.2600539053343068,0.6772199,0.6772199,2.7310943617742112e-08
0.0700856075666877,0.47555858,0.47555858,-1.0319519128110244e-09
-0.1729258351535924,0.26557583,0.26557586,-3.383193969419551e-08
-0.2799784880667484,0.10901424,0.109014235,7.887496947245332e-09
-0.4378849993642756,-0.030975908,-0.030975923,1.495899963274705e-08
-0.6772738314036552,-0.11826657,-0.1182666,3.24121475214767e-08
-0.7283599363156898,-0.13241793,-0.13241793,-2.152748118655623e-09
-0.8257647051747844,-0.13366,-0.13366,-3.5429000844189318e-09
-0.8749088940953859,-0.12604205,-0.12604202,-3.310344695584e-08
1.2474919582394317,1.1613883,1.1613883,-2.1992492715838807e-08
1.1546775126010584,1.0983131,1.098313,9.318542470992952e-08
1.08724795858906,1.0353873,1.0353873,-2.2396850596351214e-08
0.862763364856346,0.9111047,0.91110474,-6.089233395289995e-08
0.6186929946349977,0.80065614,0.8006561,3.9850616473380285e-08
0.412970207593938,0.66660935,0.6666093,4.686660770580886e-08
0.0825932983038533,0.43603185,0.43603182,2.8192214951427985e-08
-0.2022385906343135,0.3596735,0.3596735,6.103517691258276e-11
-0.4051151693438763,0.25032464,0.25032464,-3.3022308221219987e-09
-0.5665145296265793,0.13267706,0.13267706,3.345909105334499e-09
-0.765932950285598,0.02057372,0.02057372,3.359603879815598e-10
-0.8298837041334163,-0.027191162,-0.027191162,-1.0937499864138722e-10
-0.9075787912721336,-0.05017899,-0.05017899,2.319717404275501e-10
-0.5454824085302895,-0.49924934,-0.4992494,6.089630127936729e-08
-0.4385049621863645,-0.48690778,-0.48690778,-1.704406615843368e-10
-0.5885407497692782,-0.53160137,-0.5316014,3.061904907397661e-08
-0.4877603508349946,-0.55379444,-0.5537944,-4.3607330302286584e-08
-0.6251518527478835,-0.55581963,-0.55581963,-6.228637605687481e-10
-0.527632742082372,-0.60757315,-0.60757315,-1.5884399351406842e-09
-0.655085458956806,-0.60389555,-0.60389555,4.994201607821935e-09
-0.5568695622673976,-0.6501595,-0.6501596,1.2181243891351556e-07
-0.6801836364704411,-0.6546527,-0.6546527,-1.4729309105732113e-08
-0.583396316600826,-0.6890136,-0.6890135,-1.0034942632408672e-07
-0.704591038456178,-0.7083833,-0.7083833,-2.1762084911891577e-08
-0.6106459590482015,-0.71379733,-0.7137972,-1.3085632322162866e-07
-0.7345246446651007,-0.76177996,-0.7617801,1.3602981563387573e-07
-0.6481738149172142,-0.740102,-0.740102,6.9160461801942574e-09
-0.776892210376191,-0.80872077,-0.80872077,2.5019836202844203e-09
-0.6931471805599453,-0.764333,-0.764333,-9.71984859265973e-09
-0.8259372728569643,-0.8495254,-0.8495253,-9.205551143587343e-08
-0.7381445464906811,-0.79417926,-0.79417926,-7.307433547154574e-10
-0.5533852381847867,-0.52439475,-0.52439475,-5.950927528530769e-10
-0.6645260578380817,-0.63890475,-0.63890475,-3.4713742991243635e-10
-0.5780343734594406,-0.5328382,-0.5328382,-2.5364685019013677e-08
-0.6827164800727346,-0.6779047,-0.6779047,-2.5074768039701212e-08
-0.5960204698292225,-0.5622955,-0.5622956,1.0353622437175858e-07
-0.6944596640470042,-0.6753046,-0.6753045,-9.165573122693615e-08
-0.6088060321261943,-0.55308926,-0.5530894,1.3894500727751335e-07
-0.7020581948538847,-0.66722697,-0.66722685,-1.2019577022570616e-07
-0.616186139423817,-0.5576086,-0.55760854,-6.443115230236884e-08
-0.7085054331142678,-0.6746408,-0.6746408,2.5273132364667106e-08
-0.623621117911335,-0.5565937,-0.5565937,-1.614456179854784e-08
-0.7114987937351602,-0.66658807,-0.66658807,1.991577125437516e-09
-0.6254885320861304,-0.5588786,-0.5588786,-5.973815886406442e-10
-0.7128803447909566,-0.6553129,-0.6553129,4.225158667381379e-09
-0.6273594400219421,-0.5620069,-0.5620069,9.226226782566016e-09
-0.623621117911335,-0.5668051,-0.5668052,7.571716309495713e-08
-0.1957197329044939,-0.18923785,-0.18923788,3.207576751429464e-08
-0.2440740198573688,-0.22721834,-0.22721829,-5.48076248274576e-08
-0.291967789791645,-0.2716483,-0.2716483,1.2226867684983489e-08
-0.3446969884212086,-0.33897096,-0.3389709,-5.9186553935663966e-08
-0.3992682551251675,-0.39486855,-0.3948686,4.731521607848066e-08
-0.4529184877919288,-0.43023264,-0.4302327,5.59188843007874e-08
-0.5058779449307919,-0.4834141,-0.48341417,5.6478424048655995e-08
-0.5627517967277448,-0.55124867,-0.5512487,3.0375671422611106e-08
-0.6246913357292846,-0.64122784,-0.64122784,-1.3772583074000977e-09
-0.6889334598238186,-0.70222384,-0.7022238,-3.737564091554901e-08
-0.2046998147671707,-0.22199838,-0.22199844,6.136554717151022e-08
-0.2624947006013212,-0.2896244,-0.28962445,5.7013702370323216e-08
-0.3152238992308849,-0.34865904,-0.34865904,1.456298803770295e-09
-0.4662734813312943,-0.52432984,-0.5243299,5.886306764235627e-08
-0.3711767169906402,-0.39426607,-0.39426613,6.10646057053188e-08
-0.5180816459236603,-0.62797207,-0.627972,-6.640243532807233e-08
-0.4140047997203294,-0.46437502,-0.46437508,6.092651366751412e-08
-0.56459386480214,-0.6881919,-0.6881919,9.283447233165987e-09
-0.4713391685358812,-0.52545077,-0.5254509,1.3391342168489473e-07
-0.6122573762271168,-0.73267066,-0.73267055,-1.1478729244895902e-07
-0.5111738906446782,-0.562648,-0.5626479,-9.833297731631774e-08
-0.658539336596297,-0.75361395,-0.7536141,1.5117797846908587e-07
-0.5579163680324573,-0.5814395,-0.58143944,-5.5086669892290274e-08
-0.7039002629282799,-0.76223415,-0.76223415,-1.3633727480311109e-09
-0.5989023826877513,-0.60468435,-0.60468435,-2.8747558777908466e-09
-0.1803235541312816,-0.1900108,-0.19001083,2.904232024314446e-08
-0.2652684776148808,-0.38527817,-0.38527817,4.6595763913970245e-09
-0.3768776512562517,-0.534253,-0.5342531,9.87869263058272e-08
-0.4215944900380479,-0.55894035,-0.5589403,-5.1009368950971634e-08
-0.5058380822549516,-0.5987858,-0.5987859,8.2376861554323e-08
-0.527632742082372,-0.607847,-0.607847,2.4673461940238894e-08
-0.5310283310835102,-0.6099224,-0.6099223,-1.0905761715918061e-07
-0.5780343734594406,-0.63652533,-0.63652533,-2.9277038571251524e-09
-0.5869869847315546,-0.64875245,-0.64875245,-9.429931280280357e-10
-0.5869869847315546,-0.67044944,-0.67044944,4.2890929696781654e-09
-0.5727010274840783,-0.6833056,-0.6833056,-2.1147155804257523e-08
1.335729612445846,1.3462703,1.3462703,2.2799682586338577e-08
1.50427884125301,1.5256993,1.5256993,-4.214935311885881e-08
1.046524924765794,1.0652616,1.0652616,2.401733478762935e-09
1.201258643014994,1.2661892,1.2661891,1.175674437803309e-07
0.790477462424856,0.8013598,0.8013598,-2.731781001408251e-08
0.9270207584394028,0.96555406,0.96555406,-1.4482116617031693e-09
0.5521599052999723,0.56464535,0.56464535,-2.0599411065802542e-11
0.6843282896378304,0.7065939,0.7065939,-2.8883361813392128e-08
0.3350261310306336,0.36944753,0.36944753,-6.840515376360656e-10
0.465582705803396,0.43916094,0.439161,-5.696868898841245e-08
0.1388458811075409,0.19289595,0.19289595,-1.1131286725696299e-09
0.2588105644525307,0.13760921,0.13760921,3.590621938664995e-09
-0.0402952391273958,-0.015977353,-0.015977383,3.01424102795711e-08
0.0681565187526237,-0.0094834715,-0.0094834715,-1.2794494630430364e-11
-0.2021669711648772,-0.21101059,-0.21101053,-6.019565582104924e-08
-0.093945471794157,-0.13050996,-0.13050999,3.232883452608526e-08
-0.3400918182352205,-0.3571483,-0.3571483,1.0319519017087941e-08
-0.2258835976227159,-0.25741684,-0.25741696,1.1563201901543252e-07
0.2565079793595367,0.30493098,0.30493098,4.9739074525767535e-09
0.2383175571248837,0.2595691,0.2595691,8.486175540056706e-09
0.1842068074395236,0.20755954,0.20755953,1.0867805488867788e-08
0.1657861266955713,0.16512142,0.16512142,1.2179184050165048e-09
0.1100635674451154,0.13012804,0.13012804,9.097671505031713e-10
0.091642886701163,0.087037474,0.087037474,-8.299255727095556e-11
0.0345387763949106,0.04251887,0.04251887,-9.576034548652856e-10
0.0163483541602577,-0.03323403,-0.03323403,-8.316042299227888e-12
-0.0428280827296892,-0.097839996,-0.097839996,-2.1868133692759528e-10
-0.0598672124178451,-0.1407292,-0.1407292,-3.82022857792208e-09
-0.1195041663263909,-0.17575388,-0.17575388,3.433113099360341e-09
-0.1376945885610439,-0.2156864,-0.2156864,4.235649109229911e-09
-0.1957197329044939,-0.24897666,-0.24897663,-3.2755012507879044e-08
-0.2152917061949432,-0.2754078,-0.27540785,5.886230469709375e-08
-0.2712445239546986,-0.29833114,-0.29833114,-1.4718627983079102e-09
-0.293119082338142,-0.33066285,-0.3306628,-4.656524660306971e-08
-0.3463087979863045,-0.37704498,-0.37704504,6.424240112101742e-08
0.9440598881275588,0.87483233,0.87483245,-1.1786575315753112e-07
0.6990648342329923,0.64092076,0.64092076,-1.7526244899812582e-09
0.9585661742134212,0.96484566,0.96484566,-2.651367236872204e-09
0.7158737054118489,0.7108437,0.7108437,-1.7710876432097677e-08
0.9081395606768516,0.9153861,0.9153862,-1.1925811771451578e-07
0.6629142482729858,0.6463378,0.64633775,5.717849727027158e-08
0.8052140070200179,0.840353,0.84035295,6.208496095005955e-08
0.5931459199552662,0.5927148,0.5927148,-1.3470458970488153e-08
0.6723548471542614,0.7183188,0.7183188,1.9999694789163414e-08
0.4766351142497674,0.49948198,0.49948198,-3.9677429120033025e-09
0.5279827618235348,0.49752498,0.49752498,-3.269653325865818e-09
0.3490719000978974,0.34639513,0.34639513,4.9258422896159004e-09
0.3677228393511491,0.32763046,0.3276305,-3.973770140719424e-08
0.2367057475597879,0.20671639,0.20671639,-1.5360260008367987e-09
0.2221994614739254,0.16830248,0.16830246,1.6406097425036847e-08
0.0798997027268934,0.057507217,0.057507217,-6.96105950659387e-11
0.0803602197454922,0.039750576,0.039750546,3.001928711166002e-08
-0.0322361913019166,-0.08601256,-0.08601256,2.851066591147422e-09
-0.4241361741295033,-0.46907568,-0.46907568,2.209472604874918e-10
-0.4050247178576526,-0.39716393,-0.39716393,2.4449157698391843e-09
-0.3879855881694967,-0.28985685,-0.28985685,-1.1009216316359982e-09
-0.3753213701580295,-0.1679932,-0.16799317,-3.28055191067822e-08
-0.3626571521465622,-0.09405561,-0.09405561,2.085075376245804e-09
-0.3423944033282146,-0.04794641,-0.04794638,-2.8390998843552673e-08
-0.3154541577401843,-0.021489456,-0.021489426,-3.02959671030778e-08
-0.2795338302894771,-0.02792108,-0.02792105,-3.058929443425229e-08
-0.2438437613480694,-0.034380227,-0.034380227,-3.273468024422854e-10
-0.2086142094252605,-0.038774475,-0.038774446,-2.9455284121515657e-08
-0.6362042611942549,-0.59268194,-0.59268194,-4.370269812703498e-09
-0.595909022066859,-0.56099427,-0.56099427,2.5363159350533238e-09
-0.5616005041812479,-0.49385035,-0.49385047,1.1962005613819215e-07
-0.532127414990924,-0.4050631,-0.4050631,7.291412362775418e-09
-0.4939045024472228,-0.30271947,-0.30271947,-3.838806161837738e-09
-0.4471620250594437,-0.26922953,-0.26922953,-1.2881469779735255e-09
-0.3930512753740836,-0.22661941,-0.22661941,2.4654006891555724e-09
-0.3292696682981485,-0.22907768,-0.22907762,-6.189907073017586e-08
-0.2643367686757165,-0.19184019,-0.19184019,3.284873956177492e-09
-0.2005551615997814,-0.15200205,-0.15200202,-3.147266389169623e-08
-0.6910057864075131,-0.63932675,-0.6393267,-5.123214719127134e-08
-0.647026411131327,-0.566241,-0.5662411,7.407531743552909e-08
-0.6159415123759073,-0.5135163,-0.5135162,-1.0687713625223694e-07
-0.5788698923787031,-0.42070937,-0.4207093,-7.156677245268028e-08
-0.5337392245560199,-0.34126157,-0.34126157,4.314727797272155e-09
-0.4780166653055639,-0.27888715,-0.2788872,4.732818603692124e-08
-0.4123929901552336,-0.22088082,-0.22088088,5.8652763368360894e-08
-0.3382497501608253,-0.21839978,-0.21839978,1.99153898927662e-09
-0.2659485782408123,-0.189941,-0.18994097,-3.391864777935183e-08
-0.1991736105439849,-0.14826755,-0.14826755,-2.256584169524345e-09
0.3087766609705015,0.8576182,0.85761815,6.269989016871591e-08
0.7536361009369512,1.9772784,1.9772784,-4.821624766115917e-08
0.9670857390574992,1.8631864,1.8631861,2.5940551751091334e-07
1.047215700293692,1.6247916,1.6247916,2.2161865231851152e-08
1.024420107873051,1.2977413,1.2977412,9.39071655992052e-08
0.9364613573206784,0.9679265,0.9679265,2.2277831801531534e-09
0.7833394486365745,0.7272798,0.7272798,-1.77047729810198e-08
0.5846263551111883,0.39273286,0.39273286,-1.342163102879823e-09
0.2843692589847647,0.19070154,0.19070154,4.284820553923652e-09
0.044439892294785,-0.008118346,-0.008118406,5.966649627674181e-08
0.3541375873024842,0.31254914,0.31254914,4.0296173065001994e-09
0.124109336512379,0.10987241,0.10987241,-1.7887687719930767e-09
-0.0971690909243487,-0.11952771,-0.11952774,2.753566741287017e-08
-0.3023294227101182,-0.2993642,-0.2993642,-9.175109838555073e-09
-0.4929834684100252,-0.49124843,-0.4912485,7.117843625614739e-08
-0.6196256485246978,-0.71723115,-0.71723115,-4.441833456603206e-09
-0.5949879880296615,-0.7585906,-0.7585906,2.0967102054569864e-08
-0.8934030160816898,-0.93363637,-0.93363625,-1.1732101445893761e-07
-1.1430032401622443,-1.1622356,-1.1622355,-1.1763763430039376e-07
-1.3490846059852115,-1.380023,-1.380023,-2.624511719062639e-09
-0.5381141362327085,-0.64329016,-0.6432901,-6.20864868405846e-08
-0.7034397459096811,-0.71527207,-0.71527207,1.0226440805283232e-09
-0.5602189531254513,-0.75025684,-0.7502569,6.358566284614398e-08
-0.8056745240386166,-0.8526886,-0.8526886,-1.0553741436325481e-08
-0.5933761784645656,-0.8704038,-0.8704038,-2.6236724903760944e-08
-0.8945543086281869,-0.99366266,-0.9936628,1.4464645381462304e-07
-0.6382765877779495,-1.0074337,-1.0074337,4.712219237035242e-08
-0.9827433176898588,-1.1331166,-1.1331167,9.71023559337425e-08
-0.6969925076492978,-1.1232057,-1.1232057,3.822631833294565e-08
-1.0697810342050338,-1.227931,-1.227931,-2.264404286300703e-08
-0.7715962646623048,-1.2336451,-1.2336452,1.1847991943092495e-07
-1.1489899614040289,-1.3307285,-1.3307285,-3.088378908167044e-08
-0.8657719949657613,-1.3309282,-1.3309282,-6.443786615406566e-09
-1.2199095822682455,-1.4161788,-1.416179,1.774826050571221e-07
-0.9855064198014516,-1.3914421,-1.3914421,3.95294188493267e-08
-1.2952041148091509,-1.4980417,-1.4980417,-4.9000549395827875e-08
-1.143924274199442,-1.4371682,-1.4371682,-4.054718028001503e-08
-1.3695776133128583,-1.5319589,-1.5319588,-1.376449585421824e-07
0.7584715296322387,0.7863635,0.7863635,-1.7524719231332142e-08
0.784260482673772,0.78377813,0.7837781,3.100814816026087e-08
0.8148848644105928,0.80099803,0.8009981,-6.790695195046936e-08
0.849653899314803,0.8263648,0.8263648,1.5235137929003884e-08
0.8906399139700969,0.8713893,0.8713893,2.943344112882329e-08
0.93968497645087,0.9303894,0.9303894,4.296874966946973e-09
0.997019345266422,0.9914243,0.9914243,2.212829586234477e-08
1.0628732789260515,1.0507761,1.0507761,2.4000549325720044e-08
1.1430032401622443,1.1217325,1.1217324,7.337341312307899e-08
1.2381000045028985,1.2071062,1.2071062,3.264312753437082e-08
-0.5245288841840436,-0.5479704,-0.54797035,-6.41616820784563e-08
-0.6712035546077644,-0.6664766,-0.6664766,-7.322692896494232e-09
-0.4747930461753722,-0.44432294,-0.44432294,-3.6874389652830075e-09
-0.6048891039295359,-0.6024957,-0.60249555,-1.2031860352479384e-07
-0.3914394658089878,-0.33799285,-0.3379929,5.303421019009491e-08
-0.5086410470423848,-0.5246347,-0.52463466,-5.889495846567172e-08
-0.2760799526499861,-0.23846345,-0.23846342,-2.649791716602401e-08
-0.3838409350021074,-0.43134892,-0.43134886,-5.98684692376672e-08
-0.1261816630960737,-0.10181908,-0.10181908,-3.0945968565454507e-09
-0.2286466997343087,-0.2900654,-0.29006547,6.22470092692673e-08
0.0564133347783541,0.1250968,0.12509677,2.7943115238349137e-08
-0.0453609263319827,-0.11768238,-0.11768238,-2.4644088714165235e-09
0.2721655579918962,0.39810768,0.39810768,-2.3018646433392576e-09
0.1667071607327689,0.1169465,0.11694653,-2.64799881050104e-08
0.5222262990910496,0.6275925,0.62759244,6.402450558606887e-08
0.4080180784785449,0.38608146,0.38608146,-2.8619384639938517e-09
0.8049837485107185,0.7958632,0.79586315,6.11549377804721e-08
0.6790323439239441,0.65044767,0.65044767,-3.354949984490929e-09
-0.3760121456859276,-0.4896711,-0.48967117,5.889312743034836e-08
-0.2835633542022168,-0.4781568,-0.4781568,-5.038452155492479e-09
-0.1825949978744278,-0.36975074,-0.36975068,-5.814392090019993e-08
-0.0758701788141538,-0.23575063,-0.23575063,-4.979324452758505e-10
0.0495055794993719,-0.09239571,-0.09239571,2.035102850128645e-09
0.1837462904209248,0.05178894,0.05178894,1.0257339491670514e-09
0.2829877079289682,0.27339214,0.27339214,8.653259220281484e-10
0.3184475183610765,0.23712873,0.23712875,-1.541137695237893e-08
0.4575236579779169,0.41006583,0.41006583,-2.4612428761727756e-10
0.5869289402041824,0.5913582,0.5913582,-1.5185546820006834e-08
1.831706441476764,1.852653,1.8526531,-7.341918939474112e-08
1.739061680227606,1.7294995,1.7294993,1.5926666252497057e-07
1.776214140735607,1.8011447,1.8011447,1.9123840289125837e-08
1.687879338740663,1.684287,1.6842867,2.5201873787850104e-07
1.729011146329229,1.7542281,1.754228,1.1508178721086892e-07
1.640548907459153,1.6329418,1.6329418,4.207916259879596e-08
1.6795055668298573,1.7128584,1.7128584,3.8491821285902006e-08
1.5890311026564377,1.5717854,1.5717852,2.4998168934864395e-07
1.6191778373934131,1.6713884,1.6713884,-1.2319946396388559e-08
1.537297234656418,1.5211909,1.5211909,-1.827087392491933e-08
1.4886252922173524,1.4786197,1.4786197,-5.290222260256883e-09
1.5609224345406636,1.6225799,1.6225798,1.3221282957331937e-07
1.509344528457597,1.5603772,1.5603772,4.018096921853953e-08
1.432462041964898,1.420268,1.420268,5.877685538280275e-08
1.3855440797291865,1.3694185,1.3694184,1.0185394283546145e-07
1.453621969207141,1.4895868,1.4895867,1.3013916011495041e-07
1.312916891315115,1.3060137,1.3060136,1.0334625244468043e-07
1.378327436666236,1.3999833,1.3999834,-1.1314239500848089e-07
-0.6548552004475067,-0.6009778,-0.60097784,6.15652465674188e-08
-0.6490987377150215,-0.6245437,-0.6245437,-2.6444244349832502e-08
-0.5834750625646913,-0.5213179,-0.52131796,6.077285763517182e-08
-0.5489362861697805,-0.5398537,-0.5398537,7.94525145675351e-09
-0.4531487463012282,-0.44109488,-0.44109482,-5.5335693360802907e-08
-0.4183797113970181,-0.46885633,-0.46885633,-4.686279309051855e-09
-0.3055530418403099,-0.32814646,-0.32814646,2.3278808325422062e-09
-0.2793035717801778,-0.35496432,-0.35496432,4.10873413070334e-09
-0.1294052822262653,-0.16121797,-0.16121794,-3.263622283533607e-08
-0.1146687376311034,-0.18097009,-0.18097006,-2.7647438061162433e-08
0.0600974709271446,0.03559576,0.03559576,-2.5058746050410363e-10
0.0762155665781029,0.008112669,0.008112669,-8.911132248767828e-12
0.2776917622150819,0.24827653,0.24827653,1.6963195847985446e-09
0.2595013399804289,0.22121146,0.22121146,3.2129669202962674e-09
0.5038056183470973,0.49363953,0.49363947,5.87513732663858e-08
0.4607472771081086,0.47059274,0.47059274,-2.8021240328079955e-09
0.7331430936093043,0.7010547,0.70105475,-5.773162836675283e-08
0.6981438001957948,0.6668859,0.666886,-8.758163450028889e-08
1.3472425379108162,1.2618076,1.2618076,-3.907928469715216e-08
1.3288218571668635,1.2875227,1.2875226,7.360687259705401e-08
1.3097104008950131,1.2938083,1.2938082,1.4102630618850753e-07
1.2859937744371746,1.283642,1.283642,5.3604126026840504e-08
1.265731025618827,1.2831304,1.2831303,1.0733337396651166e-07
1.250994481023665,1.2780724,1.2780726,-2.428222656281065e-07
1.2477708618934735,1.2693893,1.2693893,-2.826385503418294e-08
1.2489221544399705,1.2536705,1.2536705,-4.5974731355258314e-08
1.2526062905887612,1.2469637,1.2469637,3.9395141593345784e-08
1.1664896081107838,1.2460366,1.2460365,1.4875030518446408e-07
-0.0154273201230601,0.17043518,0.17043518,-4.700355521469746e-09
0.2348636794853926,0.6071756,0.6071755,8.860778810682035e-08
0.4384122017060664,0.77475303,0.774753,3.411483762150169e-08
0.59936289970635,0.83166766,0.8316677,-3.833312989254267e-08
0.7225512021815317,0.8571721,0.8571721,-2.8066253654479567e-08
0.8130427963361977,0.8609931,0.8609931,-1.2708282426387996e-08
1.2551391341910545,1.5138354,1.5138354,3.0145263618663876e-08
0.8752125938470369,0.86036384,0.86036384,1.0568237396313407e-09
1.248001120402773,1.4341173,1.4341173,1.719970699198825e-08
0.9138960234093368,0.865346,0.8653461,-8.550033570031701e-08
1.2673428351839229,1.337663,1.337663,5.446624751215268e-08
0.9334679966997862,0.8643704,0.8643704,5.673980729703487e-09
-0.5523901638092716,-0.5550491,-0.55504906,-6.137985231191578e-08
-0.623621117911335,-0.5637863,-0.5637863,-2.783889774260473e-08
-0.6221584921269911,-0.6195192,-0.6195192,2.590103154176404e-08
-0.6733445532637656,-0.6296688,-0.6296687,-7.222061160216953e-08
-0.6762692418123514,-0.6779338,-0.67793393,1.1785858156088125e-07
-0.7277386253295643,-0.71229327,-0.71229345,1.827499389595033e-07
-0.7294589574605138,-0.7662639,-0.7662639,-2.187347414306373e-09
-0.7732080742274006,-0.8090767,-0.8090767,-2.643661500822958e-08
-0.8096809968158968,-0.81053704,-0.8105369,-1.4023361205595108e-07
-0.8220228781988743,-0.84024173,-0.84024173,-2.1316526321868423e-10
-0.8843076860211043,-0.8577134,-0.8577135,9.868240358201774e-08
-0.8669232875122583,-0.8750605,-0.8750605,1.28555299738764e-09
-0.914586798937235,-0.9372453,-0.9372453,-9.352874807966316e-09
-0.962334670375562,-0.9465205,-0.9465205,-7.33566285493481e-09
-0.9514281604251398,-1.0135628,-1.0135629,1.0149993889818631e-07
-0.9696185826597926,-1.008645,-1.0086449,-1.576782227008522e-07
-1.108694722276633,-1.1211772,-1.1211771,-9.650268562033659e-08
-0.9680067730946968,-1.0424906,-1.0424904,-2.015396118881796e-07
-0.9866577123479486,-1.0278494,-1.0278496,1.6419372550480205e-07
-1.0048481345826017,-1.0151831,-1.0151832,1.0883636480940595e-07
-1.0119861483708832,-1.0008701,-1.00087,-1.0860443122595598e-07
-1.0168215770661706,-0.9931262,-0.9931262,-1.3550567667941493e-08
-1.0283345025311408,-1.0044869,-1.0044869,-1.8449401784081942e-08
-1.051130094951782,-1.0399709,-1.039971,1.2521362302564398e-07
-1.0527419045168778,-1.1181774,-1.1181777,2.8605957025362727e-07
-0.6143297028108115,-0.5850598,-0.58505976,-6.160568233326558e-08
-0.6606116631799918,-0.6241434,-0.62414336,-6.164993282542497e-08
-0.7094264671514655,-0.6748979,-0.6748979,-9.164428660390911e-09
-0.7589320466508376,-0.7197033,-0.7197033,-1.6688537551878824e-08
-0.8031416804363232,-0.7684027,-0.7684027,4.344177240156455e-09
-0.8473513142218089,-0.8127139,-0.8127139,-2.107009888785427e-08
-0.8961661181932826,-0.8646129,-0.86461276,-1.1736892702174373e-07
-0.9419875615438642,-0.9206824,-0.9206824,2.9337310802901584e-08
-0.9742237528457808,-0.9914934,-0.9914934,-3.911590606975324e-09
-1.0078414952034938,-1.0559835,-1.0559835,-4.3395996129902414e-08
-0.4584446920151145,-0.46294153,-0.46294153,2.633361806392287e-09
-0.5268314692770377,-0.5438841,-0.54388404,-5.852981566079052e-08
-0.4140047997203294,-0.42926836,-0.42926842,5.98620605307687e-08
-0.4819310599636538,-0.52953094,-0.5295309,-4.24400329324115e-08
-0.371637234009239,-0.39246202,-0.39246196,-5.515197754046852e-08
-0.4393332357432639,-0.5101406,-0.5101406,2.1797180727034515e-09
-0.3304209608446455,-0.3346644,-0.3346644,-4.392242458628459e-09
-0.3988077381065687,-0.48893273,-0.48893267,-5.8767395005876466e-08
-0.291967789791645,-0.27972704,-0.27972704,-1.7213440117735956e-09
-0.3592032745070712,-0.44581622,-0.44581616,-5.8852996809299896e-08
-0.254435652775842,-0.23018162,-0.23018168,6.047504425010786e-08
-0.3214408789819688,-0.38049477,-0.38049477,-3.3879089533783713e-09
-0.2152917061949432,-0.1835361,-0.1835361,2.592659004152509e-09
-0.2855205515312617,-0.2979889,-0.29798895,5.839843747468265e-08
-0.1791411202349367,-0.160666,-0.160666,-3.823280331216594e-09
-0.250981775136351,-0.20490877,-0.2049088,2.6696968080663908e-08
-0.1498982895539124,-0.13782324,-0.13782327,3.103115081559693e-08
-0.2173640327786379,-0.17987241,-0.17987235,-5.850925446915234e-08
-0.4642011547475996,-0.39040095,-0.3904009,-4.61402893114915e-08
-0.3368723166425527,-0.3335814,-0.3335814,1.200332638839896e-08
-0.4305834123898865,-0.28432846,-0.28432846,-6.933593699187668e-10
-0.2890162954649176,-0.2706887,-0.2706887,-1.2596893306238144e-08
-0.3937420509019819,-0.1681648,-0.16816483,2.5422172533762222e-08
-0.2420715611997285,-0.16029383,-0.1602938,-3.2421302809115815e-08
-0.3525257777373884,-0.079780236,-0.079780236,1.1342621286658527e-10
-0.191160505461159,-0.06140165,-0.06140168,2.9690437317042573e-08
-0.3060135588589087,-0.014811173,-0.014811203,2.991860198996166e-08
-0.1427163022015952,-0.02434507,-0.0243451,2.987632751610958e-08
-0.2539751357572432,0.008588538,0.008588567,-2.9426185607986377e-08
-0.0910193983871685,0.015264466,0.015264466,4.0491485511773284e-10
-0.1994038690532843,-0.017886862,-0.017886847,-1.5158775328733e-08
-0.0439518875291828,0.0405425,0.04054247,2.823093414594524e-08
-0.144602343840026,-0.041821584,-0.0418216,1.5894508362257476e-08
0.0,0.061507314,0.061507285,2.9443588255018138e-08
-0.0891100430988695,-0.06526263,-0.06526263,-5.818557718972883e-10
0.043059489460447,0.079181336,0.079181336,-1.335487415099479e-10
-0.5259392615760389,-0.5340799,-0.5340799,-9.32464594427529e-09
-0.647026411131327,-0.6308892,-0.6308892,2.2677612343535714e-08
-0.5464528014091419,-0.53329587,-0.53329587,1.7272949737190402e-10
-0.6735061397007583,-0.67133945,-0.67133933,-1.222666931033345e-07
-0.5656338602609858,-0.5517725,-0.5517724,-7.524261469438187e-08
-0.6969925076492978,-0.7078514,-0.7078514,-9.912109355525445e-09
-0.583396316600826,-0.55429447,-0.55429447,3.0276489093594705e-09
-0.7179460319955435,-0.69993603,-0.6999361,6.770477289919086e-08
-0.5978370007556204,-0.5313203,-0.5313203,2.6123809782063745e-08
-0.7331430936093043,-0.69520867,-0.6952085,-1.687088012625182e-07
-0.6143360001356555,-0.5154314,-0.51543146,5.588623042118712e-08
-0.7412021414347835,-0.69522095,-0.69522095,2.734374948687446e-09
-0.6217571844732723,-0.52554774,-0.52554774,-2.8436278887156163e-09
-0.7451165360928732,-0.7075506,-0.7075506,1.4730072050994636e-08
-0.6292338548162925,-0.57743764,-0.5774377,6.076354985840027e-08
-0.747879638204466,-0.727827,-0.727827,-1.253890991037565e-08
-0.6674794338113675,-0.6244738,-0.6244739,8.980407717462668e-08
-0.7462678286393702,-0.75760454,-0.75760454,6.056213308625047e-10
0.8938635331002885,0.9533241,0.953324,7.951354985546999e-08
0.6170928049224044,0.5543771,0.5543771,-2.098999019040093e-08
0.6988345757236929,0.7972708,0.7972708,-2.5158691352444862e-08
0.4397937527618628,0.37165564,0.37165564,2.986297598095433e-09
0.5148580267934686,0.5430026,0.5430026,5.438232419940903e-09
0.270323489917501,0.18637843,0.18637842,1.4300422679358604e-08
0.34032207674452,0.31185552,0.31185552,4.778366091695574e-09
0.1077609823521213,-0.0061092526,-0.006109312,5.942794036907506e-08
0.1759175011047451,0.10389153,0.103891544,-1.4857143404434225e-08
-0.0467424773877791,-0.16228826,-0.16228823,-3.344013213557595e-08
0.0214140413648446,-0.031079143,-0.031079173,2.9714248658829767e-08
-0.1943381818486974,-0.3005854,-0.30058545,6.086273190986091e-08
-0.122958043965882,-0.16386999,-0.16386999,-1.8985366889712196e-09
-0.3350261310306336,-0.4110906,-0.41109055,-6.241149902441734e-08
-0.2567382378688361,-0.30013716,-0.30013716,-2.208557114968812e-09
-0.4674247738777913,-0.5163258,-0.5163258,2.819137567833252e-08
-0.3803870573626164,-0.4364059,-0.43640584,-5.71405029403671e-08
-0.5924551444273679,-0.62051666,-0.62051666,2.1707153852190686e-09
1.1174445456300104,1.1119636,1.1119635,1.2972259511023765e-07
1.2371789704657008,1.2905185,1.2905185,2.2262573340370295e-08
0.8234044292546707,0.7818722,0.7818723,-8.71131896618138e-08
0.926560241420804,1.0486013,1.0486013,-3.0278015206164355e-08
0.551469129772074,0.48376107,0.48376107,2.1588134613281795e-09
0.6433422749825364,0.7391196,0.7391196,-1.0671234118575512e-08
0.302789939728717,0.2580415,0.2580415,1.0452270715610723e-09
0.3870645541322991,0.38484186,0.38484186,-6.593322554593328e-10
0.0771366006153005,0.009839207,0.009839207,-6.602478112849308e-11
0.1581875958886909,0.09817894,0.098178945,-6.968803409335145e-09
-0.1264119216053731,-0.20826335,-0.20826335,-2.5133132797172664e-09
-0.0439793752761862,-0.08179642,-0.08179648,5.739925384995459e-08
-0.3055530418403099,-0.3902071,-0.39020705,-6.183547973659387e-08
-0.2185153253251349,-0.22736217,-0.22736217,-8.154678321492526e-10
-0.4637406377290008,-0.5174203,-0.51742023,-6.190063472910623e-08
-0.3670320638232509,-0.38484448,-0.38484448,-1.9450378530017076e-09
-0.598672124178452,-0.6194922,-0.6194921,-7.319488526391638e-08
-0.6115671935675224,-0.57973933,-0.57973933,-2.1990966825313762e-09
-0.7458073116207715,-0.7844446,-0.7844446,2.9458618211464227e-08
-0.6241809760952225,-0.592545,-0.59254503,5.710342410036873e-08
-0.7568597200671429,-0.7775907,-0.7775908,1.0795669558305576e-07
-0.6407445017668969,-0.5905303,-0.59053034,6.370147709322538e-08
-0.7619254072717299,-0.7423297,-0.7423297,-1.6682434100800947e-08
-0.6477914788391481,-0.5970929,-0.59709287,-5.650222778541547e-08
-0.7651490264019214,-0.7469003,-0.7469003,-2.0053100624473075e-08
-0.6497046227171086,-0.60597414,-0.6059742,6.221694948127521e-08
-0.7577807541043405,-0.76366687,-0.763667,1.3179016111752873e-07
-0.6413140319199281,-0.6056738,-0.6056738,1.0021972696172554e-08
-0.7497217062788614,-0.7582437,-0.7582437,1.9999694789163414e-08
-0.6360109891891362,-0.5835355,-0.5835355,7.579803451562839e-09
-0.7412021414347835,-0.76301455,-0.7630147,1.4502258305348903e-07
-0.6294214896794004,-0.5749889,-0.5749889,-1.6151427972843635e-09
-0.7271563723675197,-0.7446888,-0.7446889,9.10820007193891e-08
-0.6132275573840719,-0.57997215,-0.5799722,5.205841069333417e-08
0.1001624515452409,0.031020701,0.031020671,2.993154907260376e-08
0.5017332917634026,0.33944327,0.33944327,-3.6082458687580754e-09
0.8984687032862767,0.62170625,0.62170625,-2.670288101747076e-09
0.9263299829115046,0.71219367,0.71219367,-2.111358643475114e-09
1.2033309695986882,0.8689703,0.8689702,7.49252319076632e-08
1.0313278631520333,0.9117829,0.91178286,6.036056521274702e-08
1.2233634599077363,0.96869713,0.96869713,6.800842111687189e-10
0.9820525421619606,0.94607574,0.94607574,-2.5236511769222147e-09
1.0640245714725487,0.92816675,0.9281667,4.7093200672421176e-08
0.8632391513634678,0.87803584,0.8780358,4.337234493778652e-08
0.8169571909942875,0.78731364,0.78731364,1.1764522689361456e-10
0.7200183585792381,0.74119824,0.74119824,1.7106628336094332e-09
0.5837053210739906,0.648838,0.64883804,-5.6391754155171725e-08
0.5814027359809966,0.6104162,0.6104161,7.393493650642569e-08
0.4478528005873419,0.53315383,0.5331538,3.195877074091413e-08
0.4671945153684919,0.47550714,0.47550714,1.5960693877659082e-10
0.3654202542581551,0.42893094,0.42893094,-1.7561340159844008e-09
0.3651899957488556,0.36072052,0.36072052,-4.7488403209783314e-09
1.4544201901674911,1.3280396,1.3280395,1.461486816012325e-07
1.2919836816486494,1.0532912,1.0532913,-9.840850823117364e-08
1.1252542196145308,0.83987325,0.83987325,4.29916380273454e-09
0.8758853172391161,0.6912055,0.6912055,1.556396456159348e-09
0.669878553620591,0.60756874,0.60756874,8.447265109623459e-10
0.4140944348062188,0.4688608,0.4688608,5.034637429179867e-09
0.268499253035007,0.42843807,0.42843807,-2.5637817424595255e-09
0.2175278125285741,0.45909023,0.45909023,2.849121105708008e-09
0.3300229129413058,0.57015306,0.5701531,-4.242477413818335e-08
0.5463857991645416,0.6549796,0.6549796,-1.3398742670922559e-08
0.2995663205985253,0.1315575,0.1315575,-5.59806823119402e-09
0.5123251831911753,0.4588675,0.4588675,-9.708404524744196e-09
0.9148170574465344,0.87742496,0.87742496,-4.631958039347239e-09
0.9456716976926548,1.047156,1.047156,-2.37045287843074e-08
0.8277793409313595,1.0798141,1.0798141,-2.357635509042666e-08
0.8031416804363232,0.9679331,0.9679331,1.8343353280769747e-08
0.7172552564676453,0.7891043,0.7891043,-1.7144012431913325e-08
0.612948151755015,0.6418403,0.6418402,7.910232546759488e-08
0.5033451013284984,0.5008779,0.5008779,1.6812896741491556e-08
0.446240991022246,0.40107733,0.40107733,1.1245726572184367e-10
-0.4893903430459256,-0.53854287,-0.5385428,-6.670684815635042e-08
-0.4845083154486173,-0.53080094,-0.53080094,1.3937377918438187e-09
-1.4271163556401458,-0.5310082,-0.53100824,5.6043853779996766e-08
-0.4494169956373471,-0.5260122,-0.52601224,5.7764282246353105e-08
-0.4215944900380479,-0.51703775,-0.51703775,7.095336540530184e-10
-0.4019712188539085,-0.51156175,-0.5115618,4.863433833435238e-08
-0.3827256211386748,-0.50364035,-0.5036404,4.632034300566801e-08
-0.3410828491788962,-0.477373,-0.47737306,5.6040344253993624e-08
-0.2876820724517809,-0.45990127,-0.45990133,5.674942016309359e-08
-0.2281560931377539,-0.35564524,-0.35564524,6.468200419718073e-10
-0.1601687521528213,-0.17263688,-0.17263685,-3.1470680228462555e-08
0.4278203102782937,0.7427017,0.74270165,5.927047730391877e-08
0.3640387032023586,0.703301,0.703301,1.2516021774544583e-08
0.2539751357572432,0.6388073,0.63880736,-6.324707035876287e-08
0.2295677337715063,0.6432583,0.6432583,-2.6398467967148065e-08
0.160490180981685,0.6013357,0.6013357,4.326629610140742e-09
0.1485167384981159,0.58967113,0.58967113,4.948730425446968e-09
0.113287186575307,0.5490025,0.5490025,2.81906128440923e-08
0.0649328996224321,0.49955505,0.49955505,1.3267517084969427e-09
0.0511173890644678,0.47233015,0.4723302,-4.701156613995394e-08
0.0039143946580898,0.4177237,0.4177237,-1.4496993994139729e-08
-0.0050656872045869,0.40682942,0.40682942,-3.2481384248939094e-09
-0.0845048729128814,0.2987774,0.29877737,3.144729615600639e-08
-0.149668031044613,0.25628448,0.25628448,-4.67346189525486e-09
-0.2166732572507397,0.2633989,0.2633989,-1.427307128043509e-08
-0.2916900938493197,-0.28756434,-0.2875644,6.274642944115172e-08
-0.3827256211386748,-0.30162734,-0.30162734,2.0674133516251914e-09
-0.4140014391304507,-0.3172419,-0.31724197,6.288024900769074e-08
-0.4140014391304507,-0.3281502,-0.32815027,5.7235260031429647e-08
-0.3915622029391729,-0.33798337,-0.3379833,-6.982727052129434e-08
-0.3754209867597876,-0.34262288,-0.34262288,3.83270265524871e-09
-0.3566749439387324,-0.34745675,-0.34745687,1.1674606320566383e-07
-0.3011050927839216,-0.3401932,-0.3401932,-1.2032318141841358e-08
-0.2536027587989182,-0.279356,-0.27935594,-6.280761716270788e-08
-0.2070241694343265,-0.200473,-0.200473,4.361152661225276e-09
-0.1485000083184439,-0.100633696,-0.100633696,2.783737129696817e-10
-0.2536027587989182,-0.8236024,-0.8236025,1.2163162232958769e-07
-0.3856624808119846,-0.7317849,-0.7317849,1.9838714560016513e-08
-0.444725822061467,-0.68131506,-0.68131506,-4.430236844044089e-09
-0.5481814103097596,-0.5744217,-0.5744217,-3.815460170031315e-09
-0.5869869847315546,-0.51861364,-0.51861364,3.5063171255345082e-09
-0.6539264674066639,-0.41428244,-0.41428256,1.188607788304985e-07
-0.7277386253295643,-0.33427274,-0.33427268,-6.227142335113456e-08
-0.7360546815712219,-0.3031059,-0.30310577,-1.2075088501317666e-07
-0.8051966843685682,-0.20015337,-0.20015337,4.268760678272088e-09
-0.8940401229393353,-0.118343934,-0.118343964,2.9583229060881067e-08
-0.7423534339812804,-0.71882975,-0.71882963,-1.2101470947545323e-07
-0.8054442655293172,-0.73780805,-0.73780805,1.2748718747346288e-09
-0.747879638204466,-0.6540356,-0.65403575,1.2215805056392526e-07
-0.8006088368340298,-0.6899015,-0.6899015,2.8861999457063803e-08
-0.7296892159698132,-0.5826171,-0.58261716,5.594650265283718e-08
-0.7907077209341553,-0.6386506,-0.63865054,-5.6141815196752987e-08
-0.7412021414347835,-0.50696516,-0.50696516,-3.6987302109992015e-10
-0.7720567816809035,-0.5824485,-0.5824485,1.748657230127293e-08
-0.6887032013145191,-0.39925754,-0.39925754,-7.028198023562027e-10
-0.7501822232974601,-0.52978384,-0.5297838,-4.494781491448663e-08
-0.66130243870789,-0.2870388,-0.2870388,-3.100585954651791e-09
-0.7110382767165614,-0.4720449,-0.4720449,1.4841461171144488e-08
-0.658193948832348,-0.41867566,-0.41867566,-1.0870361277781626e-09
-0.5627517967277448,-0.4114645,-0.4114645,-1.2348175038034981e-08
-0.600974709271446,-0.42708582,-0.42708576,-5.6860198993646804e-08
-0.5198085847434059,-0.45986128,-0.45986116,-1.1853393555583125e-07
-0.7117290522444596,-0.64132017,-0.6413202,3.1027984626064153e-08
-0.7582412711229393,-0.6848268,-0.6848268,8.713531451931544e-09
-0.7020581948538847,-0.59728205,-0.5972821,4.7959899940330786e-08
-0.7566294615578435,-0.65962046,-0.6596204,-6.384811401805024e-08
-0.694920181065603,-0.53886557,-0.53886557,3.746337906562758e-09
-0.7448862775835738,-0.625587,-0.6255869,-8.654174810107662e-08
-0.6762692418123514,-0.4707291,-0.470729,-1.1262512206178243e-07
-0.7331430936093043,-0.60370314,-0.60370314,-1.2124633519405847e-09
-0.6495592547336204,-0.38994247,-0.38994247,2.7873229835329028e-09
-0.7140316373374536,-0.5808788,-0.5808788,5.806732206181664e-09
-0.616862546413105,-0.30072325,-0.30072325,-4.68063354741588e-09
-0.691466303426112,-0.5493586,-0.5493586,-6.338500946334591e-09
-0.5747252392113138,-0.15251155,-0.15251158,2.8023796089238218e-08
-0.6555459759754049,-0.52239066,-0.52239066,-3.6238098077845393e-09
-0.5192329384701574,-0.031072795,-0.031072795,-3.9108276339572257e-10
-0.6060403964760328,-0.51043445,-0.51043445,1.2809753258125056e-09
-0.4485435761152401,-0.04631105,-0.04631102,-3.0653457640250625e-08
-0.5341997415746187,-0.4922647,-0.4922647,1.1985015868631876e-08
-0.5491665446790799,-0.45647502,-0.45647496,-5.9454956069515674e-08
-0.3204231715889009,-0.2619866,-0.2619866,-1.3273620591558455e-08
-0.5655148988393377,-0.45034635,-0.4503463,-5.066986086266212e-08
-0.5777185998322062,-0.44830835,-0.4483083,-4.86557006906807e-08
-0.335536915928018,-0.26469952,-0.26469946,-5.868057251223746e-08
-0.5853171306390864,-0.44273818,-0.44273818,4.607849102278294e-09
-0.3310268810792305,-0.23765965,-0.23765959,-5.806079864112412e-08
-0.5848566136204877,-0.44209456,-0.44209462,5.556213378277164e-08
-0.5765673072857092,-0.45616925,-0.45616925,2.3727417253205374e-09
-0.3066013370676842,-0.19188498,-0.19188495,-2.9605674745081245e-08
-0.5583768850510561,-0.480591,-0.480591,8.735656642500089e-10
-0.5309761224444269,-0.515654,-0.51565397,-5.74620055981967e-08
-0.2373199918572407,-0.12905203,-0.12905203,1.9400406003899917e-09
-0.4888388152426359,-0.49885702,-0.49885702,-1.33178712502513e-09
-0.3235132055656635,-0.329529,-0.329529,1.259231569017416e-08
0.6988345757236929,0.5864104,0.58641034,6.32516479193157e-08
1.1568187507202086,1.0099665,1.0099665,-7.347106922850344e-09
1.2772439510837972,1.0993146,1.0993146,-2.957305911266417e-08
1.2408631066144915,1.084081,1.084081,5.373382561124629e-08
1.1888246835128258,0.94817275,0.94817287,-1.219111632755343e-07
1.0734651703538245,0.79336166,0.7933616,6.381835937485647e-08
0.955572813592529,0.67704415,0.6770442,-4.678649900835552e-08
0.8346870962103417,0.52599335,0.52599335,-2.832031276156499e-09
0.7448862775835738,0.41739333,0.4173933,2.6759338356274753e-08
-0.4109802887962745,-0.4412048,-0.4412048,1.3699340828399187e-08
-0.4220638475458086,-0.44767678,-0.44767672,-5.7839660672076576e-08
-0.432322562278047,-0.4462909,-0.4462909,-1.0243988046720887e-08
-0.4370306506502699,-0.44779527,-0.44779533,5.812652587033895e-08
-0.4462871026284195,-0.4487927,-0.44879264,-5.599914548737317e-08
-0.4492343516431383,-0.45131773,-0.4513178,7.243423461034126e-08
-0.4620354595965587,-0.46047354,-0.4604736,6.255493162354853e-08
-0.4637406377290008,-0.4615906,-0.46159053,-5.809280395618899e-08
-0.4780358009429998,-0.4699824,-0.4699824,1.4364624045803964e-08
-0.4782469238148633,-0.4698527,-0.46985275,6.407165525912362e-08
-0.4926583198105417,-0.46960276,-0.46960282,5.634719846270286e-08
-0.4929834684100252,-0.4686169,-0.46861684,-6.282821657377369e-08
-0.5061082034400913,-0.4595136,-0.4595136,-4.640960671320471e-09
-0.5091603444469295,-0.45862567,-0.4586258,1.257522582731596e-07
-0.5187724214515586,-0.44659847,-0.44659847,-2.1102902758585174e-10
-0.5191938734365074,-0.44727808,-0.44727814,5.762924193408736e-08
-0.1815218766233903,-0.22253816,-0.22253816,1.7024612553040441e-09
-0.2012459371276796,-0.2487277,-0.24872763,-6.415378570046038e-08
-0.2107210313156525,-0.25908566,-0.25908566,4.787597651656483e-09
-0.2217389444553266,-0.27364093,-0.27364087,-6.065261842769232e-08
-0.2395270305647338,-0.29253554,-0.29253548,-6.344177244654858e-08
-0.2433832443294706,-0.29756647,-0.29756653,5.651596068911857e-08
-0.2698629728989021,-0.31874603,-0.31874603,-3.306579454687153e-10
-0.2744368457017603,-0.32164556,-0.3216455,-5.7880401638232826e-08
-0.2928888238288427,-0.34006977,-0.34006983,5.918701173612817e-08
-0.3038114543816645,-0.34943974,-0.34943974,-1.8096923959376454e-10
-0.3166054502866813,-0.36228335,-0.3622833,-4.903717043536204e-08
-0.3354727362881294,-0.37852997,-0.37852997,4.122467034406441e-09
-0.3414733692910169,-0.38591594,-0.38591588,-5.503952027474668e-08
-0.3652833184753326,-0.40611213,-0.4061122,6.554336545727679e-08
-0.9141262819186364,-0.9010611,-0.9010609,-2.176490783156737e-07
-0.8871860363306058,-0.8810826,-0.8810825,-9.439468384719873e-08
-0.849653899314803,-0.85937506,-0.85937506,3.9535519302802413e-10
-0.803602197454922,-0.812318,-0.812318,-2.70195007479046e-08
-0.7559386860299452,-0.7517356,-0.7517356,-2.765121465131415e-08
-0.6983740587050942,-0.6938574,-0.6938575,1.2819290162724428e-07
-0.6378160707593508,-0.6353532,-0.6353532,-7.588195849450585e-09
-0.571962137099721,-0.5774859,-0.577486,8.100128179311383e-08
-0.5005819992169056,-0.50995004,-0.5099501,5.8229064903159156e-08
-0.4264387592224973,-0.462529,-0.46252906,5.637985228679199e-08
1.5636855366522566,1.4989197,1.4989195,2.2541809086007447e-07
1.5362847740456274,1.4495409,1.4495409,-4.649963369907084e-08
1.3553015857362956,1.3152215,1.3152217,-1.5191955560212023e-07
1.3718801984058526,1.2745801,1.2745801,2.10403441336382e-08
1.148299185876131,1.1769426,1.1769426,-1.3101196350007172e-08
1.2021796770521913,1.1454784,1.1454784,-3.219451905067672e-08
0.9429085955810618,1.0073888,1.007389,-1.69815063566503e-07
1.0327094142078297,0.9876779,0.9876779,-2.781906127680145e-08
0.7359061957208971,0.84947884,0.8494788,4.0827941916177224e-08
0.8572524301216833,0.8585346,0.8585346,-2.5491333044413977e-08
0.522456557600349,0.71049774,0.7104977,3.6930847158167524e-08
0.6695917450426686,0.7218228,0.7218228,-1.7478942737625403e-09
0.295421667431136,0.5052893,0.5052893,1.6177368111769397e-08
0.4651221887847973,0.52680683,0.52680683,1.3598633330502707e-09
0.0515779060830666,0.1412659,0.14126588,1.8942947377365016e-08
0.2307190263180034,0.21190475,0.21190475,-7.257461576148927e-10
-0.2076931753880629,-0.22534944,-0.22534944,-1.1706924318843903e-09
-0.0681565187526237,-0.19863145,-0.19863145,-5.338668951360148e-10
-0.214600930667045,-0.23397006,-0.23397006,-9.44557182469552e-10
-0.3658807712767539,-0.4008047,-0.40080476,6.153274534348441e-08
-0.2461463464410635,-0.28854752,-0.28854746,-5.5869140647146764e-08
-0.3997287721437664,-0.48059958,-0.48059964,5.7804718012199885e-08
-0.2804548643266748,-0.33232355,-0.33232355,-1.1779784925280978e-09
-0.4303531538805872,-0.55969787,-0.55969787,3.5601807057972223e-09
-0.3076253684240045,-0.3601902,-0.3601902,-1.2726593001666231e-08
-0.4572933994686175,-0.59200686,-0.5920068,-6.216354364596555e-08
-0.3377892331422265,-0.40632027,-0.40632027,-3.87619020214558e-09
-0.480319250398558,-0.62335503,-0.6233551,6.898651128128819e-08
-0.360815084072167,-0.43987215,-0.43987215,4.3472290212065445e-09
-0.5058779449307919,-0.6353915,-0.6353915,2.6229858396398242e-08
-0.3843014520207062,-0.46790516,-0.46790522,5.623504639729049e-08
-0.2371662645783867,-0.25648314,-0.25648314,2.3924255354579316e-09
-0.2802246058173754,-0.3004977,-0.3004977,-1.0704803488081893e-08
-0.4031826497832574,-0.50589776,-0.5058977,-6.03912353458469e-08
-0.3117700215913938,-0.33038127,-0.3303812,-7.422332765072426e-08
-0.434267548538677,-0.5656872,-0.56568724,6.043457034810018e-08
-0.346078539477005,-0.37007827,-0.37007827,4.3330383170392395e-09
-0.4593657260523122,-0.59257674,-0.5925768,5.782775880369684e-08
-0.3771634382324247,-0.41236144,-0.41236138,-6.304275512736268e-08
-0.4856151961124443,-0.61644167,-0.61644167,2.9200745155222307e-09
-0.4080180784785449,-0.4561202,-0.4561202,6.995391821362773e-09
-0.5102528566074805,-0.627751,-0.627751,7.225036569025178e-09
-0.440484528289761,-0.49836612,-0.49836618,6.252258299976887e-08
-0.5335089660467204,-0.636648,-0.63664794,-5.928665158805302e-08
-0.4715694270451806,-0.5312443,-0.5312444,1.2204589838749058e-07
-0.4893903430459256,-0.492072,-0.492072,1.3801574716421072e-08
-0.552620422318571,-0.563016,-0.5630158,-1.974098206014574e-07
-0.4812668215244463,-0.4763227,-0.4763227,-1.0514068615741223e-08
-0.5468639595860859,-0.5791307,-0.57913077,6.082870485091263e-08
-0.4732087601946839,-0.47168386,-0.47168386,1.748657330047365e-10
-0.5408772383443013,-0.57195616,-0.5719561,-5.768432620456565e-08
-0.4636240222816965,-0.44782358,-0.44782358,-4.079742432772093e-09
-0.5323576735002233,-0.5410058,-0.5410058,9.76638792060669e-09
-0.4525567156420149,-0.41402686,-0.41402686,3.5775756801470493e-09
-0.5231473331282472,-0.53347605,-0.5334761,4.5331573494955535e-08
-0.4416105547445176,-0.40573055,-0.40573055,4.479217552422199e-09
-0.5125554417004746,-0.5284813,-0.52848136,5.5354461681034195e-08
-0.4292456367735677,-0.4040287,-0.4040287,-1.3703155499200648e-08
-0.5001214821983068,-0.5212891,-0.52128905,-6.018371578875303e-08
-0.4140014391304507,-0.3942256,-0.39422566,6.261840818089226e-08
-0.4844639035659472,-0.50236654,-0.50236654,-2.8161620813094146e-09
-0.3989861420104552,-0.37354076,-0.37354076,9.133911405001527e-10
-0.4683458079149889,-0.48309332,-0.48309338,5.8676605241281266e-08
-0.2535146187386444,-0.21039782,-0.21039782,-4.645042406270505e-09
-0.2548961697944409,-0.21376868,-0.21376862,-5.592334748061312e-08
-0.1250303705495767,-0.042469904,-0.042469904,1.7328644075220723e-10
-0.2482186730247581,-0.22479497,-0.22479497,1.0373306380540015e-09
-0.1227277854565826,-0.06552477,-0.06552474,-3.180957794390871e-08
-0.2396991081806802,-0.23140047,-0.23140045,-2.4905967704880183e-08
-0.1167410642147981,-0.08262335,-0.08262332,-2.7640037536524886e-08
-0.2309492848273028,-0.20961817,-0.20961817,3.910942070195489e-09
-0.1084517578800195,-0.0867248,-0.08672477,-3.285167693434232e-08
-0.2226599784925242,-0.18079339,-0.18079339,3.219985944546977e-10
-0.0969388324150493,-0.070185885,-0.070185855,-2.983333587114334e-08
-0.2139101551391468,-0.16296749,-0.16296749,1.8303298876531926e-09
-0.0856561654593785,-0.06795581,-0.06795575,-5.6851387028600264e-08
-0.2049300732764701,-0.15864502,-0.15864499,-2.893520353874912e-08
-0.0748340155223065,-0.067386165,-0.067386165,-2.612686178515844e-10
-0.1959499914137933,-0.15237631,-0.15237631,9.627914299148443e-10
-0.063781607075935,-0.056428775,-0.056428805,2.980869293067734e-08
-0.1867396510418171,-0.14612357,-0.14612354,-3.318401337049082e-08
-0.4874572641868395,-0.4538315,-0.45383143,-6.385452272494874e-08
-0.4927645363842193,-0.45919794,-0.45919794,1.5577698020408093e-09
-0.556074299958062,-0.5315064,-0.5315064,-1.918182368498833e-08
-0.5760311107425029,-0.5484088,-0.5484088,-6.324005097368968e-09
-0.6304477984617698,-0.6094858,-0.6094858,-5.034637484691018e-09
-0.6350399455043556,-0.60918635,-0.60918635,-1.299285901090741e-09
-0.6880124257866209,-0.6832227,-0.6832226,-1.1108627318012765e-07
-0.7151646459020948,-0.68803376,-0.68803376,4.0603642670333784e-10
-0.7809069181415236,-0.7559932,-0.7559933,1.1257247922724645e-07
-0.7886353943504608,-0.7647365,-0.7647366,1.2643966673664409e-07
-0.8618576003076714,-0.8338482,-0.8338483,1.2161331175430945e-07
-0.8911980272581024,-0.8477445,-0.84774464,1.1552108769574687e-07
-0.9507112309297384,-0.8923109,-0.8923109,-1.7377471905888342e-08
-0.9452111806740556,-0.89682156,-0.89682156,1.5245056328438977e-09
-1.0271134739213963,-0.9708671,-0.9708672,1.0262222294166179e-07
-1.0331699312264284,-0.98777527,-0.98777527,3.8294982740438854e-09
-1.1142209264998189,-1.0871966,-1.0871967,1.1148376466429966e-07
-1.1273725078182286,-1.0859979,-1.0859979,-3.910980228560845e-08
-0.0642421240945338,0.014096275,0.01409626,1.497196197575157e-08
-0.1683189702978647,-0.20417927,-0.20417927,-2.0556259194837168e-09
0.0653934166410309,0.059245095,0.059245095,-3.4305572271797757e-10
-0.1165108057054987,-0.1888643,-0.18886428,-2.5615425114366985e-08
0.1222672684379838,0.11241828,0.11241829,-1.0948219303363871e-08
-0.0490450624807731,-0.13767125,-0.13767128,3.287532807094706e-08
0.1975618009788891,0.17841606,0.17841604,1.8421134950763474e-08
0.0343085178856112,-0.009830654,-0.009830624,-2.9667449951559233e-08
0.2956519259404355,0.23225662,0.23225662,1.1223602325305393e-09
0.141148466200535,0.11453605,0.11453605,-3.0181884769220346e-09
0.4206822964900122,0.34312177,0.34312177,-2.9559326097938765e-09
0.2705537484268003,0.24952553,0.24952553,2.1264267013876292e-09
0.5779488583415056,0.5098185,0.5098185,-5.680084180781364e-09
0.4319649634456829,0.398772,0.398772,1.2664794768468823e-09
0.7738988497552989,0.7205483,0.72054833,-5.7867126423971627e-08
0.643112016473237,0.5999965,0.5999965,7.167816118425208e-09
1.0149795089917757,0.96549803,0.96549803,1.8569945581248248e-10
0.917349901048828,0.9079409,0.9079409,2.4167633005944822e-08
-0.5233775916375466,-0.5313646,-0.5313646,-1.9731903111441795e-08
-0.5770278243043079,-0.54193133,-0.54193133,-1.1576842817717647e-09
-0.3923604998461854,-0.43727195,-0.4372719,-5.262908936431998e-08
-0.4414055623269586,-0.4478897,-0.4478897,1.4369201661867947e-08
-0.2300282507901052,-0.33929193,-0.33929187,-6.019866943818286e-08
-0.2804548643266748,-0.35582525,-0.3558253,5.4619598399696656e-08
-0.0331572253391142,-0.17920111,-0.17920105,-6.119747161803524e-08
-0.1020045196196362,-0.19954725,-0.19954725,3.901481637758053e-09
0.1789108617256374,0.05013819,0.05013819,3.886795052476799e-10
0.0787484101803963,0.015541792,0.015541792,-8.410644576628545e-11
0.390978948790389,0.33572814,0.33572814,-1.314773567795413e-09
0.281145639854573,0.29371446,0.29371446,3.710784901578279e-09
0.5970603146133561,0.5722818,0.57228184,-6.214126591075342e-08
0.5035753598377979,0.53289425,0.53289425,3.730773912025143e-09
0.8040627144735208,0.7650095,0.7650095,2.2438049307460517e-08
0.7188670660327411,0.74332863,0.74332863,9.242248077967474e-10
1.0179728696126678,0.98947227,0.9894722,7.001190183153483e-08
0.9313956701160916,0.9598132,0.9598132,-2.2414398226366927e-08
1.0527419045168778,1.0014194,1.0014194,2.501068108173854e-08
0.8459697631660125,0.9329051,0.93290514,-6.206573488487521e-08
0.9456716976926548,0.91095746,0.91095746,-4.364929195865841e-09
0.7414323999440828,0.8350764,0.83507633,6.169692989832498e-08
0.8899491384421988,0.8191922,0.8191922,-2.8903198279195408e-08
0.6910057864075131,0.7867064,0.7867064,-1.2003326443910112e-08
0.8692258726052523,0.7797445,0.77974445,5.5882263150230926e-08
0.6875519087680221,0.72432387,0.7243238,6.875152591678813e-08
0.87014690664245,0.71115613,0.71115613,-1.6296386462499868e-10
0.7294589574605138,0.7479129,0.74791276,1.2375854496760041e-07
0.8881070703678035,0.7541888,0.7541888,-2.3983764640966854e-08
0.8056745240386166,0.8121193,0.8121193,5.133819591662814e-09
0.9281720509859,0.8283776,0.8283776,4.484558058237553e-09
0.8924819820444921,0.89166564,0.8916657,-6.250686646058767e-08
0.9820525421619606,0.90246,0.90246,-2.0942688028213752e-08
0.9896510729688408,0.966835,0.966835,2.1972656250035527e-08
1.046064407747195,0.99180007,0.9918,6.98089599460161e-08
1.0969515383023634,1.0994931,1.0994931,4.594268809832158e-08
0.5710411030625234,0.569411,0.569411,-2.025222778367919e-08
0.5424890479093972,0.5652695,0.5652695,-2.978515623031086e-08
0.5613702456719484,0.5644408,0.5644408,-1.316146847063493e-08
0.5330484490281217,0.56238854,0.56238854,-6.857300283158452e-10
0.5602189531254513,0.5625813,0.5625813,7.354736819564778e-10
0.5302853469165287,0.56020653,0.56020653,2.4783325391908306e-09
0.570810844553224,0.55929846,0.55929846,-4.284820609434803e-09
0.5445613744930918,0.5666917,0.5666917,-3.3561706747065045e-09
0.5984418656691526,0.5661651,0.56616515,-6.039276123637194e-08
0.5942972125017633,0.5704527,0.5704527,-9.875488315991277e-09
0.6451843430569316,0.5718463,0.57184637,-6.367599492129727e-08
0.6721245886449619,0.6274933,0.6274933,2.1895599333632276e-08
0.7190973245420406,0.63371843,0.63371843,9.959411073623414e-10
0.7764316933575923,0.71103776,0.7110377,5.501251221229353e-08
0.82754908242206,0.72343135,0.7234314,-5.119934076702748e-08
0.929323343532397,0.8727977,0.8727978,-7.24151610898005e-08
0.988499780422344,0.8929195,0.8929195,-1.9199371315004043e-08
1.1782327920850535,1.1645311,1.164531,1.1171722413827467e-07
0.3179870013424777,0.3508157,0.3508157,1.340560912277411e-08
0.3018689056915194,0.35234398,0.35234398,-3.5023498545783127e-09
0.2903559802265492,0.3577109,0.35771087,2.792251585503891e-08
0.3037109737659146,0.4218992,0.42189923,-3.051422120536884e-08
0.3796962818347181,0.54824257,0.54824257,-1.0302734221312448e-09
0.5051871694028937,0.67881703,0.67881703,3.76770015186878e-09
0.6472566696406263,0.74129003,0.74129003,2.86361689916248e-09
0.8105099527339041,0.8215353,0.8215353,-1.0712432829684815e-08
0.9813617666340624,0.965082,0.96508193,5.976516725958447e-08
1.1453058252552384,1.1437578,1.1437578,2.0129394595613803e-08
1.3060262647462229,1.1789699,1.1789697,1.6007690439856503e-07
0.956033330611128,1.007933,1.007933,2.0591735871988703e-08
1.290138427604564,1.1456006,1.1456004,1.5732727054462714e-07
0.9360008403020796,0.9606911,0.9606911,-5.601501484875371e-09
1.2710269713327134,1.0584717,1.0584717,-2.0312499904306947e-08
0.925408948874307,0.93953526,0.93953526,2.0050050508757522e-10
1.2507642225143658,0.97031915,0.97031915,1.8783569144531498e-09
0.9166591255209297,0.85042274,0.8504228,-6.001739505379078e-08
1.226587079037928,0.9558943,0.95589423,6.140090946793464e-08
0.9083698191861512,0.8820233,0.8820232,7.489852904551952e-08
1.1959626973011073,0.93488,0.93487996,5.823425297535323e-08
0.895245084156085,0.91525424,0.9152542,3.5267639142411156e-08
1.1621146964340952,0.95392007,0.9539201,-3.3643341112998826e-08
0.8726797502447434,0.9187381,0.91873807,5.6754760779931246e-08
1.1238917838903937,0.9601614,0.96016145,-6.20796203332219e-08
0.8425158855265215,0.91951144,0.91951144,-2.5839232975499726e-09
1.0822149937072014,0.9410564,0.9410563,7.073516850031325e-08
0.810970469752503,0.84875226,0.8487522,6.020812992613145e-08
-0.9465927317298524,-0.96723884,-0.96723884,-3.4410094773562605e-09
-0.7147224128653519,-0.8238751,-0.82387525,1.2077713007485613e-07
-0.4858454546217436,-0.6887745,-0.6887744,-1.2611923216887533e-07
-0.2698629728989021,-0.466191,-0.46619093,-6.378585815092208e-08
-0.0771366006153005,-0.23867528,-0.23867528,-1.405448923907926e-09
0.1006229685638398,-0.055474207,-0.055474177,-2.9805229187496174e-08
0.2664090952594111,0.12390031,0.123900294,1.5205055242661913e-08
0.4204520379807128,0.30007094,0.30007094,1.4482116617031693e-09
0.5620610211998466,0.46755195,0.46755195,-3.3599853455079653e-09
0.6764995003216507,0.6845221,0.6845221,-7.657623313228612e-09
-0.0845048729128814,-0.096881345,-0.096881375,3.0085563665349646e-08
0.0082893063347785,0.032834947,0.032834947,1.0922240889499335e-10
0.1427602757656308,0.16549774,0.16549774,-4.857292179583084e-09
0.2793035717801778,0.3009723,0.3009723,1.2688827488727128e-08
0.424596691148102,0.4300494,0.43004936,2.9600753792546897e-08
0.5588374020696549,0.5287636,0.52876353,6.224319459846583e-08
0.6790323439239441,0.70331025,0.7033102,5.123596191758395e-08
0.7854117752202691,0.82243466,0.8224347,-3.622741695519238e-08
0.8858044852748094,0.92346495,0.923465,-4.610061643539609e-08
0.9728422017899844,0.9928715,0.9928715,2.2903442364885507e-08
1.7308532144036244,1.342464,1.342464,-2.9815673929789455e-08
1.1096157563138307,1.0354773,1.0354772,8.06167601563601e-08
0.8491933822962041,0.7567979,0.7567979,9.73663327741292e-09
0.6490987377150215,0.5318337,0.5318337,8.28628543558807e-09
0.4817008014543544,0.38979357,0.38979357,4.810028098045649e-09
0.3311117363725438,0.27008972,0.27008972,-4.280776955134513e-09
0.1996341275625837,0.1947287,0.1947287,2.3067474319571346e-09
0.1001624515452409,0.12625921,0.12625921,-2.2744751082548476e-09
0.023946884967138,0.01827173,0.01827173,-6.499099730605806e-10
-0.0389136880715993,-0.054786727,-0.054786757,3.016761016688685e-08
1.9208164845756333,1.8833474,1.8833474,-7.917785538325006e-09
1.5710538089498376,1.5459487,1.5459489,-1.5617980952953303e-07
1.270796712823414,1.23511,1.23511,4.447937018703385e-08
1.0106045973150868,0.8908805,0.8908805,2.5112152135520205e-08
0.7812671220528797,0.68777704,0.68777704,2.3889160649659402e-09
0.580481701943799,0.50659007,0.50659007,-1.6596984897532252e-09
0.3997287721437664,0.37077767,0.37077767,-3.4312439001205064e-09
0.2438437613480694,0.25458112,0.25458112,3.590469366265836e-09
0.1082214993707201,0.108178854,0.108178854,-1.1352543904941115e-11
-0.0900310771360672,-0.021514505,-0.021514505,-1.4793396022061422e-10
1.1731671048804664,1.2964474,1.2964475,-1.0372161862726159e-07
1.946835696126466,2.12047,2.1204698,2.469970703522506e-07
2.151765769402936,2.2533028,2.2533028,1.2576293784150039e-08
2.3893925509999216,2.487487,2.487487,7.771301291370492e-08
2.434983735841204,2.5040233,2.504023,3.13522338757366e-07
2.6155064071319365,2.6272964,2.6272962,2.477539062795131e-07
2.6505057005454464,2.6059625,2.6059625,1.4877319376438436e-08
2.764253404139352,2.6564612,2.6564612,3.886108412842759e-08
2.7764571051322204,2.6603286,2.6603284,2.2663269039213674e-07
2.872244645000773,2.674328,2.6743283,-2.1123962401503604e-07
2.868330250342683,2.6936498,2.6936498,-3.1170654501977424e-08
2.9496115041253725,2.7378466,2.7378466,1.2930297721425177e-08
2.907013679904983,2.756094,2.7560942,-2.211181642230997e-07
2.996814498531751,2.8528373,2.8528373,2.4142456034326187e-08
3.024445519647679,2.9647536,2.9647536,2.7777099731451926e-08
3.0378005131870447,2.9750166,2.9750166,-6.066894542300361e-09
0.8717587162075457,0.79822594,0.7982259,3.927383418478314e-08
1.3603672729408822,1.4148093,1.4148095,-1.5380096440864577e-07
1.8020030937771403,1.933075,1.933075,-4.882812509876544e-08
1.9898940373654543,2.047535,2.047535,-5.737304675790256e-08
2.151996027912235,2.1581485,2.1581485,2.714538593906468e-08
2.0918985569850905,2.0058787,2.0058784,2.8690490738725316e-07
1.9834467991050715,1.8595806,1.8595805,1.3602447501703807e-07
1.8261802372535776,1.6725912,1.6725912,9.411621038069029e-09
1.6309210213676828,1.4320346,1.4320347,-8.82980346617046e-08
1.412866213061147,1.2682003,1.2682004,-1.217178344781189e-07
1.2569812022654498,1.122247,1.122247,-1.9332885736744743e-08
0.1284842481890677,0.030527994,0.030527964,3.003667449832936e-08
1.245698535309779,1.1880927,1.1880927,8.587646593838372e-09
1.5970730205006702,1.3442639,1.3442639,1.1247253350887831e-08
1.4423393022514703,1.032519,1.0325191,-1.1711273195658123e-07
0.6449540845476323,0.7128491,0.712849,8.056259159783252e-08
0.1284842481890677,0.40559417,0.4055941,7.009353636400206e-08
-0.1538126842120022,0.084743746,0.084743746,-3.7498092131382776e-10
-0.3285788927702503,-0.22650374,-0.22650374,-4.7214126497330255e-09
-0.4782469238148633,-0.4004035,-0.40040356,6.039672850732813e-08
-0.6005141922528471,-0.58036214,-0.58036214,-1.1323547655095467e-09
1.5623039855964602,1.4605879,1.4605879,-4.084625238043316e-08
1.4418787852328714,1.2203718,1.2203717,1.42384338319701e-07
1.3147760880996,1.0060982,1.0060982,-4.8793029838734014e-08
1.182607703761742,0.84543395,0.845434,-4.957580568287767e-08
1.0462946662564945,0.741076,0.741076,-7.415771441365848e-09
0.9148170574465344,0.59201324,0.59201324,-1.3946532817499246e-10
0.7881748773318619,0.4651264,0.4651264,-4.77447509306117e-09
0.6815651875262375,0.4475414,0.44754136,2.588905334555136e-08
0.6014352262900448,0.47076362,0.47076356,6.37144469961548e-08
0.5680477424416311,0.5278708,0.5278708,-2.573089596946687e-08
-0.2548961697944409,-0.28259444,-0.28259438,-6.236755373256742e-08
-0.3301907023353462,-0.31679142,-0.31679136,-5.5214538552395e-08
-0.2302585092994046,-0.27295035,-0.27295035,-1.2382507241781582e-09
-0.291967789791645,-0.3107741,-0.31077415,6.209411623769867e-08
-0.2049300732764701,-0.25835556,-0.25835556,2.0814514001266105e-09
-0.2546659112851415,-0.29425812,-0.29425806,-5.767578126203432e-08
-0.1791411202349367,-0.25235152,-0.25235158,5.7554321308828094e-08
-0.2178245497972367,-0.28254592,-0.28254592,-4.1867065370126966e-09
-0.1533521671934034,-0.23641555,-0.23641561,5.988727569405938e-08
-0.1814437053279308,-0.26341492,-0.26341498,6.062362672976107e-08
-0.1257211460774749,-0.21059166,-0.21059166,1.0501480240954209e-09
-0.1473654459516189,-0.23499073,-0.23499076,2.911830901397572e-08
-0.0987809004894445,-0.17969562,-0.17969556,-6.113285064279772e-08
-0.113287186575307,-0.19391333,-0.19391333,4.332618708247082e-09
-0.0697683283177195,-0.15051703,-0.15051703,-1.5504074135641588e-09
-0.0851956484407796,-0.14445688,-0.14445685,-2.8304481508589774e-08
-0.0402952391273958,-0.09564604,-0.09564604,1.3485336319840613e-09
-0.0647026411131326,-0.08224638,-0.08224641,3.1935844427288806e-08
-0.5503178372255769,-0.49483746,-0.49483746,-2.9020690850423136e-09
-0.4013405817088622,-0.35469753,-0.35469747,-5.550125120601379e-08
-0.4860757131310431,-0.44652617,-0.44652617,2.230834961203243e-10
-0.3377892331422265,-0.30176944,-0.30176938,-5.540573122519987e-08
-0.4292018613340901,-0.38872516,-0.38872516,-1.5524291852031524e-09
-0.2760799526499861,-0.24777193,-0.24777193,-3.6748123155572188e-09
-0.3668018053139515,-0.3406725,-0.34067255,5.701904298716087e-08
-0.2164429987414403,-0.18941776,-0.18941773,-3.4544486993137724e-08
-0.3090069194798009,-0.2879331,-0.28793317,5.880920411760471e-08
-0.161641473528182,-0.12841608,-0.12841602,-5.630252838950689e-08
-0.2555869453223391,-0.22211246,-0.22211246,-1.924552905929744e-09
-0.1052281387498279,-0.07119973,-0.07119976,2.996135711752501e-08
-0.2053905902950689,-0.15193371,-0.15193374,2.5252571117517775e-08
-0.0552620422318571,-0.011897519,-0.011897504,-1.5230842590613358e-08
-0.1581875958886909,-0.08371465,-0.08371456,-8.908123017015157e-08
-0.014276027576563,0.04040174,0.04040174,1.8622970596182675e-09
-0.4034129082925568,-0.30628824,-0.30628824,-2.3400879012314135e-09
-0.2332518699202968,-0.14145683,-0.1414568,-2.752132416405928e-08
-0.3559796553768795,-0.2569533,-0.25695324,-5.904556271696393e-08
-0.194107923339398,-0.120843515,-0.120843545,3.019992828035001e-08
-0.3159146747587831,-0.22825404,-0.22825415,1.148847579846013e-07
-0.1593388884351879,-0.105545,-0.105545,7.581710814719145e-10
-0.2756194356313873,-0.20183204,-0.20183216,1.1885562897773205e-07
-0.1174318397426963,-0.057010785,-0.057010785,2.5478363169240126e-10
-0.2314098018459016,-0.14249818,-0.14249818,-2.7019500525859996e-10
-0.0870377165151749,0.02293989,0.02293989,6.230926503925094e-10
-0.1945684403579969,-0.068717346,-0.068717316,-2.959535980173733e-08
-0.0552620422318571,0.07808781,0.07808778,2.670166016072173e-08
-0.1574968203607927,0.0074357837,0.0074357837,4.385833710096598e-11
-0.0207232658369464,0.12150595,0.12150595,3.37152480933689e-09
-0.121806751419385,0.037235156,0.037235156,-2.9836273035543925e-10
-0.3290394097888491,-0.15945719,-0.15945722,2.817508698571558e-08
-0.1881212020976135,-0.21075298,-0.21075304,6.107906341812352e-08
-0.434267548538677,-0.15394922,-0.15394919,-2.6008186326809124e-08
-0.1740754330303498,-0.22085337,-0.22085331,-6.340831756879162e-08
-0.4810100259264562,-0.14129655,-0.14129658,2.936847687262656e-08
-0.1614112150188826,-0.21176295,-0.21176295,1.756668144281548e-10
-0.5164698363585645,-0.113867894,-0.11386792,2.618495940909238e-08
-0.1462141534051219,-0.19498394,-0.19498391,-3.429683684275098e-08
-0.4690365834428871,-0.09561993,-0.0956199,-3.181705475474583e-08
-0.1294052822262653,-0.1693799,-0.16937996,5.5133781429184125e-08
-0.4096298880436407,-0.06444977,-0.06444974,-3.223873137891964e-08
-0.110984601482313,-0.1459455,-0.14594547,-3.4307746893391666e-08
-0.3414733692910169,-0.019459814,-0.019459799,-1.4833236694489216e-08
-0.0941757303034564,-0.12036054,-0.12036051,-2.8363456722191316e-08
-0.2364754890504885,-0.0010537207,-0.0010537207,-1.2661743181707763e-11
-0.0805904782547916,-0.09512465,-0.09512471,6.297870636107206e-08
-0.1176620982519957,0.007140219,0.007140219,2.1157836940788322e-10
-0.0628605730387374,-0.073840216,-0.073840246,3.0197807310283764e-08
-0.3516047437001908,-0.34609216,-0.34609216,-4.516448992575306e-09
-0.3009478716543218,-0.3176067,-0.3176067,1.2454223652369478e-08
-0.3387102671794241,-0.36688274,-0.36688274,-1.451263442753259e-09
-0.3172962258145795,-0.33121574,-0.33121574,7.498168752562151e-10
-0.3315722533911426,-0.3860116,-0.38601166,5.950561521306241e-08
-0.3304209608446455,-0.34909892,-0.34909892,-8.22143575440748e-10
-0.3292696682981485,-0.3900748,-0.3900748,1.0475921630170859e-08
-0.3396313012166218,-0.35840243,-0.35840243,-1.0111999571016383e-09
-0.3292696682981485,-0.3842076,-0.38420755,-5.631561278418573e-08
-0.3465390564956039,-0.33449787,-0.3344978,-6.901473997844576e-08
-0.34032207674452,-0.36906803,-0.36906803,3.457336417156398e-09
-0.3481508660606997,-0.335042,-0.335042,1.8310547522659704e-10
-0.3513744851908914,-0.37128526,-0.37128526,2.763366757640995e-10
-0.3490719000978974,-0.34545594,-0.34545577,-1.745381164597326e-07
-0.3679530978604485,-0.36214203,-0.36214197,-5.642440797926085e-08
-0.3456180224584063,-0.33341122,-0.33341122,3.2641601643845775e-09
-0.3882158466787961,-0.3667798,-0.36677974,-6.422973630737516e-08
-0.3384800086701247,-0.31678683,-0.31678677,-5.5656890873834186e-08
-0.5924551444273679,-0.61097175,-0.6109718,5.1171112014358755e-08
-0.6302175399524703,-0.6160444,-0.6160444,-2.1224975110811783e-09
-0.6025865188365418,-0.5797482,-0.5797483,8.67088317813014e-08
-0.5618307626905472,-0.59607154,-0.5960716,5.8690643345293836e-08
-0.5678174839323318,-0.54218525,-0.5421853,5.3055572490912084e-08
-0.5100225980981812,-0.552003,-0.552003,-2.600860593560128e-08
-0.47179968555448,-0.500052,-0.500052,2.4749755911379623e-08
-0.541798272381499,-0.50775194,-0.507752,5.8319091778002985e-08
-0.4264387592224973,-0.39494765,-0.39494765,1.9515991045437886e-09
-0.5067989789679895,-0.47749937,-0.47749943,6.419342041263931e-08
-0.3955841189763771,-0.3637936,-0.36379355,-6.152648923674064e-08
-0.4796284748706598,-0.4432121,-0.44321203,-6.192276003069708e-08
-0.3732490435743348,-0.3651771,-0.36517698,-1.1493637086523734e-07
-0.4510764197175336,-0.4161765,-0.4161765,2.063751225467314e-09
-0.3718674925185384,-0.31561625,-0.3156163,4.9961853043622995e-08
-0.4186099699063175,-0.38858682,-0.38858682,8.280944818750413e-10
-0.3467693150049033,-0.30543822,-0.30543822,-5.009460624094686e-10
-0.3912092072996884,-0.36239356,-0.36239362,6.197463991997054e-08
-0.5609097286533496,-0.44923025,-0.44923025,-3.6964416527673905e-09
-0.5436403404558943,-0.42806435,-0.4280644,5.368652344905911e-08
-0.5305156054258282,-0.4188429,-0.4188429,-1.1720275860938045e-08
-0.51048311511678,-0.39673418,-0.39673412,-5.806625363868889e-08
-0.4989701896518098,-0.3861363,-0.3861364,1.0658874510793837e-07
-0.4856151961124443,-0.36344415,-0.36344415,5.058288787829213e-10
-0.4738720121381746,-0.35650957,-0.35650963,6.369293215069405e-08
-0.4623590866732044,-0.34210867,-0.34210867,3.1031799352376765e-09
-0.4496948686617372,-0.3357219,-0.3357219,-9.999847394581707e-09
-0.4397937527618628,-0.32097566,-0.32097566,-1.2777710001188325e-09
-0.4209125549993116,-0.31468737,-0.3146873,-7.12539672820256e-08
-0.4169981603412217,-0.30168992,-0.30168998,5.719039919416247e-08
-0.3960446359949758,-0.2972005,-0.2972005,-9.65118429618883e-10
-0.3914394658089878,-0.2858395,-0.2858395,1.9569397213814455e-09
-0.3769331797231253,-0.28274447,-0.28274447,2.741546656359617e-09
-0.3096976950076991,-0.2785375,-0.2785375,-1.182556153001002e-08
-0.343775954384011,-0.23296548,-0.23296548,-4.261512753789276e-09
-0.3405523352538194,-0.23512734,-0.23512734,-4.727516184077629e-09
-0.3506837096629931,-0.24583627,-0.24583627,-2.8357315107196968e-09
-0.3504534511536938,-0.2491218,-0.2491218,-6.504058402967416e-11
-0.3486113830792985,-0.25978476,-0.25978476,1.909027103064176e-09
-0.3479206075514003,-0.26165766,-0.26165766,4.760894789512804e-09
-0.3490719000978974,-0.26971346,-0.26971346,-1.3990783531703244e-09
-0.3541375873024842,-0.27092046,-0.27092052,6.454421996870963e-08
-0.3495324171164961,-0.26494467,-0.26494467,-2.5845336981689115e-09
-0.3479206075514003,-0.26225513,-0.2622552,6.780166628139739e-08
-0.3488416415885979,-0.2495852,-0.2495852,3.6241531442549046e-09
-0.3474600905328015,-0.24554391,-0.24554397,5.79468917849546e-08
-0.3481508660606997,-0.24845101,-0.24845098,-2.9392738354339087e-08
-0.3469995735142027,-0.2508856,-0.25088555,-5.581207274119038e-08
1.3691170962942598,1.3552066,1.3552065,1.0877227785144328e-07
1.2532970661166591,1.1711206,1.1711205,1.4361572264753875e-07
1.70552477838069,1.6819863,1.6819863,3.193969733139568e-08
1.5466464069641006,1.4322515,1.4322515,-4.6600341807589984e-08
2.0965037271710787,2.1069543,2.1069543,3.61663818893021e-08
1.8994024432107883,1.7137545,1.7137545,3.47213744422703e-08
2.5616259159558763,2.4102874,2.4102874,-1.9781494220438844e-08
2.2970588887708603,1.969318,1.969318,3.226470957073957e-08
2.940170905244097,2.6694648,2.6694653,-4.734161378472379e-07
2.59892779446238,2.2284575,2.2284575,-4.9133300983328354e-08
2.951223313690469,2.769473,2.7694736,-5.241333007610649e-07
2.6479728569431527,2.2995512,2.2995515,-2.514495851535514e-07
2.648663632471051,2.4827328,2.4827323,4.728271485454627e-07
2.3274530119983816,2.1162946,2.1162946,2.242126484475193e-08
2.2095606552370866,2.106748,2.106748,1.0409545891931771e-07
1.853350741350908,1.8560941,1.8560941,2.193298342945127e-08
1.7013801252133005,1.6682731,1.6682731,-8.683776808737775e-09
1.3698078718221578,1.4841138,1.4841138,1.2446594199744254e-08
-0.6120271177178174,-0.5954563,-0.59545636,5.78340149104406e-08
-0.5162395778492651,-0.5093125,-0.5093125,-1.0490417534647634e-08
-0.4206822964900122,-0.41848123,-0.4184813,6.926422119191145e-08
-0.3253552736400587,-0.33200407,-0.33200413,5.971801758652973e-08
-0.2309492848273028,-0.24661495,-0.24661495,2.084922789968857e-09
-0.1381551055796427,-0.15725364,-0.15725361,-2.7909889233068697e-08
-0.0474332529156773,-0.052982405,-0.052982405,1.7192840900959183e-10
0.0405254976366952,0.057347402,0.057347402,-2.3414610528238455e-11
0.125260629058876,0.20137444,0.20137444,1.3852691771454317e-09
0.2063116243322665,0.35947636,0.35947636,-2.301559443029788e-09
-0.4197612624528145,-0.41005963,-0.4100595,-1.3087081907059428e-07
-0.4992004481611091,-0.47942567,-0.47942567,1.2835693619095423e-09
-0.3202895864354718,-0.28495914,-0.2849592,6.256027224038618e-08
-0.4066365274227485,-0.36909783,-0.36909795,1.2113494873844388e-07
-0.2164429987414403,-0.17494468,-0.17494468,-3.90941620742602e-09
-0.3159146747587831,-0.26457214,-0.26457214,-3.5546874888048308e-09
-0.1084517578800195,-0.081233844,-0.081233874,2.983896636721273e-08
-0.212298345574051,-0.16173942,-0.16173945,2.612895966258577e-08
0.0025328436022934,0.006324202,0.006324172,2.982228088348887e-08
-0.11213589402881,-0.06410815,-0.06410818,3.178279876780987e-08
0.1181226152705945,0.11808107,0.11808107,4.827308691668364e-10
-0.0078287893161797,0.02881983,0.028819859,-2.9774459838621814e-08
0.2385478156341831,0.22844167,0.22844167,5.369949207523206e-10
0.1040768462033308,0.12233851,0.122338526,-1.495025253595017e-08
0.3601243085442688,0.31678668,0.31678668,-3.3547210565032515e-09
0.2224297199832248,0.22482805,0.22482805,-4.594802871515924e-10
0.482621835491552,0.44376594,0.4437659,3.828201294853173e-08
0.3456180224584063,0.33280313,0.33280313,1.4984130602968548e-10
-0.0105918914277726,-0.073585704,-0.073585674,-2.9969001766327885e-08
-0.1708518139001582,-0.11701934,-0.11701931,-3.0395927427817604e-08
0.0676960017340249,-0.034941345,-0.034941375,2.95467376676406e-08
-0.1397669151447385,-0.08086996,-0.08086996,2.1953201340130235e-09
0.1277934726611695,-0.0067730397,-0.0067730397,1.3992305578081066e-12
-0.1093727919172171,-0.042407766,-0.042407766,1.546478223257708e-11
0.1749964670675474,0.05565545,0.05565545,-3.711700460873324e-10
-0.0748340155223065,0.019504145,0.019504145,-2.1221160939610684e-10
0.2344031624667938,0.12210966,0.12210966,-9.8386764013636e-10
-0.0002302585092994,0.09760165,0.09760164,1.2145385738793202e-08
0.3071648514054057,0.18113086,0.18113086,-3.724441532959588e-09
0.0674657432247255,0.16747263,0.16747263,7.392120249249956e-10
0.3845317105300057,0.24560362,0.24560362,1.0060119681742918e-09
0.1568060448328945,0.22782297,0.22782296,1.4324226388362504e-08
0.463280120710402,0.33593792,0.33593792,-2.767486573240774e-09
0.2321005773737998,0.29851282,0.29851285,-3.357086181265956e-08
0.5033451013284984,0.4535002,0.4535002,1.1238861064022387e-08
0.3684136148790473,0.37865853,0.37865853,3.096313483386126e-09
0.7902472039155566,0.80312955,0.8031295,5.379486078815887e-08
1.4481182635118075,1.2015607,1.2015607,3.5702514722402157e-08
0.5857776476576854,0.61601484,0.61601484,-1.7813109876030353e-09
0.4098601465529402,0.436512,0.436512,-6.591796886112888e-09
1.3525824466343543,0.8976285,0.8976285,-1.3843536428304049e-08
0.2484489315340575,0.19614576,0.19614576,-1.9672012352422996e-09
1.2488983676789285,0.5851756,0.5851756,-2.6174163836323316e-08
0.0778273761431987,-0.009758785,-0.009758815,2.963298797661884e-08
1.11648495020274,0.39522967,0.39522967,-2.574844337743798e-09
-0.1195041663263909,-0.19344713,-0.19344713,2.0617294260727448e-09
0.9679339650259936,0.21545275,0.21545275,-4.443168638568196e-09
-0.3248947566214599,-0.34929693,-0.349297,7.254791262178983e-08
0.7686720056461913,-0.00034539402,-0.00034539402,4.687805157076175e-12
-0.5169303533771633,-0.47041547,-0.47041547,-2.9843139626173354e-09
0.5511226805305276,-0.16699935,-0.16699935,-4.95853424986592e-09
0.1479026299234954,-0.31008822,-0.31008834,1.2274154664870807e-07
-0.674887690756555,-0.59034324,-0.59034324,3.0767822734034667e-09
-0.1442168507604089,-0.41157395,-0.41157395,3.524017355704956e-09
1.455233778772237,1.4320439,1.4320439,1.0026550256725386e-08
1.2136926025171615,1.213148,1.213148,-2.143859756387201e-09
0.965243670983104,0.98738754,0.98738754,-2.043762159509299e-09
0.7082751746049685,0.68897885,0.68897885,8.415221852686727e-10
0.4450896984757491,0.45007622,0.45007622,2.4197387427093986e-09
0.1980223179974879,0.12704429,0.12704429,3.0418395580156243e-10
-0.0280915381345273,-0.13450523,-0.13450523,2.7918624911915657e-09
-0.2548961697944409,-0.3006506,-0.3006506,3.381347646325139e-09
-0.3548283628303824,-0.3370179,-0.3370179,6.208801250906504e-09
-0.4625893451825038,-0.46382022,-0.46382016,-5.9039917010839105e-08
-0.4897598492798335,-0.42227554,-0.42227554,-3.2128906202189e-09
-0.3974969384589874,-0.27969038,-0.27969033,-5.4864807141896677e-08
-0.5203842310166544,-0.45276558,-0.45276558,-3.992004393715831e-09
-0.4246479275249383,-0.31383085,-0.31383085,-2.5085449273376526e-09
-0.5493968031883794,-0.47453803,-0.4745381,7.175979616080852e-08
-0.4385049621863645,-0.3274619,-0.3274619,1.6731261931468566e-09
-0.5687385179695293,-0.49611217,-0.49611223,6.216476439169227e-08
-0.4572848568379608,-0.35345876,-0.3534587,-6.21688842628032e-08
-0.5871591987134818,-0.5134854,-0.5134853,-7.206649776936302e-08
-0.4732087601946839,-0.3767677,-0.37676775,5.504989625260137e-08
-0.4812668215244463,-0.39041173,-0.39041173,-4.58099363997988e-09
-0.6058101379667334,-0.5294014,-0.52940136,-6.154693599214056e-08
-0.6203164240525959,-0.5469183,-0.5469183,2.7027893034770045e-08
-0.49758039701597,-0.41959924,-0.4195993,6.494216919783469e-08
-0.5025268209512956,-0.44231403,-0.44231397,-5.8739929198470264e-08
-0.6295267644245721,-0.56609046,-0.5660905,3.5408020071514557e-08
-0.5041810810473222,-0.47082347,-0.47082347,3.2221985080127524e-09
-0.6306780569710692,-0.5831402,-0.5831402,5.583953854859658e-09
-0.4239059156202038,-0.4043466,-0.4043466,1.4726257324682024e-08
-0.4453199569850484,-0.42703706,-0.42703712,5.973922728719216e-08
-0.4678852908963901,-0.45002455,-0.45002455,4.807281517305029e-09
-0.5516993882813734,-0.54000086,-0.540001,1.4407730097865112e-07
-0.4867664886589413,-0.47144806,-0.47144812,5.6149597194021794e-08
-0.5710411030625234,-0.55833364,-0.5583336,-3.533020020984878e-08
-0.5086410470423848,-0.48994428,-0.48994422,-5.919387818797972e-08
-0.5917643688994698,-0.5775987,-0.5775987,9.013366719656801e-09
-0.5330484490281217,-0.50884634,-0.50884634,-2.563629197815942e-09
-0.6138691857922126,-0.59549457,-0.5954945,-6.834793087051594e-08
-0.5551532659208644,-0.52879703,-0.528797,-3.0448913612701745e-08
-0.6385068462872489,-0.60988176,-0.6098818,4.1310119658355404e-08
-0.2270348901692129,-0.2630092,-0.2630092,9.440612791511427e-09
-0.2325610943923986,-0.2637691,-0.26376915,5.982437134566254e-08
-0.2364754890504885,-0.29019016,-0.29019016,-2.7450564044073644e-10
-0.2650275442036147,-0.30511016,-0.30511022,6.346389769262828e-08
-0.2786127962522795,-0.3289464,-0.32894635,-6.160964965973292e-08
-0.2963427014683337,-0.3353473,-0.3353473,5.192565932787829e-09
-0.3120002801006932,-0.35777247,-0.35777247,4.794311614375601e-10
-0.3308814778632444,-0.36979252,-0.36979252,-9.999084338296882e-10
-0.3516047437001908,-0.37214202,-0.37214202,3.112335222876794e-09
-0.3693346489162449,-0.38698733,-0.38698733,1.4706421080923349e-09
-0.3760121456859277,-0.3840469,-0.3840469,-1.2193298315477108e-08
-0.4117022146273353,-0.4122603,-0.4122603,6.039428734894159e-09
-0.449004093133839,-0.46855623,-0.46855623,4.700164812909691e-09
-0.45245797077333,-0.469742,-0.469742,-1.0299683328440778e-10
-0.496897863068115,-0.5231127,-0.5231127,-1.4290618910450803e-08
-0.4936742439379235,-0.52855974,-0.52855986,1.1564193724833416e-07
-0.5337392245560199,-0.54639846,-0.54639846,-8.650207217186789e-10
-0.5461731840581877,-0.5663582,-0.5663582,-8.656311001331574e-09
-0.4971281215774145,-0.49733287,-0.4973328,-7.096023557640052e-08
-0.5701200690253257,-0.63812834,-0.6381284,5.975570682714704e-08
-0.5339694830653192,-0.52823865,-0.52823865,-4.1366576830625945e-09
-0.6076522060411288,-0.6734373,-0.6734373,2.6557922527814526e-09
-0.5549230074115651,-0.53621775,-0.53621775,8.81195116875233e-10
-0.6281452133687757,-0.6942306,-0.69423074,1.2390731807254696e-07
-0.5636728307649425,-0.5486956,-0.5486957,7.612533570178215e-08
-0.6382765877779495,-0.70634955,-0.70634955,-1.677703864721991e-09
-0.5666661913858347,-0.56551594,-0.5655159,-3.5420990029955135e-08
-0.6433422749825364,-0.71614295,-0.71614283,-1.2244216918144701e-07
-0.562291279709146,-0.57356095,-0.573561,4.685974119844616e-08
-0.6385068462872489,-0.72114193,-0.72114193,-4.394836383703193e-09
-0.5498573202069782,-0.5729699,-0.5729699,-1.3482665983666209e-08
-0.632289866536165,-0.7024205,-0.7024205,2.6901245120392048e-08
-0.5312063809537264,-0.5491351,-0.54913515,6.107940675459389e-08
-0.6177835804503025,-0.6884832,-0.6884832,2.138442989352285e-08
-0.5042661353656961,-0.51909935,-0.51909935,-4.74395756011603e-09
-0.6002839337435477,-0.6491648,-0.6491648,4.1244506698845385e-09
-0.595909022066859,-0.5818154,-0.5818154,-2.15812683279637e-08
-0.7169098687036961,-0.702933,-0.7029329,-1.1343917849515606e-07
-0.5885407497692782,-0.54065275,-0.54065275,-1.922607406612542e-09
-0.7075843990770703,-0.63949054,-0.63949054,-4.795989938521927e-09
-0.5825540285274936,-0.5026391,-0.5026391,-1.4856719965372633e-08
-0.7024035826178336,-0.6376133,-0.63761324,-5.65087890924687e-08
-0.5749554977206133,-0.51253,-0.51253,-2.8820037800691978e-08
-0.7032094874003816,-0.65496725,-0.6549672,-4.84397888467214e-08
-0.569659552006727,-0.5408461,-0.54084617,6.060974122590324e-08
-0.7063179772759236,-0.67933345,-0.67933345,1.589965825665729e-09
-0.5733436881555174,-0.5584855,-0.55848557,6.203491209610945e-08
-0.7097718549154146,-0.710903,-0.71090287,-1.1891067508429387e-07
-0.5788698923787031,-0.5735598,-0.5735598,-2.0652008103638764e-08
-0.7143770251014028,-0.72120315,-0.72120297,-1.783650207531906e-07
-0.5862381646762841,-0.58221734,-0.58221734,4.299011258090957e-09
-0.7090810793875164,-0.7122161,-0.7122162,1.2076492306167808e-07
-0.5871591987134818,-0.573153,-0.573153,-1.8951415992063403e-08
-0.6953806980842019,-0.67734015,-0.67734015,1.205444633001207e-10
-0.6435725334918359,-0.61248106,-0.6124811,4.235610961966785e-08
-0.6866308747308245,-0.61327106,-0.61327094,-1.17605743366056e-07
-0.6382765877779495,-0.5810491,-0.581049,-8.466339107560117e-08
-0.6804138949797405,-0.59596175,-0.5959618,5.044631956607759e-08
-0.6329806420640631,-0.56882316,-0.56882316,1.2590026798875442e-09
-0.6735061397007583,-0.58235174,-0.5823517,-4.417495724773346e-08
-0.6283754718780751,-0.57024914,-0.5702492,5.97373962518688e-08
-0.6659076088938781,-0.5808667,-0.5808667,5.5496215400907545e-09
-0.6573880440498,-0.57124364,-0.57124364,-3.760681099862495e-09
-0.6230795261641888,-0.5733397,-0.57333964,-6.069885249981866e-08
-0.6474869281499257,-0.5547972,-0.5547971,-7.254638667575364e-08
-0.6626839897636864,-0.5578165,-0.5578165,-5.432128857840723e-09
-0.6352832271570572,-0.56160367,-0.56160367,4.648132323481491e-09
-0.6580788195776983,-0.56455785,-0.56455785,-3.608703336155372e-10
-0.621467716599093,-0.5671982,-0.5671982,-1.6915130629513442e-08
-0.6486382206964227,-0.5707138,-0.57071376,-5.807327274620633e-08
-0.6053496209481347,-0.58730626,-0.5873062,-6.10626220698407e-08
-0.6315990910082667,-0.59188086,-0.59188086,2.0555114277343023e-09
1.0071507196755958,1.0199183,1.0199183,2.256317133131347e-08
1.05182087047968,1.0175047,1.0175047,-7.92236320990014e-09
1.2855332574185758,1.1799375,1.1799374,8.18801879631792e-08
1.2526062905887612,1.1755054,1.1755053,9.970397951697407e-08
1.5201666783946692,1.3982147,1.3982147,-2.1621704426877386e-09
1.4886212626206503,1.3915895,1.3915893,2.2236175545309322e-07
1.759175011047451,1.6207336,1.6207336,1.873626698234432e-08
1.760326303593948,1.6139487,1.6139488,-9.71878051370112e-08
1.982295506558574,1.8229707,1.8229709,-1.520523071896207e-07
2.020288160592976,1.8187207,1.8187208,-1.016433714973175e-07
2.2774869154804107,2.068747,2.068747,4.360961902705185e-08
2.182159892630457,2.062351,2.062351,-1.1611938521838283e-08
2.316170345042711,2.1262226,2.1262226,1.0473632627849838e-08
2.1851532532513493,2.118626,2.1186259,2.1770629876627368e-07
2.158673524681918,2.0020454,2.0020454,-7.009887781350699e-09
2.032722120095144,1.9969231,1.996923,8.90274047815609e-08
1.899172184701489,1.8030541,1.8030542,-1.0568542485600574e-07
1.814667311788608,1.7964969,1.7964971,-2.3186645514705617e-07
0.3677228393511491,0.50395584,0.50395584,1.0644530812342623e-09
0.6000536752342484,0.7674111,0.7674111,1.2785339342791247e-08
0.6458751185848299,0.89383566,0.89383566,3.7954711595844515e-09
0.6111060836806198,0.83322066,0.83322066,6.864929735783676e-10
0.5024240672913008,0.60579383,0.60579383,3.732605002859657e-09
-0.0921034037197618,0.46148908,0.46148908,1.382751468881338e-09
0.3746305946301313,0.380718,0.380718,-7.217407227422257e-09
0.2456858294224647,0.17645377,0.17645377,-7.929992773547667e-10
0.0999321930359416,-0.008550376,-0.008550376,3.000030519145769e-10
-0.0681565187526237,-0.1524878,-0.15248783,3.047473906558906e-08
-0.444725822061467,-0.4538837,-0.4538837,-7.52334594622539e-09
-0.5791001508880026,-0.5320109,-0.532011,8.710479737494836e-08
-0.5335089660467204,-0.43040776,-0.43040776,-2.5274658477236756e-09
-0.2561834053924099,-0.24086489,-0.24086489,2.1664047222813565e-09
-0.412623248664533,-0.26068246,-0.26068246,-3.6459350538642354e-09
-0.3562099138861789,-0.25316983,-0.25316978,-5.4613800037905946e-08
-0.3453877639491068,-0.25543678,-0.25543678,1.9314574939421902e-09
-0.2459005384368259,-0.21452422,-0.21452416,-6.440052033318544e-08
-0.4027221327646586,-0.25679892,-0.25679898,5.698440552759365e-08
-0.2433462586317291,-0.19853427,-0.1985342,-6.516056061389719e-08
-0.3744003361208318,-0.26964146,-0.26964146,1.011810302209426e-09
-0.3889066222066943,-0.30837435,-0.30837435,4.6974182321690705e-09
-0.2744368457017603,-0.24978797,-0.24978797,-1.377372743638361e-09
-0.4034129082925568,-0.34452152,-0.34452158,5.7478027337687365e-08
-0.4096298880436407,-0.35782552,-0.35782546,-5.7654418961217146e-08
1.5837180269613047,1.5647074,1.5647073,9.841461179327382e-08
1.4619112755419197,1.4496282,1.4496282,3.39096069001954e-08
1.3573739123199902,1.3159992,1.3159992,-4.9723815953583994e-08
1.2579022363026473,1.1793965,1.1793965,1.012420658419444e-08
1.1618844379247957,1.0638912,1.0638912,-2.759094241966409e-08
1.076228272465417,0.98228735,0.98228735,-2.6832580601876543e-09
1.0216570057614582,0.9470393,0.94703937,-6.383621220518165e-08
0.985736678310751,0.9462643,0.94626427,5.657241819445602e-08
0.9788289230317688,0.99788165,0.9978817,-4.9075317365421256e-08
1.0446828566913986,1.0114555,1.0114555,3.588867181214539e-08
1.7757536237170082,1.7902851,1.790285,1.1047363290828116e-07
1.6410523957768566,1.6877975,1.6877974,1.4638671874678266e-07
1.5201666783946692,1.5660229,1.566023,-1.2707519525534394e-07
1.408491301384458,1.4058919,1.4058918,9.52941894283299e-08
1.292671271206857,1.2703215,1.2703215,-1.1619567974463507e-08
1.1812261527059456,1.1638622,1.1638622,2.8393554618588723e-08
1.096721279793064,1.0683995,1.0683995,4.853057866682775e-08
1.0343212237729251,1.036413,1.0364131,-1.4566955575112672e-07
1.0117558898615835,1.0402713,1.0402713,-1.7803954976969294e-08
1.0456038907285965,1.016512,1.016512,3.632354728111409e-08
0.2330216114109974,-0.089334324,-0.089334324,-2.265923559896521e-12
0.7930103060271494,0.6564923,0.65649223,6.288101195295326e-08
0.9185011935953248,1.1267545,1.1267544,1.22323608353625e-07
0.912284213844241,1.3153986,1.3153988,-2.261245728440997e-07
0.8717587162075457,1.3577086,1.3577086,-2.6658630414289064e-08
0.8379107153405333,1.3487842,1.3487842,8.297729392481301e-09
0.8351476132289405,1.2879076,1.2879075,1.0040283204837408e-07
0.8577129471402821,1.1906325,1.1906325,-3.74984741036144e-08
0.8973174107397797,1.0549874,1.0549874,3.0572509857051955e-08
0.9353100647741814,0.8930125,0.8930125,2.365112306002004e-08
-1.0002429643966135,-0.9845765,-0.9845764,-1.2330398557747202e-07
-0.838371232359132,-0.81761307,-0.8176132,1.3475723270595097e-07
-0.9546517795553316,-0.9414999,-0.9414999,1.1103057806494121e-08
-0.7893261698783589,-0.78171307,-0.78171307,1.5147400000969924e-09
-0.912284213844241,-0.8997223,-0.8997223,2.1881866429929175e-08
-0.7386692978324899,-0.7376687,-0.7376687,6.93435664445019e-09
-0.8657719949657613,-0.8554782,-0.85547835,1.228614807669004e-07
-0.6843282896378304,-0.6923981,-0.6923981,2.8710937516329693e-08
-0.8174177080128863,-0.8098219,-0.80982167,-2.3370559687485581e-07
-0.629987281443171,-0.64670765,-0.64670753,-1.2399932858286888e-07
-0.7642279923647237,-0.76271206,-0.7627122,1.3859481806655083e-07
-0.5703503275346252,-0.6035154,-0.60351527,-1.1658142085035905e-07
-0.7082751746049685,-0.6983548,-0.6983549,1.1932601928776876e-07
-0.5017332917634026,-0.5479241,-0.54792416,5.864730834304055e-08
-0.6454146015662311,-0.6344254,-0.63442546,5.831237792630617e-08
-0.4333465145014794,-0.47870845,-0.4787084,-4.602584841029156e-08
-0.5825540285274936,-0.56242007,-0.5624201,2.982864377720773e-08
1.4439511118165662,1.4182969,1.4182968,1.3317413327662564e-07
1.5524028696965857,1.2225988,1.2225988,-8.877563573150837e-09
1.2072453642567782,1.2122059,1.2122059,-1.3159179745869665e-08
1.053432680044776,0.9994242,0.9994243,-8.086853031663566e-08
0.9723816847713856,0.9931476,0.9931476,1.161804197291616e-08
0.8390620078870303,0.754718,0.754718,5.657196044950297e-09
0.7428139509998792,0.7551275,0.7551275,-1.043319697302536e-08
0.6111060836806198,0.5375581,0.53755814,-6.123413087699703e-08
0.5208447480352532,0.5229837,0.5229837,-2.9765319875529883e-08
0.3962748945042753,0.36680347,0.36680347,-2.7262878621314712e-09
0.3115397630820944,0.32784808,0.32784808,-3.1796264510219885e-09
0.1858186170046195,0.1979416,0.1979416,1.2763977097485224e-09
0.114438479121804,0.11724347,0.11724348,-1.1238555905346281e-08
-0.0135852520486648,0.020630047,0.020630047,-2.747268662561808e-10
-0.0755247910502047,-0.052427217,-0.052427217,-3.6431122008018235e-10
-0.1996341275625837,-0.17155631,-0.17155631,1.1344528094703321e-09
-0.2793035717801778,-0.20144935,-0.20144932,-2.952259064992191e-08
-0.2496002240805545,-0.33266908,-0.33266908,6.962585508141217e-10
-0.6541644249196085,-0.62869847,-0.6286984,-6.820831299769736e-08
-0.6118373210163988,-0.5659007,-0.5659007,1.6596984897532252e-08
-0.6587695951055966,-0.6168089,-0.6168089,8.703613274541055e-09
-0.660151146161393,-0.6063907,-0.6063907,-1.4645385792988463e-08
-0.6048404077878393,-0.5687391,-0.56873906,-5.619186405070309e-08
-0.6493289962243208,-0.6013067,-0.6013068,1.231353760067222e-07
-0.5844833666522243,-0.56613374,-0.56613374,2.4359131378659526e-09
-0.6329806420640631,-0.59794325,-0.59794325,3.635406531365959e-09
-0.6104153081527216,-0.5874981,-0.5874981,-2.8414154029654526e-08
-0.5482237572271389,-0.5474633,-0.5474633,2.1560668805875594e-09
-0.5864684231855835,-0.57859796,-0.57859796,-2.856292757869028e-09
-0.551469129772074,-0.5569843,-0.5569843,-5.381774914603454e-09
-0.4697712277410573,-0.45914346,-0.45914346,2.0309448567346067e-10
-0.5065687204586901,-0.4961639,-0.4961639,-4.666900643712779e-09
-0.4738720121381746,-0.44418234,-0.4441824,6.366958615888763e-08
-0.3414733692910169,-0.299258,-0.29925805,5.630187988048263e-08
-0.4821613184729532,-0.4470002,-0.44700027,6.448318479179704e-08
-0.3463087979863045,-0.30740023,-0.30740023,3.4069824184079778e-09
-0.483773128038049,-0.45145392,-0.45145392,-4.179077139898624e-09
-0.3486113830792985,-0.31091446,-0.31091446,3.1556701696189293e-09
-0.4835428695287496,-0.45470214,-0.45470214,1.0992431409562187e-09
-0.3467693150049033,-0.31408584,-0.31408596,1.188211059544031e-07
-0.4821613184729532,-0.46146566,-0.46146572,6.324264528734247e-08
-0.3428549203468134,-0.32443595,-0.32443595,6.744384495327438e-10
-0.4784771823241627,-0.470569,-0.47056907,5.5450744607110636e-08
-0.3370984576143283,-0.336277,-0.336277,-8.056640632414513e-09
-0.4745627876660728,-0.47603822,-0.47603822,2.455444347848612e-09
-0.3304209608446455,-0.34839392,-0.34839392,2.9162597892096187e-09
-0.4692668419521866,-0.45871478,-0.4587149,1.1680831907279199e-07
-0.3223619130191664,-0.35229236,-0.35229236,1.1247253683954739e-09
-0.4607472771081086,-0.43291157,-0.43291157,-4.840545630990789e-09
-0.5507783542441758,-0.54911107,-0.54911107,1.7512512551220993e-09
-0.6074219475318292,-0.60435575,-0.60435575,-2.4681091614908723e-09
-0.5404167213257025,-0.53650194,-0.5365019,-4.406509401810865e-08
-0.5846263551111883,-0.57385606,-0.573856,-5.573654171531217e-08
-0.5254499182212412,-0.5051061,-0.5051062,1.0850067133638674e-07
-0.5620610211998466,-0.53795284,-0.53795284,-3.282165650375646e-10
-0.5051871694028937,-0.4534889,-0.45348895,6.364364624200647e-08
-0.537193102195511,-0.50420636,-0.50420636,6.135558727748958e-10
-0.480319250398558,-0.41611767,-0.41611767,1.8481445263063279e-09
-0.5125554417004746,-0.47076017,-0.4707601,-6.664505003417531e-08
-0.4526882292826294,-0.38555807,-0.38555807,1.247711156615594e-09
-0.4858454546217436,-0.44442058,-0.44442058,3.904418954814304e-09
-0.4190704869249163,-0.35336334,-0.35336334,4.867401148800354e-09
-0.4586749505244139,-0.4283275,-0.42832756,5.917984008396715e-08
-0.382459383946311,-0.33499056,-0.33499062,5.899154664756878e-08
-0.4315044464270842,-0.40800053,-0.40800053,1.1875915251202684e-09
-0.34032207674452,-0.31919563,-0.3191957,7.183380129616168e-08
-0.4034129082925568,-0.38155878,-0.38155872,-5.590179441572474e-08
-0.4121627316459342,-0.39248294,-0.39248288,-5.638229372273429e-08
-0.3557493968675801,-0.33994663,-0.3399467,7.238311766633032e-08
-0.4096298880436407,-0.3671052,-0.36710513,-5.5985565183824804e-08
-0.3596637915256699,-0.3136018,-0.3136018,8.141326890420686e-09
-0.4075575614599461,-0.35944265,-0.35944265,-1.2718200936845392e-09
-0.3589730159977717,-0.30552918,-0.30552924,6.281112668871103e-08
-0.4047944593483533,-0.40304738,-0.40304738,-2.831573475692295e-09
-0.3539073287931848,-0.30931544,-0.30931544,-3.0389404326314207e-09
-0.401801098727461,-0.39856243,-0.39856243,-1.3354491956718562e-09
-0.3458482809677057,-0.3033914,-0.3033914,3.0006408469063217e-09
-0.3969656700321735,-0.3678959,-0.36789596,5.879684450427192e-08
-0.3352563895399331,-0.2988736,-0.29887354,-6.33439636299471e-08
-0.3912092072996884,-0.36036915,-0.3603692,5.41297912604044e-08
-0.3207501034540706,-0.28589708,-0.28589714,6.38700866639752e-08
-0.384761969039305,-0.36488992,-0.36488992,2.421569611499308e-10
-0.3025596812194176,-0.2818045,-0.2818045,-2.010345445668804e-09
-0.3767029212138259,-0.36850303,-0.36850303,-4.114837637292368e-09
1.270796712823414,1.297414,1.2974141,-1.54801940821514e-07
1.158660818794604,1.1603659,1.1603659,3.9140319874064744e-08
0.9730724602992836,1.0005509,1.0005509,-3.387298574963893e-08
0.8602457907425756,0.88178647,0.8817864,6.56448364555473e-08
0.6882426842959203,0.6976835,0.6976835,1.3164520251685019e-08
0.5652846403300382,0.56691915,0.56691915,-2.031707801997129e-09
0.4460107325129467,0.44502193,0.445022,-7.264328000244902e-08
0.2698629728989021,0.2948271,0.2948271,3.6148071203001564e-09
0.1538126842120022,0.23560454,0.23560455,-1.0486412044263815e-08
-0.014276027576563,-0.010182738,-0.0101827085,-2.980413818347294e-08
-0.1017742611103368,-0.0441252,-0.04412517,-2.9317932130623614e-08
-0.2740076260662915,-0.28485072,-0.28485078,6.340911867797061e-08
-0.3126910556285914,-0.29759848,-0.29759848,-1.1782836928375673e-09
-0.5116344076632771,-0.5052661,-0.505266,-7.036590576880997e-08
-0.5148580267934686,-0.5480637,-0.54806376,6.456924439568468e-08
-0.7285379234233161,-0.6905406,-0.6905406,-1.1743927053053937e-08
-0.7313010255349089,-0.7609642,-0.76096433,1.1519821163652466e-07
-0.971460650734188,-0.9483203,-0.9483203,-2.918930053219526e-08
-0.8022206463991256,-0.7599784,-0.7599783,-1.1358184814902472e-07
-0.8547195865193897,-0.79837435,-0.79837424,-1.1483932493838722e-07
-0.9053764585652588,-0.846765,-0.84676486,-1.2174667363140657e-07
-0.9516584189344393,-0.8826192,-0.8826192,-2.1369933600468016e-09
-0.7400508488882864,-0.77814114,-0.7781411,-4.093780514580203e-08
-0.9811315081247628,-0.91394013,-0.91394013,-1.6642761613283596e-09
-0.7812671220528797,-0.8042869,-0.8042869,2.817535427190876e-09
-1.0034665835268053,-0.9472367,-0.9472366,-1.1674728395139056e-07
-1.0331699312264284,-0.9920761,-0.9920761,1.0810852213438693e-09
-1.0527419045168778,-1.0285851,-1.0285852,1.2366790769213765e-07
-1.055274748119171,-1.0457014,-1.0457014,1.5455627444538322e-08
-0.4846941620752466,-0.43604296,-0.43604302,5.554153442721699e-08
-0.4652311202853743,-0.4368204,-0.4368205,1.1215972900435744e-07
-0.5222262990910496,-0.4935633,-0.49356312,-1.7441070554458094e-07
-0.5135566339818713,-0.49217767,-0.4921776,-6.52336120676722e-08
-0.5738042051741162,-0.54674,-0.54674,4.5204162635315015e-09
-0.563936555687824,-0.54533887,-0.54533887,9.051513982782922e-10
-0.613983899468634,-0.5996132,-0.5996132,1.0302734332334751e-08
-0.6182440974689014,-0.6022696,-0.6022696,1.0099029501553503e-08
-0.6677496769682733,-0.6649368,-0.6649369,1.190704346232252e-07
-0.6669877727081943,-0.66406345,-0.66406345,-3.6743164066876943e-09
-0.6937380336792761,-0.69427073,-0.69427073,-1.8615775587704775e-11
-0.7220906851629327,-0.7231032,-0.7231032,-2.523117070829528e-08
-0.7750501423017959,-0.7788306,-0.77883047,-1.178639220666966e-07
-0.7737694527985837,-0.77781695,-0.7778169,-5.1274871792905685e-08
-0.8271110433719342,-0.8291803,-0.8291803,-2.3574830976258454e-10
-0.8395225249056291,-0.8316639,-0.8316638,-1.0657424931448389e-07
-0.8836170751530233,-0.8724919,-0.8724919,3.847503649012651e-09
-0.896396376702582,-0.8745803,-0.8745803,-2.3696136497441955e-08
-0.6253821112571829,-0.60765535,-0.60765535,3.6064148334347124e-09
-0.6021260018179431,-0.5908551,-0.59085506,-6.161254884062828e-08
-0.6258426282757816,-0.63373977,-0.63373977,5.412292836126653e-10
-0.6665983844217762,-0.7006864,-0.7006865,1.0483169554653671e-07
-0.7174855149769447,-0.7858516,-0.7858516,2.2140502764500525e-09
-0.7727475572088018,-0.8209906,-0.8209906,-2.20436096043386e-08
-0.8257070143476648,-0.8675131,-0.8675131,-2.0174407922013415e-08
-0.87014690664245,-0.89304894,-0.8930487,-2.420890807819376e-07
-0.8998502543420731,-0.8846167,-0.88461655,-1.2299270635285353e-07
-0.9074487851489536,-0.89195687,-0.891957,1.3421249389633516e-07
-0.9329449669625182,-0.89092916,-0.89092916,-2.50228882059389e-09
-0.9346699751621578,-0.8929637,-0.8929637,-7.447051975084662e-09
-0.9377540855132608,-0.9000699,-0.9000699,7.59353635526594e-09
-0.9375218070664212,-0.9014508,-0.90145093,1.1718338011057483e-07
-0.9366576491019551,-0.90507144,-0.90507156,1.2264114379600954e-07
-0.93728840815701,-0.9065154,-0.9065154,-1.9483184843238632e-08
-0.9382423324101918,-0.9085365,-0.9085364,-9.377822873801733e-08
2.1043325164872586,2.0827906,2.0827906,1.3174438429075508e-08
2.079464597482923,2.0647795,2.0647795,2.0034789827150234e-08
1.5068116848553037,1.4900639,1.4900639,5.715942386075312e-09
2.0550571954971857,2.0467699,2.0467696,2.5740661602213777e-07
1.486548936036956,1.4751868,1.475187,-1.7520141604165929e-07
2.0292682424556525,2.0287192,2.0287192,-1.3217162919687553e-08
1.463292826597716,1.4567522,1.4567522,-1.894683832048827e-08
2.00324903090482,2.0099883,2.0099883,7.952881020401037e-09
1.438885424611979,1.4367085,1.4367085,-4.968261713145239e-08
1.9790718874283824,1.9904494,1.9904495,-7.144165037331618e-08
1.4167806077192364,1.4164854,1.4164853,1.288101196816882e-07
1.949829056747358,1.9714879,1.9714879,-2.0246887277863834e-08
1.3951363078450925,1.3947729,1.3947729,-1.27700805485631e-08
1.923809845196525,1.952545,1.952545,4.68063354741588e-08
1.37280123244305,1.3699647,1.3699647,1.881866462660753e-08
1.898020892154992,1.9336023,1.9336023,3.306884766018925e-08
1.34977538151311,1.3469303,1.3469303,-3.457336417156398e-08
2.326071460942585,2.3196604,2.3196604,2.5186157159851064e-08
1.6896369412390309,1.6908392,1.6908392,-2.8590393164051875e-08
2.2705791602014287,2.27108,2.2710795,5.170898438322524e-07
1.6451970489442458,1.6567659,1.6567659,3.780517587870236e-08
2.2118632403300804,2.225052,2.2250519,2.1830139163014906e-07
1.6044412927982512,1.6255898,1.6255898,4.7564697291946345e-08
2.1658115384702,2.1781213,2.1781213,2.8353881909026768e-08
1.5675999313103464,1.5885693,1.5885694,-1.1651458731165576e-07
2.123904489777708,2.1301932,2.1301935,-2.665100096166384e-07
1.5351334814991302,1.5517151,1.5517151,3.557434080647681e-08
2.066109603943558,2.0841298,2.0841298,1.0333252031813345e-08
1.4934566913159382,1.5148633,1.5148633,-4.7360229515902574e-08
2.02627488183476,2.037106,2.037106,3.7139892494764126e-08
1.4441813703258657,1.4789115,1.4789114,1.1905059804639961e-07
1.9728549076772983,1.9951272,1.9951271,1.0108032233446806e-07
1.391912688714901,1.4283687,1.4283687,-1.2370300339625828e-08
1.909303559110663,1.9548359,1.9548358,9.172363291121144e-08
-0.3369173824759292,-0.3088668,-0.30886674,-5.887771609147663e-08
-0.4076085315999336,-0.38803864,-0.3880387,6.474609376416751e-08
-0.5351207756118163,-0.49783814,-0.49783802,-1.1953399658981567e-07
-0.5678174839323318,-0.5276521,-0.527652,-8.482742308579816e-08
-0.4536062654091229,-0.4354974,-0.43549746,5.685516357711862e-08
-0.59936289970635,-0.55257964,-0.5525795,-1.4134216308470116e-07
-0.5018191492942575,-0.48307544,-0.48307538,-5.992996215953283e-08
-0.627684696350177,-0.5729215,-0.5729215,-1.4511108425985242e-08
-0.6516315813173149,-0.6083055,-0.6083055,-1.3858795111509892e-08
-0.5564592344738335,-0.53237337,-0.5323734,3.1259918209514126e-08
0.5540019733743675,0.54056895,0.540569,-5.220794674354323e-08
0.440484528289761,0.3787251,0.3787251,1.1484527606686612e-08
0.4351885825758746,0.43929398,0.43929398,5.98449734212636e-10
0.3255855321493581,0.2708972,0.2708972,9.644317622292675e-09
0.3126910556285914,0.31027624,0.31027624,1.1039735792195415e-10
0.2157522232135421,0.15856677,0.15856677,2.9377746624259515e-09
0.1869699095511165,0.18999837,0.18999839,-1.6610755909640673e-08
0.1056886557684267,0.048487008,0.048487008,-3.8204955865595025e-10
0.0591764368899469,0.050151512,0.050151512,2.6786801943234906e-11
-0.0048354286952874,-0.06702198,-0.06702192,-6.088169098028562e-08
-0.069998586827019,-0.10442896,-0.10442893,-3.187305450125244e-08
-0.1176620982519957,-0.18788578,-0.1878858,2.3837852469732468e-08
-0.2003249030904819,-0.23994745,-0.2399474,-5.3141212458251985e-08
-0.2376267815969855,-0.32749212,-0.32749212,2.1182250953266646e-09
-0.3334143214655379,-0.3606115,-0.3606115,1.64413449521561e-09
-0.3672623223325503,-0.45065463,-0.45065457,-5.589263918359677e-08
-0.4724904610823782,-0.46937484,-0.46937484,4.508819595461233e-09
-0.5079502715144865,-0.56491613,-0.5649161,-3.388061520226415e-08
-0.4057154933855508,-0.36702633,-0.36702633,9.59472667982908e-10
-0.4312741879177847,-0.38924092,-0.38924086,-6.054367063246247e-08
-0.4575236579779169,-0.40820593,-0.40820593,3.5816955512579796e-09
-0.5295945713886305,-0.4973771,-0.4973771,2.3933410808751887e-09
-0.4842336450566478,-0.42824674,-0.42824668,-5.6526489267128e-08
-0.5569953339952597,-0.5295064,-0.5295064,1.4673614545657188e-08
-0.5114041491539776,-0.4521262,-0.45212626,5.503250122274039e-08
-0.5834750625646913,-0.56518686,-0.5651869,4.1822814988989876e-08
-0.5397259457978043,-0.47784042,-0.47784042,-3.5839843870455468e-09
-0.6090337570969252,-0.59315133,-0.59315133,-9.478759999126396e-10
-0.5682780009509305,-0.49958158,-0.49958158,4.6063232672644006e-09
-0.6385068462872489,-0.6189018,-0.6189018,1.081161493665661e-08
-0.5975208316319549,-0.5233122,-0.5233122,-1.1036682123766184e-08
-0.6283754718780751,-0.5467773,-0.5467773,-7.987213113125335e-09
-0.145753636386523,-0.15699111,-0.15699114,3.074802398805865e-08
-0.1858186170046195,-0.21278612,-0.21278612,-3.156547551119715e-09
-0.1971012839602903,-0.22720604,-0.22720604,3.5515212992720535e-09
-0.240159625199279,-0.2706601,-0.27066004,-6.236740113241268e-08
-0.2482186730247581,-0.28677619,-0.28677619,4.964294419984583e-09
-0.2924283068102438,-0.30661285,-0.3066128,-4.9235534649305635e-08
-0.2991058035799265,-0.34454966,-0.3445496,-5.591430662921226e-08
-0.3389405256887235,-0.34586716,-0.34586716,3.017578131814247e-09
-0.3497626756257956,-0.3837403,-0.38374037,6.409942626683929e-08
-0.3868342956229997,-0.38651025,-0.3865102,-5.2952575657627676e-08
-0.3997287721437664,-0.42452228,-0.42452228,-6.930542251204486e-10
-0.4395634942525633,-0.42127228,-0.42127228,2.167968748967297e-09
-0.4492343516431383,-0.46768922,-0.46768928,6.386306761196892e-08
-0.4844639035659472,-0.4660309,-0.46603084,-5.5709991453323227e-08
-0.4978188971053127,-0.4994504,-0.4994504,1.4429473893518008e-08
-0.5348905171025169,-0.50551915,-0.50551915,-1.68762204211248e-09
-0.5457126670395889,-0.5313945,-0.5313945,1.834106444498218e-08
-0.5777185998322062,-0.55633193,-0.556332,6.745529179674747e-08
-0.7623859242903286,-0.78047734,-0.7804774,5.501022337650596e-08
-0.8326147696266469,-0.8369114,-0.8369114,1.9709014864588426e-08
-0.7301497329884119,-0.7762009,-0.7762008,-9.05410766360859e-08
-0.7992272857782334,-0.8032778,-0.8032778,9.453582805463157e-09
-0.6907755278982137,-0.75010896,-0.7501091,1.4270935055904488e-07
-0.7672213529856161,-0.78166825,-0.7816683,5.4207611066559025e-08
-0.653934166410309,-0.72079813,-0.72079813,-4.803771935790735e-09
-0.7269261138582203,-0.76409805,-0.76409805,1.7898559301343653e-09
-0.6269939208222787,-0.68218905,-0.682189,-4.733657832378668e-08
-0.6997556097608906,-0.7252981,-0.7252982,9.332962036534553e-08
-0.5995931582156496,-0.62981147,-0.62981147,4.259796182459752e-09
-0.6721245886449619,-0.68158615,-0.68158615,3.6453247087564478e-09
-0.5302853469165287,-0.56983405,-0.56983405,-3.516387958590883e-09
-0.6781113098867465,-0.6937418,-0.6937418,1.5991210577936954e-09
-0.5180816459236603,-0.53731054,-0.53731054,-6.761169402125233e-10
-0.6537039079010096,-0.6419147,-0.6419148,7.469635010526332e-08
-0.5176211289050615,-0.5196282,-0.5196282,-2.6757049575998337e-08
-0.6599208876520936,-0.64252216,-0.6425221,-5.623855592329363e-08
-0.5245288841840436,-0.5586145,-0.5586146,1.0758361812523987e-07
-0.6583090780869977,-0.6912631,-0.6912631,2.035675050748864e-08
-0.5346602585932174,-0.57811725,-0.57811725,-1.3961791722749695e-09
-0.6541644249196085,-0.7052314,-0.7052313,-1.2814636229929732e-07
-0.5464034425674871,-0.5864423,-0.5864423,8.2633971887347e-09
-0.658999853614896,-0.71354944,-0.71354944,4.861297586700175e-09
-0.556074299958062,-0.5908471,-0.5908471,2.501449580805115e-08
-0.6665983844217762,-0.7224772,-0.7224772,2.3529053150284085e-09
-0.5620610211998466,-0.5970582,-0.5970582,2.3005676252907392e-08
-0.6741969152286567,-0.7342165,-0.7342164,-1.1124954224506212e-07
-0.5648241233114394,-0.57736635,-0.5773664,4.791870111819918e-08
-0.6836375141099322,-0.7063209,-0.706321,1.181564330821061e-07
-0.7946221155922453,-0.7944295,-0.79442936,-1.2102951052472832e-07
-0.7317615425535079,-0.6802513,-0.6802513,-3.349304167343803e-10
-0.790477462424856,-0.7309094,-0.7309094,-7.138824420493961e-09
-0.6836375141099322,-0.6311839,-0.6311839,-2.2290801982016717e-08
-0.7435047265277774,-0.6791984,-0.6791985,1.1571502689378121e-07
-0.64196072392674,-0.5867302,-0.5867302,1.782913205961023e-08
-0.6969925076492978,-0.64923376,-0.64923376,1.5504455497250547e-09
-0.5982116071598531,-0.545854,-0.5458539,-7.243499755560379e-08
-0.6580788195776983,-0.6229923,-0.6229923,2.2854614312173283e-08
-0.5590676605789543,-0.5105384,-0.5105384,7.8048700835609e-10
-0.6244610772199852,-0.5865792,-0.58657926,5.639434819126876e-08
-0.6184743559782008,-0.5760755,-0.57607543,-6.428939813840628e-08
-0.6189348729967995,-0.6405117,-0.64051163,-6.157028198394698e-08
-0.7702147136065084,-0.8013255,-0.8013255,-1.1444067915533651e-11
-0.5691990349881282,-0.5388892,-0.5388892,-2.9297637982317326e-08
-0.7368272297580947,-0.73470986,-0.73470986,1.1056519033658674e-09
-0.5323576735002233,-0.51549023,-0.51549023,-3.89816279255939e-09
-0.7220906851629327,-0.710046,-0.710046,6.671905472543926e-09
-0.5065687204586901,-0.51323587,-0.5132359,3.297653194955785e-08
-0.7200183585792381,-0.7240412,-0.7240412,-2.3526000925144785e-08
-0.492292692882127,-0.5287274,-0.52872735,-6.222381587761561e-08
-0.7230117192001304,-0.72688025,-0.72688025,-2.3612976018938525e-09
-0.4876875226961389,-0.54706115,-0.5470612,5.469436648031234e-08
-0.7289984404419149,-0.7554085,-0.7554085,-2.5466918907035563e-08
-0.4939045024472228,-0.5762244,-0.5762244,1.3307952850816207e-08
-0.7315312840442083,-0.74983704,-0.7498371,5.9098815952118855e-08
-0.5067989789679895,-0.59537005,-0.59537,-5.424499516237802e-08
-0.7352154201929988,-0.74131864,-0.74131864,-3.0931091021813018e-09
-0.5341997415746187,-0.5967224,-0.59672236,-6.403030394785958e-08
-0.7262353383303221,-0.7324662,-0.7324662,-2.0855712934420012e-08
-0.8026811634177244,-0.77543586,-0.77543586,-4.9253845446628475e-09
-0.8473513142218089,-0.810435,-0.810435,2.9182434246877165e-09
-0.7653792849112208,-0.7496143,-0.7496145,2.016563415141448e-07
-0.7126500862816572,-0.7148806,-0.71488047,-1.1567047120131235e-07
-0.8072863336037125,-0.763986,-0.763986,8.522033745350654e-09
-0.7283076649140168,-0.7226526,-0.72265273,1.1588333126422157e-07
-0.669822003551968,-0.6905618,-0.6905618,2.8607177737782763e-08
-0.7660700604391191,-0.7192585,-0.71925855,6.277542119459412e-08
-0.6836375141099322,-0.70201844,-0.70201856,1.2023025508511864e-07
-0.6292965059152728,-0.66221374,-0.66221374,-2.733001713828287e-09
-0.7266958553489209,-0.69949293,-0.69949293,-1.3659667841281475e-09
-0.6509408057894168,-0.677442,-0.677442,-1.4217376720360164e-08
-0.5940669539924639,-0.6182491,-0.618249,-1.1832809443390602e-07
-0.6216979751083924,-0.64312696,-0.64312696,-4.569091771600142e-09
-0.5648241233114394,-0.5909516,-0.59095174,1.1846755976208101e-07
-0.5979813486505536,-0.5956275,-0.59562755,6.329421997630647e-08
-0.5404167213257025,-0.55342066,-0.55342066,-2.8799438389626175e-09
-0.7117290522444596,-0.7529578,-0.75295806,2.391076660002156e-07
-0.8139638303733951,-0.8297946,-0.82979435,-2.3570480345291855e-07
-0.7448862775835738,-0.76504225,-0.76504236,1.1461196902651238e-07
-0.6428817579639377,-0.68779135,-0.68779147,1.224963378509969e-07
-0.7481098967137656,-0.7535553,-0.7535552,-9.785156251940208e-08
-0.6790323439239441,-0.72710097,-0.72710097,1.6390990786874227e-09
-0.5742647221927151,-0.6308044,-0.6308043,-1.1951751710537195e-07
-0.6811046705076388,-0.7025293,-0.7025293,-1.1180114722897372e-08
-0.612948151755015,-0.6704616,-0.6704616,4.941558828797099e-09
-0.5097923395888818,-0.5802345,-0.58023447,-5.7587890678334475e-08
-0.6161717708852067,-0.6431651,-0.64316505,-6.154174803096879e-08
-0.556074299958062,-0.62176824,-0.6217681,-1.3616027827456634e-07
-0.4446291814571502,-0.5324843,-0.53248423,-6.298400878623767e-08
-0.5496270616976787,-0.60221416,-0.60221404,-1.1758132933969989e-07
-0.4962070875402168,-0.55794615,-0.5579461,-4.553451538047426e-08
-0.4918321758635282,-0.53025216,-0.53025216,1.35818478685934e-09
-0.4391029772339646,-0.48378783,-0.48378778,-5.464431762636224e-08
-0.4418660793455574,-0.45146602,-0.45146602,-3.9219665293188655e-09
-0.5908433348622721,-0.5806832,-0.5806833,1.2825088502310678e-07
-0.4812402844357555,-0.42158276,-0.42158282,6.157333376499707e-08
-0.6159415123759073,-0.6041922,-0.60419226,6.267715457752843e-08
-0.5084107885330853,-0.4579848,-0.45798486,5.4892883294410666e-08
-0.6410396898895423,-0.62762207,-0.6276222,1.3207168580997575e-07
-0.5355812926304151,-0.48617542,-0.48617536,-5.790008544837022e-08
-0.663605023800884,-0.6578688,-0.65786874,-6.254745488210034e-08
-0.5590676605789543,-0.51506984,-0.5150697,-1.4233856204803885e-07
-0.6882426842959203,-0.6910366,-0.6910366,1.8006896973510322e-08
-0.5841658380925894,-0.54525656,-0.54525656,4.919586182872138e-09
-0.7105777596979626,-0.7229616,-0.7229616,-4.595184344147185e-09
-0.6076522060411288,-0.57683104,-0.57683104,-2.766571083334668e-09
-0.7322220595721066,-0.7420792,-0.7420791,-9.836044312372394e-08
-0.6302175399524703,-0.597376,-0.597376,1.1039733904816273e-08
-0.7538663594462507,-0.75733805,-0.75733817,1.229724121420972e-07
-0.6537039079010096,-0.61731756,-0.6173176,4.266510011952107e-08
-0.7773527273947899,-0.7654502,-0.7654502,2.042312619021658e-08
-0.6746574322472554,-0.6400887,-0.6400887,2.259368891976976e-08
-0.4589052090337133,-0.4086188,-0.4086188,-7.792663569983205e-09
-0.4416192428071423,-0.4094265,-0.40942657,5.966598509710153e-08
-0.4669642568591925,-0.4375984,-0.4375984,-7.268524171433199e-09
-0.4701832069688498,-0.4425804,-0.4425804,-1.8974304349939075e-09
-0.4985096726332109,-0.4672259,-0.46722597,6.076690672873752e-08
-0.4901729758952385,-0.4654854,-0.4654854,5.9989929135362274e-09
-0.5144227924933876,-0.4910853,-0.4910854,1.0909118652868699e-07
-0.5176211289050615,-0.49404293,-0.49404293,-2.9872131435126903e-09
-0.5487060276604812,-0.5194368,-0.51943684,6.336196900491586e-08
-0.5433478581717336,-0.52017635,-0.52017623,-1.2107040403552816e-07
-0.5643158436632099,-0.54023,-0.54023,2.3822784411819953e-08
-0.580481701943799,-0.5445488,-0.5445488,-9.528350775056538e-09
-0.5935476204057697,-0.5601223,-0.5601223,-1.111526493069448e-08
-0.5975208316319549,-0.5673871,-0.56738716,5.596557617337794e-08
-0.6180869702289391,-0.5887006,-0.5887006,7.482147235116088e-09
-0.6297570229338716,-0.59287626,-0.59287626,4.487762494953529e-09
-0.6435753669104596,-0.61504024,-0.61504024,-2.671966536915704e-09
-0.6700522620612673,-0.6202047,-0.62020475,6.288146969790631e-08
0.5382462193419829,0.75004447,0.75004447,-4.934997521743867e-09
0.3893671392252931,0.39087725,0.3908773,-5.3143310529968346e-08
0.6048622656923737,0.8914556,0.8914556,-9.275054946300543e-09
0.4766351142497674,0.46286124,0.46286124,-8.987427468909459e-11
0.6901426715396466,0.9710352,0.9710351,8.24760436612948e-08
0.5549230074115651,0.6886807,0.68868065,5.840835570758429e-08
0.7907275088988094,1.076329,1.076329,-7.1563721615319764e-09
0.6484079621871234,0.8114805,0.8114806,-7.784423827761344e-08
0.9238619973704733,1.1869079,1.1869079,-1.2541198746163218e-08
0.7591623051601369,0.9073191,0.90731907,5.85133361763468e-08
1.0976117883345262,1.3201113,1.3201113,-2.5280761706270027e-08
0.8830413831632167,1.0192143,1.0192143,-2.750091554482026e-08
1.2947271675944,1.4637132,1.4637133,-1.309020996043131e-07
1.0485972513494886,1.160447,1.160447,1.4572143491875522e-09
1.498506351726819,1.6271893,1.6271893,-2.1397399851963428e-08
1.2116202759334669,1.3408432,1.3408432,6.835938481941639e-10
1.727220948090484,1.814597,1.8145971,-8.938751228093622e-08
1.4066492333100626,1.5113529,1.5113528,9.669036860060487e-08
2.0587413316459764,1.9890945,1.9890945,-4.226684557906424e-09
1.5604619175220649,1.5553935,1.5553935,-4.25872803688776e-08
2.039169358355528,1.9667091,1.9667089,2.369628906429e-07
1.542271495287412,1.535951,1.535951,1.8333434992356956e-08
2.0166040244441854,1.9456176,1.9456177,-1.4342803944522586e-07
1.5238508145434595,1.5167917,1.5167916,1.0131683358949317e-07
1.9938084320235443,1.9251938,1.9251938,-1.3378906205119279e-08
1.5051998752902076,1.4966341,1.4966341,2.5709533613138547e-08
1.9742364587330952,1.9047397,1.9047397,3.751068122781476e-08
1.4860884190183572,1.477609,1.4776089,1.3835296641673267e-07
1.9542039684240469,1.8841217,1.8841218,-1.4358215327803237e-07
1.4674374797651053,1.4592966,1.4592966,-1.5870666558726043e-08
1.932559668549903,1.86038,1.86038,5.3520202714096854e-08
1.4485562820025542,1.4414243,1.4414241,1.5060272207101377e-07
1.9086127835827649,1.8352298,1.8352296,1.5444793710628346e-07
1.428984308712105,1.424256,1.424256,-3.2859802212570344e-08
1.8867382251993208,1.8119867,1.8119867,-1.5200805725257283e-08
0.0667749676968273,-0.04384668,-0.04384668,-1.7140579233743125e-09
1.0764585309747166,1.0407002,1.0407003,-1.027801512787363e-07
1.3725709739337506,1.5293498,1.5293497,1.0392456051278032e-07
1.4471747309467575,1.609335,1.6093348,1.4567871087223239e-07
1.448326023493255,1.5464822,1.5464821,1.0539093020511814e-07
1.421155519395925,1.5140203,1.5140204,-7.624664299932249e-08
1.38063002175923,1.4578933,1.4578933,-4.762725835938397e-08
1.3343480613900496,1.3613174,1.3613174,-3.836059470074815e-09
1.286224032946474,1.2656405,1.2656406,-1.0279235840293666e-07
1.238790780030797,1.2073181,1.2073181,-3.244934076995776e-08
1.5517120941686875,1.866658,1.8666579,7.233581533760969e-08
1.816048862844404,1.8411075,1.8411075,-1.2321472064868999e-08
1.569672257894041,1.600932,1.600932,2.067565896268775e-09
1.5293770187666451,1.573911,1.5739108,1.5161437993960192e-07
1.3486240889666128,1.3768704,1.3768704,-6.246948291988019e-09
1.3025723871067316,1.3500491,1.350049,1.3806915277747578e-07
1.1600423698504003,1.1009288,1.1009288,-1.658325188280685e-08
1.122279974325298,1.0779239,1.0779239,-6.071472213875495e-09
1.0041573590547035,0.93500954,0.93500954,-8.72650174343903e-10
0.9696185826597926,0.9230273,0.9230273,-2.3007202143432437e-08
0.8779756959586297,0.8128964,0.8128963,7.08877563315724e-08
0.8498841578241023,0.8039138,0.8039138,-2.7893829357417133e-08
0.774589625283197,0.7279032,0.7279032,-1.2725067111141186e-08
0.7563992030485441,0.7204148,0.7204148,1.733322141372895e-08
0.6997556097608906,0.67903006,0.67903006,7.681274505344504e-10
0.6774205343588483,0.6724875,0.67248744,5.732971186667157e-08
0.6345924516291591,0.63032484,0.63032484,5.456542995219138e-10
0.62261900914559,0.62662953,0.6266295,3.1383514453864336e-08
-0.556074299958062,-0.5803782,-0.58037806,-1.1478179928747778e-07
-0.1300960577541636,-0.14100708,-0.14100708,-6.741714408953214e-10
0.1872001680604159,0.19235258,0.19235258,-1.956062312125084e-09
0.3845317105300057,0.40224195,0.40224195,-4.7332763819518675e-09
0.5120949246818758,0.49592155,0.49592155,2.181243907717345e-09
0.562291279709146,0.55417454,0.55417454,2.4270629950251532e-09
0.6012049677807454,0.58920765,0.5892076,4.92309569777305e-08
0.6253821112571829,0.6046867,0.6046867,-2.2544097921795014e-08
0.6426514994546383,0.62431645,0.62431645,3.9337157975438686e-09
0.658539336596297,0.6396365,0.6396365,1.6571044869628793e-08
1.590165265221688,1.6091732,1.609173,1.7867279056282825e-07
2.3596892033002983,2.3643656,2.3643653,2.776977541252279e-07
2.7389249681164176,2.5560284,2.5560284,-3.391113301276505e-08
2.95467719132996,2.5519936,2.5519936,8.474731583163475e-09
3.0665828268494706,2.5769029,2.5769029,-3.363647449461382e-08
3.1287526243603097,2.7404675,2.7404673,2.483703611666499e-07
3.1708899315621006,2.8903635,2.8903637,-2.451812743942128e-07
3.201053796280323,2.9930692,2.9930692,-2.809448229612599e-08
3.24480291304721,3.0754054,3.0754054,-4.073181170127782e-08
3.2201652525521736,3.084618,3.0846183,-2.084167478599852e-07
1.235180731450129,1.1853673,1.1853673,4.58099365108211e-08
1.2781522025001877,1.1658925,1.1658925,-1.8196105955325947e-08
0.8639299268913659,0.881013,0.88101304,-6.383041384339094e-08
1.3177478185847806,1.1475208,1.1475209,-1.194366454626561e-07
1.3399886082433792,1.1344545,1.1344545,-1.1245727460362787e-08
0.8917912065165939,0.926012,0.9260119,7.957992553819793e-08
1.3291947690793178,1.1211127,1.1211127,4.277038501143693e-09
0.8590944981960785,0.89372754,0.8937276,-5.903015132258105e-08
1.279822116609374,1.0482339,1.048234,-1.3330841075465116e-07
0.7877143603132631,0.9243276,0.9243276,1.1923217746456771e-08
1.183872132618933,0.7982161,0.7982161,4.507446305090923e-09
0.6983740587050942,0.80656356,0.8065636,-4.380569462725248e-08
1.0278321066070624,0.6473598,0.6473597,8.84178161797422e-08
0.6025865188365418,0.55161947,0.55161947,1.1947631772812883e-10
0.5095620810795823,0.46218634,0.46218628,5.651733397948888e-08
0.803793700647009,0.5719322,0.57193214,5.6617126431568465e-08
0.4163073848133234,0.37027702,0.370277,1.7354965187177385e-08
0.3223619130191664,0.292622,0.292622,-2.0980828185912515e-11
-0.9129749893721392,-0.9792066,-0.9792066,-2.1646881065429113e-08
-0.8565616545937851,-0.92121786,-0.921218,1.4120864866296046e-07
-0.7973852177038381,-0.86136895,-0.86136895,-4.181671120484509e-09
-0.7338338691372024,-0.7937811,-0.793781,-1.0170364383998987e-07
-0.684098031128531,-0.71920025,-0.71920013,-1.234866332522344e-07
-0.616862546413105,-0.66295516,-0.66295516,-4.909362805172179e-09
-0.5933761784645656,-0.63273585,-0.63273585,1.5731811409125385e-09
-0.5107133736260794,-0.53840077,-0.53840077,7.662963596999361e-10
-0.4282808272968925,-0.4382319,-0.43823195,6.456680295974238e-08
-0.3334143214655379,-0.3448487,-0.3448487,7.582855232612928e-09
-0.2373965230876861,-0.24464534,-0.24464534,-2.230796825042347e-09
-0.5464034425674871,-0.6216201,-0.6216201,-1.8618011465854067e-08
-0.540646979835002,-0.6233892,-0.6233892,1.552505490831635e-08
-0.513936992756271,-0.6268296,-0.6268297,7.582397465455415e-08
-0.5279827618235348,-0.62776685,-0.62776685,2.3895263545625767e-09
-0.4734114951195758,-0.61666334,-0.6166633,-3.6753845189529954e-08
-0.503114842819199,-0.6173452,-0.6173453,8.610992430213571e-08
-0.4296623783526889,-0.59426254,-0.5942625,-4.034042355716139e-08
-0.4699576174800848,-0.5952697,-0.5952698,1.1997680660069676e-07
-0.3861435200951014,-0.56962913,-0.56962913,-2.7476501074374937e-09
-0.4381819431967669,-0.57084954,-0.5708495,-3.784942625983945e-08
-0.3541375873024842,-0.5253625,-0.52536243,-6.160766596874367e-08
-0.4020313572367604,-0.5277204,-0.5277204,8.2496642850316e-09
-0.3258157906586574,-0.46944314,-0.46944314,-2.4140930365845747e-09
-0.3665715468046521,-0.47063845,-0.4706385,4.603958131399466e-08
-0.2915072727730461,-0.39429295,-0.39429295,-6.301880128845028e-10
-0.324434239602861,-0.3961208,-0.3961208,1.3333129877945993e-08
-0.2505212581177521,-0.30892384,-0.30892378,-6.05227661321095e-08
-0.273777367556992,-0.3109982,-0.3109982,-1.3702392553938125e-09
-0.6150204783387097,-0.6682767,-0.6682766,-1.2719955444495668e-07
-0.5680477424416311,-0.7142217,-0.7142216,-1.1592712401142791e-07
-0.5088713055516841,-0.5320553,-0.5320553,-1.8355560293947804e-08
-0.4761745972311687,-0.60242534,-0.6024254,6.316223144509081e-08
-0.4361096166130723,-0.41637564,-0.41637564,2.9455566319391835e-09
-0.3962748945042753,-0.47218484,-0.47218484,3.135528559017331e-09
-0.3785449892882211,-0.31053722,-0.31053734,1.2095245360832507e-07
-0.3638084446930592,-0.379865,-0.37986505,5.928878782368585e-08
-0.3396313012166218,-0.2819065,-0.28190655,6.44424438256408e-08
-0.3281183757516515,-0.36294144,-0.36294144,-3.9201354939955024e-09
-0.3166054502866813,-0.24008705,-0.24008705,2.7807235680743503e-09
-0.295421667431136,-0.3303181,-0.33031797,-1.232998657063611e-07
-0.3020991642008188,-0.27506322,-0.27506328,6.331375124180028e-08
-0.2855205515312617,-0.3403281,-0.34032816,6.265655516646262e-08
-0.2917375312823456,-0.29225415,-0.29225415,8.621214853121728e-11
-0.2806851228359742,-0.34651178,-0.34651178,-1.215667733145409e-09
-0.2820666738917706,-0.2740764,-0.27407634,-6.218734743823617e-08
-0.2668696122780099,-0.31562018,-0.31562012,-6.394470214443615e-08
-0.6472566696406263,-0.5929063,-0.5929063,3.746795651515811e-09
-0.7264655968396215,-0.7139089,-0.7139089,-1.0751342816028853e-08
-0.6721245886449619,-0.5796391,-0.57963914,6.281341558000975e-08
-0.7534058424276519,-0.7070114,-0.7070114,-1.653289838365879e-09
-0.6875519087680221,-0.568624,-0.568624,-1.9622802716057208e-08
-0.7718265231716042,-0.66872245,-0.66872245,-7.331848461689106e-10
-0.6884729428052196,-0.55813324,-0.5581331,-1.445144652834074e-07
-0.7750501423017959,-0.6442039,-0.64420384,-6.129089358264395e-08
-0.6838677726192316,-0.53728503,-0.53728503,1.1184697612520722e-10
-0.7704449721158078,-0.590942,-0.59094214,1.1481536865698416e-07
-0.6684404524961716,-0.51518434,-0.51518434,-2.8611755187313292e-09
-0.7550176519927477,-0.5851702,-0.5851702,-9.40780642277872e-09
-0.6373555537407519,-0.5152339,-0.5152339,2.5679016135704558e-08
-0.7317615425535079,-0.59116775,-0.5911676,-1.4797439573666082e-07
-0.6002839337435477,-0.5066955,-0.5066954,-1.0895690916168377e-07
-0.693768888519106,-0.594896,-0.59489584,-1.7850509648198454e-07
-0.5411074968536007,-0.49529225,-0.49529207,-1.7634170534908122e-07
-0.6327503835547638,-0.59056157,-0.59056157,1.2629699508437398e-09
