value,unit,fraction_type,component_inchi_0,component_inchi_1,component_inchi_2,component_inchi_3,fraction_0,fraction_1,fraction_2,fraction_3,surface_area_fraction_0,surface_area_fraction_1,surface_area_fraction_2,surface_area_fraction_3
71.85000000000002,Celcius,molar,"InChI=1S/C10H22/c1-3-5-7-9-10-8-6-4-2/h3-10H2,1-2H3","InChI=1S/C12H26/c1-3-5-7-9-11-12-10-8-6-4-2/h3-12H2,1-2H3","InChI=1S/C14H30/c1-3-5-7-9-11-13-14-12-10-8-6-4-2/h3-14H2,1-2H3",,0.251,0.21,0.539,,0.2068553371871862,0.20199730532844132,0.5911473574843725,
65.35000000000002,Celcius,molar,"InChI=1S/C10H22/c1-3-5-7-9-10-8-6-4-2/h3-10H2,1-2H3","InChI=1S/C12H26/c1-3-5-7-9-11-12-10-8-6-4-2/h3-12H2,1-2H3","InChI=1S/C14H30/c1-3-5-7-9-11-13-14-12-10-8-6-4-2/h3-14H2,1-2H3",,0.392,0.327,0.281,,0.34157657854802775,0.3325699778609898,0.32585344359098234,
56.85000000000002,Celcius,molar,"InChI=1S/C10H22/c1-3-5-7-9-10-8-6-4-2/h3-10H2,1-2H3","InChI=1S/C12H26/c1-3-5-7-9-11-12-10-8-6-4-2/h3-12H2,1-2H3","InChI=1S/C14H30/c1-3-5-7-9-11-13-14-12-10-8-6-4-2/h3-14H2,1-2H3",,0.659,0.183,0.158,,0.608574340286388,0.19724798890868117,0.19417767080493073,
0.7,Celcius,molar,"InChI=1S/C10H22/c1-3-5-7-9-10-8-6-4-2/h3-10H2,1-2H3",InChI=1S/C3H6O/c1-3(2)4/h1-2H3,"InChI=1S/CH4O/c1-2/h2H,1H3",,0.01,0.09,0.9,,0.038613512336810644,0.13149216004525127,0.829894327617938,
-4.4,Celcius,molar,"InChI=1S/C10H22/c1-3-5-7-9-10-8-6-4-2/h3-10H2,1-2H3",InChI=1S/C3H6O/c1-3(2)4/h1-2H3,"InChI=1S/CH4O/c1-2/h2H,1H3",,0.01,0.19,0.8,,0.03663896803192216,0.26339945779756824,0.6999615741705096,
-7.8,Celcius,molar,"InChI=1S/C10H22/c1-3-5-7-9-10-8-6-4-2/h3-10H2,1-2H3",InChI=1S/C3H6O/c1-3(2)4/h1-2H3,"InChI=1S/CH4O/c1-2/h2H,1H3",,0.01,0.29,0.7,,0.03485654059758924,0.38247259569595027,0.5826708637064606,
-9.9,Celcius,molar,"InChI=1S/C10H22/c1-3-5-7-9-10-8-6-4-2/h3-10H2,1-2H3",InChI=1S/C3H6O/c1-3(2)4/h1-2H3,"InChI=1S/CH4O/c1-2/h2H,1H3",,0.01,0.39,0.6,,0.03323949224541136,0.49049776279022184,0.4762627449643669,
-11.6,Celcius,molar,"InChI=1S/C10H22/c1-3-5-7-9-10-8-6-4-2/h3-10H2,1-2H3",InChI=1S/C3H6O/c1-3(2)4/h1-2H3,"InChI=1S/CH4O/c1-2/h2H,1H3",,0.01,0.49,0.5,,0.03176582684229739,0.5889443869731219,0.37928978618458065,
-13.9,Celcius,molar,"InChI=1S/C10H22/c1-3-5-7-9-10-8-6-4-2/h3-10H2,1-2H3",InChI=1S/C3H6O/c1-3(2)4/h1-2H3,"InChI=1S/CH4O/c1-2/h2H,1H3",,0.01,0.59,0.4,,0.030417283431387276,0.6790323717270985,0.2905503448415142,
1.7,Celcius,molar,"InChI=1S/C10H22/c1-3-5-7-9-10-8-6-4-2/h3-10H2,1-2H3",InChI=1S/C3H6O/c1-3(2)4/h1-2H3,"InChI=1S/CH4O/c1-2/h2H,1H3",,0.02,0.08,0.9,,0.07541677527823301,0.11414213528250619,0.8104410894392609,
-15.5,Celcius,molar,"InChI=1S/C10H22/c1-3-5-7-9-10-8-6-4-2/h3-10H2,1-2H3",InChI=1S/C3H6O/c1-3(2)4/h1-2H3,"InChI=1S/CH4O/c1-2/h2H,1H3",,0.02,0.78,0.2,,0.05511308201555795,0.8132748608046806,0.1316120571797615,
-16.8,Celcius,molar,"InChI=1S/C10H22/c1-3-5-7-9-10-8-6-4-2/h3-10H2,1-2H3",InChI=1S/C3H6O/c1-3(2)4/h1-2H3,"InChI=1S/CH4O/c1-2/h2H,1H3",,0.02,0.88,0.1,,0.05307193644353899,0.8835592001360126,0.06336886342044837,
-4.5,Celcius,molar,"InChI=1S/C10H22/c1-3-5-7-9-10-8-6-4-2/h3-10H2,1-2H3",InChI=1S/C3H6O/c1-3(2)4/h1-2H3,"InChI=1S/CH4O/c1-2/h2H,1H3",,0.023,0.177,0.8,,0.0818462736900811,0.2383210396162284,0.6798326866936905,
-11.0,Celcius,molar,"InChI=1S/C10H22/c1-3-5-7-9-10-8-6-4-2/h3-10H2,1-2H3",InChI=1S/C3H6O/c1-3(2)4/h1-2H3,"InChI=1S/CH4O/c1-2/h2H,1H3",,0.033,0.367,0.6,,0.1047138968786527,0.4406304328819309,0.4546556702394165,
-13.2,Celcius,molar,"InChI=1S/C10H22/c1-3-5-7-9-10-8-6-4-2/h3-10H2,1-2H3",InChI=1S/C3H6O/c1-3(2)4/h1-2H3,"InChI=1S/CH4O/c1-2/h2H,1H3",,0.038,0.562,0.4,,0.10977390317646851,0.6142849401031771,0.2759411567203543,
-16.0,Celcius,molar,"InChI=1S/C10H22/c1-3-5-7-9-10-8-6-4-2/h3-10H2,1-2H3",InChI=1S/C3H6O/c1-3(2)4/h1-2H3,"InChI=1S/CH4O/c1-2/h2H,1H3",,0.041,0.759,0.2,,0.10905866448354848,0.7638993439528077,0.12704199156364393,
-9.8,Celcius,molar,"InChI=1S/C10H22/c1-3-5-7-9-10-8-6-4-2/h3-10H2,1-2H3",InChI=1S/C3H6O/c1-3(2)4/h1-2H3,"InChI=1S/CH4O/c1-2/h2H,1H3",,0.1,0.37,0.53,,0.27280419771617415,0.3819186051377974,0.34527719714602845,
-13.5,Celcius,molar,"InChI=1S/C10H22/c1-3-5-7-9-10-8-6-4-2/h3-10H2,1-2H3",InChI=1S/C3H6O/c1-3(2)4/h1-2H3,"InChI=1S/CH4O/c1-2/h2H,1H3",,0.1,0.54,0.36,,0.25621989696999176,0.5235096057351625,0.22027049729484582,
-15.4,Celcius,molar,"InChI=1S/C10H22/c1-3-5-7-9-10-8-6-4-2/h3-10H2,1-2H3",InChI=1S/C3H6O/c1-3(2)4/h1-2H3,"InChI=1S/CH4O/c1-2/h2H,1H3",,0.1,0.7,0.2,,0.24235341409706476,0.6418968211380137,0.11574976476492153,
-15.5,Celcius,molar,"InChI=1S/C10H22/c1-3-5-7-9-10-8-6-4-2/h3-10H2,1-2H3",InChI=1S/C3H6O/c1-3(2)4/h1-2H3,"InChI=1S/CH4O/c1-2/h2H,1H3",,0.1,0.72,0.18,,0.24072492617256458,0.6558002855179506,0.10347478830948487,
2.0,Celcius,molar,"InChI=1S/C10H22/c1-3-5-7-9-10-8-6-4-2/h3-10H2,1-2H3",InChI=1S/C3H6O/c1-3(2)4/h1-2H3,"InChI=1S/CH4O/c1-2/h2H,1H3",,0.11,0.09,0.8,,0.32826381208502564,0.10162273421811675,0.5701134536968576,
-5.5,Celcius,molar,"InChI=1S/C10H22/c1-3-5-7-9-10-8-6-4-2/h3-10H2,1-2H3",InChI=1S/C3H6O/c1-3(2)4/h1-2H3,"InChI=1S/CH4O/c1-2/h2H,1H3",,0.12,0.18,0.7,,0.33777186809676624,0.19170470754362864,0.4705234243596051,
-9.5,Celcius,molar,"InChI=1S/C10H22/c1-3-5-7-9-10-8-6-4-2/h3-10H2,1-2H3",InChI=1S/C3H6O/c1-3(2)4/h1-2H3,"InChI=1S/CH4O/c1-2/h2H,1H3",,0.18,0.32,0.5,,0.42808157489427323,0.28795329452463586,0.28396513058109096,
-4.0,Celcius,molar,"InChI=1S/C10H22/c1-3-5-7-9-10-8-6-4-2/h3-10H2,1-2H3",InChI=1S/C3H6O/c1-3(2)4/h1-2H3,"InChI=1S/CH4O/c1-2/h2H,1H3",,0.188,0.152,0.66,,0.46635909454481567,0.14266723090765643,0.39097367454752785,
2.5,Celcius,molar,"InChI=1S/C10H22/c1-3-5-7-9-10-8-6-4-2/h3-10H2,1-2H3",InChI=1S/C3H6O/c1-3(2)4/h1-2H3,"InChI=1S/CH4O/c1-2/h2H,1H3",,0.22,0.08,0.7,,0.5270316242778612,0.07251402710838761,0.4004543486137512,
2.5,Celcius,molar,"InChI=1S/C10H22/c1-3-5-7-9-10-8-6-4-2/h3-10H2,1-2H3",InChI=1S/C3H6O/c1-3(2)4/h1-2H3,"InChI=1S/CH4O/c1-2/h2H,1H3",,0.23,0.07,0.7,,0.5429028448709737,0.06251876123675244,0.3945783938922738,
-15.8,Celcius,molar,"InChI=1S/C10H22/c1-3-5-7-9-10-8-6-4-2/h3-10H2,1-2H3",InChI=1S/C3H6O/c1-3(2)4/h1-2H3,"InChI=1S/CH4O/c1-2/h2H,1H3",,0.235,0.611,0.154,,0.46723346285639,0.459647952380951,0.07311858476265902,
-12.8,Celcius,molar,"InChI=1S/C10H22/c1-3-5-7-9-10-8-6-4-2/h3-10H2,1-2H3",InChI=1S/C3H6O/c1-3(2)4/h1-2H3,"InChI=1S/CH4O/c1-2/h2H,1H3",,0.26,0.44,0.3,,0.5219579532505073,0.3342203508492662,0.14382169590022642,
-10.5,Celcius,molar,"InChI=1S/C10H22/c1-3-5-7-9-10-8-6-4-2/h3-10H2,1-2H3",InChI=1S/C3H6O/c1-3(2)4/h1-2H3,"InChI=1S/CH4O/c1-2/h2H,1H3",,0.3,0.3,0.4,,0.5893529657163257,0.22299417368934735,0.18765286059432706,
2.5,Celcius,molar,"InChI=1S/C10H22/c1-3-5-7-9-10-8-6-4-2/h3-10H2,1-2H3",InChI=1S/C3H6O/c1-3(2)4/h1-2H3,"InChI=1S/CH4O/c1-2/h2H,1H3",,0.34,0.06,0.6,,0.6719573868432327,0.04486752450174229,0.2831750886550251,
-9.7,Celcius,molar,"InChI=1S/C10H22/c1-3-5-7-9-10-8-6-4-2/h3-10H2,1-2H3",InChI=1S/C3H6O/c1-3(2)4/h1-2H3,"InChI=1S/CH4O/c1-2/h2H,1H3",,0.37,0.26,0.37,,0.664590438677719,0.17670293193856532,0.15870662938371555,
-4.0,Celcius,molar,"InChI=1S/C10H22/c1-3-5-7-9-10-8-6-4-2/h3-10H2,1-2H3",InChI=1S/C3H6O/c1-3(2)4/h1-2H3,"InChI=1S/CH4O/c1-2/h2H,1H3",,0.38,0.12,0.5,,0.6974955143162779,0.08334069372320485,0.21916379196051733,
-16.0,Celcius,molar,"InChI=1S/C10H22/c1-3-5-7-9-10-8-6-4-2/h3-10H2,1-2H3",InChI=1S/C3H6O/c1-3(2)4/h1-2H3,"InChI=1S/CH4O/c1-2/h2H,1H3",,0.428,0.463,0.109,,0.68021215657088,0.2784195031138909,0.04136834031522907,
-12.7,Celcius,molar,"InChI=1S/C10H22/c1-3-5-7-9-10-8-6-4-2/h3-10H2,1-2H3",InChI=1S/C3H6O/c1-3(2)4/h1-2H3,"InChI=1S/CH4O/c1-2/h2H,1H3",,0.436,0.348,0.216,,0.7040721019418015,0.21263166195979413,0.0832962360984044,
-4.0,Celcius,molar,"InChI=1S/C10H22/c1-3-5-7-9-10-8-6-4-2/h3-10H2,1-2H3",InChI=1S/C3H6O/c1-3(2)4/h1-2H3,"InChI=1S/CH4O/c1-2/h2H,1H3",,0.459,0.114,0.427,,0.7598036058458911,0.07140219435829187,0.16879419979581695,
-15.1,Celcius,molar,"InChI=1S/C10H22/c1-3-5-7-9-10-8-6-4-2/h3-10H2,1-2H3",InChI=1S/C3H6O/c1-3(2)4/h1-2H3,"InChI=1S/CH4O/c1-2/h2H,1H3",,0.47,0.43,0.1,,0.7158305473586477,0.24779861117476076,0.036370841466591496,
-10.0,Celcius,molar,"InChI=1S/C10H22/c1-3-5-7-9-10-8-6-4-2/h3-10H2,1-2H3",InChI=1S/C3H6O/c1-3(2)4/h1-2H3,"InChI=1S/CH4O/c1-2/h2H,1H3",,0.48,0.22,0.3,,0.7560451045994937,0.13111343392483293,0.11284146147567334,
-3.5,Celcius,molar,"InChI=1S/C10H22/c1-3-5-7-9-10-8-6-4-2/h3-10H2,1-2H3",InChI=1S/C3H6O/c1-3(2)4/h1-2H3,"InChI=1S/CH4O/c1-2/h2H,1H3",,0.49,0.11,0.4,,0.7813218869646742,0.06636584649530992,0.15231226654001584,
-9.2,Celcius,molar,"InChI=1S/C10H22/c1-3-5-7-9-10-8-6-4-2/h3-10H2,1-2H3",InChI=1S/C3H6O/c1-3(2)4/h1-2H3,"InChI=1S/CH4O/c1-2/h2H,1H3",,0.5,0.2,0.3,,0.7724210667445601,0.11690474641768722,0.11067418683775264,
-10.1,Celcius,molar,"InChI=1S/C10H22/c1-3-5-7-9-10-8-6-4-2/h3-10H2,1-2H3",InChI=1S/C3H6O/c1-3(2)4/h1-2H3,"InChI=1S/CH4O/c1-2/h2H,1H3",,0.5,0.22,0.28,,0.7691045376036693,0.12804307428823897,0.10285238810809173,
2.5,Celcius,molar,"InChI=1S/C10H22/c1-3-5-7-9-10-8-6-4-2/h3-10H2,1-2H3",InChI=1S/C3H6O/c1-3(2)4/h1-2H3,"InChI=1S/CH4O/c1-2/h2H,1H3",,0.56,0.04,0.4,,0.835002952668901,0.022567217693469033,0.14242982963763,
-8.8,Celcius,molar,"InChI=1S/C10H22/c1-3-5-7-9-10-8-6-4-2/h3-10H2,1-2H3",InChI=1S/C3H6O/c1-3(2)4/h1-2H3,"InChI=1S/CH4O/c1-2/h2H,1H3",,0.6,0.17,0.23,,0.8342046815554448,0.08943105139683147,0.07636426704772369,
-13.5,Celcius,molar,"InChI=1S/C10H22/c1-3-5-7-9-10-8-6-4-2/h3-10H2,1-2H3",InChI=1S/C3H6O/c1-3(2)4/h1-2H3,"InChI=1S/CH4O/c1-2/h2H,1H3",,0.6,0.25,0.15,,0.8214526830134358,0.12950584011147606,0.04904147687508812,
-13.2,Celcius,molar,"InChI=1S/C10H22/c1-3-5-7-9-10-8-6-4-2/h3-10H2,1-2H3",InChI=1S/C3H6O/c1-3(2)4/h1-2H3,"InChI=1S/CH4O/c1-2/h2H,1H3",,0.6,0.26,0.14,,0.8198860432756663,0.13442920614514153,0.04568475057919216,
-15.2,Celcius,molar,"InChI=1S/C10H22/c1-3-5-7-9-10-8-6-4-2/h3-10H2,1-2H3",InChI=1S/C3H6O/c1-3(2)4/h1-2H3,"InChI=1S/CH4O/c1-2/h2H,1H3",,0.6,0.33,0.07,,0.8090846792391324,0.16837387608594118,0.022541444674926383,
-3.5,Celcius,molar,"InChI=1S/C10H22/c1-3-5-7-9-10-8-6-4-2/h3-10H2,1-2H3",InChI=1S/C3H6O/c1-3(2)4/h1-2H3,"InChI=1S/CH4O/c1-2/h2H,1H3",,0.61,0.09,0.3,,0.8523189667850484,0.04758092384800231,0.10010010936694937,
-1.0,Celcius,molar,"InChI=1S/C10H22/c1-3-5-7-9-10-8-6-4-2/h3-10H2,1-2H3",InChI=1S/C3H6O/c1-3(2)4/h1-2H3,"InChI=1S/CH4O/c1-2/h2H,1H3",,0.62,0.08,0.3,,0.8588318762289933,0.041929964580291,0.09923815919071566,
-10.4,Celcius,molar,"InChI=1S/C10H22/c1-3-5-7-9-10-8-6-4-2/h3-10H2,1-2H3",InChI=1S/C3H6O/c1-3(2)4/h1-2H3,"InChI=1S/CH4O/c1-2/h2H,1H3",,0.62,0.18,0.2,,0.8425429352496097,0.09255308509495135,0.06490397965543898,
1.7,Celcius,molar,"InChI=1S/C10H22/c1-3-5-7-9-10-8-6-4-2/h3-10H2,1-2H3",InChI=1S/C3H6O/c1-3(2)4/h1-2H3,"InChI=1S/CH4O/c1-2/h2H,1H3",,0.66,0.04,0.3,,0.8837992229864214,0.020266918170176985,0.09593385884340154,
-7.3,Celcius,molar,"InChI=1S/C10H22/c1-3-5-7-9-10-8-6-4-2/h3-10H2,1-2H3",InChI=1S/C3H6O/c1-3(2)4/h1-2H3,"InChI=1S/CH4O/c1-2/h2H,1H3",,0.7,0.13,0.17,,0.8863173026435771,0.06228057059058129,0.05140212676584159,
-12.5,Celcius,molar,"InChI=1S/C10H22/c1-3-5-7-9-10-8-6-4-2/h3-10H2,1-2H3",InChI=1S/C3H6O/c1-3(2)4/h1-2H3,"InChI=1S/CH4O/c1-2/h2H,1H3",,0.7,0.2,0.1,,0.875487426655978,0.09464548733434104,0.02986708600968094,
-3.8,Celcius,molar,"InChI=1S/C10H22/c1-3-5-7-9-10-8-6-4-2/h3-10H2,1-2H3",InChI=1S/C3H6O/c1-3(2)4/h1-2H3,"InChI=1S/CH4O/c1-2/h2H,1H3",,0.72,0.08,0.2,,0.9022212393593751,0.037930501086124245,0.05984825955450064,
-12.5,Celcius,molar,"InChI=1S/C10H22/c1-3-5-7-9-10-8-6-4-2/h3-10H2,1-2H3",InChI=1S/C3H6O/c1-3(2)4/h1-2H3,"InChI=1S/CH4O/c1-2/h2H,1H3",,0.72,0.18,0.1,,0.8867135098183628,0.0838767079846602,0.029409782196976934,
0.2,Celcius,molar,"InChI=1S/C10H22/c1-3-5-7-9-10-8-6-4-2/h3-10H2,1-2H3",InChI=1S/C3H6O/c1-3(2)4/h1-2H3,"InChI=1S/CH4O/c1-2/h2H,1H3",,0.75,0.05,0.2,,0.9183531509447344,0.023165224006977646,0.058481625048287925,
2.0,Celcius,molar,"InChI=1S/C10H22/c1-3-5-7-9-10-8-6-4-2/h3-10H2,1-2H3",InChI=1S/C3H6O/c1-3(2)4/h1-2H3,"InChI=1S/CH4O/c1-2/h2H,1H3",,0.77,0.03,0.2,,0.928704593882333,0.013690716145099011,0.05760468997256801,
4.5,Celcius,molar,"InChI=1S/C10H22/c1-3-5-7-9-10-8-6-4-2/h3-10H2,1-2H3",InChI=1S/C3H6O/c1-3(2)4/h1-2H3,"InChI=1S/CH4O/c1-2/h2H,1H3",,0.8,0.02,0.18,,0.9405655651244803,0.008897072433522899,0.05053736244199683,
-9.5,Celcius,molar,"InChI=1S/C10H22/c1-3-5-7-9-10-8-6-4-2/h3-10H2,1-2H3",InChI=1S/C3H6O/c1-3(2)4/h1-2H3,"InChI=1S/CH4O/c1-2/h2H,1H3",,0.8,0.12,0.08,,0.9253809432356431,0.05252062111893047,0.022098435645426334,
-11.4,Celcius,molar,"InChI=1S/C10H22/c1-3-5-7-9-10-8-6-4-2/h3-10H2,1-2H3",InChI=1S/C3H6O/c1-3(2)4/h1-2H3,"InChI=1S/CH4O/c1-2/h2H,1H3",,0.8,0.14,0.06,,0.9224026637413657,0.0610768513279209,0.016520484930713404,
-13.8,Celcius,molar,"InChI=1S/C10H22/c1-3-5-7-9-10-8-6-4-2/h3-10H2,1-2H3",InChI=1S/C3H6O/c1-3(2)4/h1-2H3,"InChI=1S/CH4O/c1-2/h2H,1H3",,0.816,0.166,0.018,,0.9240092098909585,0.07112336110513266,0.004867429003908996,
-5.8,Celcius,molar,"InChI=1S/C10H22/c1-3-5-7-9-10-8-6-4-2/h3-10H2,1-2H3",InChI=1S/C3H6O/c1-3(2)4/h1-2H3,"InChI=1S/CH4O/c1-2/h2H,1H3",,0.82,0.08,0.1,,0.938054045347622,0.03462757177110039,0.02731838288127759,
-12.4,Celcius,molar,"InChI=1S/C10H22/c1-3-5-7-9-10-8-6-4-2/h3-10H2,1-2H3",InChI=1S/C3H6O/c1-3(2)4/h1-2H3,"InChI=1S/CH4O/c1-2/h2H,1H3",,0.834,0.134,0.032,,0.9346177145266007,0.056818635353561395,0.008563650119837873,
-9.5,Celcius,molar,"InChI=1S/C10H22/c1-3-5-7-9-10-8-6-4-2/h3-10H2,1-2H3",InChI=1S/C3H6O/c1-3(2)4/h1-2H3,"InChI=1S/CH4O/c1-2/h2H,1H3",,0.859,0.097,0.044,,0.9479045717431716,0.04050057891924444,0.011594849337584095,
5.5,Celcius,molar,"InChI=1S/C10H22/c1-3-5-7-9-10-8-6-4-2/h3-10H2,1-2H3",InChI=1S/C3H6O/c1-3(2)4/h1-2H3,"InChI=1S/CH4O/c1-2/h2H,1H3",,0.87,0.02,0.11,,0.9625641901497111,0.008372564205143223,0.029063245645145636,
1.5,Celcius,molar,"InChI=1S/C10H22/c1-3-5-7-9-10-8-6-4-2/h3-10H2,1-2H3",InChI=1S/C3H6O/c1-3(2)4/h1-2H3,"InChI=1S/CH4O/c1-2/h2H,1H3",,0.87,0.03,0.1,,0.961080120154182,0.012539483228167024,0.026380396617650927,
8.5,Celcius,molar,"InChI=1S/C10H22/c1-3-5-7-9-10-8-6-4-2/h3-10H2,1-2H3",InChI=1S/C3H6O/c1-3(2)4/h1-2H3,"InChI=1S/CH4O/c1-2/h2H,1H3",,0.95,0.025,0.025,,0.9840181256852623,0.009798002465913933,0.006183871848823732,
-18.5,Celcius,molar,"InChI=1S/C10H22/c1-3-5-7-9-10-8-6-4-2/h3-10H2,1-2H3",InChI=1S/C3H6O/c1-3(2)4/h1-2H3,,,0.01,0.99,,,0.02600188767113102,0.973998112328869,,
-19.2,Celcius,molar,"InChI=1S/C10H22/c1-3-5-7-9-10-8-6-4-2/h3-10H2,1-2H3",InChI=1S/C3H6O/c1-3(2)4/h1-2H3,,,0.02,0.98,,,0.05117658149531207,0.9488234185046879,,
-19.9,Celcius,molar,"InChI=1S/C10H22/c1-3-5-7-9-10-8-6-4-2/h3-10H2,1-2H3",InChI=1S/C3H6O/c1-3(2)4/h1-2H3,,,0.03,0.97,,,0.07556293650421868,0.9244370634957813,,
-18.6,Celcius,molar,"InChI=1S/C10H22/c1-3-5-7-9-10-8-6-4-2/h3-10H2,1-2H3",InChI=1S/C3H6O/c1-3(2)4/h1-2H3,,,0.05,0.95,,,0.12211425230161625,0.8778857476983838,,
-18.6,Celcius,molar,"InChI=1S/C10H22/c1-3-5-7-9-10-8-6-4-2/h3-10H2,1-2H3",InChI=1S/C3H6O/c1-3(2)4/h1-2H3,,,0.07,0.93,,,0.1659219174262033,0.8340780825737967,,
-18.4,Celcius,molar,"InChI=1S/C10H22/c1-3-5-7-9-10-8-6-4-2/h3-10H2,1-2H3",InChI=1S/C3H6O/c1-3(2)4/h1-2H3,,,0.1,0.9,,,0.22699720589025188,0.773002794109748,,
-18.6,Celcius,molar,"InChI=1S/C10H22/c1-3-5-7-9-10-8-6-4-2/h3-10H2,1-2H3",InChI=1S/C3H6O/c1-3(2)4/h1-2H3,,,0.12,0.88,,,0.26492017549673763,0.7350798245032624,,
-18.3,Celcius,molar,"InChI=1S/C10H22/c1-3-5-7-9-10-8-6-4-2/h3-10H2,1-2H3",InChI=1S/C3H6O/c1-3(2)4/h1-2H3,,,0.13,0.87,,,0.28311157467758014,0.7168884253224199,,
-18.5,Celcius,molar,"InChI=1S/C10H22/c1-3-5-7-9-10-8-6-4-2/h3-10H2,1-2H3",InChI=1S/C3H6O/c1-3(2)4/h1-2H3,,,0.15,0.85,,,0.31805570554552537,0.6819442944544747,,
-18.2,Celcius,molar,"InChI=1S/C10H22/c1-3-5-7-9-10-8-6-4-2/h3-10H2,1-2H3",InChI=1S/C3H6O/c1-3(2)4/h1-2H3,,,0.2,0.8,,,0.3978540236127158,0.6021459763872842,,
-17.9,Celcius,molar,"InChI=1S/C10H22/c1-3-5-7-9-10-8-6-4-2/h3-10H2,1-2H3",InChI=1S/C3H6O/c1-3(2)4/h1-2H3,,,0.22,0.78,,,0.4270770615953211,0.572922938404679,,
-18.4,Celcius,molar,"InChI=1S/C10H22/c1-3-5-7-9-10-8-6-4-2/h3-10H2,1-2H3",InChI=1S/C3H6O/c1-3(2)4/h1-2H3,,,0.25,0.75,,,0.4683591712273779,0.531640828772622,,
-17.8,Celcius,molar,"InChI=1S/C10H22/c1-3-5-7-9-10-8-6-4-2/h3-10H2,1-2H3",InChI=1S/C3H6O/c1-3(2)4/h1-2H3,,,0.27,0.73,,,0.4943145069455886,0.5056854930544114,,
-18.0,Celcius,molar,"InChI=1S/C10H22/c1-3-5-7-9-10-8-6-4-2/h3-10H2,1-2H3",InChI=1S/C3H6O/c1-3(2)4/h1-2H3,,,0.3,0.7,,,0.5311052199620666,0.4688947800379334,,
-17.6,Celcius,molar,"InChI=1S/C10H22/c1-3-5-7-9-10-8-6-4-2/h3-10H2,1-2H3",InChI=1S/C3H6O/c1-3(2)4/h1-2H3,,,0.4,0.6,,,0.6379354321543605,0.36206456784563956,,
-17.5,Celcius,molar,"InChI=1S/C10H22/c1-3-5-7-9-10-8-6-4-2/h3-10H2,1-2H3",InChI=1S/C3H6O/c1-3(2)4/h1-2H3,,,0.5,0.5,,,0.7254939878873782,0.27450601211262177,,
-17.5,Celcius,molar,"InChI=1S/C10H22/c1-3-5-7-9-10-8-6-4-2/h3-10H2,1-2H3",InChI=1S/C3H6O/c1-3(2)4/h1-2H3,,,0.6,0.4,,,0.7985642138030173,0.20143578619698269,,
-17.5,Celcius,molar,"InChI=1S/C10H22/c1-3-5-7-9-10-8-6-4-2/h3-10H2,1-2H3",InChI=1S/C3H6O/c1-3(2)4/h1-2H3,,,0.7,0.3,,,0.8604674022567548,0.13953259774324528,,
-14.8,Celcius,molar,"InChI=1S/C10H22/c1-3-5-7-9-10-8-6-4-2/h3-10H2,1-2H3",InChI=1S/C3H6O/c1-3(2)4/h1-2H3,,,0.8,0.2,,,0.9135817501081773,0.08641824989182262,,
-11.9,Celcius,molar,"InChI=1S/C10H22/c1-3-5-7-9-10-8-6-4-2/h3-10H2,1-2H3",InChI=1S/C3H6O/c1-3(2)4/h1-2H3,,,0.9,0.1,,,0.9596549158456587,0.040345084154341446,,
-11.6,Celcius,molar,"InChI=1S/C10H22/c1-3-5-7-9-10-8-6-4-2/h3-10H2,1-2H3",InChI=1S/C3H6O/c1-3(2)4/h1-2H3,,,0.92,0.08,,,0.9681462071941266,0.03185379280587328,,
-6.6,Celcius,molar,"InChI=1S/C10H22/c1-3-5-7-9-10-8-6-4-2/h3-10H2,1-2H3",InChI=1S/C3H6O/c1-3(2)4/h1-2H3,,,0.93,0.07,,,0.9723090743713169,0.027690925628683184,,
-0.7,Celcius,molar,"InChI=1S/C10H22/c1-3-5-7-9-10-8-6-4-2/h3-10H2,1-2H3",InChI=1S/C3H6O/c1-3(2)4/h1-2H3,,,0.95,0.05,,,0.9804745625494742,0.019525437450525842,,
11.9,Celcius,molar,"InChI=1S/C10H22/c1-3-5-7-9-10-8-6-4-2/h3-10H2,1-2H3",InChI=1S/C3H6O/c1-3(2)4/h1-2H3,,,0.97,0.03,,,0.9884331562677139,0.01156684373228622,,
21.3,Celcius,molar,"InChI=1S/C10H22/c1-3-5-7-9-10-8-6-4-2/h3-10H2,1-2H3",InChI=1S/C3H6O/c1-3(2)4/h1-2H3,,,0.98,0.02,,,0.9923373095292929,0.007662690470707079,,
27.7,Celcius,molar,"InChI=1S/C10H22/c1-3-5-7-9-10-8-6-4-2/h3-10H2,1-2H3",InChI=1S/C3H6O/c1-3(2)4/h1-2H3,,,0.99,0.01,,,0.9961926204888935,0.003807379511106596,,
41.9,Celcius,molar,"InChI=1S/C10H22/c1-3-5-7-9-10-8-6-4-2/h3-10H2,1-2H3",InChI=1S/C3H6O/c1-3(2)4/h1-2H3,,,0.995,0.005,,,0.9981022456346315,0.0018977543653685158,,
117.0,Celcius,molar,"InChI=1S/C12H18/c1-2-3-4-6-9-12-10-7-5-8-11-12/h5,7-8,10-11H,2-4,6,9H2,1H3","InChI=1S/C16H34/c1-3-5-7-9-11-13-15-16-14-12-10-8-6-4-2/h3-16H2,1-2H3",,,0.134,0.866,,,0.09106501014602326,0.9089349898539767,,
108.0,Celcius,molar,"InChI=1S/C12H18/c1-2-3-4-6-9-12-10-7-5-8-11-12/h5,7-8,10-11H,2-4,6,9H2,1H3","InChI=1S/C16H34/c1-3-5-7-9-11-13-15-16-14-12-10-8-6-4-2/h3-16H2,1-2H3",,,0.259,0.741,,,0.18454884106934957,0.8154511589306503,,
104.0,Celcius,molar,"InChI=1S/C12H18/c1-2-3-4-6-9-12-10-7-5-8-11-12/h5,7-8,10-11H,2-4,6,9H2,1H3","InChI=1S/C16H34/c1-3-5-7-9-11-13-15-16-14-12-10-8-6-4-2/h3-16H2,1-2H3",,,0.374,0.626,,,0.2789352245224553,0.7210647754775448,,
100.0,Celcius,molar,"InChI=1S/C12H18/c1-2-3-4-6-9-12-10-7-5-8-11-12/h5,7-8,10-11H,2-4,6,9H2,1H3","InChI=1S/C16H34/c1-3-5-7-9-11-13-15-16-14-12-10-8-6-4-2/h3-16H2,1-2H3",,,0.482,0.518,,,0.3759707383210082,0.6240292616789919,,
97.0,Celcius,molar,"InChI=1S/C12H18/c1-2-3-4-6-9-12-10-7-5-8-11-12/h5,7-8,10-11H,2-4,6,9H2,1H3","InChI=1S/C16H34/c1-3-5-7-9-11-13-15-16-14-12-10-8-6-4-2/h3-16H2,1-2H3",,,0.582,0.418,,,0.47410673435213535,0.5258932656478646,,
95.0,Celcius,molar,"InChI=1S/C12H18/c1-2-3-4-6-9-12-10-7-5-8-11-12/h5,7-8,10-11H,2-4,6,9H2,1H3","InChI=1S/C16H34/c1-3-5-7-9-11-13-15-16-14-12-10-8-6-4-2/h3-16H2,1-2H3",,,0.675,0.325,,,0.5735213099226869,0.4264786900773132,,
92.0,Celcius,molar,"InChI=1S/C12H18/c1-2-3-4-6-9-12-10-7-5-8-11-12/h5,7-8,10-11H,2-4,6,9H2,1H3","InChI=1S/C16H34/c1-3-5-7-9-11-13-15-16-14-12-10-8-6-4-2/h3-16H2,1-2H3",,,0.765,0.235,,,0.6782269544937748,0.32177304550622515,,
90.0,Celcius,molar,"InChI=1S/C12H18/c1-2-3-4-6-9-12-10-7-5-8-11-12/h5,7-8,10-11H,2-4,6,9H2,1H3","InChI=1S/C16H34/c1-3-5-7-9-11-13-15-16-14-12-10-8-6-4-2/h3-16H2,1-2H3",,,0.848,0.152,,,0.7831885345715298,0.21681146542847018,,
89.0,Celcius,molar,"InChI=1S/C12H18/c1-2-3-4-6-9-12-10-7-5-8-11-12/h5,7-8,10-11H,2-4,6,9H2,1H3","InChI=1S/C16H34/c1-3-5-7-9-11-13-15-16-14-12-10-8-6-4-2/h3-16H2,1-2H3",,,0.926,0.074,,,0.8901382788313427,0.1098617211686574,,
157.6,Celcius,molar,"InChI=1S/C12H24O2/c1-3-5-6-7-8-9-10-11-12(13)14-4-2/h3-11H2,1-2H3","InChI=1S/C20H40O2/c1-3-5-6-7-8-9-10-11-12-13-14-15-16-17-18-19-20(21)22-4-2/h3-19H2,1-2H3",,,0.093,0.907,,,0.06156206473600143,0.9384379352639985,,
141.9,Celcius,molar,"InChI=1S/C12H24O2/c1-3-5-6-7-8-9-10-11-12(13)14-4-2/h3-11H2,1-2H3","InChI=1S/C20H40O2/c1-3-5-6-7-8-9-10-11-12-13-14-15-16-17-18-19-20(21)22-4-2/h3-19H2,1-2H3",,,0.2,0.8,,,0.1378905146585042,0.8621094853414959,,
124.5,Celcius,molar,"InChI=1S/C12H24O2/c1-3-5-6-7-8-9-10-11-12(13)14-4-2/h3-11H2,1-2H3","InChI=1S/C20H40O2/c1-3-5-6-7-8-9-10-11-12-13-14-15-16-17-18-19-20(21)22-4-2/h3-19H2,1-2H3",,,0.4,0.6,,,0.29899398226539325,0.7010060177346068,,
118.3,Celcius,molar,"InChI=1S/C12H24O2/c1-3-5-6-7-8-9-10-11-12(13)14-4-2/h3-11H2,1-2H3","InChI=1S/C20H40O2/c1-3-5-6-7-8-9-10-11-12-13-14-15-16-17-18-19-20(21)22-4-2/h3-19H2,1-2H3",,,0.582,0.418,,,0.47112244760547106,0.5288775523945289,,
112.0,Celcius,molar,"InChI=1S/C12H24O2/c1-3-5-6-7-8-9-10-11-12(13)14-4-2/h3-11H2,1-2H3","InChI=1S/C20H40O2/c1-3-5-6-7-8-9-10-11-12-13-14-15-16-17-18-19-20(21)22-4-2/h3-19H2,1-2H3",,,0.8,0.2,,,0.7190322758795227,0.2809677241204773,,
39.85000000000002,Celcius,molar,"InChI=1S/C12H26/c1-10(8-11(2,3)4)9-12(5,6)7/h10H,8-9H2,1-7H3","InChI=1S/C9H12/c1-2-6-9-7-4-3-5-8-9/h3-5,7-8H,2,6H2,1H3",,,0.1,0.9,,,0.144643010715735,0.855356989284265,,
39.85000000000002,Celcius,molar,"InChI=1S/C12H26/c1-10(8-11(2,3)4)9-12(5,6)7/h10H,8-9H2,1-7H3","InChI=1S/C9H12/c1-2-6-9-7-4-3-5-8-9/h3-5,7-8H,2,6H2,1H3",,,0.2,0.8,,,0.27561461455270386,0.7243853854472961,,
39.85000000000002,Celcius,molar,"InChI=1S/C12H26/c1-10(8-11(2,3)4)9-12(5,6)7/h10H,8-9H2,1-7H3","InChI=1S/C9H12/c1-2-6-9-7-4-3-5-8-9/h3-5,7-8H,2,6H2,1H3",,,0.3,0.7,,,0.39476563953404425,0.6052343604659557,,
39.85000000000002,Celcius,molar,"InChI=1S/C12H26/c1-10(8-11(2,3)4)9-12(5,6)7/h10H,8-9H2,1-7H3","InChI=1S/C9H12/c1-2-6-9-7-4-3-5-8-9/h3-5,7-8H,2,6H2,1H3",,,0.4,0.6,,,0.5036272533089191,0.49637274669108084,,
40.85000000000002,Celcius,molar,"InChI=1S/C12H26/c1-10(8-11(2,3)4)9-12(5,6)7/h10H,8-9H2,1-7H3","InChI=1S/C9H12/c1-2-6-9-7-4-3-5-8-9/h3-5,7-8H,2,6H2,1H3",,,0.502,0.498,,,0.6053898746969465,0.39461012530305345,,
41.85000000000002,Celcius,molar,"InChI=1S/C12H26/c1-10(8-11(2,3)4)9-12(5,6)7/h10H,8-9H2,1-7H3","InChI=1S/C9H12/c1-2-6-9-7-4-3-5-8-9/h3-5,7-8H,2,6H2,1H3",,,0.6,0.4,,,0.6953897700857863,0.30461022991421366,,
41.85000000000002,Celcius,molar,"InChI=1S/C12H26/c1-10(8-11(2,3)4)9-12(5,6)7/h10H,8-9H2,1-7H3","InChI=1S/C9H12/c1-2-6-9-7-4-3-5-8-9/h3-5,7-8H,2,6H2,1H3",,,0.699,0.301,,,0.779458721983863,0.22054127801613707,,
42.85000000000002,Celcius,molar,"InChI=1S/C12H26/c1-10(8-11(2,3)4)9-12(5,6)7/h10H,8-9H2,1-7H3","InChI=1S/C9H12/c1-2-6-9-7-4-3-5-8-9/h3-5,7-8H,2,6H2,1H3",,,0.8,0.2,,,0.8589103124255608,0.14108968757443918,,
43.85000000000002,Celcius,molar,"InChI=1S/C12H26/c1-10(8-11(2,3)4)9-12(5,6)7/h10H,8-9H2,1-7H3","InChI=1S/C9H12/c1-2-6-9-7-4-3-5-8-9/h3-5,7-8H,2,6H2,1H3",,,0.899,0.101,,,0.931255496871937,0.06874450312806304,,
48.85000000000002,Celcius,molar,"InChI=1S/C12H26/c1-10(8-11(2,3)4)9-12(5,6)7/h10H,8-9H2,1-7H3","InChI=1S/C9H12/c1-7-4-5-8(2)9(3)6-7/h4-6H,1-3H3",,,0.101,0.899,,,0.14979589904452373,0.8502041009554764,,
47.85000000000002,Celcius,molar,"InChI=1S/C12H26/c1-10(8-11(2,3)4)9-12(5,6)7/h10H,8-9H2,1-7H3","InChI=1S/C9H12/c1-7-4-5-8(2)9(3)6-7/h4-6H,1-3H3",,,0.2,0.8,,,0.2816413328955021,0.7183586671044979,,
46.85000000000002,Celcius,molar,"InChI=1S/C12H26/c1-10(8-11(2,3)4)9-12(5,6)7/h10H,8-9H2,1-7H3","InChI=1S/C9H12/c1-7-4-5-8(2)9(3)6-7/h4-6H,1-3H3",,,0.3,0.7,,,0.40195206060102723,0.5980479393989727,,
46.85000000000002,Celcius,molar,"InChI=1S/C12H26/c1-10(8-11(2,3)4)9-12(5,6)7/h10H,8-9H2,1-7H3","InChI=1S/C9H12/c1-7-4-5-8(2)9(3)6-7/h4-6H,1-3H3",,,0.4,0.6,,,0.5111218313152913,0.48887816868470874,,
45.85000000000002,Celcius,molar,"InChI=1S/C12H26/c1-10(8-11(2,3)4)9-12(5,6)7/h10H,8-9H2,1-7H3","InChI=1S/C9H12/c1-7-4-5-8(2)9(3)6-7/h4-6H,1-3H3",,,0.502,0.498,,,0.6125300761851026,0.3874699238148975,,
45.85000000000002,Celcius,molar,"InChI=1S/C12H26/c1-10(8-11(2,3)4)9-12(5,6)7/h10H,8-9H2,1-7H3","InChI=1S/C9H12/c1-7-4-5-8(2)9(3)6-7/h4-6H,1-3H3",,,0.6,0.4,,,0.7017038953920699,0.2982961046079302,,
45.85000000000002,Celcius,molar,"InChI=1S/C12H26/c1-10(8-11(2,3)4)9-12(5,6)7/h10H,8-9H2,1-7H3","InChI=1S/C9H12/c1-7-4-5-8(2)9(3)6-7/h4-6H,1-3H3",,,0.7,0.3,,,0.7853730854066063,0.21462691459339375,,
45.85000000000002,Celcius,molar,"InChI=1S/C12H26/c1-10(8-11(2,3)4)9-12(5,6)7/h10H,8-9H2,1-7H3","InChI=1S/C9H12/c1-7-4-5-8(2)9(3)6-7/h4-6H,1-3H3",,,0.799,0.201,,,0.8617636102863642,0.13823638971363575,,
45.85000000000002,Celcius,molar,"InChI=1S/C12H26/c1-10(8-11(2,3)4)9-12(5,6)7/h10H,8-9H2,1-7H3","InChI=1S/C9H12/c1-7-4-5-8(2)9(3)6-7/h4-6H,1-3H3",,,0.908,0.092,,,0.9393127904722939,0.06068720952770611,,
46.85000000000002,Celcius,molar,"InChI=1S/C12H26/c1-10(8-11(2,3)4)9-12(5,6)7/h10H,8-9H2,1-7H3","InChI=1S/C9H12/c1-7-4-8(2)6-9(3)5-7/h4-6H,1-3H3",,,0.1,0.9,,,0.14654996223324804,0.8534500377667519,,
45.85000000000002,Celcius,molar,"InChI=1S/C12H26/c1-10(8-11(2,3)4)9-12(5,6)7/h10H,8-9H2,1-7H3","InChI=1S/C9H12/c1-7-4-8(2)6-9(3)5-7/h4-6H,1-3H3",,,0.2,0.8,,,0.27868569282647504,0.721314307173525,,
45.85000000000002,Celcius,molar,"InChI=1S/C12H26/c1-10(8-11(2,3)4)9-12(5,6)7/h10H,8-9H2,1-7H3","InChI=1S/C9H12/c1-7-4-8(2)6-9(3)5-7/h4-6H,1-3H3",,,0.3,0.7,,,0.39843412357758046,0.6015658764224195,,
44.85000000000002,Celcius,molar,"InChI=1S/C12H26/c1-10(8-11(2,3)4)9-12(5,6)7/h10H,8-9H2,1-7H3","InChI=1S/C9H12/c1-7-4-8(2)6-9(3)5-7/h4-6H,1-3H3",,,0.4,0.6,,,0.5074591656181853,0.4925408343818148,,
44.85000000000002,Celcius,molar,"InChI=1S/C12H26/c1-10(8-11(2,3)4)9-12(5,6)7/h10H,8-9H2,1-7H3","InChI=1S/C9H12/c1-7-4-8(2)6-9(3)5-7/h4-6H,1-3H3",,,0.502,0.498,,,0.6090460320206214,0.39095396797937854,,
44.85000000000002,Celcius,molar,"InChI=1S/C12H26/c1-10(8-11(2,3)4)9-12(5,6)7/h10H,8-9H2,1-7H3","InChI=1S/C9H12/c1-7-4-8(2)6-9(3)5-7/h4-6H,1-3H3",,,0.599,0.401,,,0.6977495301707213,0.3022504698292788,,
44.85000000000002,Celcius,molar,"InChI=1S/C12H26/c1-10(8-11(2,3)4)9-12(5,6)7/h10H,8-9H2,1-7H3","InChI=1S/C9H12/c1-7-4-8(2)6-9(3)5-7/h4-6H,1-3H3",,,0.699,0.301,,,0.7820826327481263,0.21791736725187372,,
44.85000000000002,Celcius,molar,"InChI=1S/C12H26/c1-10(8-11(2,3)4)9-12(5,6)7/h10H,8-9H2,1-7H3","InChI=1S/C9H12/c1-7-4-8(2)6-9(3)5-7/h4-6H,1-3H3",,,0.8,0.2,,,0.8607578053069882,0.13924219469301166,,
45.85000000000002,Celcius,molar,"InChI=1S/C12H26/c1-10(8-11(2,3)4)9-12(5,6)7/h10H,8-9H2,1-7H3","InChI=1S/C9H12/c1-7-4-8(2)6-9(3)5-7/h4-6H,1-3H3",,,0.9,0.1,,,0.9329259477821219,0.06707405221787796,,
63.0,Celcius,molar,"InChI=1S/C12H26/c1-3-5-7-9-11-12-10-8-6-4-2/h3-12H2,1-2H3","InChI=1S/C8H10/c1-2-8-6-4-3-5-7-8/h3-7H,2H2,1H3",,,0.921,0.079,,,0.9561931316977986,0.04380686830220133,,
68.0,Celcius,molar,"InChI=1S/C12H26/c1-3-5-7-9-11-12-10-8-6-4-2/h3-12H2,1-2H3","InChI=1S/C8H10/c1-7-3-5-8(2)6-4-7/h3-6H,1-2H3",,,0.922,0.078,,,0.957363527517715,0.04263647248228496,,
66.0,Celcius,molar,"InChI=1S/C12H26/c1-3-5-7-9-11-12-10-8-6-4-2/h3-12H2,1-2H3","InChI=1S/C8H10/c1-7-4-3-5-8(2)6-7/h3-6H,1-2H3",,,0.921,0.079,,,0.9568955281302146,0.043104471869785325,,
67.0,Celcius,molar,"InChI=1S/C12H26/c1-3-5-7-9-11-12-10-8-6-4-2/h3-12H2,1-2H3","InChI=1S/C8H10/c1-7-5-3-4-6-8(7)2/h3-6H,1-2H3",,,0.921,0.079,,,0.9574207237400869,0.04257927625991309,,
59.19999999999999,Celcius,molar,"InChI=1S/C12H26/c1-3-5-7-9-11-12-10-8-6-4-2/h3-12H2,1-2H3","InChI=1S/C8H16/c1-7-3-5-8(2)6-4-7/h7-8H,3-6H2,1-2H3/t7-,8+",,,0.926,0.074,,,0.9512599030694306,0.048740096930569375,,
57.69999999999999,Celcius,molar,"InChI=1S/C12H26/c1-3-5-7-9-11-12-10-8-6-4-2/h3-12H2,1-2H3","InChI=1S/C8H16/c1-7-3-5-8(2)6-4-7/h7-8H,3-6H2,1-2H3/t7-,8-",,,0.926,0.074,,,0.9519864872661,0.04801351273389995,,
62.5,Celcius,molar,"InChI=1S/C12H26/c1-3-5-7-9-11-12-10-8-6-4-2/h3-12H2,1-2H3","InChI=1S/C8H16/c1-7-5-3-4-6-8(7)2/h7-8H,3-6H2,1-2H3/t7-,8+",,,0.926,0.074,,,0.951771263732448,0.04822873626755201,,
58.2,Celcius,molar,"InChI=1S/C12H26/c1-3-5-7-9-11-12-10-8-6-4-2/h3-12H2,1-2H3","InChI=1S/C8H16/c1-7-5-3-4-6-8(7)2/h7-8H,3-6H2,1-2H3/t7-,8-/m1/s1",,,0.926,0.074,,,0.9522009466391946,0.047799053360805456,,
60.0,Celcius,molar,"InChI=1S/C12H26/c1-3-5-7-9-11-12-10-8-6-4-2/h3-12H2,1-2H3","InChI=1S/C8H18/c1-3-5-7-8-6-4-2/h3-8H2,1-2H3",,,0.927,0.073,,,0.9475108794257328,0.05248912057426717,,
57.0,Celcius,molar,"InChI=1S/C12H26/c1-3-5-7-9-11-12-10-8-6-4-2/h3-12H2,1-2H3","InChI=1S/C8H18/c1-4-5-6-7-8(2)3/h8H,4-7H2,1-3H3",,,0.927,0.073,,,0.9476487728161381,0.05235122718386189,,
54.19999999999999,Celcius,molar,"InChI=1S/C12H26/c1-3-5-7-9-11-12-10-8-6-4-2/h3-12H2,1-2H3","InChI=1S/C8H18/c1-4-6-7-8(3)5-2/h8H,4-7H2,1-3H3",,,0.927,0.073,,,0.948690963722742,0.05130903627725794,,
54.19999999999999,Celcius,molar,"InChI=1S/C12H26/c1-3-5-7-9-11-12-10-8-6-4-2/h3-12H2,1-2H3","InChI=1S/C8H18/c1-4-6-8(3)7-5-2/h8H,4-7H2,1-3H3",,,0.928,0.072,,,0.9487003491396367,0.051299650860363255,,
49.0,Celcius,molar,"InChI=1S/C12H26/c1-3-5-7-9-11-12-10-8-6-4-2/h3-12H2,1-2H3","InChI=1S/C8H18/c1-5-6-7-8(2,3)4/h5-7H2,1-4H3",,,0.927,0.073,,,0.9499608060354641,0.05003919396453599,,
53.69999999999999,Celcius,molar,"InChI=1S/C12H26/c1-3-5-7-9-11-12-10-8-6-4-2/h3-12H2,1-2H3","InChI=1S/C8H18/c1-5-7(3)8(4)6-2/h7-8H,5-6H2,1-4H3",,,0.928,0.072,,,0.9498646356381462,0.05013536436185392,,
51.6,Celcius,molar,"InChI=1S/C12H26/c1-3-5-7-9-11-12-10-8-6-4-2/h3-12H2,1-2H3","InChI=1S/C8H18/c1-5-7-8(3,4)6-2/h5-7H2,1-4H3",,,0.927,0.073,,,0.9502324868477895,0.04976751315221047,,
50.30000000000001,Celcius,molar,"InChI=1S/C12H26/c1-3-5-7-9-11-12-10-8-6-4-2/h3-12H2,1-2H3","InChI=1S/C8H18/c1-5-8(4)6-7(2)3/h7-8H,5-6H2,1-4H3",,,0.926,0.074,,,0.948125191458767,0.051874808541233115,,
49.19999999999999,Celcius,molar,"InChI=1S/C12H26/c1-3-5-7-9-11-12-10-8-6-4-2/h3-12H2,1-2H3","InChI=1S/C8H18/c1-5-8(4)6-7(2)3/h7-8H,5-6H2,1-4H3",,,0.928,0.072,,,0.9495597858229332,0.050440214177066664,,
53.0,Celcius,molar,"InChI=1S/C12H26/c1-3-5-7-9-11-12-10-8-6-4-2/h3-12H2,1-2H3","InChI=1S/C8H18/c1-6(2)8(5)7(3)4/h6-8H,1-5H3",,,0.927,0.073,,,0.9499601608613466,0.05003983913865344,,
50.19999999999999,Celcius,molar,"InChI=1S/C12H26/c1-3-5-7-9-11-12-10-8-6-4-2/h3-12H2,1-2H3","InChI=1S/C8H18/c1-6-7(2)8(3,4)5/h7H,6H2,1-5H3",,,0.926,0.074,,,0.9495097871044293,0.0504902128955707,,
50.5,Celcius,molar,"InChI=1S/C12H26/c1-3-5-7-9-11-12-10-8-6-4-2/h3-12H2,1-2H3","InChI=1S/C8H18/c1-7(2)5-6-8(3)4/h7-8H,5-6H2,1-4H3",,,0.927,0.073,,,0.9485311237459583,0.05146887625404184,,
43.0,Celcius,molar,"InChI=1S/C12H26/c1-3-5-7-9-11-12-10-8-6-4-2/h3-12H2,1-2H3","InChI=1S/C8H18/c1-7(2)6-8(3,4)5/h7H,6H2,1-5H3",,,0.927,0.073,,,0.949859132050517,0.05014086794948308,,
130.0,Celcius,molar,"InChI=1S/C14H22/c1-2-3-4-5-6-8-11-14-12-9-7-10-13-14/h7,9-10,12-13H,2-6,8,11H2,1H3","InChI=1S/C16H34/c1-3-5-7-9-11-13-15-16-14-12-10-8-6-4-2/h3-16H2,1-2H3",,,0.118,0.882,,,0.09261590814255995,0.9073840918574401,,
128.0,Celcius,molar,"InChI=1S/C14H22/c1-2-3-4-5-6-8-11-14-12-9-7-10-13-14/h7,9-10,12-13H,2-6,8,11H2,1H3","InChI=1S/C16H34/c1-3-5-7-9-11-13-15-16-14-12-10-8-6-4-2/h3-16H2,1-2H3",,,0.23,0.77,,,0.1855923119923156,0.8144076880076844,,
124.0,Celcius,molar,"InChI=1S/C14H22/c1-2-3-4-5-6-8-11-14-12-9-7-10-13-14/h7,9-10,12-13H,2-6,8,11H2,1H3","InChI=1S/C16H34/c1-3-5-7-9-11-13-15-16-14-12-10-8-6-4-2/h3-16H2,1-2H3",,,0.338,0.662,,,0.28033164415523065,0.7196683558447693,,
122.0,Celcius,molar,"InChI=1S/C14H22/c1-2-3-4-5-6-8-11-14-12-9-7-10-13-14/h7,9-10,12-13H,2-6,8,11H2,1H3","InChI=1S/C16H34/c1-3-5-7-9-11-13-15-16-14-12-10-8-6-4-2/h3-16H2,1-2H3",,,0.442,0.558,,,0.37668409637058126,0.6233159036294188,,
120.0,Celcius,molar,"InChI=1S/C14H22/c1-2-3-4-5-6-8-11-14-12-9-7-10-13-14/h7,9-10,12-13H,2-6,8,11H2,1H3","InChI=1S/C16H34/c1-3-5-7-9-11-13-15-16-14-12-10-8-6-4-2/h3-16H2,1-2H3",,,0.543,0.457,,,0.47547680388452207,0.5245231961154779,,
119.0,Celcius,molar,"InChI=1S/C14H22/c1-2-3-4-5-6-8-11-14-12-9-7-10-13-14/h7,9-10,12-13H,2-6,8,11H2,1H3","InChI=1S/C16H34/c1-3-5-7-9-11-13-15-16-14-12-10-8-6-4-2/h3-16H2,1-2H3",,,0.641,0.359,,,0.5766679062009142,0.42333209379908576,,
119.0,Celcius,molar,"InChI=1S/C14H22/c1-2-3-4-5-6-8-11-14-12-9-7-10-13-14/h7,9-10,12-13H,2-6,8,11H2,1H3","InChI=1S/C16H34/c1-3-5-7-9-11-13-15-16-14-12-10-8-6-4-2/h3-16H2,1-2H3",,,0.735,0.265,,,0.6790791544935857,0.32092084550641437,,
117.0,Celcius,molar,"InChI=1S/C14H22/c1-2-3-4-5-6-8-11-14-12-9-7-10-13-14/h7,9-10,12-13H,2-6,8,11H2,1H3","InChI=1S/C16H34/c1-3-5-7-9-11-13-15-16-14-12-10-8-6-4-2/h3-16H2,1-2H3",,,0.826,0.174,,,0.7836291397584274,0.21637086024157257,,
116.0,Celcius,molar,"InChI=1S/C14H22/c1-2-3-4-5-6-8-11-14-12-9-7-10-13-14/h7,9-10,12-13H,2-6,8,11H2,1H3","InChI=1S/C16H34/c1-3-5-7-9-11-13-15-16-14-12-10-8-6-4-2/h3-16H2,1-2H3",,,0.915,0.085,,,0.891453567913598,0.10854643208640201,,
147.7,Celcius,molar,"InChI=1S/C14H28O2/c1-3-5-6-7-8-9-10-11-12-13-14(15)16-4-2/h3-13H2,1-2H3","InChI=1S/C16H32O2/c1-3-5-6-7-8-9-10-11-12-13-14-15-16(17)18-4-2/h3-15H2,1-2H3",,,0.102,0.898,,,0.09292750552925355,0.9070724944707464,,
144.8,Celcius,molar,"InChI=1S/C14H28O2/c1-3-5-6-7-8-9-10-11-12-13-14(15)16-4-2/h3-13H2,1-2H3","InChI=1S/C16H32O2/c1-3-5-6-7-8-9-10-11-12-13-14-15-16(17)18-4-2/h3-15H2,1-2H3",,,0.205,0.795,,,0.18869110099609476,0.8113088990039052,,
139.8,Celcius,molar,"InChI=1S/C14H28O2/c1-3-5-6-7-8-9-10-11-12-13-14(15)16-4-2/h3-13H2,1-2H3","InChI=1S/C16H32O2/c1-3-5-6-7-8-9-10-11-12-13-14-15-16(17)18-4-2/h3-15H2,1-2H3",,,0.403,0.597,,,0.3784373924889569,0.6215626075110431,,
136.2,Celcius,molar,"InChI=1S/C14H28O2/c1-3-5-6-7-8-9-10-11-12-13-14(15)16-4-2/h3-13H2,1-2H3","InChI=1S/C16H32O2/c1-3-5-6-7-8-9-10-11-12-13-14-15-16(17)18-4-2/h3-15H2,1-2H3",,,0.6,0.4,,,0.5749948180979149,0.4250051819020852,,
133.0,Celcius,molar,"InChI=1S/C14H28O2/c1-3-5-6-7-8-9-10-11-12-13-14(15)16-4-2/h3-13H2,1-2H3","InChI=1S/C16H32O2/c1-3-5-6-7-8-9-10-11-12-13-14-15-16(17)18-4-2/h3-15H2,1-2H3",,,0.8,0.2,,,0.7829751202187846,0.21702487978121546,,
161.0,Celcius,molar,"InChI=1S/C14H28O2/c1-3-5-6-7-8-9-10-11-12-13-14(15)16-4-2/h3-13H2,1-2H3","InChI=1S/C18H36O2/c1-3-5-6-7-8-9-10-11-12-13-14-15-16-17-18(19)20-4-2/h3-17H2,1-2H3",,,0.104,0.896,,,0.08605571225298296,0.9139442877470171,,
155.0,Celcius,molar,"InChI=1S/C14H28O2/c1-3-5-6-7-8-9-10-11-12-13-14(15)16-4-2/h3-13H2,1-2H3","InChI=1S/C18H36O2/c1-3-5-6-7-8-9-10-11-12-13-14-15-16-17-18(19)20-4-2/h3-17H2,1-2H3",,,0.2,0.8,,,0.16860875013879498,0.8313912498612049,,
145.5,Celcius,molar,"InChI=1S/C14H28O2/c1-3-5-6-7-8-9-10-11-12-13-14(15)16-4-2/h3-13H2,1-2H3","InChI=1S/C18H36O2/c1-3-5-6-7-8-9-10-11-12-13-14-15-16-17-18(19)20-4-2/h3-17H2,1-2H3",,,0.4,0.6,,,0.35099001952990566,0.6490099804700944,,
140.1,Celcius,molar,"InChI=1S/C14H28O2/c1-3-5-6-7-8-9-10-11-12-13-14(15)16-4-2/h3-13H2,1-2H3","InChI=1S/C18H36O2/c1-3-5-6-7-8-9-10-11-12-13-14-15-16-17-18(19)20-4-2/h3-17H2,1-2H3",,,0.602,0.398,,,0.5509674224248645,0.4490325775751356,,
135.0,Celcius,molar,"InChI=1S/C14H28O2/c1-3-5-6-7-8-9-10-11-12-13-14(15)16-4-2/h3-13H2,1-2H3","InChI=1S/C18H36O2/c1-3-5-6-7-8-9-10-11-12-13-14-15-16-17-18(19)20-4-2/h3-17H2,1-2H3",,,0.799,0.201,,,0.7632951610685623,0.2367048389314376,,
166.4,Celcius,molar,"InChI=1S/C14H28O2/c1-3-5-6-7-8-9-10-11-12-13-14(15)16-4-2/h3-13H2,1-2H3","InChI=1S/C20H40O2/c1-3-5-6-7-8-9-10-11-12-13-14-15-16-17-18-19-20(21)22-4-2/h3-19H2,1-2H3",,,0.125,0.875,,,0.09601079025331999,0.9039892097466801,,
159.3,Celcius,molar,"InChI=1S/C14H28O2/c1-3-5-6-7-8-9-10-11-12-13-14(15)16-4-2/h3-13H2,1-2H3","InChI=1S/C20H40O2/c1-3-5-6-7-8-9-10-11-12-13-14-15-16-17-18-19-20(21)22-4-2/h3-19H2,1-2H3",,,0.22,0.78,,,0.173343645035539,0.8266563549644611,,
147.5,Celcius,molar,"InChI=1S/C14H28O2/c1-3-5-6-7-8-9-10-11-12-13-14(15)16-4-2/h3-13H2,1-2H3","InChI=1S/C20H40O2/c1-3-5-6-7-8-9-10-11-12-13-14-15-16-17-18-19-20(21)22-4-2/h3-19H2,1-2H3",,,0.4,0.6,,,0.3313884936200077,0.6686115063799922,,
140.8,Celcius,molar,"InChI=1S/C14H28O2/c1-3-5-6-7-8-9-10-11-12-13-14(15)16-4-2/h3-13H2,1-2H3","InChI=1S/C20H40O2/c1-3-5-6-7-8-9-10-11-12-13-14-15-16-17-18-19-20(21)22-4-2/h3-19H2,1-2H3",,,0.594,0.406,,,0.5210074927290983,0.4789925072709018,,
135.3,Celcius,molar,"InChI=1S/C14H28O2/c1-3-5-6-7-8-9-10-11-12-13-14(15)16-4-2/h3-13H2,1-2H3","InChI=1S/C20H40O2/c1-3-5-6-7-8-9-10-11-12-13-14-15-16-17-18-19-20(21)22-4-2/h3-19H2,1-2H3",,,0.79,0.21,,,0.7366208583199264,0.2633791416800736,,
167.0,Celcius,molar,"InChI=1S/C16H32O2/c1-3-5-6-7-8-9-10-11-12-13-14-15-16(17)18-4-2/h3-15H2,1-2H3","InChI=1S/C18H36O2/c1-3-5-6-7-8-9-10-11-12-13-14-15-16-17-18(19)20-4-2/h3-17H2,1-2H3",,,0.104,0.896,,,0.09452722940059868,0.9054727705994013,,
165.0,Celcius,molar,"InChI=1S/C16H32O2/c1-3-5-6-7-8-9-10-11-12-13-14-15-16(17)18-4-2/h3-15H2,1-2H3","InChI=1S/C18H36O2/c1-3-5-6-7-8-9-10-11-12-13-14-15-16-17-18(19)20-4-2/h3-17H2,1-2H3",,,0.2,0.8,,,0.18357464496643314,0.8164253550335668,,
160.2,Celcius,molar,"InChI=1S/C16H32O2/c1-3-5-6-7-8-9-10-11-12-13-14-15-16(17)18-4-2/h3-15H2,1-2H3","InChI=1S/C18H36O2/c1-3-5-6-7-8-9-10-11-12-13-14-15-16-17-18(19)20-4-2/h3-17H2,1-2H3",,,0.4,0.6,,,0.3748455030201691,0.6251544969798309,,
156.9,Celcius,molar,"InChI=1S/C16H32O2/c1-3-5-6-7-8-9-10-11-12-13-14-15-16(17)18-4-2/h3-15H2,1-2H3","InChI=1S/C18H36O2/c1-3-5-6-7-8-9-10-11-12-13-14-15-16-17-18(19)20-4-2/h3-17H2,1-2H3",,,0.6,0.4,,,0.5743069226564687,0.42569307734353123,,
153.5,Celcius,molar,"InChI=1S/C16H32O2/c1-3-5-6-7-8-9-10-11-12-13-14-15-16(17)18-4-2/h3-15H2,1-2H3","InChI=1S/C18H36O2/c1-3-5-6-7-8-9-10-11-12-13-14-15-16-17-18(19)20-4-2/h3-17H2,1-2H3",,,0.8,0.2,,,0.7824965164743067,0.21750348352569324,,
174.4,Celcius,molar,"InChI=1S/C16H32O2/c1-3-5-6-7-8-9-10-11-12-13-14-15-16(17)18-4-2/h3-15H2,1-2H3","InChI=1S/C20H40O2/c1-3-5-6-7-8-9-10-11-12-13-14-15-16-17-18-19-20(21)22-4-2/h3-19H2,1-2H3",,,0.181,0.819,,,0.15409623332470057,0.8459037666752995,,
170.74,Celcius,molar,"InChI=1S/C16H32O2/c1-3-5-6-7-8-9-10-11-12-13-14-15-16(17)18-4-2/h3-15H2,1-2H3","InChI=1S/C20H40O2/c1-3-5-6-7-8-9-10-11-12-13-14-15-16-17-18-19-20(21)22-4-2/h3-19H2,1-2H3",,,0.262,0.738,,,0.22638441726653347,0.7736155827334665,,
165.8,Celcius,molar,"InChI=1S/C16H32O2/c1-3-5-6-7-8-9-10-11-12-13-14-15-16(17)18-4-2/h3-15H2,1-2H3","InChI=1S/C20H40O2/c1-3-5-6-7-8-9-10-11-12-13-14-15-16-17-18-19-20(21)22-4-2/h3-19H2,1-2H3",,,0.403,0.597,,,0.35750221714133557,0.6424977828586644,,
157.8,Celcius,molar,"InChI=1S/C16H32O2/c1-3-5-6-7-8-9-10-11-12-13-14-15-16(17)18-4-2/h3-15H2,1-2H3","InChI=1S/C20H40O2/c1-3-5-6-7-8-9-10-11-12-13-14-15-16-17-18-19-20(21)22-4-2/h3-19H2,1-2H3",,,0.643,0.357,,,0.5975260944756146,0.4024739055243855,,
154.7,Celcius,molar,"InChI=1S/C16H32O2/c1-3-5-6-7-8-9-10-11-12-13-14-15-16(17)18-4-2/h3-15H2,1-2H3","InChI=1S/C20H40O2/c1-3-5-6-7-8-9-10-11-12-13-14-15-16-17-18-19-20(21)22-4-2/h3-19H2,1-2H3",,,0.813,0.187,,,0.7818331541784491,0.21816684582155096,,
156.0,Celcius,molar,"InChI=1S/C16H34/c1-3-5-7-9-11-13-15-16-14-12-10-8-6-4-2/h3-16H2,1-2H3","InChI=1S/C18H30/c1-2-3-4-5-6-7-8-9-10-12-15-18-16-13-11-14-17-18/h11,13-14,16-17H,2-10,12,15H2,1H3",,,0.108,0.892,,,0.10837589640363979,0.8916241035963602,,
151.0,Celcius,molar,"InChI=1S/C16H34/c1-3-5-7-9-11-13-15-16-14-12-10-8-6-4-2/h3-16H2,1-2H3","InChI=1S/C18H30/c1-2-3-4-5-6-7-8-9-10-12-15-18-16-13-11-14-17-18/h11,13-14,16-17H,2-10,12,15H2,1H3",,,0.214,0.786,,,0.2146560490200164,0.7853439509799837,,
148.0,Celcius,molar,"InChI=1S/C16H34/c1-3-5-7-9-11-13-15-16-14-12-10-8-6-4-2/h3-16H2,1-2H3","InChI=1S/C18H30/c1-2-3-4-5-6-7-8-9-10-12-15-18-16-13-11-14-17-18/h11,13-14,16-17H,2-10,12,15H2,1H3",,,0.318,0.682,,,0.3188455422979043,0.6811544577020956,,
144.0,Celcius,molar,"InChI=1S/C16H34/c1-3-5-7-9-11-13-15-16-14-12-10-8-6-4-2/h3-16H2,1-2H3","InChI=1S/C18H30/c1-2-3-4-5-6-7-8-9-10-12-15-18-16-13-11-14-17-18/h11,13-14,16-17H,2-10,12,15H2,1H3",,,0.421,0.579,,,0.42194997054190664,0.5780500294580934,,
142.0,Celcius,molar,"InChI=1S/C16H34/c1-3-5-7-9-11-13-15-16-14-12-10-8-6-4-2/h3-16H2,1-2H3","InChI=1S/C18H30/c1-2-3-4-5-6-7-8-9-10-12-15-18-16-13-11-14-17-18/h11,13-14,16-17H,2-10,12,15H2,1H3",,,0.521,0.479,,,0.5219721952534369,0.4780278047465632,,
139.0,Celcius,molar,"InChI=1S/C16H34/c1-3-5-7-9-11-13-15-16-14-12-10-8-6-4-2/h3-16H2,1-2H3","InChI=1S/C18H30/c1-2-3-4-5-6-7-8-9-10-12-15-18-16-13-11-14-17-18/h11,13-14,16-17H,2-10,12,15H2,1H3",,,0.62,0.38,,,0.6209174619967305,0.37908253800326946,,
137.0,Celcius,molar,"InChI=1S/C16H34/c1-3-5-7-9-11-13-15-16-14-12-10-8-6-4-2/h3-16H2,1-2H3","InChI=1S/C18H30/c1-2-3-4-5-6-7-8-9-10-12-15-18-16-13-11-14-17-18/h11,13-14,16-17H,2-10,12,15H2,1H3",,,0.717,0.283,,,0.7177898677329233,0.2822101322670767,,
136.0,Celcius,molar,"InChI=1S/C16H34/c1-3-5-7-9-11-13-15-16-14-12-10-8-6-4-2/h3-16H2,1-2H3","InChI=1S/C18H30/c1-2-3-4-5-6-7-8-9-10-12-15-18-16-13-11-14-17-18/h11,13-14,16-17H,2-10,12,15H2,1H3",,,0.813,0.187,,,0.8135915870645398,0.18640841293546015,,
134.0,Celcius,molar,"InChI=1S/C16H34/c1-3-5-7-9-11-13-15-16-14-12-10-8-6-4-2/h3-16H2,1-2H3","InChI=1S/C18H30/c1-2-3-4-5-6-7-8-9-10-12-15-18-16-13-11-14-17-18/h11,13-14,16-17H,2-10,12,15H2,1H3",,,0.907,0.093,,,0.9073281088371206,0.0926718911628794,,
36.85,Celcius,molar,"InChI=1S/C2H4O2/c1-2(3)4/h1H3,(H,3,4)","InChI=1S/C4H10O/c1-2-3-4-5/h5H,2-4H2,1H3","InChI=1S/C7H14O2/c1-3-5-7(8)9-6-4-2/h3-6H2,1-2H3",,0.1,0.1,0.8,,0.0441265598436814,0.07113676139987682,0.8847366787564418,
36.05,Celcius,molar,"InChI=1S/C2H4O2/c1-2(3)4/h1H3,(H,3,4)","InChI=1S/C4H10O/c1-2-3-4-5/h5H,2-4H2,1H3","InChI=1S/C7H14O2/c1-3-5-7(8)9-6-4-2/h3-6H2,1-2H3",,0.1,0.2,0.7,,0.04593910197069316,0.14811754858709017,0.8059433494422168,
35.73,Celcius,molar,"InChI=1S/C2H4O2/c1-2(3)4/h1H3,(H,3,4)","InChI=1S/C4H10O/c1-2-3-4-5/h5H,2-4H2,1H3","InChI=1S/C7H14O2/c1-3-5-7(8)9-6-4-2/h3-6H2,1-2H3",,0.1,0.3,0.6,,0.04790692639607661,0.23169335687022663,0.7203997167336968,
35.23,Celcius,molar,"InChI=1S/C2H4O2/c1-2(3)4/h1H3,(H,3,4)","InChI=1S/C4H10O/c1-2-3-4-5/h5H,2-4H2,1H3","InChI=1S/C7H14O2/c1-3-5-7(8)9-6-4-2/h3-6H2,1-2H3",,0.1,0.4,0.5,,0.05005088093117294,0.32274961721624673,0.6271995018525803,
34.55,Celcius,molar,"InChI=1S/C2H4O2/c1-2(3)4/h1H3,(H,3,4)","InChI=1S/C4H10O/c1-2-3-4-5/h5H,2-4H2,1H3","InChI=1S/C7H14O2/c1-3-5-7(8)9-6-4-2/h3-6H2,1-2H3",,0.1,0.5,0.4,,0.05239572019300966,0.4223376872056968,0.5252665926012936,
34.8,Celcius,molar,"InChI=1S/C2H4O2/c1-2(3)4/h1H3,(H,3,4)","InChI=1S/C4H10O/c1-2-3-4-5/h5H,2-4H2,1H3","InChI=1S/C7H14O2/c1-3-5-7(8)9-6-4-2/h3-6H2,1-2H3",,0.1,0.6,0.3,,0.05497106573754997,0.5317156290164303,0.4133133052460197,
35.1,Celcius,molar,"InChI=1S/C2H4O2/c1-2(3)4/h1H3,(H,3,4)","InChI=1S/C4H10O/c1-2-3-4-5/h5H,2-4H2,1H3","InChI=1S/C7H14O2/c1-3-5-7(8)9-6-4-2/h3-6H2,1-2H3",,0.1,0.7,0.2,,0.05781266398374423,0.6524016349314917,0.28978570108476404,
35.78,Celcius,molar,"InChI=1S/C2H4O2/c1-2(3)4/h1H3,(H,3,4)","InChI=1S/C4H10O/c1-2-3-4-5/h5H,2-4H2,1H3","InChI=1S/C7H14O2/c1-3-5-7(8)9-6-4-2/h3-6H2,1-2H3",,0.1,0.8,0.1,,0.06096405555725814,0.7862449263225767,0.15279101812016505,
37.68,Celcius,molar,"InChI=1S/C2H4O2/c1-2(3)4/h1H3,(H,3,4)","InChI=1S/C4H10O/c1-2-3-4-5/h5H,2-4H2,1H3","InChI=1S/C7H14O2/c1-3-5-7(8)9-6-4-2/h3-6H2,1-2H3",,0.2,0.1,0.7,,0.09453654048228417,0.07620153653130315,0.8292619229864127,
37.0,Celcius,molar,"InChI=1S/C2H4O2/c1-2(3)4/h1H3,(H,3,4)","InChI=1S/C4H10O/c1-2-3-4-5/h5H,2-4H2,1H3","InChI=1S/C7H14O2/c1-3-5-7(8)9-6-4-2/h3-6H2,1-2H3",,0.2,0.2,0.6,,0.09870839682809487,0.15912855428112446,0.7421630488907807,
36.7,Celcius,molar,"InChI=1S/C2H4O2/c1-2(3)4/h1H3,(H,3,4)","InChI=1S/C4H10O/c1-2-3-4-5/h5H,2-4H2,1H3","InChI=1S/C7H14O2/c1-3-5-7(8)9-6-4-2/h3-6H2,1-2H3",,0.2,0.3,0.5,,0.10326545643193488,0.24971253688496461,0.6470220066831006,
36.43,Celcius,molar,"InChI=1S/C2H4O2/c1-2(3)4/h1H3,(H,3,4)","InChI=1S/C4H10O/c1-2-3-4-5/h5H,2-4H2,1H3","InChI=1S/C7H14O2/c1-3-5-7(8)9-6-4-2/h3-6H2,1-2H3",,0.2,0.4,0.4,,0.1082636524624087,0.34906530854796997,0.5426710389896214,
36.33,Celcius,molar,"InChI=1S/C2H4O2/c1-2(3)4/h1H3,(H,3,4)","InChI=1S/C4H10O/c1-2-3-4-5/h5H,2-4H2,1H3","InChI=1S/C7H14O2/c1-3-5-7(8)9-6-4-2/h3-6H2,1-2H3",,0.2,0.5,0.3,,0.11377029786771975,0.4585248976171767,0.4277048045151036,
36.6,Celcius,molar,"InChI=1S/C2H4O2/c1-2(3)4/h1H3,(H,3,4)","InChI=1S/C4H10O/c1-2-3-4-5/h5H,2-4H2,1H3","InChI=1S/C7H14O2/c1-3-5-7(8)9-6-4-2/h3-6H2,1-2H3",,0.2,0.6,0.2,,0.11986713453080036,0.579716146852006,0.3004167186171936,
37.73,Celcius,molar,"InChI=1S/C2H4O2/c1-2(3)4/h1H3,(H,3,4)","InChI=1S/C4H10O/c1-2-3-4-5/h5H,2-4H2,1H3","InChI=1S/C7H14O2/c1-3-5-7(8)9-6-4-2/h3-6H2,1-2H3",,0.2,0.7,0.1,,0.12665441834548946,0.7146319154495996,0.15871366620491106,
38.1,Celcius,molar,"InChI=1S/C2H4O2/c1-2(3)4/h1H3,(H,3,4)","InChI=1S/C4H10O/c1-2-3-4-5/h5H,2-4H2,1H3","InChI=1S/C7H14O2/c1-3-5-7(8)9-6-4-2/h3-6H2,1-2H3",,0.3,0.1,0.6,,0.15267491648883402,0.0820427964812028,0.7652822870299631,
37.33,Celcius,molar,"InChI=1S/C2H4O2/c1-2(3)4/h1H3,(H,3,4)","InChI=1S/C4H10O/c1-2-3-4-5/h5H,2-4H2,1H3","InChI=1S/C7H14O2/c1-3-5-7(8)9-6-4-2/h3-6H2,1-2H3",,0.3,0.2,0.5,,0.15995347984096397,0.17190814437435298,0.668138375784683,
37.73,Celcius,molar,"InChI=1S/C2H4O2/c1-2(3)4/h1H3,(H,3,4)","InChI=1S/C4H10O/c1-2-3-4-5/h5H,2-4H2,1H3","InChI=1S/C7H14O2/c1-3-5-7(8)9-6-4-2/h3-6H2,1-2H3",,0.3,0.3,0.4,,0.1679607751499561,0.2707708379875365,0.5612683868625074,
37.4,Celcius,molar,"InChI=1S/C2H4O2/c1-2(3)4/h1H3,(H,3,4)","InChI=1S/C4H10O/c1-2-3-4-5/h5H,2-4H2,1H3","InChI=1S/C7H14O2/c1-3-5-7(8)9-6-4-2/h3-6H2,1-2H3",,0.3,0.4,0.3,,0.17681201107335598,0.38005330996161213,0.4431346789650319,
37.83,Celcius,molar,"InChI=1S/C2H4O2/c1-2(3)4/h1H3,(H,3,4)","InChI=1S/C4H10O/c1-2-3-4-5/h5H,2-4H2,1H3","InChI=1S/C7H14O2/c1-3-5-7(8)9-6-4-2/h3-6H2,1-2H3",,0.3,0.5,0.2,,0.1866480324188307,0.5014945116565696,0.31185745592459974,
38.73,Celcius,molar,"InChI=1S/C2H4O2/c1-2(3)4/h1H3,(H,3,4)","InChI=1S/C4H10O/c1-2-3-4-5/h5H,2-4H2,1H3","InChI=1S/C7H14O2/c1-3-5-7(8)9-6-4-2/h3-6H2,1-2H3",,0.3,0.6,0.1,,0.19764287086209664,0.6372431386770288,0.16511399046087463,
38.4,Celcius,molar,"InChI=1S/C2H4O2/c1-2(3)4/h1H3,(H,3,4)","InChI=1S/C4H10O/c1-2-3-4-5/h5H,2-4H2,1H3","InChI=1S/C7H14O2/c1-3-5-7(8)9-6-4-2/h3-6H2,1-2H3",,0.4,0.1,0.5,,0.22046650546780203,0.08885393089607348,0.6906795636361245,
38.45,Celcius,molar,"InChI=1S/C2H4O2/c1-2(3)4/h1H3,(H,3,4)","InChI=1S/C4H10O/c1-2-3-4-5/h5H,2-4H2,1H3","InChI=1S/C7H14O2/c1-3-5-7(8)9-6-4-2/h3-6H2,1-2H3",,0.4,0.2,0.4,,0.2318947377187995,0.18691963168471876,0.5811856305964817,
38.45,Celcius,molar,"InChI=1S/C2H4O2/c1-2(3)4/h1H3,(H,3,4)","InChI=1S/C4H10O/c1-2-3-4-5/h5H,2-4H2,1H3","InChI=1S/C7H14O2/c1-3-5-7(8)9-6-4-2/h3-6H2,1-2H3",,0.4,0.3,0.3,,0.2445725448956986,0.29570793926898287,0.45971951583531845,
38.5,Celcius,molar,"InChI=1S/C2H4O2/c1-2(3)4/h1H3,(H,3,4)","InChI=1S/C4H10O/c1-2-3-4-5/h5H,2-4H2,1H3","InChI=1S/C7H14O2/c1-3-5-7(8)9-6-4-2/h3-6H2,1-2H3",,0.4,0.4,0.2,,0.2587167241672832,0.4170791909100326,0.3242040849226842,
39.73,Celcius,molar,"InChI=1S/C2H4O2/c1-2(3)4/h1H3,(H,3,4)","InChI=1S/C4H10O/c1-2-3-4-5/h5H,2-4H2,1H3","InChI=1S/C7H14O2/c1-3-5-7(8)9-6-4-2/h3-6H2,1-2H3",,0.4,0.5,0.1,,0.2745973025729317,0.5533504895741816,0.17205220785288672,
38.5,Celcius,molar,"InChI=1S/C2H4O2/c1-2(3)4/h1H3,(H,3,4)","InChI=1S/C4H10O/c1-2-3-4-5/h5H,2-4H2,1H3","InChI=1S/C7H14O2/c1-3-5-7(8)9-6-4-2/h3-6H2,1-2H3",,0.5,0.1,0.4,,0.3005331821439234,0.09689836391802618,0.6025684539380505,
38.8,Celcius,molar,"InChI=1S/C2H4O2/c1-2(3)4/h1H3,(H,3,4)","InChI=1S/C4H10O/c1-2-3-4-5/h5H,2-4H2,1H3","InChI=1S/C7H14O2/c1-3-5-7(8)9-6-4-2/h3-6H2,1-2H3",,0.5,0.2,0.3,,0.31760232178782277,0.20480364356617692,0.47759403464600025,
39.2,Celcius,molar,"InChI=1S/C2H4O2/c1-2(3)4/h1H3,(H,3,4)","InChI=1S/C4H10O/c1-2-3-4-5/h5H,2-4H2,1H3","InChI=1S/C7H14O2/c1-3-5-7(8)9-6-4-2/h3-6H2,1-2H3",,0.5,0.3,0.2,,0.3367271403503837,0.3257042242788578,0.3375686353707585,
40.1,Celcius,molar,"InChI=1S/C2H4O2/c1-2(3)4/h1H3,(H,3,4)","InChI=1S/C4H10O/c1-2-3-4-5/h5H,2-4H2,1H3","InChI=1S/C7H14O2/c1-3-5-7(8)9-6-4-2/h3-6H2,1-2H3",,0.5,0.4,0.1,,0.35830278807828264,0.46209811115534205,0.17959910076637534,
38.5,Celcius,molar,"InChI=1S/C2H4O2/c1-2(3)4/h1H3,(H,3,4)","InChI=1S/C4H10O/c1-2-3-4-5/h5H,2-4H2,1H3","InChI=1S/C7H14O2/c1-3-5-7(8)9-6-4-2/h3-6H2,1-2H3",,0.6,0.1,0.3,,0.39654083196690726,0.10654441319418424,0.49691475483890846,
38.95,Celcius,molar,"InChI=1S/C2H4O2/c1-2(3)4/h1H3,(H,3,4)","InChI=1S/C4H10O/c1-2-3-4-5/h5H,2-4H2,1H3","InChI=1S/C7H14O2/c1-3-5-7(8)9-6-4-2/h3-6H2,1-2H3",,0.6,0.2,0.2,,0.4214456745617556,0.22647192152538118,0.3520824039128632,
39.98,Celcius,molar,"InChI=1S/C2H4O2/c1-2(3)4/h1H3,(H,3,4)","InChI=1S/C4H10O/c1-2-3-4-5/h5H,2-4H2,1H3","InChI=1S/C7H14O2/c1-3-5-7(8)9-6-4-2/h3-6H2,1-2H3",,0.6,0.3,0.1,,0.4496884672067172,0.3624730922746204,0.1878384405186624,
38.7,Celcius,molar,"InChI=1S/C2H4O2/c1-2(3)4/h1H3,(H,3,4)","InChI=1S/C4H10O/c1-2-3-4-5/h5H,2-4H2,1H3","InChI=1S/C7H14O2/c1-3-5-7(8)9-6-4-2/h3-6H2,1-2H3",,0.7,0.1,0.2,,0.5137764463403294,0.11832327160027732,0.36790028205939335,
40.03,Celcius,molar,"InChI=1S/C2H4O2/c1-2(3)4/h1H3,(H,3,4)","InChI=1S/C4H10O/c1-2-3-4-5/h5H,2-4H2,1H3","InChI=1S/C7H14O2/c1-3-5-7(8)9-6-4-2/h3-6H2,1-2H3",,0.7,0.2,0.1,,0.549862179819521,0.25326771014492355,0.1968701100355555,
39.5,Celcius,molar,"InChI=1S/C2H4O2/c1-2(3)4/h1H3,(H,3,4)","InChI=1S/C4H10O/c1-2-3-4-5/h5H,2-4H2,1H3","InChI=1S/C7H14O2/c1-3-5-7(8)9-6-4-2/h3-6H2,1-2H3",,0.8,0.1,0.1,,0.6601555972011125,0.13303022989796148,0.206814172900926,
22.6,Celcius,molar,"InChI=1S/C2H4O2/c1-2(3)4/h1H3,(H,3,4)","InChI=1S/C4H10O/c1-2-3-4-5/h5H,2-4H2,1H3","InChI=1S/C8H10/c1-2-8-6-4-3-5-7-8/h3-7H,2H2,1H3",,0.1,0.2,0.7,,0.05524510913681223,0.17812211788534918,0.7666327729778387,
22.35,Celcius,molar,"InChI=1S/C2H4O2/c1-2(3)4/h1H3,(H,3,4)","InChI=1S/C4H10O/c1-2-3-4-5/h5H,2-4H2,1H3","InChI=1S/C8H10/c1-2-8-6-4-3-5-7-8/h3-7H,2H2,1H3",,0.1,0.3,0.6,,0.05639891294441149,0.27276334440425576,0.6708377426513328,
22.75,Celcius,molar,"InChI=1S/C2H4O2/c1-2(3)4/h1H3,(H,3,4)","InChI=1S/C4H10O/c1-2-3-4-5/h5H,2-4H2,1H3","InChI=1S/C8H10/c1-2-8-6-4-3-5-7-8/h3-7H,2H2,1H3",,0.1,0.4,0.5,,0.05760193956955336,0.3714420925488203,0.5709559678816264,
23.1,Celcius,molar,"InChI=1S/C2H4O2/c1-2(3)4/h1H3,(H,3,4)","InChI=1S/C4H10O/c1-2-3-4-5/h5H,2-4H2,1H3","InChI=1S/C8H10/c1-2-8-6-4-3-5-7-8/h3-7H,2H2,1H3",,0.1,0.5,0.4,,0.05885740753253077,0.47442236275489885,0.46672022971257043,
24.15,Celcius,molar,"InChI=1S/C2H4O2/c1-2(3)4/h1H3,(H,3,4)","InChI=1S/C4H10O/c1-2-3-4-5/h5H,2-4H2,1H3","InChI=1S/C8H10/c1-2-8-6-4-3-5-7-8/h3-7H,2H2,1H3",,0.1,0.6,0.3,,0.060168822203833336,0.5819916844623814,0.3578394933337853,
26.15,Celcius,molar,"InChI=1S/C2H4O2/c1-2(3)4/h1H3,(H,3,4)","InChI=1S/C4H10O/c1-2-3-4-5/h5H,2-4H2,1H3","InChI=1S/C8H10/c1-2-8-6-4-3-5-7-8/h3-7H,2H2,1H3",,0.1,0.7,0.2,,0.061540008489269146,0.6944637971255936,0.24399619438513717,
29.2,Celcius,molar,"InChI=1S/C2H4O2/c1-2(3)4/h1H3,(H,3,4)","InChI=1S/C4H10O/c1-2-3-4-5/h5H,2-4H2,1H3","InChI=1S/C8H10/c1-2-8-6-4-3-5-7-8/h3-7H,2H2,1H3",,0.1,0.8,0.1,,0.06297514808847343,0.812181706357628,0.12484314555389855,
23.5,Celcius,molar,"InChI=1S/C2H4O2/c1-2(3)4/h1H3,(H,3,4)","InChI=1S/C4H10O/c1-2-3-4-5/h5H,2-4H2,1H3","InChI=1S/C8H10/c1-2-8-6-4-3-5-7-8/h3-7H,2H2,1H3",,0.2,0.1,0.7,,0.11435731965501127,0.09217815065854101,0.7934645296864478,
23.1,Celcius,molar,"InChI=1S/C2H4O2/c1-2(3)4/h1H3,(H,3,4)","InChI=1S/C4H10O/c1-2-3-4-5/h5H,2-4H2,1H3","InChI=1S/C8H10/c1-2-8-6-4-3-5-7-8/h3-7H,2H2,1H3",,0.2,0.2,0.6,,0.11683109244539765,0.18834428917225635,0.694824618382346,
23.3,Celcius,molar,"InChI=1S/C2H4O2/c1-2(3)4/h1H3,(H,3,4)","InChI=1S/C4H10O/c1-2-3-4-5/h5H,2-4H2,1H3","InChI=1S/C8H10/c1-2-8-6-4-3-5-7-8/h3-7H,2H2,1H3",,0.2,0.3,0.5,,0.11941425668769896,0.2887629417236183,0.5918228015886827,
23.85,Celcius,molar,"InChI=1S/C2H4O2/c1-2(3)4/h1H3,(H,3,4)","InChI=1S/C4H10O/c1-2-3-4-5/h5H,2-4H2,1H3","InChI=1S/C8H10/c1-2-8-6-4-3-5-7-8/h3-7H,2H2,1H3",,0.2,0.4,0.4,,0.12211423245748536,0.3937225584151726,0.4841632091273421,
24.9,Celcius,molar,"InChI=1S/C2H4O2/c1-2(3)4/h1H3,(H,3,4)","InChI=1S/C4H10O/c1-2-3-4-5/h5H,2-4H2,1H3","InChI=1S/C8H10/c1-2-8-6-4-3-5-7-8/h3-7H,2H2,1H3",,0.2,0.5,0.3,,0.12493912643094143,0.5035382804546674,0.37152259311439106,
26.95,Celcius,molar,"InChI=1S/C2H4O2/c1-2(3)4/h1H3,(H,3,4)","InChI=1S/C4H10O/c1-2-3-4-5/h5H,2-4H2,1H3","InChI=1S/C8H10/c1-2-8-6-4-3-5-7-8/h3-7H,2H2,1H3",,0.2,0.6,0.2,,0.12789781318190274,0.6185551005188886,0.2535470862992085,
29.6,Celcius,molar,"InChI=1S/C2H4O2/c1-2(3)4/h1H3,(H,3,4)","InChI=1S/C4H10O/c1-2-3-4-5/h5H,2-4H2,1H3","InChI=1S/C8H10/c1-2-8-6-4-3-5-7-8/h3-7H,2H2,1H3",,0.2,0.7,0.1,,0.1310000283102544,0.7391514830531993,0.12984848863654627,
24.2,Celcius,molar,"InChI=1S/C2H4O2/c1-2(3)4/h1H3,(H,3,4)","InChI=1S/C4H10O/c1-2-3-4-5/h5H,2-4H2,1H3","InChI=1S/C8H10/c1-2-8-6-4-3-5-7-8/h3-7H,2H2,1H3",,0.3,0.1,0.6,,0.18174522985654612,0.09766428728088124,0.7205904828625727,
23.8,Celcius,molar,"InChI=1S/C2H4O2/c1-2(3)4/h1H3,(H,3,4)","InChI=1S/C4H10O/c1-2-3-4-5/h5H,2-4H2,1H3","InChI=1S/C8H10/c1-2-8-6-4-3-5-7-8/h3-7H,2H2,1H3",,0.3,0.2,0.5,,0.1859160950569327,0.19981116348541025,0.614272741457657,
24.85,Celcius,molar,"InChI=1S/C2H4O2/c1-2(3)4/h1H3,(H,3,4)","InChI=1S/C4H10O/c1-2-3-4-5/h5H,2-4H2,1H3","InChI=1S/C8H10/c1-2-8-6-4-3-5-7-8/h3-7H,2H2,1H3",,0.3,0.3,0.4,,0.1902828907516053,0.3067564896476752,0.5029606196007195,
25.35,Celcius,molar,"InChI=1S/C2H4O2/c1-2(3)4/h1H3,(H,3,4)","InChI=1S/C4H10O/c1-2-3-4-5/h5H,2-4H2,1H3","InChI=1S/C8H10/c1-2-8-6-4-3-5-7-8/h3-7H,2H2,1H3",,0.3,0.4,0.3,,0.19485975505801026,0.41884651635674736,0.3862937285852424,
27.35,Celcius,molar,"InChI=1S/C2H4O2/c1-2(3)4/h1H3,(H,3,4)","InChI=1S/C4H10O/c1-2-3-4-5/h5H,2-4H2,1H3","InChI=1S/C8H10/c1-2-8-6-4-3-5-7-8/h3-7H,2H2,1H3",,0.3,0.5,0.2,,0.1996622198716279,0.5364616286235584,0.26387615150481375,
31.25,Celcius,molar,"InChI=1S/C2H4O2/c1-2(3)4/h1H3,(H,3,4)","InChI=1S/C4H10O/c1-2-3-4-5/h5H,2-4H2,1H3","InChI=1S/C8H10/c1-2-8-6-4-3-5-7-8/h3-7H,2H2,1H3",,0.3,0.6,0.1,,0.20470738695945329,0.6600206585110482,0.13527195452949867,
24.65,Celcius,molar,"InChI=1S/C2H4O2/c1-2(3)4/h1H3,(H,3,4)","InChI=1S/C4H10O/c1-2-3-4-5/h5H,2-4H2,1H3","InChI=1S/C8H10/c1-2-8-6-4-3-5-7-8/h3-7H,2H2,1H3",,0.4,0.1,0.5,,0.2576621674701155,0.10384478301746268,0.6384930495124219,
24.7,Celcius,molar,"InChI=1S/C2H4O2/c1-2(3)4/h1H3,(H,3,4)","InChI=1S/C4H10O/c1-2-3-4-5/h5H,2-4H2,1H3","InChI=1S/C8H10/c1-2-8-6-4-3-5-7-8/h3-7H,2H2,1H3",,0.4,0.2,0.4,,0.2639585899803204,0.21276482124820256,0.523276588771477,
25.85,Celcius,molar,"InChI=1S/C2H4O2/c1-2(3)4/h1H3,(H,3,4)","InChI=1S/C4H10O/c1-2-3-4-5/h5H,2-4H2,1H3","InChI=1S/C8H10/c1-2-8-6-4-3-5-7-8/h3-7H,2H2,1H3",,0.4,0.3,0.3,,0.27057044875996095,0.3271415025918518,0.40228804864818724,
27.5,Celcius,molar,"InChI=1S/C2H4O2/c1-2(3)4/h1H3,(H,3,4)","InChI=1S/C4H10O/c1-2-3-4-5/h5H,2-4H2,1H3","InChI=1S/C8H10/c1-2-8-6-4-3-5-7-8/h3-7H,2H2,1H3",,0.4,0.4,0.2,,0.2775220567667857,0.4473954100514096,0.2750825331818048,
31.1,Celcius,molar,"InChI=1S/C2H4O2/c1-2(3)4/h1H3,(H,3,4)","InChI=1S/C4H10O/c1-2-3-4-5/h5H,2-4H2,1H3","InChI=1S/C8H10/c1-2-8-6-4-3-5-7-8/h3-7H,2H2,1H3",,0.4,0.5,0.1,,0.2848402914816445,0.5739914895921399,0.14116821892621553,
25.3,Celcius,molar,"InChI=1S/C2H4O2/c1-2(3)4/h1H3,(H,3,4)","InChI=1S/C4H10O/c1-2-3-4-5/h5H,2-4H2,1H3","InChI=1S/C8H10/c1-2-8-6-4-3-5-7-8/h3-7H,2H2,1H3",,0.5,0.1,0.4,,0.3438367540362378,0.11086036717583095,0.5453028787879313,
25.75,Celcius,molar,"InChI=1S/C2H4O2/c1-2(3)4/h1H3,(H,3,4)","InChI=1S/C4H10O/c1-2-3-4-5/h5H,2-4H2,1H3","InChI=1S/C8H10/c1-2-8-6-4-3-5-7-8/h3-7H,2H2,1H3",,0.5,0.2,0.3,,0.3528214773335707,0.22751447054782545,0.41966405211860375,
27.75,Celcius,molar,"InChI=1S/C2H4O2/c1-2(3)4/h1H3,(H,3,4)","InChI=1S/C4H10O/c1-2-3-4-5/h5H,2-4H2,1H3","InChI=1S/C8H10/c1-2-8-6-4-3-5-7-8/h3-7H,2H2,1H3",,0.5,0.3,0.2,,0.362288355405665,0.3504286813349253,0.2872829632594096,
31.1,Celcius,molar,"InChI=1S/C2H4O2/c1-2(3)4/h1H3,(H,3,4)","InChI=1S/C4H10O/c1-2-3-4-5/h5H,2-4H2,1H3","InChI=1S/C8H10/c1-2-8-6-4-3-5-7-8/h3-7H,2H2,1H3",,0.5,0.4,0.1,,0.3722772697669173,0.48012080538925384,0.1476019248438288,
25.6,Celcius,molar,"InChI=1S/C2H4O2/c1-2(3)4/h1H3,(H,3,4)","InChI=1S/C4H10O/c1-2-3-4-5/h5H,2-4H2,1H3","InChI=1S/C8H10/c1-2-8-6-4-3-5-7-8/h3-7H,2H2,1H3",,0.6,0.1,0.3,,0.44249858766193734,0.1188925542114939,0.4386088581265688,
27.35,Celcius,molar,"InChI=1S/C2H4O2/c1-2(3)4/h1H3,(H,3,4)","InChI=1S/C4H10O/c1-2-3-4-5/h5H,2-4H2,1H3","InChI=1S/C8H10/c1-2-8-6-4-3-5-7-8/h3-7H,2H2,1H3",,0.6,0.2,0.2,,0.45492270810580615,0.24446144798469194,0.30061584390950186,
30.7,Celcius,molar,"InChI=1S/C2H4O2/c1-2(3)4/h1H3,(H,3,4)","InChI=1S/C4H10O/c1-2-3-4-5/h5H,2-4H2,1H3","InChI=1S/C8H10/c1-2-8-6-4-3-5-7-8/h3-7H,2H2,1H3",,0.6,0.3,0.1,,0.4680646519991917,0.37728528562997315,0.15465006237083517,
27.7,Celcius,molar,"InChI=1S/C2H4O2/c1-2(3)4/h1H3,(H,3,4)","InChI=1S/C4H10O/c1-2-3-4-5/h5H,2-4H2,1H3","InChI=1S/C8H10/c1-2-8-6-4-3-5-7-8/h3-7H,2H2,1H3",,0.7,0.1,0.2,,0.5565739061880376,0.12817957291855137,0.31524652089341104,
30.65,Celcius,molar,"InChI=1S/C2H4O2/c1-2(3)4/h1H3,(H,3,4)","InChI=1S/C4H10O/c1-2-3-4-5/h5H,2-4H2,1H3","InChI=1S/C8H10/c1-2-8-6-4-3-5-7-8/h3-7H,2H2,1H3",,0.7,0.2,0.1,,0.5734586432914296,0.2641362922921994,0.1624050644163709,
30.2,Celcius,molar,"InChI=1S/C2H4O2/c1-2(3)4/h1H3,(H,3,4)","InChI=1S/C4H10O/c1-2-3-4-5/h5H,2-4H2,1H3","InChI=1S/C8H10/c1-2-8-6-4-3-5-7-8/h3-7H,2H2,1H3",,0.8,0.1,0.1,,0.6899807231150111,0.1390403938258042,0.17097888305918474,
38.35,Celcius,molar,"InChI=1S/C2H4O2/c1-2(3)4/h1H3,(H,3,4)","InChI=1S/C4H10O/c1-2-3-4-5/h5H,2-4H2,1H3",,,0.1,0.9,,,0.06447882209120405,0.935521177908796,,
39.65,Celcius,molar,"InChI=1S/C2H4O2/c1-2(3)4/h1H3,(H,3,4)","InChI=1S/C4H10O/c1-2-3-4-5/h5H,2-4H2,1H3",,,0.2,0.8,,,0.13425647546045094,0.8657435245395491,,
40.75,Celcius,molar,"InChI=1S/C2H4O2/c1-2(3)4/h1H3,(H,3,4)","InChI=1S/C4H10O/c1-2-3-4-5/h5H,2-4H2,1H3",,,0.3,0.7,,,0.210014131443298,0.7899858685567019,,
41.85,Celcius,molar,"InChI=1S/C2H4O2/c1-2(3)4/h1H3,(H,3,4)","InChI=1S/C4H10O/c1-2-3-4-5/h5H,2-4H2,1H3",,,0.4,0.6,,,0.2925549421978394,0.7074450578021605,,
42.6,Celcius,molar,"InChI=1S/C2H4O2/c1-2(3)4/h1H3,(H,3,4)","InChI=1S/C4H10O/c1-2-3-4-5/h5H,2-4H2,1H3",,,0.5,0.5,,,0.3828326250502479,0.617167374949752,,
43.35,Celcius,molar,"InChI=1S/C2H4O2/c1-2(3)4/h1H3,(H,3,4)","InChI=1S/C4H10O/c1-2-3-4-5/h5H,2-4H2,1H3",,,0.6,0.4,,,0.4819884800454773,0.5180115199545228,,
43.2,Celcius,molar,"InChI=1S/C2H4O2/c1-2(3)4/h1H3,(H,3,4)","InChI=1S/C4H10O/c1-2-3-4-5/h5H,2-4H2,1H3",,,0.7,0.3,,,0.5913998935263868,0.4086001064736133,,
42.75,Celcius,molar,"InChI=1S/C2H4O2/c1-2(3)4/h1H3,(H,3,4)","InChI=1S/C4H10O/c1-2-3-4-5/h5H,2-4H2,1H3",,,0.8,0.2,,,0.712744712439406,0.287255287560594,,
41.55,Celcius,molar,"InChI=1S/C2H4O2/c1-2(3)4/h1H3,(H,3,4)","InChI=1S/C4H10O/c1-2-3-4-5/h5H,2-4H2,1H3",,,0.9,0.1,,,0.8480878973439611,0.15191210265603902,,
-3.0,Celcius,molar,"InChI=1S/C2H4O2/c1-2(3)4/h1H3,(H,3,4)","InChI=1S/C4H8O/c1-3-4(2)5/h3H2,1-2H3",,,0.149,0.851,,,0.10506559959353953,0.8949344004064603,,
0.0,Celcius,molar,"InChI=1S/C2H4O2/c1-2(3)4/h1H3,(H,3,4)","InChI=1S/C4H8O/c1-3-4(2)5/h3H2,1-2H3",,,0.283,0.717,,,0.20927043983552632,0.7907295601644737,,
1.0,Celcius,molar,"InChI=1S/C2H4O2/c1-2(3)4/h1H3,(H,3,4)","InChI=1S/C4H8O/c1-3-4(2)5/h3H2,1-2H3",,,0.403,0.597,,,0.3115934607707085,0.6884065392292915,,
1.0,Celcius,molar,"InChI=1S/C2H4O2/c1-2(3)4/h1H3,(H,3,4)","InChI=1S/C4H8O/c1-3-4(2)5/h3H2,1-2H3",,,0.512,0.488,,,0.41297254782991,0.58702745217009,,
4.0,Celcius,molar,"InChI=1S/C2H4O2/c1-2(3)4/h1H3,(H,3,4)","InChI=1S/C4H8O/c1-3-4(2)5/h3H2,1-2H3",,,0.612,0.388,,,0.514003151806517,0.48599684819348293,,
10.0,Celcius,molar,"InChI=1S/C2H4O2/c1-2(3)4/h1H3,(H,3,4)","InChI=1S/C4H8O/c1-3-4(2)5/h3H2,1-2H3",,,0.703,0.297,,,0.6134707564917438,0.3865292435082562,,
18.0,Celcius,molar,"InChI=1S/C2H4O2/c1-2(3)4/h1H3,(H,3,4)","InChI=1S/C4H8O/c1-3-4(2)5/h3H2,1-2H3",,,0.786,0.214,,,0.7112126965068358,0.2887873034931642,,
24.0,Celcius,molar,"InChI=1S/C2H4O2/c1-2(3)4/h1H3,(H,3,4)","InChI=1S/C4H8O/c1-3-4(2)5/h3H2,1-2H3",,,0.863,0.137,,,0.8085683023533968,0.19143169764660317,,
32.0,Celcius,molar,"InChI=1S/C2H4O2/c1-2(3)4/h1H3,(H,3,4)","InChI=1S/C4H8O/c1-3-4(2)5/h3H2,1-2H3",,,0.934,0.066,,,0.9046610590845805,0.09533894091541949,,
50.6,Celcius,molar,"InChI=1S/C2H4O2/c1-2(3)4/h1H3,(H,3,4)","InChI=1S/C5H12O/c1-2-3-4-5-6/h6H,2-5H2,1H3",,,0.1,0.9,,,0.05459254188608778,0.9454074581139122,,
50.3,Celcius,molar,"InChI=1S/C2H4O2/c1-2(3)4/h1H3,(H,3,4)","InChI=1S/C5H12O/c1-2-3-4-5-6/h6H,2-5H2,1H3",,,0.2,0.8,,,0.11498646498608965,0.8850135350139103,,
49.8,Celcius,molar,"InChI=1S/C2H4O2/c1-2(3)4/h1H3,(H,3,4)","InChI=1S/C5H12O/c1-2-3-4-5-6/h6H,2-5H2,1H3",,,0.3,0.7,,,0.18215840361923566,0.8178415963807644,,
49.1,Celcius,molar,"InChI=1S/C2H4O2/c1-2(3)4/h1H3,(H,3,4)","InChI=1S/C5H12O/c1-2-3-4-5-6/h6H,2-5H2,1H3",,,0.4,0.6,,,0.2573172402379993,0.7426827597620008,,
48.4,Celcius,molar,"InChI=1S/C2H4O2/c1-2(3)4/h1H3,(H,3,4)","InChI=1S/C5H12O/c1-2-3-4-5-6/h6H,2-5H2,1H3",,,0.5,0.5,,,0.3419775062864479,0.658022493713552,,
47.6,Celcius,molar,"InChI=1S/C2H4O2/c1-2(3)4/h1H3,(H,3,4)","InChI=1S/C5H12O/c1-2-3-4-5-6/h6H,2-5H2,1H3",,,0.6,0.4,,,0.4380624989375374,0.5619375010624625,,
46.1,Celcius,molar,"InChI=1S/C2H4O2/c1-2(3)4/h1H3,(H,3,4)","InChI=1S/C5H12O/c1-2-3-4-5-6/h6H,2-5H2,1H3",,,0.7,0.3,,,0.5480521645876243,0.45194783541237576,,
44.1,Celcius,molar,"InChI=1S/C2H4O2/c1-2(3)4/h1H3,(H,3,4)","InChI=1S/C5H12O/c1-2-3-4-5-6/h6H,2-5H2,1H3",,,0.8,0.2,,,0.675200191720089,0.32479980827991106,,
43.1,Celcius,molar,"InChI=1S/C2H4O2/c1-2(3)4/h1H3,(H,3,4)","InChI=1S/C5H12O/c1-2-3-4-5-6/h6H,2-5H2,1H3",,,0.9,0.1,,,0.8238612982276292,0.1761387017723707,,
37.48,Celcius,molar,"InChI=1S/C2H4O2/c1-2(3)4/h1H3,(H,3,4)","InChI=1S/C5H12O/c1-3-4-5(2)6/h5-6H,3-4H2,1-2H3","InChI=1S/C7H14O2/c1-3-5-7(8)9-6-4-2/h3-6H2,1-2H3",,0.1,0.1,0.8,,0.04356368338982449,0.08298529996063081,0.8734510166495447,
36.38,Celcius,molar,"InChI=1S/C2H4O2/c1-2(3)4/h1H3,(H,3,4)","InChI=1S/C5H12O/c1-3-4-5(2)6/h5-6H,3-4H2,1-2H3","InChI=1S/C7H14O2/c1-3-5-7(8)9-6-4-2/h3-6H2,1-2H3",,0.1,0.2,0.7,,0.04473558009605381,0.17043533715750878,0.7848290827464375,
35.3,Celcius,molar,"InChI=1S/C2H4O2/c1-2(3)4/h1H3,(H,3,4)","InChI=1S/C5H12O/c1-3-4-5(2)6/h5-6H,3-4H2,1-2H3","InChI=1S/C7H14O2/c1-3-5-7(8)9-6-4-2/h3-6H2,1-2H3",,0.1,0.3,0.6,,0.045972269631154514,0.26272038691545485,0.6913073434533907,
35.18,Celcius,molar,"InChI=1S/C2H4O2/c1-2(3)4/h1H3,(H,3,4)","InChI=1S/C5H12O/c1-3-4-5(2)6/h5-6H,3-4H2,1-2H3","InChI=1S/C7H14O2/c1-3-5-7(8)9-6-4-2/h3-6H2,1-2H3",,0.1,0.4,0.5,,0.04727927824734002,0.36025283281661874,0.5924678889360412,
34.88,Celcius,molar,"InChI=1S/C2H4O2/c1-2(3)4/h1H3,(H,3,4)","InChI=1S/C5H12O/c1-3-4-5(2)6/h5-6H,3-4H2,1-2H3","InChI=1S/C7H14O2/c1-3-5-7(8)9-6-4-2/h3-6H2,1-2H3",,0.1,0.5,0.4,,0.04866277904039698,0.46349332762441486,0.4878438933351882,
34.5,Celcius,molar,"InChI=1S/C2H4O2/c1-2(3)4/h1H3,(H,3,4)","InChI=1S/C5H12O/c1-3-4-5(2)6/h5-6H,3-4H2,1-2H3","InChI=1S/C7H14O2/c1-3-5-7(8)9-6-4-2/h3-6H2,1-2H3",,0.1,0.6,0.3,,0.05012968944325065,0.5729580685116877,0.37691224204506163,
34.53,Celcius,molar,"InChI=1S/C2H4O2/c1-2(3)4/h1H3,(H,3,4)","InChI=1S/C5H12O/c1-3-4-5(2)6/h5-6H,3-4H2,1-2H3","InChI=1S/C7H14O2/c1-3-5-7(8)9-6-4-2/h3-6H2,1-2H3",,0.1,0.7,0.2,,0.05168778690090888,0.6892274290315141,0.25908478406757707,
34.95,Celcius,molar,"InChI=1S/C2H4O2/c1-2(3)4/h1H3,(H,3,4)","InChI=1S/C5H12O/c1-3-4-5(2)6/h5-6H,3-4H2,1-2H3","InChI=1S/C7H14O2/c1-3-5-7(8)9-6-4-2/h3-6H2,1-2H3",,0.1,0.8,0.1,,0.05334584680938738,0.8129562524852804,0.13369790070533222,
38.13,Celcius,molar,"InChI=1S/C2H4O2/c1-2(3)4/h1H3,(H,3,4)","InChI=1S/C5H12O/c1-3-4-5(2)6/h5-6H,3-4H2,1-2H3","InChI=1S/C7H14O2/c1-3-5-7(8)9-6-4-2/h3-6H2,1-2H3",,0.2,0.1,0.7,,0.09324595103245711,0.08881300448471927,0.8179410444828237,
37.03,Celcius,molar,"InChI=1S/C2H4O2/c1-2(3)4/h1H3,(H,3,4)","InChI=1S/C5H12O/c1-3-4-5(2)6/h5-6H,3-4H2,1-2H3","InChI=1S/C7H14O2/c1-3-5-7(8)9-6-4-2/h3-6H2,1-2H3",,0.2,0.2,0.6,,0.09593557354149936,0.18274952271588793,0.7213149037426128,
36.48,Celcius,molar,"InChI=1S/C2H4O2/c1-2(3)4/h1H3,(H,3,4)","InChI=1S/C5H12O/c1-3-4-5(2)6/h5-6H,3-4H2,1-2H3","InChI=1S/C7H14O2/c1-3-5-7(8)9-6-4-2/h3-6H2,1-2H3",,0.2,0.3,0.5,,0.09878496554118024,0.2822660766657149,0.6189489577931049,
36.3,Celcius,molar,"InChI=1S/C2H4O2/c1-2(3)4/h1H3,(H,3,4)","InChI=1S/C5H12O/c1-3-4-5(2)6/h5-6H,3-4H2,1-2H3","InChI=1S/C7H14O2/c1-3-5-7(8)9-6-4-2/h3-6H2,1-2H3",,0.2,0.4,0.4,,0.10180879878731398,0.38787508532715903,0.510316115885527,
36.23,Celcius,molar,"InChI=1S/C2H4O2/c1-2(3)4/h1H3,(H,3,4)","InChI=1S/C5H12O/c1-3-4-5(2)6/h5-6H,3-4H2,1-2H3","InChI=1S/C7H14O2/c1-3-5-7(8)9-6-4-2/h3-6H2,1-2H3",,0.2,0.5,0.3,,0.10502359818602522,0.5001536899682701,0.39482271184570467,
35.98,Celcius,molar,"InChI=1S/C2H4O2/c1-2(3)4/h1H3,(H,3,4)","InChI=1S/C5H12O/c1-3-4-5(2)6/h5-6H,3-4H2,1-2H3","InChI=1S/C7H14O2/c1-3-5-7(8)9-6-4-2/h3-6H2,1-2H3",,0.2,0.6,0.2,,0.10844804391692789,0.6197543059473268,0.27179765013574525,
36.55,Celcius,molar,"InChI=1S/C2H4O2/c1-2(3)4/h1H3,(H,3,4)","InChI=1S/C5H12O/c1-3-4-5(2)6/h5-6H,3-4H2,1-2H3","InChI=1S/C7H14O2/c1-3-5-7(8)9-6-4-2/h3-6H2,1-2H3",,0.2,0.7,0.1,,0.11210333465550086,0.7474173084503997,0.14047935689409952,
38.75,Celcius,molar,"InChI=1S/C2H4O2/c1-2(3)4/h1H3,(H,3,4)","InChI=1S/C5H12O/c1-3-4-5(2)6/h5-6H,3-4H2,1-2H3","InChI=1S/C7H14O2/c1-3-5-7(8)9-6-4-2/h3-6H2,1-2H3",,0.3,0.1,0.6,,0.15043321087371436,0.09552104074615464,0.7540457483801309,
37.75,Celcius,molar,"InChI=1S/C2H4O2/c1-2(3)4/h1H3,(H,3,4)","InChI=1S/C5H12O/c1-3-4-5(2)6/h5-6H,3-4H2,1-2H3","InChI=1S/C7H14O2/c1-3-5-7(8)9-6-4-2/h3-6H2,1-2H3",,0.3,0.2,0.5,,0.15511029033671436,0.1969817206898436,0.647907988973442,
37.7,Celcius,molar,"InChI=1S/C2H4O2/c1-2(3)4/h1H3,(H,3,4)","InChI=1S/C5H12O/c1-3-4-5(2)6/h5-6H,3-4H2,1-2H3","InChI=1S/C7H14O2/c1-3-5-7(8)9-6-4-2/h3-6H2,1-2H3",,0.3,0.3,0.4,,0.1600875296913292,0.30495382019267925,0.5349586501159915,
37.1,Celcius,molar,"InChI=1S/C2H4O2/c1-2(3)4/h1H3,(H,3,4)","InChI=1S/C5H12O/c1-3-4-5(2)6/h5-6H,3-4H2,1-2H3","InChI=1S/C7H14O2/c1-3-5-7(8)9-6-4-2/h3-6H2,1-2H3",,0.3,0.4,0.3,,0.16539478181036965,0.42008494269984975,0.4145202754897806,
37.65,Celcius,molar,"InChI=1S/C2H4O2/c1-2(3)4/h1H3,(H,3,4)","InChI=1S/C5H12O/c1-3-4-5(2)6/h5-6H,3-4H2,1-2H3","InChI=1S/C7H14O2/c1-3-5-7(8)9-6-4-2/h3-6H2,1-2H3",,0.3,0.5,0.2,,0.17106599406046624,0.5431115142070816,0.2858224917324521,
38.43,Celcius,molar,"InChI=1S/C2H4O2/c1-2(3)4/h1H3,(H,3,4)","InChI=1S/C5H12O/c1-3-4-5(2)6/h5-6H,3-4H2,1-2H3","InChI=1S/C7H14O2/c1-3-5-7(8)9-6-4-2/h3-6H2,1-2H3",,0.3,0.6,0.1,,0.17713993520616908,0.6748745521148584,0.1479855126789726,
38.85,Celcius,molar,"InChI=1S/C2H4O2/c1-2(3)4/h1H3,(H,3,4)","InChI=1S/C5H12O/c1-3-4-5(2)6/h5-6H,3-4H2,1-2H3","InChI=1S/C7H14O2/c1-3-5-7(8)9-6-4-2/h3-6H2,1-2H3",,0.4,0.1,0.5,,0.21696495305285024,0.103325179995228,0.6797098669519217,
38.33,Celcius,molar,"InChI=1S/C2H4O2/c1-2(3)4/h1H3,(H,3,4)","InChI=1S/C5H12O/c1-3-4-5(2)6/h5-6H,3-4H2,1-2H3","InChI=1S/C7H14O2/c1-3-5-7(8)9-6-4-2/h3-6H2,1-2H3",,0.4,0.2,0.4,,0.22428025581952862,0.2136178905934517,0.5621018535870196,
38.38,Celcius,molar,"InChI=1S/C2H4O2/c1-2(3)4/h1H3,(H,3,4)","InChI=1S/C5H12O/c1-3-4-5(2)6/h5-6H,3-4H2,1-2H3","InChI=1S/C7H14O2/c1-3-5-7(8)9-6-4-2/h3-6H2,1-2H3",,0.4,0.3,0.3,,0.2321060641319604,0.3316074856833245,0.43628645018471507,
38.6,Celcius,molar,"InChI=1S/C2H4O2/c1-2(3)4/h1H3,(H,3,4)","InChI=1S/C5H12O/c1-3-4-5(2)6/h5-6H,3-4H2,1-2H3","InChI=1S/C7H14O2/c1-3-5-7(8)9-6-4-2/h3-6H2,1-2H3",,0.4,0.4,0.2,,0.24049774925078962,0.4581287969349039,0.3013734538143065,
39.23,Celcius,molar,"InChI=1S/C2H4O2/c1-2(3)4/h1H3,(H,3,4)","InChI=1S/C5H12O/c1-3-4-5(2)6/h5-6H,3-4H2,1-2H3","InChI=1S/C7H14O2/c1-3-5-7(8)9-6-4-2/h3-6H2,1-2H3",,0.4,0.5,0.1,,0.24951899049778753,0.5941419165318228,0.15633909297038975,
39.2,Celcius,molar,"InChI=1S/C2H4O2/c1-2(3)4/h1H3,(H,3,4)","InChI=1S/C5H12O/c1-3-4-5(2)6/h5-6H,3-4H2,1-2H3","InChI=1S/C7H14O2/c1-3-5-7(8)9-6-4-2/h3-6H2,1-2H3",,0.5,0.1,0.4,,0.29533530265171354,0.11251798182538796,0.5921467155228985,
39.0,Celcius,molar,"InChI=1S/C2H4O2/c1-2(3)4/h1H3,(H,3,4)","InChI=1S/C5H12O/c1-3-4-5(2)6/h5-6H,3-4H2,1-2H3","InChI=1S/C7H14O2/c1-3-5-7(8)9-6-4-2/h3-6H2,1-2H3",,0.5,0.2,0.3,,0.30621153748654706,0.2333233033794614,0.46046515913399144,
39.25,Celcius,molar,"InChI=1S/C2H4O2/c1-2(3)4/h1H3,(H,3,4)","InChI=1S/C5H12O/c1-3-4-5(2)6/h5-6H,3-4H2,1-2H3","InChI=1S/C7H14O2/c1-3-5-7(8)9-6-4-2/h3-6H2,1-2H3",,0.5,0.3,0.2,,0.31791947359278183,0.3633665589294763,0.31871396747774194,
39.65,Celcius,molar,"InChI=1S/C2H4O2/c1-2(3)4/h1H3,(H,3,4)","InChI=1S/C5H12O/c1-3-4-5(2)6/h5-6H,3-4H2,1-2H3","InChI=1S/C7H14O2/c1-3-5-7(8)9-6-4-2/h3-6H2,1-2H3",,0.5,0.4,0.1,,0.33055830336024994,0.50374950553855,0.16569219110120006,
39.6,Celcius,molar,"InChI=1S/C2H4O2/c1-2(3)4/h1H3,(H,3,4)","InChI=1S/C5H12O/c1-3-4-5(2)6/h5-6H,3-4H2,1-2H3","InChI=1S/C7H14O2/c1-3-5-7(8)9-6-4-2/h3-6H2,1-2H3",,0.6,0.1,0.3,,0.3890126721573587,0.12350628924323001,0.4874810385994113,
40.0,Celcius,molar,"InChI=1S/C2H4O2/c1-2(3)4/h1H3,(H,3,4)","InChI=1S/C5H12O/c1-3-4-5(2)6/h5-6H,3-4H2,1-2H3","InChI=1S/C7H14O2/c1-3-5-7(8)9-6-4-2/h3-6H2,1-2H3",,0.6,0.2,0.2,,0.40479455547904986,0.25703364970515413,0.338171794815796,
40.05,Celcius,molar,"InChI=1S/C2H4O2/c1-2(3)4/h1H3,(H,3,4)","InChI=1S/C5H12O/c1-3-4-5(2)6/h5-6H,3-4H2,1-2H3","InChI=1S/C7H14O2/c1-3-5-7(8)9-6-4-2/h3-6H2,1-2H3",,0.6,0.3,0.1,,0.42191109740142335,0.40185328982941515,0.1762356127691616,
39.73,Celcius,molar,"InChI=1S/C2H4O2/c1-2(3)4/h1H3,(H,3,4)","InChI=1S/C5H12O/c1-3-4-5(2)6/h5-6H,3-4H2,1-2H3","InChI=1S/C7H14O2/c1-3-5-7(8)9-6-4-2/h3-6H2,1-2H3",,0.7,0.1,0.2,,0.5029669851325734,0.13687307173476004,0.3601599431326664,
39.95,Celcius,molar,"InChI=1S/C2H4O2/c1-2(3)4/h1H3,(H,3,4)","InChI=1S/C5H12O/c1-3-4-5(2)6/h5-6H,3-4H2,1-2H3","InChI=1S/C7H14O2/c1-3-5-7(8)9-6-4-2/h3-6H2,1-2H3",,0.7,0.2,0.1,,0.5256799877047973,0.2861079824063654,0.18821202988883728,
40.45,Celcius,molar,"InChI=1S/C2H4O2/c1-2(3)4/h1H3,(H,3,4)","InChI=1S/C5H12O/c1-3-4-5(2)6/h5-6H,3-4H2,1-2H3","InChI=1S/C7H14O2/c1-3-5-7(8)9-6-4-2/h3-6H2,1-2H3",,0.8,0.1,0.1,,0.6445808103107141,0.1534843008276113,0.20193488886167452,
23.0,Celcius,molar,"InChI=1S/C2H4O2/c1-2(3)4/h1H3,(H,3,4)","InChI=1S/C5H12O/c1-3-4-5(2)6/h5-6H,3-4H2,1-2H3","InChI=1S/C8H10/c1-2-8-6-4-3-5-7-8/h3-7H,2H2,1H3",,0.1,0.2,0.7,,0.053513786794428406,0.20387888734873005,0.7426073258568416,
22.65,Celcius,molar,"InChI=1S/C2H4O2/c1-2(3)4/h1H3,(H,3,4)","InChI=1S/C5H12O/c1-3-4-5(2)6/h5-6H,3-4H2,1-2H3","InChI=1S/C8H10/c1-2-8-6-4-3-5-7-8/h3-7H,2H2,1H3",,0.1,0.3,0.6,,0.05373664972407499,0.3070919386908397,0.6391714115850853,
23.0,Celcius,molar,"InChI=1S/C2H4O2/c1-2(3)4/h1H3,(H,3,4)","InChI=1S/C5H12O/c1-3-4-5(2)6/h5-6H,3-4H2,1-2H3","InChI=1S/C8H10/c1-2-8-6-4-3-5-7-8/h3-7H,2H2,1H3",,0.1,0.4,0.5,,0.053961376681657625,0.4111682651023865,0.534870358215956,
23.9,Celcius,molar,"InChI=1S/C2H4O2/c1-2(3)4/h1H3,(H,3,4)","InChI=1S/C5H12O/c1-3-4-5(2)6/h5-6H,3-4H2,1-2H3","InChI=1S/C8H10/c1-2-8-6-4-3-5-7-8/h3-7H,2H2,1H3",,0.1,0.5,0.4,,0.05418799115151242,0.5161187427303978,0.42969326611808983,
25.05,Celcius,molar,"InChI=1S/C2H4O2/c1-2(3)4/h1H3,(H,3,4)","InChI=1S/C5H12O/c1-3-4-5(2)6/h5-6H,3-4H2,1-2H3","InChI=1S/C8H10/c1-2-8-6-4-3-5-7-8/h3-7H,2H2,1H3",,0.1,0.6,0.3,,0.054416517014135454,0.6219544311928753,0.3236290517929892,
26.85,Celcius,molar,"InChI=1S/C2H4O2/c1-2(3)4/h1H3,(H,3,4)","InChI=1S/C5H12O/c1-3-4-5(2)6/h5-6H,3-4H2,1-2H3","InChI=1S/C8H10/c1-2-8-6-4-3-5-7-8/h3-7H,2H2,1H3",,0.1,0.7,0.2,,0.05464697855457176,0.728686577463921,0.21666644398150725,
30.4,Celcius,molar,"InChI=1S/C2H4O2/c1-2(3)4/h1H3,(H,3,4)","InChI=1S/C5H12O/c1-3-4-5(2)6/h5-6H,3-4H2,1-2H3","InChI=1S/C8H10/c1-2-8-6-4-3-5-7-8/h3-7H,2H2,1H3",,0.1,0.8,0.1,,0.0548794004710183,0.8363266198580065,0.10879397967097515,
22.85,Celcius,molar,"InChI=1S/C2H4O2/c1-2(3)4/h1H3,(H,3,4)","InChI=1S/C5H12O/c1-3-4-5(2)6/h5-6H,3-4H2,1-2H3","InChI=1S/C8H10/c1-2-8-6-4-3-5-7-8/h3-7H,2H2,1H3",,0.2,0.1,0.7,,0.11247421114563697,0.10712714609362159,0.7803986427607414,
23.6,Celcius,molar,"InChI=1S/C2H4O2/c1-2(3)4/h1H3,(H,3,4)","InChI=1S/C5H12O/c1-3-4-5(2)6/h5-6H,3-4H2,1-2H3","InChI=1S/C8H10/c1-2-8-6-4-3-5-7-8/h3-7H,2H2,1H3",,0.2,0.2,0.6,,0.11296656170501847,0.21519218025539494,0.6718412580395866,
24.3,Celcius,molar,"InChI=1S/C2H4O2/c1-2(3)4/h1H3,(H,3,4)","InChI=1S/C5H12O/c1-3-4-5(2)6/h5-6H,3-4H2,1-2H3","InChI=1S/C8H10/c1-2-8-6-4-3-5-7-8/h3-7H,2H2,1H3",,0.2,0.3,0.5,,0.1134632416990433,0.3242074733205404,0.5623292849804163,
24.55,Celcius,molar,"InChI=1S/C2H4O2/c1-2(3)4/h1H3,(H,3,4)","InChI=1S/C5H12O/c1-3-4-5(2)6/h5-6H,3-4H2,1-2H3","InChI=1S/C8H10/c1-2-8-6-4-3-5-7-8/h3-7H,2H2,1H3",,0.2,0.4,0.4,,0.1139643084855625,0.43418561464842964,0.4518500768660079,
25.2,Celcius,molar,"InChI=1S/C2H4O2/c1-2(3)4/h1H3,(H,3,4)","InChI=1S/C5H12O/c1-3-4-5(2)6/h5-6H,3-4H2,1-2H3","InChI=1S/C8H10/c1-2-8-6-4-3-5-7-8/h3-7H,2H2,1H3",,0.2,0.5,0.3,,0.11446982044011683,0.5451394169691279,0.3403907625907552,
27.8,Celcius,molar,"InChI=1S/C2H4O2/c1-2(3)4/h1H3,(H,3,4)","InChI=1S/C5H12O/c1-3-4-5(2)6/h5-6H,3-4H2,1-2H3","InChI=1S/C8H10/c1-2-8-6-4-3-5-7-8/h3-7H,2H2,1H3",,0.2,0.6,0.2,,0.11497983697860845,0.6570819213594987,0.2279382416618928,
30.6,Celcius,molar,"InChI=1S/C2H4O2/c1-2(3)4/h1H3,(H,3,4)","InChI=1S/C5H12O/c1-3-4-5(2)6/h5-6H,3-4H2,1-2H3","InChI=1S/C8H10/c1-2-8-6-4-3-5-7-8/h3-7H,2H2,1H3",,0.2,0.7,0.1,,0.11549441858058088,0.7700264023529275,0.11447917906649155,
24.0,Celcius,molar,"InChI=1S/C2H4O2/c1-2(3)4/h1H3,(H,3,4)","InChI=1S/C5H12O/c1-3-4-5(2)6/h5-6H,3-4H2,1-2H3","InChI=1S/C8H10/c1-2-8-6-4-3-5-7-8/h3-7H,2H2,1H3",,0.3,0.1,0.6,,0.17857743703768691,0.11339186699897354,0.7080306959633397,
24.5,Celcius,molar,"InChI=1S/C2H4O2/c1-2(3)4/h1H3,(H,3,4)","InChI=1S/C5H12O/c1-3-4-5(2)6/h5-6H,3-4H2,1-2H3","InChI=1S/C8H10/c1-2-8-6-4-3-5-7-8/h3-7H,2H2,1H3",,0.3,0.2,0.5,,0.1794050773303641,0.2278347926260361,0.5927601300435997,
24.95,Celcius,molar,"InChI=1S/C2H4O2/c1-2(3)4/h1H3,(H,3,4)","InChI=1S/C5H12O/c1-3-4-5(2)6/h5-6H,3-4H2,1-2H3","InChI=1S/C8H10/c1-2-8-6-4-3-5-7-8/h3-7H,2H2,1H3",,0.3,0.3,0.4,,0.1802404249562322,0.34334345872870314,0.4764161163150646,
26.2,Celcius,molar,"InChI=1S/C2H4O2/c1-2(3)4/h1H3,(H,3,4)","InChI=1S/C5H12O/c1-3-4-5(2)6/h5-6H,3-4H2,1-2H3","InChI=1S/C8H10/c1-2-8-6-4-3-5-7-8/h3-7H,2H2,1H3",,0.3,0.4,0.3,,0.18108358807980193,0.45993282188070483,0.3589835900394933,
28.0,Celcius,molar,"InChI=1S/C2H4O2/c1-2(3)4/h1H3,(H,3,4)","InChI=1S/C5H12O/c1-3-4-5(2)6/h5-6H,3-4H2,1-2H3","InChI=1S/C8H10/c1-2-8-6-4-3-5-7-8/h3-7H,2H2,1H3",,0.3,0.5,0.2,,0.18193467689906717,0.5776181198380207,0.24044720326291225,
32.0,Celcius,molar,"InChI=1S/C2H4O2/c1-2(3)4/h1H3,(H,3,4)","InChI=1S/C5H12O/c1-3-4-5(2)6/h5-6H,3-4H2,1-2H3","InChI=1S/C8H10/c1-2-8-6-4-3-5-7-8/h3-7H,2H2,1H3",,0.3,0.6,0.1,,0.18279380369351725,0.6964148781778349,0.12079131812864802,
24.25,Celcius,molar,"InChI=1S/C2H4O2/c1-2(3)4/h1H3,(H,3,4)","InChI=1S/C5H12O/c1-3-4-5(2)6/h5-6H,3-4H2,1-2H3","InChI=1S/C8H10/c1-2-8-6-4-3-5-7-8/h3-7H,2H2,1H3",,0.4,0.1,0.5,,0.2528922097051418,0.12043481087385444,0.6266729794210039,
24.95,Celcius,molar,"InChI=1S/C2H4O2/c1-2(3)4/h1H3,(H,3,4)","InChI=1S/C5H12O/c1-3-4-5(2)6/h5-6H,3-4H2,1-2H3","InChI=1S/C8H10/c1-2-8-6-4-3-5-7-8/h3-7H,2H2,1H3",,0.4,0.2,0.4,,0.25413742846771586,0.2420556423557935,0.5038069291764906,
26.2,Celcius,molar,"InChI=1S/C2H4O2/c1-2(3)4/h1H3,(H,3,4)","InChI=1S/C5H12O/c1-3-4-5(2)6/h5-6H,3-4H2,1-2H3","InChI=1S/C8H10/c1-2-8-6-4-3-5-7-8/h3-7H,2H2,1H3",,0.4,0.3,0.3,,0.2553949706024937,0.36488010071770377,0.37972492867980256,
28.1,Celcius,molar,"InChI=1S/C2H4O2/c1-2(3)4/h1H3,(H,3,4)","InChI=1S/C5H12O/c1-3-4-5(2)6/h5-6H,3-4H2,1-2H3","InChI=1S/C8H10/c1-2-8-6-4-3-5-7-8/h3-7H,2H2,1H3",,0.4,0.4,0.2,,0.25666501995754654,0.48892614244720556,0.254408837595248,
32.25,Celcius,molar,"InChI=1S/C2H4O2/c1-2(3)4/h1H3,(H,3,4)","InChI=1S/C5H12O/c1-3-4-5(2)6/h5-6H,3-4H2,1-2H3","InChI=1S/C8H10/c1-2-8-6-4-3-5-7-8/h3-7H,2H2,1H3",,0.4,0.5,0.1,,0.2579477640562423,0.614212082999082,0.12784015294467557,
24.65,Celcius,molar,"InChI=1S/C2H4O2/c1-2(3)4/h1H3,(H,3,4)","InChI=1S/C5H12O/c1-3-4-5(2)6/h5-6H,3-4H2,1-2H3","InChI=1S/C8H10/c1-2-8-6-4-3-5-7-8/h3-7H,2H2,1H3",,0.5,0.1,0.4,,0.33704995506279867,0.1284105908690756,0.5345394540681258,
25.9,Celcius,molar,"InChI=1S/C2H4O2/c1-2(3)4/h1H3,(H,3,4)","InChI=1S/C5H12O/c1-3-4-5(2)6/h5-6H,3-4H2,1-2H3","InChI=1S/C8H10/c1-2-8-6-4-3-5-7-8/h3-7H,2H2,1H3",,0.5,0.2,0.3,,0.33882004334784,0.2581699318516484,0.4030100248005116,
27.95,Celcius,molar,"InChI=1S/C2H4O2/c1-2(3)4/h1H3,(H,3,4)","InChI=1S/C5H12O/c1-3-4-5(2)6/h5-6H,3-4H2,1-2H3","InChI=1S/C8H10/c1-2-8-6-4-3-5-7-8/h3-7H,2H2,1H3",,0.5,0.3,0.2,,0.34060882176519947,0.38929938486364507,0.2700917933711554,
32.75,Celcius,molar,"InChI=1S/C2H4O2/c1-2(3)4/h1H3,(H,3,4)","InChI=1S/C5H12O/c1-3-4-5(2)6/h5-6H,3-4H2,1-2H3","InChI=1S/C8H10/c1-2-8-6-4-3-5-7-8/h3-7H,2H2,1H3",,0.5,0.4,0.1,,0.3424165879060099,0.5218207653306595,0.13576264676333072,
26.0,Celcius,molar,"InChI=1S/C2H4O2/c1-2(3)4/h1H3,(H,3,4)","InChI=1S/C5H12O/c1-3-4-5(2)6/h5-6H,3-4H2,1-2H3","InChI=1S/C8H10/c1-2-8-6-4-3-5-7-8/h3-7H,2H2,1H3",,0.6,0.1,0.3,,0.43314491269451305,0.13751768181434082,0.4293374054911462,
28.45,Celcius,molar,"InChI=1S/C2H4O2/c1-2(3)4/h1H3,(H,3,4)","InChI=1S/C5H12O/c1-3-4-5(2)6/h5-6H,3-4H2,1-2H3","InChI=1S/C8H10/c1-2-8-6-4-3-5-7-8/h3-7H,2H2,1H3",,0.6,0.2,0.2,,0.435581900510719,0.27658278531261493,0.2878353141766661,
31.85,Celcius,molar,"InChI=1S/C2H4O2/c1-2(3)4/h1H3,(H,3,4)","InChI=1S/C5H12O/c1-3-4-5(2)6/h5-6H,3-4H2,1-2H3","InChI=1S/C8H10/c1-2-8-6-4-3-5-7-8/h3-7H,2H2,1H3",,0.6,0.3,0.1,,0.4380464657606024,0.41722157688723666,0.14473195735216096,
27.55,Celcius,molar,"InChI=1S/C2H4O2/c1-2(3)4/h1H3,(H,3,4)","InChI=1S/C5H12O/c1-3-4-5(2)6/h5-6H,3-4H2,1-2H3","InChI=1S/C8H10/c1-2-8-6-4-3-5-7-8/h3-7H,2H2,1H3",,0.7,0.1,0.2,,0.5439107813907362,0.14801516123166764,0.3080740573775961,
31.45,Celcius,molar,"InChI=1S/C2H4O2/c1-2(3)4/h1H3,(H,3,4)","InChI=1S/C5H12O/c1-3-4-5(2)6/h5-6H,3-4H2,1-2H3","InChI=1S/C8H10/c1-2-8-6-4-3-5-7-8/h3-7H,2H2,1H3",,0.7,0.2,0.1,,0.5472059832938807,0.29782377777870045,0.1549702389274188,
30.85,Celcius,molar,"InChI=1S/C2H4O2/c1-2(3)4/h1H3,(H,3,4)","InChI=1S/C5H12O/c1-3-4-5(2)6/h5-6H,3-4H2,1-2H3","InChI=1S/C8H10/c1-2-8-6-4-3-5-7-8/h3-7H,2H2,1H3",,0.8,0.1,0.1,,0.6729849570308676,0.16024775163193503,0.1667672913371974,
36.15,Celcius,molar,"InChI=1S/C2H4O2/c1-2(3)4/h1H3,(H,3,4)","InChI=1S/C5H12O/c1-3-4-5(2)6/h5-6H,3-4H2,1-2H3",,,0.1,0.9,,,0.05511380788364757,0.9448861921163524,,
37.9,Celcius,molar,"InChI=1S/C2H4O2/c1-2(3)4/h1H3,(H,3,4)","InChI=1S/C5H12O/c1-3-4-5(2)6/h5-6H,3-4H2,1-2H3",,,0.2,0.8,,,0.11601362681312719,0.8839863731868728,,
39.65,Celcius,molar,"InChI=1S/C2H4O2/c1-2(3)4/h1H3,(H,3,4)","InChI=1S/C5H12O/c1-3-4-5(2)6/h5-6H,3-4H2,1-2H3",,,0.3,0.7,,,0.18366108287351596,0.816338917126484,,
41.0,Celcius,molar,"InChI=1S/C2H4O2/c1-2(3)4/h1H3,(H,3,4)","InChI=1S/C5H12O/c1-3-4-5(2)6/h5-6H,3-4H2,1-2H3",,,0.4,0.6,,,0.2592433941895481,0.7407566058104519,,
42.75,Celcius,molar,"InChI=1S/C2H4O2/c1-2(3)4/h1H3,(H,3,4)","InChI=1S/C5H12O/c1-3-4-5(2)6/h5-6H,3-4H2,1-2H3",,,0.5,0.5,,,0.3442436457129211,0.6557563542870788,,
43.05,Celcius,molar,"InChI=1S/C2H4O2/c1-2(3)4/h1H3,(H,3,4)","InChI=1S/C5H12O/c1-3-4-5(2)6/h5-6H,3-4H2,1-2H3",,,0.6,0.4,,,0.44053907921533203,0.559460920784668,,
42.7,Celcius,molar,"InChI=1S/C2H4O2/c1-2(3)4/h1H3,(H,3,4)","InChI=1S/C5H12O/c1-3-4-5(2)6/h5-6H,3-4H2,1-2H3",,,0.7,0.3,,,0.5505413555361516,0.4494586444638485,,
42.05,Celcius,molar,"InChI=1S/C2H4O2/c1-2(3)4/h1H3,(H,3,4)","InChI=1S/C5H12O/c1-3-4-5(2)6/h5-6H,3-4H2,1-2H3",,,0.8,0.2,,,0.6774013017137871,0.32259869828621296,,
41.7,Celcius,molar,"InChI=1S/C2H4O2/c1-2(3)4/h1H3,(H,3,4)","InChI=1S/C5H12O/c1-3-4-5(2)6/h5-6H,3-4H2,1-2H3",,,0.9,0.1,,,0.8253156008935429,0.1746843991064571,,
50.0,Celcius,molar,"InChI=1S/C2H4O2/c1-2(3)4/h1H3,(H,3,4)",InChI=1S/C6H10O/c7-6-4-2-1-3-5-6/h1-5H2,"InChI=1S/C6H14O/c1-2-3-4-5-6-7/h7H,2-6H2,1H3",,0.1,0.5,0.4,,0.05316534670608192,0.48535443645890786,0.46148021683501017,
48.4,Celcius,molar,"InChI=1S/C2H4O2/c1-2(3)4/h1H3,(H,3,4)",InChI=1S/C6H10O/c7-6-4-2-1-3-5-6/h1-5H2,"InChI=1S/C6H14O/c1-2-3-4-5-6-7/h7H,2-6H2,1H3",,0.1,0.6,0.3,,0.05415636303283586,0.5932818880489121,0.3525617489182519,
47.9,Celcius,molar,"InChI=1S/C2H4O2/c1-2(3)4/h1H3,(H,3,4)",InChI=1S/C6H10O/c7-6-4-2-1-3-5-6/h1-5H2,"InChI=1S/C6H14O/c1-2-3-4-5-6-7/h7H,2-6H2,1H3",,0.1,0.7,0.2,,0.055185026737246685,0.7053093583972988,0.23950561486545455,
46.6,Celcius,molar,"InChI=1S/C2H4O2/c1-2(3)4/h1H3,(H,3,4)",InChI=1S/C6H10O/c7-6-4-2-1-3-5-6/h1-5H2,"InChI=1S/C6H14O/c1-2-3-4-5-6-7/h7H,2-6H2,1H3",,0.1,0.8,0.1,,0.05625352461592623,0.8216750023952524,0.12207147298882143,
49.3,Celcius,molar,"InChI=1S/C2H4O2/c1-2(3)4/h1H3,(H,3,4)",InChI=1S/C6H10O/c7-6-4-2-1-3-5-6/h1-5H2,"InChI=1S/C6H14O/c1-2-3-4-5-6-7/h7H,2-6H2,1H3",,0.2,0.4,0.4,,0.11121358602716054,0.4061142132389171,0.4826722007339224,
48.1,Celcius,molar,"InChI=1S/C2H4O2/c1-2(3)4/h1H3,(H,3,4)",InChI=1S/C6H10O/c7-6-4-2-1-3-5-6/h1-5H2,"InChI=1S/C6H14O/c1-2-3-4-5-6-7/h7H,2-6H2,1H3",,0.2,0.5,0.3,,0.11338369286223161,0.5175483821916179,0.36906792494615054,
47.7,Celcius,molar,"InChI=1S/C2H4O2/c1-2(3)4/h1H3,(H,3,4)",InChI=1S/C6H10O/c7-6-4-2-1-3-5-6/h1-5H2,"InChI=1S/C6H14O/c1-2-3-4-5-6-7/h7H,2-6H2,1H3",,0.2,0.6,0.2,,0.11564017558535236,0.6334179204758259,0.2509419039388218,
46.1,Celcius,molar,"InChI=1S/C2H4O2/c1-2(3)4/h1H3,(H,3,4)",InChI=1S/C6H10O/c7-6-4-2-1-3-5-6/h1-5H2,"InChI=1S/C6H14O/c1-2-3-4-5-6-7/h7H,2-6H2,1H3",,0.2,0.7,0.1,,0.11798829588802484,0.7539930139691856,0.1280186901427896,
48.7,Celcius,molar,"InChI=1S/C2H4O2/c1-2(3)4/h1H3,(H,3,4)",InChI=1S/C6H10O/c7-6-4-2-1-3-5-6/h1-5H2,"InChI=1S/C6H14O/c1-2-3-4-5-6-7/h7H,2-6H2,1H3",,0.3,0.3,0.4,,0.17484978914572288,0.3192459981308579,0.5059042127234192,
47.8,Celcius,molar,"InChI=1S/C2H4O2/c1-2(3)4/h1H3,(H,3,4)",InChI=1S/C6H10O/c7-6-4-2-1-3-5-6/h1-5H2,"InChI=1S/C6H14O/c1-2-3-4-5-6-7/h7H,2-6H2,1H3",,0.3,0.4,0.3,,0.17842920760323647,0.43437521051870404,0.3871955818780594,
47.1,Celcius,molar,"InChI=1S/C2H4O2/c1-2(3)4/h1H3,(H,3,4)",InChI=1S/C6H10O/c7-6-4-2-1-3-5-6/h1-5H2,"InChI=1S/C6H14O/c1-2-3-4-5-6-7/h7H,2-6H2,1H3",,0.3,0.5,0.2,,0.18215824022276197,0.5543166461319003,0.2635251136453376,
45.9,Celcius,molar,"InChI=1S/C2H4O2/c1-2(3)4/h1H3,(H,3,4)",InChI=1S/C6H10O/c7-6-4-2-1-3-5-6/h1-5H2,"InChI=1S/C6H14O/c1-2-3-4-5-6-7/h7H,2-6H2,1H3",,0.3,0.6,0.1,,0.18604646769459693,0.6793784604267554,0.1345750718786476,
48.1,Celcius,molar,"InChI=1S/C2H4O2/c1-2(3)4/h1H3,(H,3,4)",InChI=1S/C6H10O/c7-6-4-2-1-3-5-6/h1-5H2,"InChI=1S/C6H14O/c1-2-3-4-5-6-7/h7H,2-6H2,1H3",,0.4,0.2,0.4,,0.24492163751271992,0.22359264204324347,0.5314857204440366,
47.6,Celcius,molar,"InChI=1S/C2H4O2/c1-2(3)4/h1H3,(H,3,4)",InChI=1S/C6H10O/c7-6-4-2-1-3-5-6/h1-5H2,"InChI=1S/C6H14O/c1-2-3-4-5-6-7/h7H,2-6H2,1H3",,0.4,0.3,0.3,,0.2501945141929016,0.34260949555882747,0.4071959902482709,
46.6,Celcius,molar,"InChI=1S/C2H4O2/c1-2(3)4/h1H3,(H,3,4)",InChI=1S/C6H10O/c7-6-4-2-1-3-5-6/h1-5H2,"InChI=1S/C6H14O/c1-2-3-4-5-6-7/h7H,2-6H2,1H3",,0.4,0.4,0.2,,0.2556994240234974,0.46686369050084564,0.27743688547565704,
4.4,Celcius,molar,"InChI=1S/C2H4O2/c1-2(3)4/h1H3,(H,3,4)",InChI=1S/C6H10O/c7-6-4-2-1-3-5-6/h1-5H2,"InChI=1S/C6H14O/c1-2-3-4-5-6-7/h7H,2-6H2,1H3",,0.4,0.5,0.1,,0.26145202751743424,0.5967087084858916,0.14183926399667415,
47.9,Celcius,molar,"InChI=1S/C2H4O2/c1-2(3)4/h1H3,(H,3,4)",InChI=1S/C6H10O/c7-6-4-2-1-3-5-6/h1-5H2,"InChI=1S/C6H14O/c1-2-3-4-5-6-7/h7H,2-6H2,1H3",,0.5,0.1,0.4,,0.3224573992501574,0.11775048146326599,0.5597921192865767,
47.1,Celcius,molar,"InChI=1S/C2H4O2/c1-2(3)4/h1H3,(H,3,4)",InChI=1S/C6H10O/c7-6-4-2-1-3-5-6/h1-5H2,"InChI=1S/C6H14O/c1-2-3-4-5-6-7/h7H,2-6H2,1H3",,0.5,0.2,0.3,,0.32977765468759784,0.2408471798481912,0.429375165464211,
45.8,Celcius,molar,"InChI=1S/C2H4O2/c1-2(3)4/h1H3,(H,3,4)",InChI=1S/C6H10O/c7-6-4-2-1-3-5-6/h1-5H2,"InChI=1S/C6H14O/c1-2-3-4-5-6-7/h7H,2-6H2,1H3",,0.5,0.3,0.2,,0.337437991519577,0.36966265365121653,0.29289935482920654,
44.8,Celcius,molar,"InChI=1S/C2H4O2/c1-2(3)4/h1H3,(H,3,4)",InChI=1S/C6H10O/c7-6-4-2-1-3-5-6/h1-5H2,"InChI=1S/C6H14O/c1-2-3-4-5-6-7/h7H,2-6H2,1H3",,0.5,0.4,0.1,,0.345462672378571,0.5046049009234314,0.14993242669799753,
46.4,Celcius,molar,"InChI=1S/C2H4O2/c1-2(3)4/h1H3,(H,3,4)",InChI=1S/C6H10O/c7-6-4-2-1-3-5-6/h1-5H2,"InChI=1S/C6H14O/c1-2-3-4-5-6-7/h7H,2-6H2,1H3",,0.6,0.1,0.3,,0.4185296852065827,0.12736067889470265,0.4541096358987148,
44.9,Celcius,molar,"InChI=1S/C2H4O2/c1-2(3)4/h1H3,(H,3,4)",InChI=1S/C6H10O/c7-6-4-2-1-3-5-6/h1-5H2,"InChI=1S/C6H14O/c1-2-3-4-5-6-7/h7H,2-6H2,1H3",,0.6,0.2,0.2,,0.4288254408692347,0.2609874577927162,0.310187101338049,
44.2,Celcius,molar,"InChI=1S/C2H4O2/c1-2(3)4/h1H3,(H,3,4)",InChI=1S/C6H10O/c7-6-4-2-1-3-5-6/h1-5H2,"InChI=1S/C6H14O/c1-2-3-4-5-6-7/h7H,2-6H2,1H3",,0.6,0.3,0.1,,0.43964051928775605,0.40135443423902367,0.15900504647322028,
44.1,Celcius,molar,"InChI=1S/C2H4O2/c1-2(3)4/h1H3,(H,3,4)",InChI=1S/C6H10O/c7-6-4-2-1-3-5-6/h1-5H2,"InChI=1S/C6H14O/c1-2-3-4-5-6-7/h7H,2-6H2,1H3",,0.7,0.1,0.2,,0.5316774512950729,0.1386789520076126,0.32964359669731447,
43.7,Celcius,molar,"InChI=1S/C2H4O2/c1-2(3)4/h1H3,(H,3,4)",InChI=1S/C6H10O/c7-6-4-2-1-3-5-6/h1-5H2,"InChI=1S/C6H14O/c1-2-3-4-5-6-7/h7H,2-6H2,1H3",,0.7,0.2,0.1,,0.5459501419663713,0.2848034775666451,0.16924638046698356,
43.1,Celcius,molar,"InChI=1S/C2H4O2/c1-2(3)4/h1H3,(H,3,4)",InChI=1S/C6H10O/c7-6-4-2-1-3-5-6/h1-5H2,"InChI=1S/C6H14O/c1-2-3-4-5-6-7/h7H,2-6H2,1H3",,0.8,0.1,0.1,,0.6668971023996895,0.1522050956898264,0.1808978019104842,
44.9,Celcius,molar,"InChI=1S/C2H4O2/c1-2(3)4/h1H3,(H,3,4)",InChI=1S/C6H10O/c7-6-4-2-1-3-5-6/h1-5H2,,,0.1,0.9,,,0.057364216173351364,0.9426357838266486,,
44.6,Celcius,molar,"InChI=1S/C2H4O2/c1-2(3)4/h1H3,(H,3,4)",InChI=1S/C6H10O/c7-6-4-2-1-3-5-6/h1-5H2,,,0.2,0.8,,,0.12043375168244146,0.8795662483175585,,
44.4,Celcius,molar,"InChI=1S/C2H4O2/c1-2(3)4/h1H3,(H,3,4)",InChI=1S/C6H10O/c7-6-4-2-1-3-5-6/h1-5H2,,,0.3,0.7,,,0.19010430656253197,0.8098956934374679,,
44.0,Celcius,molar,"InChI=1S/C2H4O2/c1-2(3)4/h1H3,(H,3,4)",InChI=1S/C6H10O/c7-6-4-2-1-3-5-6/h1-5H2,,,0.4,0.6,,,0.2674694269138623,0.7325305730861378,,
43.7,Celcius,molar,"InChI=1S/C2H4O2/c1-2(3)4/h1H3,(H,3,4)",InChI=1S/C6H10O/c7-6-4-2-1-3-5-6/h1-5H2,,,0.5,0.5,,,0.3538783240988188,0.6461216759011813,,
43.3,Celcius,molar,"InChI=1S/C2H4O2/c1-2(3)4/h1H3,(H,3,4)",InChI=1S/C6H10O/c7-6-4-2-1-3-5-6/h1-5H2,,,0.6,0.4,,,0.451015229388674,0.548984770611326,,
42.8,Celcius,molar,"InChI=1S/C2H4O2/c1-2(3)4/h1H3,(H,3,4)",InChI=1S/C6H10O/c7-6-4-2-1-3-5-6/h1-5H2,,,0.7,0.3,,,0.5610102614149116,0.4389897385850884,,
42.4,Celcius,molar,"InChI=1S/C2H4O2/c1-2(3)4/h1H3,(H,3,4)",InChI=1S/C6H10O/c7-6-4-2-1-3-5-6/h1-5H2,,,0.8,0.2,,,0.686597441068112,0.31340255893188784,,
41.6,Celcius,molar,"InChI=1S/C2H4O2/c1-2(3)4/h1H3,(H,3,4)",InChI=1S/C6H10O/c7-6-4-2-1-3-5-6/h1-5H2,,,0.9,0.1,,,0.831345029784682,0.16865497021531795,,
61.8,Celcius,molar,"InChI=1S/C2H4O2/c1-2(3)4/h1H3,(H,3,4)","InChI=1S/C6H14O/c1-2-3-4-5-6-7/h7H,2-6H2,1H3",,,0.1,0.9,,,0.04870870325062037,0.9512912967493796,,
59.9,Celcius,molar,"InChI=1S/C2H4O2/c1-2(3)4/h1H3,(H,3,4)","InChI=1S/C6H14O/c1-2-3-4-5-6-7/h7H,2-6H2,1H3",,,0.2,0.8,,,0.10330477997375549,0.8966952200262445,,
57.0,Celcius,molar,"InChI=1S/C2H4O2/c1-2(3)4/h1H3,(H,3,4)","InChI=1S/C6H14O/c1-2-3-4-5-6-7/h7H,2-6H2,1H3",,,0.3,0.7,,,0.164924288966434,0.8350757110335659,,
54.5,Celcius,molar,"InChI=1S/C2H4O2/c1-2(3)4/h1H3,(H,3,4)","InChI=1S/C6H14O/c1-2-3-4-5-6-7/h7H,2-6H2,1H3",,,0.4,0.6,,,0.2350156755143576,0.7649843244856424,,
51.8,Celcius,molar,"InChI=1S/C2H4O2/c1-2(3)4/h1H3,(H,3,4)","InChI=1S/C6H14O/c1-2-3-4-5-6-7/h7H,2-6H2,1H3",,,0.5,0.5,,,0.3154550700772226,0.6845449299227774,,
49.1,Celcius,molar,"InChI=1S/C2H4O2/c1-2(3)4/h1H3,(H,3,4)","InChI=1S/C6H14O/c1-2-3-4-5-6-7/h7H,2-6H2,1H3",,,0.6,0.4,,,0.4087167237497317,0.5912832762502683,,
46.6,Celcius,molar,"InChI=1S/C2H4O2/c1-2(3)4/h1H3,(H,3,4)","InChI=1S/C6H14O/c1-2-3-4-5-6-7/h7H,2-6H2,1H3",,,0.7,0.3,,,0.51813200588095,0.48186799411904996,,
44.9,Celcius,molar,"InChI=1S/C2H4O2/c1-2(3)4/h1H3,(H,3,4)","InChI=1S/C6H14O/c1-2-3-4-5-6-7/h7H,2-6H2,1H3",,,0.8,0.2,,,0.6482957430988511,0.351704256901149,,
43.4,Celcius,molar,"InChI=1S/C2H4O2/c1-2(3)4/h1H3,(H,3,4)","InChI=1S/C6H14O/c1-2-3-4-5-6-7/h7H,2-6H2,1H3",,,0.9,0.1,,,0.8057279344625435,0.19427206553745646,,
39.5,Celcius,molar,"InChI=1S/C2H4O2/c1-2(3)4/h1H3,(H,3,4)","InChI=1S/C7H14O2/c1-3-5-7(8)9-6-4-2/h3-6H2,1-2H3",,,0.1,0.9,,,0.04245161754278118,0.9575483824572188,,
39.7,Celcius,molar,"InChI=1S/C2H4O2/c1-2(3)4/h1H3,(H,3,4)","InChI=1S/C7H14O2/c1-3-5-7(8)9-6-4-2/h3-6H2,1-2H3",,,0.2,0.8,,,0.09070302672084993,0.90929697327915,,
39.9,Celcius,molar,"InChI=1S/C2H4O2/c1-2(3)4/h1H3,(H,3,4)","InChI=1S/C7H14O2/c1-3-5-7(8)9-6-4-2/h3-6H2,1-2H3",,,0.3,0.7,,,0.14602993368095177,0.8539700663190481,,
40.0,Celcius,molar,"InChI=1S/C2H4O2/c1-2(3)4/h1H3,(H,3,4)","InChI=1S/C7H14O2/c1-3-5-7(8)9-6-4-2/h3-6H2,1-2H3",,,0.4,0.6,,,0.21011178051781235,0.7898882194821876,,
40.15,Celcius,molar,"InChI=1S/C2H4O2/c1-2(3)4/h1H3,(H,3,4)","InChI=1S/C7H14O2/c1-3-5-7(8)9-6-4-2/h3-6H2,1-2H3",,,0.5,0.5,,,0.28520518604979983,0.7147948139502003,,
40.31,Celcius,molar,"InChI=1S/C2H4O2/c1-2(3)4/h1H3,(H,3,4)","InChI=1S/C7H14O2/c1-3-5-7(8)9-6-4-2/h3-6H2,1-2H3",,,0.6,0.4,,,0.3744152006010516,0.6255847993989484,,
40.41,Celcius,molar,"InChI=1S/C2H4O2/c1-2(3)4/h1H3,(H,3,4)","InChI=1S/C7H14O2/c1-3-5-7(8)9-6-4-2/h3-6H2,1-2H3",,,0.7,0.3,,,0.48213540881849815,0.517864591181502,,
40.53,Celcius,molar,"InChI=1S/C2H4O2/c1-2(3)4/h1H3,(H,3,4)","InChI=1S/C7H14O2/c1-3-5-7(8)9-6-4-2/h3-6H2,1-2H3",,,0.8,0.2,,,0.6147936943021413,0.38520630569785863,,
40.62,Celcius,molar,"InChI=1S/C2H4O2/c1-2(3)4/h1H3,(H,3,4)","InChI=1S/C7H14O2/c1-3-5-7(8)9-6-4-2/h3-6H2,1-2H3",,,0.9,0.1,,,0.7821837588057021,0.2178162411942979,,
23.25,Celcius,molar,"InChI=1S/C2H4O2/c1-2(3)4/h1H3,(H,3,4)","InChI=1S/C8H10/c1-2-8-6-4-3-5-7-8/h3-7H,2H2,1H3",,,0.1,0.9,,,0.053073561013514126,0.9469264389864859,,
22.55,Celcius,molar,"InChI=1S/C2H4O2/c1-2(3)4/h1H3,(H,3,4)","InChI=1S/C8H10/c1-2-8-6-4-3-5-7-8/h3-7H,2H2,1H3",,,0.2,0.8,,,0.11198613365865648,0.8880138663413435,,
22.85,Celcius,molar,"InChI=1S/C2H4O2/c1-2(3)4/h1H3,(H,3,4)","InChI=1S/C8H10/c1-2-8-6-4-3-5-7-8/h3-7H,2H2,1H3",,,0.3,0.7,,,0.17775739790048353,0.8222426020995164,,
23.0,Celcius,molar,"InChI=1S/C2H4O2/c1-2(3)4/h1H3,(H,3,4)","InChI=1S/C8H10/c1-2-8-6-4-3-5-7-8/h3-7H,2H2,1H3",,,0.4,0.6,,,0.25165913405239515,0.7483408659476048,,
23.2,Celcius,molar,"InChI=1S/C2H4O2/c1-2(3)4/h1H3,(H,3,4)","InChI=1S/C8H10/c1-2-8-6-4-3-5-7-8/h3-7H,2H2,1H3",,,0.5,0.5,,,0.3352982655054117,0.6647017344945884,,
23.45,Celcius,molar,"InChI=1S/C2H4O2/c1-2(3)4/h1H3,(H,3,4)","InChI=1S/C8H10/c1-2-8-6-4-3-5-7-8/h3-7H,2H2,1H3",,,0.6,0.4,,,0.430735042017657,0.569264957982343,,
24.65,Celcius,molar,"InChI=1S/C2H4O2/c1-2(3)4/h1H3,(H,3,4)","InChI=1S/C8H10/c1-2-8-6-4-3-5-7-8/h3-7H,2H2,1H3",,,0.7,0.3,,,0.5406550284692633,0.45934497153073667,,
26.0,Celcius,molar,"InChI=1S/C2H4O2/c1-2(3)4/h1H3,(H,3,4)","InChI=1S/C8H10/c1-2-8-6-4-3-5-7-8/h3-7H,2H2,1H3",,,0.8,0.2,,,0.6686258244205938,0.33137417557940624,,
28.65,Celcius,molar,"InChI=1S/C2H4O2/c1-2(3)4/h1H3,(H,3,4)","InChI=1S/C8H10/c1-2-8-6-4-3-5-7-8/h3-7H,2H2,1H3",,,0.9,0.1,,,0.8194915709260984,0.1805084290739016,,
-0.14999999999997726,Celcius,molar,"InChI=1S/C2H6O/c1-2-3/h3H,2H2,1H3",InChI=1S/C3H6O/c1-3(2)4/h1-2H3,"InChI=1S/CH4O/c1-2/h2H,1H3",,0.1,0.1,0.8,,0.12676190984684715,0.14435864016384195,0.7288794499893108,
-5.75,Celcius,molar,"InChI=1S/C2H6O/c1-2-3/h3H,2H2,1H3",InChI=1S/C3H6O/c1-3(2)4/h1-2H3,"InChI=1S/CH4O/c1-2/h2H,1H3",,0.1,0.2,0.7,,0.12035325443447165,0.2741207066135938,0.6055260389519346,
-8.849999999999966,Celcius,molar,"InChI=1S/C2H6O/c1-2-3/h3H,2H2,1H3",InChI=1S/C3H6O/c1-3(2)4/h1-2H3,"InChI=1S/CH4O/c1-2/h2H,1H3",,0.1,0.3,0.6,,0.11456141496959354,0.3913935211351061,0.4940450638953003,
-14.949999999999989,Celcius,molar,"InChI=1S/C2H6O/c1-2-3/h3H,2H2,1H3",InChI=1S/C3H6O/c1-3(2)4/h1-2H3,"InChI=1S/CH4O/c1-2/h2H,1H3",,0.1,0.6,0.3,,0.10010863264799837,0.6840325817993855,0.21585878555261603,
-4.449999999999989,Celcius,molar,"InChI=1S/C2H6O/c1-2-3/h3H,2H2,1H3",InChI=1S/C3H6O/c1-3(2)4/h1-2H3,"InChI=1S/CH4O/c1-2/h2H,1H3",,0.7,0.2,0.1,,0.7002532927395895,0.22784585061254534,0.0719008566478653,
-1.4499999999999886,Celcius,molar,"InChI=1S/C2H6O/c1-2-3/h3H,2H2,1H3",InChI=1S/C3H6O/c1-3(2)4/h1-2H3,"InChI=1S/CH4O/c1-2/h2H,1H3",,0.8,0.1,0.1,,0.8115593922013556,0.11552722187202011,0.07291338592662423,
-5.75,Celcius,molar,"InChI=1S/C2H6O/c1-2-3/h3H,2H2,1H3","InChI=1S/C4H8O2/c1-3-6-4(2)5/h3H2,1-2H3","InChI=1S/C7H8/c1-7-5-3-2-4-6-7/h2-6H,1H3",,0.176,0.736,0.088,,0.12138548378414307,0.7829295820863716,0.09568493412948535,
-3.4499999999999886,Celcius,molar,"InChI=1S/C2H6O/c1-2-3/h3H,2H2,1H3","InChI=1S/C4H8O2/c1-3-6-4(2)5/h3H2,1-2H3","InChI=1S/C7H8/c1-7-5-3-2-4-6-7/h2-6H,1H3",,0.328,0.344,0.328,,0.2384266255356587,0.3856826954822602,0.37589067898208117,
-2.9499999999999886,Celcius,molar,"InChI=1S/C2H6O/c1-2-3/h3H,2H2,1H3","InChI=1S/C4H8O2/c1-3-6-4(2)5/h3H2,1-2H3","InChI=1S/C7H8/c1-7-5-3-2-4-6-7/h2-6H,1H3",,0.494,0.259,0.247,,0.3850702233921214,0.31138920641892026,0.3035405701889583,
-3.4499999999999886,Celcius,molar,"InChI=1S/C2H6O/c1-2-3/h3H,2H2,1H3","InChI=1S/C4H8O2/c1-3-6-4(2)5/h3H2,1-2H3","InChI=1S/C7H8/c1-7-5-3-2-4-6-7/h2-6H,1H3",,0.564,0.295,0.141,,0.4543643546548498,0.3665540039882336,0.1790816413569165,
-1.849999999999966,Celcius,molar,"InChI=1S/C2H6O/c1-2-3/h3H,2H2,1H3","InChI=1S/C4H8O2/c1-3-6-4(2)5/h3H2,1-2H3","InChI=1S/C7H8/c1-7-5-3-2-4-6-7/h2-6H,1H3",,0.568,0.148,0.284,,0.45658754377243443,0.18349669292345236,0.3599157633041131,
1.5500000000000114,Celcius,molar,"InChI=1S/C2H6O/c1-2-3/h3H,2H2,1H3","InChI=1S/C4H8O2/c1-3-6-4(2)5/h3H2,1-2H3","InChI=1S/C7H8/c1-7-5-3-2-4-6-7/h2-6H,1H3",,0.856,0.03,0.114,,0.7911292619952841,0.042764730648534845,0.166106007356181,
2.0500000000000114,Celcius,molar,"InChI=1S/C2H6O/c1-2-3/h3H,2H2,1H3","InChI=1S/C4H8O2/c1-3-6-4(2)5/h3H2,1-2H3","InChI=1S/C7H8/c1-7-5-3-2-4-6-7/h2-6H,1H3",,0.887,0.058,0.055,,0.8342990152918256,0.08414278982949398,0.08155819487868045,
-4.149999999999977,Celcius,molar,"InChI=1S/C2H6O/c1-2-3/h3H,2H2,1H3","InChI=1S/C4H8O2/c1-3-6-4(2)5/h3H2,1-2H3",,,0.083,0.917,,,0.05543087086101701,0.944569129138983,,
-1.6499999999999773,Celcius,molar,"InChI=1S/C2H6O/c1-2-3/h3H,2H2,1H3","InChI=1S/C4H8O2/c1-3-6-4(2)5/h3H2,1-2H3",,,0.092,0.908,,,0.061642401693755546,0.9383575983062444,,
-1.1499999999999773,Celcius,molar,"InChI=1S/C2H6O/c1-2-3/h3H,2H2,1H3","InChI=1S/C4H8O2/c1-3-6-4(2)5/h3H2,1-2H3",,,0.104,0.896,,,0.06998792449148543,0.9300120755085146,,
-1.1499999999999773,Celcius,molar,"InChI=1S/C2H6O/c1-2-3/h3H,2H2,1H3","InChI=1S/C4H8O2/c1-3-6-4(2)5/h3H2,1-2H3",,,0.119,0.881,,,0.08052320010314619,0.9194767998968538,,
-0.14999999999997726,Celcius,molar,"InChI=1S/C2H6O/c1-2-3/h3H,2H2,1H3","InChI=1S/C4H8O2/c1-3-6-4(2)5/h3H2,1-2H3",,,0.14,0.86,,,0.09546897292651337,0.9045310270734866,,
1.8500000000000227,Celcius,molar,"InChI=1S/C2H6O/c1-2-3/h3H,2H2,1H3","InChI=1S/C4H8O2/c1-3-6-4(2)5/h3H2,1-2H3",,,0.169,0.831,,,0.11649419521435461,0.8835058047856454,,
3.8500000000000227,Celcius,molar,"InChI=1S/C2H6O/c1-2-3/h3H,2H2,1H3","InChI=1S/C4H8O2/c1-3-6-4(2)5/h3H2,1-2H3",,,0.213,0.787,,,0.14927973244682666,0.8507202675531734,,
6.850000000000023,Celcius,molar,"InChI=1S/C2H6O/c1-2-3/h3H,2H2,1H3","InChI=1S/C4H8O2/c1-3-6-4(2)5/h3H2,1-2H3",,,0.289,0.711,,,0.2085692804663821,0.791430719533618,,
7.850000000000023,Celcius,molar,"InChI=1S/C2H6O/c1-2-3/h3H,2H2,1H3","InChI=1S/C4H8O2/c1-3-6-4(2)5/h3H2,1-2H3",,,0.448,0.552,,,0.34477646999669476,0.6552235300033052,,
39.5,Celcius,molar,"InChI=1S/C2H6O/c1-2-3/h3H,2H2,1H3","InChI=1S/C6H14O2/c1-2-3-5-8-6-4-7/h7H,2-6H2,1H3",,,0.044,0.956,,,0.020676575717370516,0.9793234242826294,,
33.5,Celcius,molar,"InChI=1S/C2H6O/c1-2-3/h3H,2H2,1H3","InChI=1S/C6H14O2/c1-2-3-5-8-6-4-7/h7H,2-6H2,1H3",,,0.199,0.801,,,0.10230715620298898,0.8976928437970111,,
28.5,Celcius,molar,"InChI=1S/C2H6O/c1-2-3/h3H,2H2,1H3","InChI=1S/C6H14O2/c1-2-3-5-8-6-4-7/h7H,2-6H2,1H3",,,0.359,0.641,,,0.20440299242453777,0.7955970075754623,,
26.5,Celcius,molar,"InChI=1S/C2H6O/c1-2-3/h3H,2H2,1H3","InChI=1S/C6H14O2/c1-2-3-5-8-6-4-7/h7H,2-6H2,1H3",,,0.49,0.51,,,0.30591279009160116,0.6940872099083989,,
22.5,Celcius,molar,"InChI=1S/C2H6O/c1-2-3/h3H,2H2,1H3","InChI=1S/C6H14O2/c1-2-3-5-8-6-4-7/h7H,2-6H2,1H3",,,0.599,0.401,,,0.4066112817525822,0.5933887182474178,,
20.5,Celcius,molar,"InChI=1S/C2H6O/c1-2-3/h3H,2H2,1H3","InChI=1S/C6H14O2/c1-2-3-5-8-6-4-7/h7H,2-6H2,1H3",,,0.692,0.308,,,0.5075479149680193,0.4924520850319806,,
19.5,Celcius,molar,"InChI=1S/C2H6O/c1-2-3/h3H,2H2,1H3","InChI=1S/C6H14O2/c1-2-3-5-8-6-4-7/h7H,2-6H2,1H3",,,0.771,0.229,,,0.6069892584165738,0.3930107415834261,,
19.5,Celcius,molar,"InChI=1S/C2H6O/c1-2-3/h3H,2H2,1H3","InChI=1S/C6H14O2/c1-2-3-5-8-6-4-7/h7H,2-6H2,1H3",,,0.839,0.161,,,0.7050606576786367,0.2949393423213633,,
19.5,Celcius,molar,"InChI=1S/C2H6O/c1-2-3/h3H,2H2,1H3","InChI=1S/C6H14O2/c1-2-3-5-8-6-4-7/h7H,2-6H2,1H3",,,0.9,0.1,,,0.8050140707636539,0.19498592923634603,,
17.5,Celcius,molar,"InChI=1S/C2H6O/c1-2-3/h3H,2H2,1H3","InChI=1S/C6H14O2/c1-2-3-5-8-6-4-7/h7H,2-6H2,1H3",,,0.953,0.047,,,0.9029267061231971,0.0970732938768028,,
2.75,Celcius,molar,"InChI=1S/C2H6O/c1-2-3/h3H,2H2,1H3","InChI=1S/C7H8/c1-7-5-3-2-4-6-7/h2-6H,1H3",,,0.168,0.832,,,0.11353754455743183,0.8864624554425681,,
2.75,Celcius,molar,"InChI=1S/C2H6O/c1-2-3/h3H,2H2,1H3","InChI=1S/C7H8/c1-7-5-3-2-4-6-7/h2-6H,1H3",,,0.313,0.687,,,0.22419798275189806,0.7758020172481018,,
3.75,Celcius,molar,"InChI=1S/C2H6O/c1-2-3/h3H,2H2,1H3","InChI=1S/C7H8/c1-7-5-3-2-4-6-7/h2-6H,1H3",,,0.438,0.562,,,0.33081091944777924,0.6691890805522208,,
3.75,Celcius,molar,"InChI=1S/C2H6O/c1-2-3/h3H,2H2,1H3","InChI=1S/C7H8/c1-7-5-3-2-4-6-7/h2-6H,1H3",,,0.548,0.452,,,0.43471395596530077,0.5652860440346992,,
3.75,Celcius,molar,"InChI=1S/C2H6O/c1-2-3/h3H,2H2,1H3","InChI=1S/C7H8/c1-7-5-3-2-4-6-7/h2-6H,1H3",,,0.646,0.354,,,0.5365014107182687,0.46349858928173127,,
3.75,Celcius,molar,"InChI=1S/C2H6O/c1-2-3/h3H,2H2,1H3","InChI=1S/C7H8/c1-7-5-3-2-4-6-7/h2-6H,1H3",,,0.732,0.268,,,0.6340327574811825,0.36596724251881746,,
4.75,Celcius,molar,"InChI=1S/C2H6O/c1-2-3/h3H,2H2,1H3","InChI=1S/C7H8/c1-7-5-3-2-4-6-7/h2-6H,1H3",,,0.81,0.19,,,0.7300297334514306,0.2699702665485693,,
6.75,Celcius,molar,"InChI=1S/C2H6O/c1-2-3/h3H,2H2,1H3","InChI=1S/C7H8/c1-7-5-3-2-4-6-7/h2-6H,1H3",,,0.879,0.121,,,0.8216779890987018,0.17832201090129818,,
8.850000000000023,Celcius,molar,"InChI=1S/C2H6O/c1-2-3/h3H,2H2,1H3","InChI=1S/C7H8/c1-7-5-3-2-4-6-7/h2-6H,1H3",,,0.943,0.057,,,0.9129960690685753,0.08700393093142456,,
7.850000000000023,Celcius,molar,"InChI=1S/C2H6O/c1-2-3/h3H,2H2,1H3","InChI=1S/C7H8/c1-7-5-3-2-4-6-7/h2-6H,1H3",,,0.966,0.034,,,0.9474279642932496,0.05257203570675035,,
10.850000000000023,Celcius,molar,"InChI=1S/C2H6O/c1-2-3/h3H,2H2,1H3","InChI=1S/C7H8/c1-7-5-3-2-4-6-7/h2-6H,1H3",,,0.989,0.011,,,0.9827672778518355,0.01723272214816448,,
9.06,Celcius,molar,"InChI=1S/C2H6O/c1-2-3/h3H,2H2,1H3","InChI=1S/C8H18/c1-3-5-7-8-6-4-2/h3-8H2,1-2H3",,,0.03,0.97,,,0.012360520508533417,0.9876394794914666,,
8.06,Celcius,molar,"InChI=1S/C2H6O/c1-2-3/h3H,2H2,1H3","InChI=1S/C8H18/c1-3-5-7-8-6-4-2/h3-8H2,1-2H3",,,0.04,0.96,,,0.016581203910457733,0.9834187960895422,,
7.56,Celcius,molar,"InChI=1S/C2H6O/c1-2-3/h3H,2H2,1H3","InChI=1S/C8H18/c1-3-5-7-8-6-4-2/h3-8H2,1-2H3",,,0.05,0.95,,,0.020853684100484923,0.9791463158995151,,
10.950000000000045,Celcius,molar,"InChI=1S/C2H6O/c1-2-3/h3H,2H2,1H3","InChI=1S/C8H18/c1-3-5-7-8-6-4-2/h3-8H2,1-2H3",,,0.054,0.946,,,0.022577393383449326,0.9774226066165507,,
5.55,Celcius,molar,"InChI=1S/C2H6O/c1-2-3/h3H,2H2,1H3","InChI=1S/C8H18/c1-3-5-7-8-6-4-2/h3-8H2,1-2H3",,,0.1,0.9,,,0.04302746513918246,0.9569725348608176,,
5.53,Celcius,molar,"InChI=1S/C2H6O/c1-2-3/h3H,2H2,1H3","InChI=1S/C8H18/c1-3-5-7-8-6-4-2/h3-8H2,1-2H3",,,0.2,0.8,,,0.0918705978787318,0.9081294021212681,,
8.950000000000045,Celcius,molar,"InChI=1S/C2H6O/c1-2-3/h3H,2H2,1H3","InChI=1S/C8H18/c1-3-5-7-8-6-4-2/h3-8H2,1-2H3",,,0.236,0.764,,,0.11111052632254673,0.8888894736774533,,
5.06,Celcius,molar,"InChI=1S/C2H6O/c1-2-3/h3H,2H2,1H3","InChI=1S/C8H18/c1-3-5-7-8-6-4-2/h3-8H2,1-2H3",,,0.3,0.7,,,0.14779394085684572,0.8522060591431543,,
5.56,Celcius,molar,"InChI=1S/C2H6O/c1-2-3/h3H,2H2,1H3","InChI=1S/C8H18/c1-3-5-7-8-6-4-2/h3-8H2,1-2H3",,,0.4,0.6,,,0.2124572962872679,0.7875427037127322,,
6.9500000000000455,Celcius,molar,"InChI=1S/C2H6O/c1-2-3/h3H,2H2,1H3","InChI=1S/C8H18/c1-3-5-7-8-6-4-2/h3-8H2,1-2H3",,,0.41,0.59,,,0.21948383670095542,0.7805161632990445,,
5.05,Celcius,molar,"InChI=1S/C2H6O/c1-2-3/h3H,2H2,1H3","InChI=1S/C8H18/c1-3-5-7-8-6-4-2/h3-8H2,1-2H3",,,0.5,0.5,,,0.28808325020843545,0.7119167497915646,,
6.9500000000000455,Celcius,molar,"InChI=1S/C2H6O/c1-2-3/h3H,2H2,1H3","InChI=1S/C8H18/c1-3-5-7-8-6-4-2/h3-8H2,1-2H3",,,0.544,0.456,,,0.3255777633557761,0.6744222366442238,,
5.06,Celcius,molar,"InChI=1S/C2H6O/c1-2-3/h3H,2H2,1H3","InChI=1S/C8H18/c1-3-5-7-8-6-4-2/h3-8H2,1-2H3",,,0.6,0.4,,,0.37771779088307933,0.6222822091169207,,
5.9500000000000455,Celcius,molar,"InChI=1S/C2H6O/c1-2-3/h3H,2H2,1H3","InChI=1S/C8H18/c1-3-5-7-8-6-4-2/h3-8H2,1-2H3",,,0.65,0.35,,,0.42906369556108337,0.5709363044389166,,
5.06,Celcius,molar,"InChI=1S/C2H6O/c1-2-3/h3H,2H2,1H3","InChI=1S/C8H18/c1-3-5-7-8-6-4-2/h3-8H2,1-2H3",,,0.7,0.3,,,0.4856505369521522,0.5143494630478478,,
5.9500000000000455,Celcius,molar,"InChI=1S/C2H6O/c1-2-3/h3H,2H2,1H3","InChI=1S/C8H18/c1-3-5-7-8-6-4-2/h3-8H2,1-2H3",,,0.736,0.264,,,0.5301059222454272,0.4698940777545729,,
5.55,Celcius,molar,"InChI=1S/C2H6O/c1-2-3/h3H,2H2,1H3","InChI=1S/C8H18/c1-3-5-7-8-6-4-2/h3-8H2,1-2H3",,,0.8,0.2,,,0.6181215797117454,0.3818784202882546,,
5.9500000000000455,Celcius,molar,"InChI=1S/C2H6O/c1-2-3/h3H,2H2,1H3","InChI=1S/C8H18/c1-3-5-7-8-6-4-2/h3-8H2,1-2H3",,,0.807,0.193,,,0.6285314822319008,0.37146851776809925,,
5.9500000000000455,Celcius,molar,"InChI=1S/C2H6O/c1-2-3/h3H,2H2,1H3","InChI=1S/C8H18/c1-3-5-7-8-6-4-2/h3-8H2,1-2H3",,,0.866,0.134,,,0.7233887406143275,0.2766112593856725,,
5.55,Celcius,molar,"InChI=1S/C2H6O/c1-2-3/h3H,2H2,1H3","InChI=1S/C8H18/c1-3-5-7-8-6-4-2/h3-8H2,1-2H3",,,0.9,0.1,,,0.7845722534645431,0.21542774653545693,,
7.9500000000000455,Celcius,molar,"InChI=1S/C2H6O/c1-2-3/h3H,2H2,1H3","InChI=1S/C8H18/c1-3-5-7-8-6-4-2/h3-8H2,1-2H3",,,0.918,0.082,,,0.819174798741303,0.18082520125869705,,
7.55,Celcius,molar,"InChI=1S/C2H6O/c1-2-3/h3H,2H2,1H3","InChI=1S/C8H18/c1-3-5-7-8-6-4-2/h3-8H2,1-2H3",,,0.95,0.05,,,0.8849055174195339,0.11509448258046602,,
5.9500000000000455,Celcius,molar,"InChI=1S/C2H6O/c1-2-3/h3H,2H2,1H3","InChI=1S/C8H18/c1-3-5-7-8-6-4-2/h3-8H2,1-2H3",,,0.962,0.038,,,0.9110656752121404,0.08893432478785956,,
9.53,Celcius,molar,"InChI=1S/C2H6O/c1-2-3/h3H,2H2,1H3","InChI=1S/C8H18/c1-3-5-7-8-6-4-2/h3-8H2,1-2H3",,,0.98,0.02,,,0.9519883368385578,0.04801166316144222,,
7.9500000000000455,Celcius,molar,"InChI=1S/C2H6O/c1-2-3/h3H,2H2,1H3","InChI=1S/C8H18/c1-3-5-7-8-6-4-2/h3-8H2,1-2H3",,,0.993,0.007,,,0.9828778017584735,0.017122198241526512,,
12.25,Celcius,molar,"InChI=1S/C2H6O/c1-2-3/h3H,2H2,1H3","InChI=1S/CH4O/c1-2/h2H,1H3",,,0.014,0.986,,,0.019372175178036678,0.9806278248219633,,
13.25,Celcius,molar,"InChI=1S/C2H6O/c1-2-3/h3H,2H2,1H3","InChI=1S/CH4O/c1-2/h2H,1H3",,,0.028,0.972,,,0.03853439748218451,0.9614656025178155,,
12.25,Celcius,molar,"InChI=1S/C2H6O/c1-2-3/h3H,2H2,1H3","InChI=1S/CH4O/c1-2/h2H,1H3",,,0.042,0.958,,,0.05749006167545549,0.9425099383245444,,
12.25,Celcius,molar,"InChI=1S/C2H6O/c1-2-3/h3H,2H2,1H3","InChI=1S/CH4O/c1-2/h2H,1H3",,,0.057,0.943,,,0.0775742583051572,0.9224257416948429,,
13.25,Celcius,molar,"InChI=1S/C2H6O/c1-2-3/h3H,2H2,1H3","InChI=1S/CH4O/c1-2/h2H,1H3",,,0.072,0.928,,,0.09742914283677223,0.9025708571632278,,
13.25,Celcius,molar,"InChI=1S/C2H6O/c1-2-3/h3H,2H2,1H3","InChI=1S/CH4O/c1-2/h2H,1H3",,,0.148,0.852,,,0.19464113163415525,0.8053588683658448,,
13.25,Celcius,molar,"InChI=1S/C2H6O/c1-2-3/h3H,2H2,1H3","InChI=1S/CH4O/c1-2/h2H,1H3",,,0.229,0.771,,,0.29240696285073686,0.7075930371492631,,
13.25,Celcius,molar,"InChI=1S/C2H6O/c1-2-3/h3H,2H2,1H3","InChI=1S/CH4O/c1-2/h2H,1H3",,,0.316,0.684,,,0.39127120162440565,0.6087287983755942,,
13.25,Celcius,molar,"InChI=1S/C2H6O/c1-2-3/h3H,2H2,1H3","InChI=1S/CH4O/c1-2/h2H,1H3",,,0.41,0.59,,,0.4915704015455429,0.5084295984544572,,
13.25,Celcius,molar,"InChI=1S/C2H6O/c1-2-3/h3H,2H2,1H3","InChI=1S/CH4O/c1-2/h2H,1H3",,,0.51,0.49,,,0.5915191739198065,0.4084808260801934,,
15.25,Celcius,molar,"InChI=1S/C2H6O/c1-2-3/h3H,2H2,1H3","InChI=1S/CH4O/c1-2/h2H,1H3",,,0.618,0.382,,,0.6923889357597678,0.3076110642402321,,
15.150000000000034,Celcius,molar,"InChI=1S/C2H6O/c1-2-3/h3H,2H2,1H3","InChI=1S/CH4O/c1-2/h2H,1H3",,,0.735,0.265,,,0.7941924758323453,0.20580752416765463,,
13.150000000000034,Celcius,molar,"InChI=1S/C2H6O/c1-2-3/h3H,2H2,1H3","InChI=1S/CH4O/c1-2/h2H,1H3",,,0.862,0.138,,,0.8968075291438992,0.10319247085610077,,
15.5,Celcius,molar,"InChI=1S/C2H6O2/c3-1-2-4/h3-4H,1-2H2","InChI=1S/C3H8O/c1-2-3-4/h4H,2-3H2,1H3",,,0.348,0.652,,,0.3142286270802316,0.6857713729197684,,
16.0,Celcius,molar,"InChI=1S/C2H6O2/c3-1-2-4/h3-4H,1-2H2","InChI=1S/C3H8O/c1-2-3-4/h4H,2-3H2,1H3",,,0.65,0.35,,,0.614545029555723,0.3854549704442771,,
20.0,Celcius,molar,"InChI=1S/C2H6O2/c3-1-2-4/h3-4H,1-2H2","InChI=1S/C3H8O/c1-2-3-4/h4H,2-3H2,1H3",,,0.799,0.201,,,0.7733762743954113,0.22662372560458866,,
26.0,Celcius,molar,"InChI=1S/C2H6O2/c3-1-2-4/h3-4H,1-2H2","InChI=1S/C3H8O/c1-2-3-4/h4H,2-3H2,1H3",,,0.881,0.119,,,0.8640510906464524,0.13594890935354767,,
33.0,Celcius,molar,"InChI=1S/C2H6O2/c3-1-2-4/h3-4H,1-2H2","InChI=1S/C3H8O/c1-2-3-4/h4H,2-3H2,1H3",,,0.93,0.07,,,0.9193915020175761,0.08060849798242392,,
73.0,Celcius,molar,"InChI=1S/C2H6O2/c3-1-2-4/h3-4H,1-2H2","InChI=1S/C3H8O/c1-2-3-4/h4H,2-3H2,1H3",,,0.99,0.01,,,0.9883707967125458,0.011629203287454253,,
14.3,Celcius,molar,"InChI=1S/C2H6O2/c3-1-2-4/h3-4H,1-2H2","InChI=1S/C3H8O/c1-3(2)4/h3-4H,1-2H3",,,0.154,0.846,,,0.13524333154192852,0.8647566684580715,,
22.0,Celcius,molar,"InChI=1S/C2H6O2/c3-1-2-4/h3-4H,1-2H2","InChI=1S/C3H8O/c1-3(2)4/h3-4H,1-2H3",,,0.401,0.599,,,0.3651441029700014,0.6348558970299986,,
22.5,Celcius,molar,"InChI=1S/C2H6O2/c3-1-2-4/h3-4H,1-2H2","InChI=1S/C3H8O/c1-3(2)4/h3-4H,1-2H3",,,0.598,0.402,,,0.561027431031264,0.43897256896873604,,
26.5,Celcius,molar,"InChI=1S/C2H6O2/c3-1-2-4/h3-4H,1-2H2","InChI=1S/C3H8O/c1-3(2)4/h3-4H,1-2H3",,,0.75,0.25,,,0.7204724857897328,0.2795275142102672,,
31.0,Celcius,molar,"InChI=1S/C2H6O2/c3-1-2-4/h3-4H,1-2H2","InChI=1S/C3H8O/c1-3(2)4/h3-4H,1-2H3",,,0.85,0.15,,,0.8296000314781283,0.1703999685218716,,
36.0,Celcius,molar,"InChI=1S/C2H6O2/c3-1-2-4/h3-4H,1-2H2","InChI=1S/C3H8O/c1-3(2)4/h3-4H,1-2H3",,,0.886,0.114,,,0.8697457606624857,0.13025423933751437,,
47.0,Celcius,molar,"InChI=1S/C2H6O2/c3-1-2-4/h3-4H,1-2H2","InChI=1S/C3H8O/c1-3(2)4/h3-4H,1-2H3",,,0.939,0.061,,,0.9297029848500037,0.07029701514999634,,
63.5,Celcius,molar,"InChI=1S/C2H6O2/c3-1-2-4/h3-4H,1-2H2","InChI=1S/C3H8O/c1-3(2)4/h3-4H,1-2H3",,,0.973,0.027,,,0.968712263971134,0.03128773602886605,,
85.0,Celcius,molar,"InChI=1S/C2H6O2/c3-1-2-4/h3-4H,1-2H2","InChI=1S/C3H8O/c1-3(2)4/h3-4H,1-2H3",,,0.991,0.009,,,0.9895400252218152,0.010459974778184849,,
32.5,Celcius,molar,"InChI=1S/C2H6O2/c3-1-2-4/h3-4H,1-2H2","InChI=1S/C4H10O/c1-4(2)3-5/h4-5H,3H2,1-2H3",,,0.148,0.852,,,0.11230301861971392,0.8876969813802861,,
33.0,Celcius,molar,"InChI=1S/C2H6O2/c3-1-2-4/h3-4H,1-2H2","InChI=1S/C4H10O/c1-4(2)3-5/h4-5H,3H2,1-2H3",,,0.249,0.751,,,0.1945035769670705,0.8054964230329295,,
35.0,Celcius,molar,"InChI=1S/C2H6O2/c3-1-2-4/h3-4H,1-2H2","InChI=1S/C4H10O/c1-4(2)3-5/h4-5H,3H2,1-2H3",,,0.485,0.515,,,0.4068329356931012,0.5931670643068988,,
37.0,Celcius,molar,"InChI=1S/C2H6O2/c3-1-2-4/h3-4H,1-2H2","InChI=1S/C4H10O/c1-4(2)3-5/h4-5H,3H2,1-2H3",,,0.601,0.399,,,0.5231279998877975,0.4768720001122026,,
40.0,Celcius,molar,"InChI=1S/C2H6O2/c3-1-2-4/h3-4H,1-2H2","InChI=1S/C4H10O/c1-4(2)3-5/h4-5H,3H2,1-2H3",,,0.75,0.25,,,0.6860155506002413,0.3139844493997586,,
45.0,Celcius,molar,"InChI=1S/C2H6O2/c3-1-2-4/h3-4H,1-2H2","InChI=1S/C4H10O/c1-4(2)3-5/h4-5H,3H2,1-2H3",,,0.851,0.149,,,0.806185190719943,0.19381480928005707,,
51.5,Celcius,molar,"InChI=1S/C2H6O2/c3-1-2-4/h3-4H,1-2H2","InChI=1S/C4H10O/c1-4(2)3-5/h4-5H,3H2,1-2H3",,,0.929,0.071,,,0.9050271093133514,0.09497289068664863,,
64.0,Celcius,molar,"InChI=1S/C2H6O2/c3-1-2-4/h3-4H,1-2H2","InChI=1S/C4H10O/c1-4(2)3-5/h4-5H,3H2,1-2H3",,,0.969,0.031,,,0.9579212195601314,0.042078780439868596,,
36.80000000000001,Celcius,molar,"InChI=1S/C3H6O2/c1-2-3(4)5/h2H2,1H3,(H,4,5)","InChI=1S/C4H10O/c1-2-3-4-5/h5H,2-4H2,1H3",,,0.12,0.88,,,0.10006921263451048,0.8999307873654895,,
39.900000000000034,Celcius,molar,"InChI=1S/C3H6O2/c1-2-3(4)5/h2H2,1H3,(H,4,5)","InChI=1S/C4H10O/c1-2-3-4-5/h5H,2-4H2,1H3",,,0.235,0.765,,,0.20031673534543024,0.7996832646545697,,
41.80000000000001,Celcius,molar,"InChI=1S/C3H6O2/c1-2-3(4)5/h2H2,1H3,(H,4,5)","InChI=1S/C4H10O/c1-2-3-4-5/h5H,2-4H2,1H3",,,0.345,0.655,,,0.3004582983778373,0.6995417016221627,,
42.80000000000001,Celcius,molar,"InChI=1S/C3H6O2/c1-2-3(4)5/h2H2,1H3,(H,4,5)","InChI=1S/C4H10O/c1-2-3-4-5/h5H,2-4H2,1H3",,,0.45,0.55,,,0.4001845244539493,0.5998154755460506,,
45.0,Celcius,molar,"InChI=1S/C3H6O2/c1-2-3(4)5/h2H2,1H3,(H,4,5)","InChI=1S/C4H10O/c1-2-3-4-5/h5H,2-4H2,1H3",,,0.551,0.449,,,0.5001715753895629,0.4998284246104369,,
46.0,Celcius,molar,"InChI=1S/C3H6O2/c1-2-3(4)5/h2H2,1H3,(H,4,5)","InChI=1S/C4H10O/c1-2-3-4-5/h5H,2-4H2,1H3",,,0.648,0.352,,,0.6001844960839169,0.3998155039160833,,
46.0,Celcius,molar,"InChI=1S/C3H6O2/c1-2-3(4)5/h2H2,1H3,(H,4,5)","InChI=1S/C4H10O/c1-2-3-4-5/h5H,2-4H2,1H3",,,0.741,0.259,,,0.6999683065540604,0.3000316934459396,,
47.80000000000001,Celcius,molar,"InChI=1S/C3H6O2/c1-2-3(4)5/h2H2,1H3,(H,4,5)","InChI=1S/C4H10O/c1-2-3-4-5/h5H,2-4H2,1H3",,,0.831,0.169,,,0.8003854968098779,0.19961450319012203,,
49.80000000000001,Celcius,molar,"InChI=1S/C3H6O2/c1-2-3(4)5/h2H2,1H3,(H,4,5)","InChI=1S/C4H10O/c1-2-3-4-5/h5H,2-4H2,1H3",,,0.917,0.083,,,0.9000914628540407,0.09990853714595922,,
-2.9,Celcius,molar,InChI=1S/C3H6O2/c1-3(4)5-2/h1-2H3,"InChI=1S/C4H6O2/c1-3-4(5)6-2/h3H,1H2,2H3",,,0.1,0.9,,,0.09229430421108199,0.9077056957889181,,
-4.9,Celcius,molar,InChI=1S/C3H6O2/c1-3(4)5-2/h1-2H3,"InChI=1S/C4H6O2/c1-3-4(5)6-2/h3H,1H2,2H3",,,0.2,0.8,,,0.1861826829958647,0.8138173170041353,,
-5.6,Celcius,molar,InChI=1S/C3H6O2/c1-3(4)5-2/h1-2H3,"InChI=1S/C4H6O2/c1-3-4(5)6-2/h3H,1H2,2H3",,,0.3,0.7,,,0.2817067945453294,0.7182932054546706,,
-7.8,Celcius,molar,InChI=1S/C3H6O2/c1-3(4)5-2/h1-2H3,"InChI=1S/C4H6O2/c1-3-4(5)6-2/h3H,1H2,2H3",,,0.4,0.6,,,0.37890976135243937,0.6210902386475606,,
-8.8,Celcius,molar,InChI=1S/C3H6O2/c1-3(4)5-2/h1-2H3,"InChI=1S/C4H6O2/c1-3-4(5)6-2/h3H,1H2,2H3",,,0.5,0.5,,,0.4778362351210302,0.5221637648789699,,
-10.5,Celcius,molar,InChI=1S/C3H6O2/c1-3(4)5-2/h1-2H3,"InChI=1S/C4H6O2/c1-3-4(5)6-2/h3H,1H2,2H3",,,0.6,0.4,,,0.5785324651582838,0.4214675348417162,,
-11.6,Celcius,molar,InChI=1S/C3H6O2/c1-3(4)5-2/h1-2H3,"InChI=1S/C4H6O2/c1-3-4(5)6-2/h3H,1H2,2H3",,,0.7,0.3,,,0.681046370470876,0.3189536295291239,,
-11.9,Celcius,molar,InChI=1S/C3H6O2/c1-3(4)5-2/h1-2H3,"InChI=1S/C4H6O2/c1-3-4(5)6-2/h3H,1H2,2H3",,,0.8,0.2,,,0.785427615800922,0.21457238419907793,,
-13.5,Celcius,molar,InChI=1S/C3H6O2/c1-3(4)5-2/h1-2H3,"InChI=1S/C4H6O2/c1-3-4(5)6-2/h3H,1H2,2H3",,,0.9,0.1,,,0.8917276918552067,0.10827230814479329,,
7.650000000000034,Celcius,molar,InChI=1S/C3H6O2/c1-3(4)5-2/h1-2H3,"InChI=1S/CH4O/c1-2/h2H,1H3",,,0.01,0.99,,,0.01724983267089569,0.9827501673291044,,
3.47,Celcius,molar,InChI=1S/C3H6O2/c1-3(4)5-2/h1-2H3,"InChI=1S/CH4O/c1-2/h2H,1H3",,,0.05,0.95,,,0.08379462983911197,0.9162053701608881,,
4.350000000000023,Celcius,molar,InChI=1S/C3H6O2/c1-3(4)5-2/h1-2H3,"InChI=1S/CH4O/c1-2/h2H,1H3",,,0.054,0.946,,,0.09024138555499885,0.9097586144450012,,
-0.06,Celcius,molar,InChI=1S/C3H6O2/c1-3(4)5-2/h1-2H3,"InChI=1S/CH4O/c1-2/h2H,1H3",,,0.1,0.9,,,0.16183234982727,0.8381676501727301,,
-1.1499999999999773,Celcius,molar,InChI=1S/C3H6O2/c1-3(4)5-2/h1-2H3,"InChI=1S/CH4O/c1-2/h2H,1H3",,,0.113,0.887,,,0.1812517345432373,0.8187482654567627,,
-2.99,Celcius,molar,InChI=1S/C3H6O2/c1-3(4)5-2/h1-2H3,"InChI=1S/CH4O/c1-2/h2H,1H3",,,0.15,0.85,,,0.23468672921821684,0.7653132707817831,,
-4.149999999999977,Celcius,molar,InChI=1S/C3H6O2/c1-3(4)5-2/h1-2H3,"InChI=1S/CH4O/c1-2/h2H,1H3",,,0.179,0.821,,,0.27476691468849845,0.7252330853115015,,
-5.528,Celcius,molar,InChI=1S/C3H6O2/c1-3(4)5-2/h1-2H3,"InChI=1S/CH4O/c1-2/h2H,1H3",,,0.2,0.8,,,0.3028575923251059,0.6971424076748942,,
-7.149999999999977,Celcius,molar,InChI=1S/C3H6O2/c1-3(4)5-2/h1-2H3,"InChI=1S/CH4O/c1-2/h2H,1H3",,,0.254,0.746,,,0.37172492075761004,0.62827507924239,,
-8.46,Celcius,molar,InChI=1S/C3H6O2/c1-3(4)5-2/h1-2H3,"InChI=1S/CH4O/c1-2/h2H,1H3",,,0.3,0.7,,,0.426846158396482,0.573153841603518,,
-8.149999999999977,Celcius,molar,InChI=1S/C3H6O2/c1-3(4)5-2/h1-2H3,"InChI=1S/CH4O/c1-2/h2H,1H3",,,0.338,0.662,,,0.47012256153416654,0.5298774384658335,,
-10.0,Celcius,molar,InChI=1S/C3H6O2/c1-3(4)5-2/h1-2H3,"InChI=1S/CH4O/c1-2/h2H,1H3",,,0.4,0.6,,,0.5367093900957993,0.4632906099042007,,
-9.149999999999977,Celcius,molar,InChI=1S/C3H6O2/c1-3(4)5-2/h1-2H3,"InChI=1S/CH4O/c1-2/h2H,1H3",,,0.433,0.567,,,0.5702682734487552,0.42973172655124475,,
-10.99,Celcius,molar,InChI=1S/C3H6O2/c1-3(4)5-2/h1-2H3,"InChI=1S/CH4O/c1-2/h2H,1H3",,,0.5,0.5,,,0.6347310324840131,0.36526896751598686,,
-10.149999999999977,Celcius,molar,InChI=1S/C3H6O2/c1-3(4)5-2/h1-2H3,"InChI=1S/CH4O/c1-2/h2H,1H3",,,0.543,0.457,,,0.6737056239374569,0.3262943760625431,,
-11.98,Celcius,molar,InChI=1S/C3H6O2/c1-3(4)5-2/h1-2H3,"InChI=1S/CH4O/c1-2/h2H,1H3",,,0.6,0.4,,,0.7227276993267788,0.2772723006732212,,
-11.449999999999989,Celcius,molar,InChI=1S/C3H6O2/c1-3(4)5-2/h1-2H3,"InChI=1S/CH4O/c1-2/h2H,1H3",,,0.671,0.329,,,0.779933475752932,0.22006652424706807,,
-12.97,Celcius,molar,InChI=1S/C3H6O2/c1-3(4)5-2/h1-2H3,"InChI=1S/CH4O/c1-2/h2H,1H3",,,0.7,0.3,,,0.8021625000014918,0.1978374999985082,,
-13.52,Celcius,molar,InChI=1S/C3H6O2/c1-3(4)5-2/h1-2H3,"InChI=1S/CH4O/c1-2/h2H,1H3",,,0.8,0.2,,,0.8742270381964438,0.12577296180355618,,
-12.349999999999966,Celcius,molar,InChI=1S/C3H6O2/c1-3(4)5-2/h1-2H3,"InChI=1S/CH4O/c1-2/h2H,1H3",,,0.821,0.179,,,0.8885192776889184,0.1114807223110816,,
-13.95,Celcius,molar,InChI=1S/C3H6O2/c1-3(4)5-2/h1-2H3,"InChI=1S/CH4O/c1-2/h2H,1H3",,,0.9,0.1,,,0.9399015980823988,0.06009840191760121,,
-4.149999999999977,Celcius,molar,"InChI=1S/C3H8O/c1-2-3-4/h4H,2-3H2,1H3","InChI=1S/C7H16/c1-3-5-7-6-4-2/h3-7H2,1-2H3",,,0.179,0.821,,,0.11151498526665377,0.8884850147333463,,
-3.1499999999999773,Celcius,molar,"InChI=1S/C3H8O/c1-2-3-4/h4H,2-3H2,1H3","InChI=1S/C7H16/c1-3-5-7-6-4-2/h3-7H2,1-2H3",,,0.329,0.671,,,0.22012589238501662,0.7798741076149834,,
-3.1499999999999773,Celcius,molar,"InChI=1S/C3H8O/c1-2-3-4/h4H,2-3H2,1H3","InChI=1S/C7H16/c1-3-5-7-6-4-2/h3-7H2,1-2H3",,,0.457,0.543,,,0.32637040968575093,0.6736295903142491,,
-3.1499999999999773,Celcius,molar,"InChI=1S/C3H8O/c1-2-3-4/h4H,2-3H2,1H3","InChI=1S/C7H16/c1-3-5-7-6-4-2/h3-7H2,1-2H3",,,0.567,0.433,,,0.42981648578392917,0.5701835142160708,,
-3.1499999999999773,Celcius,molar,"InChI=1S/C3H8O/c1-2-3-4/h4H,2-3H2,1H3","InChI=1S/C7H16/c1-3-5-7-6-4-2/h3-7H2,1-2H3",,,0.662,0.338,,,0.5299635937396687,0.47003640626033116,,
-2.25,Celcius,molar,"InChI=1S/C3H8O/c1-2-3-4/h4H,2-3H2,1H3","InChI=1S/C7H16/c1-3-5-7-6-4-2/h3-7H2,1-2H3",,,0.746,0.254,,,0.6283558496132372,0.3716441503867629,,
-0.25,Celcius,molar,"InChI=1S/C3H8O/c1-2-3-4/h4H,2-3H2,1H3","InChI=1S/C7H16/c1-3-5-7-6-4-2/h3-7H2,1-2H3",,,0.821,0.179,,,0.725301999405146,0.2746980005948539,,
1.75,Celcius,molar,"InChI=1S/C3H8O/c1-2-3-4/h4H,2-3H2,1H3","InChI=1S/C7H16/c1-3-5-7-6-4-2/h3-7H2,1-2H3",,,0.887,0.113,,,0.8187995852056016,0.1812004147943985,,
8.75,Celcius,molar,"InChI=1S/C3H8O/c1-2-3-4/h4H,2-3H2,1H3","InChI=1S/C7H16/c1-3-5-7-6-4-2/h3-7H2,1-2H3",,,0.946,0.054,,,0.9097870047606317,0.09021299523936835,,
12.850000000000023,Celcius,molar,"InChI=1S/C3H8O/c1-2-3-4/h4H,2-3H2,1H3","InChI=1S/C7H16/c1-3-5-7-6-4-2/h3-7H2,1-2H3",,,0.968,0.032,,,0.9456935046043933,0.054306495395606696,,
16.850000000000023,Celcius,molar,"InChI=1S/C3H8O/c1-2-3-4/h4H,2-3H2,1H3","InChI=1S/C7H16/c1-3-5-7-6-4-2/h3-7H2,1-2H3",,,0.979,0.021,,,0.9640768025104842,0.03592319748951581,,
22.850000000000023,Celcius,molar,"InChI=1S/C3H8O/c1-2-3-4/h4H,2-3H2,1H3","InChI=1S/C7H16/c1-3-5-7-6-4-2/h3-7H2,1-2H3",,,0.99,0.01,,,0.982756029457691,0.0172439705423089,,
18.15,Celcius,molar,"InChI=1S/C3H8O/c1-3(2)4/h3-4H,1-2H3","InChI=1S/C4H10O/c1-2-3-4-5/h5H,2-4H2,1H3",,,0.787,0.213,,,0.7553309911165483,0.24466900888345175,,
19.25,Celcius,molar,"InChI=1S/C3H8O/c1-3(2)4/h3-4H,1-2H3","InChI=1S/C4H10O/c1-3-4(2)5/h4-5H,3H2,1-2H3","InChI=1S/C4H8O/c1-3-4(2)5/h3H2,1-2H3","InChI=1S/C6H12O2/c1-5(7)4-6(2,3)8/h8H,4H2,1-3H3",0.39,0.316,0.132,0.162,0.3329326083309328,0.32682948929526545,0.12476586832107565,0.21547203405272622
21.55,Celcius,molar,"InChI=1S/C3H8O/c1-3(2)4/h3-4H,1-2H3","InChI=1S/C4H10O/c1-4(2)3-5/h4-5H,3H2,1-2H3","InChI=1S/C6H12O/c1-5(2)4-6(3)7/h5H,4H2,1-3H3",,0.175,0.214,0.611,,0.12931104756546358,0.18654274854512115,0.6841462038894153,
24.5,Celcius,molar,"InChI=1S/C3H8O/c1-3(2)4/h3-4H,1-2H3","InChI=1S/C4H10O/c1-4(2)3-5/h4-5H,3H2,1-2H3",,,0.2,0.8,,,0.1748633749816761,0.825136625018324,,
21.5,Celcius,molar,"InChI=1S/C3H8O/c1-3(2)4/h3-4H,1-2H3","InChI=1S/C4H10O/c1-4(2)3-5/h4-5H,3H2,1-2H3",,,0.35,0.65,,,0.3133962730278468,0.6866037269721531,,
18.5,Celcius,molar,"InChI=1S/C3H8O/c1-3(2)4/h3-4H,1-2H3","InChI=1S/C4H10O/c1-4(2)3-5/h4-5H,3H2,1-2H3",,,0.52,0.48,,,0.47871113977773255,0.5212888602222676,,
14.5,Celcius,molar,"InChI=1S/C3H8O/c1-3(2)4/h3-4H,1-2H3","InChI=1S/C4H10O/c1-4(2)3-5/h4-5H,3H2,1-2H3",,,0.799,0.201,,,0.7711482766322713,0.22885172336772883,,
-1.75,Celcius,molar,"InChI=1S/C3H8O/c1-3(2)4/h3-4H,1-2H3","InChI=1S/C4H8O/c1-3-4(2)5/h3H2,1-2H3",,,0.115,0.885,,,0.10503423057551005,0.8949657694244899,,
-1.75,Celcius,molar,"InChI=1S/C3H8O/c1-3(2)4/h3-4H,1-2H3","InChI=1S/C4H8O/c1-3-4(2)5/h3H2,1-2H3",,,0.227,0.773,,,0.20962742115873997,0.7903725788412601,,
0.15000000000001137,Celcius,molar,"InChI=1S/C3H8O/c1-3(2)4/h3-4H,1-2H3","InChI=1S/C4H8O/c1-3-4(2)5/h3H2,1-2H3",,,0.334,0.666,,,0.3117410378105196,0.6882589621894805,,
-0.6499999999999773,Celcius,molar,"InChI=1S/C3H8O/c1-3(2)4/h3-4H,1-2H3","InChI=1S/C4H8O/c1-3-4(2)5/h3H2,1-2H3",,,0.439,0.561,,,0.41409429637950174,0.5859057036204982,,
1.25,Celcius,molar,"InChI=1S/C3H8O/c1-3(2)4/h3-4H,1-2H3","InChI=1S/C4H8O/c1-3-4(2)5/h3H2,1-2H3",,,0.539,0.461,,,0.5136151023692619,0.48638489763073817,,
2.25,Celcius,molar,"InChI=1S/C3H8O/c1-3(2)4/h3-4H,1-2H3","InChI=1S/C4H8O/c1-3-4(2)5/h3H2,1-2H3",,,0.637,0.363,,,0.6131382791158891,0.3868617208841108,,
4.350000000000023,Celcius,molar,"InChI=1S/C3H8O/c1-3(2)4/h3-4H,1-2H3","InChI=1S/C4H8O/c1-3-4(2)5/h3H2,1-2H3",,,0.732,0.268,,,0.7115553267538297,0.2884446732461703,,
7.350000000000023,Celcius,molar,"InChI=1S/C3H8O/c1-3(2)4/h3-4H,1-2H3","InChI=1S/C4H8O/c1-3-4(2)5/h3H2,1-2H3",,,0.824,0.176,,,0.8087398702050764,0.19126012979492354,,
10.350000000000023,Celcius,molar,"InChI=1S/C3H8O/c1-3(2)4/h3-4H,1-2H3","InChI=1S/C4H8O/c1-3-4(2)5/h3H2,1-2H3",,,0.913,0.087,,,0.9045628704884782,0.09543712951152186,,
-0.75,Celcius,molar,"InChI=1S/C3H8O/c1-3(2)4/h3-4H,1-2H3","InChI=1S/C4H8O2/c1-3-6-4(2)5/h3H2,1-2H3",InChI=1S/C6H12/c1-2-4-6-5-3-1/h1-6H2,,0.366,0.355,0.279,,0.3098579028965471,0.3636139677433558,0.3265281293600972,
1.55,Celcius,molar,"InChI=1S/C3H8O/c1-3(2)4/h3-4H,1-2H3","InChI=1S/C4H8O2/c1-3-6-4(2)5/h3H2,1-2H3",,,0.236,0.764,,,0.20339152555860457,0.7966084744413955,,
15.95,Celcius,molar,"InChI=1S/C3H8O/c1-3(2)4/h3-4H,1-2H3","InChI=1S/C6H12O/c1-5(2)4-6(3)7/h5H,4H2,1-3H3","InChI=1S/C6H14O/c1-5(2)4-6(3)7/h5-7H,4H2,1-3H3","InChI=1S/C7H8/c1-7-5-3-2-4-6-7/h2-6H,1H3",0.09,0.323,0.044,0.543,0.06816631552008598,0.3707148329983447,0.05252178007070501,0.5085970714108643
4.650000000000034,Celcius,molar,"InChI=1S/C3H8O/c1-3(2)4/h3-4H,1-2H3","InChI=1S/C7H8/c1-7-5-3-2-4-6-7/h2-6H,1H3",,,0.134,0.866,,,0.11120897826812809,0.8887910217318719,,
3.650000000000034,Celcius,molar,"InChI=1S/C3H8O/c1-3(2)4/h3-4H,1-2H3","InChI=1S/C7H8/c1-7-5-3-2-4-6-7/h2-6H,1H3",,,0.258,0.742,,,0.21946350070505674,0.7805364992949432,,
4.650000000000034,Celcius,molar,"InChI=1S/C3H8O/c1-3(2)4/h3-4H,1-2H3","InChI=1S/C7H8/c1-7-5-3-2-4-6-7/h2-6H,1H3",,,0.373,0.627,,,0.32480554937927164,0.6751944506207284,,
3.650000000000034,Celcius,molar,"InChI=1S/C3H8O/c1-3(2)4/h3-4H,1-2H3","InChI=1S/C7H8/c1-7-5-3-2-4-6-7/h2-6H,1H3",,,0.481,0.519,,,0.4283852059615155,0.5716147940384846,,
4.650000000000034,Celcius,molar,"InChI=1S/C3H8O/c1-3(2)4/h3-4H,1-2H3","InChI=1S/C7H8/c1-7-5-3-2-4-6-7/h2-6H,1H3",,,0.581,0.419,,,0.5285872706512093,0.47141272934879075,,
4.25,Celcius,molar,"InChI=1S/C3H8O/c1-3(2)4/h3-4H,1-2H3","InChI=1S/C7H8/c1-7-5-3-2-4-6-7/h2-6H,1H3",,,0.657,0.343,,,0.6076745327109747,0.3923254672890254,,
4.650000000000034,Celcius,molar,"InChI=1S/C3H8O/c1-3(2)4/h3-4H,1-2H3","InChI=1S/C7H8/c1-7-5-3-2-4-6-7/h2-6H,1H3",,,0.676,0.324,,,0.6278591977346797,0.37214080226532026,,
4.650000000000034,Celcius,molar,"InChI=1S/C3H8O/c1-3(2)4/h3-4H,1-2H3","InChI=1S/C7H8/c1-7-5-3-2-4-6-7/h2-6H,1H3",,,0.764,0.236,,,0.7235880822182102,0.2764119177817897,,
6.650000000000034,Celcius,molar,"InChI=1S/C3H8O/c1-3(2)4/h3-4H,1-2H3","InChI=1S/C7H8/c1-7-5-3-2-4-6-7/h2-6H,1H3",,,0.847,0.153,,,0.81740391954719,0.18259608045281,,
8.650000000000034,Celcius,molar,"InChI=1S/C3H8O/c1-3(2)4/h3-4H,1-2H3","InChI=1S/C7H8/c1-7-5-3-2-4-6-7/h2-6H,1H3",,,0.926,0.074,,,0.9100629041597688,0.08993709584023127,,
11.150000000000034,Celcius,molar,"InChI=1S/C3H8O/c1-3(2)4/h3-4H,1-2H3","InChI=1S/CH4O/c1-2/h2H,1H3",,,0.056,0.944,,,0.09520293959932166,0.9047970604006783,,
12.150000000000034,Celcius,molar,"InChI=1S/C3H8O/c1-3(2)4/h3-4H,1-2H3","InChI=1S/CH4O/c1-2/h2H,1H3",,,0.117,0.883,,,0.1902977484384965,0.8097022515615034,,
12.150000000000034,Celcius,molar,"InChI=1S/C3H8O/c1-3(2)4/h3-4H,1-2H3","InChI=1S/CH4O/c1-2/h2H,1H3",,,0.185,0.815,,,0.2870494281863557,0.7129505718136444,,
12.050000000000011,Celcius,molar,"InChI=1S/C3H8O/c1-3(2)4/h3-4H,1-2H3","InChI=1S/CH4O/c1-2/h2H,1H3",,,0.261,0.739,,,0.3851600815417867,0.6148399184582134,,
10.350000000000005,Celcius,molar,"InChI=1S/C3H8O/c1-3(2)4/h3-4H,1-2H3","InChI=1S/CH4O/c1-2/h2H,1H3",,,0.346,0.654,,,0.4841068665217659,0.5158931334782341,,
14.150000000000034,Celcius,molar,"InChI=1S/C3H8O/c1-3(2)4/h3-4H,1-2H3","InChI=1S/CH4O/c1-2/h2H,1H3",,,0.442,0.558,,,0.5841967265700744,0.4158032734299256,,
14.150000000000034,Celcius,molar,"InChI=1S/C3H8O/c1-3(2)4/h3-4H,1-2H3","InChI=1S/CH4O/c1-2/h2H,1H3",,,0.552,0.448,,,0.6860742646008099,0.3139257353991901,,
15.050000000000011,Celcius,molar,"InChI=1S/C3H8O/c1-3(2)4/h3-4H,1-2H3","InChI=1S/CH4O/c1-2/h2H,1H3",,,0.679,0.321,,,0.7895565725322258,0.21044342746777425,,
15.050000000000011,Celcius,molar,"InChI=1S/C3H8O/c1-3(2)4/h3-4H,1-2H3","InChI=1S/CH4O/c1-2/h2H,1H3",,,0.826,0.174,,,0.8938432921715064,0.10615670782849367,,
22.7,Celcius,molar,"InChI=1S/C4H10O/c1-2-3-4-5/h5H,2-4H2,1H3","InChI=1S/C4H10O/c1-3-4(2)5/h4-5H,3H2,1-2H3",,,0.1,0.9,,,0.09890585865522593,0.9010941413447742,,
24.0,Celcius,molar,"InChI=1S/C4H10O/c1-2-3-4-5/h5H,2-4H2,1H3","InChI=1S/C4H10O/c1-3-4(2)5/h4-5H,3H2,1-2H3",,,0.2,0.8,,,0.1980524922217578,0.8019475077782422,,
25.5,Celcius,molar,"InChI=1S/C4H10O/c1-2-3-4-5/h5H,2-4H2,1H3","InChI=1S/C4H10O/c1-3-4(2)5/h4-5H,3H2,1-2H3",,,0.3,0.7,,,0.29744078097921384,0.7025592190207861,,
26.3,Celcius,molar,"InChI=1S/C4H10O/c1-2-3-4-5/h5H,2-4H2,1H3","InChI=1S/C4H10O/c1-3-4(2)5/h4-5H,3H2,1-2H3",,,0.4,0.6,,,0.39707160950354975,0.6029283904964502,,
28.0,Celcius,molar,"InChI=1S/C4H10O/c1-2-3-4-5/h5H,2-4H2,1H3","InChI=1S/C4H10O/c1-3-4(2)5/h4-5H,3H2,1-2H3",,,0.5,0.5,,,0.4969458666933017,0.5030541333066982,,
29.3,Celcius,molar,"InChI=1S/C4H10O/c1-2-3-4-5/h5H,2-4H2,1H3","InChI=1S/C4H10O/c1-3-4(2)5/h4-5H,3H2,1-2H3",,,0.6,0.4,,,0.5970644457960225,0.4029355542039776,,
30.9,Celcius,molar,"InChI=1S/C4H10O/c1-2-3-4-5/h5H,2-4H2,1H3","InChI=1S/C4H10O/c1-3-4(2)5/h4-5H,3H2,1-2H3",,,0.7,0.3,,,0.697428244434911,0.30257175556508903,,
32.3,Celcius,molar,"InChI=1S/C4H10O/c1-2-3-4-5/h5H,2-4H2,1H3","InChI=1S/C4H10O/c1-3-4(2)5/h4-5H,3H2,1-2H3",,,0.8,0.2,,,0.7980381646356388,0.20196183536436116,,
33.6,Celcius,molar,"InChI=1S/C4H10O/c1-2-3-4-5/h5H,2-4H2,1H3","InChI=1S/C4H10O/c1-3-4(2)5/h4-5H,3H2,1-2H3",,,0.9,0.1,,,0.8988951128533731,0.10110488714662683,,
-0.9499999999999886,Celcius,molar,"InChI=1S/C4H10O/c1-2-3-4-5/h5H,2-4H2,1H3","InChI=1S/C4H8O/c1-3-4(2)5/h3H2,1-2H3",,,0.098,0.902,,,0.10509956290087268,0.8949004370991273,,
0.1500000000000341,Celcius,molar,"InChI=1S/C4H10O/c1-2-3-4-5/h5H,2-4H2,1H3","InChI=1S/C4H8O/c1-3-4(2)5/h3H2,1-2H3",,,0.197,0.803,,,0.20960495359991824,0.7903950464000816,,
1.150000000000034,Celcius,molar,"InChI=1S/C4H10O/c1-2-3-4-5/h5H,2-4H2,1H3","InChI=1S/C4H8O/c1-3-4(2)5/h3H2,1-2H3",,,0.296,0.704,,,0.31247446645087834,0.6875255335491217,,
-0.8499999999999659,Celcius,molar,"InChI=1S/C4H10O/c1-2-3-4-5/h5H,2-4H2,1H3","InChI=1S/C4H8O/c1-3-4(2)5/h3H2,1-2H3",,,0.395,0.605,,,0.41374621404015843,0.5862537859598416,,
0.1500000000000341,Celcius,molar,"InChI=1S/C4H10O/c1-2-3-4-5/h5H,2-4H2,1H3","InChI=1S/C4H8O/c1-3-4(2)5/h3H2,1-2H3",,,0.495,0.505,,,0.5144564759013172,0.4855435240986828,,
2.0500000000000114,Celcius,molar,"InChI=1S/C4H10O/c1-2-3-4-5/h5H,2-4H2,1H3","InChI=1S/C4H8O/c1-3-4(2)5/h3H2,1-2H3",,,0.595,0.405,,,0.6136111155443995,0.3863888844556004,,
3.0500000000000114,Celcius,molar,"InChI=1S/C4H10O/c1-2-3-4-5/h5H,2-4H2,1H3","InChI=1S/C4H8O/c1-3-4(2)5/h3H2,1-2H3",,,0.696,0.304,,,0.7122146909397242,0.2877853090602758,,
8.050000000000011,Celcius,molar,"InChI=1S/C4H10O/c1-2-3-4-5/h5H,2-4H2,1H3","InChI=1S/C4H8O/c1-3-4(2)5/h3H2,1-2H3",,,0.797,0.203,,,0.809303584772716,0.19069641522728392,,
20.05000000000001,Celcius,molar,"InChI=1S/C4H10O/c1-2-3-4-5/h5H,2-4H2,1H3","InChI=1S/C4H8O/c1-3-4(2)5/h3H2,1-2H3",,,0.898,0.102,,,0.9049124322951958,0.09508756770480428,,
28.75,Celcius,molar,"InChI=1S/C4H10O/c1-2-3-4-5/h5H,2-4H2,1H3","InChI=1S/C6H12O/c1-5(2)4-6(3)7/h5H,4H2,1-3H3","InChI=1S/C6H12O2/c1-3-4-5-8-6(2)7/h3-5H2,1-2H3","InChI=1S/C6H14O2/c1-2-3-5-8-6-4-7/h7H,2-6H2,1H3",0.055,0.478,0.451,0.016,0.04239046676751332,0.46645177305893964,0.4735391792720737,0.01761858090147333
25.0,Celcius,molar,"InChI=1S/C4H10O/c1-2-3-4-5/h5H,2-4H2,1H3","InChI=1S/C6H12O2/c1-3-4-5-8-6(2)7/h3-5H2,1-2H3",,,0.59,0.41,,,0.5136936684545854,0.48630633154541464,,
35.85,Celcius,molar,"InChI=1S/C4H10O/c1-2-3-4-5/h5H,2-4H2,1H3","InChI=1S/C7H14O2/c1-3-5-7(8)9-6-4-2/h3-6H2,1-2H3",,,0.1,0.9,,,0.06670329207296084,0.9332967079270392,,
35.05,Celcius,molar,"InChI=1S/C4H10O/c1-2-3-4-5/h5H,2-4H2,1H3","InChI=1S/C7H14O2/c1-3-5-7(8)9-6-4-2/h3-6H2,1-2H3",,,0.2,0.8,,,0.13853175224956008,0.8614682477504398,,
34.0,Celcius,molar,"InChI=1S/C4H10O/c1-2-3-4-5/h5H,2-4H2,1H3","InChI=1S/C7H14O2/c1-3-5-7(8)9-6-4-2/h3-6H2,1-2H3",,,0.3,0.7,,,0.21609967094459698,0.783900329055403,,
33.55,Celcius,molar,"InChI=1S/C4H10O/c1-2-3-4-5/h5H,2-4H2,1H3","InChI=1S/C7H14O2/c1-3-5-7(8)9-6-4-2/h3-6H2,1-2H3",,,0.4,0.6,,,0.30012359377122255,0.6998764062287774,,
33.4,Celcius,molar,"InChI=1S/C4H10O/c1-2-3-4-5/h5H,2-4H2,1H3","InChI=1S/C7H14O2/c1-3-5-7(8)9-6-4-2/h3-6H2,1-2H3",,,0.5,0.5,,,0.39144452226475496,0.608555477735245,,
33.1,Celcius,molar,"InChI=1S/C4H10O/c1-2-3-4-5/h5H,2-4H2,1H3","InChI=1S/C7H14O2/c1-3-5-7(8)9-6-4-2/h3-6H2,1-2H3",,,0.6,0.4,,,0.4910561611866885,0.5089438388133114,,
33.4,Celcius,molar,"InChI=1S/C4H10O/c1-2-3-4-5/h5H,2-4H2,1H3","InChI=1S/C7H14O2/c1-3-5-7(8)9-6-4-2/h3-6H2,1-2H3",,,0.7,0.3,,,0.6001412250891952,0.39985877491080474,,
33.7,Celcius,molar,"InChI=1S/C4H10O/c1-2-3-4-5/h5H,2-4H2,1H3","InChI=1S/C7H14O2/c1-3-5-7(8)9-6-4-2/h3-6H2,1-2H3",,,0.8,0.2,,,0.7201186206988146,0.2798813793011854,,
34.55,Celcius,molar,"InChI=1S/C4H10O/c1-2-3-4-5/h5H,2-4H2,1H3","InChI=1S/C7H14O2/c1-3-5-7(8)9-6-4-2/h3-6H2,1-2H3",,,0.9,0.1,,,0.8527055057466392,0.1472944942533608,,
8.850000000000023,Celcius,molar,"InChI=1S/C4H10O/c1-2-3-4-5/h5H,2-4H2,1H3","InChI=1S/C7H8/c1-7-5-3-2-4-6-7/h2-6H,1H3",,,0.114,0.886,,,0.11073669876696855,0.8892633012330314,,
8.850000000000023,Celcius,molar,"InChI=1S/C4H10O/c1-2-3-4-5/h5H,2-4H2,1H3","InChI=1S/C7H8/c1-7-5-3-2-4-6-7/h2-6H,1H3",,,0.225,0.775,,,0.21934590496208914,0.7806540950379107,,
5.45,Celcius,molar,"InChI=1S/C4H10O/c1-2-3-4-5/h5H,2-4H2,1H3","InChI=1S/C7H8/c1-7-5-3-2-4-6-7/h2-6H,1H3",,,0.242,0.758,,,0.2360488223525028,0.7639511776474972,,
9.850000000000023,Celcius,molar,"InChI=1S/C4H10O/c1-2-3-4-5/h5H,2-4H2,1H3","InChI=1S/C7H8/c1-7-5-3-2-4-6-7/h2-6H,1H3",,,0.332,0.668,,,0.32478389540338154,0.6752161045966184,,
12.05,Celcius,molar,"InChI=1S/C4H10O/c1-2-3-4-5/h5H,2-4H2,1H3","InChI=1S/C7H8/c1-7-5-3-2-4-6-7/h2-6H,1H3",,,0.374,0.626,,,0.3663716938167256,0.6336283061832744,,
9.850000000000023,Celcius,molar,"InChI=1S/C4H10O/c1-2-3-4-5/h5H,2-4H2,1H3","InChI=1S/C7H8/c1-7-5-3-2-4-6-7/h2-6H,1H3",,,0.436,0.564,,,0.427971655835914,0.572028344164086,,
10.850000000000023,Celcius,molar,"InChI=1S/C4H10O/c1-2-3-4-5/h5H,2-4H2,1H3","InChI=1S/C7H8/c1-7-5-3-2-4-6-7/h2-6H,1H3",,,0.537,0.463,,,0.5288557685443843,0.4711442314556156,,
11.850000000000023,Celcius,molar,"InChI=1S/C4H10O/c1-2-3-4-5/h5H,2-4H2,1H3","InChI=1S/C7H8/c1-7-5-3-2-4-6-7/h2-6H,1H3",,,0.635,0.365,,,0.6273834587345459,0.37261654126545407,,
13.950000000000045,Celcius,molar,"InChI=1S/C4H10O/c1-2-3-4-5/h5H,2-4H2,1H3","InChI=1S/C7H8/c1-7-5-3-2-4-6-7/h2-6H,1H3",,,0.73,0.27,,,0.7235026574271857,0.27649734257281444,,
17.950000000000045,Celcius,molar,"InChI=1S/C4H10O/c1-2-3-4-5/h5H,2-4H2,1H3","InChI=1S/C7H8/c1-7-5-3-2-4-6-7/h2-6H,1H3",,,0.823,0.177,,,0.8181832321884983,0.18181676781150174,,
23.950000000000045,Celcius,molar,"InChI=1S/C4H10O/c1-2-3-4-5/h5H,2-4H2,1H3","InChI=1S/C7H8/c1-7-5-3-2-4-6-7/h2-6H,1H3",,,0.913,0.087,,,0.9103656892468156,0.08963431075318437,,
27.950000000000045,Celcius,molar,"InChI=1S/C4H10O/c1-2-3-4-5/h5H,2-4H2,1H3","InChI=1S/C7H8/c1-7-5-3-2-4-6-7/h2-6H,1H3",,,0.948,0.052,,,0.9463632096234957,0.053636790376504276,,
33.950000000000045,Celcius,molar,"InChI=1S/C4H10O/c1-2-3-4-5/h5H,2-4H2,1H3","InChI=1S/C7H8/c1-7-5-3-2-4-6-7/h2-6H,1H3",,,0.983,0.017,,,0.9824444939218828,0.017555506078117074,,
21.4,Celcius,molar,"InChI=1S/C4H10O/c1-2-3-4-5/h5H,2-4H2,1H3","InChI=1S/C8H10/c1-2-8-6-4-3-5-7-8/h3-7H,2H2,1H3",,,0.1,0.9,,,0.08286817387612205,0.917131826123878,,
21.2,Celcius,molar,"InChI=1S/C4H10O/c1-2-3-4-5/h5H,2-4H2,1H3","InChI=1S/C8H10/c1-2-8-6-4-3-5-7-8/h3-7H,2H2,1H3",,,0.2,0.8,,,0.16895241825530927,0.8310475817446906,,
21.55,Celcius,molar,"InChI=1S/C4H10O/c1-2-3-4-5/h5H,2-4H2,1H3","InChI=1S/C8H10/c1-2-8-6-4-3-5-7-8/h3-7H,2H2,1H3",,,0.3,0.7,,,0.25844365902673233,0.7415563409732677,,
22.2,Celcius,molar,"InChI=1S/C4H10O/c1-2-3-4-5/h5H,2-4H2,1H3","InChI=1S/C8H10/c1-2-8-6-4-3-5-7-8/h3-7H,2H2,1H3",,,0.4,0.6,,,0.35154823990519185,0.6484517600948082,,
22.8,Celcius,molar,"InChI=1S/C4H10O/c1-2-3-4-5/h5H,2-4H2,1H3","InChI=1S/C8H10/c1-2-8-6-4-3-5-7-8/h3-7H,2H2,1H3",,,0.5,0.5,,,0.4484895107905997,0.5515104892094002,,
23.1,Celcius,molar,"InChI=1S/C4H10O/c1-2-3-4-5/h5H,2-4H2,1H3","InChI=1S/C8H10/c1-2-8-6-4-3-5-7-8/h3-7H,2H2,1H3",,,0.6,0.4,,,0.5495096166196591,0.4504903833803409,,
23.6,Celcius,molar,"InChI=1S/C4H10O/c1-2-3-4-5/h5H,2-4H2,1H3","InChI=1S/C8H10/c1-2-8-6-4-3-5-7-8/h3-7H,2H2,1H3",,,0.7,0.3,,,0.6548715168694369,0.345128483130563,,
26.15,Celcius,molar,"InChI=1S/C4H10O/c1-2-3-4-5/h5H,2-4H2,1H3","InChI=1S/C8H10/c1-2-8-6-4-3-5-7-8/h3-7H,2H2,1H3",,,0.8,0.2,,,0.7648612711713944,0.23513872882860565,,
29.25,Celcius,molar,"InChI=1S/C4H10O/c1-2-3-4-5/h5H,2-4H2,1H3","InChI=1S/C8H10/c1-2-8-6-4-3-5-7-8/h3-7H,2H2,1H3",,,0.9,0.1,,,0.8797906328641695,0.1202093671358305,,
14.46,Celcius,molar,"InChI=1S/C4H10O/c1-2-3-4-5/h5H,2-4H2,1H3","InChI=1S/C8H18/c1-3-5-7-8-6-4-2/h3-8H2,1-2H3",,,0.1,0.9,,,0.06419877959761557,0.9358012204023844,,
13.75,Celcius,molar,"InChI=1S/C4H10O/c1-2-3-4-5/h5H,2-4H2,1H3","InChI=1S/C8H18/c1-3-5-7-8-6-4-2/h3-8H2,1-2H3",,,0.165,0.835,,,0.10873960507956472,0.8912603949204353,,
14.99,Celcius,molar,"InChI=1S/C4H10O/c1-2-3-4-5/h5H,2-4H2,1H3","InChI=1S/C8H18/c1-3-5-7-8-6-4-2/h3-8H2,1-2H3",,,0.2,0.8,,,0.13371669343193648,0.8662833065680634,,
14.99,Celcius,molar,"InChI=1S/C4H10O/c1-2-3-4-5/h5H,2-4H2,1H3","InChI=1S/C8H18/c1-3-5-7-8-6-4-2/h3-8H2,1-2H3",,,0.3,0.7,,,0.20924337957001535,0.7907566204299846,,
13.75,Celcius,molar,"InChI=1S/C4H10O/c1-2-3-4-5/h5H,2-4H2,1H3","InChI=1S/C8H18/c1-3-5-7-8-6-4-2/h3-8H2,1-2H3",,,0.307,0.693,,,0.214775468281733,0.785224531718267,,
15.03,Celcius,molar,"InChI=1S/C4H10O/c1-2-3-4-5/h5H,2-4H2,1H3","InChI=1S/C8H18/c1-3-5-7-8-6-4-2/h3-8H2,1-2H3",,,0.41,0.59,,,0.30023907200563676,0.6997609279943633,,
13.75,Celcius,molar,"InChI=1S/C4H10O/c1-2-3-4-5/h5H,2-4H2,1H3","InChI=1S/C8H18/c1-3-5-7-8-6-4-2/h3-8H2,1-2H3",,,0.432,0.568,,,0.3195392267803262,0.6804607732196738,,
15.48,Celcius,molar,"InChI=1S/C4H10O/c1-2-3-4-5/h5H,2-4H2,1H3","InChI=1S/C8H18/c1-3-5-7-8-6-4-2/h3-8H2,1-2H3",,,0.5,0.5,,,0.3817341063241601,0.61826589367584,,
13.75,Celcius,molar,"InChI=1S/C4H10O/c1-2-3-4-5/h5H,2-4H2,1H3","InChI=1S/C8H18/c1-3-5-7-8-6-4-2/h3-8H2,1-2H3",,,0.542,0.458,,,0.42218808709385686,0.5778119129061432,,
15.52,Celcius,molar,"InChI=1S/C4H10O/c1-2-3-4-5/h5H,2-4H2,1H3","InChI=1S/C8H18/c1-3-5-7-8-6-4-2/h3-8H2,1-2H3",,,0.6,0.4,,,0.48082710657400946,0.5191728934259905,,
14.650000000000034,Celcius,molar,"InChI=1S/C4H10O/c1-2-3-4-5/h5H,2-4H2,1H3","InChI=1S/C8H18/c1-3-5-7-8-6-4-2/h3-8H2,1-2H3",,,0.64,0.36,,,0.523275625402019,0.47672437459798095,,
16.5,Celcius,molar,"InChI=1S/C4H10O/c1-2-3-4-5/h5H,2-4H2,1H3","InChI=1S/C8H18/c1-3-5-7-8-6-4-2/h3-8H2,1-2H3",,,0.7,0.3,,,0.5902752972931403,0.40972470270685957,,
14.650000000000034,Celcius,molar,"InChI=1S/C4H10O/c1-2-3-4-5/h5H,2-4H2,1H3","InChI=1S/C8H18/c1-3-5-7-8-6-4-2/h3-8H2,1-2H3",,,0.727,0.273,,,0.6218152942559807,0.37818470574401936,,
18.01,Celcius,molar,"InChI=1S/C4H10O/c1-2-3-4-5/h5H,2-4H2,1H3","InChI=1S/C8H18/c1-3-5-7-8-6-4-2/h3-8H2,1-2H3",,,0.8,0.2,,,0.7117913363192802,0.2882086636807199,,
13.650000000000034,Celcius,molar,"InChI=1S/C4H10O/c1-2-3-4-5/h5H,2-4H2,1H3","InChI=1S/C8H18/c1-3-5-7-8-6-4-2/h3-8H2,1-2H3",,,0.805,0.195,,,0.7182198200010036,0.2817801799989964,,
19.97,Celcius,molar,"InChI=1S/C4H10O/c1-2-3-4-5/h5H,2-4H2,1H3","InChI=1S/C8H18/c1-3-5-7-8-6-4-2/h3-8H2,1-2H3",,,0.85,0.15,,,0.7777162032811968,0.22228379671880313,,
18.650000000000034,Celcius,molar,"InChI=1S/C4H10O/c1-2-3-4-5/h5H,2-4H2,1H3","InChI=1S/C8H18/c1-3-5-7-8-6-4-2/h3-8H2,1-2H3",,,0.876,0.124,,,0.8134962879943869,0.18650371200561305,,
22.47,Celcius,molar,"InChI=1S/C4H10O/c1-2-3-4-5/h5H,2-4H2,1H3","InChI=1S/C8H18/c1-3-5-7-8-6-4-2/h3-8H2,1-2H3",,,0.9,0.1,,,0.8474875960686933,0.15251240393130663,,
23.650000000000034,Celcius,molar,"InChI=1S/C4H10O/c1-2-3-4-5/h5H,2-4H2,1H3","InChI=1S/C8H18/c1-3-5-7-8-6-4-2/h3-8H2,1-2H3",,,0.941,0.059,,,0.9078123392035258,0.09218766079647421,,
27.49,Celcius,molar,"InChI=1S/C4H10O/c1-2-3-4-5/h5H,2-4H2,1H3","InChI=1S/C8H18/c1-3-5-7-8-6-4-2/h3-8H2,1-2H3",,,0.95,0.05,,,0.9214522816373797,0.07854771836262023,,
28.75,Celcius,molar,"InChI=1S/C4H10O/c1-2-3-4-5/h5H,2-4H2,1H3","InChI=1S/C8H18/c1-3-5-7-8-6-4-2/h3-8H2,1-2H3",,,0.977,0.023,,,0.9632720607238182,0.036727939276181905,,
31.5,Celcius,molar,"InChI=1S/C4H10O/c1-2-3-4-5/h5H,2-4H2,1H3","InChI=1S/C8H18/c1-3-5-7-8-6-4-2/h3-8H2,1-2H3",,,0.98,0.02,,,0.9680040207361559,0.03199597926384417,,
33.75,Celcius,molar,"InChI=1S/C4H10O/c1-2-3-4-5/h5H,2-4H2,1H3","InChI=1S/C8H18/c1-3-5-7-8-6-4-2/h3-8H2,1-2H3",,,0.989,0.011,,,0.9823047395786744,0.017695260421325666,,
-4.5499999999999545,Celcius,molar,"InChI=1S/C4H10O/c1-3-4(2)5/h4-5H,3H2,1-2H3","InChI=1S/C4H8O/c1-3-4(2)5/h3H2,1-2H3",,,0.098,0.902,,,0.10625414243197051,0.8937458575680295,,
-3.5499999999999545,Celcius,molar,"InChI=1S/C4H10O/c1-3-4(2)5/h4-5H,3H2,1-2H3","InChI=1S/C4H8O/c1-3-4(2)5/h3H2,1-2H3",,,0.196,0.804,,,0.21058126957285508,0.7894187304271448,,
-2.5499999999999545,Celcius,molar,"InChI=1S/C4H10O/c1-3-4(2)5/h4-5H,3H2,1-2H3","InChI=1S/C4H8O/c1-3-4(2)5/h3H2,1-2H3",,,0.295,0.705,,,0.3140692720956005,0.6859307279043995,,
-1.5499999999999545,Celcius,molar,"InChI=1S/C4H10O/c1-3-4(2)5/h4-5H,3H2,1-2H3","InChI=1S/C4H8O/c1-3-4(2)5/h3H2,1-2H3",,,0.394,0.606,,,0.415695385869522,0.584304614130478,,
-0.5499999999999545,Celcius,molar,"InChI=1S/C4H10O/c1-3-4(2)5/h4-5H,3H2,1-2H3","InChI=1S/C4H8O/c1-3-4(2)5/h3H2,1-2H3",,,0.494,0.506,,,0.5165085534595758,0.4834914465404242,,
1.4500000000000455,Celcius,molar,"InChI=1S/C4H10O/c1-3-4(2)5/h4-5H,3H2,1-2H3","InChI=1S/C4H8O/c1-3-4(2)5/h3H2,1-2H3",,,0.594,0.406,,,0.6155223357049263,0.38447766429507363,,
3.4500000000000455,Celcius,molar,"InChI=1S/C4H10O/c1-3-4(2)5/h4-5H,3H2,1-2H3","InChI=1S/C4H8O/c1-3-4(2)5/h3H2,1-2H3",,,0.695,0.305,,,0.7137484144992707,0.28625158550072927,,
7.4500000000000455,Celcius,molar,"InChI=1S/C4H10O/c1-3-4(2)5/h4-5H,3H2,1-2H3","InChI=1S/C4H8O/c1-3-4(2)5/h3H2,1-2H3",,,0.796,0.204,,,0.8102351083063647,0.18976489169363536,,
12.450000000000045,Celcius,molar,"InChI=1S/C4H10O/c1-3-4(2)5/h4-5H,3H2,1-2H3","InChI=1S/C4H8O/c1-3-4(2)5/h3H2,1-2H3",,,0.898,0.102,,,0.9059584409486567,0.09404155905134326,,
33.75,Celcius,molar,"InChI=1S/C4H10O/c1-3-4(2)5/h4-5H,3H2,1-2H3","InChI=1S/C6H12O2/c1-5(7)4-6(2,3)8/h8H,4H2,1-3H3",,,0.425,0.575,,,0.3649787608128532,0.6350212391871468,,
30.95,Celcius,molar,"InChI=1S/C4H10O/c1-3-4(2)5/h4-5H,3H2,1-2H3","InChI=1S/C6H14O/c1-5(2)4-6(3)7/h5-7H,4H2,1-3H3",,,0.754,0.246,,,0.70204738082038,0.29795261917961996,,
34.900000000000034,Celcius,molar,"InChI=1S/C4H8O/c1-3-4(2)5/h3H2,1-2H3","InChI=1S/C6H14O2/c1-2-3-5-8-6-4-7/h7H,2-6H2,1H3",,,0.029,0.971,,,0.018971784450677685,0.9810282155493223,,
19.700000000000017,Celcius,molar,"InChI=1S/C4H8O/c1-3-4(2)5/h3H2,1-2H3","InChI=1S/C6H14O2/c1-2-3-5-8-6-4-7/h7H,2-6H2,1H3",,,0.139,0.861,,,0.09464121048210088,0.905358789517899,,
12.700000000000017,Celcius,molar,"InChI=1S/C4H8O/c1-3-4(2)5/h3H2,1-2H3","InChI=1S/C6H14O2/c1-2-3-5-8-6-4-7/h7H,2-6H2,1H3",,,0.267,0.733,,,0.1908471824956336,0.8091528175043664,,
7.200000000000017,Celcius,molar,"InChI=1S/C4H8O/c1-3-4(2)5/h3H2,1-2H3","InChI=1S/C6H14O2/c1-2-3-5-8-6-4-7/h7H,2-6H2,1H3",,,0.384,0.616,,,0.28756860799437367,0.7124313920056263,,
4.200000000000017,Celcius,molar,"InChI=1S/C4H8O/c1-3-4(2)5/h3H2,1-2H3","InChI=1S/C6H14O2/c1-2-3-5-8-6-4-7/h7H,2-6H2,1H3",,,0.493,0.507,,,0.3863645742867713,0.6136354257132288,,
2.700000000000017,Celcius,molar,"InChI=1S/C4H8O/c1-3-4(2)5/h3H2,1-2H3","InChI=1S/C6H14O2/c1-2-3-5-8-6-4-7/h7H,2-6H2,1H3",,,0.593,0.407,,,0.48544498266698904,0.5145550173330109,,
0.700000000000017,Celcius,molar,"InChI=1S/C4H8O/c1-3-4(2)5/h3H2,1-2H3","InChI=1S/C6H14O2/c1-2-3-5-8-6-4-7/h7H,2-6H2,1H3",,,0.686,0.314,,,0.5858576060298566,0.41414239397014335,,
-0.29999999999998295,Celcius,molar,"InChI=1S/C4H8O/c1-3-4(2)5/h3H2,1-2H3","InChI=1S/C6H14O2/c1-2-3-5-8-6-4-7/h7H,2-6H2,1H3",,,0.773,0.227,,,0.6879840389471217,0.3120159610528783,,
-2.299999999999983,Celcius,molar,"InChI=1S/C4H8O/c1-3-4(2)5/h3H2,1-2H3","InChI=1S/C6H14O2/c1-2-3-5-8-6-4-7/h7H,2-6H2,1H3",,,0.853,0.147,,,0.7897981628506937,0.21020183714930632,,
-3.299999999999983,Celcius,molar,"InChI=1S/C4H8O/c1-3-4(2)5/h3H2,1-2H3","InChI=1S/C6H14O2/c1-2-3-5-8-6-4-7/h7H,2-6H2,1H3",,,0.929,0.071,,,0.8944298792802666,0.10557012071973337,,
7.650000000000034,Celcius,molar,"InChI=1S/C4H8O/c1-3-4(2)5/h3H2,1-2H3","InChI=1S/C7H8/c1-7-5-3-2-4-6-7/h2-6H,1H3",,,0.024,0.976,,,0.021542049138911397,0.9784579508610887,,
6.650000000000034,Celcius,molar,"InChI=1S/C4H8O/c1-3-4(2)5/h3H2,1-2H3","InChI=1S/C7H8/c1-7-5-3-2-4-6-7/h2-6H,1H3",,,0.047,0.953,,,0.04228857464929271,0.9577114253507072,,
5.650000000000034,Celcius,molar,"InChI=1S/C4H8O/c1-3-4(2)5/h3H2,1-2H3","InChI=1S/C7H8/c1-7-5-3-2-4-6-7/h2-6H,1H3",,,0.07,0.93,,,0.06313572766884927,0.9368642723311508,,
4.650000000000034,Celcius,molar,"InChI=1S/C4H8O/c1-3-4(2)5/h3H2,1-2H3","InChI=1S/C7H8/c1-7-5-3-2-4-6-7/h2-6H,1H3",,,0.116,0.884,,,0.10513485896888787,0.8948651410311121,,
2.650000000000034,Celcius,molar,"InChI=1S/C4H8O/c1-3-4(2)5/h3H2,1-2H3","InChI=1S/C7H8/c1-7-5-3-2-4-6-7/h2-6H,1H3",,,0.229,0.771,,,0.21006583452915079,0.7899341654708493,,
2.5500000000000114,Celcius,molar,"InChI=1S/C4H8O/c1-3-4(2)5/h3H2,1-2H3","InChI=1S/C7H8/c1-7-5-3-2-4-6-7/h2-6H,1H3",,,0.337,0.663,,,0.312758524498755,0.687241475501245,,
2.5500000000000114,Celcius,molar,"InChI=1S/C4H8O/c1-3-4(2)5/h3H2,1-2H3","InChI=1S/C7H8/c1-7-5-3-2-4-6-7/h2-6H,1H3",,,0.441,0.559,,,0.4139483166531054,0.5860516833468947,,
-0.44999999999998863,Celcius,molar,"InChI=1S/C4H8O/c1-3-4(2)5/h3H2,1-2H3","InChI=1S/C7H8/c1-7-5-3-2-4-6-7/h2-6H,1H3",,,0.542,0.458,,,0.5144546110835191,0.4855453889164808,,
-2.4499999999999886,Celcius,molar,"InChI=1S/C4H8O/c1-3-4(2)5/h3H2,1-2H3","InChI=1S/C7H8/c1-7-5-3-2-4-6-7/h2-6H,1H3",,,0.64,0.36,,,0.6141526971947582,0.3858473028052417,,
-3.4499999999999886,Celcius,molar,"InChI=1S/C4H8O/c1-3-4(2)5/h3H2,1-2H3","InChI=1S/C7H8/c1-7-5-3-2-4-6-7/h2-6H,1H3",,,0.734,0.266,,,0.7118632146214446,0.2881367853785554,,
-3.4499999999999886,Celcius,molar,"InChI=1S/C4H8O/c1-3-4(2)5/h3H2,1-2H3","InChI=1S/C7H8/c1-7-5-3-2-4-6-7/h2-6H,1H3",,,0.826,0.174,,,0.8095327886899342,0.19046721131006575,,
-5.449999999999989,Celcius,molar,"InChI=1S/C4H8O/c1-3-4(2)5/h3H2,1-2H3","InChI=1S/C7H8/c1-7-5-3-2-4-6-7/h2-6H,1H3",,,0.914,0.086,,,0.9049021984158735,0.0950978015841264,,
8.050000000000011,Celcius,molar,"InChI=1S/C4H8O/c1-3-4(2)5/h3H2,1-2H3","InChI=1S/CH4O/c1-2/h2H,1H3",,,0.048,0.952,,,0.09009744102827213,0.9099025589717278,,
6.050000000000011,Celcius,molar,"InChI=1S/C4H8O/c1-3-4(2)5/h3H2,1-2H3","InChI=1S/CH4O/c1-2/h2H,1H3",,,0.101,0.899,,,0.18075446905346115,0.8192455309465388,,
4.050000000000011,Celcius,molar,"InChI=1S/C4H8O/c1-3-4(2)5/h3H2,1-2H3","InChI=1S/CH4O/c1-2/h2H,1H3",,,0.162,0.838,,,0.27517888799957246,0.7248211120004275,,
2.0500000000000114,Celcius,molar,"InChI=1S/C4H8O/c1-3-4(2)5/h3H2,1-2H3","InChI=1S/CH4O/c1-2/h2H,1H3",,,0.231,0.769,,,0.37104065345540344,0.6289593465445966,,
0.05000000000001137,Celcius,molar,"InChI=1S/C4H8O/c1-3-4(2)5/h3H2,1-2H3","InChI=1S/CH4O/c1-2/h2H,1H3",,,0.311,0.689,,,0.46990390429067863,0.5300960957093213,,
0.05000000000001137,Celcius,molar,"InChI=1S/C4H8O/c1-3-4(2)5/h3H2,1-2H3","InChI=1S/CH4O/c1-2/h2H,1H3",,,0.404,0.596,,,0.5710392397993175,0.4289607602006825,,
-0.9499999999999886,Celcius,molar,"InChI=1S/C4H8O/c1-3-4(2)5/h3H2,1-2H3","InChI=1S/CH4O/c1-2/h2H,1H3",,,0.513,0.487,,,0.6741312194736463,0.32586878052635365,,
-1.9499999999999886,Celcius,molar,"InChI=1S/C4H8O/c1-3-4(2)5/h3H2,1-2H3","InChI=1S/CH4O/c1-2/h2H,1H3",,,0.644,0.356,,,0.7803464175682736,0.21965358243172642,,
-1.9499999999999886,Celcius,molar,"InChI=1S/C4H8O/c1-3-4(2)5/h3H2,1-2H3","InChI=1S/CH4O/c1-2/h2H,1H3",,,0.803,0.197,,,0.8889508702440949,0.11104912975590514,,
43.25,Celcius,molar,"InChI=1S/C4H8O2/c1-3-6-4(2)5/h3H2,1-2H3","InChI=1S/C5H12O/c1-2-3-4-5-6/h6H,2-5H2,1H3",,,0.027,0.973,,,0.02296186629752013,0.9770381337024799,,
23.25,Celcius,molar,"InChI=1S/C4H8O2/c1-3-6-4(2)5/h3H2,1-2H3","InChI=1S/C5H12O/c1-2-3-4-5-6/h6H,2-5H2,1H3",,,0.132,0.868,,,0.11409953652683033,0.8859004634731696,,
9.25,Celcius,molar,"InChI=1S/C4H8O2/c1-3-6-4(2)5/h3H2,1-2H3","InChI=1S/C5H12O/c1-2-3-4-5-6/h6H,2-5H2,1H3",,,0.255,0.745,,,0.22473825622537646,0.7752617437746235,,
5.25,Celcius,molar,"InChI=1S/C4H8O2/c1-3-6-4(2)5/h3H2,1-2H3","InChI=1S/C5H12O/c1-2-3-4-5-6/h6H,2-5H2,1H3",,,0.37,0.63,,,0.33217584237388825,0.6678241576261118,,
5.25,Celcius,molar,"InChI=1S/C4H8O2/c1-3-6-4(2)5/h3H2,1-2H3","InChI=1S/C5H12O/c1-2-3-4-5-6/h6H,2-5H2,1H3",,,0.477,0.523,,,0.43580412811506714,0.5641958718849329,,
5.25,Celcius,molar,"InChI=1S/C4H8O2/c1-3-6-4(2)5/h3H2,1-2H3","InChI=1S/C5H12O/c1-2-3-4-5-6/h6H,2-5H2,1H3",,,0.578,0.422,,,0.5370382642352052,0.4629617357647949,,
3.25,Celcius,molar,"InChI=1S/C4H8O2/c1-3-6-4(2)5/h3H2,1-2H3","InChI=1S/C5H12O/c1-2-3-4-5-6/h6H,2-5H2,1H3",,,0.672,0.328,,,0.6343910211656794,0.3656089788343207,,
3.3500000000000227,Celcius,molar,"InChI=1S/C4H8O2/c1-3-6-4(2)5/h3H2,1-2H3","InChI=1S/C5H12O/c1-2-3-4-5-6/h6H,2-5H2,1H3",,,0.762,0.238,,,0.73057311658471,0.2694268834152899,,
0.5500000000000114,Celcius,molar,"InChI=1S/C4H8O2/c1-3-6-4(2)5/h3H2,1-2H3","InChI=1S/C5H12O/c1-2-3-4-5-6/h6H,2-5H2,1H3",,,0.846,0.154,,,0.8230898138366405,0.17691018616335952,,
0.5500000000000114,Celcius,molar,"InChI=1S/C4H8O2/c1-3-6-4(2)5/h3H2,1-2H3","InChI=1S/C5H12O/c1-2-3-4-5-6/h6H,2-5H2,1H3",,,0.925,0.075,,,0.9126286798404215,0.08737132015957846,,
2.05,Celcius,molar,"InChI=1S/C4H8O2/c1-3-6-4(2)5/h3H2,1-2H3","InChI=1S/CH4O/c1-2/h2H,1H3",,,0.101,0.899,,,0.194255343352782,0.805744656647218,,
45.8,Celcius,molar,"InChI=1S/C5H12O/c1-2-3-4-5-6/h6H,2-5H2,1H3",InChI=1S/C6H10O/c7-6-4-2-1-3-5-6/h1-5H2,,,0.1,0.9,,,0.10482141637187063,0.8951785836281293,,
45.6,Celcius,molar,"InChI=1S/C5H12O/c1-2-3-4-5-6/h6H,2-5H2,1H3",InChI=1S/C6H10O/c7-6-4-2-1-3-5-6/h1-5H2,,,0.2,0.8,,,0.2085257334269623,0.7914742665730377,,
46.0,Celcius,molar,"InChI=1S/C5H12O/c1-2-3-4-5-6/h6H,2-5H2,1H3",InChI=1S/C6H10O/c7-6-4-2-1-3-5-6/h1-5H2,,,0.3,0.7,,,0.3111307141841469,0.6888692858158532,,
46.3,Celcius,molar,"InChI=1S/C5H12O/c1-2-3-4-5-6/h6H,2-5H2,1H3",InChI=1S/C6H10O/c7-6-4-2-1-3-5-6/h1-5H2,,,0.4,0.6,,,0.4126537470477171,0.5873462529522828,,
46.9,Celcius,molar,"InChI=1S/C5H12O/c1-2-3-4-5-6/h6H,2-5H2,1H3",InChI=1S/C6H10O/c7-6-4-2-1-3-5-6/h1-5H2,,,0.5,0.5,,,0.5131118556311707,0.48688814436882927,,
47.1,Celcius,molar,"InChI=1S/C5H12O/c1-2-3-4-5-6/h6H,2-5H2,1H3",InChI=1S/C6H10O/c7-6-4-2-1-3-5-6/h1-5H2,,,0.6,0.4,,,0.612521708273469,0.3874782917265311,,
48.0,Celcius,molar,"InChI=1S/C5H12O/c1-2-3-4-5-6/h6H,2-5H2,1H3",InChI=1S/C6H10O/c7-6-4-2-1-3-5-6/h1-5H2,,,0.7,0.3,,,0.7108996272589412,0.2891003727410589,,
49.4,Celcius,molar,"InChI=1S/C5H12O/c1-2-3-4-5-6/h6H,2-5H2,1H3",InChI=1S/C6H10O/c7-6-4-2-1-3-5-6/h1-5H2,,,0.8,0.2,,,0.8082615977515479,0.19173840224845207,,
50.4,Celcius,molar,"InChI=1S/C5H12O/c1-2-3-4-5-6/h6H,2-5H2,1H3",InChI=1S/C6H10O/c7-6-4-2-1-3-5-6/h1-5H2,,,0.9,0.1,,,0.9046232764537736,0.09537672354622634,,
62.9,Celcius,molar,"InChI=1S/C5H12O/c1-2-3-4-5-6/h6H,2-5H2,1H3","InChI=1S/C6H14O/c1-2-3-4-5-6-7/h7H,2-6H2,1H3",,,0.1,0.9,,,0.08968652823041637,0.9103134717695837,,
61.7,Celcius,molar,"InChI=1S/C5H12O/c1-2-3-4-5-6/h6H,2-5H2,1H3","InChI=1S/C6H14O/c1-2-3-4-5-6-7/h7H,2-6H2,1H3",,,0.2,0.8,,,0.18145239440215494,0.818547605597845,,
60.6,Celcius,molar,"InChI=1S/C5H12O/c1-2-3-4-5-6/h6H,2-5H2,1H3","InChI=1S/C6H14O/c1-2-3-4-5-6-7/h7H,2-6H2,1H3",,,0.3,0.7,,,0.27537075925058174,0.7246292407494183,,
59.4,Celcius,molar,"InChI=1S/C5H12O/c1-2-3-4-5-6/h6H,2-5H2,1H3","InChI=1S/C6H14O/c1-2-3-4-5-6-7/h7H,2-6H2,1H3",,,0.4,0.6,,,0.3715182564199042,0.6284817435800959,,
58.5,Celcius,molar,"InChI=1S/C5H12O/c1-2-3-4-5-6/h6H,2-5H2,1H3","InChI=1S/C6H14O/c1-2-3-4-5-6-7/h7H,2-6H2,1H3",,,0.5,0.5,,,0.46997520100995077,0.5300247989900492,,
57.3,Celcius,molar,"InChI=1S/C5H12O/c1-2-3-4-5-6/h6H,2-5H2,1H3","InChI=1S/C6H14O/c1-2-3-4-5-6-7/h7H,2-6H2,1H3",,,0.6,0.4,,,0.5708258133334078,0.42917418666659235,,
55.5,Celcius,molar,"InChI=1S/C5H12O/c1-2-3-4-5-6/h6H,2-5H2,1H3","InChI=1S/C6H14O/c1-2-3-4-5-6-7/h7H,2-6H2,1H3",,,0.7,0.3,,,0.6741584591937172,0.32584154080628275,,
53.9,Celcius,molar,"InChI=1S/C5H12O/c1-2-3-4-5-6/h6H,2-5H2,1H3","InChI=1S/C6H14O/c1-2-3-4-5-6-7/h7H,2-6H2,1H3",,,0.8,0.2,,,0.7800659081244329,0.21993409187556714,,
53.1,Celcius,molar,"InChI=1S/C5H12O/c1-2-3-4-5-6/h6H,2-5H2,1H3","InChI=1S/C6H14O/c1-2-3-4-5-6-7/h7H,2-6H2,1H3",,,0.9,0.1,,,0.8886456111762412,0.11135438882375888,,
9.850000000000023,Celcius,molar,"InChI=1S/C5H12O/c1-2-3-4-5-6/h6H,2-5H2,1H3","InChI=1S/C7H8/c1-7-5-3-2-4-6-7/h2-6H,1H3",,,0.098,0.902,,,0.11150943409627305,0.888490565903727,,
9.850000000000023,Celcius,molar,"InChI=1S/C5H12O/c1-2-3-4-5-6/h6H,2-5H2,1H3","InChI=1S/C7H8/c1-7-5-3-2-4-6-7/h2-6H,1H3",,,0.197,0.803,,,0.22081577071603292,0.779184229283967,,
10.850000000000023,Celcius,molar,"InChI=1S/C5H12O/c1-2-3-4-5-6/h6H,2-5H2,1H3","InChI=1S/C7H8/c1-7-5-3-2-4-6-7/h2-6H,1H3",,,0.296,0.704,,,0.3269116403308082,0.6730883596691917,,
10.850000000000023,Celcius,molar,"InChI=1S/C5H12O/c1-2-3-4-5-6/h6H,2-5H2,1H3","InChI=1S/C7H8/c1-7-5-3-2-4-6-7/h2-6H,1H3",,,0.396,0.604,,,0.43096188223657067,0.5690381177634293,,
11.850000000000023,Celcius,molar,"InChI=1S/C5H12O/c1-2-3-4-5-6/h6H,2-5H2,1H3","InChI=1S/C7H8/c1-7-5-3-2-4-6-7/h2-6H,1H3",,,0.496,0.504,,,0.5320141107232539,0.46798588927674606,,
13.850000000000023,Celcius,molar,"InChI=1S/C5H12O/c1-2-3-4-5-6/h6H,2-5H2,1H3","InChI=1S/C7H8/c1-7-5-3-2-4-6-7/h2-6H,1H3",,,0.596,0.404,,,0.6301960588336634,0.3698039411663366,,
15.850000000000023,Celcius,molar,"InChI=1S/C5H12O/c1-2-3-4-5-6/h6H,2-5H2,1H3","InChI=1S/C7H8/c1-7-5-3-2-4-6-7/h2-6H,1H3",,,0.696,0.304,,,0.7256283049797287,0.2743716950202713,,
20.850000000000023,Celcius,molar,"InChI=1S/C5H12O/c1-2-3-4-5-6/h6H,2-5H2,1H3","InChI=1S/C7H8/c1-7-5-3-2-4-6-7/h2-6H,1H3",,,0.797,0.203,,,0.8193397902906827,0.18066020970931726,,
29.850000000000023,Celcius,molar,"InChI=1S/C5H12O/c1-2-3-4-5-6/h6H,2-5H2,1H3","InChI=1S/C7H8/c1-7-5-3-2-4-6-7/h2-6H,1H3",,,0.898,0.102,,,0.9104734463579901,0.08952655364200987,,
34.85000000000002,Celcius,molar,"InChI=1S/C5H12O/c1-2-3-4-5-6/h6H,2-5H2,1H3","InChI=1S/C7H8/c1-7-5-3-2-4-6-7/h2-6H,1H3",,,0.939,0.061,,,0.9467568843141948,0.053243115685805184,,
43.85000000000002,Celcius,molar,"InChI=1S/C5H12O/c1-2-3-4-5-6/h6H,2-5H2,1H3","InChI=1S/C7H8/c1-7-5-3-2-4-6-7/h2-6H,1H3",,,0.98,0.02,,,0.9826396313594794,0.017360368640520495,,
14.850000000000023,Celcius,molar,"InChI=1S/C5H12O/c1-2-3-4-5-6/h6H,2-5H2,1H3","InChI=1S/C8H18/c1-3-5-7-8-6-4-2/h3-8H2,1-2H3",,,0.143,0.857,,,0.10950221709725866,0.8904977829027414,,
15.850000000000023,Celcius,molar,"InChI=1S/C5H12O/c1-2-3-4-5-6/h6H,2-5H2,1H3","InChI=1S/C8H18/c1-3-5-7-8-6-4-2/h3-8H2,1-2H3",,,0.273,0.727,,,0.216751715299497,0.783248284700503,,
15.850000000000023,Celcius,molar,"InChI=1S/C5H12O/c1-2-3-4-5-6/h6H,2-5H2,1H3","InChI=1S/C8H18/c1-3-5-7-8-6-4-2/h3-8H2,1-2H3",,,0.391,0.609,,,0.32118022830890114,0.6788197716910989,,
16.850000000000023,Celcius,molar,"InChI=1S/C5H12O/c1-2-3-4-5-6/h6H,2-5H2,1H3","InChI=1S/C8H18/c1-3-5-7-8-6-4-2/h3-8H2,1-2H3",,,0.5,0.5,,,0.4242764065033996,0.5757235934966004,,
17.850000000000023,Celcius,molar,"InChI=1S/C5H12O/c1-2-3-4-5-6/h6H,2-5H2,1H3","InChI=1S/C8H18/c1-3-5-7-8-6-4-2/h3-8H2,1-2H3",,,0.6,0.4,,,0.5250346932782451,0.4749653067217549,,
18.850000000000023,Celcius,molar,"InChI=1S/C5H12O/c1-2-3-4-5-6/h6H,2-5H2,1H3","InChI=1S/C8H18/c1-3-5-7-8-6-4-2/h3-8H2,1-2H3",,,0.692,0.308,,,0.6234560839286231,0.3765439160713768,,
20.850000000000023,Celcius,molar,"InChI=1S/C5H12O/c1-2-3-4-5-6/h6H,2-5H2,1H3","InChI=1S/C8H18/c1-3-5-7-8-6-4-2/h3-8H2,1-2H3",,,0.778,0.222,,,0.720875115170795,0.279124884829205,,
23.850000000000023,Celcius,molar,"InChI=1S/C5H12O/c1-2-3-4-5-6/h6H,2-5H2,1H3","InChI=1S/C8H18/c1-3-5-7-8-6-4-2/h3-8H2,1-2H3",,,0.857,0.143,,,0.8153794214166986,0.18462057858330141,,
30.850000000000023,Celcius,molar,"InChI=1S/C5H12O/c1-2-3-4-5-6/h6H,2-5H2,1H3","InChI=1S/C8H18/c1-3-5-7-8-6-4-2/h3-8H2,1-2H3",,,0.931,0.069,,,0.9086208232936895,0.0913791767063105,,
44.85000000000002,Celcius,molar,"InChI=1S/C5H12O/c1-2-3-4-5-6/h6H,2-5H2,1H3","InChI=1S/C8H18/c1-3-5-7-8-6-4-2/h3-8H2,1-2H3",,,0.987,0.013,,,0.9824410776580457,0.017558922341954313,,
9.650000000000034,Celcius,molar,"InChI=1S/C5H12O/c1-2-3-4-5-6/h6H,2-5H2,1H3","InChI=1S/CH4O/c1-2/h2H,1H3",,,0.008,0.992,,,0.02002454357398599,0.979975456426014,,
9.100000000000023,Celcius,molar,"InChI=1S/C5H12O/c1-2-3-4-5-6/h6H,2-5H2,1H3","InChI=1S/CH4O/c1-2/h2H,1H3",,,0.015,0.985,,,0.03715197325255384,0.9628480267474462,,
9.550000000000011,Celcius,molar,"InChI=1S/C5H12O/c1-2-3-4-5-6/h6H,2-5H2,1H3","InChI=1S/CH4O/c1-2/h2H,1H3",,,0.023,0.977,,,0.056291185606318885,0.9437088143936812,,
9.550000000000011,Celcius,molar,"InChI=1S/C5H12O/c1-2-3-4-5-6/h6H,2-5H2,1H3","InChI=1S/CH4O/c1-2/h2H,1H3",,,0.032,0.968,,,0.07728764412114916,0.9227123558788508,,
10.550000000000011,Celcius,molar,"InChI=1S/C5H12O/c1-2-3-4-5-6/h6H,2-5H2,1H3","InChI=1S/CH4O/c1-2/h2H,1H3",,,0.086,0.914,,,0.19251187070505296,0.8074881292949471,,
10.550000000000011,Celcius,molar,"InChI=1S/C5H12O/c1-2-3-4-5-6/h6H,2-5H2,1H3","InChI=1S/CH4O/c1-2/h2H,1H3",,,0.138,0.862,,,0.28858036583210034,0.7114196341678997,,
12.550000000000011,Celcius,molar,"InChI=1S/C5H12O/c1-2-3-4-5-6/h6H,2-5H2,1H3","InChI=1S/CH4O/c1-2/h2H,1H3",,,0.2,0.8,,,0.3877970706317048,0.6122029293682952,,
13.550000000000011,Celcius,molar,"InChI=1S/C5H12O/c1-2-3-4-5-6/h6H,2-5H2,1H3","InChI=1S/CH4O/c1-2/h2H,1H3",,,0.272,0.728,,,0.4863068640367334,0.5136931359632666,,
13.75,Celcius,molar,"InChI=1S/C5H12O/c1-2-3-4-5-6/h6H,2-5H2,1H3","InChI=1S/CH4O/c1-2/h2H,1H3",,,0.36,0.64,,,0.5876717028488996,0.41232829715110036,,
17.75,Celcius,molar,"InChI=1S/C5H12O/c1-2-3-4-5-6/h6H,2-5H2,1H3","InChI=1S/CH4O/c1-2/h2H,1H3",,,0.466,0.534,,,0.6885828972880499,0.3114171027119501,,
22.75,Celcius,molar,"InChI=1S/C5H12O/c1-2-3-4-5-6/h6H,2-5H2,1H3","InChI=1S/CH4O/c1-2/h2H,1H3",,,0.6,0.4,,,0.7916958215833362,0.20830417841666396,,
31.75,Celcius,molar,"InChI=1S/C5H12O/c1-2-3-4-5-6/h6H,2-5H2,1H3","InChI=1S/CH4O/c1-2/h2H,1H3",,,0.771,0.229,,,0.8950766345156944,0.10492336548430571,,
36.05,Celcius,molar,"InChI=1S/C5H12O/c1-3-4-5(2)6/h5-6H,3-4H2,1-2H3","InChI=1S/C7H14O2/c1-3-5-7(8)9-6-4-2/h3-6H2,1-2H3",,,0.1,0.9,,,0.07787530223260873,0.9221246977673913,,
35.05,Celcius,molar,"InChI=1S/C5H12O/c1-3-4-5(2)6/h5-6H,3-4H2,1-2H3","InChI=1S/C7H14O2/c1-3-5-7(8)9-6-4-2/h3-6H2,1-2H3",,,0.2,0.8,,,0.15967591714017,0.84032408285983,,
34.5,Celcius,molar,"InChI=1S/C5H12O/c1-3-4-5(2)6/h5-6H,3-4H2,1-2H3","InChI=1S/C7H14O2/c1-3-5-7(8)9-6-4-2/h3-6H2,1-2H3",,,0.3,0.7,,,0.24570630149825368,0.7542936985017462,,
34.0,Celcius,molar,"InChI=1S/C5H12O/c1-3-4-5(2)6/h5-6H,3-4H2,1-2H3","InChI=1S/C7H14O2/c1-3-5-7(8)9-6-4-2/h3-6H2,1-2H3",,,0.4,0.6,,,0.3363032336026158,0.6636967663973842,,
33.5,Celcius,molar,"InChI=1S/C5H12O/c1-3-4-5(2)6/h5-6H,3-4H2,1-2H3","InChI=1S/C7H14O2/c1-3-5-7(8)9-6-4-2/h3-6H2,1-2H3",,,0.5,0.5,,,0.431840219324652,0.568159780675348,,
33.4,Celcius,molar,"InChI=1S/C5H12O/c1-3-4-5(2)6/h5-6H,3-4H2,1-2H3","InChI=1S/C7H14O2/c1-3-5-7(8)9-6-4-2/h3-6H2,1-2H3",,,0.6,0.4,,,0.5327326391261576,0.4672673608738423,,
33.5,Celcius,molar,"InChI=1S/C5H12O/c1-3-4-5(2)6/h5-6H,3-4H2,1-2H3","InChI=1S/C7H14O2/c1-3-5-7(8)9-6-4-2/h3-6H2,1-2H3",,,0.7,0.3,,,0.6394437855990279,0.36055621440097196,,
33.75,Celcius,molar,"InChI=1S/C5H12O/c1-3-4-5(2)6/h5-6H,3-4H2,1-2H3","InChI=1S/C7H14O2/c1-3-5-7(8)9-6-4-2/h3-6H2,1-2H3",,,0.8,0.2,,,0.7524919766233731,0.24750802337662695,,
34.1,Celcius,molar,"InChI=1S/C5H12O/c1-3-4-5(2)6/h5-6H,3-4H2,1-2H3","InChI=1S/C7H14O2/c1-3-5-7(8)9-6-4-2/h3-6H2,1-2H3",,,0.9,0.1,,,0.8724589745500907,0.12754102544990925,,
21.45,Celcius,molar,"InChI=1S/C5H12O/c1-3-4-5(2)6/h5-6H,3-4H2,1-2H3","InChI=1S/C8H10/c1-2-8-6-4-3-5-7-8/h3-7H,2H2,1H3",,,0.1,0.9,,,0.09646776400797692,0.9035322359920231,,
21.3,Celcius,molar,"InChI=1S/C5H12O/c1-3-4-5(2)6/h5-6H,3-4H2,1-2H3","InChI=1S/C8H10/c1-2-8-6-4-3-5-7-8/h3-7H,2H2,1H3",,,0.2,0.8,,,0.19369572692500445,0.8063042730749954,,
21.7,Celcius,molar,"InChI=1S/C5H12O/c1-3-4-5(2)6/h5-6H,3-4H2,1-2H3","InChI=1S/C8H10/c1-2-8-6-4-3-5-7-8/h3-7H,2H2,1H3",,,0.3,0.7,,,0.291692910237618,0.7083070897623821,,
21.95,Celcius,molar,"InChI=1S/C5H12O/c1-3-4-5(2)6/h5-6H,3-4H2,1-2H3","InChI=1S/C8H10/c1-2-8-6-4-3-5-7-8/h3-7H,2H2,1H3",,,0.4,0.6,,,0.39046847874650403,0.6095315212534961,,
22.2,Celcius,molar,"InChI=1S/C5H12O/c1-3-4-5(2)6/h5-6H,3-4H2,1-2H3","InChI=1S/C8H10/c1-2-8-6-4-3-5-7-8/h3-7H,2H2,1H3",,,0.5,0.5,,,0.49003174342368433,0.5099682565763156,,
23.0,Celcius,molar,"InChI=1S/C5H12O/c1-3-4-5(2)6/h5-6H,3-4H2,1-2H3","InChI=1S/C8H10/c1-2-8-6-4-3-5-7-8/h3-7H,2H2,1H3",,,0.6,0.4,,,0.5903921643383296,0.40960783566167047,,
23.9,Celcius,molar,"InChI=1S/C5H12O/c1-3-4-5(2)6/h5-6H,3-4H2,1-2H3","InChI=1S/C8H10/c1-2-8-6-4-3-5-7-8/h3-7H,2H2,1H3",,,0.7,0.3,,,0.6915593536531304,0.3084406463468696,,
25.9,Celcius,molar,"InChI=1S/C5H12O/c1-3-4-5(2)6/h5-6H,3-4H2,1-2H3","InChI=1S/C8H10/c1-2-8-6-4-3-5-7-8/h3-7H,2H2,1H3",,,0.8,0.2,,,0.7935430786932232,0.2064569213067768,,
28.1,Celcius,molar,"InChI=1S/C5H12O/c1-3-4-5(2)6/h5-6H,3-4H2,1-2H3","InChI=1S/C8H10/c1-2-8-6-4-3-5-7-8/h3-7H,2H2,1H3",,,0.9,0.1,,,0.896353265089724,0.10364673491027591,,
38.6,Celcius,molar,"InChI=1S/C5H12O/c1-5(2)3-4-6/h5-6H,3-4H2,1-2H3","InChI=1S/C7H14O2/c1-6(2)4-5-9-7(3)8/h6H,4-5H2,1-3H3",,,0.1,0.9,,,0.07840576217805749,0.9215942378219426,,
38.4,Celcius,molar,"InChI=1S/C5H12O/c1-5(2)3-4-6/h5-6H,3-4H2,1-2H3","InChI=1S/C7H14O2/c1-6(2)4-5-9-7(3)8/h6H,4-5H2,1-3H3",,,0.2,0.8,,,0.1606664914976908,0.8393335085023091,,
38.3,Celcius,molar,"InChI=1S/C5H12O/c1-5(2)3-4-6/h5-6H,3-4H2,1-2H3","InChI=1S/C7H14O2/c1-6(2)4-5-9-7(3)8/h6H,4-5H2,1-3H3",,,0.3,0.7,,,0.24707365839861023,0.7529263416013898,,
38.6,Celcius,molar,"InChI=1S/C5H12O/c1-5(2)3-4-6/h5-6H,3-4H2,1-2H3","InChI=1S/C7H14O2/c1-6(2)4-5-9-7(3)8/h6H,4-5H2,1-3H3",,,0.4,0.6,,,0.33794887676748103,0.6620511232325189,,
38.7,Celcius,molar,"InChI=1S/C5H12O/c1-5(2)3-4-6/h5-6H,3-4H2,1-2H3","InChI=1S/C7H14O2/c1-6(2)4-5-9-7(3)8/h6H,4-5H2,1-3H3",,,0.5,0.5,,,0.43364790409969023,0.5663520959003097,,
39.0,Celcius,molar,"InChI=1S/C5H12O/c1-5(2)3-4-6/h5-6H,3-4H2,1-2H3","InChI=1S/C7H14O2/c1-6(2)4-5-9-7(3)8/h6H,4-5H2,1-3H3",,,0.6,0.4,,,0.5345652960346148,0.4654347039653852,,
39.7,Celcius,molar,"InChI=1S/C5H12O/c1-5(2)3-4-6/h5-6H,3-4H2,1-2H3","InChI=1S/C7H14O2/c1-6(2)4-5-9-7(3)8/h6H,4-5H2,1-3H3",,,0.7,0.3,,,0.6411398436528153,0.35886015634718466,,
40.4,Celcius,molar,"InChI=1S/C5H12O/c1-5(2)3-4-6/h5-6H,3-4H2,1-2H3","InChI=1S/C7H14O2/c1-6(2)4-5-9-7(3)8/h6H,4-5H2,1-3H3",,,0.8,0.2,,,0.7538609515421745,0.24613904845782544,,
42.6,Celcius,molar,"InChI=1S/C5H12O/c1-5(2)3-4-6/h5-6H,3-4H2,1-2H3","InChI=1S/C7H14O2/c1-6(2)4-5-9-7(3)8/h6H,4-5H2,1-3H3",,,0.9,0.1,,,0.8732761521738287,0.12672384782617135,,
62.9,Celcius,molar,InChI=1S/C6H10O/c7-6-4-2-1-3-5-6/h1-5H2,"InChI=1S/C6H14O/c1-2-3-4-5-6-7/h7H,2-6H2,1H3",,,0.1,0.9,,,0.08549477692608928,0.9145052230739107,,
61.9,Celcius,molar,InChI=1S/C6H10O/c7-6-4-2-1-3-5-6/h1-5H2,"InChI=1S/C6H14O/c1-2-3-4-5-6-7/h7H,2-6H2,1H3",,,0.2,0.8,,,0.17379052082179106,0.826209479178209,,
60.1,Celcius,molar,InChI=1S/C6H10O/c7-6-4-2-1-3-5-6/h1-5H2,"InChI=1S/C6H14O/c1-2-3-4-5-6-7/h7H,2-6H2,1H3",,,0.3,0.7,,,0.26502717131280057,0.7349728286871994,,
58.1,Celcius,molar,InChI=1S/C6H10O/c7-6-4-2-1-3-5-6/h1-5H2,"InChI=1S/C6H14O/c1-2-3-4-5-6-7/h7H,2-6H2,1H3",,,0.4,0.6,,,0.3593541479670126,0.6406458520329873,,
56.9,Celcius,molar,InChI=1S/C6H10O/c7-6-4-2-1-3-5-6/h1-5H2,"InChI=1S/C6H14O/c1-2-3-4-5-6-7/h7H,2-6H2,1H3",,,0.5,0.5,,,0.4569311668746183,0.5430688331253818,,
53.1,Celcius,molar,InChI=1S/C6H10O/c7-6-4-2-1-3-5-6/h1-5H2,"InChI=1S/C6H14O/c1-2-3-4-5-6-7/h7H,2-6H2,1H3",,,0.6,0.4,,,0.5579291431137634,0.4420708568862365,,
51.1,Celcius,molar,InChI=1S/C6H10O/c7-6-4-2-1-3-5-6/h1-5H2,"InChI=1S/C6H14O/c1-2-3-4-5-6-7/h7H,2-6H2,1H3",,,0.7,0.3,,,0.6625311898285342,0.33746881017146585,,
48.3,Celcius,molar,InChI=1S/C6H10O/c7-6-4-2-1-3-5-6/h1-5H2,"InChI=1S/C6H14O/c1-2-3-4-5-6-7/h7H,2-6H2,1H3",,,0.8,0.2,,,0.7709337262049699,0.22906627379503006,,
46.1,Celcius,molar,InChI=1S/C6H10O/c7-6-4-2-1-3-5-6/h1-5H2,"InChI=1S/C6H14O/c1-2-3-4-5-6-7/h7H,2-6H2,1H3",,,0.9,0.1,,,0.8833477084493417,0.1166522915506582,,
82.5,Celcius,molar,InChI=1S/C6H10O/c7-6-4-2-1-3-5-6/h1-5H2,"InChI=1S/C6H6O/c7-6-4-2-1-3-5-6/h1-5,7H",,,0.2,0.8,,,0.238850207507904,0.761149792492096,,
20.45,Celcius,molar,"InChI=1S/C6H12O/c1-5(2)4-6(3)7/h5H,4H2,1-3H3","InChI=1S/C6H12O3/c1-3-8-4-5-9-6(2)7/h3-5H2,1-2H3","InChI=1S/C6H14O2/c1-2-3-5-8-6-4-7/h7H,2-6H2,1H3","InChI=1S/C7H8/c1-7-5-3-2-4-6-7/h2-6H,1H3",0.439,0.043,0.04,0.478,0.47569583869119003,0.0526971019027094,0.04890991567884255,0.42269714372725803
23.15,Celcius,molar,"InChI=1S/C6H12O/c1-5(2)4-6(3)7/h5H,4H2,1-3H3","InChI=1S/C6H12O3/c1-3-8-4-5-9-6(2)7/h3-5H2,1-2H3","InChI=1S/C7H8/c1-7-5-3-2-4-6-7/h2-6H,1H3","InChI=1S/C8H16O/c1-3-5-6-7-8(9)4-2/h3-7H2,1-2H3",0.408,0.175,0.304,0.113,0.40798012422990515,0.1979111833328149,0.2480784335253183,0.1460302589119616
18.75,Celcius,molar,"InChI=1S/C6H12O/c1-5(2)4-6(3)7/h5H,4H2,1-3H3","InChI=1S/C7H8/c1-7-5-3-2-4-6-7/h2-6H,1H3",,,0.391,0.609,,,0.4403167404910163,0.5596832595089838,,
82.5,Celcius,molar,"InChI=1S/C6H12O/c7-6-4-2-1-3-5-6/h6-7H,1-5H2","InChI=1S/C6H6O/c7-6-4-2-1-3-5-6/h1-5,7H",,,0.3,0.7,,,0.36496216299760376,0.6350378370023962,,
36.55,Celcius,molar,"InChI=1S/C6H12O2/c1-3-4-5-8-6(2)7/h3-5H2,1-2H3","InChI=1S/C6H12O2/c1-5(2)4-8-6(3)7/h5H,4H2,1-3H3",,,0.2,0.8,,,0.20123611435994096,0.7987638856400591,,
27.05,Celcius,molar,"InChI=1S/C6H12O2/c1-3-4-5-8-6(2)7/h3-5H2,1-2H3","InChI=1S/C6H12O2/c1-5(2)4-8-6(3)7/h5H,4H2,1-3H3",,,0.402,0.598,,,0.4038543370549668,0.5961456629450332,,
32.05,Celcius,molar,"InChI=1S/C6H12O2/c1-3-4-5-8-6(2)7/h3-5H2,1-2H3","InChI=1S/C6H12O2/c1-5(2)4-8-6(3)7/h5H,4H2,1-3H3",,,0.75,0.25,,,0.751442442371488,0.2485575576285119,,
37.05,Celcius,molar,"InChI=1S/C6H12O2/c1-3-4-5-8-6(2)7/h3-5H2,1-2H3","InChI=1S/C6H12O2/c1-5(2)4-8-6(3)7/h5H,4H2,1-3H3",,,0.85,0.15,,,0.8509801068138936,0.14901989318610645,,
-3.349999999999966,Celcius,molar,"InChI=1S/C6H12O2/c1-3-4-5-8-6(2)7/h3-5H2,1-2H3","InChI=1S/C7H16/c1-3-5-7-6-4-2/h3-7H2,1-2H3",,,0.11,0.89,,,0.10387656545939805,0.896123434540602,,
-2.349999999999966,Celcius,molar,"InChI=1S/C6H12O2/c1-3-4-5-8-6(2)7/h3-5H2,1-2H3","InChI=1S/C7H16/c1-3-5-7-6-4-2/h3-7H2,1-2H3",,,0.218,0.782,,,0.20726457306818635,0.7927354269318136,,
-1.349999999999966,Celcius,molar,"InChI=1S/C6H12O2/c1-3-4-5-8-6(2)7/h3-5H2,1-2H3","InChI=1S/C7H16/c1-3-5-7-6-4-2/h3-7H2,1-2H3",,,0.323,0.677,,,0.30913791879563507,0.6908620812043649,,
0.6500000000000341,Celcius,molar,"InChI=1S/C6H12O2/c1-3-4-5-8-6(2)7/h3-5H2,1-2H3","InChI=1S/C7H16/c1-3-5-7-6-4-2/h3-7H2,1-2H3",,,0.426,0.574,,,0.41039715739558585,0.5896028426044142,,
1.650000000000034,Celcius,molar,"InChI=1S/C6H12O2/c1-3-4-5-8-6(2)7/h3-5H2,1-2H3","InChI=1S/C7H16/c1-3-5-7-6-4-2/h3-7H2,1-2H3",,,0.527,0.473,,,0.5109910829828319,0.4890089170171681,,
3.650000000000034,Celcius,molar,"InChI=1S/C6H12O2/c1-3-4-5-8-6(2)7/h3-5H2,1-2H3","InChI=1S/C7H16/c1-3-5-7-6-4-2/h3-7H2,1-2H3",,,0.625,0.375,,,0.6098524113035086,0.3901475886964914,,
5.650000000000034,Celcius,molar,"InChI=1S/C6H12O2/c1-3-4-5-8-6(2)7/h3-5H2,1-2H3","InChI=1S/C7H16/c1-3-5-7-6-4-2/h3-7H2,1-2H3",,,0.722,0.278,,,0.708945945835496,0.291054054164504,,
9.650000000000034,Celcius,molar,"InChI=1S/C6H12O2/c1-3-4-5-8-6(2)7/h3-5H2,1-2H3","InChI=1S/C7H16/c1-3-5-7-6-4-2/h3-7H2,1-2H3",,,0.816,0.184,,,0.8061749534801282,0.19382504651987167,,
15.650000000000034,Celcius,molar,"InChI=1S/C6H12O2/c1-3-4-5-8-6(2)7/h3-5H2,1-2H3","InChI=1S/C7H16/c1-3-5-7-6-4-2/h3-7H2,1-2H3",,,0.909,0.091,,,0.9035539331972762,0.09644606680272381,,
4.25,Celcius,molar,"InChI=1S/C6H14O/c1-5(2)4-6(3)7/h5-7H,4H2,1-3H3","InChI=1S/C7H8/c1-7-5-3-2-4-6-7/h2-6H,1H3",,,0.265,0.735,,,0.3148267712441608,0.6851732287558391,,
13.100000000000023,Celcius,molar,"InChI=1S/C6H14O2/c1-2-3-5-8-6-4-7/h7H,2-6H2,1H3","InChI=1S/CH4O/c1-2/h2H,1H3",,,0.033,0.967,,,0.09379492123842129,0.9062050787615786,,
12.100000000000023,Celcius,molar,"InChI=1S/C6H14O2/c1-2-3-5-8-6-4-7/h7H,2-6H2,1H3","InChI=1S/CH4O/c1-2/h2H,1H3",,,0.072,0.928,,,0.1904899722589793,0.8095100277410207,,
14.100000000000023,Celcius,molar,"InChI=1S/C6H14O2/c1-2-3-5-8-6-4-7/h7H,2-6H2,1H3","InChI=1S/CH4O/c1-2/h2H,1H3",,,0.117,0.883,,,0.28666941914374044,0.7133305808562596,,
15.100000000000023,Celcius,molar,"InChI=1S/C6H14O2/c1-2-3-5-8-6-4-7/h7H,2-6H2,1H3","InChI=1S/CH4O/c1-2/h2H,1H3",,,0.171,0.829,,,0.3848480826807543,0.6151519173192457,,
14.100000000000023,Celcius,molar,"InChI=1S/C6H14O2/c1-2-3-5-8-6-4-7/h7H,2-6H2,1H3","InChI=1S/CH4O/c1-2/h2H,1H3",,,0.237,0.763,,,0.4850889520589579,0.514911047941042,,
17.100000000000023,Celcius,molar,"InChI=1S/C6H14O2/c1-2-3-5-8-6-4-7/h7H,2-6H2,1H3","InChI=1S/CH4O/c1-2/h2H,1H3",,,0.318,0.682,,,0.5857825898093685,0.4142174101906315,,
18.100000000000023,Celcius,molar,"InChI=1S/C6H14O2/c1-2-3-5-8-6-4-7/h7H,2-6H2,1H3","InChI=1S/CH4O/c1-2/h2H,1H3",,,0.42,0.58,,,0.6871357789040056,0.3128642210959944,,
22.100000000000023,Celcius,molar,"InChI=1S/C6H14O2/c1-2-3-5-8-6-4-7/h7H,2-6H2,1H3","InChI=1S/CH4O/c1-2/h2H,1H3",,,0.554,0.446,,,0.7902415026547102,0.20975849734528976,,
34.10000000000002,Celcius,molar,"InChI=1S/C6H14O2/c1-2-3-5-8-6-4-7/h7H,2-6H2,1H3","InChI=1S/CH4O/c1-2/h2H,1H3",,,0.736,0.264,,,0.8942414378540847,0.10575856214591531,,
43.10000000000002,Celcius,molar,"InChI=1S/C6H14O2/c1-2-3-5-8-6-4-7/h7H,2-6H2,1H3","InChI=1S/CH4O/c1-2/h2H,1H3",,,0.829,0.171,,,0.936320348748074,0.06367965125192603,,
54.10000000000002,Celcius,molar,"InChI=1S/C6H14O2/c1-2-3-5-8-6-4-7/h7H,2-6H2,1H3","InChI=1S/CH4O/c1-2/h2H,1H3",,,0.938,0.062,,,0.9786714945313987,0.02132850546860132,,
11.94,Celcius,molar,"InChI=1S/C7H16/c1-3-5-7-6-4-2/h3-7H2,1-2H3","InChI=1S/C8H10/c1-2-8-6-4-3-5-7-8/h3-7H,2H2,1H3",,,0.1,0.9,,,0.1160182004585442,0.8839817995414558,,
9.28,Celcius,molar,"InChI=1S/C7H16/c1-3-5-7-6-4-2/h3-7H2,1-2H3","InChI=1S/C8H10/c1-2-8-6-4-3-5-7-8/h3-7H,2H2,1H3",,,0.2,0.8,,,0.22797883352191167,0.7720211664780883,,
6.94,Celcius,molar,"InChI=1S/C7H16/c1-3-5-7-6-4-2/h3-7H2,1-2H3","InChI=1S/C8H10/c1-2-8-6-4-3-5-7-8/h3-7H,2H2,1H3",,,0.3,0.7,,,0.33609110216064964,0.6639088978393504,,
4.87,Celcius,molar,"InChI=1S/C7H16/c1-3-5-7-6-4-2/h3-7H2,1-2H3","InChI=1S/C8H10/c1-2-8-6-4-3-5-7-8/h3-7H,2H2,1H3",,,0.4,0.6,,,0.440550070686566,0.559449929313434,,
3.02,Celcius,molar,"InChI=1S/C7H16/c1-3-5-7-6-4-2/h3-7H2,1-2H3","InChI=1S/C8H10/c1-2-8-6-4-3-5-7-8/h3-7H,2H2,1H3",,,0.5,0.5,,,0.5415378393313999,0.4584621606686002,,
1.35,Celcius,molar,"InChI=1S/C7H16/c1-3-5-7-6-4-2/h3-7H2,1-2H3","InChI=1S/C8H10/c1-2-8-6-4-3-5-7-8/h3-7H,2H2,1H3",,,0.6,0.4,,,0.639224603644534,0.3607753963554659,,
-0.17,Celcius,molar,"InChI=1S/C7H16/c1-3-5-7-6-4-2/h3-7H2,1-2H3","InChI=1S/C8H10/c1-2-8-6-4-3-5-7-8/h3-7H,2H2,1H3",,,0.7,0.3,,,0.7337696116751393,0.2662303883248607,,
-1.55,Celcius,molar,"InChI=1S/C7H16/c1-3-5-7-6-4-2/h3-7H2,1-2H3","InChI=1S/C8H10/c1-2-8-6-4-3-5-7-8/h3-7H,2H2,1H3",,,0.8,0.2,,,0.8253220302625853,0.17467796973741465,,
-2.82,Celcius,molar,"InChI=1S/C7H16/c1-3-5-7-6-4-2/h3-7H2,1-2H3","InChI=1S/C8H10/c1-2-8-6-4-3-5-7-8/h3-7H,2H2,1H3",,,0.9,0.1,,,0.9140217303475822,0.08597826965241778,,
19.47,Celcius,molar,"InChI=1S/C7H16/c1-3-5-7-6-4-2/h3-7H2,1-2H3","InChI=1S/C8H10/c1-7-4-3-5-8(2)6-7/h3-6H,1-2H3",,,0.1,0.9,,,0.11776251972543945,0.8822374802745605,,
14.57,Celcius,molar,"InChI=1S/C7H16/c1-3-5-7-6-4-2/h3-7H2,1-2H3","InChI=1S/C8H10/c1-7-4-3-5-8(2)6-7/h3-6H,1-2H3",,,0.2,0.8,,,0.2309666509035533,0.7690333490964467,,
10.72,Celcius,molar,"InChI=1S/C7H16/c1-3-5-7-6-4-2/h3-7H2,1-2H3","InChI=1S/C8H10/c1-7-4-3-5-8(2)6-7/h3-6H,1-2H3",,,0.3,0.7,,,0.33987203960389717,0.6601279603961029,,
7.57,Celcius,molar,"InChI=1S/C7H16/c1-3-5-7-6-4-2/h3-7H2,1-2H3","InChI=1S/C8H10/c1-7-4-3-5-8(2)6-7/h3-6H,1-2H3",,,0.4,0.6,,,0.44471898005035215,0.5552810199496478,,
4.94,Celcius,molar,"InChI=1S/C7H16/c1-3-5-7-6-4-2/h3-7H2,1-2H3","InChI=1S/C8H10/c1-7-4-3-5-8(2)6-7/h3-6H,1-2H3",,,0.5,0.5,,,0.5457301845480734,0.45426981545192663,,
2.68,Celcius,molar,"InChI=1S/C7H16/c1-3-5-7-6-4-2/h3-7H2,1-2H3","InChI=1S/C8H10/c1-7-4-3-5-8(2)6-7/h3-6H,1-2H3",,,0.6,0.4,,,0.6431123626461065,0.3568876373538935,,
0.71,Celcius,molar,"InChI=1S/C7H16/c1-3-5-7-6-4-2/h3-7H2,1-2H3","InChI=1S/C8H10/c1-7-4-3-5-8(2)6-7/h3-6H,1-2H3",,,0.7,0.3,,,0.7370576330999222,0.2629423669000777,,
-1.04,Celcius,molar,"InChI=1S/C7H16/c1-3-5-7-6-4-2/h3-7H2,1-2H3","InChI=1S/C8H10/c1-7-4-3-5-8(2)6-7/h3-6H,1-2H3",,,0.8,0.2,,,0.8277447889291919,0.17225521107080816,,
-2.59,Celcius,molar,"InChI=1S/C7H16/c1-3-5-7-6-4-2/h3-7H2,1-2H3","InChI=1S/C8H10/c1-7-4-3-5-8(2)6-7/h3-6H,1-2H3",,,0.9,0.1,,,0.9153404330986674,0.08465956690133267,,
23.53,Celcius,molar,"InChI=1S/C7H16/c1-3-5-7-6-4-2/h3-7H2,1-2H3","InChI=1S/C8H10/c1-7-5-3-4-6-8(7)2/h3-6H,1-2H3",,,0.1,0.9,,,0.11909970668008885,0.8809002933199112,,
17.13,Celcius,molar,"InChI=1S/C7H16/c1-3-5-7-6-4-2/h3-7H2,1-2H3","InChI=1S/C8H10/c1-7-5-3-4-6-8(7)2/h3-6H,1-2H3",,,0.2,0.8,,,0.23324941838848723,0.7667505816115128,,
12.41,Celcius,molar,"InChI=1S/C7H16/c1-3-5-7-6-4-2/h3-7H2,1-2H3","InChI=1S/C8H10/c1-7-5-3-4-6-8(7)2/h3-6H,1-2H3",,,0.3,0.7,,,0.34275144863343515,0.6572485513665649,,
8.72,Celcius,molar,"InChI=1S/C7H16/c1-3-5-7-6-4-2/h3-7H2,1-2H3","InChI=1S/C8H10/c1-7-5-3-4-6-8(7)2/h3-6H,1-2H3",,,0.4,0.6,,,0.4478839842977032,0.5521160157022967,,
5.72,Celcius,molar,"InChI=1S/C7H16/c1-3-5-7-6-4-2/h3-7H2,1-2H3","InChI=1S/C8H10/c1-7-5-3-4-6-8(7)2/h3-6H,1-2H3",,,0.5,0.5,,,0.5489034453888152,0.4510965546111848,,
3.2,Celcius,molar,"InChI=1S/C7H16/c1-3-5-7-6-4-2/h3-7H2,1-2H3","InChI=1S/C8H10/c1-7-5-3-4-6-8(7)2/h3-6H,1-2H3",,,0.6,0.4,,,0.6460465731432415,0.35395342685675846,,
1.04,Celcius,molar,"InChI=1S/C7H16/c1-3-5-7-6-4-2/h3-7H2,1-2H3","InChI=1S/C8H10/c1-7-5-3-4-6-8(7)2/h3-6H,1-2H3",,,0.7,0.3,,,0.7395322822805241,0.2604677177194759,,
-0.84,Celcius,molar,"InChI=1S/C7H16/c1-3-5-7-6-4-2/h3-7H2,1-2H3","InChI=1S/C8H10/c1-7-5-3-4-6-8(7)2/h3-6H,1-2H3",,,0.8,0.2,,,0.8295633079120539,0.1704366920879461,,
-2.51,Celcius,molar,"InChI=1S/C7H16/c1-3-5-7-6-4-2/h3-7H2,1-2H3","InChI=1S/C8H10/c1-7-5-3-4-6-8(7)2/h3-6H,1-2H3",,,0.9,0.1,,,0.9163276731819274,0.08367232681807263,,
14.650000000000034,Celcius,molar,"InChI=1S/C7H16/c1-3-5-7-6-4-2/h3-7H2,1-2H3","InChI=1S/C8H18/c1-3-5-7-8-6-4-2/h3-8H2,1-2H3",,,0.022,0.978,,,0.019775249079757827,0.9802247509202422,,
13.650000000000034,Celcius,molar,"InChI=1S/C7H16/c1-3-5-7-6-4-2/h3-7H2,1-2H3","InChI=1S/C8H18/c1-3-5-7-8-6-4-2/h3-8H2,1-2H3",,,0.044,0.956,,,0.039640672620549995,0.9603593273794501,,
11.42,Celcius,molar,"InChI=1S/C7H16/c1-3-5-7-6-4-2/h3-7H2,1-2H3","InChI=1S/C8H18/c1-3-5-7-8-6-4-2/h3-8H2,1-2H3",,,0.1,0.9,,,0.09061834978865965,0.9093816502113403,,
11.650000000000034,Celcius,molar,"InChI=1S/C7H16/c1-3-5-7-6-4-2/h3-7H2,1-2H3","InChI=1S/C8H18/c1-3-5-7-8-6-4-2/h3-8H2,1-2H3",,,0.109,0.891,,,0.09886675460055831,0.9011332453994417,,
8.42,Celcius,molar,"InChI=1S/C7H16/c1-3-5-7-6-4-2/h3-7H2,1-2H3","InChI=1S/C8H18/c1-3-5-7-8-6-4-2/h3-8H2,1-2H3",,,0.2,0.8,,,0.1831458218419747,0.8168541781580253,,
9.650000000000034,Celcius,molar,"InChI=1S/C7H16/c1-3-5-7-6-4-2/h3-7H2,1-2H3","InChI=1S/C8H18/c1-3-5-7-8-6-4-2/h3-8H2,1-2H3",,,0.217,0.783,,,0.19906970204736074,0.8009302979526393,,
6.01,Celcius,molar,"InChI=1S/C7H16/c1-3-5-7-6-4-2/h3-7H2,1-2H3","InChI=1S/C8H18/c1-3-5-7-8-6-4-2/h3-8H2,1-2H3",,,0.3,0.7,,,0.2776433897348301,0.7223566102651698,,
7.650000000000034,Celcius,molar,"InChI=1S/C7H16/c1-3-5-7-6-4-2/h3-7H2,1-2H3","InChI=1S/C8H18/c1-3-5-7-8-6-4-2/h3-8H2,1-2H3",,,0.322,0.678,,,0.29870350475583507,0.7012964952441649,,
3.44,Celcius,molar,"InChI=1S/C7H16/c1-3-5-7-6-4-2/h3-7H2,1-2H3","InChI=1S/C8H18/c1-3-5-7-8-6-4-2/h3-8H2,1-2H3",,,0.4,0.6,,,0.37417465148181384,0.6258253485181862,,
4.650000000000034,Celcius,molar,"InChI=1S/C7H16/c1-3-5-7-6-4-2/h3-7H2,1-2H3","InChI=1S/C8H18/c1-3-5-7-8-6-4-2/h3-8H2,1-2H3",,,0.425,0.575,,,0.3986329458199095,0.6013670541800904,,
1.46,Celcius,molar,"InChI=1S/C7H16/c1-3-5-7-6-4-2/h3-7H2,1-2H3","InChI=1S/C8H18/c1-3-5-7-8-6-4-2/h3-8H2,1-2H3",,,0.5,0.5,,,0.47280597227538884,0.5271940277246112,,
2.650000000000034,Celcius,molar,"InChI=1S/C7H16/c1-3-5-7-6-4-2/h3-7H2,1-2H3","InChI=1S/C8H18/c1-3-5-7-8-6-4-2/h3-8H2,1-2H3",,,0.525,0.475,,,0.4977999895609013,0.5022000104390987,,
-0.0395,Celcius,molar,"InChI=1S/C7H16/c1-3-5-7-6-4-2/h3-7H2,1-2H3","InChI=1S/C8H18/c1-3-5-7-8-6-4-2/h3-8H2,1-2H3",,,0.6,0.4,,,0.5736066366424166,0.4263933633575835,,
1.650000000000034,Celcius,molar,"InChI=1S/C7H16/c1-3-5-7-6-4-2/h3-7H2,1-2H3","InChI=1S/C8H18/c1-3-5-7-8-6-4-2/h3-8H2,1-2H3",,,0.624,0.376,,,0.5981295672083375,0.40187043279166246,,
-1.54,Celcius,molar,"InChI=1S/C7H16/c1-3-5-7-6-4-2/h3-7H2,1-2H3","InChI=1S/C8H18/c1-3-5-7-8-6-4-2/h3-8H2,1-2H3",,,0.7,0.3,,,0.6766490107521236,0.3233509892478765,,
-0.3499999999999659,Celcius,molar,"InChI=1S/C7H16/c1-3-5-7-6-4-2/h3-7H2,1-2H3","InChI=1S/C8H18/c1-3-5-7-8-6-4-2/h3-8H2,1-2H3",,,0.721,0.279,,,0.6985797338601024,0.3014202661398976,,
-3.0,Celcius,molar,"InChI=1S/C7H16/c1-3-5-7-6-4-2/h3-7H2,1-2H3","InChI=1S/C8H18/c1-3-5-7-8-6-4-2/h3-8H2,1-2H3",,,0.8,0.2,,,0.7820087156745518,0.2179912843254483,,
-0.3499999999999659,Celcius,molar,"InChI=1S/C7H16/c1-3-5-7-6-4-2/h3-7H2,1-2H3","InChI=1S/C8H18/c1-3-5-7-8-6-4-2/h3-8H2,1-2H3",,,0.816,0.184,,,0.7990865493189867,0.20091345068101332,,
-4.47,Celcius,molar,"InChI=1S/C7H16/c1-3-5-7-6-4-2/h3-7H2,1-2H3","InChI=1S/C8H18/c1-3-5-7-8-6-4-2/h3-8H2,1-2H3",,,0.9,0.1,,,0.8897648124612263,0.11023518753877362,,
-2.349999999999966,Celcius,molar,"InChI=1S/C7H16/c1-3-5-7-6-4-2/h3-7H2,1-2H3","InChI=1S/C8H18/c1-3-5-7-8-6-4-2/h3-8H2,1-2H3",,,0.909,0.091,,,0.8995832008625946,0.10041679913740546,,
-3.349999999999966,Celcius,molar,"InChI=1S/C7H16/c1-3-5-7-6-4-2/h3-7H2,1-2H3","InChI=1S/C8H18/c1-3-5-7-8-6-4-2/h3-8H2,1-2H3",,,0.982,0.018,,,0.9799708868900083,0.020029113109991677,,
9.75,Celcius,molar,"InChI=1S/C7H16/c1-3-5-7-6-4-2/h3-7H2,1-2H3","InChI=1S/CH4O/c1-2/h2H,1H3",,,0.006,0.994,,,0.018272689249523605,0.9817273107504764,,
-3.349999999999966,Celcius,molar,"InChI=1S/C7H16/c1-3-5-7-6-4-2/h3-7H2,1-2H3","InChI=1S/CH4O/c1-2/h2H,1H3",,,0.03,0.97,,,0.08706362793539568,0.9129363720646044,,
-8.349999999999966,Celcius,molar,"InChI=1S/C7H16/c1-3-5-7-6-4-2/h3-7H2,1-2H3","InChI=1S/CH4O/c1-2/h2H,1H3",,,0.065,0.935,,,0.17652254798333925,0.8234774520166608,,
-7.349999999999966,Celcius,molar,"InChI=1S/C7H16/c1-3-5-7-6-4-2/h3-7H2,1-2H3","InChI=1S/CH4O/c1-2/h2H,1H3",,,0.106,0.894,,,0.26772516091095283,0.7322748390890472,,
-8.349999999999966,Celcius,molar,"InChI=1S/C7H16/c1-3-5-7-6-4-2/h3-7H2,1-2H3","InChI=1S/CH4O/c1-2/h2H,1H3",,,0.155,0.845,,,0.3612737908049429,0.6387262091950571,,
-8.349999999999966,Celcius,molar,"InChI=1S/C7H16/c1-3-5-7-6-4-2/h3-7H2,1-2H3","InChI=1S/CH4O/c1-2/h2H,1H3",,,0.216,0.784,,,0.45932535648430856,0.5406746435156914,,
-8.349999999999966,Celcius,molar,"InChI=1S/C7H16/c1-3-5-7-6-4-2/h3-7H2,1-2H3","InChI=1S/CH4O/c1-2/h2H,1H3",,,0.293,0.707,,,0.560998069251234,0.43900193074876603,,
-8.25,Celcius,molar,"InChI=1S/C7H16/c1-3-5-7-6-4-2/h3-7H2,1-2H3","InChI=1S/CH4O/c1-2/h2H,1H3",,,0.392,0.608,,,0.6653345604060126,0.3346654395939873,,
-8.25,Celcius,molar,"InChI=1S/C7H16/c1-3-5-7-6-4-2/h3-7H2,1-2H3","InChI=1S/CH4O/c1-2/h2H,1H3",,,0.525,0.475,,,0.7731449304080419,0.22685506959195817,,
-8.25,Celcius,molar,"InChI=1S/C7H16/c1-3-5-7-6-4-2/h3-7H2,1-2H3","InChI=1S/CH4O/c1-2/h2H,1H3",,,0.713,0.287,,,0.8845325778819019,0.11546742211809805,,
-8.25,Celcius,molar,"InChI=1S/C7H16/c1-3-5-7-6-4-2/h3-7H2,1-2H3","InChI=1S/CH4O/c1-2/h2H,1H3",,,0.931,0.069,,,0.9765286711191864,0.023471328880813623,,
-1.0,Celcius,molar,"InChI=1S/C7H8/c1-7-5-3-2-4-6-7/h2-6H,1H3","InChI=1S/C8H18/c1-7(2)6-8(3,4)5/h7H,6H2,1-5H3","InChI=1S/CH4O/c1-2/h2H,1H3",,0.026,0.01,0.964,,0.054118775830776185,0.03109041854241936,0.9147908056268045,
-10.9,Celcius,molar,"InChI=1S/C7H8/c1-7-5-3-2-4-6-7/h2-6H,1H3","InChI=1S/C8H18/c1-7(2)6-8(3,4)5/h7H,6H2,1-5H3","InChI=1S/CH4O/c1-2/h2H,1H3",,0.034,0.116,0.85,,0.05716398093019395,0.29130872349537484,0.6515272955744312,
-0.7,Celcius,molar,"InChI=1S/C7H8/c1-7-5-3-2-4-6-7/h2-6H,1H3","InChI=1S/C8H18/c1-7(2)6-8(3,4)5/h7H,6H2,1-5H3","InChI=1S/CH4O/c1-2/h2H,1H3",,0.05,0.01,0.94,,0.1013205824375005,0.030267714275220996,0.8684117032872786,
-8.0,Celcius,molar,"InChI=1S/C7H8/c1-7-5-3-2-4-6-7/h2-6H,1H3","InChI=1S/C8H18/c1-7(2)6-8(3,4)5/h7H,6H2,1-5H3","InChI=1S/CH4O/c1-2/h2H,1H3",,0.05,0.05,0.9,,0.09345907016846518,0.13959613951251573,0.7669447903190191,
-10.7,Celcius,molar,"InChI=1S/C7H8/c1-7-5-3-2-4-6-7/h2-6H,1H3","InChI=1S/C8H18/c1-7(2)6-8(3,4)5/h7H,6H2,1-5H3","InChI=1S/CH4O/c1-2/h2H,1H3",,0.053,0.247,0.7,,0.07151873185064661,0.4978434997817158,0.43063776836763756,
-1.3,Celcius,molar,"InChI=1S/C7H8/c1-7-5-3-2-4-6-7/h2-6H,1H3","InChI=1S/C8H18/c1-7(2)6-8(3,4)5/h7H,6H2,1-5H3","InChI=1S/CH4O/c1-2/h2H,1H3",,0.1,0.01,0.89,,0.19205354658599208,0.028686283348170694,0.7792601700658371,
-4.0,Celcius,molar,"InChI=1S/C7H8/c1-7-5-3-2-4-6-7/h2-6H,1H3","InChI=1S/C8H18/c1-7(2)6-8(3,4)5/h7H,6H2,1-5H3","InChI=1S/CH4O/c1-2/h2H,1H3",,0.1,0.02,0.88,,0.18830061162381717,0.05625144440908384,0.755447943967099,
-10.3,Celcius,molar,"InChI=1S/C7H8/c1-7-5-3-2-4-6-7/h2-6H,1H3","InChI=1S/C8H18/c1-7(2)6-8(3,4)5/h7H,6H2,1-5H3","InChI=1S/CH4O/c1-2/h2H,1H3",,0.1,0.1,0.8,,0.16284350025705546,0.243232935440231,0.5939235643027135,
-9.8,Celcius,molar,"InChI=1S/C7H8/c1-7-5-3-2-4-6-7/h2-6H,1H3","InChI=1S/C8H18/c1-7(2)6-8(3,4)5/h7H,6H2,1-5H3","InChI=1S/CH4O/c1-2/h2H,1H3",,0.1,0.2,0.7,,0.13930243492894684,0.416141142977814,0.4445564220932392,
-10.7,Celcius,molar,"InChI=1S/C7H8/c1-7-5-3-2-4-6-7/h2-6H,1H3","InChI=1S/C8H18/c1-7(2)6-8(3,4)5/h7H,6H2,1-5H3","InChI=1S/CH4O/c1-2/h2H,1H3",,0.1,0.3,0.6,,0.12170801818777884,0.5453714483604729,0.33292053345174827,
-10.5,Celcius,molar,"InChI=1S/C7H8/c1-7-5-3-2-4-6-7/h2-6H,1H3","InChI=1S/C8H18/c1-7(2)6-8(3,4)5/h7H,6H2,1-5H3","InChI=1S/CH4O/c1-2/h2H,1H3",,0.1,0.4,0.5,,0.10805967808443613,0.6456179746004941,0.2463223473150698,
-11.3,Celcius,molar,"InChI=1S/C7H8/c1-7-5-3-2-4-6-7/h2-6H,1H3","InChI=1S/C8H18/c1-7(2)6-8(3,4)5/h7H,6H2,1-5H3","InChI=1S/CH4O/c1-2/h2H,1H3",,0.1,0.6,0.3,,0.0882638561560599,0.7910175153035959,0.12071862854034413,
-11.2,Celcius,molar,"InChI=1S/C7H8/c1-7-5-3-2-4-6-7/h2-6H,1H3","InChI=1S/C8H18/c1-7(2)6-8(3,4)5/h7H,6H2,1-5H3","InChI=1S/CH4O/c1-2/h2H,1H3",,0.1,0.7,0.2,,0.08085756889099499,0.8454164066732964,0.07372602443570858,
-10.2,Celcius,molar,"InChI=1S/C7H8/c1-7-5-3-2-4-6-7/h2-6H,1H3","InChI=1S/C8H18/c1-7(2)6-8(3,4)5/h7H,6H2,1-5H3","InChI=1S/CH4O/c1-2/h2H,1H3",,0.1,0.8,0.1,,0.07459799446843532,0.8913927368974244,0.03400926863414035,
-4.45,Celcius,molar,"InChI=1S/C7H8/c1-7-5-3-2-4-6-7/h2-6H,1H3","InChI=1S/C8H18/c1-7(2)6-8(3,4)5/h7H,6H2,1-5H3","InChI=1S/CH4O/c1-2/h2H,1H3",,0.125,0.025,0.85,,0.22733183074537927,0.0679113239692287,0.7047568452853921,
-8.3,Celcius,molar,"InChI=1S/C7H8/c1-7-5-3-2-4-6-7/h2-6H,1H3","InChI=1S/C8H18/c1-7(2)6-8(3,4)5/h7H,6H2,1-5H3","InChI=1S/CH4O/c1-2/h2H,1H3",,0.125,0.075,0.8,,0.20772918324944056,0.18616614948194324,0.6061046672686162,
-9.3,Celcius,molar,"InChI=1S/C7H8/c1-7-5-3-2-4-6-7/h2-6H,1H3","InChI=1S/C8H18/c1-7(2)6-8(3,4)5/h7H,6H2,1-5H3","InChI=1S/CH4O/c1-2/h2H,1H3",,0.15,0.15,0.7,,0.2163941641074811,0.3232194571162642,0.4603863787762547,
-9.2,Celcius,molar,"InChI=1S/C7H8/c1-7-5-3-2-4-6-7/h2-6H,1H3","InChI=1S/C8H18/c1-7(2)6-8(3,4)5/h7H,6H2,1-5H3","InChI=1S/CH4O/c1-2/h2H,1H3",,0.15,0.2,0.65,,0.20132403762841297,0.40094640207511556,0.3977295602964715,
-8.9,Celcius,molar,"InChI=1S/C7H8/c1-7-5-3-2-4-6-7/h2-6H,1H3","InChI=1S/C8H18/c1-7(2)6-8(3,4)5/h7H,6H2,1-5H3","InChI=1S/CH4O/c1-2/h2H,1H3",,0.16,0.14,0.7,,0.23247606328652057,0.30383531306481754,0.46368862364866187,
-8.3,Celcius,molar,"InChI=1S/C7H8/c1-7-5-3-2-4-6-7/h2-6H,1H3","InChI=1S/C8H18/c1-7(2)6-8(3,4)5/h7H,6H2,1-5H3","InChI=1S/CH4O/c1-2/h2H,1H3",,0.18,0.12,0.7,,0.26534204527580485,0.2642206554811609,0.47043729924303423,
-8.3,Celcius,molar,"InChI=1S/C7H8/c1-7-5-3-2-4-6-7/h2-6H,1H3","InChI=1S/C8H18/c1-7(2)6-8(3,4)5/h7H,6H2,1-5H3","InChI=1S/CH4O/c1-2/h2H,1H3",,0.18,0.8,0.02,,0.1300534277063954,0.8633586353402279,0.0065879369533766875,
-1.1,Celcius,molar,"InChI=1S/C7H8/c1-7-5-3-2-4-6-7/h2-6H,1H3","InChI=1S/C8H18/c1-7(2)6-8(3,4)5/h7H,6H2,1-5H3","InChI=1S/CH4O/c1-2/h2H,1H3",,0.2,0.01,0.79,,0.34776677800111955,0.025972278331120716,0.6262609436677596,
-7.7,Celcius,molar,"InChI=1S/C7H8/c1-7-5-3-2-4-6-7/h2-6H,1H3","InChI=1S/C8H18/c1-7(2)6-8(3,4)5/h7H,6H2,1-5H3","InChI=1S/CH4O/c1-2/h2H,1H3",,0.2,0.1,0.7,,0.29917884127021444,0.22343583768738198,0.4773853210424036,
-8.7,Celcius,molar,"InChI=1S/C7H8/c1-7-5-3-2-4-6-7/h2-6H,1H3","InChI=1S/C8H18/c1-7(2)6-8(3,4)5/h7H,6H2,1-5H3","InChI=1S/CH4O/c1-2/h2H,1H3",,0.2,0.15,0.65,,0.27762952429143406,0.3110132307323452,0.4113572449762208,
-9.2,Celcius,molar,"InChI=1S/C7H8/c1-7-5-3-2-4-6-7/h2-6H,1H3","InChI=1S/C8H18/c1-7(2)6-8(3,4)5/h7H,6H2,1-5H3","InChI=1S/CH4O/c1-2/h2H,1H3",,0.2,0.2,0.6,,0.25897594970575805,0.3868221965010479,0.35420185379319413,
-9.6,Celcius,molar,"InChI=1S/C7H8/c1-7-5-3-2-4-6-7/h2-6H,1H3","InChI=1S/C8H18/c1-7(2)6-8(3,4)5/h7H,6H2,1-5H3","InChI=1S/CH4O/c1-2/h2H,1H3",,0.2,0.475,0.325,,0.1890973079786814,0.6708121381779241,0.14009055384339456,
-9.9,Celcius,molar,"InChI=1S/C7H8/c1-7-5-3-2-4-6-7/h2-6H,1H3","InChI=1S/C8H18/c1-7(2)6-8(3,4)5/h7H,6H2,1-5H3","InChI=1S/CH4O/c1-2/h2H,1H3",,0.2,0.5,0.3,,0.18456986357008148,0.6892118758054143,0.12621826062450434,
-10.7,Celcius,molar,"InChI=1S/C7H8/c1-7-5-3-2-4-6-7/h2-6H,1H3","InChI=1S/C8H18/c1-7(2)6-8(3,4)5/h7H,6H2,1-5H3","InChI=1S/CH4O/c1-2/h2H,1H3",,0.2,0.6,0.2,,0.1684385658522651,0.7547701949832167,0.0767912391645182,
-9.3,Celcius,molar,"InChI=1S/C7H8/c1-7-5-3-2-4-6-7/h2-6H,1H3","InChI=1S/C8H18/c1-7(2)6-8(3,4)5/h7H,6H2,1-5H3","InChI=1S/CH4O/c1-2/h2H,1H3",,0.2,0.7,0.1,,0.15490036489971912,0.8097900523230255,0.03530958277725538,
-8.3,Celcius,molar,"InChI=1S/C7H8/c1-7-5-3-2-4-6-7/h2-6H,1H3","InChI=1S/C8H18/c1-7(2)6-8(3,4)5/h7H,6H2,1-5H3","InChI=1S/CH4O/c1-2/h2H,1H3",,0.22,0.18,0.6,,0.2885627106282232,0.3526484549918294,0.35878883437994746,
-3.8,Celcius,molar,"InChI=1S/C7H8/c1-7-5-3-2-4-6-7/h2-6H,1H3","InChI=1S/C8H18/c1-7(2)6-8(3,4)5/h7H,6H2,1-5H3","InChI=1S/CH4O/c1-2/h2H,1H3",,0.235,0.035,0.73,,0.37897996823486996,0.08430792284762054,0.5367121089175095,
-8.1,Celcius,molar,"InChI=1S/C7H8/c1-7-5-3-2-4-6-7/h2-6H,1H3","InChI=1S/C8H18/c1-7(2)6-8(3,4)5/h7H,6H2,1-5H3","InChI=1S/CH4O/c1-2/h2H,1H3",,0.25,0.15,0.6,,0.3344081436479915,0.29969537974640253,0.365896476605606,
-9.7,Celcius,molar,"InChI=1S/C7H8/c1-7-5-3-2-4-6-7/h2-6H,1H3","InChI=1S/C8H18/c1-7(2)6-8(3,4)5/h7H,6H2,1-5H3","InChI=1S/CH4O/c1-2/h2H,1H3",,0.25,0.6,0.15,,0.20583221426933043,0.7378643707244583,0.05630341500621114,
-9.2,Celcius,molar,"InChI=1S/C7H8/c1-7-5-3-2-4-6-7/h2-6H,1H3","InChI=1S/C8H18/c1-7(2)6-8(3,4)5/h7H,6H2,1-5H3","InChI=1S/CH4O/c1-2/h2H,1H3",,0.25,0.7,0.05,,0.18962989732997904,0.7930796267924461,0.01729047587757484,
-9.9,Celcius,molar,"InChI=1S/C7H8/c1-7-5-3-2-4-6-7/h2-6H,1H3","InChI=1S/C8H18/c1-7(2)6-8(3,4)5/h7H,6H2,1-5H3","InChI=1S/CH4O/c1-2/h2H,1H3",,0.272,0.636,0.092,,0.21520501715846915,0.7516100108028896,0.033184972038641306,
-6.4,Celcius,molar,"InChI=1S/C7H8/c1-7-5-3-2-4-6-7/h2-6H,1H3","InChI=1S/C8H18/c1-7(2)6-8(3,4)5/h7H,6H2,1-5H3","InChI=1S/CH4O/c1-2/h2H,1H3",,0.275,0.125,0.6,,0.37402349328140116,0.25393826825598875,0.37203823846261,
-7.4,Celcius,molar,"InChI=1S/C7H8/c1-7-5-3-2-4-6-7/h2-6H,1H3","InChI=1S/C8H18/c1-7(2)6-8(3,4)5/h7H,6H2,1-5H3","InChI=1S/CH4O/c1-2/h2H,1H3",,0.29,0.7,0.01,,0.21639829073872202,0.7801997745937939,0.003401934667484212,
-8.5,Celcius,molar,"InChI=1S/C7H8/c1-7-5-3-2-4-6-7/h2-6H,1H3","InChI=1S/C8H18/c1-7(2)6-8(3,4)5/h7H,6H2,1-5H3","InChI=1S/CH4O/c1-2/h2H,1H3",,0.3,0.4,0.3,,0.2900696259127521,0.5776874646019857,0.1322429094852622,
-9.3,Celcius,molar,"InChI=1S/C7H8/c1-7-5-3-2-4-6-7/h2-6H,1H3","InChI=1S/C8H18/c1-7(2)6-8(3,4)5/h7H,6H2,1-5H3","InChI=1S/CH4O/c1-2/h2H,1H3",,0.3,0.5,0.2,,0.26361796319878594,0.6562596493197294,0.08012238748148466,
-8.9,Celcius,molar,"InChI=1S/C7H8/c1-7-5-3-2-4-6-7/h2-6H,1H3","InChI=1S/C8H18/c1-7(2)6-8(3,4)5/h7H,6H2,1-5H3","InChI=1S/CH4O/c1-2/h2H,1H3",,0.3,0.6,0.1,,0.2415874278179553,0.7216992896966451,0.03671328248539962,
-6.6,Celcius,molar,"InChI=1S/C7H8/c1-7-5-3-2-4-6-7/h2-6H,1H3","InChI=1S/C8H18/c1-7(2)6-8(3,4)5/h7H,6H2,1-5H3","InChI=1S/CH4O/c1-2/h2H,1H3",,0.325,0.15,0.525,,0.4122289134065944,0.28418313436741205,0.30358795222599355,
-5.8,Celcius,molar,"InChI=1S/C7H8/c1-7-5-3-2-4-6-7/h2-6H,1H3","InChI=1S/C8H18/c1-7(2)6-8(3,4)5/h7H,6H2,1-5H3","InChI=1S/CH4O/c1-2/h2H,1H3",,0.35,0.1,0.55,,0.4665973701103661,0.19912518605108498,0.33427744383854885,
-8.1,Celcius,molar,"InChI=1S/C7H8/c1-7-5-3-2-4-6-7/h2-6H,1H3","InChI=1S/C8H18/c1-7(2)6-8(3,4)5/h7H,6H2,1-5H3","InChI=1S/CH4O/c1-2/h2H,1H3",,0.35,0.15,0.5,,0.43640930847488063,0.27936318433577256,0.2842275071893468,
-7.7,Celcius,molar,"InChI=1S/C7H8/c1-7-5-3-2-4-6-7/h2-6H,1H3","InChI=1S/C8H18/c1-7(2)6-8(3,4)5/h7H,6H2,1-5H3","InChI=1S/CH4O/c1-2/h2H,1H3",,0.35,0.325,0.325,,0.35583302403085654,0.4935299583099678,0.1506370176591757,
-8.1,Celcius,molar,"InChI=1S/C7H8/c1-7-5-3-2-4-6-7/h2-6H,1H3","InChI=1S/C8H18/c1-7(2)6-8(3,4)5/h7H,6H2,1-5H3","InChI=1S/CH4O/c1-2/h2H,1H3",,0.376,0.349,0.275,,0.36766854251199405,0.509736822998941,0.12259463448906502,
-3.9,Celcius,molar,"InChI=1S/C7H8/c1-7-5-3-2-4-6-7/h2-6H,1H3","InChI=1S/C8H18/c1-7(2)6-8(3,4)5/h7H,6H2,1-5H3","InChI=1S/CH4O/c1-2/h2H,1H3",,0.4,0.05,0.55,,0.5513983555396842,0.10295025623000159,0.3456513882303143,
-7.3,Celcius,molar,"InChI=1S/C7H8/c1-7-5-3-2-4-6-7/h2-6H,1H3","InChI=1S/C8H18/c1-7(2)6-8(3,4)5/h7H,6H2,1-5H3","InChI=1S/CH4O/c1-2/h2H,1H3",,0.4,0.3,0.3,,0.40614564124725966,0.4549828349652495,0.13887152378749093,
-8.7,Celcius,molar,"InChI=1S/C7H8/c1-7-5-3-2-4-6-7/h2-6H,1H3","InChI=1S/C8H18/c1-7(2)6-8(3,4)5/h7H,6H2,1-5H3","InChI=1S/CH4O/c1-2/h2H,1H3",,0.4,0.4,0.2,,0.3674294405120664,0.548814912734225,0.08375564675370861,
-8.4,Celcius,molar,"InChI=1S/C7H8/c1-7-5-3-2-4-6-7/h2-6H,1H3","InChI=1S/C8H18/c1-7(2)6-8(3,4)5/h7H,6H2,1-5H3","InChI=1S/CH4O/c1-2/h2H,1H3",,0.4,0.5,0.1,,0.3354521598545674,0.6263146319349094,0.038233208210523166,
-5.0,Celcius,molar,"InChI=1S/C7H8/c1-7-5-3-2-4-6-7/h2-6H,1H3","InChI=1S/C8H18/c1-7(2)6-8(3,4)5/h7H,6H2,1-5H3","InChI=1S/CH4O/c1-2/h2H,1H3",,0.425,0.075,0.5,,0.5555738278417042,0.14644213918096602,0.2979840329773298,
-7.8,Celcius,molar,"InChI=1S/C7H8/c1-7-5-3-2-4-6-7/h2-6H,1H3","InChI=1S/C8H18/c1-7(2)6-8(3,4)5/h7H,6H2,1-5H3","InChI=1S/CH4O/c1-2/h2H,1H3",,0.44,0.41,0.15,,0.3925816450093408,0.5464030602107075,0.061015294779951774,
-4.1,Celcius,molar,"InChI=1S/C7H8/c1-7-5-3-2-4-6-7/h2-6H,1H3","InChI=1S/C8H18/c1-7(2)6-8(3,4)5/h7H,6H2,1-5H3","InChI=1S/CH4O/c1-2/h2H,1H3",,0.45,0.05,0.5,,0.5979007127485354,0.09922897699261114,0.3028703102588535,
-6.8,Celcius,molar,"InChI=1S/C7H8/c1-7-5-3-2-4-6-7/h2-6H,1H3","InChI=1S/C8H18/c1-7(2)6-8(3,4)5/h7H,6H2,1-5H3","InChI=1S/CH4O/c1-2/h2H,1H3",,0.45,0.225,0.325,,0.48167425188417007,0.35972894842847064,0.15859679968735935,
-6.1,Celcius,molar,"InChI=1S/C7H8/c1-7-5-3-2-4-6-7/h2-6H,1H3","InChI=1S/C8H18/c1-7(2)6-8(3,4)5/h7H,6H2,1-5H3","InChI=1S/CH4O/c1-2/h2H,1H3",,0.5,0.2,0.3,,0.5344722230363398,0.3193280604142806,0.14619971654937963,
-7.8,Celcius,molar,"InChI=1S/C7H8/c1-7-5-3-2-4-6-7/h2-6H,1H3","InChI=1S/C8H18/c1-7(2)6-8(3,4)5/h7H,6H2,1-5H3","InChI=1S/CH4O/c1-2/h2H,1H3",,0.5,0.3,0.2,,0.4811030778823909,0.43116285402098103,0.0877340680966281,
-6.7,Celcius,molar,"InChI=1S/C7H8/c1-7-5-3-2-4-6-7/h2-6H,1H3","InChI=1S/C8H18/c1-7(2)6-8(3,4)5/h7H,6H2,1-5H3","InChI=1S/CH4O/c1-2/h2H,1H3",,0.5,0.35,0.15,,0.4582252831214325,0.47910316574768885,0.06267155113087862,
-7.5,Celcius,molar,"InChI=1S/C7H8/c1-7-5-3-2-4-6-7/h2-6H,1H3","InChI=1S/C8H18/c1-7(2)6-8(3,4)5/h7H,6H2,1-5H3","InChI=1S/CH4O/c1-2/h2H,1H3",,0.5,0.4,0.1,,0.437424525492377,0.5226910558965401,0.039884418611082946,
-6.3,Celcius,molar,"InChI=1S/C7H8/c1-7-5-3-2-4-6-7/h2-6H,1H3","InChI=1S/C8H18/c1-7(2)6-8(3,4)5/h7H,6H2,1-5H3","InChI=1S/CH4O/c1-2/h2H,1H3",,0.511,0.264,0.225,,0.5069927030541475,0.39123408816947036,0.10177320877638217,
-5.8,Celcius,molar,"InChI=1S/C7H8/c1-7-5-3-2-4-6-7/h2-6H,1H3","InChI=1S/C8H18/c1-7(2)6-8(3,4)5/h7H,6H2,1-5H3","InChI=1S/CH4O/c1-2/h2H,1H3",,0.53,0.17,0.3,,0.5756536579116345,0.2757949265474757,0.1485514155408898,
-6.3,Celcius,molar,"InChI=1S/C7H8/c1-7-5-3-2-4-6-7/h2-6H,1H3","InChI=1S/C8H18/c1-7(2)6-8(3,4)5/h7H,6H2,1-5H3","InChI=1S/CH4O/c1-2/h2H,1H3",,0.545,0.274,0.181,,0.5256654800526864,0.39474393957240983,0.07959058037490381,
-2.3,Celcius,molar,"InChI=1S/C7H8/c1-7-5-3-2-4-6-7/h2-6H,1H3","InChI=1S/C8H18/c1-7(2)6-8(3,4)5/h7H,6H2,1-5H3","InChI=1S/CH4O/c1-2/h2H,1H3",,0.575,0.058,0.367,,0.6936504061340741,0.10450877232321876,0.20184082154270713,
-3.6,Celcius,molar,"InChI=1S/C7H8/c1-7-5-3-2-4-6-7/h2-6H,1H3","InChI=1S/C8H18/c1-7(2)6-8(3,4)5/h7H,6H2,1-5H3","InChI=1S/CH4O/c1-2/h2H,1H3",,0.594,0.132,0.274,,0.6484150073555467,0.21522489093806466,0.13636010170638874,
-4.3,Celcius,molar,"InChI=1S/C7H8/c1-7-5-3-2-4-6-7/h2-6H,1H3","InChI=1S/C8H18/c1-7(2)6-8(3,4)5/h7H,6H2,1-5H3","InChI=1S/CH4O/c1-2/h2H,1H3",,0.6,0.1,0.3,,0.6770967843655858,0.16855880869097095,0.15434440694344317,
-5.4,Celcius,molar,"InChI=1S/C7H8/c1-7-5-3-2-4-6-7/h2-6H,1H3","InChI=1S/C8H18/c1-7(2)6-8(3,4)5/h7H,6H2,1-5H3","InChI=1S/CH4O/c1-2/h2H,1H3",,0.6,0.2,0.2,,0.6061143275277149,0.30177638215879643,0.09210929031348863,
-6.3,Celcius,molar,"InChI=1S/C7H8/c1-7-5-3-2-4-6-7/h2-6H,1H3","InChI=1S/C8H18/c1-7(2)6-8(3,4)5/h7H,6H2,1-5H3","InChI=1S/CH4O/c1-2/h2H,1H3",,0.6,0.3,0.1,,0.5486023933329657,0.4097129154963985,0.04168469117063582,
-5.1,Celcius,molar,"InChI=1S/C7H8/c1-7-5-3-2-4-6-7/h2-6H,1H3","InChI=1S/C8H18/c1-7(2)6-8(3,4)5/h7H,6H2,1-5H3","InChI=1S/CH4O/c1-2/h2H,1H3",,0.65,0.2,0.15,,0.6390610482674369,0.2937047286792912,0.06723422305327187,
-2.6,Celcius,molar,"InChI=1S/C7H8/c1-7-5-3-2-4-6-7/h2-6H,1H3","InChI=1S/C8H18/c1-7(2)6-8(3,4)5/h7H,6H2,1-5H3","InChI=1S/CH4O/c1-2/h2H,1H3",,0.7,0.05,0.25,,0.7877044479547091,0.08404022654218339,0.12825532550310753,
-3.4,Celcius,molar,"InChI=1S/C7H8/c1-7-5-3-2-4-6-7/h2-6H,1H3","InChI=1S/C8H18/c1-7(2)6-8(3,4)5/h7H,6H2,1-5H3","InChI=1S/CH4O/c1-2/h2H,1H3",,0.7,0.1,0.2,,0.7442484075345489,0.15880779887752772,0.09694379358792334,
-4.9,Celcius,molar,"InChI=1S/C7H8/c1-7-5-3-2-4-6-7/h2-6H,1H3","InChI=1S/C8H18/c1-7(2)6-8(3,4)5/h7H,6H2,1-5H3","InChI=1S/CH4O/c1-2/h2H,1H3",,0.7,0.2,0.1,,0.6702912210061414,0.28605361418922315,0.04365516480463547,
-2.9,Celcius,molar,"InChI=1S/C7H8/c1-7-5-3-2-4-6-7/h2-6H,1H3","InChI=1S/C8H18/c1-7(2)6-8(3,4)5/h7H,6H2,1-5H3","InChI=1S/CH4O/c1-2/h2H,1H3",,0.8,0.1,0.1,,0.8040555541962581,0.15012327203377593,0.045821173769966056,
-2.9,Celcius,molar,"InChI=1S/C7H8/c1-7-5-3-2-4-6-7/h2-6H,1H3","InChI=1S/C8H18/c1-7(2)6-8(3,4)5/h7H,6H2,1-5H3","InChI=1S/CH4O/c1-2/h2H,1H3",,0.8,0.15,0.05,,0.7642016370745035,0.21402336502582636,0.0217749978996702,
0.3,Celcius,molar,"InChI=1S/C7H8/c1-7-5-3-2-4-6-7/h2-6H,1H3","InChI=1S/C8H18/c1-7(2)6-8(3,4)5/h7H,6H2,1-5H3","InChI=1S/CH4O/c1-2/h2H,1H3",,0.9,0.05,0.05,,0.9022754815237438,0.07487185672144529,0.02285266175481091,
3.15,Celcius,molar,"InChI=1S/C7H8/c1-7-5-3-2-4-6-7/h2-6H,1H3","InChI=1S/CH4O/c1-2/h2H,1H3",,,0.129,0.871,,,0.24520547195935957,0.7547945280406404,,
