value,unit,fraction_type,component_inchi_0,component_inchi_1,component_inchi_2,component_inchi_3,fraction_0,fraction_1,fraction_2,fraction_3
71.85000000000002,Celcius,molar,"InChI=1S/C10H22/c1-3-5-7-9-10-8-6-4-2/h3-10H2,1-2H3","InChI=1S/C12H26/c1-3-5-7-9-11-12-10-8-6-4-2/h3-12H2,1-2H3","InChI=1S/C14H30/c1-3-5-7-9-11-13-14-12-10-8-6-4-2/h3-14H2,1-2H3",,0.251,0.21,0.539,
65.35000000000002,Celcius,molar,"InChI=1S/C10H22/c1-3-5-7-9-10-8-6-4-2/h3-10H2,1-2H3","InChI=1S/C12H26/c1-3-5-7-9-11-12-10-8-6-4-2/h3-12H2,1-2H3","InChI=1S/C14H30/c1-3-5-7-9-11-13-14-12-10-8-6-4-2/h3-14H2,1-2H3",,0.392,0.327,0.281,
56.85000000000002,Celcius,molar,"InChI=1S/C10H22/c1-3-5-7-9-10-8-6-4-2/h3-10H2,1-2H3","InChI=1S/C12H26/c1-3-5-7-9-11-12-10-8-6-4-2/h3-12H2,1-2H3","InChI=1S/C14H30/c1-3-5-7-9-11-13-14-12-10-8-6-4-2/h3-14H2,1-2H3",,0.659,0.183,0.158,
0.7,Celcius,molar,"InChI=1S/C10H22/c1-3-5-7-9-10-8-6-4-2/h3-10H2,1-2H3",InChI=1S/C3H6O/c1-3(2)4/h1-2H3,"InChI=1S/CH4O/c1-2/h2H,1H3",,0.01,0.09,0.9,
-4.4,Celcius,molar,"InChI=1S/C10H22/c1-3-5-7-9-10-8-6-4-2/h3-10H2,1-2H3",InChI=1S/C3H6O/c1-3(2)4/h1-2H3,"InChI=1S/CH4O/c1-2/h2H,1H3",,0.01,0.19,0.8,
-7.8,Celcius,molar,"InChI=1S/C10H22/c1-3-5-7-9-10-8-6-4-2/h3-10H2,1-2H3",InChI=1S/C3H6O/c1-3(2)4/h1-2H3,"InChI=1S/CH4O/c1-2/h2H,1H3",,0.01,0.29,0.7,
-9.9,Celcius,molar,"InChI=1S/C10H22/c1-3-5-7-9-10-8-6-4-2/h3-10H2,1-2H3",InChI=1S/C3H6O/c1-3(2)4/h1-2H3,"InChI=1S/CH4O/c1-2/h2H,1H3",,0.01,0.39,0.6,
-11.6,Celcius,molar,"InChI=1S/C10H22/c1-3-5-7-9-10-8-6-4-2/h3-10H2,1-2H3",InChI=1S/C3H6O/c1-3(2)4/h1-2H3,"InChI=1S/CH4O/c1-2/h2H,1H3",,0.01,0.49,0.5,
-13.9,Celcius,molar,"InChI=1S/C10H22/c1-3-5-7-9-10-8-6-4-2/h3-10H2,1-2H3",InChI=1S/C3H6O/c1-3(2)4/h1-2H3,"InChI=1S/CH4O/c1-2/h2H,1H3",,0.01,0.59,0.4,
1.7,Celcius,molar,"InChI=1S/C10H22/c1-3-5-7-9-10-8-6-4-2/h3-10H2,1-2H3",InChI=1S/C3H6O/c1-3(2)4/h1-2H3,"InChI=1S/CH4O/c1-2/h2H,1H3",,0.02,0.08,0.9,
-15.5,Celcius,molar,"InChI=1S/C10H22/c1-3-5-7-9-10-8-6-4-2/h3-10H2,1-2H3",InChI=1S/C3H6O/c1-3(2)4/h1-2H3,"InChI=1S/CH4O/c1-2/h2H,1H3",,0.02,0.78,0.2,
-16.8,Celcius,molar,"InChI=1S/C10H22/c1-3-5-7-9-10-8-6-4-2/h3-10H2,1-2H3",InChI=1S/C3H6O/c1-3(2)4/h1-2H3,"InChI=1S/CH4O/c1-2/h2H,1H3",,0.02,0.88,0.1,
-4.5,Celcius,molar,"InChI=1S/C10H22/c1-3-5-7-9-10-8-6-4-2/h3-10H2,1-2H3",InChI=1S/C3H6O/c1-3(2)4/h1-2H3,"InChI=1S/CH4O/c1-2/h2H,1H3",,0.023,0.177,0.8,
-11.0,Celcius,molar,"InChI=1S/C10H22/c1-3-5-7-9-10-8-6-4-2/h3-10H2,1-2H3",InChI=1S/C3H6O/c1-3(2)4/h1-2H3,"InChI=1S/CH4O/c1-2/h2H,1H3",,0.033,0.367,0.6,
-13.2,Celcius,molar,"InChI=1S/C10H22/c1-3-5-7-9-10-8-6-4-2/h3-10H2,1-2H3",InChI=1S/C3H6O/c1-3(2)4/h1-2H3,"InChI=1S/CH4O/c1-2/h2H,1H3",,0.038,0.562,0.4,
-16.0,Celcius,molar,"InChI=1S/C10H22/c1-3-5-7-9-10-8-6-4-2/h3-10H2,1-2H3",InChI=1S/C3H6O/c1-3(2)4/h1-2H3,"InChI=1S/CH4O/c1-2/h2H,1H3",,0.041,0.759,0.2,
-9.8,Celcius,molar,"InChI=1S/C10H22/c1-3-5-7-9-10-8-6-4-2/h3-10H2,1-2H3",InChI=1S/C3H6O/c1-3(2)4/h1-2H3,"InChI=1S/CH4O/c1-2/h2H,1H3",,0.1,0.37,0.53,
-13.5,Celcius,molar,"InChI=1S/C10H22/c1-3-5-7-9-10-8-6-4-2/h3-10H2,1-2H3",InChI=1S/C3H6O/c1-3(2)4/h1-2H3,"InChI=1S/CH4O/c1-2/h2H,1H3",,0.1,0.54,0.36,
-15.4,Celcius,molar,"InChI=1S/C10H22/c1-3-5-7-9-10-8-6-4-2/h3-10H2,1-2H3",InChI=1S/C3H6O/c1-3(2)4/h1-2H3,"InChI=1S/CH4O/c1-2/h2H,1H3",,0.1,0.7,0.2,
-15.5,Celcius,molar,"InChI=1S/C10H22/c1-3-5-7-9-10-8-6-4-2/h3-10H2,1-2H3",InChI=1S/C3H6O/c1-3(2)4/h1-2H3,"InChI=1S/CH4O/c1-2/h2H,1H3",,0.1,0.72,0.18,
2.0,Celcius,molar,"InChI=1S/C10H22/c1-3-5-7-9-10-8-6-4-2/h3-10H2,1-2H3",InChI=1S/C3H6O/c1-3(2)4/h1-2H3,"InChI=1S/CH4O/c1-2/h2H,1H3",,0.11,0.09,0.8,
-5.5,Celcius,molar,"InChI=1S/C10H22/c1-3-5-7-9-10-8-6-4-2/h3-10H2,1-2H3",InChI=1S/C3H6O/c1-3(2)4/h1-2H3,"InChI=1S/CH4O/c1-2/h2H,1H3",,0.12,0.18,0.7,
-9.5,Celcius,molar,"InChI=1S/C10H22/c1-3-5-7-9-10-8-6-4-2/h3-10H2,1-2H3",InChI=1S/C3H6O/c1-3(2)4/h1-2H3,"InChI=1S/CH4O/c1-2/h2H,1H3",,0.18,0.32,0.5,
-4.0,Celcius,molar,"InChI=1S/C10H22/c1-3-5-7-9-10-8-6-4-2/h3-10H2,1-2H3",InChI=1S/C3H6O/c1-3(2)4/h1-2H3,"InChI=1S/CH4O/c1-2/h2H,1H3",,0.188,0.152,0.66,
2.5,Celcius,molar,"InChI=1S/C10H22/c1-3-5-7-9-10-8-6-4-2/h3-10H2,1-2H3",InChI=1S/C3H6O/c1-3(2)4/h1-2H3,"InChI=1S/CH4O/c1-2/h2H,1H3",,0.22,0.08,0.7,
2.5,Celcius,molar,"InChI=1S/C10H22/c1-3-5-7-9-10-8-6-4-2/h3-10H2,1-2H3",InChI=1S/C3H6O/c1-3(2)4/h1-2H3,"InChI=1S/CH4O/c1-2/h2H,1H3",,0.23,0.07,0.7,
-15.8,Celcius,molar,"InChI=1S/C10H22/c1-3-5-7-9-10-8-6-4-2/h3-10H2,1-2H3",InChI=1S/C3H6O/c1-3(2)4/h1-2H3,"InChI=1S/CH4O/c1-2/h2H,1H3",,0.235,0.611,0.154,
-12.8,Celcius,molar,"InChI=1S/C10H22/c1-3-5-7-9-10-8-6-4-2/h3-10H2,1-2H3",InChI=1S/C3H6O/c1-3(2)4/h1-2H3,"InChI=1S/CH4O/c1-2/h2H,1H3",,0.26,0.44,0.3,
-10.5,Celcius,molar,"InChI=1S/C10H22/c1-3-5-7-9-10-8-6-4-2/h3-10H2,1-2H3",InChI=1S/C3H6O/c1-3(2)4/h1-2H3,"InChI=1S/CH4O/c1-2/h2H,1H3",,0.3,0.3,0.4,
2.5,Celcius,molar,"InChI=1S/C10H22/c1-3-5-7-9-10-8-6-4-2/h3-10H2,1-2H3",InChI=1S/C3H6O/c1-3(2)4/h1-2H3,"InChI=1S/CH4O/c1-2/h2H,1H3",,0.34,0.06,0.6,
-9.7,Celcius,molar,"InChI=1S/C10H22/c1-3-5-7-9-10-8-6-4-2/h3-10H2,1-2H3",InChI=1S/C3H6O/c1-3(2)4/h1-2H3,"InChI=1S/CH4O/c1-2/h2H,1H3",,0.37,0.26,0.37,
-4.0,Celcius,molar,"InChI=1S/C10H22/c1-3-5-7-9-10-8-6-4-2/h3-10H2,1-2H3",InChI=1S/C3H6O/c1-3(2)4/h1-2H3,"InChI=1S/CH4O/c1-2/h2H,1H3",,0.38,0.12,0.5,
-16.0,Celcius,molar,"InChI=1S/C10H22/c1-3-5-7-9-10-8-6-4-2/h3-10H2,1-2H3",InChI=1S/C3H6O/c1-3(2)4/h1-2H3,"InChI=1S/CH4O/c1-2/h2H,1H3",,0.428,0.463,0.109,
-12.7,Celcius,molar,"InChI=1S/C10H22/c1-3-5-7-9-10-8-6-4-2/h3-10H2,1-2H3",InChI=1S/C3H6O/c1-3(2)4/h1-2H3,"InChI=1S/CH4O/c1-2/h2H,1H3",,0.436,0.348,0.216,
-4.0,Celcius,molar,"InChI=1S/C10H22/c1-3-5-7-9-10-8-6-4-2/h3-10H2,1-2H3",InChI=1S/C3H6O/c1-3(2)4/h1-2H3,"InChI=1S/CH4O/c1-2/h2H,1H3",,0.459,0.114,0.427,
-15.1,Celcius,molar,"InChI=1S/C10H22/c1-3-5-7-9-10-8-6-4-2/h3-10H2,1-2H3",InChI=1S/C3H6O/c1-3(2)4/h1-2H3,"InChI=1S/CH4O/c1-2/h2H,1H3",,0.47,0.43,0.1,
-10.0,Celcius,molar,"InChI=1S/C10H22/c1-3-5-7-9-10-8-6-4-2/h3-10H2,1-2H3",InChI=1S/C3H6O/c1-3(2)4/h1-2H3,"InChI=1S/CH4O/c1-2/h2H,1H3",,0.48,0.22,0.3,
-3.5,Celcius,molar,"InChI=1S/C10H22/c1-3-5-7-9-10-8-6-4-2/h3-10H2,1-2H3",InChI=1S/C3H6O/c1-3(2)4/h1-2H3,"InChI=1S/CH4O/c1-2/h2H,1H3",,0.49,0.11,0.4,
-9.2,Celcius,molar,"InChI=1S/C10H22/c1-3-5-7-9-10-8-6-4-2/h3-10H2,1-2H3",InChI=1S/C3H6O/c1-3(2)4/h1-2H3,"InChI=1S/CH4O/c1-2/h2H,1H3",,0.5,0.2,0.3,
-10.1,Celcius,molar,"InChI=1S/C10H22/c1-3-5-7-9-10-8-6-4-2/h3-10H2,1-2H3",InChI=1S/C3H6O/c1-3(2)4/h1-2H3,"InChI=1S/CH4O/c1-2/h2H,1H3",,0.5,0.22,0.28,
2.5,Celcius,molar,"InChI=1S/C10H22/c1-3-5-7-9-10-8-6-4-2/h3-10H2,1-2H3",InChI=1S/C3H6O/c1-3(2)4/h1-2H3,"InChI=1S/CH4O/c1-2/h2H,1H3",,0.56,0.04,0.4,
-8.8,Celcius,molar,"InChI=1S/C10H22/c1-3-5-7-9-10-8-6-4-2/h3-10H2,1-2H3",InChI=1S/C3H6O/c1-3(2)4/h1-2H3,"InChI=1S/CH4O/c1-2/h2H,1H3",,0.6,0.17,0.23,
-13.5,Celcius,molar,"InChI=1S/C10H22/c1-3-5-7-9-10-8-6-4-2/h3-10H2,1-2H3",InChI=1S/C3H6O/c1-3(2)4/h1-2H3,"InChI=1S/CH4O/c1-2/h2H,1H3",,0.6,0.25,0.15,
-13.2,Celcius,molar,"InChI=1S/C10H22/c1-3-5-7-9-10-8-6-4-2/h3-10H2,1-2H3",InChI=1S/C3H6O/c1-3(2)4/h1-2H3,"InChI=1S/CH4O/c1-2/h2H,1H3",,0.6,0.26,0.14,
-15.2,Celcius,molar,"InChI=1S/C10H22/c1-3-5-7-9-10-8-6-4-2/h3-10H2,1-2H3",InChI=1S/C3H6O/c1-3(2)4/h1-2H3,"InChI=1S/CH4O/c1-2/h2H,1H3",,0.6,0.33,0.07,
-3.5,Celcius,molar,"InChI=1S/C10H22/c1-3-5-7-9-10-8-6-4-2/h3-10H2,1-2H3",InChI=1S/C3H6O/c1-3(2)4/h1-2H3,"InChI=1S/CH4O/c1-2/h2H,1H3",,0.61,0.09,0.3,
-1.0,Celcius,molar,"InChI=1S/C10H22/c1-3-5-7-9-10-8-6-4-2/h3-10H2,1-2H3",InChI=1S/C3H6O/c1-3(2)4/h1-2H3,"InChI=1S/CH4O/c1-2/h2H,1H3",,0.62,0.08,0.3,
-10.4,Celcius,molar,"InChI=1S/C10H22/c1-3-5-7-9-10-8-6-4-2/h3-10H2,1-2H3",InChI=1S/C3H6O/c1-3(2)4/h1-2H3,"InChI=1S/CH4O/c1-2/h2H,1H3",,0.62,0.18,0.2,
1.7,Celcius,molar,"InChI=1S/C10H22/c1-3-5-7-9-10-8-6-4-2/h3-10H2,1-2H3",InChI=1S/C3H6O/c1-3(2)4/h1-2H3,"InChI=1S/CH4O/c1-2/h2H,1H3",,0.66,0.04,0.3,
-7.3,Celcius,molar,"InChI=1S/C10H22/c1-3-5-7-9-10-8-6-4-2/h3-10H2,1-2H3",InChI=1S/C3H6O/c1-3(2)4/h1-2H3,"InChI=1S/CH4O/c1-2/h2H,1H3",,0.7,0.13,0.17,
-12.5,Celcius,molar,"InChI=1S/C10H22/c1-3-5-7-9-10-8-6-4-2/h3-10H2,1-2H3",InChI=1S/C3H6O/c1-3(2)4/h1-2H3,"InChI=1S/CH4O/c1-2/h2H,1H3",,0.7,0.2,0.1,
-3.8,Celcius,molar,"InChI=1S/C10H22/c1-3-5-7-9-10-8-6-4-2/h3-10H2,1-2H3",InChI=1S/C3H6O/c1-3(2)4/h1-2H3,"InChI=1S/CH4O/c1-2/h2H,1H3",,0.72,0.08,0.2,
-12.5,Celcius,molar,"InChI=1S/C10H22/c1-3-5-7-9-10-8-6-4-2/h3-10H2,1-2H3",InChI=1S/C3H6O/c1-3(2)4/h1-2H3,"InChI=1S/CH4O/c1-2/h2H,1H3",,0.72,0.18,0.1,
0.2,Celcius,molar,"InChI=1S/C10H22/c1-3-5-7-9-10-8-6-4-2/h3-10H2,1-2H3",InChI=1S/C3H6O/c1-3(2)4/h1-2H3,"InChI=1S/CH4O/c1-2/h2H,1H3",,0.75,0.05,0.2,
2.0,Celcius,molar,"InChI=1S/C10H22/c1-3-5-7-9-10-8-6-4-2/h3-10H2,1-2H3",InChI=1S/C3H6O/c1-3(2)4/h1-2H3,"InChI=1S/CH4O/c1-2/h2H,1H3",,0.77,0.03,0.2,
4.5,Celcius,molar,"InChI=1S/C10H22/c1-3-5-7-9-10-8-6-4-2/h3-10H2,1-2H3",InChI=1S/C3H6O/c1-3(2)4/h1-2H3,"InChI=1S/CH4O/c1-2/h2H,1H3",,0.8,0.02,0.18,
-9.5,Celcius,molar,"InChI=1S/C10H22/c1-3-5-7-9-10-8-6-4-2/h3-10H2,1-2H3",InChI=1S/C3H6O/c1-3(2)4/h1-2H3,"InChI=1S/CH4O/c1-2/h2H,1H3",,0.8,0.12,0.08,
-11.4,Celcius,molar,"InChI=1S/C10H22/c1-3-5-7-9-10-8-6-4-2/h3-10H2,1-2H3",InChI=1S/C3H6O/c1-3(2)4/h1-2H3,"InChI=1S/CH4O/c1-2/h2H,1H3",,0.8,0.14,0.06,
-13.8,Celcius,molar,"InChI=1S/C10H22/c1-3-5-7-9-10-8-6-4-2/h3-10H2,1-2H3",InChI=1S/C3H6O/c1-3(2)4/h1-2H3,"InChI=1S/CH4O/c1-2/h2H,1H3",,0.816,0.166,0.018,
-5.8,Celcius,molar,"InChI=1S/C10H22/c1-3-5-7-9-10-8-6-4-2/h3-10H2,1-2H3",InChI=1S/C3H6O/c1-3(2)4/h1-2H3,"InChI=1S/CH4O/c1-2/h2H,1H3",,0.82,0.08,0.1,
-12.4,Celcius,molar,"InChI=1S/C10H22/c1-3-5-7-9-10-8-6-4-2/h3-10H2,1-2H3",InChI=1S/C3H6O/c1-3(2)4/h1-2H3,"InChI=1S/CH4O/c1-2/h2H,1H3",,0.834,0.134,0.032,
-9.5,Celcius,molar,"InChI=1S/C10H22/c1-3-5-7-9-10-8-6-4-2/h3-10H2,1-2H3",InChI=1S/C3H6O/c1-3(2)4/h1-2H3,"InChI=1S/CH4O/c1-2/h2H,1H3",,0.859,0.097,0.044,
5.5,Celcius,molar,"InChI=1S/C10H22/c1-3-5-7-9-10-8-6-4-2/h3-10H2,1-2H3",InChI=1S/C3H6O/c1-3(2)4/h1-2H3,"InChI=1S/CH4O/c1-2/h2H,1H3",,0.87,0.02,0.11,
1.5,Celcius,molar,"InChI=1S/C10H22/c1-3-5-7-9-10-8-6-4-2/h3-10H2,1-2H3",InChI=1S/C3H6O/c1-3(2)4/h1-2H3,"InChI=1S/CH4O/c1-2/h2H,1H3",,0.87,0.03,0.1,
8.5,Celcius,molar,"InChI=1S/C10H22/c1-3-5-7-9-10-8-6-4-2/h3-10H2,1-2H3",InChI=1S/C3H6O/c1-3(2)4/h1-2H3,"InChI=1S/CH4O/c1-2/h2H,1H3",,0.95,0.025,0.025,
-18.5,Celcius,molar,"InChI=1S/C10H22/c1-3-5-7-9-10-8-6-4-2/h3-10H2,1-2H3",InChI=1S/C3H6O/c1-3(2)4/h1-2H3,,,0.01,0.99,,
-19.2,Celcius,molar,"InChI=1S/C10H22/c1-3-5-7-9-10-8-6-4-2/h3-10H2,1-2H3",InChI=1S/C3H6O/c1-3(2)4/h1-2H3,,,0.02,0.98,,
-19.9,Celcius,molar,"InChI=1S/C10H22/c1-3-5-7-9-10-8-6-4-2/h3-10H2,1-2H3",InChI=1S/C3H6O/c1-3(2)4/h1-2H3,,,0.03,0.97,,
-18.6,Celcius,molar,"InChI=1S/C10H22/c1-3-5-7-9-10-8-6-4-2/h3-10H2,1-2H3",InChI=1S/C3H6O/c1-3(2)4/h1-2H3,,,0.05,0.95,,
-18.6,Celcius,molar,"InChI=1S/C10H22/c1-3-5-7-9-10-8-6-4-2/h3-10H2,1-2H3",InChI=1S/C3H6O/c1-3(2)4/h1-2H3,,,0.07,0.93,,
-18.4,Celcius,molar,"InChI=1S/C10H22/c1-3-5-7-9-10-8-6-4-2/h3-10H2,1-2H3",InChI=1S/C3H6O/c1-3(2)4/h1-2H3,,,0.1,0.9,,
-18.6,Celcius,molar,"InChI=1S/C10H22/c1-3-5-7-9-10-8-6-4-2/h3-10H2,1-2H3",InChI=1S/C3H6O/c1-3(2)4/h1-2H3,,,0.12,0.88,,
-18.3,Celcius,molar,"InChI=1S/C10H22/c1-3-5-7-9-10-8-6-4-2/h3-10H2,1-2H3",InChI=1S/C3H6O/c1-3(2)4/h1-2H3,,,0.13,0.87,,
-18.5,Celcius,molar,"InChI=1S/C10H22/c1-3-5-7-9-10-8-6-4-2/h3-10H2,1-2H3",InChI=1S/C3H6O/c1-3(2)4/h1-2H3,,,0.15,0.85,,
-18.2,Celcius,molar,"InChI=1S/C10H22/c1-3-5-7-9-10-8-6-4-2/h3-10H2,1-2H3",InChI=1S/C3H6O/c1-3(2)4/h1-2H3,,,0.2,0.8,,
-17.9,Celcius,molar,"InChI=1S/C10H22/c1-3-5-7-9-10-8-6-4-2/h3-10H2,1-2H3",InChI=1S/C3H6O/c1-3(2)4/h1-2H3,,,0.22,0.78,,
-18.4,Celcius,molar,"InChI=1S/C10H22/c1-3-5-7-9-10-8-6-4-2/h3-10H2,1-2H3",InChI=1S/C3H6O/c1-3(2)4/h1-2H3,,,0.25,0.75,,
-17.8,Celcius,molar,"InChI=1S/C10H22/c1-3-5-7-9-10-8-6-4-2/h3-10H2,1-2H3",InChI=1S/C3H6O/c1-3(2)4/h1-2H3,,,0.27,0.73,,
-18.0,Celcius,molar,"InChI=1S/C10H22/c1-3-5-7-9-10-8-6-4-2/h3-10H2,1-2H3",InChI=1S/C3H6O/c1-3(2)4/h1-2H3,,,0.3,0.7,,
-17.6,Celcius,molar,"InChI=1S/C10H22/c1-3-5-7-9-10-8-6-4-2/h3-10H2,1-2H3",InChI=1S/C3H6O/c1-3(2)4/h1-2H3,,,0.4,0.6,,
-17.5,Celcius,molar,"InChI=1S/C10H22/c1-3-5-7-9-10-8-6-4-2/h3-10H2,1-2H3",InChI=1S/C3H6O/c1-3(2)4/h1-2H3,,,0.5,0.5,,
-17.5,Celcius,molar,"InChI=1S/C10H22/c1-3-5-7-9-10-8-6-4-2/h3-10H2,1-2H3",InChI=1S/C3H6O/c1-3(2)4/h1-2H3,,,0.6,0.4,,
-17.5,Celcius,molar,"InChI=1S/C10H22/c1-3-5-7-9-10-8-6-4-2/h3-10H2,1-2H3",InChI=1S/C3H6O/c1-3(2)4/h1-2H3,,,0.7,0.3,,
-14.8,Celcius,molar,"InChI=1S/C10H22/c1-3-5-7-9-10-8-6-4-2/h3-10H2,1-2H3",InChI=1S/C3H6O/c1-3(2)4/h1-2H3,,,0.8,0.2,,
-11.9,Celcius,molar,"InChI=1S/C10H22/c1-3-5-7-9-10-8-6-4-2/h3-10H2,1-2H3",InChI=1S/C3H6O/c1-3(2)4/h1-2H3,,,0.9,0.1,,
-11.6,Celcius,molar,"InChI=1S/C10H22/c1-3-5-7-9-10-8-6-4-2/h3-10H2,1-2H3",InChI=1S/C3H6O/c1-3(2)4/h1-2H3,,,0.92,0.08,,
-6.6,Celcius,molar,"InChI=1S/C10H22/c1-3-5-7-9-10-8-6-4-2/h3-10H2,1-2H3",InChI=1S/C3H6O/c1-3(2)4/h1-2H3,,,0.93,0.07,,
-0.7,Celcius,molar,"InChI=1S/C10H22/c1-3-5-7-9-10-8-6-4-2/h3-10H2,1-2H3",InChI=1S/C3H6O/c1-3(2)4/h1-2H3,,,0.95,0.05,,
11.9,Celcius,molar,"InChI=1S/C10H22/c1-3-5-7-9-10-8-6-4-2/h3-10H2,1-2H3",InChI=1S/C3H6O/c1-3(2)4/h1-2H3,,,0.97,0.03,,
21.3,Celcius,molar,"InChI=1S/C10H22/c1-3-5-7-9-10-8-6-4-2/h3-10H2,1-2H3",InChI=1S/C3H6O/c1-3(2)4/h1-2H3,,,0.98,0.02,,
27.7,Celcius,molar,"InChI=1S/C10H22/c1-3-5-7-9-10-8-6-4-2/h3-10H2,1-2H3",InChI=1S/C3H6O/c1-3(2)4/h1-2H3,,,0.99,0.01,,
41.9,Celcius,molar,"InChI=1S/C10H22/c1-3-5-7-9-10-8-6-4-2/h3-10H2,1-2H3",InChI=1S/C3H6O/c1-3(2)4/h1-2H3,,,0.995,0.005,,
117.0,Celcius,molar,"InChI=1S/C12H18/c1-2-3-4-6-9-12-10-7-5-8-11-12/h5,7-8,10-11H,2-4,6,9H2,1H3","InChI=1S/C16H34/c1-3-5-7-9-11-13-15-16-14-12-10-8-6-4-2/h3-16H2,1-2H3",,,0.134,0.866,,
108.0,Celcius,molar,"InChI=1S/C12H18/c1-2-3-4-6-9-12-10-7-5-8-11-12/h5,7-8,10-11H,2-4,6,9H2,1H3","InChI=1S/C16H34/c1-3-5-7-9-11-13-15-16-14-12-10-8-6-4-2/h3-16H2,1-2H3",,,0.259,0.741,,
104.0,Celcius,molar,"InChI=1S/C12H18/c1-2-3-4-6-9-12-10-7-5-8-11-12/h5,7-8,10-11H,2-4,6,9H2,1H3","InChI=1S/C16H34/c1-3-5-7-9-11-13-15-16-14-12-10-8-6-4-2/h3-16H2,1-2H3",,,0.374,0.626,,
100.0,Celcius,molar,"InChI=1S/C12H18/c1-2-3-4-6-9-12-10-7-5-8-11-12/h5,7-8,10-11H,2-4,6,9H2,1H3","InChI=1S/C16H34/c1-3-5-7-9-11-13-15-16-14-12-10-8-6-4-2/h3-16H2,1-2H3",,,0.482,0.518,,
97.0,Celcius,molar,"InChI=1S/C12H18/c1-2-3-4-6-9-12-10-7-5-8-11-12/h5,7-8,10-11H,2-4,6,9H2,1H3","InChI=1S/C16H34/c1-3-5-7-9-11-13-15-16-14-12-10-8-6-4-2/h3-16H2,1-2H3",,,0.582,0.418,,
95.0,Celcius,molar,"InChI=1S/C12H18/c1-2-3-4-6-9-12-10-7-5-8-11-12/h5,7-8,10-11H,2-4,6,9H2,1H3","InChI=1S/C16H34/c1-3-5-7-9-11-13-15-16-14-12-10-8-6-4-2/h3-16H2,1-2H3",,,0.675,0.325,,
92.0,Celcius,molar,"InChI=1S/C12H18/c1-2-3-4-6-9-12-10-7-5-8-11-12/h5,7-8,10-11H,2-4,6,9H2,1H3","InChI=1S/C16H34/c1-3-5-7-9-11-13-15-16-14-12-10-8-6-4-2/h3-16H2,1-2H3",,,0.765,0.235,,
90.0,Celcius,molar,"InChI=1S/C12H18/c1-2-3-4-6-9-12-10-7-5-8-11-12/h5,7-8,10-11H,2-4,6,9H2,1H3","InChI=1S/C16H34/c1-3-5-7-9-11-13-15-16-14-12-10-8-6-4-2/h3-16H2,1-2H3",,,0.848,0.152,,
89.0,Celcius,molar,"InChI=1S/C12H18/c1-2-3-4-6-9-12-10-7-5-8-11-12/h5,7-8,10-11H,2-4,6,9H2,1H3","InChI=1S/C16H34/c1-3-5-7-9-11-13-15-16-14-12-10-8-6-4-2/h3-16H2,1-2H3",,,0.926,0.074,,
157.6,Celcius,molar,"InChI=1S/C12H24O2/c1-3-5-6-7-8-9-10-11-12(13)14-4-2/h3-11H2,1-2H3","InChI=1S/C20H40O2/c1-3-5-6-7-8-9-10-11-12-13-14-15-16-17-18-19-20(21)22-4-2/h3-19H2,1-2H3",,,0.093,0.907,,
141.9,Celcius,molar,"InChI=1S/C12H24O2/c1-3-5-6-7-8-9-10-11-12(13)14-4-2/h3-11H2,1-2H3","InChI=1S/C20H40O2/c1-3-5-6-7-8-9-10-11-12-13-14-15-16-17-18-19-20(21)22-4-2/h3-19H2,1-2H3",,,0.2,0.8,,
124.5,Celcius,molar,"InChI=1S/C12H24O2/c1-3-5-6-7-8-9-10-11-12(13)14-4-2/h3-11H2,1-2H3","InChI=1S/C20H40O2/c1-3-5-6-7-8-9-10-11-12-13-14-15-16-17-18-19-20(21)22-4-2/h3-19H2,1-2H3",,,0.4,0.6,,
118.3,Celcius,molar,"InChI=1S/C12H24O2/c1-3-5-6-7-8-9-10-11-12(13)14-4-2/h3-11H2,1-2H3","InChI=1S/C20H40O2/c1-3-5-6-7-8-9-10-11-12-13-14-15-16-17-18-19-20(21)22-4-2/h3-19H2,1-2H3",,,0.582,0.418,,
112.0,Celcius,molar,"InChI=1S/C12H24O2/c1-3-5-6-7-8-9-10-11-12(13)14-4-2/h3-11H2,1-2H3","InChI=1S/C20H40O2/c1-3-5-6-7-8-9-10-11-12-13-14-15-16-17-18-19-20(21)22-4-2/h3-19H2,1-2H3",,,0.8,0.2,,
39.85000000000002,Celcius,molar,"InChI=1S/C12H26/c1-10(8-11(2,3)4)9-12(5,6)7/h10H,8-9H2,1-7H3","InChI=1S/C9H12/c1-2-6-9-7-4-3-5-8-9/h3-5,7-8H,2,6H2,1H3",,,0.1,0.9,,
39.85000000000002,Celcius,molar,"InChI=1S/C12H26/c1-10(8-11(2,3)4)9-12(5,6)7/h10H,8-9H2,1-7H3","InChI=1S/C9H12/c1-2-6-9-7-4-3-5-8-9/h3-5,7-8H,2,6H2,1H3",,,0.2,0.8,,
39.85000000000002,Celcius,molar,"InChI=1S/C12H26/c1-10(8-11(2,3)4)9-12(5,6)7/h10H,8-9H2,1-7H3","InChI=1S/C9H12/c1-2-6-9-7-4-3-5-8-9/h3-5,7-8H,2,6H2,1H3",,,0.3,0.7,,
39.85000000000002,Celcius,molar,"InChI=1S/C12H26/c1-10(8-11(2,3)4)9-12(5,6)7/h10H,8-9H2,1-7H3","InChI=1S/C9H12/c1-2-6-9-7-4-3-5-8-9/h3-5,7-8H,2,6H2,1H3",,,0.4,0.6,,
40.85000000000002,Celcius,molar,"InChI=1S/C12H26/c1-10(8-11(2,3)4)9-12(5,6)7/h10H,8-9H2,1-7H3","InChI=1S/C9H12/c1-2-6-9-7-4-3-5-8-9/h3-5,7-8H,2,6H2,1H3",,,0.502,0.498,,
41.85000000000002,Celcius,molar,"InChI=1S/C12H26/c1-10(8-11(2,3)4)9-12(5,6)7/h10H,8-9H2,1-7H3","InChI=1S/C9H12/c1-2-6-9-7-4-3-5-8-9/h3-5,7-8H,2,6H2,1H3",,,0.6,0.4,,
41.85000000000002,Celcius,molar,"InChI=1S/C12H26/c1-10(8-11(2,3)4)9-12(5,6)7/h10H,8-9H2,1-7H3","InChI=1S/C9H12/c1-2-6-9-7-4-3-5-8-9/h3-5,7-8H,2,6H2,1H3",,,0.699,0.301,,
42.85000000000002,Celcius,molar,"InChI=1S/C12H26/c1-10(8-11(2,3)4)9-12(5,6)7/h10H,8-9H2,1-7H3","InChI=1S/C9H12/c1-2-6-9-7-4-3-5-8-9/h3-5,7-8H,2,6H2,1H3",,,0.8,0.2,,
43.85000000000002,Celcius,molar,"InChI=1S/C12H26/c1-10(8-11(2,3)4)9-12(5,6)7/h10H,8-9H2,1-7H3","InChI=1S/C9H12/c1-2-6-9-7-4-3-5-8-9/h3-5,7-8H,2,6H2,1H3",,,0.899,0.101,,
48.85000000000002,Celcius,molar,"InChI=1S/C12H26/c1-10(8-11(2,3)4)9-12(5,6)7/h10H,8-9H2,1-7H3","InChI=1S/C9H12/c1-7-4-5-8(2)9(3)6-7/h4-6H,1-3H3",,,0.101,0.899,,
47.85000000000002,Celcius,molar,"InChI=1S/C12H26/c1-10(8-11(2,3)4)9-12(5,6)7/h10H,8-9H2,1-7H3","InChI=1S/C9H12/c1-7-4-5-8(2)9(3)6-7/h4-6H,1-3H3",,,0.2,0.8,,
46.85000000000002,Celcius,molar,"InChI=1S/C12H26/c1-10(8-11(2,3)4)9-12(5,6)7/h10H,8-9H2,1-7H3","InChI=1S/C9H12/c1-7-4-5-8(2)9(3)6-7/h4-6H,1-3H3",,,0.3,0.7,,
46.85000000000002,Celcius,molar,"InChI=1S/C12H26/c1-10(8-11(2,3)4)9-12(5,6)7/h10H,8-9H2,1-7H3","InChI=1S/C9H12/c1-7-4-5-8(2)9(3)6-7/h4-6H,1-3H3",,,0.4,0.6,,
45.85000000000002,Celcius,molar,"InChI=1S/C12H26/c1-10(8-11(2,3)4)9-12(5,6)7/h10H,8-9H2,1-7H3","InChI=1S/C9H12/c1-7-4-5-8(2)9(3)6-7/h4-6H,1-3H3",,,0.502,0.498,,
45.85000000000002,Celcius,molar,"InChI=1S/C12H26/c1-10(8-11(2,3)4)9-12(5,6)7/h10H,8-9H2,1-7H3","InChI=1S/C9H12/c1-7-4-5-8(2)9(3)6-7/h4-6H,1-3H3",,,0.6,0.4,,
45.85000000000002,Celcius,molar,"InChI=1S/C12H26/c1-10(8-11(2,3)4)9-12(5,6)7/h10H,8-9H2,1-7H3","InChI=1S/C9H12/c1-7-4-5-8(2)9(3)6-7/h4-6H,1-3H3",,,0.7,0.3,,
45.85000000000002,Celcius,molar,"InChI=1S/C12H26/c1-10(8-11(2,3)4)9-12(5,6)7/h10H,8-9H2,1-7H3","InChI=1S/C9H12/c1-7-4-5-8(2)9(3)6-7/h4-6H,1-3H3",,,0.799,0.201,,
45.85000000000002,Celcius,molar,"InChI=1S/C12H26/c1-10(8-11(2,3)4)9-12(5,6)7/h10H,8-9H2,1-7H3","InChI=1S/C9H12/c1-7-4-5-8(2)9(3)6-7/h4-6H,1-3H3",,,0.908,0.092,,
46.85000000000002,Celcius,molar,"InChI=1S/C12H26/c1-10(8-11(2,3)4)9-12(5,6)7/h10H,8-9H2,1-7H3","InChI=1S/C9H12/c1-7-4-8(2)6-9(3)5-7/h4-6H,1-3H3",,,0.1,0.9,,
45.85000000000002,Celcius,molar,"InChI=1S/C12H26/c1-10(8-11(2,3)4)9-12(5,6)7/h10H,8-9H2,1-7H3","InChI=1S/C9H12/c1-7-4-8(2)6-9(3)5-7/h4-6H,1-3H3",,,0.2,0.8,,
45.85000000000002,Celcius,molar,"InChI=1S/C12H26/c1-10(8-11(2,3)4)9-12(5,6)7/h10H,8-9H2,1-7H3","InChI=1S/C9H12/c1-7-4-8(2)6-9(3)5-7/h4-6H,1-3H3",,,0.3,0.7,,
44.85000000000002,Celcius,molar,"InChI=1S/C12H26/c1-10(8-11(2,3)4)9-12(5,6)7/h10H,8-9H2,1-7H3","InChI=1S/C9H12/c1-7-4-8(2)6-9(3)5-7/h4-6H,1-3H3",,,0.4,0.6,,
44.85000000000002,Celcius,molar,"InChI=1S/C12H26/c1-10(8-11(2,3)4)9-12(5,6)7/h10H,8-9H2,1-7H3","InChI=1S/C9H12/c1-7-4-8(2)6-9(3)5-7/h4-6H,1-3H3",,,0.502,0.498,,
44.85000000000002,Celcius,molar,"InChI=1S/C12H26/c1-10(8-11(2,3)4)9-12(5,6)7/h10H,8-9H2,1-7H3","InChI=1S/C9H12/c1-7-4-8(2)6-9(3)5-7/h4-6H,1-3H3",,,0.599,0.401,,
44.85000000000002,Celcius,molar,"InChI=1S/C12H26/c1-10(8-11(2,3)4)9-12(5,6)7/h10H,8-9H2,1-7H3","InChI=1S/C9H12/c1-7-4-8(2)6-9(3)5-7/h4-6H,1-3H3",,,0.699,0.301,,
44.85000000000002,Celcius,molar,"InChI=1S/C12H26/c1-10(8-11(2,3)4)9-12(5,6)7/h10H,8-9H2,1-7H3","InChI=1S/C9H12/c1-7-4-8(2)6-9(3)5-7/h4-6H,1-3H3",,,0.8,0.2,,
45.85000000000002,Celcius,molar,"InChI=1S/C12H26/c1-10(8-11(2,3)4)9-12(5,6)7/h10H,8-9H2,1-7H3","InChI=1S/C9H12/c1-7-4-8(2)6-9(3)5-7/h4-6H,1-3H3",,,0.9,0.1,,
63.0,Celcius,molar,"InChI=1S/C12H26/c1-3-5-7-9-11-12-10-8-6-4-2/h3-12H2,1-2H3","InChI=1S/C8H10/c1-2-8-6-4-3-5-7-8/h3-7H,2H2,1H3",,,0.921,0.079,,
68.0,Celcius,molar,"InChI=1S/C12H26/c1-3-5-7-9-11-12-10-8-6-4-2/h3-12H2,1-2H3","InChI=1S/C8H10/c1-7-3-5-8(2)6-4-7/h3-6H,1-2H3",,,0.922,0.078,,
66.0,Celcius,molar,"InChI=1S/C12H26/c1-3-5-7-9-11-12-10-8-6-4-2/h3-12H2,1-2H3","InChI=1S/C8H10/c1-7-4-3-5-8(2)6-7/h3-6H,1-2H3",,,0.921,0.079,,
67.0,Celcius,molar,"InChI=1S/C12H26/c1-3-5-7-9-11-12-10-8-6-4-2/h3-12H2,1-2H3","InChI=1S/C8H10/c1-7-5-3-4-6-8(7)2/h3-6H,1-2H3",,,0.921,0.079,,
59.19999999999999,Celcius,molar,"InChI=1S/C12H26/c1-3-5-7-9-11-12-10-8-6-4-2/h3-12H2,1-2H3","InChI=1S/C8H16/c1-7-3-5-8(2)6-4-7/h7-8H,3-6H2,1-2H3/t7-,8+",,,0.926,0.074,,
57.69999999999999,Celcius,molar,"InChI=1S/C12H26/c1-3-5-7-9-11-12-10-8-6-4-2/h3-12H2,1-2H3","InChI=1S/C8H16/c1-7-3-5-8(2)6-4-7/h7-8H,3-6H2,1-2H3/t7-,8-",,,0.926,0.074,,
62.5,Celcius,molar,"InChI=1S/C12H26/c1-3-5-7-9-11-12-10-8-6-4-2/h3-12H2,1-2H3","InChI=1S/C8H16/c1-7-5-3-4-6-8(7)2/h7-8H,3-6H2,1-2H3/t7-,8+",,,0.926,0.074,,
58.2,Celcius,molar,"InChI=1S/C12H26/c1-3-5-7-9-11-12-10-8-6-4-2/h3-12H2,1-2H3","InChI=1S/C8H16/c1-7-5-3-4-6-8(7)2/h7-8H,3-6H2,1-2H3/t7-,8-/m1/s1",,,0.926,0.074,,
60.0,Celcius,molar,"InChI=1S/C12H26/c1-3-5-7-9-11-12-10-8-6-4-2/h3-12H2,1-2H3","InChI=1S/C8H18/c1-3-5-7-8-6-4-2/h3-8H2,1-2H3",,,0.927,0.073,,
57.0,Celcius,molar,"InChI=1S/C12H26/c1-3-5-7-9-11-12-10-8-6-4-2/h3-12H2,1-2H3","InChI=1S/C8H18/c1-4-5-6-7-8(2)3/h8H,4-7H2,1-3H3",,,0.927,0.073,,
54.19999999999999,Celcius,molar,"InChI=1S/C12H26/c1-3-5-7-9-11-12-10-8-6-4-2/h3-12H2,1-2H3","InChI=1S/C8H18/c1-4-6-7-8(3)5-2/h8H,4-7H2,1-3H3",,,0.927,0.073,,
54.19999999999999,Celcius,molar,"InChI=1S/C12H26/c1-3-5-7-9-11-12-10-8-6-4-2/h3-12H2,1-2H3","InChI=1S/C8H18/c1-4-6-8(3)7-5-2/h8H,4-7H2,1-3H3",,,0.928,0.072,,
49.0,Celcius,molar,"InChI=1S/C12H26/c1-3-5-7-9-11-12-10-8-6-4-2/h3-12H2,1-2H3","InChI=1S/C8H18/c1-5-6-7-8(2,3)4/h5-7H2,1-4H3",,,0.927,0.073,,
53.69999999999999,Celcius,molar,"InChI=1S/C12H26/c1-3-5-7-9-11-12-10-8-6-4-2/h3-12H2,1-2H3","InChI=1S/C8H18/c1-5-7(3)8(4)6-2/h7-8H,5-6H2,1-4H3",,,0.928,0.072,,
51.6,Celcius,molar,"InChI=1S/C12H26/c1-3-5-7-9-11-12-10-8-6-4-2/h3-12H2,1-2H3","InChI=1S/C8H18/c1-5-7-8(3,4)6-2/h5-7H2,1-4H3",,,0.927,0.073,,
50.30000000000001,Celcius,molar,"InChI=1S/C12H26/c1-3-5-7-9-11-12-10-8-6-4-2/h3-12H2,1-2H3","InChI=1S/C8H18/c1-5-8(4)6-7(2)3/h7-8H,5-6H2,1-4H3",,,0.926,0.074,,
49.19999999999999,Celcius,molar,"InChI=1S/C12H26/c1-3-5-7-9-11-12-10-8-6-4-2/h3-12H2,1-2H3","InChI=1S/C8H18/c1-5-8(4)6-7(2)3/h7-8H,5-6H2,1-4H3",,,0.928,0.072,,
53.0,Celcius,molar,"InChI=1S/C12H26/c1-3-5-7-9-11-12-10-8-6-4-2/h3-12H2,1-2H3","InChI=1S/C8H18/c1-6(2)8(5)7(3)4/h6-8H,1-5H3",,,0.927,0.073,,
50.19999999999999,Celcius,molar,"InChI=1S/C12H26/c1-3-5-7-9-11-12-10-8-6-4-2/h3-12H2,1-2H3","InChI=1S/C8H18/c1-6-7(2)8(3,4)5/h7H,6H2,1-5H3",,,0.926,0.074,,
50.5,Celcius,molar,"InChI=1S/C12H26/c1-3-5-7-9-11-12-10-8-6-4-2/h3-12H2,1-2H3","InChI=1S/C8H18/c1-7(2)5-6-8(3)4/h7-8H,5-6H2,1-4H3",,,0.927,0.073,,
43.0,Celcius,molar,"InChI=1S/C12H26/c1-3-5-7-9-11-12-10-8-6-4-2/h3-12H2,1-2H3","InChI=1S/C8H18/c1-7(2)6-8(3,4)5/h7H,6H2,1-5H3",,,0.927,0.073,,
130.0,Celcius,molar,"InChI=1S/C14H22/c1-2-3-4-5-6-8-11-14-12-9-7-10-13-14/h7,9-10,12-13H,2-6,8,11H2,1H3","InChI=1S/C16H34/c1-3-5-7-9-11-13-15-16-14-12-10-8-6-4-2/h3-16H2,1-2H3",,,0.118,0.882,,
128.0,Celcius,molar,"InChI=1S/C14H22/c1-2-3-4-5-6-8-11-14-12-9-7-10-13-14/h7,9-10,12-13H,2-6,8,11H2,1H3","InChI=1S/C16H34/c1-3-5-7-9-11-13-15-16-14-12-10-8-6-4-2/h3-16H2,1-2H3",,,0.23,0.77,,
124.0,Celcius,molar,"InChI=1S/C14H22/c1-2-3-4-5-6-8-11-14-12-9-7-10-13-14/h7,9-10,12-13H,2-6,8,11H2,1H3","InChI=1S/C16H34/c1-3-5-7-9-11-13-15-16-14-12-10-8-6-4-2/h3-16H2,1-2H3",,,0.338,0.662,,
122.0,Celcius,molar,"InChI=1S/C14H22/c1-2-3-4-5-6-8-11-14-12-9-7-10-13-14/h7,9-10,12-13H,2-6,8,11H2,1H3","InChI=1S/C16H34/c1-3-5-7-9-11-13-15-16-14-12-10-8-6-4-2/h3-16H2,1-2H3",,,0.442,0.558,,
120.0,Celcius,molar,"InChI=1S/C14H22/c1-2-3-4-5-6-8-11-14-12-9-7-10-13-14/h7,9-10,12-13H,2-6,8,11H2,1H3","InChI=1S/C16H34/c1-3-5-7-9-11-13-15-16-14-12-10-8-6-4-2/h3-16H2,1-2H3",,,0.543,0.457,,
119.0,Celcius,molar,"InChI=1S/C14H22/c1-2-3-4-5-6-8-11-14-12-9-7-10-13-14/h7,9-10,12-13H,2-6,8,11H2,1H3","InChI=1S/C16H34/c1-3-5-7-9-11-13-15-16-14-12-10-8-6-4-2/h3-16H2,1-2H3",,,0.641,0.359,,
119.0,Celcius,molar,"InChI=1S/C14H22/c1-2-3-4-5-6-8-11-14-12-9-7-10-13-14/h7,9-10,12-13H,2-6,8,11H2,1H3","InChI=1S/C16H34/c1-3-5-7-9-11-13-15-16-14-12-10-8-6-4-2/h3-16H2,1-2H3",,,0.735,0.265,,
117.0,Celcius,molar,"InChI=1S/C14H22/c1-2-3-4-5-6-8-11-14-12-9-7-10-13-14/h7,9-10,12-13H,2-6,8,11H2,1H3","InChI=1S/C16H34/c1-3-5-7-9-11-13-15-16-14-12-10-8-6-4-2/h3-16H2,1-2H3",,,0.826,0.174,,
116.0,Celcius,molar,"InChI=1S/C14H22/c1-2-3-4-5-6-8-11-14-12-9-7-10-13-14/h7,9-10,12-13H,2-6,8,11H2,1H3","InChI=1S/C16H34/c1-3-5-7-9-11-13-15-16-14-12-10-8-6-4-2/h3-16H2,1-2H3",,,0.915,0.085,,
147.7,Celcius,molar,"InChI=1S/C14H28O2/c1-3-5-6-7-8-9-10-11-12-13-14(15)16-4-2/h3-13H2,1-2H3","InChI=1S/C16H32O2/c1-3-5-6-7-8-9-10-11-12-13-14-15-16(17)18-4-2/h3-15H2,1-2H3",,,0.102,0.898,,
144.8,Celcius,molar,"InChI=1S/C14H28O2/c1-3-5-6-7-8-9-10-11-12-13-14(15)16-4-2/h3-13H2,1-2H3","InChI=1S/C16H32O2/c1-3-5-6-7-8-9-10-11-12-13-14-15-16(17)18-4-2/h3-15H2,1-2H3",,,0.205,0.795,,
139.8,Celcius,molar,"InChI=1S/C14H28O2/c1-3-5-6-7-8-9-10-11-12-13-14(15)16-4-2/h3-13H2,1-2H3","InChI=1S/C16H32O2/c1-3-5-6-7-8-9-10-11-12-13-14-15-16(17)18-4-2/h3-15H2,1-2H3",,,0.403,0.597,,
136.2,Celcius,molar,"InChI=1S/C14H28O2/c1-3-5-6-7-8-9-10-11-12-13-14(15)16-4-2/h3-13H2,1-2H3","InChI=1S/C16H32O2/c1-3-5-6-7-8-9-10-11-12-13-14-15-16(17)18-4-2/h3-15H2,1-2H3",,,0.6,0.4,,
133.0,Celcius,molar,"InChI=1S/C14H28O2/c1-3-5-6-7-8-9-10-11-12-13-14(15)16-4-2/h3-13H2,1-2H3","InChI=1S/C16H32O2/c1-3-5-6-7-8-9-10-11-12-13-14-15-16(17)18-4-2/h3-15H2,1-2H3",,,0.8,0.2,,
161.0,Celcius,molar,"InChI=1S/C14H28O2/c1-3-5-6-7-8-9-10-11-12-13-14(15)16-4-2/h3-13H2,1-2H3","InChI=1S/C18H36O2/c1-3-5-6-7-8-9-10-11-12-13-14-15-16-17-18(19)20-4-2/h3-17H2,1-2H3",,,0.104,0.896,,
155.0,Celcius,molar,"InChI=1S/C14H28O2/c1-3-5-6-7-8-9-10-11-12-13-14(15)16-4-2/h3-13H2,1-2H3","InChI=1S/C18H36O2/c1-3-5-6-7-8-9-10-11-12-13-14-15-16-17-18(19)20-4-2/h3-17H2,1-2H3",,,0.2,0.8,,
145.5,Celcius,molar,"InChI=1S/C14H28O2/c1-3-5-6-7-8-9-10-11-12-13-14(15)16-4-2/h3-13H2,1-2H3","InChI=1S/C18H36O2/c1-3-5-6-7-8-9-10-11-12-13-14-15-16-17-18(19)20-4-2/h3-17H2,1-2H3",,,0.4,0.6,,
140.1,Celcius,molar,"InChI=1S/C14H28O2/c1-3-5-6-7-8-9-10-11-12-13-14(15)16-4-2/h3-13H2,1-2H3","InChI=1S/C18H36O2/c1-3-5-6-7-8-9-10-11-12-13-14-15-16-17-18(19)20-4-2/h3-17H2,1-2H3",,,0.602,0.398,,
135.0,Celcius,molar,"InChI=1S/C14H28O2/c1-3-5-6-7-8-9-10-11-12-13-14(15)16-4-2/h3-13H2,1-2H3","InChI=1S/C18H36O2/c1-3-5-6-7-8-9-10-11-12-13-14-15-16-17-18(19)20-4-2/h3-17H2,1-2H3",,,0.799,0.201,,
166.4,Celcius,molar,"InChI=1S/C14H28O2/c1-3-5-6-7-8-9-10-11-12-13-14(15)16-4-2/h3-13H2,1-2H3","InChI=1S/C20H40O2/c1-3-5-6-7-8-9-10-11-12-13-14-15-16-17-18-19-20(21)22-4-2/h3-19H2,1-2H3",,,0.125,0.875,,
159.3,Celcius,molar,"InChI=1S/C14H28O2/c1-3-5-6-7-8-9-10-11-12-13-14(15)16-4-2/h3-13H2,1-2H3","InChI=1S/C20H40O2/c1-3-5-6-7-8-9-10-11-12-13-14-15-16-17-18-19-20(21)22-4-2/h3-19H2,1-2H3",,,0.22,0.78,,
147.5,Celcius,molar,"InChI=1S/C14H28O2/c1-3-5-6-7-8-9-10-11-12-13-14(15)16-4-2/h3-13H2,1-2H3","InChI=1S/C20H40O2/c1-3-5-6-7-8-9-10-11-12-13-14-15-16-17-18-19-20(21)22-4-2/h3-19H2,1-2H3",,,0.4,0.6,,
140.8,Celcius,molar,"InChI=1S/C14H28O2/c1-3-5-6-7-8-9-10-11-12-13-14(15)16-4-2/h3-13H2,1-2H3","InChI=1S/C20H40O2/c1-3-5-6-7-8-9-10-11-12-13-14-15-16-17-18-19-20(21)22-4-2/h3-19H2,1-2H3",,,0.594,0.406,,
135.3,Celcius,molar,"InChI=1S/C14H28O2/c1-3-5-6-7-8-9-10-11-12-13-14(15)16-4-2/h3-13H2,1-2H3","InChI=1S/C20H40O2/c1-3-5-6-7-8-9-10-11-12-13-14-15-16-17-18-19-20(21)22-4-2/h3-19H2,1-2H3",,,0.79,0.21,,
167.0,Celcius,molar,"InChI=1S/C16H32O2/c1-3-5-6-7-8-9-10-11-12-13-14-15-16(17)18-4-2/h3-15H2,1-2H3","InChI=1S/C18H36O2/c1-3-5-6-7-8-9-10-11-12-13-14-15-16-17-18(19)20-4-2/h3-17H2,1-2H3",,,0.104,0.896,,
165.0,Celcius,molar,"InChI=1S/C16H32O2/c1-3-5-6-7-8-9-10-11-12-13-14-15-16(17)18-4-2/h3-15H2,1-2H3","InChI=1S/C18H36O2/c1-3-5-6-7-8-9-10-11-12-13-14-15-16-17-18(19)20-4-2/h3-17H2,1-2H3",,,0.2,0.8,,
160.2,Celcius,molar,"InChI=1S/C16H32O2/c1-3-5-6-7-8-9-10-11-12-13-14-15-16(17)18-4-2/h3-15H2,1-2H3","InChI=1S/C18H36O2/c1-3-5-6-7-8-9-10-11-12-13-14-15-16-17-18(19)20-4-2/h3-17H2,1-2H3",,,0.4,0.6,,
156.9,Celcius,molar,"InChI=1S/C16H32O2/c1-3-5-6-7-8-9-10-11-12-13-14-15-16(17)18-4-2/h3-15H2,1-2H3","InChI=1S/C18H36O2/c1-3-5-6-7-8-9-10-11-12-13-14-15-16-17-18(19)20-4-2/h3-17H2,1-2H3",,,0.6,0.4,,
153.5,Celcius,molar,"InChI=1S/C16H32O2/c1-3-5-6-7-8-9-10-11-12-13-14-15-16(17)18-4-2/h3-15H2,1-2H3","InChI=1S/C18H36O2/c1-3-5-6-7-8-9-10-11-12-13-14-15-16-17-18(19)20-4-2/h3-17H2,1-2H3",,,0.8,0.2,,
174.4,Celcius,molar,"InChI=1S/C16H32O2/c1-3-5-6-7-8-9-10-11-12-13-14-15-16(17)18-4-2/h3-15H2,1-2H3","InChI=1S/C20H40O2/c1-3-5-6-7-8-9-10-11-12-13-14-15-16-17-18-19-20(21)22-4-2/h3-19H2,1-2H3",,,0.181,0.819,,
170.74,Celcius,molar,"InChI=1S/C16H32O2/c1-3-5-6-7-8-9-10-11-12-13-14-15-16(17)18-4-2/h3-15H2,1-2H3","InChI=1S/C20H40O2/c1-3-5-6-7-8-9-10-11-12-13-14-15-16-17-18-19-20(21)22-4-2/h3-19H2,1-2H3",,,0.262,0.738,,
165.8,Celcius,molar,"InChI=1S/C16H32O2/c1-3-5-6-7-8-9-10-11-12-13-14-15-16(17)18-4-2/h3-15H2,1-2H3","InChI=1S/C20H40O2/c1-3-5-6-7-8-9-10-11-12-13-14-15-16-17-18-19-20(21)22-4-2/h3-19H2,1-2H3",,,0.403,0.597,,
157.8,Celcius,molar,"InChI=1S/C16H32O2/c1-3-5-6-7-8-9-10-11-12-13-14-15-16(17)18-4-2/h3-15H2,1-2H3","InChI=1S/C20H40O2/c1-3-5-6-7-8-9-10-11-12-13-14-15-16-17-18-19-20(21)22-4-2/h3-19H2,1-2H3",,,0.643,0.357,,
154.7,Celcius,molar,"InChI=1S/C16H32O2/c1-3-5-6-7-8-9-10-11-12-13-14-15-16(17)18-4-2/h3-15H2,1-2H3","InChI=1S/C20H40O2/c1-3-5-6-7-8-9-10-11-12-13-14-15-16-17-18-19-20(21)22-4-2/h3-19H2,1-2H3",,,0.813,0.187,,
156.0,Celcius,molar,"InChI=1S/C16H34/c1-3-5-7-9-11-13-15-16-14-12-10-8-6-4-2/h3-16H2,1-2H3","InChI=1S/C18H30/c1-2-3-4-5-6-7-8-9-10-12-15-18-16-13-11-14-17-18/h11,13-14,16-17H,2-10,12,15H2,1H3",,,0.108,0.892,,
151.0,Celcius,molar,"InChI=1S/C16H34/c1-3-5-7-9-11-13-15-16-14-12-10-8-6-4-2/h3-16H2,1-2H3","InChI=1S/C18H30/c1-2-3-4-5-6-7-8-9-10-12-15-18-16-13-11-14-17-18/h11,13-14,16-17H,2-10,12,15H2,1H3",,,0.214,0.786,,
148.0,Celcius,molar,"InChI=1S/C16H34/c1-3-5-7-9-11-13-15-16-14-12-10-8-6-4-2/h3-16H2,1-2H3","InChI=1S/C18H30/c1-2-3-4-5-6-7-8-9-10-12-15-18-16-13-11-14-17-18/h11,13-14,16-17H,2-10,12,15H2,1H3",,,0.318,0.682,,
144.0,Celcius,molar,"InChI=1S/C16H34/c1-3-5-7-9-11-13-15-16-14-12-10-8-6-4-2/h3-16H2,1-2H3","InChI=1S/C18H30/c1-2-3-4-5-6-7-8-9-10-12-15-18-16-13-11-14-17-18/h11,13-14,16-17H,2-10,12,15H2,1H3",,,0.421,0.579,,
142.0,Celcius,molar,"InChI=1S/C16H34/c1-3-5-7-9-11-13-15-16-14-12-10-8-6-4-2/h3-16H2,1-2H3","InChI=1S/C18H30/c1-2-3-4-5-6-7-8-9-10-12-15-18-16-13-11-14-17-18/h11,13-14,16-17H,2-10,12,15H2,1H3",,,0.521,0.479,,
139.0,Celcius,molar,"InChI=1S/C16H34/c1-3-5-7-9-11-13-15-16-14-12-10-8-6-4-2/h3-16H2,1-2H3","InChI=1S/C18H30/c1-2-3-4-5-6-7-8-9-10-12-15-18-16-13-11-14-17-18/h11,13-14,16-17H,2-10,12,15H2,1H3",,,0.62,0.38,,
137.0,Celcius,molar,"InChI=1S/C16H34/c1-3-5-7-9-11-13-15-16-14-12-10-8-6-4-2/h3-16H2,1-2H3","InChI=1S/C18H30/c1-2-3-4-5-6-7-8-9-10-12-15-18-16-13-11-14-17-18/h11,13-14,16-17H,2-10,12,15H2,1H3",,,0.717,0.283,,
136.0,Celcius,molar,"InChI=1S/C16H34/c1-3-5-7-9-11-13-15-16-14-12-10-8-6-4-2/h3-16H2,1-2H3","InChI=1S/C18H30/c1-2-3-4-5-6-7-8-9-10-12-15-18-16-13-11-14-17-18/h11,13-14,16-17H,2-10,12,15H2,1H3",,,0.813,0.187,,
134.0,Celcius,molar,"InChI=1S/C16H34/c1-3-5-7-9-11-13-15-16-14-12-10-8-6-4-2/h3-16H2,1-2H3","InChI=1S/C18H30/c1-2-3-4-5-6-7-8-9-10-12-15-18-16-13-11-14-17-18/h11,13-14,16-17H,2-10,12,15H2,1H3",,,0.907,0.093,,
36.85,Celcius,molar,"InChI=1S/C2H4O2/c1-2(3)4/h1H3,(H,3,4)","InChI=1S/C4H10O/c1-2-3-4-5/h5H,2-4H2,1H3","InChI=1S/C7H14O2/c1-3-5-7(8)9-6-4-2/h3-6H2,1-2H3",,0.1,0.1,0.8,
36.05,Celcius,molar,"InChI=1S/C2H4O2/c1-2(3)4/h1H3,(H,3,4)","InChI=1S/C4H10O/c1-2-3-4-5/h5H,2-4H2,1H3","InChI=1S/C7H14O2/c1-3-5-7(8)9-6-4-2/h3-6H2,1-2H3",,0.1,0.2,0.7,
35.73,Celcius,molar,"InChI=1S/C2H4O2/c1-2(3)4/h1H3,(H,3,4)","InChI=1S/C4H10O/c1-2-3-4-5/h5H,2-4H2,1H3","InChI=1S/C7H14O2/c1-3-5-7(8)9-6-4-2/h3-6H2,1-2H3",,0.1,0.3,0.6,
35.23,Celcius,molar,"InChI=1S/C2H4O2/c1-2(3)4/h1H3,(H,3,4)","InChI=1S/C4H10O/c1-2-3-4-5/h5H,2-4H2,1H3","InChI=1S/C7H14O2/c1-3-5-7(8)9-6-4-2/h3-6H2,1-2H3",,0.1,0.4,0.5,
34.55,Celcius,molar,"InChI=1S/C2H4O2/c1-2(3)4/h1H3,(H,3,4)","InChI=1S/C4H10O/c1-2-3-4-5/h5H,2-4H2,1H3","InChI=1S/C7H14O2/c1-3-5-7(8)9-6-4-2/h3-6H2,1-2H3",,0.1,0.5,0.4,
34.8,Celcius,molar,"InChI=1S/C2H4O2/c1-2(3)4/h1H3,(H,3,4)","InChI=1S/C4H10O/c1-2-3-4-5/h5H,2-4H2,1H3","InChI=1S/C7H14O2/c1-3-5-7(8)9-6-4-2/h3-6H2,1-2H3",,0.1,0.6,0.3,
35.1,Celcius,molar,"InChI=1S/C2H4O2/c1-2(3)4/h1H3,(H,3,4)","InChI=1S/C4H10O/c1-2-3-4-5/h5H,2-4H2,1H3","InChI=1S/C7H14O2/c1-3-5-7(8)9-6-4-2/h3-6H2,1-2H3",,0.1,0.7,0.2,
35.78,Celcius,molar,"InChI=1S/C2H4O2/c1-2(3)4/h1H3,(H,3,4)","InChI=1S/C4H10O/c1-2-3-4-5/h5H,2-4H2,1H3","InChI=1S/C7H14O2/c1-3-5-7(8)9-6-4-2/h3-6H2,1-2H3",,0.1,0.8,0.1,
37.68,Celcius,molar,"InChI=1S/C2H4O2/c1-2(3)4/h1H3,(H,3,4)","InChI=1S/C4H10O/c1-2-3-4-5/h5H,2-4H2,1H3","InChI=1S/C7H14O2/c1-3-5-7(8)9-6-4-2/h3-6H2,1-2H3",,0.2,0.1,0.7,
37.0,Celcius,molar,"InChI=1S/C2H4O2/c1-2(3)4/h1H3,(H,3,4)","InChI=1S/C4H10O/c1-2-3-4-5/h5H,2-4H2,1H3","InChI=1S/C7H14O2/c1-3-5-7(8)9-6-4-2/h3-6H2,1-2H3",,0.2,0.2,0.6,
36.7,Celcius,molar,"InChI=1S/C2H4O2/c1-2(3)4/h1H3,(H,3,4)","InChI=1S/C4H10O/c1-2-3-4-5/h5H,2-4H2,1H3","InChI=1S/C7H14O2/c1-3-5-7(8)9-6-4-2/h3-6H2,1-2H3",,0.2,0.3,0.5,
36.43,Celcius,molar,"InChI=1S/C2H4O2/c1-2(3)4/h1H3,(H,3,4)","InChI=1S/C4H10O/c1-2-3-4-5/h5H,2-4H2,1H3","InChI=1S/C7H14O2/c1-3-5-7(8)9-6-4-2/h3-6H2,1-2H3",,0.2,0.4,0.4,
36.33,Celcius,molar,"InChI=1S/C2H4O2/c1-2(3)4/h1H3,(H,3,4)","InChI=1S/C4H10O/c1-2-3-4-5/h5H,2-4H2,1H3","InChI=1S/C7H14O2/c1-3-5-7(8)9-6-4-2/h3-6H2,1-2H3",,0.2,0.5,0.3,
36.6,Celcius,molar,"InChI=1S/C2H4O2/c1-2(3)4/h1H3,(H,3,4)","InChI=1S/C4H10O/c1-2-3-4-5/h5H,2-4H2,1H3","InChI=1S/C7H14O2/c1-3-5-7(8)9-6-4-2/h3-6H2,1-2H3",,0.2,0.6,0.2,
37.73,Celcius,molar,"InChI=1S/C2H4O2/c1-2(3)4/h1H3,(H,3,4)","InChI=1S/C4H10O/c1-2-3-4-5/h5H,2-4H2,1H3","InChI=1S/C7H14O2/c1-3-5-7(8)9-6-4-2/h3-6H2,1-2H3",,0.2,0.7,0.1,
38.1,Celcius,molar,"InChI=1S/C2H4O2/c1-2(3)4/h1H3,(H,3,4)","InChI=1S/C4H10O/c1-2-3-4-5/h5H,2-4H2,1H3","InChI=1S/C7H14O2/c1-3-5-7(8)9-6-4-2/h3-6H2,1-2H3",,0.3,0.1,0.6,
37.33,Celcius,molar,"InChI=1S/C2H4O2/c1-2(3)4/h1H3,(H,3,4)","InChI=1S/C4H10O/c1-2-3-4-5/h5H,2-4H2,1H3","InChI=1S/C7H14O2/c1-3-5-7(8)9-6-4-2/h3-6H2,1-2H3",,0.3,0.2,0.5,
37.73,Celcius,molar,"InChI=1S/C2H4O2/c1-2(3)4/h1H3,(H,3,4)","InChI=1S/C4H10O/c1-2-3-4-5/h5H,2-4H2,1H3","InChI=1S/C7H14O2/c1-3-5-7(8)9-6-4-2/h3-6H2,1-2H3",,0.3,0.3,0.4,
37.4,Celcius,molar,"InChI=1S/C2H4O2/c1-2(3)4/h1H3,(H,3,4)","InChI=1S/C4H10O/c1-2-3-4-5/h5H,2-4H2,1H3","InChI=1S/C7H14O2/c1-3-5-7(8)9-6-4-2/h3-6H2,1-2H3",,0.3,0.4,0.3,
37.83,Celcius,molar,"InChI=1S/C2H4O2/c1-2(3)4/h1H3,(H,3,4)","InChI=1S/C4H10O/c1-2-3-4-5/h5H,2-4H2,1H3","InChI=1S/C7H14O2/c1-3-5-7(8)9-6-4-2/h3-6H2,1-2H3",,0.3,0.5,0.2,
38.73,Celcius,molar,"InChI=1S/C2H4O2/c1-2(3)4/h1H3,(H,3,4)","InChI=1S/C4H10O/c1-2-3-4-5/h5H,2-4H2,1H3","InChI=1S/C7H14O2/c1-3-5-7(8)9-6-4-2/h3-6H2,1-2H3",,0.3,0.6,0.1,
38.4,Celcius,molar,"InChI=1S/C2H4O2/c1-2(3)4/h1H3,(H,3,4)","InChI=1S/C4H10O/c1-2-3-4-5/h5H,2-4H2,1H3","InChI=1S/C7H14O2/c1-3-5-7(8)9-6-4-2/h3-6H2,1-2H3",,0.4,0.1,0.5,
38.45,Celcius,molar,"InChI=1S/C2H4O2/c1-2(3)4/h1H3,(H,3,4)","InChI=1S/C4H10O/c1-2-3-4-5/h5H,2-4H2,1H3","InChI=1S/C7H14O2/c1-3-5-7(8)9-6-4-2/h3-6H2,1-2H3",,0.4,0.2,0.4,
38.45,Celcius,molar,"InChI=1S/C2H4O2/c1-2(3)4/h1H3,(H,3,4)","InChI=1S/C4H10O/c1-2-3-4-5/h5H,2-4H2,1H3","InChI=1S/C7H14O2/c1-3-5-7(8)9-6-4-2/h3-6H2,1-2H3",,0.4,0.3,0.3,
38.5,Celcius,molar,"InChI=1S/C2H4O2/c1-2(3)4/h1H3,(H,3,4)","InChI=1S/C4H10O/c1-2-3-4-5/h5H,2-4H2,1H3","InChI=1S/C7H14O2/c1-3-5-7(8)9-6-4-2/h3-6H2,1-2H3",,0.4,0.4,0.2,
39.73,Celcius,molar,"InChI=1S/C2H4O2/c1-2(3)4/h1H3,(H,3,4)","InChI=1S/C4H10O/c1-2-3-4-5/h5H,2-4H2,1H3","InChI=1S/C7H14O2/c1-3-5-7(8)9-6-4-2/h3-6H2,1-2H3",,0.4,0.5,0.1,
38.5,Celcius,molar,"InChI=1S/C2H4O2/c1-2(3)4/h1H3,(H,3,4)","InChI=1S/C4H10O/c1-2-3-4-5/h5H,2-4H2,1H3","InChI=1S/C7H14O2/c1-3-5-7(8)9-6-4-2/h3-6H2,1-2H3",,0.5,0.1,0.4,
38.8,Celcius,molar,"InChI=1S/C2H4O2/c1-2(3)4/h1H3,(H,3,4)","InChI=1S/C4H10O/c1-2-3-4-5/h5H,2-4H2,1H3","InChI=1S/C7H14O2/c1-3-5-7(8)9-6-4-2/h3-6H2,1-2H3",,0.5,0.2,0.3,
39.2,Celcius,molar,"InChI=1S/C2H4O2/c1-2(3)4/h1H3,(H,3,4)","InChI=1S/C4H10O/c1-2-3-4-5/h5H,2-4H2,1H3","InChI=1S/C7H14O2/c1-3-5-7(8)9-6-4-2/h3-6H2,1-2H3",,0.5,0.3,0.2,
40.1,Celcius,molar,"InChI=1S/C2H4O2/c1-2(3)4/h1H3,(H,3,4)","InChI=1S/C4H10O/c1-2-3-4-5/h5H,2-4H2,1H3","InChI=1S/C7H14O2/c1-3-5-7(8)9-6-4-2/h3-6H2,1-2H3",,0.5,0.4,0.1,
38.5,Celcius,molar,"InChI=1S/C2H4O2/c1-2(3)4/h1H3,(H,3,4)","InChI=1S/C4H10O/c1-2-3-4-5/h5H,2-4H2,1H3","InChI=1S/C7H14O2/c1-3-5-7(8)9-6-4-2/h3-6H2,1-2H3",,0.6,0.1,0.3,
38.95,Celcius,molar,"InChI=1S/C2H4O2/c1-2(3)4/h1H3,(H,3,4)","InChI=1S/C4H10O/c1-2-3-4-5/h5H,2-4H2,1H3","InChI=1S/C7H14O2/c1-3-5-7(8)9-6-4-2/h3-6H2,1-2H3",,0.6,0.2,0.2,
39.98,Celcius,molar,"InChI=1S/C2H4O2/c1-2(3)4/h1H3,(H,3,4)","InChI=1S/C4H10O/c1-2-3-4-5/h5H,2-4H2,1H3","InChI=1S/C7H14O2/c1-3-5-7(8)9-6-4-2/h3-6H2,1-2H3",,0.6,0.3,0.1,
38.7,Celcius,molar,"InChI=1S/C2H4O2/c1-2(3)4/h1H3,(H,3,4)","InChI=1S/C4H10O/c1-2-3-4-5/h5H,2-4H2,1H3","InChI=1S/C7H14O2/c1-3-5-7(8)9-6-4-2/h3-6H2,1-2H3",,0.7,0.1,0.2,
40.03,Celcius,molar,"InChI=1S/C2H4O2/c1-2(3)4/h1H3,(H,3,4)","InChI=1S/C4H10O/c1-2-3-4-5/h5H,2-4H2,1H3","InChI=1S/C7H14O2/c1-3-5-7(8)9-6-4-2/h3-6H2,1-2H3",,0.7,0.2,0.1,
39.5,Celcius,molar,"InChI=1S/C2H4O2/c1-2(3)4/h1H3,(H,3,4)","InChI=1S/C4H10O/c1-2-3-4-5/h5H,2-4H2,1H3","InChI=1S/C7H14O2/c1-3-5-7(8)9-6-4-2/h3-6H2,1-2H3",,0.8,0.1,0.1,
22.6,Celcius,molar,"InChI=1S/C2H4O2/c1-2(3)4/h1H3,(H,3,4)","InChI=1S/C4H10O/c1-2-3-4-5/h5H,2-4H2,1H3","InChI=1S/C8H10/c1-2-8-6-4-3-5-7-8/h3-7H,2H2,1H3",,0.1,0.2,0.7,
22.35,Celcius,molar,"InChI=1S/C2H4O2/c1-2(3)4/h1H3,(H,3,4)","InChI=1S/C4H10O/c1-2-3-4-5/h5H,2-4H2,1H3","InChI=1S/C8H10/c1-2-8-6-4-3-5-7-8/h3-7H,2H2,1H3",,0.1,0.3,0.6,
22.75,Celcius,molar,"InChI=1S/C2H4O2/c1-2(3)4/h1H3,(H,3,4)","InChI=1S/C4H10O/c1-2-3-4-5/h5H,2-4H2,1H3","InChI=1S/C8H10/c1-2-8-6-4-3-5-7-8/h3-7H,2H2,1H3",,0.1,0.4,0.5,
23.1,Celcius,molar,"InChI=1S/C2H4O2/c1-2(3)4/h1H3,(H,3,4)","InChI=1S/C4H10O/c1-2-3-4-5/h5H,2-4H2,1H3","InChI=1S/C8H10/c1-2-8-6-4-3-5-7-8/h3-7H,2H2,1H3",,0.1,0.5,0.4,
24.15,Celcius,molar,"InChI=1S/C2H4O2/c1-2(3)4/h1H3,(H,3,4)","InChI=1S/C4H10O/c1-2-3-4-5/h5H,2-4H2,1H3","InChI=1S/C8H10/c1-2-8-6-4-3-5-7-8/h3-7H,2H2,1H3",,0.1,0.6,0.3,
26.15,Celcius,molar,"InChI=1S/C2H4O2/c1-2(3)4/h1H3,(H,3,4)","InChI=1S/C4H10O/c1-2-3-4-5/h5H,2-4H2,1H3","InChI=1S/C8H10/c1-2-8-6-4-3-5-7-8/h3-7H,2H2,1H3",,0.1,0.7,0.2,
29.2,Celcius,molar,"InChI=1S/C2H4O2/c1-2(3)4/h1H3,(H,3,4)","InChI=1S/C4H10O/c1-2-3-4-5/h5H,2-4H2,1H3","InChI=1S/C8H10/c1-2-8-6-4-3-5-7-8/h3-7H,2H2,1H3",,0.1,0.8,0.1,
23.5,Celcius,molar,"InChI=1S/C2H4O2/c1-2(3)4/h1H3,(H,3,4)","InChI=1S/C4H10O/c1-2-3-4-5/h5H,2-4H2,1H3","InChI=1S/C8H10/c1-2-8-6-4-3-5-7-8/h3-7H,2H2,1H3",,0.2,0.1,0.7,
23.1,Celcius,molar,"InChI=1S/C2H4O2/c1-2(3)4/h1H3,(H,3,4)","InChI=1S/C4H10O/c1-2-3-4-5/h5H,2-4H2,1H3","InChI=1S/C8H10/c1-2-8-6-4-3-5-7-8/h3-7H,2H2,1H3",,0.2,0.2,0.6,
23.3,Celcius,molar,"InChI=1S/C2H4O2/c1-2(3)4/h1H3,(H,3,4)","InChI=1S/C4H10O/c1-2-3-4-5/h5H,2-4H2,1H3","InChI=1S/C8H10/c1-2-8-6-4-3-5-7-8/h3-7H,2H2,1H3",,0.2,0.3,0.5,
23.85,Celcius,molar,"InChI=1S/C2H4O2/c1-2(3)4/h1H3,(H,3,4)","InChI=1S/C4H10O/c1-2-3-4-5/h5H,2-4H2,1H3","InChI=1S/C8H10/c1-2-8-6-4-3-5-7-8/h3-7H,2H2,1H3",,0.2,0.4,0.4,
24.9,Celcius,molar,"InChI=1S/C2H4O2/c1-2(3)4/h1H3,(H,3,4)","InChI=1S/C4H10O/c1-2-3-4-5/h5H,2-4H2,1H3","InChI=1S/C8H10/c1-2-8-6-4-3-5-7-8/h3-7H,2H2,1H3",,0.2,0.5,0.3,
26.95,Celcius,molar,"InChI=1S/C2H4O2/c1-2(3)4/h1H3,(H,3,4)","InChI=1S/C4H10O/c1-2-3-4-5/h5H,2-4H2,1H3","InChI=1S/C8H10/c1-2-8-6-4-3-5-7-8/h3-7H,2H2,1H3",,0.2,0.6,0.2,
29.6,Celcius,molar,"InChI=1S/C2H4O2/c1-2(3)4/h1H3,(H,3,4)","InChI=1S/C4H10O/c1-2-3-4-5/h5H,2-4H2,1H3","InChI=1S/C8H10/c1-2-8-6-4-3-5-7-8/h3-7H,2H2,1H3",,0.2,0.7,0.1,
24.2,Celcius,molar,"InChI=1S/C2H4O2/c1-2(3)4/h1H3,(H,3,4)","InChI=1S/C4H10O/c1-2-3-4-5/h5H,2-4H2,1H3","InChI=1S/C8H10/c1-2-8-6-4-3-5-7-8/h3-7H,2H2,1H3",,0.3,0.1,0.6,
23.8,Celcius,molar,"InChI=1S/C2H4O2/c1-2(3)4/h1H3,(H,3,4)","InChI=1S/C4H10O/c1-2-3-4-5/h5H,2-4H2,1H3","InChI=1S/C8H10/c1-2-8-6-4-3-5-7-8/h3-7H,2H2,1H3",,0.3,0.2,0.5,
24.85,Celcius,molar,"InChI=1S/C2H4O2/c1-2(3)4/h1H3,(H,3,4)","InChI=1S/C4H10O/c1-2-3-4-5/h5H,2-4H2,1H3","InChI=1S/C8H10/c1-2-8-6-4-3-5-7-8/h3-7H,2H2,1H3",,0.3,0.3,0.4,
25.35,Celcius,molar,"InChI=1S/C2H4O2/c1-2(3)4/h1H3,(H,3,4)","InChI=1S/C4H10O/c1-2-3-4-5/h5H,2-4H2,1H3","InChI=1S/C8H10/c1-2-8-6-4-3-5-7-8/h3-7H,2H2,1H3",,0.3,0.4,0.3,
27.35,Celcius,molar,"InChI=1S/C2H4O2/c1-2(3)4/h1H3,(H,3,4)","InChI=1S/C4H10O/c1-2-3-4-5/h5H,2-4H2,1H3","InChI=1S/C8H10/c1-2-8-6-4-3-5-7-8/h3-7H,2H2,1H3",,0.3,0.5,0.2,
31.25,Celcius,molar,"InChI=1S/C2H4O2/c1-2(3)4/h1H3,(H,3,4)","InChI=1S/C4H10O/c1-2-3-4-5/h5H,2-4H2,1H3","InChI=1S/C8H10/c1-2-8-6-4-3-5-7-8/h3-7H,2H2,1H3",,0.3,0.6,0.1,
24.65,Celcius,molar,"InChI=1S/C2H4O2/c1-2(3)4/h1H3,(H,3,4)","InChI=1S/C4H10O/c1-2-3-4-5/h5H,2-4H2,1H3","InChI=1S/C8H10/c1-2-8-6-4-3-5-7-8/h3-7H,2H2,1H3",,0.4,0.1,0.5,
24.7,Celcius,molar,"InChI=1S/C2H4O2/c1-2(3)4/h1H3,(H,3,4)","InChI=1S/C4H10O/c1-2-3-4-5/h5H,2-4H2,1H3","InChI=1S/C8H10/c1-2-8-6-4-3-5-7-8/h3-7H,2H2,1H3",,0.4,0.2,0.4,
25.85,Celcius,molar,"InChI=1S/C2H4O2/c1-2(3)4/h1H3,(H,3,4)","InChI=1S/C4H10O/c1-2-3-4-5/h5H,2-4H2,1H3","InChI=1S/C8H10/c1-2-8-6-4-3-5-7-8/h3-7H,2H2,1H3",,0.4,0.3,0.3,
27.5,Celcius,molar,"InChI=1S/C2H4O2/c1-2(3)4/h1H3,(H,3,4)","InChI=1S/C4H10O/c1-2-3-4-5/h5H,2-4H2,1H3","InChI=1S/C8H10/c1-2-8-6-4-3-5-7-8/h3-7H,2H2,1H3",,0.4,0.4,0.2,
31.1,Celcius,molar,"InChI=1S/C2H4O2/c1-2(3)4/h1H3,(H,3,4)","InChI=1S/C4H10O/c1-2-3-4-5/h5H,2-4H2,1H3","InChI=1S/C8H10/c1-2-8-6-4-3-5-7-8/h3-7H,2H2,1H3",,0.4,0.5,0.1,
25.3,Celcius,molar,"InChI=1S/C2H4O2/c1-2(3)4/h1H3,(H,3,4)","InChI=1S/C4H10O/c1-2-3-4-5/h5H,2-4H2,1H3","InChI=1S/C8H10/c1-2-8-6-4-3-5-7-8/h3-7H,2H2,1H3",,0.5,0.1,0.4,
25.75,Celcius,molar,"InChI=1S/C2H4O2/c1-2(3)4/h1H3,(H,3,4)","InChI=1S/C4H10O/c1-2-3-4-5/h5H,2-4H2,1H3","InChI=1S/C8H10/c1-2-8-6-4-3-5-7-8/h3-7H,2H2,1H3",,0.5,0.2,0.3,
27.75,Celcius,molar,"InChI=1S/C2H4O2/c1-2(3)4/h1H3,(H,3,4)","InChI=1S/C4H10O/c1-2-3-4-5/h5H,2-4H2,1H3","InChI=1S/C8H10/c1-2-8-6-4-3-5-7-8/h3-7H,2H2,1H3",,0.5,0.3,0.2,
31.1,Celcius,molar,"InChI=1S/C2H4O2/c1-2(3)4/h1H3,(H,3,4)","InChI=1S/C4H10O/c1-2-3-4-5/h5H,2-4H2,1H3","InChI=1S/C8H10/c1-2-8-6-4-3-5-7-8/h3-7H,2H2,1H3",,0.5,0.4,0.1,
25.6,Celcius,molar,"InChI=1S/C2H4O2/c1-2(3)4/h1H3,(H,3,4)","InChI=1S/C4H10O/c1-2-3-4-5/h5H,2-4H2,1H3","InChI=1S/C8H10/c1-2-8-6-4-3-5-7-8/h3-7H,2H2,1H3",,0.6,0.1,0.3,
27.35,Celcius,molar,"InChI=1S/C2H4O2/c1-2(3)4/h1H3,(H,3,4)","InChI=1S/C4H10O/c1-2-3-4-5/h5H,2-4H2,1H3","InChI=1S/C8H10/c1-2-8-6-4-3-5-7-8/h3-7H,2H2,1H3",,0.6,0.2,0.2,
30.7,Celcius,molar,"InChI=1S/C2H4O2/c1-2(3)4/h1H3,(H,3,4)","InChI=1S/C4H10O/c1-2-3-4-5/h5H,2-4H2,1H3","InChI=1S/C8H10/c1-2-8-6-4-3-5-7-8/h3-7H,2H2,1H3",,0.6,0.3,0.1,
27.7,Celcius,molar,"InChI=1S/C2H4O2/c1-2(3)4/h1H3,(H,3,4)","InChI=1S/C4H10O/c1-2-3-4-5/h5H,2-4H2,1H3","InChI=1S/C8H10/c1-2-8-6-4-3-5-7-8/h3-7H,2H2,1H3",,0.7,0.1,0.2,
30.65,Celcius,molar,"InChI=1S/C2H4O2/c1-2(3)4/h1H3,(H,3,4)","InChI=1S/C4H10O/c1-2-3-4-5/h5H,2-4H2,1H3","InChI=1S/C8H10/c1-2-8-6-4-3-5-7-8/h3-7H,2H2,1H3",,0.7,0.2,0.1,
30.2,Celcius,molar,"InChI=1S/C2H4O2/c1-2(3)4/h1H3,(H,3,4)","InChI=1S/C4H10O/c1-2-3-4-5/h5H,2-4H2,1H3","InChI=1S/C8H10/c1-2-8-6-4-3-5-7-8/h3-7H,2H2,1H3",,0.8,0.1,0.1,
38.35,Celcius,molar,"InChI=1S/C2H4O2/c1-2(3)4/h1H3,(H,3,4)","InChI=1S/C4H10O/c1-2-3-4-5/h5H,2-4H2,1H3",,,0.1,0.9,,
39.65,Celcius,molar,"InChI=1S/C2H4O2/c1-2(3)4/h1H3,(H,3,4)","InChI=1S/C4H10O/c1-2-3-4-5/h5H,2-4H2,1H3",,,0.2,0.8,,
40.75,Celcius,molar,"InChI=1S/C2H4O2/c1-2(3)4/h1H3,(H,3,4)","InChI=1S/C4H10O/c1-2-3-4-5/h5H,2-4H2,1H3",,,0.3,0.7,,
41.85,Celcius,molar,"InChI=1S/C2H4O2/c1-2(3)4/h1H3,(H,3,4)","InChI=1S/C4H10O/c1-2-3-4-5/h5H,2-4H2,1H3",,,0.4,0.6,,
42.6,Celcius,molar,"InChI=1S/C2H4O2/c1-2(3)4/h1H3,(H,3,4)","InChI=1S/C4H10O/c1-2-3-4-5/h5H,2-4H2,1H3",,,0.5,0.5,,
43.35,Celcius,molar,"InChI=1S/C2H4O2/c1-2(3)4/h1H3,(H,3,4)","InChI=1S/C4H10O/c1-2-3-4-5/h5H,2-4H2,1H3",,,0.6,0.4,,
43.2,Celcius,molar,"InChI=1S/C2H4O2/c1-2(3)4/h1H3,(H,3,4)","InChI=1S/C4H10O/c1-2-3-4-5/h5H,2-4H2,1H3",,,0.7,0.3,,
42.75,Celcius,molar,"InChI=1S/C2H4O2/c1-2(3)4/h1H3,(H,3,4)","InChI=1S/C4H10O/c1-2-3-4-5/h5H,2-4H2,1H3",,,0.8,0.2,,
41.55,Celcius,molar,"InChI=1S/C2H4O2/c1-2(3)4/h1H3,(H,3,4)","InChI=1S/C4H10O/c1-2-3-4-5/h5H,2-4H2,1H3",,,0.9,0.1,,
-3.0,Celcius,molar,"InChI=1S/C2H4O2/c1-2(3)4/h1H3,(H,3,4)","InChI=1S/C4H8O/c1-3-4(2)5/h3H2,1-2H3",,,0.149,0.851,,
0.0,Celcius,molar,"InChI=1S/C2H4O2/c1-2(3)4/h1H3,(H,3,4)","InChI=1S/C4H8O/c1-3-4(2)5/h3H2,1-2H3",,,0.283,0.717,,
1.0,Celcius,molar,"InChI=1S/C2H4O2/c1-2(3)4/h1H3,(H,3,4)","InChI=1S/C4H8O/c1-3-4(2)5/h3H2,1-2H3",,,0.403,0.597,,
1.0,Celcius,molar,"InChI=1S/C2H4O2/c1-2(3)4/h1H3,(H,3,4)","InChI=1S/C4H8O/c1-3-4(2)5/h3H2,1-2H3",,,0.512,0.488,,
4.0,Celcius,molar,"InChI=1S/C2H4O2/c1-2(3)4/h1H3,(H,3,4)","InChI=1S/C4H8O/c1-3-4(2)5/h3H2,1-2H3",,,0.612,0.388,,
10.0,Celcius,molar,"InChI=1S/C2H4O2/c1-2(3)4/h1H3,(H,3,4)","InChI=1S/C4H8O/c1-3-4(2)5/h3H2,1-2H3",,,0.703,0.297,,
18.0,Celcius,molar,"InChI=1S/C2H4O2/c1-2(3)4/h1H3,(H,3,4)","InChI=1S/C4H8O/c1-3-4(2)5/h3H2,1-2H3",,,0.786,0.214,,
24.0,Celcius,molar,"InChI=1S/C2H4O2/c1-2(3)4/h1H3,(H,3,4)","InChI=1S/C4H8O/c1-3-4(2)5/h3H2,1-2H3",,,0.863,0.137,,
32.0,Celcius,molar,"InChI=1S/C2H4O2/c1-2(3)4/h1H3,(H,3,4)","InChI=1S/C4H8O/c1-3-4(2)5/h3H2,1-2H3",,,0.934,0.066,,
50.6,Celcius,molar,"InChI=1S/C2H4O2/c1-2(3)4/h1H3,(H,3,4)","InChI=1S/C5H12O/c1-2-3-4-5-6/h6H,2-5H2,1H3",,,0.1,0.9,,
50.3,Celcius,molar,"InChI=1S/C2H4O2/c1-2(3)4/h1H3,(H,3,4)","InChI=1S/C5H12O/c1-2-3-4-5-6/h6H,2-5H2,1H3",,,0.2,0.8,,
49.8,Celcius,molar,"InChI=1S/C2H4O2/c1-2(3)4/h1H3,(H,3,4)","InChI=1S/C5H12O/c1-2-3-4-5-6/h6H,2-5H2,1H3",,,0.3,0.7,,
49.1,Celcius,molar,"InChI=1S/C2H4O2/c1-2(3)4/h1H3,(H,3,4)","InChI=1S/C5H12O/c1-2-3-4-5-6/h6H,2-5H2,1H3",,,0.4,0.6,,
48.4,Celcius,molar,"InChI=1S/C2H4O2/c1-2(3)4/h1H3,(H,3,4)","InChI=1S/C5H12O/c1-2-3-4-5-6/h6H,2-5H2,1H3",,,0.5,0.5,,
47.6,Celcius,molar,"InChI=1S/C2H4O2/c1-2(3)4/h1H3,(H,3,4)","InChI=1S/C5H12O/c1-2-3-4-5-6/h6H,2-5H2,1H3",,,0.6,0.4,,
46.1,Celcius,molar,"InChI=1S/C2H4O2/c1-2(3)4/h1H3,(H,3,4)","InChI=1S/C5H12O/c1-2-3-4-5-6/h6H,2-5H2,1H3",,,0.7,0.3,,
44.1,Celcius,molar,"InChI=1S/C2H4O2/c1-2(3)4/h1H3,(H,3,4)","InChI=1S/C5H12O/c1-2-3-4-5-6/h6H,2-5H2,1H3",,,0.8,0.2,,
43.1,Celcius,molar,"InChI=1S/C2H4O2/c1-2(3)4/h1H3,(H,3,4)","InChI=1S/C5H12O/c1-2-3-4-5-6/h6H,2-5H2,1H3",,,0.9,0.1,,
37.48,Celcius,molar,"InChI=1S/C2H4O2/c1-2(3)4/h1H3,(H,3,4)","InChI=1S/C5H12O/c1-3-4-5(2)6/h5-6H,3-4H2,1-2H3","InChI=1S/C7H14O2/c1-3-5-7(8)9-6-4-2/h3-6H2,1-2H3",,0.1,0.1,0.8,
36.38,Celcius,molar,"InChI=1S/C2H4O2/c1-2(3)4/h1H3,(H,3,4)","InChI=1S/C5H12O/c1-3-4-5(2)6/h5-6H,3-4H2,1-2H3","InChI=1S/C7H14O2/c1-3-5-7(8)9-6-4-2/h3-6H2,1-2H3",,0.1,0.2,0.7,
35.3,Celcius,molar,"InChI=1S/C2H4O2/c1-2(3)4/h1H3,(H,3,4)","InChI=1S/C5H12O/c1-3-4-5(2)6/h5-6H,3-4H2,1-2H3","InChI=1S/C7H14O2/c1-3-5-7(8)9-6-4-2/h3-6H2,1-2H3",,0.1,0.3,0.6,
35.18,Celcius,molar,"InChI=1S/C2H4O2/c1-2(3)4/h1H3,(H,3,4)","InChI=1S/C5H12O/c1-3-4-5(2)6/h5-6H,3-4H2,1-2H3","InChI=1S/C7H14O2/c1-3-5-7(8)9-6-4-2/h3-6H2,1-2H3",,0.1,0.4,0.5,
34.88,Celcius,molar,"InChI=1S/C2H4O2/c1-2(3)4/h1H3,(H,3,4)","InChI=1S/C5H12O/c1-3-4-5(2)6/h5-6H,3-4H2,1-2H3","InChI=1S/C7H14O2/c1-3-5-7(8)9-6-4-2/h3-6H2,1-2H3",,0.1,0.5,0.4,
34.5,Celcius,molar,"InChI=1S/C2H4O2/c1-2(3)4/h1H3,(H,3,4)","InChI=1S/C5H12O/c1-3-4-5(2)6/h5-6H,3-4H2,1-2H3","InChI=1S/C7H14O2/c1-3-5-7(8)9-6-4-2/h3-6H2,1-2H3",,0.1,0.6,0.3,
34.53,Celcius,molar,"InChI=1S/C2H4O2/c1-2(3)4/h1H3,(H,3,4)","InChI=1S/C5H12O/c1-3-4-5(2)6/h5-6H,3-4H2,1-2H3","InChI=1S/C7H14O2/c1-3-5-7(8)9-6-4-2/h3-6H2,1-2H3",,0.1,0.7,0.2,
34.95,Celcius,molar,"InChI=1S/C2H4O2/c1-2(3)4/h1H3,(H,3,4)","InChI=1S/C5H12O/c1-3-4-5(2)6/h5-6H,3-4H2,1-2H3","InChI=1S/C7H14O2/c1-3-5-7(8)9-6-4-2/h3-6H2,1-2H3",,0.1,0.8,0.1,
38.13,Celcius,molar,"InChI=1S/C2H4O2/c1-2(3)4/h1H3,(H,3,4)","InChI=1S/C5H12O/c1-3-4-5(2)6/h5-6H,3-4H2,1-2H3","InChI=1S/C7H14O2/c1-3-5-7(8)9-6-4-2/h3-6H2,1-2H3",,0.2,0.1,0.7,
37.03,Celcius,molar,"InChI=1S/C2H4O2/c1-2(3)4/h1H3,(H,3,4)","InChI=1S/C5H12O/c1-3-4-5(2)6/h5-6H,3-4H2,1-2H3","InChI=1S/C7H14O2/c1-3-5-7(8)9-6-4-2/h3-6H2,1-2H3",,0.2,0.2,0.6,
36.48,Celcius,molar,"InChI=1S/C2H4O2/c1-2(3)4/h1H3,(H,3,4)","InChI=1S/C5H12O/c1-3-4-5(2)6/h5-6H,3-4H2,1-2H3","InChI=1S/C7H14O2/c1-3-5-7(8)9-6-4-2/h3-6H2,1-2H3",,0.2,0.3,0.5,
36.3,Celcius,molar,"InChI=1S/C2H4O2/c1-2(3)4/h1H3,(H,3,4)","InChI=1S/C5H12O/c1-3-4-5(2)6/h5-6H,3-4H2,1-2H3","InChI=1S/C7H14O2/c1-3-5-7(8)9-6-4-2/h3-6H2,1-2H3",,0.2,0.4,0.4,
36.23,Celcius,molar,"InChI=1S/C2H4O2/c1-2(3)4/h1H3,(H,3,4)","InChI=1S/C5H12O/c1-3-4-5(2)6/h5-6H,3-4H2,1-2H3","InChI=1S/C7H14O2/c1-3-5-7(8)9-6-4-2/h3-6H2,1-2H3",,0.2,0.5,0.3,
35.98,Celcius,molar,"InChI=1S/C2H4O2/c1-2(3)4/h1H3,(H,3,4)","InChI=1S/C5H12O/c1-3-4-5(2)6/h5-6H,3-4H2,1-2H3","InChI=1S/C7H14O2/c1-3-5-7(8)9-6-4-2/h3-6H2,1-2H3",,0.2,0.6,0.2,
36.55,Celcius,molar,"InChI=1S/C2H4O2/c1-2(3)4/h1H3,(H,3,4)","InChI=1S/C5H12O/c1-3-4-5(2)6/h5-6H,3-4H2,1-2H3","InChI=1S/C7H14O2/c1-3-5-7(8)9-6-4-2/h3-6H2,1-2H3",,0.2,0.7,0.1,
38.75,Celcius,molar,"InChI=1S/C2H4O2/c1-2(3)4/h1H3,(H,3,4)","InChI=1S/C5H12O/c1-3-4-5(2)6/h5-6H,3-4H2,1-2H3","InChI=1S/C7H14O2/c1-3-5-7(8)9-6-4-2/h3-6H2,1-2H3",,0.3,0.1,0.6,
37.75,Celcius,molar,"InChI=1S/C2H4O2/c1-2(3)4/h1H3,(H,3,4)","InChI=1S/C5H12O/c1-3-4-5(2)6/h5-6H,3-4H2,1-2H3","InChI=1S/C7H14O2/c1-3-5-7(8)9-6-4-2/h3-6H2,1-2H3",,0.3,0.2,0.5,
37.7,Celcius,molar,"InChI=1S/C2H4O2/c1-2(3)4/h1H3,(H,3,4)","InChI=1S/C5H12O/c1-3-4-5(2)6/h5-6H,3-4H2,1-2H3","InChI=1S/C7H14O2/c1-3-5-7(8)9-6-4-2/h3-6H2,1-2H3",,0.3,0.3,0.4,
37.1,Celcius,molar,"InChI=1S/C2H4O2/c1-2(3)4/h1H3,(H,3,4)","InChI=1S/C5H12O/c1-3-4-5(2)6/h5-6H,3-4H2,1-2H3","InChI=1S/C7H14O2/c1-3-5-7(8)9-6-4-2/h3-6H2,1-2H3",,0.3,0.4,0.3,
37.65,Celcius,molar,"InChI=1S/C2H4O2/c1-2(3)4/h1H3,(H,3,4)","InChI=1S/C5H12O/c1-3-4-5(2)6/h5-6H,3-4H2,1-2H3","InChI=1S/C7H14O2/c1-3-5-7(8)9-6-4-2/h3-6H2,1-2H3",,0.3,0.5,0.2,
38.43,Celcius,molar,"InChI=1S/C2H4O2/c1-2(3)4/h1H3,(H,3,4)","InChI=1S/C5H12O/c1-3-4-5(2)6/h5-6H,3-4H2,1-2H3","InChI=1S/C7H14O2/c1-3-5-7(8)9-6-4-2/h3-6H2,1-2H3",,0.3,0.6,0.1,
38.85,Celcius,molar,"InChI=1S/C2H4O2/c1-2(3)4/h1H3,(H,3,4)","InChI=1S/C5H12O/c1-3-4-5(2)6/h5-6H,3-4H2,1-2H3","InChI=1S/C7H14O2/c1-3-5-7(8)9-6-4-2/h3-6H2,1-2H3",,0.4,0.1,0.5,
38.33,Celcius,molar,"InChI=1S/C2H4O2/c1-2(3)4/h1H3,(H,3,4)","InChI=1S/C5H12O/c1-3-4-5(2)6/h5-6H,3-4H2,1-2H3","InChI=1S/C7H14O2/c1-3-5-7(8)9-6-4-2/h3-6H2,1-2H3",,0.4,0.2,0.4,
38.38,Celcius,molar,"InChI=1S/C2H4O2/c1-2(3)4/h1H3,(H,3,4)","InChI=1S/C5H12O/c1-3-4-5(2)6/h5-6H,3-4H2,1-2H3","InChI=1S/C7H14O2/c1-3-5-7(8)9-6-4-2/h3-6H2,1-2H3",,0.4,0.3,0.3,
38.6,Celcius,molar,"InChI=1S/C2H4O2/c1-2(3)4/h1H3,(H,3,4)","InChI=1S/C5H12O/c1-3-4-5(2)6/h5-6H,3-4H2,1-2H3","InChI=1S/C7H14O2/c1-3-5-7(8)9-6-4-2/h3-6H2,1-2H3",,0.4,0.4,0.2,
39.23,Celcius,molar,"InChI=1S/C2H4O2/c1-2(3)4/h1H3,(H,3,4)","InChI=1S/C5H12O/c1-3-4-5(2)6/h5-6H,3-4H2,1-2H3","InChI=1S/C7H14O2/c1-3-5-7(8)9-6-4-2/h3-6H2,1-2H3",,0.4,0.5,0.1,
39.2,Celcius,molar,"InChI=1S/C2H4O2/c1-2(3)4/h1H3,(H,3,4)","InChI=1S/C5H12O/c1-3-4-5(2)6/h5-6H,3-4H2,1-2H3","InChI=1S/C7H14O2/c1-3-5-7(8)9-6-4-2/h3-6H2,1-2H3",,0.5,0.1,0.4,
39.0,Celcius,molar,"InChI=1S/C2H4O2/c1-2(3)4/h1H3,(H,3,4)","InChI=1S/C5H12O/c1-3-4-5(2)6/h5-6H,3-4H2,1-2H3","InChI=1S/C7H14O2/c1-3-5-7(8)9-6-4-2/h3-6H2,1-2H3",,0.5,0.2,0.3,
39.25,Celcius,molar,"InChI=1S/C2H4O2/c1-2(3)4/h1H3,(H,3,4)","InChI=1S/C5H12O/c1-3-4-5(2)6/h5-6H,3-4H2,1-2H3","InChI=1S/C7H14O2/c1-3-5-7(8)9-6-4-2/h3-6H2,1-2H3",,0.5,0.3,0.2,
39.65,Celcius,molar,"InChI=1S/C2H4O2/c1-2(3)4/h1H3,(H,3,4)","InChI=1S/C5H12O/c1-3-4-5(2)6/h5-6H,3-4H2,1-2H3","InChI=1S/C7H14O2/c1-3-5-7(8)9-6-4-2/h3-6H2,1-2H3",,0.5,0.4,0.1,
39.6,Celcius,molar,"InChI=1S/C2H4O2/c1-2(3)4/h1H3,(H,3,4)","InChI=1S/C5H12O/c1-3-4-5(2)6/h5-6H,3-4H2,1-2H3","InChI=1S/C7H14O2/c1-3-5-7(8)9-6-4-2/h3-6H2,1-2H3",,0.6,0.1,0.3,
40.0,Celcius,molar,"InChI=1S/C2H4O2/c1-2(3)4/h1H3,(H,3,4)","InChI=1S/C5H12O/c1-3-4-5(2)6/h5-6H,3-4H2,1-2H3","InChI=1S/C7H14O2/c1-3-5-7(8)9-6-4-2/h3-6H2,1-2H3",,0.6,0.2,0.2,
40.05,Celcius,molar,"InChI=1S/C2H4O2/c1-2(3)4/h1H3,(H,3,4)","InChI=1S/C5H12O/c1-3-4-5(2)6/h5-6H,3-4H2,1-2H3","InChI=1S/C7H14O2/c1-3-5-7(8)9-6-4-2/h3-6H2,1-2H3",,0.6,0.3,0.1,
39.73,Celcius,molar,"InChI=1S/C2H4O2/c1-2(3)4/h1H3,(H,3,4)","InChI=1S/C5H12O/c1-3-4-5(2)6/h5-6H,3-4H2,1-2H3","InChI=1S/C7H14O2/c1-3-5-7(8)9-6-4-2/h3-6H2,1-2H3",,0.7,0.1,0.2,
39.95,Celcius,molar,"InChI=1S/C2H4O2/c1-2(3)4/h1H3,(H,3,4)","InChI=1S/C5H12O/c1-3-4-5(2)6/h5-6H,3-4H2,1-2H3","InChI=1S/C7H14O2/c1-3-5-7(8)9-6-4-2/h3-6H2,1-2H3",,0.7,0.2,0.1,
40.45,Celcius,molar,"InChI=1S/C2H4O2/c1-2(3)4/h1H3,(H,3,4)","InChI=1S/C5H12O/c1-3-4-5(2)6/h5-6H,3-4H2,1-2H3","InChI=1S/C7H14O2/c1-3-5-7(8)9-6-4-2/h3-6H2,1-2H3",,0.8,0.1,0.1,
23.0,Celcius,molar,"InChI=1S/C2H4O2/c1-2(3)4/h1H3,(H,3,4)","InChI=1S/C5H12O/c1-3-4-5(2)6/h5-6H,3-4H2,1-2H3","InChI=1S/C8H10/c1-2-8-6-4-3-5-7-8/h3-7H,2H2,1H3",,0.1,0.2,0.7,
22.65,Celcius,molar,"InChI=1S/C2H4O2/c1-2(3)4/h1H3,(H,3,4)","InChI=1S/C5H12O/c1-3-4-5(2)6/h5-6H,3-4H2,1-2H3","InChI=1S/C8H10/c1-2-8-6-4-3-5-7-8/h3-7H,2H2,1H3",,0.1,0.3,0.6,
23.0,Celcius,molar,"InChI=1S/C2H4O2/c1-2(3)4/h1H3,(H,3,4)","InChI=1S/C5H12O/c1-3-4-5(2)6/h5-6H,3-4H2,1-2H3","InChI=1S/C8H10/c1-2-8-6-4-3-5-7-8/h3-7H,2H2,1H3",,0.1,0.4,0.5,
23.9,Celcius,molar,"InChI=1S/C2H4O2/c1-2(3)4/h1H3,(H,3,4)","InChI=1S/C5H12O/c1-3-4-5(2)6/h5-6H,3-4H2,1-2H3","InChI=1S/C8H10/c1-2-8-6-4-3-5-7-8/h3-7H,2H2,1H3",,0.1,0.5,0.4,
25.05,Celcius,molar,"InChI=1S/C2H4O2/c1-2(3)4/h1H3,(H,3,4)","InChI=1S/C5H12O/c1-3-4-5(2)6/h5-6H,3-4H2,1-2H3","InChI=1S/C8H10/c1-2-8-6-4-3-5-7-8/h3-7H,2H2,1H3",,0.1,0.6,0.3,
26.85,Celcius,molar,"InChI=1S/C2H4O2/c1-2(3)4/h1H3,(H,3,4)","InChI=1S/C5H12O/c1-3-4-5(2)6/h5-6H,3-4H2,1-2H3","InChI=1S/C8H10/c1-2-8-6-4-3-5-7-8/h3-7H,2H2,1H3",,0.1,0.7,0.2,
30.4,Celcius,molar,"InChI=1S/C2H4O2/c1-2(3)4/h1H3,(H,3,4)","InChI=1S/C5H12O/c1-3-4-5(2)6/h5-6H,3-4H2,1-2H3","InChI=1S/C8H10/c1-2-8-6-4-3-5-7-8/h3-7H,2H2,1H3",,0.1,0.8,0.1,
22.85,Celcius,molar,"InChI=1S/C2H4O2/c1-2(3)4/h1H3,(H,3,4)","InChI=1S/C5H12O/c1-3-4-5(2)6/h5-6H,3-4H2,1-2H3","InChI=1S/C8H10/c1-2-8-6-4-3-5-7-8/h3-7H,2H2,1H3",,0.2,0.1,0.7,
23.6,Celcius,molar,"InChI=1S/C2H4O2/c1-2(3)4/h1H3,(H,3,4)","InChI=1S/C5H12O/c1-3-4-5(2)6/h5-6H,3-4H2,1-2H3","InChI=1S/C8H10/c1-2-8-6-4-3-5-7-8/h3-7H,2H2,1H3",,0.2,0.2,0.6,
24.3,Celcius,molar,"InChI=1S/C2H4O2/c1-2(3)4/h1H3,(H,3,4)","InChI=1S/C5H12O/c1-3-4-5(2)6/h5-6H,3-4H2,1-2H3","InChI=1S/C8H10/c1-2-8-6-4-3-5-7-8/h3-7H,2H2,1H3",,0.2,0.3,0.5,
24.55,Celcius,molar,"InChI=1S/C2H4O2/c1-2(3)4/h1H3,(H,3,4)","InChI=1S/C5H12O/c1-3-4-5(2)6/h5-6H,3-4H2,1-2H3","InChI=1S/C8H10/c1-2-8-6-4-3-5-7-8/h3-7H,2H2,1H3",,0.2,0.4,0.4,
25.2,Celcius,molar,"InChI=1S/C2H4O2/c1-2(3)4/h1H3,(H,3,4)","InChI=1S/C5H12O/c1-3-4-5(2)6/h5-6H,3-4H2,1-2H3","InChI=1S/C8H10/c1-2-8-6-4-3-5-7-8/h3-7H,2H2,1H3",,0.2,0.5,0.3,
27.8,Celcius,molar,"InChI=1S/C2H4O2/c1-2(3)4/h1H3,(H,3,4)","InChI=1S/C5H12O/c1-3-4-5(2)6/h5-6H,3-4H2,1-2H3","InChI=1S/C8H10/c1-2-8-6-4-3-5-7-8/h3-7H,2H2,1H3",,0.2,0.6,0.2,
30.6,Celcius,molar,"InChI=1S/C2H4O2/c1-2(3)4/h1H3,(H,3,4)","InChI=1S/C5H12O/c1-3-4-5(2)6/h5-6H,3-4H2,1-2H3","InChI=1S/C8H10/c1-2-8-6-4-3-5-7-8/h3-7H,2H2,1H3",,0.2,0.7,0.1,
24.0,Celcius,molar,"InChI=1S/C2H4O2/c1-2(3)4/h1H3,(H,3,4)","InChI=1S/C5H12O/c1-3-4-5(2)6/h5-6H,3-4H2,1-2H3","InChI=1S/C8H10/c1-2-8-6-4-3-5-7-8/h3-7H,2H2,1H3",,0.3,0.1,0.6,
24.5,Celcius,molar,"InChI=1S/C2H4O2/c1-2(3)4/h1H3,(H,3,4)","InChI=1S/C5H12O/c1-3-4-5(2)6/h5-6H,3-4H2,1-2H3","InChI=1S/C8H10/c1-2-8-6-4-3-5-7-8/h3-7H,2H2,1H3",,0.3,0.2,0.5,
24.95,Celcius,molar,"InChI=1S/C2H4O2/c1-2(3)4/h1H3,(H,3,4)","InChI=1S/C5H12O/c1-3-4-5(2)6/h5-6H,3-4H2,1-2H3","InChI=1S/C8H10/c1-2-8-6-4-3-5-7-8/h3-7H,2H2,1H3",,0.3,0.3,0.4,
26.2,Celcius,molar,"InChI=1S/C2H4O2/c1-2(3)4/h1H3,(H,3,4)","InChI=1S/C5H12O/c1-3-4-5(2)6/h5-6H,3-4H2,1-2H3","InChI=1S/C8H10/c1-2-8-6-4-3-5-7-8/h3-7H,2H2,1H3",,0.3,0.4,0.3,
28.0,Celcius,molar,"InChI=1S/C2H4O2/c1-2(3)4/h1H3,(H,3,4)","InChI=1S/C5H12O/c1-3-4-5(2)6/h5-6H,3-4H2,1-2H3","InChI=1S/C8H10/c1-2-8-6-4-3-5-7-8/h3-7H,2H2,1H3",,0.3,0.5,0.2,
32.0,Celcius,molar,"InChI=1S/C2H4O2/c1-2(3)4/h1H3,(H,3,4)","InChI=1S/C5H12O/c1-3-4-5(2)6/h5-6H,3-4H2,1-2H3","InChI=1S/C8H10/c1-2-8-6-4-3-5-7-8/h3-7H,2H2,1H3",,0.3,0.6,0.1,
24.25,Celcius,molar,"InChI=1S/C2H4O2/c1-2(3)4/h1H3,(H,3,4)","InChI=1S/C5H12O/c1-3-4-5(2)6/h5-6H,3-4H2,1-2H3","InChI=1S/C8H10/c1-2-8-6-4-3-5-7-8/h3-7H,2H2,1H3",,0.4,0.1,0.5,
24.95,Celcius,molar,"InChI=1S/C2H4O2/c1-2(3)4/h1H3,(H,3,4)","InChI=1S/C5H12O/c1-3-4-5(2)6/h5-6H,3-4H2,1-2H3","InChI=1S/C8H10/c1-2-8-6-4-3-5-7-8/h3-7H,2H2,1H3",,0.4,0.2,0.4,
26.2,Celcius,molar,"InChI=1S/C2H4O2/c1-2(3)4/h1H3,(H,3,4)","InChI=1S/C5H12O/c1-3-4-5(2)6/h5-6H,3-4H2,1-2H3","InChI=1S/C8H10/c1-2-8-6-4-3-5-7-8/h3-7H,2H2,1H3",,0.4,0.3,0.3,
28.1,Celcius,molar,"InChI=1S/C2H4O2/c1-2(3)4/h1H3,(H,3,4)","InChI=1S/C5H12O/c1-3-4-5(2)6/h5-6H,3-4H2,1-2H3","InChI=1S/C8H10/c1-2-8-6-4-3-5-7-8/h3-7H,2H2,1H3",,0.4,0.4,0.2,
32.25,Celcius,molar,"InChI=1S/C2H4O2/c1-2(3)4/h1H3,(H,3,4)","InChI=1S/C5H12O/c1-3-4-5(2)6/h5-6H,3-4H2,1-2H3","InChI=1S/C8H10/c1-2-8-6-4-3-5-7-8/h3-7H,2H2,1H3",,0.4,0.5,0.1,
24.65,Celcius,molar,"InChI=1S/C2H4O2/c1-2(3)4/h1H3,(H,3,4)","InChI=1S/C5H12O/c1-3-4-5(2)6/h5-6H,3-4H2,1-2H3","InChI=1S/C8H10/c1-2-8-6-4-3-5-7-8/h3-7H,2H2,1H3",,0.5,0.1,0.4,
25.9,Celcius,molar,"InChI=1S/C2H4O2/c1-2(3)4/h1H3,(H,3,4)","InChI=1S/C5H12O/c1-3-4-5(2)6/h5-6H,3-4H2,1-2H3","InChI=1S/C8H10/c1-2-8-6-4-3-5-7-8/h3-7H,2H2,1H3",,0.5,0.2,0.3,
27.95,Celcius,molar,"InChI=1S/C2H4O2/c1-2(3)4/h1H3,(H,3,4)","InChI=1S/C5H12O/c1-3-4-5(2)6/h5-6H,3-4H2,1-2H3","InChI=1S/C8H10/c1-2-8-6-4-3-5-7-8/h3-7H,2H2,1H3",,0.5,0.3,0.2,
32.75,Celcius,molar,"InChI=1S/C2H4O2/c1-2(3)4/h1H3,(H,3,4)","InChI=1S/C5H12O/c1-3-4-5(2)6/h5-6H,3-4H2,1-2H3","InChI=1S/C8H10/c1-2-8-6-4-3-5-7-8/h3-7H,2H2,1H3",,0.5,0.4,0.1,
26.0,Celcius,molar,"InChI=1S/C2H4O2/c1-2(3)4/h1H3,(H,3,4)","InChI=1S/C5H12O/c1-3-4-5(2)6/h5-6H,3-4H2,1-2H3","InChI=1S/C8H10/c1-2-8-6-4-3-5-7-8/h3-7H,2H2,1H3",,0.6,0.1,0.3,
28.45,Celcius,molar,"InChI=1S/C2H4O2/c1-2(3)4/h1H3,(H,3,4)","InChI=1S/C5H12O/c1-3-4-5(2)6/h5-6H,3-4H2,1-2H3","InChI=1S/C8H10/c1-2-8-6-4-3-5-7-8/h3-7H,2H2,1H3",,0.6,0.2,0.2,
31.85,Celcius,molar,"InChI=1S/C2H4O2/c1-2(3)4/h1H3,(H,3,4)","InChI=1S/C5H12O/c1-3-4-5(2)6/h5-6H,3-4H2,1-2H3","InChI=1S/C8H10/c1-2-8-6-4-3-5-7-8/h3-7H,2H2,1H3",,0.6,0.3,0.1,
27.55,Celcius,molar,"InChI=1S/C2H4O2/c1-2(3)4/h1H3,(H,3,4)","InChI=1S/C5H12O/c1-3-4-5(2)6/h5-6H,3-4H2,1-2H3","InChI=1S/C8H10/c1-2-8-6-4-3-5-7-8/h3-7H,2H2,1H3",,0.7,0.1,0.2,
31.45,Celcius,molar,"InChI=1S/C2H4O2/c1-2(3)4/h1H3,(H,3,4)","InChI=1S/C5H12O/c1-3-4-5(2)6/h5-6H,3-4H2,1-2H3","InChI=1S/C8H10/c1-2-8-6-4-3-5-7-8/h3-7H,2H2,1H3",,0.7,0.2,0.1,
30.85,Celcius,molar,"InChI=1S/C2H4O2/c1-2(3)4/h1H3,(H,3,4)","InChI=1S/C5H12O/c1-3-4-5(2)6/h5-6H,3-4H2,1-2H3","InChI=1S/C8H10/c1-2-8-6-4-3-5-7-8/h3-7H,2H2,1H3",,0.8,0.1,0.1,
36.15,Celcius,molar,"InChI=1S/C2H4O2/c1-2(3)4/h1H3,(H,3,4)","InChI=1S/C5H12O/c1-3-4-5(2)6/h5-6H,3-4H2,1-2H3",,,0.1,0.9,,
37.9,Celcius,molar,"InChI=1S/C2H4O2/c1-2(3)4/h1H3,(H,3,4)","InChI=1S/C5H12O/c1-3-4-5(2)6/h5-6H,3-4H2,1-2H3",,,0.2,0.8,,
39.65,Celcius,molar,"InChI=1S/C2H4O2/c1-2(3)4/h1H3,(H,3,4)","InChI=1S/C5H12O/c1-3-4-5(2)6/h5-6H,3-4H2,1-2H3",,,0.3,0.7,,
41.0,Celcius,molar,"InChI=1S/C2H4O2/c1-2(3)4/h1H3,(H,3,4)","InChI=1S/C5H12O/c1-3-4-5(2)6/h5-6H,3-4H2,1-2H3",,,0.4,0.6,,
42.75,Celcius,molar,"InChI=1S/C2H4O2/c1-2(3)4/h1H3,(H,3,4)","InChI=1S/C5H12O/c1-3-4-5(2)6/h5-6H,3-4H2,1-2H3",,,0.5,0.5,,
43.05,Celcius,molar,"InChI=1S/C2H4O2/c1-2(3)4/h1H3,(H,3,4)","InChI=1S/C5H12O/c1-3-4-5(2)6/h5-6H,3-4H2,1-2H3",,,0.6,0.4,,
42.7,Celcius,molar,"InChI=1S/C2H4O2/c1-2(3)4/h1H3,(H,3,4)","InChI=1S/C5H12O/c1-3-4-5(2)6/h5-6H,3-4H2,1-2H3",,,0.7,0.3,,
42.05,Celcius,molar,"InChI=1S/C2H4O2/c1-2(3)4/h1H3,(H,3,4)","InChI=1S/C5H12O/c1-3-4-5(2)6/h5-6H,3-4H2,1-2H3",,,0.8,0.2,,
41.7,Celcius,molar,"InChI=1S/C2H4O2/c1-2(3)4/h1H3,(H,3,4)","InChI=1S/C5H12O/c1-3-4-5(2)6/h5-6H,3-4H2,1-2H3",,,0.9,0.1,,
50.0,Celcius,molar,"InChI=1S/C2H4O2/c1-2(3)4/h1H3,(H,3,4)",InChI=1S/C6H10O/c7-6-4-2-1-3-5-6/h1-5H2,"InChI=1S/C6H14O/c1-2-3-4-5-6-7/h7H,2-6H2,1H3",,0.1,0.5,0.4,
48.4,Celcius,molar,"InChI=1S/C2H4O2/c1-2(3)4/h1H3,(H,3,4)",InChI=1S/C6H10O/c7-6-4-2-1-3-5-6/h1-5H2,"InChI=1S/C6H14O/c1-2-3-4-5-6-7/h7H,2-6H2,1H3",,0.1,0.6,0.3,
47.9,Celcius,molar,"InChI=1S/C2H4O2/c1-2(3)4/h1H3,(H,3,4)",InChI=1S/C6H10O/c7-6-4-2-1-3-5-6/h1-5H2,"InChI=1S/C6H14O/c1-2-3-4-5-6-7/h7H,2-6H2,1H3",,0.1,0.7,0.2,
46.6,Celcius,molar,"InChI=1S/C2H4O2/c1-2(3)4/h1H3,(H,3,4)",InChI=1S/C6H10O/c7-6-4-2-1-3-5-6/h1-5H2,"InChI=1S/C6H14O/c1-2-3-4-5-6-7/h7H,2-6H2,1H3",,0.1,0.8,0.1,
49.3,Celcius,molar,"InChI=1S/C2H4O2/c1-2(3)4/h1H3,(H,3,4)",InChI=1S/C6H10O/c7-6-4-2-1-3-5-6/h1-5H2,"InChI=1S/C6H14O/c1-2-3-4-5-6-7/h7H,2-6H2,1H3",,0.2,0.4,0.4,
48.1,Celcius,molar,"InChI=1S/C2H4O2/c1-2(3)4/h1H3,(H,3,4)",InChI=1S/C6H10O/c7-6-4-2-1-3-5-6/h1-5H2,"InChI=1S/C6H14O/c1-2-3-4-5-6-7/h7H,2-6H2,1H3",,0.2,0.5,0.3,
47.7,Celcius,molar,"InChI=1S/C2H4O2/c1-2(3)4/h1H3,(H,3,4)",InChI=1S/C6H10O/c7-6-4-2-1-3-5-6/h1-5H2,"InChI=1S/C6H14O/c1-2-3-4-5-6-7/h7H,2-6H2,1H3",,0.2,0.6,0.2,
46.1,Celcius,molar,"InChI=1S/C2H4O2/c1-2(3)4/h1H3,(H,3,4)",InChI=1S/C6H10O/c7-6-4-2-1-3-5-6/h1-5H2,"InChI=1S/C6H14O/c1-2-3-4-5-6-7/h7H,2-6H2,1H3",,0.2,0.7,0.1,
48.7,Celcius,molar,"InChI=1S/C2H4O2/c1-2(3)4/h1H3,(H,3,4)",InChI=1S/C6H10O/c7-6-4-2-1-3-5-6/h1-5H2,"InChI=1S/C6H14O/c1-2-3-4-5-6-7/h7H,2-6H2,1H3",,0.3,0.3,0.4,
47.8,Celcius,molar,"InChI=1S/C2H4O2/c1-2(3)4/h1H3,(H,3,4)",InChI=1S/C6H10O/c7-6-4-2-1-3-5-6/h1-5H2,"InChI=1S/C6H14O/c1-2-3-4-5-6-7/h7H,2-6H2,1H3",,0.3,0.4,0.3,
47.1,Celcius,molar,"InChI=1S/C2H4O2/c1-2(3)4/h1H3,(H,3,4)",InChI=1S/C6H10O/c7-6-4-2-1-3-5-6/h1-5H2,"InChI=1S/C6H14O/c1-2-3-4-5-6-7/h7H,2-6H2,1H3",,0.3,0.5,0.2,
45.9,Celcius,molar,"InChI=1S/C2H4O2/c1-2(3)4/h1H3,(H,3,4)",InChI=1S/C6H10O/c7-6-4-2-1-3-5-6/h1-5H2,"InChI=1S/C6H14O/c1-2-3-4-5-6-7/h7H,2-6H2,1H3",,0.3,0.6,0.1,
48.1,Celcius,molar,"InChI=1S/C2H4O2/c1-2(3)4/h1H3,(H,3,4)",InChI=1S/C6H10O/c7-6-4-2-1-3-5-6/h1-5H2,"InChI=1S/C6H14O/c1-2-3-4-5-6-7/h7H,2-6H2,1H3",,0.4,0.2,0.4,
47.6,Celcius,molar,"InChI=1S/C2H4O2/c1-2(3)4/h1H3,(H,3,4)",InChI=1S/C6H10O/c7-6-4-2-1-3-5-6/h1-5H2,"InChI=1S/C6H14O/c1-2-3-4-5-6-7/h7H,2-6H2,1H3",,0.4,0.3,0.3,
46.6,Celcius,molar,"InChI=1S/C2H4O2/c1-2(3)4/h1H3,(H,3,4)",InChI=1S/C6H10O/c7-6-4-2-1-3-5-6/h1-5H2,"InChI=1S/C6H14O/c1-2-3-4-5-6-7/h7H,2-6H2,1H3",,0.4,0.4,0.2,
4.4,Celcius,molar,"InChI=1S/C2H4O2/c1-2(3)4/h1H3,(H,3,4)",InChI=1S/C6H10O/c7-6-4-2-1-3-5-6/h1-5H2,"InChI=1S/C6H14O/c1-2-3-4-5-6-7/h7H,2-6H2,1H3",,0.4,0.5,0.1,
47.9,Celcius,molar,"InChI=1S/C2H4O2/c1-2(3)4/h1H3,(H,3,4)",InChI=1S/C6H10O/c7-6-4-2-1-3-5-6/h1-5H2,"InChI=1S/C6H14O/c1-2-3-4-5-6-7/h7H,2-6H2,1H3",,0.5,0.1,0.4,
47.1,Celcius,molar,"InChI=1S/C2H4O2/c1-2(3)4/h1H3,(H,3,4)",InChI=1S/C6H10O/c7-6-4-2-1-3-5-6/h1-5H2,"InChI=1S/C6H14O/c1-2-3-4-5-6-7/h7H,2-6H2,1H3",,0.5,0.2,0.3,
45.8,Celcius,molar,"InChI=1S/C2H4O2/c1-2(3)4/h1H3,(H,3,4)",InChI=1S/C6H10O/c7-6-4-2-1-3-5-6/h1-5H2,"InChI=1S/C6H14O/c1-2-3-4-5-6-7/h7H,2-6H2,1H3",,0.5,0.3,0.2,
44.8,Celcius,molar,"InChI=1S/C2H4O2/c1-2(3)4/h1H3,(H,3,4)",InChI=1S/C6H10O/c7-6-4-2-1-3-5-6/h1-5H2,"InChI=1S/C6H14O/c1-2-3-4-5-6-7/h7H,2-6H2,1H3",,0.5,0.4,0.1,
46.4,Celcius,molar,"InChI=1S/C2H4O2/c1-2(3)4/h1H3,(H,3,4)",InChI=1S/C6H10O/c7-6-4-2-1-3-5-6/h1-5H2,"InChI=1S/C6H14O/c1-2-3-4-5-6-7/h7H,2-6H2,1H3",,0.6,0.1,0.3,
44.9,Celcius,molar,"InChI=1S/C2H4O2/c1-2(3)4/h1H3,(H,3,4)",InChI=1S/C6H10O/c7-6-4-2-1-3-5-6/h1-5H2,"InChI=1S/C6H14O/c1-2-3-4-5-6-7/h7H,2-6H2,1H3",,0.6,0.2,0.2,
44.2,Celcius,molar,"InChI=1S/C2H4O2/c1-2(3)4/h1H3,(H,3,4)",InChI=1S/C6H10O/c7-6-4-2-1-3-5-6/h1-5H2,"InChI=1S/C6H14O/c1-2-3-4-5-6-7/h7H,2-6H2,1H3",,0.6,0.3,0.1,
44.1,Celcius,molar,"InChI=1S/C2H4O2/c1-2(3)4/h1H3,(H,3,4)",InChI=1S/C6H10O/c7-6-4-2-1-3-5-6/h1-5H2,"InChI=1S/C6H14O/c1-2-3-4-5-6-7/h7H,2-6H2,1H3",,0.7,0.1,0.2,
43.7,Celcius,molar,"InChI=1S/C2H4O2/c1-2(3)4/h1H3,(H,3,4)",InChI=1S/C6H10O/c7-6-4-2-1-3-5-6/h1-5H2,"InChI=1S/C6H14O/c1-2-3-4-5-6-7/h7H,2-6H2,1H3",,0.7,0.2,0.1,
43.1,Celcius,molar,"InChI=1S/C2H4O2/c1-2(3)4/h1H3,(H,3,4)",InChI=1S/C6H10O/c7-6-4-2-1-3-5-6/h1-5H2,"InChI=1S/C6H14O/c1-2-3-4-5-6-7/h7H,2-6H2,1H3",,0.8,0.1,0.1,
44.9,Celcius,molar,"InChI=1S/C2H4O2/c1-2(3)4/h1H3,(H,3,4)",InChI=1S/C6H10O/c7-6-4-2-1-3-5-6/h1-5H2,,,0.1,0.9,,
44.6,Celcius,molar,"InChI=1S/C2H4O2/c1-2(3)4/h1H3,(H,3,4)",InChI=1S/C6H10O/c7-6-4-2-1-3-5-6/h1-5H2,,,0.2,0.8,,
44.4,Celcius,molar,"InChI=1S/C2H4O2/c1-2(3)4/h1H3,(H,3,4)",InChI=1S/C6H10O/c7-6-4-2-1-3-5-6/h1-5H2,,,0.3,0.7,,
44.0,Celcius,molar,"InChI=1S/C2H4O2/c1-2(3)4/h1H3,(H,3,4)",InChI=1S/C6H10O/c7-6-4-2-1-3-5-6/h1-5H2,,,0.4,0.6,,
43.7,Celcius,molar,"InChI=1S/C2H4O2/c1-2(3)4/h1H3,(H,3,4)",InChI=1S/C6H10O/c7-6-4-2-1-3-5-6/h1-5H2,,,0.5,0.5,,
43.3,Celcius,molar,"InChI=1S/C2H4O2/c1-2(3)4/h1H3,(H,3,4)",InChI=1S/C6H10O/c7-6-4-2-1-3-5-6/h1-5H2,,,0.6,0.4,,
42.8,Celcius,molar,"InChI=1S/C2H4O2/c1-2(3)4/h1H3,(H,3,4)",InChI=1S/C6H10O/c7-6-4-2-1-3-5-6/h1-5H2,,,0.7,0.3,,
42.4,Celcius,molar,"InChI=1S/C2H4O2/c1-2(3)4/h1H3,(H,3,4)",InChI=1S/C6H10O/c7-6-4-2-1-3-5-6/h1-5H2,,,0.8,0.2,,
41.6,Celcius,molar,"InChI=1S/C2H4O2/c1-2(3)4/h1H3,(H,3,4)",InChI=1S/C6H10O/c7-6-4-2-1-3-5-6/h1-5H2,,,0.9,0.1,,
61.8,Celcius,molar,"InChI=1S/C2H4O2/c1-2(3)4/h1H3,(H,3,4)","InChI=1S/C6H14O/c1-2-3-4-5-6-7/h7H,2-6H2,1H3",,,0.1,0.9,,
59.9,Celcius,molar,"InChI=1S/C2H4O2/c1-2(3)4/h1H3,(H,3,4)","InChI=1S/C6H14O/c1-2-3-4-5-6-7/h7H,2-6H2,1H3",,,0.2,0.8,,
57.0,Celcius,molar,"InChI=1S/C2H4O2/c1-2(3)4/h1H3,(H,3,4)","InChI=1S/C6H14O/c1-2-3-4-5-6-7/h7H,2-6H2,1H3",,,0.3,0.7,,
54.5,Celcius,molar,"InChI=1S/C2H4O2/c1-2(3)4/h1H3,(H,3,4)","InChI=1S/C6H14O/c1-2-3-4-5-6-7/h7H,2-6H2,1H3",,,0.4,0.6,,
51.8,Celcius,molar,"InChI=1S/C2H4O2/c1-2(3)4/h1H3,(H,3,4)","InChI=1S/C6H14O/c1-2-3-4-5-6-7/h7H,2-6H2,1H3",,,0.5,0.5,,
49.1,Celcius,molar,"InChI=1S/C2H4O2/c1-2(3)4/h1H3,(H,3,4)","InChI=1S/C6H14O/c1-2-3-4-5-6-7/h7H,2-6H2,1H3",,,0.6,0.4,,
46.6,Celcius,molar,"InChI=1S/C2H4O2/c1-2(3)4/h1H3,(H,3,4)","InChI=1S/C6H14O/c1-2-3-4-5-6-7/h7H,2-6H2,1H3",,,0.7,0.3,,
44.9,Celcius,molar,"InChI=1S/C2H4O2/c1-2(3)4/h1H3,(H,3,4)","InChI=1S/C6H14O/c1-2-3-4-5-6-7/h7H,2-6H2,1H3",,,0.8,0.2,,
43.4,Celcius,molar,"InChI=1S/C2H4O2/c1-2(3)4/h1H3,(H,3,4)","InChI=1S/C6H14O/c1-2-3-4-5-6-7/h7H,2-6H2,1H3",,,0.9,0.1,,
39.5,Celcius,molar,"InChI=1S/C2H4O2/c1-2(3)4/h1H3,(H,3,4)","InChI=1S/C7H14O2/c1-3-5-7(8)9-6-4-2/h3-6H2,1-2H3",,,0.1,0.9,,
39.7,Celcius,molar,"InChI=1S/C2H4O2/c1-2(3)4/h1H3,(H,3,4)","InChI=1S/C7H14O2/c1-3-5-7(8)9-6-4-2/h3-6H2,1-2H3",,,0.2,0.8,,
39.9,Celcius,molar,"InChI=1S/C2H4O2/c1-2(3)4/h1H3,(H,3,4)","InChI=1S/C7H14O2/c1-3-5-7(8)9-6-4-2/h3-6H2,1-2H3",,,0.3,0.7,,
40.0,Celcius,molar,"InChI=1S/C2H4O2/c1-2(3)4/h1H3,(H,3,4)","InChI=1S/C7H14O2/c1-3-5-7(8)9-6-4-2/h3-6H2,1-2H3",,,0.4,0.6,,
40.15,Celcius,molar,"InChI=1S/C2H4O2/c1-2(3)4/h1H3,(H,3,4)","InChI=1S/C7H14O2/c1-3-5-7(8)9-6-4-2/h3-6H2,1-2H3",,,0.5,0.5,,
40.31,Celcius,molar,"InChI=1S/C2H4O2/c1-2(3)4/h1H3,(H,3,4)","InChI=1S/C7H14O2/c1-3-5-7(8)9-6-4-2/h3-6H2,1-2H3",,,0.6,0.4,,
40.41,Celcius,molar,"InChI=1S/C2H4O2/c1-2(3)4/h1H3,(H,3,4)","InChI=1S/C7H14O2/c1-3-5-7(8)9-6-4-2/h3-6H2,1-2H3",,,0.7,0.3,,
40.53,Celcius,molar,"InChI=1S/C2H4O2/c1-2(3)4/h1H3,(H,3,4)","InChI=1S/C7H14O2/c1-3-5-7(8)9-6-4-2/h3-6H2,1-2H3",,,0.8,0.2,,
40.62,Celcius,molar,"InChI=1S/C2H4O2/c1-2(3)4/h1H3,(H,3,4)","InChI=1S/C7H14O2/c1-3-5-7(8)9-6-4-2/h3-6H2,1-2H3",,,0.9,0.1,,
23.25,Celcius,molar,"InChI=1S/C2H4O2/c1-2(3)4/h1H3,(H,3,4)","InChI=1S/C8H10/c1-2-8-6-4-3-5-7-8/h3-7H,2H2,1H3",,,0.1,0.9,,
22.55,Celcius,molar,"InChI=1S/C2H4O2/c1-2(3)4/h1H3,(H,3,4)","InChI=1S/C8H10/c1-2-8-6-4-3-5-7-8/h3-7H,2H2,1H3",,,0.2,0.8,,
22.85,Celcius,molar,"InChI=1S/C2H4O2/c1-2(3)4/h1H3,(H,3,4)","InChI=1S/C8H10/c1-2-8-6-4-3-5-7-8/h3-7H,2H2,1H3",,,0.3,0.7,,
23.0,Celcius,molar,"InChI=1S/C2H4O2/c1-2(3)4/h1H3,(H,3,4)","InChI=1S/C8H10/c1-2-8-6-4-3-5-7-8/h3-7H,2H2,1H3",,,0.4,0.6,,
23.2,Celcius,molar,"InChI=1S/C2H4O2/c1-2(3)4/h1H3,(H,3,4)","InChI=1S/C8H10/c1-2-8-6-4-3-5-7-8/h3-7H,2H2,1H3",,,0.5,0.5,,
23.45,Celcius,molar,"InChI=1S/C2H4O2/c1-2(3)4/h1H3,(H,3,4)","InChI=1S/C8H10/c1-2-8-6-4-3-5-7-8/h3-7H,2H2,1H3",,,0.6,0.4,,
24.65,Celcius,molar,"InChI=1S/C2H4O2/c1-2(3)4/h1H3,(H,3,4)","InChI=1S/C8H10/c1-2-8-6-4-3-5-7-8/h3-7H,2H2,1H3",,,0.7,0.3,,
26.0,Celcius,molar,"InChI=1S/C2H4O2/c1-2(3)4/h1H3,(H,3,4)","InChI=1S/C8H10/c1-2-8-6-4-3-5-7-8/h3-7H,2H2,1H3",,,0.8,0.2,,
28.65,Celcius,molar,"InChI=1S/C2H4O2/c1-2(3)4/h1H3,(H,3,4)","InChI=1S/C8H10/c1-2-8-6-4-3-5-7-8/h3-7H,2H2,1H3",,,0.9,0.1,,
-0.1499999999999772,Celcius,molar,"InChI=1S/C2H6O/c1-2-3/h3H,2H2,1H3",InChI=1S/C3H6O/c1-3(2)4/h1-2H3,"InChI=1S/CH4O/c1-2/h2H,1H3",,0.1,0.1,0.8,
-5.75,Celcius,molar,"InChI=1S/C2H6O/c1-2-3/h3H,2H2,1H3",InChI=1S/C3H6O/c1-3(2)4/h1-2H3,"InChI=1S/CH4O/c1-2/h2H,1H3",,0.1,0.2,0.7,
-8.849999999999966,Celcius,molar,"InChI=1S/C2H6O/c1-2-3/h3H,2H2,1H3",InChI=1S/C3H6O/c1-3(2)4/h1-2H3,"InChI=1S/CH4O/c1-2/h2H,1H3",,0.1,0.3,0.6,
-14.949999999999989,Celcius,molar,"InChI=1S/C2H6O/c1-2-3/h3H,2H2,1H3",InChI=1S/C3H6O/c1-3(2)4/h1-2H3,"InChI=1S/CH4O/c1-2/h2H,1H3",,0.1,0.6,0.3,
-4.449999999999989,Celcius,molar,"InChI=1S/C2H6O/c1-2-3/h3H,2H2,1H3",InChI=1S/C3H6O/c1-3(2)4/h1-2H3,"InChI=1S/CH4O/c1-2/h2H,1H3",,0.7,0.2,0.1,
-1.4499999999999886,Celcius,molar,"InChI=1S/C2H6O/c1-2-3/h3H,2H2,1H3",InChI=1S/C3H6O/c1-3(2)4/h1-2H3,"InChI=1S/CH4O/c1-2/h2H,1H3",,0.8,0.1,0.1,
-5.75,Celcius,molar,"InChI=1S/C2H6O/c1-2-3/h3H,2H2,1H3","InChI=1S/C4H8O2/c1-3-6-4(2)5/h3H2,1-2H3","InChI=1S/C7H8/c1-7-5-3-2-4-6-7/h2-6H,1H3",,0.176,0.736,0.088,
-3.4499999999999886,Celcius,molar,"InChI=1S/C2H6O/c1-2-3/h3H,2H2,1H3","InChI=1S/C4H8O2/c1-3-6-4(2)5/h3H2,1-2H3","InChI=1S/C7H8/c1-7-5-3-2-4-6-7/h2-6H,1H3",,0.328,0.344,0.328,
-2.9499999999999886,Celcius,molar,"InChI=1S/C2H6O/c1-2-3/h3H,2H2,1H3","InChI=1S/C4H8O2/c1-3-6-4(2)5/h3H2,1-2H3","InChI=1S/C7H8/c1-7-5-3-2-4-6-7/h2-6H,1H3",,0.494,0.259,0.247,
-3.4499999999999886,Celcius,molar,"InChI=1S/C2H6O/c1-2-3/h3H,2H2,1H3","InChI=1S/C4H8O2/c1-3-6-4(2)5/h3H2,1-2H3","InChI=1S/C7H8/c1-7-5-3-2-4-6-7/h2-6H,1H3",,0.564,0.295,0.141,
-1.849999999999966,Celcius,molar,"InChI=1S/C2H6O/c1-2-3/h3H,2H2,1H3","InChI=1S/C4H8O2/c1-3-6-4(2)5/h3H2,1-2H3","InChI=1S/C7H8/c1-7-5-3-2-4-6-7/h2-6H,1H3",,0.568,0.148,0.284,
1.5500000000000114,Celcius,molar,"InChI=1S/C2H6O/c1-2-3/h3H,2H2,1H3","InChI=1S/C4H8O2/c1-3-6-4(2)5/h3H2,1-2H3","InChI=1S/C7H8/c1-7-5-3-2-4-6-7/h2-6H,1H3",,0.856,0.03,0.114,
2.050000000000012,Celcius,molar,"InChI=1S/C2H6O/c1-2-3/h3H,2H2,1H3","InChI=1S/C4H8O2/c1-3-6-4(2)5/h3H2,1-2H3","InChI=1S/C7H8/c1-7-5-3-2-4-6-7/h2-6H,1H3",,0.887,0.058,0.055,
-4.149999999999977,Celcius,molar,"InChI=1S/C2H6O/c1-2-3/h3H,2H2,1H3","InChI=1S/C4H8O2/c1-3-6-4(2)5/h3H2,1-2H3",,,0.083,0.917,,
-1.6499999999999773,Celcius,molar,"InChI=1S/C2H6O/c1-2-3/h3H,2H2,1H3","InChI=1S/C4H8O2/c1-3-6-4(2)5/h3H2,1-2H3",,,0.092,0.908,,
-1.1499999999999773,Celcius,molar,"InChI=1S/C2H6O/c1-2-3/h3H,2H2,1H3","InChI=1S/C4H8O2/c1-3-6-4(2)5/h3H2,1-2H3",,,0.104,0.896,,
-1.1499999999999773,Celcius,molar,"InChI=1S/C2H6O/c1-2-3/h3H,2H2,1H3","InChI=1S/C4H8O2/c1-3-6-4(2)5/h3H2,1-2H3",,,0.119,0.881,,
-0.1499999999999772,Celcius,molar,"InChI=1S/C2H6O/c1-2-3/h3H,2H2,1H3","InChI=1S/C4H8O2/c1-3-6-4(2)5/h3H2,1-2H3",,,0.14,0.86,,
1.8500000000000227,Celcius,molar,"InChI=1S/C2H6O/c1-2-3/h3H,2H2,1H3","InChI=1S/C4H8O2/c1-3-6-4(2)5/h3H2,1-2H3",,,0.169,0.831,,
3.850000000000023,Celcius,molar,"InChI=1S/C2H6O/c1-2-3/h3H,2H2,1H3","InChI=1S/C4H8O2/c1-3-6-4(2)5/h3H2,1-2H3",,,0.213,0.787,,
6.850000000000023,Celcius,molar,"InChI=1S/C2H6O/c1-2-3/h3H,2H2,1H3","InChI=1S/C4H8O2/c1-3-6-4(2)5/h3H2,1-2H3",,,0.289,0.711,,
7.850000000000023,Celcius,molar,"InChI=1S/C2H6O/c1-2-3/h3H,2H2,1H3","InChI=1S/C4H8O2/c1-3-6-4(2)5/h3H2,1-2H3",,,0.448,0.552,,
39.5,Celcius,molar,"InChI=1S/C2H6O/c1-2-3/h3H,2H2,1H3","InChI=1S/C6H14O2/c1-2-3-5-8-6-4-7/h7H,2-6H2,1H3",,,0.044,0.956,,
33.5,Celcius,molar,"InChI=1S/C2H6O/c1-2-3/h3H,2H2,1H3","InChI=1S/C6H14O2/c1-2-3-5-8-6-4-7/h7H,2-6H2,1H3",,,0.199,0.801,,
28.5,Celcius,molar,"InChI=1S/C2H6O/c1-2-3/h3H,2H2,1H3","InChI=1S/C6H14O2/c1-2-3-5-8-6-4-7/h7H,2-6H2,1H3",,,0.359,0.641,,
26.5,Celcius,molar,"InChI=1S/C2H6O/c1-2-3/h3H,2H2,1H3","InChI=1S/C6H14O2/c1-2-3-5-8-6-4-7/h7H,2-6H2,1H3",,,0.49,0.51,,
22.5,Celcius,molar,"InChI=1S/C2H6O/c1-2-3/h3H,2H2,1H3","InChI=1S/C6H14O2/c1-2-3-5-8-6-4-7/h7H,2-6H2,1H3",,,0.599,0.401,,
20.5,Celcius,molar,"InChI=1S/C2H6O/c1-2-3/h3H,2H2,1H3","InChI=1S/C6H14O2/c1-2-3-5-8-6-4-7/h7H,2-6H2,1H3",,,0.692,0.308,,
19.5,Celcius,molar,"InChI=1S/C2H6O/c1-2-3/h3H,2H2,1H3","InChI=1S/C6H14O2/c1-2-3-5-8-6-4-7/h7H,2-6H2,1H3",,,0.771,0.229,,
19.5,Celcius,molar,"InChI=1S/C2H6O/c1-2-3/h3H,2H2,1H3","InChI=1S/C6H14O2/c1-2-3-5-8-6-4-7/h7H,2-6H2,1H3",,,0.839,0.161,,
19.5,Celcius,molar,"InChI=1S/C2H6O/c1-2-3/h3H,2H2,1H3","InChI=1S/C6H14O2/c1-2-3-5-8-6-4-7/h7H,2-6H2,1H3",,,0.9,0.1,,
17.5,Celcius,molar,"InChI=1S/C2H6O/c1-2-3/h3H,2H2,1H3","InChI=1S/C6H14O2/c1-2-3-5-8-6-4-7/h7H,2-6H2,1H3",,,0.953,0.047,,
2.75,Celcius,molar,"InChI=1S/C2H6O/c1-2-3/h3H,2H2,1H3","InChI=1S/C7H8/c1-7-5-3-2-4-6-7/h2-6H,1H3",,,0.168,0.832,,
2.75,Celcius,molar,"InChI=1S/C2H6O/c1-2-3/h3H,2H2,1H3","InChI=1S/C7H8/c1-7-5-3-2-4-6-7/h2-6H,1H3",,,0.313,0.687,,
3.75,Celcius,molar,"InChI=1S/C2H6O/c1-2-3/h3H,2H2,1H3","InChI=1S/C7H8/c1-7-5-3-2-4-6-7/h2-6H,1H3",,,0.438,0.562,,
3.75,Celcius,molar,"InChI=1S/C2H6O/c1-2-3/h3H,2H2,1H3","InChI=1S/C7H8/c1-7-5-3-2-4-6-7/h2-6H,1H3",,,0.548,0.452,,
3.75,Celcius,molar,"InChI=1S/C2H6O/c1-2-3/h3H,2H2,1H3","InChI=1S/C7H8/c1-7-5-3-2-4-6-7/h2-6H,1H3",,,0.646,0.354,,
3.75,Celcius,molar,"InChI=1S/C2H6O/c1-2-3/h3H,2H2,1H3","InChI=1S/C7H8/c1-7-5-3-2-4-6-7/h2-6H,1H3",,,0.732,0.268,,
4.75,Celcius,molar,"InChI=1S/C2H6O/c1-2-3/h3H,2H2,1H3","InChI=1S/C7H8/c1-7-5-3-2-4-6-7/h2-6H,1H3",,,0.81,0.19,,
6.75,Celcius,molar,"InChI=1S/C2H6O/c1-2-3/h3H,2H2,1H3","InChI=1S/C7H8/c1-7-5-3-2-4-6-7/h2-6H,1H3",,,0.879,0.121,,
8.850000000000023,Celcius,molar,"InChI=1S/C2H6O/c1-2-3/h3H,2H2,1H3","InChI=1S/C7H8/c1-7-5-3-2-4-6-7/h2-6H,1H3",,,0.943,0.057,,
7.850000000000023,Celcius,molar,"InChI=1S/C2H6O/c1-2-3/h3H,2H2,1H3","InChI=1S/C7H8/c1-7-5-3-2-4-6-7/h2-6H,1H3",,,0.966,0.034,,
10.850000000000025,Celcius,molar,"InChI=1S/C2H6O/c1-2-3/h3H,2H2,1H3","InChI=1S/C7H8/c1-7-5-3-2-4-6-7/h2-6H,1H3",,,0.989,0.011,,
9.06,Celcius,molar,"InChI=1S/C2H6O/c1-2-3/h3H,2H2,1H3","InChI=1S/C8H18/c1-3-5-7-8-6-4-2/h3-8H2,1-2H3",,,0.03,0.97,,
8.06,Celcius,molar,"InChI=1S/C2H6O/c1-2-3/h3H,2H2,1H3","InChI=1S/C8H18/c1-3-5-7-8-6-4-2/h3-8H2,1-2H3",,,0.04,0.96,,
7.56,Celcius,molar,"InChI=1S/C2H6O/c1-2-3/h3H,2H2,1H3","InChI=1S/C8H18/c1-3-5-7-8-6-4-2/h3-8H2,1-2H3",,,0.05,0.95,,
10.950000000000044,Celcius,molar,"InChI=1S/C2H6O/c1-2-3/h3H,2H2,1H3","InChI=1S/C8H18/c1-3-5-7-8-6-4-2/h3-8H2,1-2H3",,,0.054,0.946,,
5.55,Celcius,molar,"InChI=1S/C2H6O/c1-2-3/h3H,2H2,1H3","InChI=1S/C8H18/c1-3-5-7-8-6-4-2/h3-8H2,1-2H3",,,0.1,0.9,,
5.53,Celcius,molar,"InChI=1S/C2H6O/c1-2-3/h3H,2H2,1H3","InChI=1S/C8H18/c1-3-5-7-8-6-4-2/h3-8H2,1-2H3",,,0.2,0.8,,
8.950000000000045,Celcius,molar,"InChI=1S/C2H6O/c1-2-3/h3H,2H2,1H3","InChI=1S/C8H18/c1-3-5-7-8-6-4-2/h3-8H2,1-2H3",,,0.236,0.764,,
5.06,Celcius,molar,"InChI=1S/C2H6O/c1-2-3/h3H,2H2,1H3","InChI=1S/C8H18/c1-3-5-7-8-6-4-2/h3-8H2,1-2H3",,,0.3,0.7,,
5.56,Celcius,molar,"InChI=1S/C2H6O/c1-2-3/h3H,2H2,1H3","InChI=1S/C8H18/c1-3-5-7-8-6-4-2/h3-8H2,1-2H3",,,0.4,0.6,,
6.9500000000000455,Celcius,molar,"InChI=1S/C2H6O/c1-2-3/h3H,2H2,1H3","InChI=1S/C8H18/c1-3-5-7-8-6-4-2/h3-8H2,1-2H3",,,0.41,0.59,,
5.05,Celcius,molar,"InChI=1S/C2H6O/c1-2-3/h3H,2H2,1H3","InChI=1S/C8H18/c1-3-5-7-8-6-4-2/h3-8H2,1-2H3",,,0.5,0.5,,
6.9500000000000455,Celcius,molar,"InChI=1S/C2H6O/c1-2-3/h3H,2H2,1H3","InChI=1S/C8H18/c1-3-5-7-8-6-4-2/h3-8H2,1-2H3",,,0.544,0.456,,
5.06,Celcius,molar,"InChI=1S/C2H6O/c1-2-3/h3H,2H2,1H3","InChI=1S/C8H18/c1-3-5-7-8-6-4-2/h3-8H2,1-2H3",,,0.6,0.4,,
5.9500000000000455,Celcius,molar,"InChI=1S/C2H6O/c1-2-3/h3H,2H2,1H3","InChI=1S/C8H18/c1-3-5-7-8-6-4-2/h3-8H2,1-2H3",,,0.65,0.35,,
5.06,Celcius,molar,"InChI=1S/C2H6O/c1-2-3/h3H,2H2,1H3","InChI=1S/C8H18/c1-3-5-7-8-6-4-2/h3-8H2,1-2H3",,,0.7,0.3,,
5.9500000000000455,Celcius,molar,"InChI=1S/C2H6O/c1-2-3/h3H,2H2,1H3","InChI=1S/C8H18/c1-3-5-7-8-6-4-2/h3-8H2,1-2H3",,,0.736,0.264,,
5.55,Celcius,molar,"InChI=1S/C2H6O/c1-2-3/h3H,2H2,1H3","InChI=1S/C8H18/c1-3-5-7-8-6-4-2/h3-8H2,1-2H3",,,0.8,0.2,,
5.9500000000000455,Celcius,molar,"InChI=1S/C2H6O/c1-2-3/h3H,2H2,1H3","InChI=1S/C8H18/c1-3-5-7-8-6-4-2/h3-8H2,1-2H3",,,0.807,0.193,,
5.9500000000000455,Celcius,molar,"InChI=1S/C2H6O/c1-2-3/h3H,2H2,1H3","InChI=1S/C8H18/c1-3-5-7-8-6-4-2/h3-8H2,1-2H3",,,0.866,0.134,,
5.55,Celcius,molar,"InChI=1S/C2H6O/c1-2-3/h3H,2H2,1H3","InChI=1S/C8H18/c1-3-5-7-8-6-4-2/h3-8H2,1-2H3",,,0.9,0.1,,
7.950000000000045,Celcius,molar,"InChI=1S/C2H6O/c1-2-3/h3H,2H2,1H3","InChI=1S/C8H18/c1-3-5-7-8-6-4-2/h3-8H2,1-2H3",,,0.918,0.082,,
7.55,Celcius,molar,"InChI=1S/C2H6O/c1-2-3/h3H,2H2,1H3","InChI=1S/C8H18/c1-3-5-7-8-6-4-2/h3-8H2,1-2H3",,,0.95,0.05,,
5.9500000000000455,Celcius,molar,"InChI=1S/C2H6O/c1-2-3/h3H,2H2,1H3","InChI=1S/C8H18/c1-3-5-7-8-6-4-2/h3-8H2,1-2H3",,,0.962,0.038,,
9.53,Celcius,molar,"InChI=1S/C2H6O/c1-2-3/h3H,2H2,1H3","InChI=1S/C8H18/c1-3-5-7-8-6-4-2/h3-8H2,1-2H3",,,0.98,0.02,,
7.950000000000045,Celcius,molar,"InChI=1S/C2H6O/c1-2-3/h3H,2H2,1H3","InChI=1S/C8H18/c1-3-5-7-8-6-4-2/h3-8H2,1-2H3",,,0.993,0.007,,
12.25,Celcius,molar,"InChI=1S/C2H6O/c1-2-3/h3H,2H2,1H3","InChI=1S/CH4O/c1-2/h2H,1H3",,,0.014,0.986,,
13.25,Celcius,molar,"InChI=1S/C2H6O/c1-2-3/h3H,2H2,1H3","InChI=1S/CH4O/c1-2/h2H,1H3",,,0.028,0.972,,
12.25,Celcius,molar,"InChI=1S/C2H6O/c1-2-3/h3H,2H2,1H3","InChI=1S/CH4O/c1-2/h2H,1H3",,,0.042,0.958,,
12.25,Celcius,molar,"InChI=1S/C2H6O/c1-2-3/h3H,2H2,1H3","InChI=1S/CH4O/c1-2/h2H,1H3",,,0.057,0.943,,
13.25,Celcius,molar,"InChI=1S/C2H6O/c1-2-3/h3H,2H2,1H3","InChI=1S/CH4O/c1-2/h2H,1H3",,,0.072,0.928,,
13.25,Celcius,molar,"InChI=1S/C2H6O/c1-2-3/h3H,2H2,1H3","InChI=1S/CH4O/c1-2/h2H,1H3",,,0.148,0.852,,
13.25,Celcius,molar,"InChI=1S/C2H6O/c1-2-3/h3H,2H2,1H3","InChI=1S/CH4O/c1-2/h2H,1H3",,,0.229,0.771,,
13.25,Celcius,molar,"InChI=1S/C2H6O/c1-2-3/h3H,2H2,1H3","InChI=1S/CH4O/c1-2/h2H,1H3",,,0.316,0.684,,
13.25,Celcius,molar,"InChI=1S/C2H6O/c1-2-3/h3H,2H2,1H3","InChI=1S/CH4O/c1-2/h2H,1H3",,,0.41,0.59,,
13.25,Celcius,molar,"InChI=1S/C2H6O/c1-2-3/h3H,2H2,1H3","InChI=1S/CH4O/c1-2/h2H,1H3",,,0.51,0.49,,
15.25,Celcius,molar,"InChI=1S/C2H6O/c1-2-3/h3H,2H2,1H3","InChI=1S/CH4O/c1-2/h2H,1H3",,,0.618,0.382,,
15.150000000000034,Celcius,molar,"InChI=1S/C2H6O/c1-2-3/h3H,2H2,1H3","InChI=1S/CH4O/c1-2/h2H,1H3",,,0.735,0.265,,
13.150000000000034,Celcius,molar,"InChI=1S/C2H6O/c1-2-3/h3H,2H2,1H3","InChI=1S/CH4O/c1-2/h2H,1H3",,,0.862,0.138,,
15.5,Celcius,molar,"InChI=1S/C2H6O2/c3-1-2-4/h3-4H,1-2H2","InChI=1S/C3H8O/c1-2-3-4/h4H,2-3H2,1H3",,,0.348,0.652,,
16.0,Celcius,molar,"InChI=1S/C2H6O2/c3-1-2-4/h3-4H,1-2H2","InChI=1S/C3H8O/c1-2-3-4/h4H,2-3H2,1H3",,,0.65,0.35,,
20.0,Celcius,molar,"InChI=1S/C2H6O2/c3-1-2-4/h3-4H,1-2H2","InChI=1S/C3H8O/c1-2-3-4/h4H,2-3H2,1H3",,,0.799,0.201,,
26.0,Celcius,molar,"InChI=1S/C2H6O2/c3-1-2-4/h3-4H,1-2H2","InChI=1S/C3H8O/c1-2-3-4/h4H,2-3H2,1H3",,,0.881,0.119,,
33.0,Celcius,molar,"InChI=1S/C2H6O2/c3-1-2-4/h3-4H,1-2H2","InChI=1S/C3H8O/c1-2-3-4/h4H,2-3H2,1H3",,,0.93,0.07,,
73.0,Celcius,molar,"InChI=1S/C2H6O2/c3-1-2-4/h3-4H,1-2H2","InChI=1S/C3H8O/c1-2-3-4/h4H,2-3H2,1H3",,,0.99,0.01,,
14.3,Celcius,molar,"InChI=1S/C2H6O2/c3-1-2-4/h3-4H,1-2H2","InChI=1S/C3H8O/c1-3(2)4/h3-4H,1-2H3",,,0.154,0.846,,
22.0,Celcius,molar,"InChI=1S/C2H6O2/c3-1-2-4/h3-4H,1-2H2","InChI=1S/C3H8O/c1-3(2)4/h3-4H,1-2H3",,,0.401,0.599,,
22.5,Celcius,molar,"InChI=1S/C2H6O2/c3-1-2-4/h3-4H,1-2H2","InChI=1S/C3H8O/c1-3(2)4/h3-4H,1-2H3",,,0.598,0.402,,
26.5,Celcius,molar,"InChI=1S/C2H6O2/c3-1-2-4/h3-4H,1-2H2","InChI=1S/C3H8O/c1-3(2)4/h3-4H,1-2H3",,,0.75,0.25,,
31.0,Celcius,molar,"InChI=1S/C2H6O2/c3-1-2-4/h3-4H,1-2H2","InChI=1S/C3H8O/c1-3(2)4/h3-4H,1-2H3",,,0.85,0.15,,
36.0,Celcius,molar,"InChI=1S/C2H6O2/c3-1-2-4/h3-4H,1-2H2","InChI=1S/C3H8O/c1-3(2)4/h3-4H,1-2H3",,,0.886,0.114,,
47.0,Celcius,molar,"InChI=1S/C2H6O2/c3-1-2-4/h3-4H,1-2H2","InChI=1S/C3H8O/c1-3(2)4/h3-4H,1-2H3",,,0.939,0.061,,
63.5,Celcius,molar,"InChI=1S/C2H6O2/c3-1-2-4/h3-4H,1-2H2","InChI=1S/C3H8O/c1-3(2)4/h3-4H,1-2H3",,,0.973,0.027,,
85.0,Celcius,molar,"InChI=1S/C2H6O2/c3-1-2-4/h3-4H,1-2H2","InChI=1S/C3H8O/c1-3(2)4/h3-4H,1-2H3",,,0.991,0.009,,
32.5,Celcius,molar,"InChI=1S/C2H6O2/c3-1-2-4/h3-4H,1-2H2","InChI=1S/C4H10O/c1-4(2)3-5/h4-5H,3H2,1-2H3",,,0.148,0.852,,
33.0,Celcius,molar,"InChI=1S/C2H6O2/c3-1-2-4/h3-4H,1-2H2","InChI=1S/C4H10O/c1-4(2)3-5/h4-5H,3H2,1-2H3",,,0.249,0.751,,
35.0,Celcius,molar,"InChI=1S/C2H6O2/c3-1-2-4/h3-4H,1-2H2","InChI=1S/C4H10O/c1-4(2)3-5/h4-5H,3H2,1-2H3",,,0.485,0.515,,
37.0,Celcius,molar,"InChI=1S/C2H6O2/c3-1-2-4/h3-4H,1-2H2","InChI=1S/C4H10O/c1-4(2)3-5/h4-5H,3H2,1-2H3",,,0.601,0.399,,
40.0,Celcius,molar,"InChI=1S/C2H6O2/c3-1-2-4/h3-4H,1-2H2","InChI=1S/C4H10O/c1-4(2)3-5/h4-5H,3H2,1-2H3",,,0.75,0.25,,
45.0,Celcius,molar,"InChI=1S/C2H6O2/c3-1-2-4/h3-4H,1-2H2","InChI=1S/C4H10O/c1-4(2)3-5/h4-5H,3H2,1-2H3",,,0.851,0.149,,
51.5,Celcius,molar,"InChI=1S/C2H6O2/c3-1-2-4/h3-4H,1-2H2","InChI=1S/C4H10O/c1-4(2)3-5/h4-5H,3H2,1-2H3",,,0.929,0.071,,
64.0,Celcius,molar,"InChI=1S/C2H6O2/c3-1-2-4/h3-4H,1-2H2","InChI=1S/C4H10O/c1-4(2)3-5/h4-5H,3H2,1-2H3",,,0.969,0.031,,
36.80000000000001,Celcius,molar,"InChI=1S/C3H6O2/c1-2-3(4)5/h2H2,1H3,(H,4,5)","InChI=1S/C4H10O/c1-2-3-4-5/h5H,2-4H2,1H3",,,0.12,0.88,,
39.900000000000034,Celcius,molar,"InChI=1S/C3H6O2/c1-2-3(4)5/h2H2,1H3,(H,4,5)","InChI=1S/C4H10O/c1-2-3-4-5/h5H,2-4H2,1H3",,,0.235,0.765,,
41.80000000000001,Celcius,molar,"InChI=1S/C3H6O2/c1-2-3(4)5/h2H2,1H3,(H,4,5)","InChI=1S/C4H10O/c1-2-3-4-5/h5H,2-4H2,1H3",,,0.345,0.655,,
42.80000000000001,Celcius,molar,"InChI=1S/C3H6O2/c1-2-3(4)5/h2H2,1H3,(H,4,5)","InChI=1S/C4H10O/c1-2-3-4-5/h5H,2-4H2,1H3",,,0.45,0.55,,
45.0,Celcius,molar,"InChI=1S/C3H6O2/c1-2-3(4)5/h2H2,1H3,(H,4,5)","InChI=1S/C4H10O/c1-2-3-4-5/h5H,2-4H2,1H3",,,0.551,0.449,,
46.0,Celcius,molar,"InChI=1S/C3H6O2/c1-2-3(4)5/h2H2,1H3,(H,4,5)","InChI=1S/C4H10O/c1-2-3-4-5/h5H,2-4H2,1H3",,,0.648,0.352,,
46.0,Celcius,molar,"InChI=1S/C3H6O2/c1-2-3(4)5/h2H2,1H3,(H,4,5)","InChI=1S/C4H10O/c1-2-3-4-5/h5H,2-4H2,1H3",,,0.741,0.259,,
47.80000000000001,Celcius,molar,"InChI=1S/C3H6O2/c1-2-3(4)5/h2H2,1H3,(H,4,5)","InChI=1S/C4H10O/c1-2-3-4-5/h5H,2-4H2,1H3",,,0.831,0.169,,
49.80000000000001,Celcius,molar,"InChI=1S/C3H6O2/c1-2-3(4)5/h2H2,1H3,(H,4,5)","InChI=1S/C4H10O/c1-2-3-4-5/h5H,2-4H2,1H3",,,0.917,0.083,,
-2.9,Celcius,molar,InChI=1S/C3H6O2/c1-3(4)5-2/h1-2H3,"InChI=1S/C4H6O2/c1-3-4(5)6-2/h3H,1H2,2H3",,,0.1,0.9,,
-4.9,Celcius,molar,InChI=1S/C3H6O2/c1-3(4)5-2/h1-2H3,"InChI=1S/C4H6O2/c1-3-4(5)6-2/h3H,1H2,2H3",,,0.2,0.8,,
-5.6,Celcius,molar,InChI=1S/C3H6O2/c1-3(4)5-2/h1-2H3,"InChI=1S/C4H6O2/c1-3-4(5)6-2/h3H,1H2,2H3",,,0.3,0.7,,
-7.8,Celcius,molar,InChI=1S/C3H6O2/c1-3(4)5-2/h1-2H3,"InChI=1S/C4H6O2/c1-3-4(5)6-2/h3H,1H2,2H3",,,0.4,0.6,,
-8.8,Celcius,molar,InChI=1S/C3H6O2/c1-3(4)5-2/h1-2H3,"InChI=1S/C4H6O2/c1-3-4(5)6-2/h3H,1H2,2H3",,,0.5,0.5,,
-10.5,Celcius,molar,InChI=1S/C3H6O2/c1-3(4)5-2/h1-2H3,"InChI=1S/C4H6O2/c1-3-4(5)6-2/h3H,1H2,2H3",,,0.6,0.4,,
-11.6,Celcius,molar,InChI=1S/C3H6O2/c1-3(4)5-2/h1-2H3,"InChI=1S/C4H6O2/c1-3-4(5)6-2/h3H,1H2,2H3",,,0.7,0.3,,
-11.9,Celcius,molar,InChI=1S/C3H6O2/c1-3(4)5-2/h1-2H3,"InChI=1S/C4H6O2/c1-3-4(5)6-2/h3H,1H2,2H3",,,0.8,0.2,,
-13.5,Celcius,molar,InChI=1S/C3H6O2/c1-3(4)5-2/h1-2H3,"InChI=1S/C4H6O2/c1-3-4(5)6-2/h3H,1H2,2H3",,,0.9,0.1,,
7.650000000000034,Celcius,molar,InChI=1S/C3H6O2/c1-3(4)5-2/h1-2H3,"InChI=1S/CH4O/c1-2/h2H,1H3",,,0.01,0.99,,
3.47,Celcius,molar,InChI=1S/C3H6O2/c1-3(4)5-2/h1-2H3,"InChI=1S/CH4O/c1-2/h2H,1H3",,,0.05,0.95,,
4.350000000000023,Celcius,molar,InChI=1S/C3H6O2/c1-3(4)5-2/h1-2H3,"InChI=1S/CH4O/c1-2/h2H,1H3",,,0.054,0.946,,
-0.06,Celcius,molar,InChI=1S/C3H6O2/c1-3(4)5-2/h1-2H3,"InChI=1S/CH4O/c1-2/h2H,1H3",,,0.1,0.9,,
-1.1499999999999773,Celcius,molar,InChI=1S/C3H6O2/c1-3(4)5-2/h1-2H3,"InChI=1S/CH4O/c1-2/h2H,1H3",,,0.113,0.887,,
-2.99,Celcius,molar,InChI=1S/C3H6O2/c1-3(4)5-2/h1-2H3,"InChI=1S/CH4O/c1-2/h2H,1H3",,,0.15,0.85,,
-4.149999999999977,Celcius,molar,InChI=1S/C3H6O2/c1-3(4)5-2/h1-2H3,"InChI=1S/CH4O/c1-2/h2H,1H3",,,0.179,0.821,,
-5.528,Celcius,molar,InChI=1S/C3H6O2/c1-3(4)5-2/h1-2H3,"InChI=1S/CH4O/c1-2/h2H,1H3",,,0.2,0.8,,
-7.149999999999977,Celcius,molar,InChI=1S/C3H6O2/c1-3(4)5-2/h1-2H3,"InChI=1S/CH4O/c1-2/h2H,1H3",,,0.254,0.746,,
-8.46,Celcius,molar,InChI=1S/C3H6O2/c1-3(4)5-2/h1-2H3,"InChI=1S/CH4O/c1-2/h2H,1H3",,,0.3,0.7,,
-8.149999999999977,Celcius,molar,InChI=1S/C3H6O2/c1-3(4)5-2/h1-2H3,"InChI=1S/CH4O/c1-2/h2H,1H3",,,0.338,0.662,,
-10.0,Celcius,molar,InChI=1S/C3H6O2/c1-3(4)5-2/h1-2H3,"InChI=1S/CH4O/c1-2/h2H,1H3",,,0.4,0.6,,
-9.149999999999975,Celcius,molar,InChI=1S/C3H6O2/c1-3(4)5-2/h1-2H3,"InChI=1S/CH4O/c1-2/h2H,1H3",,,0.433,0.567,,
-10.99,Celcius,molar,InChI=1S/C3H6O2/c1-3(4)5-2/h1-2H3,"InChI=1S/CH4O/c1-2/h2H,1H3",,,0.5,0.5,,
-10.149999999999975,Celcius,molar,InChI=1S/C3H6O2/c1-3(4)5-2/h1-2H3,"InChI=1S/CH4O/c1-2/h2H,1H3",,,0.543,0.457,,
-11.98,Celcius,molar,InChI=1S/C3H6O2/c1-3(4)5-2/h1-2H3,"InChI=1S/CH4O/c1-2/h2H,1H3",,,0.6,0.4,,
-11.449999999999989,Celcius,molar,InChI=1S/C3H6O2/c1-3(4)5-2/h1-2H3,"InChI=1S/CH4O/c1-2/h2H,1H3",,,0.671,0.329,,
-12.97,Celcius,molar,InChI=1S/C3H6O2/c1-3(4)5-2/h1-2H3,"InChI=1S/CH4O/c1-2/h2H,1H3",,,0.7,0.3,,
-13.52,Celcius,molar,InChI=1S/C3H6O2/c1-3(4)5-2/h1-2H3,"InChI=1S/CH4O/c1-2/h2H,1H3",,,0.8,0.2,,
-12.349999999999966,Celcius,molar,InChI=1S/C3H6O2/c1-3(4)5-2/h1-2H3,"InChI=1S/CH4O/c1-2/h2H,1H3",,,0.821,0.179,,
-13.95,Celcius,molar,InChI=1S/C3H6O2/c1-3(4)5-2/h1-2H3,"InChI=1S/CH4O/c1-2/h2H,1H3",,,0.9,0.1,,
-4.149999999999977,Celcius,molar,"InChI=1S/C3H8O/c1-2-3-4/h4H,2-3H2,1H3","InChI=1S/C7H16/c1-3-5-7-6-4-2/h3-7H2,1-2H3",,,0.179,0.821,,
-3.1499999999999773,Celcius,molar,"InChI=1S/C3H8O/c1-2-3-4/h4H,2-3H2,1H3","InChI=1S/C7H16/c1-3-5-7-6-4-2/h3-7H2,1-2H3",,,0.329,0.671,,
-3.1499999999999773,Celcius,molar,"InChI=1S/C3H8O/c1-2-3-4/h4H,2-3H2,1H3","InChI=1S/C7H16/c1-3-5-7-6-4-2/h3-7H2,1-2H3",,,0.457,0.543,,
-3.1499999999999773,Celcius,molar,"InChI=1S/C3H8O/c1-2-3-4/h4H,2-3H2,1H3","InChI=1S/C7H16/c1-3-5-7-6-4-2/h3-7H2,1-2H3",,,0.567,0.433,,
-3.1499999999999773,Celcius,molar,"InChI=1S/C3H8O/c1-2-3-4/h4H,2-3H2,1H3","InChI=1S/C7H16/c1-3-5-7-6-4-2/h3-7H2,1-2H3",,,0.662,0.338,,
-2.25,Celcius,molar,"InChI=1S/C3H8O/c1-2-3-4/h4H,2-3H2,1H3","InChI=1S/C7H16/c1-3-5-7-6-4-2/h3-7H2,1-2H3",,,0.746,0.254,,
-0.25,Celcius,molar,"InChI=1S/C3H8O/c1-2-3-4/h4H,2-3H2,1H3","InChI=1S/C7H16/c1-3-5-7-6-4-2/h3-7H2,1-2H3",,,0.821,0.179,,
1.75,Celcius,molar,"InChI=1S/C3H8O/c1-2-3-4/h4H,2-3H2,1H3","InChI=1S/C7H16/c1-3-5-7-6-4-2/h3-7H2,1-2H3",,,0.887,0.113,,
8.75,Celcius,molar,"InChI=1S/C3H8O/c1-2-3-4/h4H,2-3H2,1H3","InChI=1S/C7H16/c1-3-5-7-6-4-2/h3-7H2,1-2H3",,,0.946,0.054,,
12.850000000000025,Celcius,molar,"InChI=1S/C3H8O/c1-2-3-4/h4H,2-3H2,1H3","InChI=1S/C7H16/c1-3-5-7-6-4-2/h3-7H2,1-2H3",,,0.968,0.032,,
16.850000000000023,Celcius,molar,"InChI=1S/C3H8O/c1-2-3-4/h4H,2-3H2,1H3","InChI=1S/C7H16/c1-3-5-7-6-4-2/h3-7H2,1-2H3",,,0.979,0.021,,
22.850000000000023,Celcius,molar,"InChI=1S/C3H8O/c1-2-3-4/h4H,2-3H2,1H3","InChI=1S/C7H16/c1-3-5-7-6-4-2/h3-7H2,1-2H3",,,0.99,0.01,,
18.15,Celcius,molar,"InChI=1S/C3H8O/c1-3(2)4/h3-4H,1-2H3","InChI=1S/C4H10O/c1-2-3-4-5/h5H,2-4H2,1H3",,,0.787,0.213,,
19.25,Celcius,molar,"InChI=1S/C3H8O/c1-3(2)4/h3-4H,1-2H3","InChI=1S/C4H10O/c1-3-4(2)5/h4-5H,3H2,1-2H3","InChI=1S/C4H8O/c1-3-4(2)5/h3H2,1-2H3","InChI=1S/C6H12O2/c1-5(7)4-6(2,3)8/h8H,4H2,1-3H3",0.39,0.316,0.132,0.162
21.55,Celcius,molar,"InChI=1S/C3H8O/c1-3(2)4/h3-4H,1-2H3","InChI=1S/C4H10O/c1-4(2)3-5/h4-5H,3H2,1-2H3","InChI=1S/C6H12O/c1-5(2)4-6(3)7/h5H,4H2,1-3H3",,0.175,0.214,0.611,
24.5,Celcius,molar,"InChI=1S/C3H8O/c1-3(2)4/h3-4H,1-2H3","InChI=1S/C4H10O/c1-4(2)3-5/h4-5H,3H2,1-2H3",,,0.2,0.8,,
21.5,Celcius,molar,"InChI=1S/C3H8O/c1-3(2)4/h3-4H,1-2H3","InChI=1S/C4H10O/c1-4(2)3-5/h4-5H,3H2,1-2H3",,,0.35,0.65,,
18.5,Celcius,molar,"InChI=1S/C3H8O/c1-3(2)4/h3-4H,1-2H3","InChI=1S/C4H10O/c1-4(2)3-5/h4-5H,3H2,1-2H3",,,0.52,0.48,,
14.5,Celcius,molar,"InChI=1S/C3H8O/c1-3(2)4/h3-4H,1-2H3","InChI=1S/C4H10O/c1-4(2)3-5/h4-5H,3H2,1-2H3",,,0.799,0.201,,
-1.75,Celcius,molar,"InChI=1S/C3H8O/c1-3(2)4/h3-4H,1-2H3","InChI=1S/C4H8O/c1-3-4(2)5/h3H2,1-2H3",,,0.115,0.885,,
-1.75,Celcius,molar,"InChI=1S/C3H8O/c1-3(2)4/h3-4H,1-2H3","InChI=1S/C4H8O/c1-3-4(2)5/h3H2,1-2H3",,,0.227,0.773,,
0.1500000000000113,Celcius,molar,"InChI=1S/C3H8O/c1-3(2)4/h3-4H,1-2H3","InChI=1S/C4H8O/c1-3-4(2)5/h3H2,1-2H3",,,0.334,0.666,,
-0.6499999999999773,Celcius,molar,"InChI=1S/C3H8O/c1-3(2)4/h3-4H,1-2H3","InChI=1S/C4H8O/c1-3-4(2)5/h3H2,1-2H3",,,0.439,0.561,,
1.25,Celcius,molar,"InChI=1S/C3H8O/c1-3(2)4/h3-4H,1-2H3","InChI=1S/C4H8O/c1-3-4(2)5/h3H2,1-2H3",,,0.539,0.461,,
2.25,Celcius,molar,"InChI=1S/C3H8O/c1-3(2)4/h3-4H,1-2H3","InChI=1S/C4H8O/c1-3-4(2)5/h3H2,1-2H3",,,0.637,0.363,,
4.350000000000023,Celcius,molar,"InChI=1S/C3H8O/c1-3(2)4/h3-4H,1-2H3","InChI=1S/C4H8O/c1-3-4(2)5/h3H2,1-2H3",,,0.732,0.268,,
7.350000000000023,Celcius,molar,"InChI=1S/C3H8O/c1-3(2)4/h3-4H,1-2H3","InChI=1S/C4H8O/c1-3-4(2)5/h3H2,1-2H3",,,0.824,0.176,,
10.350000000000025,Celcius,molar,"InChI=1S/C3H8O/c1-3(2)4/h3-4H,1-2H3","InChI=1S/C4H8O/c1-3-4(2)5/h3H2,1-2H3",,,0.913,0.087,,
-0.75,Celcius,molar,"InChI=1S/C3H8O/c1-3(2)4/h3-4H,1-2H3","InChI=1S/C4H8O2/c1-3-6-4(2)5/h3H2,1-2H3",InChI=1S/C6H12/c1-2-4-6-5-3-1/h1-6H2,,0.366,0.355,0.279,
1.55,Celcius,molar,"InChI=1S/C3H8O/c1-3(2)4/h3-4H,1-2H3","InChI=1S/C4H8O2/c1-3-6-4(2)5/h3H2,1-2H3",,,0.236,0.764,,
15.95,Celcius,molar,"InChI=1S/C3H8O/c1-3(2)4/h3-4H,1-2H3","InChI=1S/C6H12O/c1-5(2)4-6(3)7/h5H,4H2,1-3H3","InChI=1S/C6H14O/c1-5(2)4-6(3)7/h5-7H,4H2,1-3H3","InChI=1S/C7H8/c1-7-5-3-2-4-6-7/h2-6H,1H3",0.09,0.323,0.044,0.543
4.650000000000034,Celcius,molar,"InChI=1S/C3H8O/c1-3(2)4/h3-4H,1-2H3","InChI=1S/C7H8/c1-7-5-3-2-4-6-7/h2-6H,1H3",,,0.134,0.866,,
3.650000000000034,Celcius,molar,"InChI=1S/C3H8O/c1-3(2)4/h3-4H,1-2H3","InChI=1S/C7H8/c1-7-5-3-2-4-6-7/h2-6H,1H3",,,0.258,0.742,,
4.650000000000034,Celcius,molar,"InChI=1S/C3H8O/c1-3(2)4/h3-4H,1-2H3","InChI=1S/C7H8/c1-7-5-3-2-4-6-7/h2-6H,1H3",,,0.373,0.627,,
3.650000000000034,Celcius,molar,"InChI=1S/C3H8O/c1-3(2)4/h3-4H,1-2H3","InChI=1S/C7H8/c1-7-5-3-2-4-6-7/h2-6H,1H3",,,0.481,0.519,,
4.650000000000034,Celcius,molar,"InChI=1S/C3H8O/c1-3(2)4/h3-4H,1-2H3","InChI=1S/C7H8/c1-7-5-3-2-4-6-7/h2-6H,1H3",,,0.581,0.419,,
4.25,Celcius,molar,"InChI=1S/C3H8O/c1-3(2)4/h3-4H,1-2H3","InChI=1S/C7H8/c1-7-5-3-2-4-6-7/h2-6H,1H3",,,0.657,0.343,,
4.650000000000034,Celcius,molar,"InChI=1S/C3H8O/c1-3(2)4/h3-4H,1-2H3","InChI=1S/C7H8/c1-7-5-3-2-4-6-7/h2-6H,1H3",,,0.676,0.324,,
4.650000000000034,Celcius,molar,"InChI=1S/C3H8O/c1-3(2)4/h3-4H,1-2H3","InChI=1S/C7H8/c1-7-5-3-2-4-6-7/h2-6H,1H3",,,0.764,0.236,,
6.650000000000034,Celcius,molar,"InChI=1S/C3H8O/c1-3(2)4/h3-4H,1-2H3","InChI=1S/C7H8/c1-7-5-3-2-4-6-7/h2-6H,1H3",,,0.847,0.153,,
8.650000000000034,Celcius,molar,"InChI=1S/C3H8O/c1-3(2)4/h3-4H,1-2H3","InChI=1S/C7H8/c1-7-5-3-2-4-6-7/h2-6H,1H3",,,0.926,0.074,,
11.150000000000034,Celcius,molar,"InChI=1S/C3H8O/c1-3(2)4/h3-4H,1-2H3","InChI=1S/CH4O/c1-2/h2H,1H3",,,0.056,0.944,,
12.150000000000034,Celcius,molar,"InChI=1S/C3H8O/c1-3(2)4/h3-4H,1-2H3","InChI=1S/CH4O/c1-2/h2H,1H3",,,0.117,0.883,,
12.150000000000034,Celcius,molar,"InChI=1S/C3H8O/c1-3(2)4/h3-4H,1-2H3","InChI=1S/CH4O/c1-2/h2H,1H3",,,0.185,0.815,,
12.050000000000011,Celcius,molar,"InChI=1S/C3H8O/c1-3(2)4/h3-4H,1-2H3","InChI=1S/CH4O/c1-2/h2H,1H3",,,0.261,0.739,,
10.350000000000003,Celcius,molar,"InChI=1S/C3H8O/c1-3(2)4/h3-4H,1-2H3","InChI=1S/CH4O/c1-2/h2H,1H3",,,0.346,0.654,,
14.150000000000034,Celcius,molar,"InChI=1S/C3H8O/c1-3(2)4/h3-4H,1-2H3","InChI=1S/CH4O/c1-2/h2H,1H3",,,0.442,0.558,,
14.150000000000034,Celcius,molar,"InChI=1S/C3H8O/c1-3(2)4/h3-4H,1-2H3","InChI=1S/CH4O/c1-2/h2H,1H3",,,0.552,0.448,,
15.050000000000011,Celcius,molar,"InChI=1S/C3H8O/c1-3(2)4/h3-4H,1-2H3","InChI=1S/CH4O/c1-2/h2H,1H3",,,0.679,0.321,,
15.050000000000011,Celcius,molar,"InChI=1S/C3H8O/c1-3(2)4/h3-4H,1-2H3","InChI=1S/CH4O/c1-2/h2H,1H3",,,0.826,0.174,,
22.7,Celcius,molar,"InChI=1S/C4H10O/c1-2-3-4-5/h5H,2-4H2,1H3","InChI=1S/C4H10O/c1-3-4(2)5/h4-5H,3H2,1-2H3",,,0.1,0.9,,
24.0,Celcius,molar,"InChI=1S/C4H10O/c1-2-3-4-5/h5H,2-4H2,1H3","InChI=1S/C4H10O/c1-3-4(2)5/h4-5H,3H2,1-2H3",,,0.2,0.8,,
25.5,Celcius,molar,"InChI=1S/C4H10O/c1-2-3-4-5/h5H,2-4H2,1H3","InChI=1S/C4H10O/c1-3-4(2)5/h4-5H,3H2,1-2H3",,,0.3,0.7,,
26.3,Celcius,molar,"InChI=1S/C4H10O/c1-2-3-4-5/h5H,2-4H2,1H3","InChI=1S/C4H10O/c1-3-4(2)5/h4-5H,3H2,1-2H3",,,0.4,0.6,,
28.0,Celcius,molar,"InChI=1S/C4H10O/c1-2-3-4-5/h5H,2-4H2,1H3","InChI=1S/C4H10O/c1-3-4(2)5/h4-5H,3H2,1-2H3",,,0.5,0.5,,
29.3,Celcius,molar,"InChI=1S/C4H10O/c1-2-3-4-5/h5H,2-4H2,1H3","InChI=1S/C4H10O/c1-3-4(2)5/h4-5H,3H2,1-2H3",,,0.6,0.4,,
30.9,Celcius,molar,"InChI=1S/C4H10O/c1-2-3-4-5/h5H,2-4H2,1H3","InChI=1S/C4H10O/c1-3-4(2)5/h4-5H,3H2,1-2H3",,,0.7,0.3,,
32.3,Celcius,molar,"InChI=1S/C4H10O/c1-2-3-4-5/h5H,2-4H2,1H3","InChI=1S/C4H10O/c1-3-4(2)5/h4-5H,3H2,1-2H3",,,0.8,0.2,,
33.6,Celcius,molar,"InChI=1S/C4H10O/c1-2-3-4-5/h5H,2-4H2,1H3","InChI=1S/C4H10O/c1-3-4(2)5/h4-5H,3H2,1-2H3",,,0.9,0.1,,
-0.9499999999999886,Celcius,molar,"InChI=1S/C4H10O/c1-2-3-4-5/h5H,2-4H2,1H3","InChI=1S/C4H8O/c1-3-4(2)5/h3H2,1-2H3",,,0.098,0.902,,
0.1500000000000341,Celcius,molar,"InChI=1S/C4H10O/c1-2-3-4-5/h5H,2-4H2,1H3","InChI=1S/C4H8O/c1-3-4(2)5/h3H2,1-2H3",,,0.197,0.803,,
1.150000000000034,Celcius,molar,"InChI=1S/C4H10O/c1-2-3-4-5/h5H,2-4H2,1H3","InChI=1S/C4H8O/c1-3-4(2)5/h3H2,1-2H3",,,0.296,0.704,,
-0.8499999999999659,Celcius,molar,"InChI=1S/C4H10O/c1-2-3-4-5/h5H,2-4H2,1H3","InChI=1S/C4H8O/c1-3-4(2)5/h3H2,1-2H3",,,0.395,0.605,,
0.1500000000000341,Celcius,molar,"InChI=1S/C4H10O/c1-2-3-4-5/h5H,2-4H2,1H3","InChI=1S/C4H8O/c1-3-4(2)5/h3H2,1-2H3",,,0.495,0.505,,
2.050000000000012,Celcius,molar,"InChI=1S/C4H10O/c1-2-3-4-5/h5H,2-4H2,1H3","InChI=1S/C4H8O/c1-3-4(2)5/h3H2,1-2H3",,,0.595,0.405,,
3.050000000000012,Celcius,molar,"InChI=1S/C4H10O/c1-2-3-4-5/h5H,2-4H2,1H3","InChI=1S/C4H8O/c1-3-4(2)5/h3H2,1-2H3",,,0.696,0.304,,
8.050000000000011,Celcius,molar,"InChI=1S/C4H10O/c1-2-3-4-5/h5H,2-4H2,1H3","InChI=1S/C4H8O/c1-3-4(2)5/h3H2,1-2H3",,,0.797,0.203,,
20.05000000000001,Celcius,molar,"InChI=1S/C4H10O/c1-2-3-4-5/h5H,2-4H2,1H3","InChI=1S/C4H8O/c1-3-4(2)5/h3H2,1-2H3",,,0.898,0.102,,
28.75,Celcius,molar,"InChI=1S/C4H10O/c1-2-3-4-5/h5H,2-4H2,1H3","InChI=1S/C6H12O/c1-5(2)4-6(3)7/h5H,4H2,1-3H3","InChI=1S/C6H12O2/c1-3-4-5-8-6(2)7/h3-5H2,1-2H3","InChI=1S/C6H14O2/c1-2-3-5-8-6-4-7/h7H,2-6H2,1H3",0.055,0.478,0.451,0.016
25.0,Celcius,molar,"InChI=1S/C4H10O/c1-2-3-4-5/h5H,2-4H2,1H3","InChI=1S/C6H12O2/c1-3-4-5-8-6(2)7/h3-5H2,1-2H3",,,0.59,0.41,,
35.85,Celcius,molar,"InChI=1S/C4H10O/c1-2-3-4-5/h5H,2-4H2,1H3","InChI=1S/C7H14O2/c1-3-5-7(8)9-6-4-2/h3-6H2,1-2H3",,,0.1,0.9,,
35.05,Celcius,molar,"InChI=1S/C4H10O/c1-2-3-4-5/h5H,2-4H2,1H3","InChI=1S/C7H14O2/c1-3-5-7(8)9-6-4-2/h3-6H2,1-2H3",,,0.2,0.8,,
34.0,Celcius,molar,"InChI=1S/C4H10O/c1-2-3-4-5/h5H,2-4H2,1H3","InChI=1S/C7H14O2/c1-3-5-7(8)9-6-4-2/h3-6H2,1-2H3",,,0.3,0.7,,
33.55,Celcius,molar,"InChI=1S/C4H10O/c1-2-3-4-5/h5H,2-4H2,1H3","InChI=1S/C7H14O2/c1-3-5-7(8)9-6-4-2/h3-6H2,1-2H3",,,0.4,0.6,,
33.4,Celcius,molar,"InChI=1S/C4H10O/c1-2-3-4-5/h5H,2-4H2,1H3","InChI=1S/C7H14O2/c1-3-5-7(8)9-6-4-2/h3-6H2,1-2H3",,,0.5,0.5,,
33.1,Celcius,molar,"InChI=1S/C4H10O/c1-2-3-4-5/h5H,2-4H2,1H3","InChI=1S/C7H14O2/c1-3-5-7(8)9-6-4-2/h3-6H2,1-2H3",,,0.6,0.4,,
33.4,Celcius,molar,"InChI=1S/C4H10O/c1-2-3-4-5/h5H,2-4H2,1H3","InChI=1S/C7H14O2/c1-3-5-7(8)9-6-4-2/h3-6H2,1-2H3",,,0.7,0.3,,
33.7,Celcius,molar,"InChI=1S/C4H10O/c1-2-3-4-5/h5H,2-4H2,1H3","InChI=1S/C7H14O2/c1-3-5-7(8)9-6-4-2/h3-6H2,1-2H3",,,0.8,0.2,,
34.55,Celcius,molar,"InChI=1S/C4H10O/c1-2-3-4-5/h5H,2-4H2,1H3","InChI=1S/C7H14O2/c1-3-5-7(8)9-6-4-2/h3-6H2,1-2H3",,,0.9,0.1,,
8.850000000000023,Celcius,molar,"InChI=1S/C4H10O/c1-2-3-4-5/h5H,2-4H2,1H3","InChI=1S/C7H8/c1-7-5-3-2-4-6-7/h2-6H,1H3",,,0.114,0.886,,
8.850000000000023,Celcius,molar,"InChI=1S/C4H10O/c1-2-3-4-5/h5H,2-4H2,1H3","InChI=1S/C7H8/c1-7-5-3-2-4-6-7/h2-6H,1H3",,,0.225,0.775,,
5.45,Celcius,molar,"InChI=1S/C4H10O/c1-2-3-4-5/h5H,2-4H2,1H3","InChI=1S/C7H8/c1-7-5-3-2-4-6-7/h2-6H,1H3",,,0.242,0.758,,
9.850000000000025,Celcius,molar,"InChI=1S/C4H10O/c1-2-3-4-5/h5H,2-4H2,1H3","InChI=1S/C7H8/c1-7-5-3-2-4-6-7/h2-6H,1H3",,,0.332,0.668,,
12.05,Celcius,molar,"InChI=1S/C4H10O/c1-2-3-4-5/h5H,2-4H2,1H3","InChI=1S/C7H8/c1-7-5-3-2-4-6-7/h2-6H,1H3",,,0.374,0.626,,
9.850000000000025,Celcius,molar,"InChI=1S/C4H10O/c1-2-3-4-5/h5H,2-4H2,1H3","InChI=1S/C7H8/c1-7-5-3-2-4-6-7/h2-6H,1H3",,,0.436,0.564,,
10.850000000000025,Celcius,molar,"InChI=1S/C4H10O/c1-2-3-4-5/h5H,2-4H2,1H3","InChI=1S/C7H8/c1-7-5-3-2-4-6-7/h2-6H,1H3",,,0.537,0.463,,
11.850000000000025,Celcius,molar,"InChI=1S/C4H10O/c1-2-3-4-5/h5H,2-4H2,1H3","InChI=1S/C7H8/c1-7-5-3-2-4-6-7/h2-6H,1H3",,,0.635,0.365,,
13.950000000000044,Celcius,molar,"InChI=1S/C4H10O/c1-2-3-4-5/h5H,2-4H2,1H3","InChI=1S/C7H8/c1-7-5-3-2-4-6-7/h2-6H,1H3",,,0.73,0.27,,
17.950000000000045,Celcius,molar,"InChI=1S/C4H10O/c1-2-3-4-5/h5H,2-4H2,1H3","InChI=1S/C7H8/c1-7-5-3-2-4-6-7/h2-6H,1H3",,,0.823,0.177,,
23.950000000000045,Celcius,molar,"InChI=1S/C4H10O/c1-2-3-4-5/h5H,2-4H2,1H3","InChI=1S/C7H8/c1-7-5-3-2-4-6-7/h2-6H,1H3",,,0.913,0.087,,
27.950000000000045,Celcius,molar,"InChI=1S/C4H10O/c1-2-3-4-5/h5H,2-4H2,1H3","InChI=1S/C7H8/c1-7-5-3-2-4-6-7/h2-6H,1H3",,,0.948,0.052,,
33.950000000000045,Celcius,molar,"InChI=1S/C4H10O/c1-2-3-4-5/h5H,2-4H2,1H3","InChI=1S/C7H8/c1-7-5-3-2-4-6-7/h2-6H,1H3",,,0.983,0.017,,
21.4,Celcius,molar,"InChI=1S/C4H10O/c1-2-3-4-5/h5H,2-4H2,1H3","InChI=1S/C8H10/c1-2-8-6-4-3-5-7-8/h3-7H,2H2,1H3",,,0.1,0.9,,
21.2,Celcius,molar,"InChI=1S/C4H10O/c1-2-3-4-5/h5H,2-4H2,1H3","InChI=1S/C8H10/c1-2-8-6-4-3-5-7-8/h3-7H,2H2,1H3",,,0.2,0.8,,
21.55,Celcius,molar,"InChI=1S/C4H10O/c1-2-3-4-5/h5H,2-4H2,1H3","InChI=1S/C8H10/c1-2-8-6-4-3-5-7-8/h3-7H,2H2,1H3",,,0.3,0.7,,
22.2,Celcius,molar,"InChI=1S/C4H10O/c1-2-3-4-5/h5H,2-4H2,1H3","InChI=1S/C8H10/c1-2-8-6-4-3-5-7-8/h3-7H,2H2,1H3",,,0.4,0.6,,
22.8,Celcius,molar,"InChI=1S/C4H10O/c1-2-3-4-5/h5H,2-4H2,1H3","InChI=1S/C8H10/c1-2-8-6-4-3-5-7-8/h3-7H,2H2,1H3",,,0.5,0.5,,
23.1,Celcius,molar,"InChI=1S/C4H10O/c1-2-3-4-5/h5H,2-4H2,1H3","InChI=1S/C8H10/c1-2-8-6-4-3-5-7-8/h3-7H,2H2,1H3",,,0.6,0.4,,
23.6,Celcius,molar,"InChI=1S/C4H10O/c1-2-3-4-5/h5H,2-4H2,1H3","InChI=1S/C8H10/c1-2-8-6-4-3-5-7-8/h3-7H,2H2,1H3",,,0.7,0.3,,
26.15,Celcius,molar,"InChI=1S/C4H10O/c1-2-3-4-5/h5H,2-4H2,1H3","InChI=1S/C8H10/c1-2-8-6-4-3-5-7-8/h3-7H,2H2,1H3",,,0.8,0.2,,
29.25,Celcius,molar,"InChI=1S/C4H10O/c1-2-3-4-5/h5H,2-4H2,1H3","InChI=1S/C8H10/c1-2-8-6-4-3-5-7-8/h3-7H,2H2,1H3",,,0.9,0.1,,
14.46,Celcius,molar,"InChI=1S/C4H10O/c1-2-3-4-5/h5H,2-4H2,1H3","InChI=1S/C8H18/c1-3-5-7-8-6-4-2/h3-8H2,1-2H3",,,0.1,0.9,,
13.75,Celcius,molar,"InChI=1S/C4H10O/c1-2-3-4-5/h5H,2-4H2,1H3","InChI=1S/C8H18/c1-3-5-7-8-6-4-2/h3-8H2,1-2H3",,,0.165,0.835,,
14.99,Celcius,molar,"InChI=1S/C4H10O/c1-2-3-4-5/h5H,2-4H2,1H3","InChI=1S/C8H18/c1-3-5-7-8-6-4-2/h3-8H2,1-2H3",,,0.2,0.8,,
14.99,Celcius,molar,"InChI=1S/C4H10O/c1-2-3-4-5/h5H,2-4H2,1H3","InChI=1S/C8H18/c1-3-5-7-8-6-4-2/h3-8H2,1-2H3",,,0.3,0.7,,
13.75,Celcius,molar,"InChI=1S/C4H10O/c1-2-3-4-5/h5H,2-4H2,1H3","InChI=1S/C8H18/c1-3-5-7-8-6-4-2/h3-8H2,1-2H3",,,0.307,0.693,,
15.03,Celcius,molar,"InChI=1S/C4H10O/c1-2-3-4-5/h5H,2-4H2,1H3","InChI=1S/C8H18/c1-3-5-7-8-6-4-2/h3-8H2,1-2H3",,,0.41,0.59,,
13.75,Celcius,molar,"InChI=1S/C4H10O/c1-2-3-4-5/h5H,2-4H2,1H3","InChI=1S/C8H18/c1-3-5-7-8-6-4-2/h3-8H2,1-2H3",,,0.432,0.568,,
15.48,Celcius,molar,"InChI=1S/C4H10O/c1-2-3-4-5/h5H,2-4H2,1H3","InChI=1S/C8H18/c1-3-5-7-8-6-4-2/h3-8H2,1-2H3",,,0.5,0.5,,
13.75,Celcius,molar,"InChI=1S/C4H10O/c1-2-3-4-5/h5H,2-4H2,1H3","InChI=1S/C8H18/c1-3-5-7-8-6-4-2/h3-8H2,1-2H3",,,0.542,0.458,,
15.52,Celcius,molar,"InChI=1S/C4H10O/c1-2-3-4-5/h5H,2-4H2,1H3","InChI=1S/C8H18/c1-3-5-7-8-6-4-2/h3-8H2,1-2H3",,,0.6,0.4,,
14.650000000000034,Celcius,molar,"InChI=1S/C4H10O/c1-2-3-4-5/h5H,2-4H2,1H3","InChI=1S/C8H18/c1-3-5-7-8-6-4-2/h3-8H2,1-2H3",,,0.64,0.36,,
16.5,Celcius,molar,"InChI=1S/C4H10O/c1-2-3-4-5/h5H,2-4H2,1H3","InChI=1S/C8H18/c1-3-5-7-8-6-4-2/h3-8H2,1-2H3",,,0.7,0.3,,
14.650000000000034,Celcius,molar,"InChI=1S/C4H10O/c1-2-3-4-5/h5H,2-4H2,1H3","InChI=1S/C8H18/c1-3-5-7-8-6-4-2/h3-8H2,1-2H3",,,0.727,0.273,,
18.01,Celcius,molar,"InChI=1S/C4H10O/c1-2-3-4-5/h5H,2-4H2,1H3","InChI=1S/C8H18/c1-3-5-7-8-6-4-2/h3-8H2,1-2H3",,,0.8,0.2,,
13.650000000000034,Celcius,molar,"InChI=1S/C4H10O/c1-2-3-4-5/h5H,2-4H2,1H3","InChI=1S/C8H18/c1-3-5-7-8-6-4-2/h3-8H2,1-2H3",,,0.805,0.195,,
19.97,Celcius,molar,"InChI=1S/C4H10O/c1-2-3-4-5/h5H,2-4H2,1H3","InChI=1S/C8H18/c1-3-5-7-8-6-4-2/h3-8H2,1-2H3",,,0.85,0.15,,
18.65000000000004,Celcius,molar,"InChI=1S/C4H10O/c1-2-3-4-5/h5H,2-4H2,1H3","InChI=1S/C8H18/c1-3-5-7-8-6-4-2/h3-8H2,1-2H3",,,0.876,0.124,,
22.47,Celcius,molar,"InChI=1S/C4H10O/c1-2-3-4-5/h5H,2-4H2,1H3","InChI=1S/C8H18/c1-3-5-7-8-6-4-2/h3-8H2,1-2H3",,,0.9,0.1,,
23.65000000000004,Celcius,molar,"InChI=1S/C4H10O/c1-2-3-4-5/h5H,2-4H2,1H3","InChI=1S/C8H18/c1-3-5-7-8-6-4-2/h3-8H2,1-2H3",,,0.941,0.059,,
27.49,Celcius,molar,"InChI=1S/C4H10O/c1-2-3-4-5/h5H,2-4H2,1H3","InChI=1S/C8H18/c1-3-5-7-8-6-4-2/h3-8H2,1-2H3",,,0.95,0.05,,
28.75,Celcius,molar,"InChI=1S/C4H10O/c1-2-3-4-5/h5H,2-4H2,1H3","InChI=1S/C8H18/c1-3-5-7-8-6-4-2/h3-8H2,1-2H3",,,0.977,0.023,,
31.5,Celcius,molar,"InChI=1S/C4H10O/c1-2-3-4-5/h5H,2-4H2,1H3","InChI=1S/C8H18/c1-3-5-7-8-6-4-2/h3-8H2,1-2H3",,,0.98,0.02,,
33.75,Celcius,molar,"InChI=1S/C4H10O/c1-2-3-4-5/h5H,2-4H2,1H3","InChI=1S/C8H18/c1-3-5-7-8-6-4-2/h3-8H2,1-2H3",,,0.989,0.011,,
-4.5499999999999545,Celcius,molar,"InChI=1S/C4H10O/c1-3-4(2)5/h4-5H,3H2,1-2H3","InChI=1S/C4H8O/c1-3-4(2)5/h3H2,1-2H3",,,0.098,0.902,,
-3.5499999999999545,Celcius,molar,"InChI=1S/C4H10O/c1-3-4(2)5/h4-5H,3H2,1-2H3","InChI=1S/C4H8O/c1-3-4(2)5/h3H2,1-2H3",,,0.196,0.804,,
-2.5499999999999545,Celcius,molar,"InChI=1S/C4H10O/c1-3-4(2)5/h4-5H,3H2,1-2H3","InChI=1S/C4H8O/c1-3-4(2)5/h3H2,1-2H3",,,0.295,0.705,,
-1.5499999999999543,Celcius,molar,"InChI=1S/C4H10O/c1-3-4(2)5/h4-5H,3H2,1-2H3","InChI=1S/C4H8O/c1-3-4(2)5/h3H2,1-2H3",,,0.394,0.606,,
-0.5499999999999545,Celcius,molar,"InChI=1S/C4H10O/c1-3-4(2)5/h4-5H,3H2,1-2H3","InChI=1S/C4H8O/c1-3-4(2)5/h3H2,1-2H3",,,0.494,0.506,,
1.4500000000000457,Celcius,molar,"InChI=1S/C4H10O/c1-3-4(2)5/h4-5H,3H2,1-2H3","InChI=1S/C4H8O/c1-3-4(2)5/h3H2,1-2H3",,,0.594,0.406,,
3.450000000000045,Celcius,molar,"InChI=1S/C4H10O/c1-3-4(2)5/h4-5H,3H2,1-2H3","InChI=1S/C4H8O/c1-3-4(2)5/h3H2,1-2H3",,,0.695,0.305,,
7.450000000000045,Celcius,molar,"InChI=1S/C4H10O/c1-3-4(2)5/h4-5H,3H2,1-2H3","InChI=1S/C4H8O/c1-3-4(2)5/h3H2,1-2H3",,,0.796,0.204,,
12.450000000000044,Celcius,molar,"InChI=1S/C4H10O/c1-3-4(2)5/h4-5H,3H2,1-2H3","InChI=1S/C4H8O/c1-3-4(2)5/h3H2,1-2H3",,,0.898,0.102,,
33.75,Celcius,molar,"InChI=1S/C4H10O/c1-3-4(2)5/h4-5H,3H2,1-2H3","InChI=1S/C6H12O2/c1-5(7)4-6(2,3)8/h8H,4H2,1-3H3",,,0.425,0.575,,
30.95,Celcius,molar,"InChI=1S/C4H10O/c1-3-4(2)5/h4-5H,3H2,1-2H3","InChI=1S/C6H14O/c1-5(2)4-6(3)7/h5-7H,4H2,1-3H3",,,0.754,0.246,,
34.900000000000034,Celcius,molar,"InChI=1S/C4H8O/c1-3-4(2)5/h3H2,1-2H3","InChI=1S/C6H14O2/c1-2-3-5-8-6-4-7/h7H,2-6H2,1H3",,,0.029,0.971,,
19.700000000000017,Celcius,molar,"InChI=1S/C4H8O/c1-3-4(2)5/h3H2,1-2H3","InChI=1S/C6H14O2/c1-2-3-5-8-6-4-7/h7H,2-6H2,1H3",,,0.139,0.861,,
12.700000000000015,Celcius,molar,"InChI=1S/C4H8O/c1-3-4(2)5/h3H2,1-2H3","InChI=1S/C6H14O2/c1-2-3-5-8-6-4-7/h7H,2-6H2,1H3",,,0.267,0.733,,
7.200000000000017,Celcius,molar,"InChI=1S/C4H8O/c1-3-4(2)5/h3H2,1-2H3","InChI=1S/C6H14O2/c1-2-3-5-8-6-4-7/h7H,2-6H2,1H3",,,0.384,0.616,,
4.200000000000017,Celcius,molar,"InChI=1S/C4H8O/c1-3-4(2)5/h3H2,1-2H3","InChI=1S/C6H14O2/c1-2-3-5-8-6-4-7/h7H,2-6H2,1H3",,,0.493,0.507,,
2.700000000000017,Celcius,molar,"InChI=1S/C4H8O/c1-3-4(2)5/h3H2,1-2H3","InChI=1S/C6H14O2/c1-2-3-5-8-6-4-7/h7H,2-6H2,1H3",,,0.593,0.407,,
0.700000000000017,Celcius,molar,"InChI=1S/C4H8O/c1-3-4(2)5/h3H2,1-2H3","InChI=1S/C6H14O2/c1-2-3-5-8-6-4-7/h7H,2-6H2,1H3",,,0.686,0.314,,
-0.2999999999999829,Celcius,molar,"InChI=1S/C4H8O/c1-3-4(2)5/h3H2,1-2H3","InChI=1S/C6H14O2/c1-2-3-5-8-6-4-7/h7H,2-6H2,1H3",,,0.773,0.227,,
-2.299999999999983,Celcius,molar,"InChI=1S/C4H8O/c1-3-4(2)5/h3H2,1-2H3","InChI=1S/C6H14O2/c1-2-3-5-8-6-4-7/h7H,2-6H2,1H3",,,0.853,0.147,,
-3.299999999999983,Celcius,molar,"InChI=1S/C4H8O/c1-3-4(2)5/h3H2,1-2H3","InChI=1S/C6H14O2/c1-2-3-5-8-6-4-7/h7H,2-6H2,1H3",,,0.929,0.071,,
7.650000000000034,Celcius,molar,"InChI=1S/C4H8O/c1-3-4(2)5/h3H2,1-2H3","InChI=1S/C7H8/c1-7-5-3-2-4-6-7/h2-6H,1H3",,,0.024,0.976,,
6.650000000000034,Celcius,molar,"InChI=1S/C4H8O/c1-3-4(2)5/h3H2,1-2H3","InChI=1S/C7H8/c1-7-5-3-2-4-6-7/h2-6H,1H3",,,0.047,0.953,,
5.650000000000034,Celcius,molar,"InChI=1S/C4H8O/c1-3-4(2)5/h3H2,1-2H3","InChI=1S/C7H8/c1-7-5-3-2-4-6-7/h2-6H,1H3",,,0.07,0.93,,
4.650000000000034,Celcius,molar,"InChI=1S/C4H8O/c1-3-4(2)5/h3H2,1-2H3","InChI=1S/C7H8/c1-7-5-3-2-4-6-7/h2-6H,1H3",,,0.116,0.884,,
2.650000000000034,Celcius,molar,"InChI=1S/C4H8O/c1-3-4(2)5/h3H2,1-2H3","InChI=1S/C7H8/c1-7-5-3-2-4-6-7/h2-6H,1H3",,,0.229,0.771,,
2.550000000000012,Celcius,molar,"InChI=1S/C4H8O/c1-3-4(2)5/h3H2,1-2H3","InChI=1S/C7H8/c1-7-5-3-2-4-6-7/h2-6H,1H3",,,0.337,0.663,,
2.550000000000012,Celcius,molar,"InChI=1S/C4H8O/c1-3-4(2)5/h3H2,1-2H3","InChI=1S/C7H8/c1-7-5-3-2-4-6-7/h2-6H,1H3",,,0.441,0.559,,
-0.4499999999999886,Celcius,molar,"InChI=1S/C4H8O/c1-3-4(2)5/h3H2,1-2H3","InChI=1S/C7H8/c1-7-5-3-2-4-6-7/h2-6H,1H3",,,0.542,0.458,,
-2.4499999999999886,Celcius,molar,"InChI=1S/C4H8O/c1-3-4(2)5/h3H2,1-2H3","InChI=1S/C7H8/c1-7-5-3-2-4-6-7/h2-6H,1H3",,,0.64,0.36,,
-3.4499999999999886,Celcius,molar,"InChI=1S/C4H8O/c1-3-4(2)5/h3H2,1-2H3","InChI=1S/C7H8/c1-7-5-3-2-4-6-7/h2-6H,1H3",,,0.734,0.266,,
-3.4499999999999886,Celcius,molar,"InChI=1S/C4H8O/c1-3-4(2)5/h3H2,1-2H3","InChI=1S/C7H8/c1-7-5-3-2-4-6-7/h2-6H,1H3",,,0.826,0.174,,
-5.449999999999989,Celcius,molar,"InChI=1S/C4H8O/c1-3-4(2)5/h3H2,1-2H3","InChI=1S/C7H8/c1-7-5-3-2-4-6-7/h2-6H,1H3",,,0.914,0.086,,
8.050000000000011,Celcius,molar,"InChI=1S/C4H8O/c1-3-4(2)5/h3H2,1-2H3","InChI=1S/CH4O/c1-2/h2H,1H3",,,0.048,0.952,,
6.050000000000011,Celcius,molar,"InChI=1S/C4H8O/c1-3-4(2)5/h3H2,1-2H3","InChI=1S/CH4O/c1-2/h2H,1H3",,,0.101,0.899,,
4.050000000000011,Celcius,molar,"InChI=1S/C4H8O/c1-3-4(2)5/h3H2,1-2H3","InChI=1S/CH4O/c1-2/h2H,1H3",,,0.162,0.838,,
2.050000000000012,Celcius,molar,"InChI=1S/C4H8O/c1-3-4(2)5/h3H2,1-2H3","InChI=1S/CH4O/c1-2/h2H,1H3",,,0.231,0.769,,
0.0500000000000113,Celcius,molar,"InChI=1S/C4H8O/c1-3-4(2)5/h3H2,1-2H3","InChI=1S/CH4O/c1-2/h2H,1H3",,,0.311,0.689,,
0.0500000000000113,Celcius,molar,"InChI=1S/C4H8O/c1-3-4(2)5/h3H2,1-2H3","InChI=1S/CH4O/c1-2/h2H,1H3",,,0.404,0.596,,
-0.9499999999999886,Celcius,molar,"InChI=1S/C4H8O/c1-3-4(2)5/h3H2,1-2H3","InChI=1S/CH4O/c1-2/h2H,1H3",,,0.513,0.487,,
-1.9499999999999889,Celcius,molar,"InChI=1S/C4H8O/c1-3-4(2)5/h3H2,1-2H3","InChI=1S/CH4O/c1-2/h2H,1H3",,,0.644,0.356,,
-1.9499999999999889,Celcius,molar,"InChI=1S/C4H8O/c1-3-4(2)5/h3H2,1-2H3","InChI=1S/CH4O/c1-2/h2H,1H3",,,0.803,0.197,,
43.25,Celcius,molar,"InChI=1S/C4H8O2/c1-3-6-4(2)5/h3H2,1-2H3","InChI=1S/C5H12O/c1-2-3-4-5-6/h6H,2-5H2,1H3",,,0.027,0.973,,
23.25,Celcius,molar,"InChI=1S/C4H8O2/c1-3-6-4(2)5/h3H2,1-2H3","InChI=1S/C5H12O/c1-2-3-4-5-6/h6H,2-5H2,1H3",,,0.132,0.868,,
9.25,Celcius,molar,"InChI=1S/C4H8O2/c1-3-6-4(2)5/h3H2,1-2H3","InChI=1S/C5H12O/c1-2-3-4-5-6/h6H,2-5H2,1H3",,,0.255,0.745,,
5.25,Celcius,molar,"InChI=1S/C4H8O2/c1-3-6-4(2)5/h3H2,1-2H3","InChI=1S/C5H12O/c1-2-3-4-5-6/h6H,2-5H2,1H3",,,0.37,0.63,,
5.25,Celcius,molar,"InChI=1S/C4H8O2/c1-3-6-4(2)5/h3H2,1-2H3","InChI=1S/C5H12O/c1-2-3-4-5-6/h6H,2-5H2,1H3",,,0.477,0.523,,
5.25,Celcius,molar,"InChI=1S/C4H8O2/c1-3-6-4(2)5/h3H2,1-2H3","InChI=1S/C5H12O/c1-2-3-4-5-6/h6H,2-5H2,1H3",,,0.578,0.422,,
3.25,Celcius,molar,"InChI=1S/C4H8O2/c1-3-6-4(2)5/h3H2,1-2H3","InChI=1S/C5H12O/c1-2-3-4-5-6/h6H,2-5H2,1H3",,,0.672,0.328,,
3.3500000000000227,Celcius,molar,"InChI=1S/C4H8O2/c1-3-6-4(2)5/h3H2,1-2H3","InChI=1S/C5H12O/c1-2-3-4-5-6/h6H,2-5H2,1H3",,,0.762,0.238,,
0.5500000000000114,Celcius,molar,"InChI=1S/C4H8O2/c1-3-6-4(2)5/h3H2,1-2H3","InChI=1S/C5H12O/c1-2-3-4-5-6/h6H,2-5H2,1H3",,,0.846,0.154,,
0.5500000000000114,Celcius,molar,"InChI=1S/C4H8O2/c1-3-6-4(2)5/h3H2,1-2H3","InChI=1S/C5H12O/c1-2-3-4-5-6/h6H,2-5H2,1H3",,,0.925,0.075,,
2.05,Celcius,molar,"InChI=1S/C4H8O2/c1-3-6-4(2)5/h3H2,1-2H3","InChI=1S/CH4O/c1-2/h2H,1H3",,,0.101,0.899,,
45.8,Celcius,molar,"InChI=1S/C5H12O/c1-2-3-4-5-6/h6H,2-5H2,1H3",InChI=1S/C6H10O/c7-6-4-2-1-3-5-6/h1-5H2,,,0.1,0.9,,
45.6,Celcius,molar,"InChI=1S/C5H12O/c1-2-3-4-5-6/h6H,2-5H2,1H3",InChI=1S/C6H10O/c7-6-4-2-1-3-5-6/h1-5H2,,,0.2,0.8,,
46.0,Celcius,molar,"InChI=1S/C5H12O/c1-2-3-4-5-6/h6H,2-5H2,1H3",InChI=1S/C6H10O/c7-6-4-2-1-3-5-6/h1-5H2,,,0.3,0.7,,
46.3,Celcius,molar,"InChI=1S/C5H12O/c1-2-3-4-5-6/h6H,2-5H2,1H3",InChI=1S/C6H10O/c7-6-4-2-1-3-5-6/h1-5H2,,,0.4,0.6,,
46.9,Celcius,molar,"InChI=1S/C5H12O/c1-2-3-4-5-6/h6H,2-5H2,1H3",InChI=1S/C6H10O/c7-6-4-2-1-3-5-6/h1-5H2,,,0.5,0.5,,
47.1,Celcius,molar,"InChI=1S/C5H12O/c1-2-3-4-5-6/h6H,2-5H2,1H3",InChI=1S/C6H10O/c7-6-4-2-1-3-5-6/h1-5H2,,,0.6,0.4,,
48.0,Celcius,molar,"InChI=1S/C5H12O/c1-2-3-4-5-6/h6H,2-5H2,1H3",InChI=1S/C6H10O/c7-6-4-2-1-3-5-6/h1-5H2,,,0.7,0.3,,
49.4,Celcius,molar,"InChI=1S/C5H12O/c1-2-3-4-5-6/h6H,2-5H2,1H3",InChI=1S/C6H10O/c7-6-4-2-1-3-5-6/h1-5H2,,,0.8,0.2,,
50.4,Celcius,molar,"InChI=1S/C5H12O/c1-2-3-4-5-6/h6H,2-5H2,1H3",InChI=1S/C6H10O/c7-6-4-2-1-3-5-6/h1-5H2,,,0.9,0.1,,
62.9,Celcius,molar,"InChI=1S/C5H12O/c1-2-3-4-5-6/h6H,2-5H2,1H3","InChI=1S/C6H14O/c1-2-3-4-5-6-7/h7H,2-6H2,1H3",,,0.1,0.9,,
61.7,Celcius,molar,"InChI=1S/C5H12O/c1-2-3-4-5-6/h6H,2-5H2,1H3","InChI=1S/C6H14O/c1-2-3-4-5-6-7/h7H,2-6H2,1H3",,,0.2,0.8,,
60.6,Celcius,molar,"InChI=1S/C5H12O/c1-2-3-4-5-6/h6H,2-5H2,1H3","InChI=1S/C6H14O/c1-2-3-4-5-6-7/h7H,2-6H2,1H3",,,0.3,0.7,,
59.4,Celcius,molar,"InChI=1S/C5H12O/c1-2-3-4-5-6/h6H,2-5H2,1H3","InChI=1S/C6H14O/c1-2-3-4-5-6-7/h7H,2-6H2,1H3",,,0.4,0.6,,
58.5,Celcius,molar,"InChI=1S/C5H12O/c1-2-3-4-5-6/h6H,2-5H2,1H3","InChI=1S/C6H14O/c1-2-3-4-5-6-7/h7H,2-6H2,1H3",,,0.5,0.5,,
57.3,Celcius,molar,"InChI=1S/C5H12O/c1-2-3-4-5-6/h6H,2-5H2,1H3","InChI=1S/C6H14O/c1-2-3-4-5-6-7/h7H,2-6H2,1H3",,,0.6,0.4,,
55.5,Celcius,molar,"InChI=1S/C5H12O/c1-2-3-4-5-6/h6H,2-5H2,1H3","InChI=1S/C6H14O/c1-2-3-4-5-6-7/h7H,2-6H2,1H3",,,0.7,0.3,,
53.9,Celcius,molar,"InChI=1S/C5H12O/c1-2-3-4-5-6/h6H,2-5H2,1H3","InChI=1S/C6H14O/c1-2-3-4-5-6-7/h7H,2-6H2,1H3",,,0.8,0.2,,
53.1,Celcius,molar,"InChI=1S/C5H12O/c1-2-3-4-5-6/h6H,2-5H2,1H3","InChI=1S/C6H14O/c1-2-3-4-5-6-7/h7H,2-6H2,1H3",,,0.9,0.1,,
9.850000000000025,Celcius,molar,"InChI=1S/C5H12O/c1-2-3-4-5-6/h6H,2-5H2,1H3","InChI=1S/C7H8/c1-7-5-3-2-4-6-7/h2-6H,1H3",,,0.098,0.902,,
9.850000000000025,Celcius,molar,"InChI=1S/C5H12O/c1-2-3-4-5-6/h6H,2-5H2,1H3","InChI=1S/C7H8/c1-7-5-3-2-4-6-7/h2-6H,1H3",,,0.197,0.803,,
10.850000000000025,Celcius,molar,"InChI=1S/C5H12O/c1-2-3-4-5-6/h6H,2-5H2,1H3","InChI=1S/C7H8/c1-7-5-3-2-4-6-7/h2-6H,1H3",,,0.296,0.704,,
10.850000000000025,Celcius,molar,"InChI=1S/C5H12O/c1-2-3-4-5-6/h6H,2-5H2,1H3","InChI=1S/C7H8/c1-7-5-3-2-4-6-7/h2-6H,1H3",,,0.396,0.604,,
11.850000000000025,Celcius,molar,"InChI=1S/C5H12O/c1-2-3-4-5-6/h6H,2-5H2,1H3","InChI=1S/C7H8/c1-7-5-3-2-4-6-7/h2-6H,1H3",,,0.496,0.504,,
13.850000000000025,Celcius,molar,"InChI=1S/C5H12O/c1-2-3-4-5-6/h6H,2-5H2,1H3","InChI=1S/C7H8/c1-7-5-3-2-4-6-7/h2-6H,1H3",,,0.596,0.404,,
15.850000000000025,Celcius,molar,"InChI=1S/C5H12O/c1-2-3-4-5-6/h6H,2-5H2,1H3","InChI=1S/C7H8/c1-7-5-3-2-4-6-7/h2-6H,1H3",,,0.696,0.304,,
20.850000000000023,Celcius,molar,"InChI=1S/C5H12O/c1-2-3-4-5-6/h6H,2-5H2,1H3","InChI=1S/C7H8/c1-7-5-3-2-4-6-7/h2-6H,1H3",,,0.797,0.203,,
29.850000000000023,Celcius,molar,"InChI=1S/C5H12O/c1-2-3-4-5-6/h6H,2-5H2,1H3","InChI=1S/C7H8/c1-7-5-3-2-4-6-7/h2-6H,1H3",,,0.898,0.102,,
34.85000000000002,Celcius,molar,"InChI=1S/C5H12O/c1-2-3-4-5-6/h6H,2-5H2,1H3","InChI=1S/C7H8/c1-7-5-3-2-4-6-7/h2-6H,1H3",,,0.939,0.061,,
43.85000000000002,Celcius,molar,"InChI=1S/C5H12O/c1-2-3-4-5-6/h6H,2-5H2,1H3","InChI=1S/C7H8/c1-7-5-3-2-4-6-7/h2-6H,1H3",,,0.98,0.02,,
14.850000000000025,Celcius,molar,"InChI=1S/C5H12O/c1-2-3-4-5-6/h6H,2-5H2,1H3","InChI=1S/C8H18/c1-3-5-7-8-6-4-2/h3-8H2,1-2H3",,,0.143,0.857,,
15.850000000000025,Celcius,molar,"InChI=1S/C5H12O/c1-2-3-4-5-6/h6H,2-5H2,1H3","InChI=1S/C8H18/c1-3-5-7-8-6-4-2/h3-8H2,1-2H3",,,0.273,0.727,,
15.850000000000025,Celcius,molar,"InChI=1S/C5H12O/c1-2-3-4-5-6/h6H,2-5H2,1H3","InChI=1S/C8H18/c1-3-5-7-8-6-4-2/h3-8H2,1-2H3",,,0.391,0.609,,
16.850000000000023,Celcius,molar,"InChI=1S/C5H12O/c1-2-3-4-5-6/h6H,2-5H2,1H3","InChI=1S/C8H18/c1-3-5-7-8-6-4-2/h3-8H2,1-2H3",,,0.5,0.5,,
17.850000000000023,Celcius,molar,"InChI=1S/C5H12O/c1-2-3-4-5-6/h6H,2-5H2,1H3","InChI=1S/C8H18/c1-3-5-7-8-6-4-2/h3-8H2,1-2H3",,,0.6,0.4,,
18.850000000000023,Celcius,molar,"InChI=1S/C5H12O/c1-2-3-4-5-6/h6H,2-5H2,1H3","InChI=1S/C8H18/c1-3-5-7-8-6-4-2/h3-8H2,1-2H3",,,0.692,0.308,,
20.850000000000023,Celcius,molar,"InChI=1S/C5H12O/c1-2-3-4-5-6/h6H,2-5H2,1H3","InChI=1S/C8H18/c1-3-5-7-8-6-4-2/h3-8H2,1-2H3",,,0.778,0.222,,
23.850000000000023,Celcius,molar,"InChI=1S/C5H12O/c1-2-3-4-5-6/h6H,2-5H2,1H3","InChI=1S/C8H18/c1-3-5-7-8-6-4-2/h3-8H2,1-2H3",,,0.857,0.143,,
30.850000000000023,Celcius,molar,"InChI=1S/C5H12O/c1-2-3-4-5-6/h6H,2-5H2,1H3","InChI=1S/C8H18/c1-3-5-7-8-6-4-2/h3-8H2,1-2H3",,,0.931,0.069,,
44.85000000000002,Celcius,molar,"InChI=1S/C5H12O/c1-2-3-4-5-6/h6H,2-5H2,1H3","InChI=1S/C8H18/c1-3-5-7-8-6-4-2/h3-8H2,1-2H3",,,0.987,0.013,,
9.650000000000034,Celcius,molar,"InChI=1S/C5H12O/c1-2-3-4-5-6/h6H,2-5H2,1H3","InChI=1S/CH4O/c1-2/h2H,1H3",,,0.008,0.992,,
9.100000000000025,Celcius,molar,"InChI=1S/C5H12O/c1-2-3-4-5-6/h6H,2-5H2,1H3","InChI=1S/CH4O/c1-2/h2H,1H3",,,0.015,0.985,,
9.550000000000011,Celcius,molar,"InChI=1S/C5H12O/c1-2-3-4-5-6/h6H,2-5H2,1H3","InChI=1S/CH4O/c1-2/h2H,1H3",,,0.023,0.977,,
9.550000000000011,Celcius,molar,"InChI=1S/C5H12O/c1-2-3-4-5-6/h6H,2-5H2,1H3","InChI=1S/CH4O/c1-2/h2H,1H3",,,0.032,0.968,,
10.550000000000011,Celcius,molar,"InChI=1S/C5H12O/c1-2-3-4-5-6/h6H,2-5H2,1H3","InChI=1S/CH4O/c1-2/h2H,1H3",,,0.086,0.914,,
10.550000000000011,Celcius,molar,"InChI=1S/C5H12O/c1-2-3-4-5-6/h6H,2-5H2,1H3","InChI=1S/CH4O/c1-2/h2H,1H3",,,0.138,0.862,,
12.550000000000011,Celcius,molar,"InChI=1S/C5H12O/c1-2-3-4-5-6/h6H,2-5H2,1H3","InChI=1S/CH4O/c1-2/h2H,1H3",,,0.2,0.8,,
13.550000000000011,Celcius,molar,"InChI=1S/C5H12O/c1-2-3-4-5-6/h6H,2-5H2,1H3","InChI=1S/CH4O/c1-2/h2H,1H3",,,0.272,0.728,,
13.75,Celcius,molar,"InChI=1S/C5H12O/c1-2-3-4-5-6/h6H,2-5H2,1H3","InChI=1S/CH4O/c1-2/h2H,1H3",,,0.36,0.64,,
17.75,Celcius,molar,"InChI=1S/C5H12O/c1-2-3-4-5-6/h6H,2-5H2,1H3","InChI=1S/CH4O/c1-2/h2H,1H3",,,0.466,0.534,,
22.75,Celcius,molar,"InChI=1S/C5H12O/c1-2-3-4-5-6/h6H,2-5H2,1H3","InChI=1S/CH4O/c1-2/h2H,1H3",,,0.6,0.4,,
31.75,Celcius,molar,"InChI=1S/C5H12O/c1-2-3-4-5-6/h6H,2-5H2,1H3","InChI=1S/CH4O/c1-2/h2H,1H3",,,0.771,0.229,,
36.05,Celcius,molar,"InChI=1S/C5H12O/c1-3-4-5(2)6/h5-6H,3-4H2,1-2H3","InChI=1S/C7H14O2/c1-3-5-7(8)9-6-4-2/h3-6H2,1-2H3",,,0.1,0.9,,
35.05,Celcius,molar,"InChI=1S/C5H12O/c1-3-4-5(2)6/h5-6H,3-4H2,1-2H3","InChI=1S/C7H14O2/c1-3-5-7(8)9-6-4-2/h3-6H2,1-2H3",,,0.2,0.8,,
34.5,Celcius,molar,"InChI=1S/C5H12O/c1-3-4-5(2)6/h5-6H,3-4H2,1-2H3","InChI=1S/C7H14O2/c1-3-5-7(8)9-6-4-2/h3-6H2,1-2H3",,,0.3,0.7,,
34.0,Celcius,molar,"InChI=1S/C5H12O/c1-3-4-5(2)6/h5-6H,3-4H2,1-2H3","InChI=1S/C7H14O2/c1-3-5-7(8)9-6-4-2/h3-6H2,1-2H3",,,0.4,0.6,,
33.5,Celcius,molar,"InChI=1S/C5H12O/c1-3-4-5(2)6/h5-6H,3-4H2,1-2H3","InChI=1S/C7H14O2/c1-3-5-7(8)9-6-4-2/h3-6H2,1-2H3",,,0.5,0.5,,
33.4,Celcius,molar,"InChI=1S/C5H12O/c1-3-4-5(2)6/h5-6H,3-4H2,1-2H3","InChI=1S/C7H14O2/c1-3-5-7(8)9-6-4-2/h3-6H2,1-2H3",,,0.6,0.4,,
33.5,Celcius,molar,"InChI=1S/C5H12O/c1-3-4-5(2)6/h5-6H,3-4H2,1-2H3","InChI=1S/C7H14O2/c1-3-5-7(8)9-6-4-2/h3-6H2,1-2H3",,,0.7,0.3,,
33.75,Celcius,molar,"InChI=1S/C5H12O/c1-3-4-5(2)6/h5-6H,3-4H2,1-2H3","InChI=1S/C7H14O2/c1-3-5-7(8)9-6-4-2/h3-6H2,1-2H3",,,0.8,0.2,,
34.1,Celcius,molar,"InChI=1S/C5H12O/c1-3-4-5(2)6/h5-6H,3-4H2,1-2H3","InChI=1S/C7H14O2/c1-3-5-7(8)9-6-4-2/h3-6H2,1-2H3",,,0.9,0.1,,
21.45,Celcius,molar,"InChI=1S/C5H12O/c1-3-4-5(2)6/h5-6H,3-4H2,1-2H3","InChI=1S/C8H10/c1-2-8-6-4-3-5-7-8/h3-7H,2H2,1H3",,,0.1,0.9,,
21.3,Celcius,molar,"InChI=1S/C5H12O/c1-3-4-5(2)6/h5-6H,3-4H2,1-2H3","InChI=1S/C8H10/c1-2-8-6-4-3-5-7-8/h3-7H,2H2,1H3",,,0.2,0.8,,
21.7,Celcius,molar,"InChI=1S/C5H12O/c1-3-4-5(2)6/h5-6H,3-4H2,1-2H3","InChI=1S/C8H10/c1-2-8-6-4-3-5-7-8/h3-7H,2H2,1H3",,,0.3,0.7,,
21.95,Celcius,molar,"InChI=1S/C5H12O/c1-3-4-5(2)6/h5-6H,3-4H2,1-2H3","InChI=1S/C8H10/c1-2-8-6-4-3-5-7-8/h3-7H,2H2,1H3",,,0.4,0.6,,
22.2,Celcius,molar,"InChI=1S/C5H12O/c1-3-4-5(2)6/h5-6H,3-4H2,1-2H3","InChI=1S/C8H10/c1-2-8-6-4-3-5-7-8/h3-7H,2H2,1H3",,,0.5,0.5,,
23.0,Celcius,molar,"InChI=1S/C5H12O/c1-3-4-5(2)6/h5-6H,3-4H2,1-2H3","InChI=1S/C8H10/c1-2-8-6-4-3-5-7-8/h3-7H,2H2,1H3",,,0.6,0.4,,
23.9,Celcius,molar,"InChI=1S/C5H12O/c1-3-4-5(2)6/h5-6H,3-4H2,1-2H3","InChI=1S/C8H10/c1-2-8-6-4-3-5-7-8/h3-7H,2H2,1H3",,,0.7,0.3,,
25.9,Celcius,molar,"InChI=1S/C5H12O/c1-3-4-5(2)6/h5-6H,3-4H2,1-2H3","InChI=1S/C8H10/c1-2-8-6-4-3-5-7-8/h3-7H,2H2,1H3",,,0.8,0.2,,
28.1,Celcius,molar,"InChI=1S/C5H12O/c1-3-4-5(2)6/h5-6H,3-4H2,1-2H3","InChI=1S/C8H10/c1-2-8-6-4-3-5-7-8/h3-7H,2H2,1H3",,,0.9,0.1,,
38.6,Celcius,molar,"InChI=1S/C5H12O/c1-5(2)3-4-6/h5-6H,3-4H2,1-2H3","InChI=1S/C7H14O2/c1-6(2)4-5-9-7(3)8/h6H,4-5H2,1-3H3",,,0.1,0.9,,
38.4,Celcius,molar,"InChI=1S/C5H12O/c1-5(2)3-4-6/h5-6H,3-4H2,1-2H3","InChI=1S/C7H14O2/c1-6(2)4-5-9-7(3)8/h6H,4-5H2,1-3H3",,,0.2,0.8,,
38.3,Celcius,molar,"InChI=1S/C5H12O/c1-5(2)3-4-6/h5-6H,3-4H2,1-2H3","InChI=1S/C7H14O2/c1-6(2)4-5-9-7(3)8/h6H,4-5H2,1-3H3",,,0.3,0.7,,
38.6,Celcius,molar,"InChI=1S/C5H12O/c1-5(2)3-4-6/h5-6H,3-4H2,1-2H3","InChI=1S/C7H14O2/c1-6(2)4-5-9-7(3)8/h6H,4-5H2,1-3H3",,,0.4,0.6,,
38.7,Celcius,molar,"InChI=1S/C5H12O/c1-5(2)3-4-6/h5-6H,3-4H2,1-2H3","InChI=1S/C7H14O2/c1-6(2)4-5-9-7(3)8/h6H,4-5H2,1-3H3",,,0.5,0.5,,
39.0,Celcius,molar,"InChI=1S/C5H12O/c1-5(2)3-4-6/h5-6H,3-4H2,1-2H3","InChI=1S/C7H14O2/c1-6(2)4-5-9-7(3)8/h6H,4-5H2,1-3H3",,,0.6,0.4,,
39.7,Celcius,molar,"InChI=1S/C5H12O/c1-5(2)3-4-6/h5-6H,3-4H2,1-2H3","InChI=1S/C7H14O2/c1-6(2)4-5-9-7(3)8/h6H,4-5H2,1-3H3",,,0.7,0.3,,
40.4,Celcius,molar,"InChI=1S/C5H12O/c1-5(2)3-4-6/h5-6H,3-4H2,1-2H3","InChI=1S/C7H14O2/c1-6(2)4-5-9-7(3)8/h6H,4-5H2,1-3H3",,,0.8,0.2,,
42.6,Celcius,molar,"InChI=1S/C5H12O/c1-5(2)3-4-6/h5-6H,3-4H2,1-2H3","InChI=1S/C7H14O2/c1-6(2)4-5-9-7(3)8/h6H,4-5H2,1-3H3",,,0.9,0.1,,
62.9,Celcius,molar,InChI=1S/C6H10O/c7-6-4-2-1-3-5-6/h1-5H2,"InChI=1S/C6H14O/c1-2-3-4-5-6-7/h7H,2-6H2,1H3",,,0.1,0.9,,
61.9,Celcius,molar,InChI=1S/C6H10O/c7-6-4-2-1-3-5-6/h1-5H2,"InChI=1S/C6H14O/c1-2-3-4-5-6-7/h7H,2-6H2,1H3",,,0.2,0.8,,
60.1,Celcius,molar,InChI=1S/C6H10O/c7-6-4-2-1-3-5-6/h1-5H2,"InChI=1S/C6H14O/c1-2-3-4-5-6-7/h7H,2-6H2,1H3",,,0.3,0.7,,
58.1,Celcius,molar,InChI=1S/C6H10O/c7-6-4-2-1-3-5-6/h1-5H2,"InChI=1S/C6H14O/c1-2-3-4-5-6-7/h7H,2-6H2,1H3",,,0.4,0.6,,
56.9,Celcius,molar,InChI=1S/C6H10O/c7-6-4-2-1-3-5-6/h1-5H2,"InChI=1S/C6H14O/c1-2-3-4-5-6-7/h7H,2-6H2,1H3",,,0.5,0.5,,
53.1,Celcius,molar,InChI=1S/C6H10O/c7-6-4-2-1-3-5-6/h1-5H2,"InChI=1S/C6H14O/c1-2-3-4-5-6-7/h7H,2-6H2,1H3",,,0.6,0.4,,
51.1,Celcius,molar,InChI=1S/C6H10O/c7-6-4-2-1-3-5-6/h1-5H2,"InChI=1S/C6H14O/c1-2-3-4-5-6-7/h7H,2-6H2,1H3",,,0.7,0.3,,
48.3,Celcius,molar,InChI=1S/C6H10O/c7-6-4-2-1-3-5-6/h1-5H2,"InChI=1S/C6H14O/c1-2-3-4-5-6-7/h7H,2-6H2,1H3",,,0.8,0.2,,
46.1,Celcius,molar,InChI=1S/C6H10O/c7-6-4-2-1-3-5-6/h1-5H2,"InChI=1S/C6H14O/c1-2-3-4-5-6-7/h7H,2-6H2,1H3",,,0.9,0.1,,
82.5,Celcius,molar,InChI=1S/C6H10O/c7-6-4-2-1-3-5-6/h1-5H2,"InChI=1S/C6H6O/c7-6-4-2-1-3-5-6/h1-5,7H",,,0.2,0.8,,
20.45,Celcius,molar,"InChI=1S/C6H12O/c1-5(2)4-6(3)7/h5H,4H2,1-3H3","InChI=1S/C6H12O3/c1-3-8-4-5-9-6(2)7/h3-5H2,1-2H3","InChI=1S/C6H14O2/c1-2-3-5-8-6-4-7/h7H,2-6H2,1H3","InChI=1S/C7H8/c1-7-5-3-2-4-6-7/h2-6H,1H3",0.439,0.043,0.04,0.478
23.15,Celcius,molar,"InChI=1S/C6H12O/c1-5(2)4-6(3)7/h5H,4H2,1-3H3","InChI=1S/C6H12O3/c1-3-8-4-5-9-6(2)7/h3-5H2,1-2H3","InChI=1S/C7H8/c1-7-5-3-2-4-6-7/h2-6H,1H3","InChI=1S/C8H16O/c1-3-5-6-7-8(9)4-2/h3-7H2,1-2H3",0.408,0.175,0.304,0.113
18.75,Celcius,molar,"InChI=1S/C6H12O/c1-5(2)4-6(3)7/h5H,4H2,1-3H3","InChI=1S/C7H8/c1-7-5-3-2-4-6-7/h2-6H,1H3",,,0.391,0.609,,
82.5,Celcius,molar,"InChI=1S/C6H12O/c7-6-4-2-1-3-5-6/h6-7H,1-5H2","InChI=1S/C6H6O/c7-6-4-2-1-3-5-6/h1-5,7H",,,0.3,0.7,,
36.55,Celcius,molar,"InChI=1S/C6H12O2/c1-3-4-5-8-6(2)7/h3-5H2,1-2H3","InChI=1S/C6H12O2/c1-5(2)4-8-6(3)7/h5H,4H2,1-3H3",,,0.2,0.8,,
27.05,Celcius,molar,"InChI=1S/C6H12O2/c1-3-4-5-8-6(2)7/h3-5H2,1-2H3","InChI=1S/C6H12O2/c1-5(2)4-8-6(3)7/h5H,4H2,1-3H3",,,0.402,0.598,,
32.05,Celcius,molar,"InChI=1S/C6H12O2/c1-3-4-5-8-6(2)7/h3-5H2,1-2H3","InChI=1S/C6H12O2/c1-5(2)4-8-6(3)7/h5H,4H2,1-3H3",,,0.75,0.25,,
37.05,Celcius,molar,"InChI=1S/C6H12O2/c1-3-4-5-8-6(2)7/h3-5H2,1-2H3","InChI=1S/C6H12O2/c1-5(2)4-8-6(3)7/h5H,4H2,1-3H3",,,0.85,0.15,,
-3.349999999999966,Celcius,molar,"InChI=1S/C6H12O2/c1-3-4-5-8-6(2)7/h3-5H2,1-2H3","InChI=1S/C7H16/c1-3-5-7-6-4-2/h3-7H2,1-2H3",,,0.11,0.89,,
-2.349999999999966,Celcius,molar,"InChI=1S/C6H12O2/c1-3-4-5-8-6(2)7/h3-5H2,1-2H3","InChI=1S/C7H16/c1-3-5-7-6-4-2/h3-7H2,1-2H3",,,0.218,0.782,,
-1.349999999999966,Celcius,molar,"InChI=1S/C6H12O2/c1-3-4-5-8-6(2)7/h3-5H2,1-2H3","InChI=1S/C7H16/c1-3-5-7-6-4-2/h3-7H2,1-2H3",,,0.323,0.677,,
0.6500000000000341,Celcius,molar,"InChI=1S/C6H12O2/c1-3-4-5-8-6(2)7/h3-5H2,1-2H3","InChI=1S/C7H16/c1-3-5-7-6-4-2/h3-7H2,1-2H3",,,0.426,0.574,,
1.650000000000034,Celcius,molar,"InChI=1S/C6H12O2/c1-3-4-5-8-6(2)7/h3-5H2,1-2H3","InChI=1S/C7H16/c1-3-5-7-6-4-2/h3-7H2,1-2H3",,,0.527,0.473,,
3.650000000000034,Celcius,molar,"InChI=1S/C6H12O2/c1-3-4-5-8-6(2)7/h3-5H2,1-2H3","InChI=1S/C7H16/c1-3-5-7-6-4-2/h3-7H2,1-2H3",,,0.625,0.375,,
5.650000000000034,Celcius,molar,"InChI=1S/C6H12O2/c1-3-4-5-8-6(2)7/h3-5H2,1-2H3","InChI=1S/C7H16/c1-3-5-7-6-4-2/h3-7H2,1-2H3",,,0.722,0.278,,
9.650000000000034,Celcius,molar,"InChI=1S/C6H12O2/c1-3-4-5-8-6(2)7/h3-5H2,1-2H3","InChI=1S/C7H16/c1-3-5-7-6-4-2/h3-7H2,1-2H3",,,0.816,0.184,,
15.650000000000034,Celcius,molar,"InChI=1S/C6H12O2/c1-3-4-5-8-6(2)7/h3-5H2,1-2H3","InChI=1S/C7H16/c1-3-5-7-6-4-2/h3-7H2,1-2H3",,,0.909,0.091,,
4.25,Celcius,molar,"InChI=1S/C6H14O/c1-5(2)4-6(3)7/h5-7H,4H2,1-3H3","InChI=1S/C7H8/c1-7-5-3-2-4-6-7/h2-6H,1H3",,,0.265,0.735,,
13.100000000000025,Celcius,molar,"InChI=1S/C6H14O2/c1-2-3-5-8-6-4-7/h7H,2-6H2,1H3","InChI=1S/CH4O/c1-2/h2H,1H3",,,0.033,0.967,,
12.100000000000025,Celcius,molar,"InChI=1S/C6H14O2/c1-2-3-5-8-6-4-7/h7H,2-6H2,1H3","InChI=1S/CH4O/c1-2/h2H,1H3",,,0.072,0.928,,
14.100000000000025,Celcius,molar,"InChI=1S/C6H14O2/c1-2-3-5-8-6-4-7/h7H,2-6H2,1H3","InChI=1S/CH4O/c1-2/h2H,1H3",,,0.117,0.883,,
15.100000000000025,Celcius,molar,"InChI=1S/C6H14O2/c1-2-3-5-8-6-4-7/h7H,2-6H2,1H3","InChI=1S/CH4O/c1-2/h2H,1H3",,,0.171,0.829,,
14.100000000000025,Celcius,molar,"InChI=1S/C6H14O2/c1-2-3-5-8-6-4-7/h7H,2-6H2,1H3","InChI=1S/CH4O/c1-2/h2H,1H3",,,0.237,0.763,,
17.100000000000023,Celcius,molar,"InChI=1S/C6H14O2/c1-2-3-5-8-6-4-7/h7H,2-6H2,1H3","InChI=1S/CH4O/c1-2/h2H,1H3",,,0.318,0.682,,
18.100000000000023,Celcius,molar,"InChI=1S/C6H14O2/c1-2-3-5-8-6-4-7/h7H,2-6H2,1H3","InChI=1S/CH4O/c1-2/h2H,1H3",,,0.42,0.58,,
22.100000000000023,Celcius,molar,"InChI=1S/C6H14O2/c1-2-3-5-8-6-4-7/h7H,2-6H2,1H3","InChI=1S/CH4O/c1-2/h2H,1H3",,,0.554,0.446,,
34.10000000000002,Celcius,molar,"InChI=1S/C6H14O2/c1-2-3-5-8-6-4-7/h7H,2-6H2,1H3","InChI=1S/CH4O/c1-2/h2H,1H3",,,0.736,0.264,,
43.10000000000002,Celcius,molar,"InChI=1S/C6H14O2/c1-2-3-5-8-6-4-7/h7H,2-6H2,1H3","InChI=1S/CH4O/c1-2/h2H,1H3",,,0.829,0.171,,
54.10000000000002,Celcius,molar,"InChI=1S/C6H14O2/c1-2-3-5-8-6-4-7/h7H,2-6H2,1H3","InChI=1S/CH4O/c1-2/h2H,1H3",,,0.938,0.062,,
11.94,Celcius,molar,"InChI=1S/C7H16/c1-3-5-7-6-4-2/h3-7H2,1-2H3","InChI=1S/C8H10/c1-2-8-6-4-3-5-7-8/h3-7H,2H2,1H3",,,0.1,0.9,,
9.28,Celcius,molar,"InChI=1S/C7H16/c1-3-5-7-6-4-2/h3-7H2,1-2H3","InChI=1S/C8H10/c1-2-8-6-4-3-5-7-8/h3-7H,2H2,1H3",,,0.2,0.8,,
6.94,Celcius,molar,"InChI=1S/C7H16/c1-3-5-7-6-4-2/h3-7H2,1-2H3","InChI=1S/C8H10/c1-2-8-6-4-3-5-7-8/h3-7H,2H2,1H3",,,0.3,0.7,,
4.87,Celcius,molar,"InChI=1S/C7H16/c1-3-5-7-6-4-2/h3-7H2,1-2H3","InChI=1S/C8H10/c1-2-8-6-4-3-5-7-8/h3-7H,2H2,1H3",,,0.4,0.6,,
3.02,Celcius,molar,"InChI=1S/C7H16/c1-3-5-7-6-4-2/h3-7H2,1-2H3","InChI=1S/C8H10/c1-2-8-6-4-3-5-7-8/h3-7H,2H2,1H3",,,0.5,0.5,,
1.35,Celcius,molar,"InChI=1S/C7H16/c1-3-5-7-6-4-2/h3-7H2,1-2H3","InChI=1S/C8H10/c1-2-8-6-4-3-5-7-8/h3-7H,2H2,1H3",,,0.6,0.4,,
-0.17,Celcius,molar,"InChI=1S/C7H16/c1-3-5-7-6-4-2/h3-7H2,1-2H3","InChI=1S/C8H10/c1-2-8-6-4-3-5-7-8/h3-7H,2H2,1H3",,,0.7,0.3,,
-1.55,Celcius,molar,"InChI=1S/C7H16/c1-3-5-7-6-4-2/h3-7H2,1-2H3","InChI=1S/C8H10/c1-2-8-6-4-3-5-7-8/h3-7H,2H2,1H3",,,0.8,0.2,,
-2.82,Celcius,molar,"InChI=1S/C7H16/c1-3-5-7-6-4-2/h3-7H2,1-2H3","InChI=1S/C8H10/c1-2-8-6-4-3-5-7-8/h3-7H,2H2,1H3",,,0.9,0.1,,
19.47,Celcius,molar,"InChI=1S/C7H16/c1-3-5-7-6-4-2/h3-7H2,1-2H3","InChI=1S/C8H10/c1-7-4-3-5-8(2)6-7/h3-6H,1-2H3",,,0.1,0.9,,
14.57,Celcius,molar,"InChI=1S/C7H16/c1-3-5-7-6-4-2/h3-7H2,1-2H3","InChI=1S/C8H10/c1-7-4-3-5-8(2)6-7/h3-6H,1-2H3",,,0.2,0.8,,
10.72,Celcius,molar,"InChI=1S/C7H16/c1-3-5-7-6-4-2/h3-7H2,1-2H3","InChI=1S/C8H10/c1-7-4-3-5-8(2)6-7/h3-6H,1-2H3",,,0.3,0.7,,
7.57,Celcius,molar,"InChI=1S/C7H16/c1-3-5-7-6-4-2/h3-7H2,1-2H3","InChI=1S/C8H10/c1-7-4-3-5-8(2)6-7/h3-6H,1-2H3",,,0.4,0.6,,
4.94,Celcius,molar,"InChI=1S/C7H16/c1-3-5-7-6-4-2/h3-7H2,1-2H3","InChI=1S/C8H10/c1-7-4-3-5-8(2)6-7/h3-6H,1-2H3",,,0.5,0.5,,
2.68,Celcius,molar,"InChI=1S/C7H16/c1-3-5-7-6-4-2/h3-7H2,1-2H3","InChI=1S/C8H10/c1-7-4-3-5-8(2)6-7/h3-6H,1-2H3",,,0.6,0.4,,
0.71,Celcius,molar,"InChI=1S/C7H16/c1-3-5-7-6-4-2/h3-7H2,1-2H3","InChI=1S/C8H10/c1-7-4-3-5-8(2)6-7/h3-6H,1-2H3",,,0.7,0.3,,
-1.04,Celcius,molar,"InChI=1S/C7H16/c1-3-5-7-6-4-2/h3-7H2,1-2H3","InChI=1S/C8H10/c1-7-4-3-5-8(2)6-7/h3-6H,1-2H3",,,0.8,0.2,,
-2.59,Celcius,molar,"InChI=1S/C7H16/c1-3-5-7-6-4-2/h3-7H2,1-2H3","InChI=1S/C8H10/c1-7-4-3-5-8(2)6-7/h3-6H,1-2H3",,,0.9,0.1,,
23.53,Celcius,molar,"InChI=1S/C7H16/c1-3-5-7-6-4-2/h3-7H2,1-2H3","InChI=1S/C8H10/c1-7-5-3-4-6-8(7)2/h3-6H,1-2H3",,,0.1,0.9,,
17.13,Celcius,molar,"InChI=1S/C7H16/c1-3-5-7-6-4-2/h3-7H2,1-2H3","InChI=1S/C8H10/c1-7-5-3-4-6-8(7)2/h3-6H,1-2H3",,,0.2,0.8,,
12.41,Celcius,molar,"InChI=1S/C7H16/c1-3-5-7-6-4-2/h3-7H2,1-2H3","InChI=1S/C8H10/c1-7-5-3-4-6-8(7)2/h3-6H,1-2H3",,,0.3,0.7,,
8.72,Celcius,molar,"InChI=1S/C7H16/c1-3-5-7-6-4-2/h3-7H2,1-2H3","InChI=1S/C8H10/c1-7-5-3-4-6-8(7)2/h3-6H,1-2H3",,,0.4,0.6,,
5.72,Celcius,molar,"InChI=1S/C7H16/c1-3-5-7-6-4-2/h3-7H2,1-2H3","InChI=1S/C8H10/c1-7-5-3-4-6-8(7)2/h3-6H,1-2H3",,,0.5,0.5,,
3.2,Celcius,molar,"InChI=1S/C7H16/c1-3-5-7-6-4-2/h3-7H2,1-2H3","InChI=1S/C8H10/c1-7-5-3-4-6-8(7)2/h3-6H,1-2H3",,,0.6,0.4,,
1.04,Celcius,molar,"InChI=1S/C7H16/c1-3-5-7-6-4-2/h3-7H2,1-2H3","InChI=1S/C8H10/c1-7-5-3-4-6-8(7)2/h3-6H,1-2H3",,,0.7,0.3,,
-0.84,Celcius,molar,"InChI=1S/C7H16/c1-3-5-7-6-4-2/h3-7H2,1-2H3","InChI=1S/C8H10/c1-7-5-3-4-6-8(7)2/h3-6H,1-2H3",,,0.8,0.2,,
-2.51,Celcius,molar,"InChI=1S/C7H16/c1-3-5-7-6-4-2/h3-7H2,1-2H3","InChI=1S/C8H10/c1-7-5-3-4-6-8(7)2/h3-6H,1-2H3",,,0.9,0.1,,
14.650000000000034,Celcius,molar,"InChI=1S/C7H16/c1-3-5-7-6-4-2/h3-7H2,1-2H3","InChI=1S/C8H18/c1-3-5-7-8-6-4-2/h3-8H2,1-2H3",,,0.022,0.978,,
13.650000000000034,Celcius,molar,"InChI=1S/C7H16/c1-3-5-7-6-4-2/h3-7H2,1-2H3","InChI=1S/C8H18/c1-3-5-7-8-6-4-2/h3-8H2,1-2H3",,,0.044,0.956,,
11.42,Celcius,molar,"InChI=1S/C7H16/c1-3-5-7-6-4-2/h3-7H2,1-2H3","InChI=1S/C8H18/c1-3-5-7-8-6-4-2/h3-8H2,1-2H3",,,0.1,0.9,,
11.650000000000034,Celcius,molar,"InChI=1S/C7H16/c1-3-5-7-6-4-2/h3-7H2,1-2H3","InChI=1S/C8H18/c1-3-5-7-8-6-4-2/h3-8H2,1-2H3",,,0.109,0.891,,
8.42,Celcius,molar,"InChI=1S/C7H16/c1-3-5-7-6-4-2/h3-7H2,1-2H3","InChI=1S/C8H18/c1-3-5-7-8-6-4-2/h3-8H2,1-2H3",,,0.2,0.8,,
9.650000000000034,Celcius,molar,"InChI=1S/C7H16/c1-3-5-7-6-4-2/h3-7H2,1-2H3","InChI=1S/C8H18/c1-3-5-7-8-6-4-2/h3-8H2,1-2H3",,,0.217,0.783,,
6.01,Celcius,molar,"InChI=1S/C7H16/c1-3-5-7-6-4-2/h3-7H2,1-2H3","InChI=1S/C8H18/c1-3-5-7-8-6-4-2/h3-8H2,1-2H3",,,0.3,0.7,,
7.650000000000034,Celcius,molar,"InChI=1S/C7H16/c1-3-5-7-6-4-2/h3-7H2,1-2H3","InChI=1S/C8H18/c1-3-5-7-8-6-4-2/h3-8H2,1-2H3",,,0.322,0.678,,
3.44,Celcius,molar,"InChI=1S/C7H16/c1-3-5-7-6-4-2/h3-7H2,1-2H3","InChI=1S/C8H18/c1-3-5-7-8-6-4-2/h3-8H2,1-2H3",,,0.4,0.6,,
4.650000000000034,Celcius,molar,"InChI=1S/C7H16/c1-3-5-7-6-4-2/h3-7H2,1-2H3","InChI=1S/C8H18/c1-3-5-7-8-6-4-2/h3-8H2,1-2H3",,,0.425,0.575,,
1.46,Celcius,molar,"InChI=1S/C7H16/c1-3-5-7-6-4-2/h3-7H2,1-2H3","InChI=1S/C8H18/c1-3-5-7-8-6-4-2/h3-8H2,1-2H3",,,0.5,0.5,,
2.650000000000034,Celcius,molar,"InChI=1S/C7H16/c1-3-5-7-6-4-2/h3-7H2,1-2H3","InChI=1S/C8H18/c1-3-5-7-8-6-4-2/h3-8H2,1-2H3",,,0.525,0.475,,
-0.0395,Celcius,molar,"InChI=1S/C7H16/c1-3-5-7-6-4-2/h3-7H2,1-2H3","InChI=1S/C8H18/c1-3-5-7-8-6-4-2/h3-8H2,1-2H3",,,0.6,0.4,,
1.650000000000034,Celcius,molar,"InChI=1S/C7H16/c1-3-5-7-6-4-2/h3-7H2,1-2H3","InChI=1S/C8H18/c1-3-5-7-8-6-4-2/h3-8H2,1-2H3",,,0.624,0.376,,
-1.54,Celcius,molar,"InChI=1S/C7H16/c1-3-5-7-6-4-2/h3-7H2,1-2H3","InChI=1S/C8H18/c1-3-5-7-8-6-4-2/h3-8H2,1-2H3",,,0.7,0.3,,
-0.3499999999999659,Celcius,molar,"InChI=1S/C7H16/c1-3-5-7-6-4-2/h3-7H2,1-2H3","InChI=1S/C8H18/c1-3-5-7-8-6-4-2/h3-8H2,1-2H3",,,0.721,0.279,,
-3.0,Celcius,molar,"InChI=1S/C7H16/c1-3-5-7-6-4-2/h3-7H2,1-2H3","InChI=1S/C8H18/c1-3-5-7-8-6-4-2/h3-8H2,1-2H3",,,0.8,0.2,,
-0.3499999999999659,Celcius,molar,"InChI=1S/C7H16/c1-3-5-7-6-4-2/h3-7H2,1-2H3","InChI=1S/C8H18/c1-3-5-7-8-6-4-2/h3-8H2,1-2H3",,,0.816,0.184,,
-4.47,Celcius,molar,"InChI=1S/C7H16/c1-3-5-7-6-4-2/h3-7H2,1-2H3","InChI=1S/C8H18/c1-3-5-7-8-6-4-2/h3-8H2,1-2H3",,,0.9,0.1,,
-2.349999999999966,Celcius,molar,"InChI=1S/C7H16/c1-3-5-7-6-4-2/h3-7H2,1-2H3","InChI=1S/C8H18/c1-3-5-7-8-6-4-2/h3-8H2,1-2H3",,,0.909,0.091,,
-3.349999999999966,Celcius,molar,"InChI=1S/C7H16/c1-3-5-7-6-4-2/h3-7H2,1-2H3","InChI=1S/C8H18/c1-3-5-7-8-6-4-2/h3-8H2,1-2H3",,,0.982,0.018,,
9.75,Celcius,molar,"InChI=1S/C7H16/c1-3-5-7-6-4-2/h3-7H2,1-2H3","InChI=1S/CH4O/c1-2/h2H,1H3",,,0.006,0.994,,
-3.349999999999966,Celcius,molar,"InChI=1S/C7H16/c1-3-5-7-6-4-2/h3-7H2,1-2H3","InChI=1S/CH4O/c1-2/h2H,1H3",,,0.03,0.97,,
-8.349999999999966,Celcius,molar,"InChI=1S/C7H16/c1-3-5-7-6-4-2/h3-7H2,1-2H3","InChI=1S/CH4O/c1-2/h2H,1H3",,,0.065,0.935,,
-7.349999999999966,Celcius,molar,"InChI=1S/C7H16/c1-3-5-7-6-4-2/h3-7H2,1-2H3","InChI=1S/CH4O/c1-2/h2H,1H3",,,0.106,0.894,,
-8.349999999999966,Celcius,molar,"InChI=1S/C7H16/c1-3-5-7-6-4-2/h3-7H2,1-2H3","InChI=1S/CH4O/c1-2/h2H,1H3",,,0.155,0.845,,
-8.349999999999966,Celcius,molar,"InChI=1S/C7H16/c1-3-5-7-6-4-2/h3-7H2,1-2H3","InChI=1S/CH4O/c1-2/h2H,1H3",,,0.216,0.784,,
-8.349999999999966,Celcius,molar,"InChI=1S/C7H16/c1-3-5-7-6-4-2/h3-7H2,1-2H3","InChI=1S/CH4O/c1-2/h2H,1H3",,,0.293,0.707,,
-8.25,Celcius,molar,"InChI=1S/C7H16/c1-3-5-7-6-4-2/h3-7H2,1-2H3","InChI=1S/CH4O/c1-2/h2H,1H3",,,0.392,0.608,,
-8.25,Celcius,molar,"InChI=1S/C7H16/c1-3-5-7-6-4-2/h3-7H2,1-2H3","InChI=1S/CH4O/c1-2/h2H,1H3",,,0.525,0.475,,
-8.25,Celcius,molar,"InChI=1S/C7H16/c1-3-5-7-6-4-2/h3-7H2,1-2H3","InChI=1S/CH4O/c1-2/h2H,1H3",,,0.713,0.287,,
-8.25,Celcius,molar,"InChI=1S/C7H16/c1-3-5-7-6-4-2/h3-7H2,1-2H3","InChI=1S/CH4O/c1-2/h2H,1H3",,,0.931,0.069,,
-1.0,Celcius,molar,"InChI=1S/C7H8/c1-7-5-3-2-4-6-7/h2-6H,1H3","InChI=1S/C8H18/c1-7(2)6-8(3,4)5/h7H,6H2,1-5H3","InChI=1S/CH4O/c1-2/h2H,1H3",,0.026,0.01,0.964,
-10.9,Celcius,molar,"InChI=1S/C7H8/c1-7-5-3-2-4-6-7/h2-6H,1H3","InChI=1S/C8H18/c1-7(2)6-8(3,4)5/h7H,6H2,1-5H3","InChI=1S/CH4O/c1-2/h2H,1H3",,0.034,0.116,0.85,
-0.7,Celcius,molar,"InChI=1S/C7H8/c1-7-5-3-2-4-6-7/h2-6H,1H3","InChI=1S/C8H18/c1-7(2)6-8(3,4)5/h7H,6H2,1-5H3","InChI=1S/CH4O/c1-2/h2H,1H3",,0.05,0.01,0.94,
-8.0,Celcius,molar,"InChI=1S/C7H8/c1-7-5-3-2-4-6-7/h2-6H,1H3","InChI=1S/C8H18/c1-7(2)6-8(3,4)5/h7H,6H2,1-5H3","InChI=1S/CH4O/c1-2/h2H,1H3",,0.05,0.05,0.9,
-10.7,Celcius,molar,"InChI=1S/C7H8/c1-7-5-3-2-4-6-7/h2-6H,1H3","InChI=1S/C8H18/c1-7(2)6-8(3,4)5/h7H,6H2,1-5H3","InChI=1S/CH4O/c1-2/h2H,1H3",,0.053,0.247,0.7,
-1.3,Celcius,molar,"InChI=1S/C7H8/c1-7-5-3-2-4-6-7/h2-6H,1H3","InChI=1S/C8H18/c1-7(2)6-8(3,4)5/h7H,6H2,1-5H3","InChI=1S/CH4O/c1-2/h2H,1H3",,0.1,0.01,0.89,
-4.0,Celcius,molar,"InChI=1S/C7H8/c1-7-5-3-2-4-6-7/h2-6H,1H3","InChI=1S/C8H18/c1-7(2)6-8(3,4)5/h7H,6H2,1-5H3","InChI=1S/CH4O/c1-2/h2H,1H3",,0.1,0.02,0.88,
-10.3,Celcius,molar,"InChI=1S/C7H8/c1-7-5-3-2-4-6-7/h2-6H,1H3","InChI=1S/C8H18/c1-7(2)6-8(3,4)5/h7H,6H2,1-5H3","InChI=1S/CH4O/c1-2/h2H,1H3",,0.1,0.1,0.8,
-9.8,Celcius,molar,"InChI=1S/C7H8/c1-7-5-3-2-4-6-7/h2-6H,1H3","InChI=1S/C8H18/c1-7(2)6-8(3,4)5/h7H,6H2,1-5H3","InChI=1S/CH4O/c1-2/h2H,1H3",,0.1,0.2,0.7,
-10.7,Celcius,molar,"InChI=1S/C7H8/c1-7-5-3-2-4-6-7/h2-6H,1H3","InChI=1S/C8H18/c1-7(2)6-8(3,4)5/h7H,6H2,1-5H3","InChI=1S/CH4O/c1-2/h2H,1H3",,0.1,0.3,0.6,
-10.5,Celcius,molar,"InChI=1S/C7H8/c1-7-5-3-2-4-6-7/h2-6H,1H3","InChI=1S/C8H18/c1-7(2)6-8(3,4)5/h7H,6H2,1-5H3","InChI=1S/CH4O/c1-2/h2H,1H3",,0.1,0.4,0.5,
-11.3,Celcius,molar,"InChI=1S/C7H8/c1-7-5-3-2-4-6-7/h2-6H,1H3","InChI=1S/C8H18/c1-7(2)6-8(3,4)5/h7H,6H2,1-5H3","InChI=1S/CH4O/c1-2/h2H,1H3",,0.1,0.6,0.3,
-11.2,Celcius,molar,"InChI=1S/C7H8/c1-7-5-3-2-4-6-7/h2-6H,1H3","InChI=1S/C8H18/c1-7(2)6-8(3,4)5/h7H,6H2,1-5H3","InChI=1S/CH4O/c1-2/h2H,1H3",,0.1,0.7,0.2,
-10.2,Celcius,molar,"InChI=1S/C7H8/c1-7-5-3-2-4-6-7/h2-6H,1H3","InChI=1S/C8H18/c1-7(2)6-8(3,4)5/h7H,6H2,1-5H3","InChI=1S/CH4O/c1-2/h2H,1H3",,0.1,0.8,0.1,
-4.45,Celcius,molar,"InChI=1S/C7H8/c1-7-5-3-2-4-6-7/h2-6H,1H3","InChI=1S/C8H18/c1-7(2)6-8(3,4)5/h7H,6H2,1-5H3","InChI=1S/CH4O/c1-2/h2H,1H3",,0.125,0.025,0.85,
-8.3,Celcius,molar,"InChI=1S/C7H8/c1-7-5-3-2-4-6-7/h2-6H,1H3","InChI=1S/C8H18/c1-7(2)6-8(3,4)5/h7H,6H2,1-5H3","InChI=1S/CH4O/c1-2/h2H,1H3",,0.125,0.075,0.8,
-9.3,Celcius,molar,"InChI=1S/C7H8/c1-7-5-3-2-4-6-7/h2-6H,1H3","InChI=1S/C8H18/c1-7(2)6-8(3,4)5/h7H,6H2,1-5H3","InChI=1S/CH4O/c1-2/h2H,1H3",,0.15,0.15,0.7,
-9.2,Celcius,molar,"InChI=1S/C7H8/c1-7-5-3-2-4-6-7/h2-6H,1H3","InChI=1S/C8H18/c1-7(2)6-8(3,4)5/h7H,6H2,1-5H3","InChI=1S/CH4O/c1-2/h2H,1H3",,0.15,0.2,0.65,
-8.9,Celcius,molar,"InChI=1S/C7H8/c1-7-5-3-2-4-6-7/h2-6H,1H3","InChI=1S/C8H18/c1-7(2)6-8(3,4)5/h7H,6H2,1-5H3","InChI=1S/CH4O/c1-2/h2H,1H3",,0.16,0.14,0.7,
-8.3,Celcius,molar,"InChI=1S/C7H8/c1-7-5-3-2-4-6-7/h2-6H,1H3","InChI=1S/C8H18/c1-7(2)6-8(3,4)5/h7H,6H2,1-5H3","InChI=1S/CH4O/c1-2/h2H,1H3",,0.18,0.12,0.7,
-8.3,Celcius,molar,"InChI=1S/C7H8/c1-7-5-3-2-4-6-7/h2-6H,1H3","InChI=1S/C8H18/c1-7(2)6-8(3,4)5/h7H,6H2,1-5H3","InChI=1S/CH4O/c1-2/h2H,1H3",,0.18,0.8,0.02,
-1.1,Celcius,molar,"InChI=1S/C7H8/c1-7-5-3-2-4-6-7/h2-6H,1H3","InChI=1S/C8H18/c1-7(2)6-8(3,4)5/h7H,6H2,1-5H3","InChI=1S/CH4O/c1-2/h2H,1H3",,0.2,0.01,0.79,
-7.7,Celcius,molar,"InChI=1S/C7H8/c1-7-5-3-2-4-6-7/h2-6H,1H3","InChI=1S/C8H18/c1-7(2)6-8(3,4)5/h7H,6H2,1-5H3","InChI=1S/CH4O/c1-2/h2H,1H3",,0.2,0.1,0.7,
-8.7,Celcius,molar,"InChI=1S/C7H8/c1-7-5-3-2-4-6-7/h2-6H,1H3","InChI=1S/C8H18/c1-7(2)6-8(3,4)5/h7H,6H2,1-5H3","InChI=1S/CH4O/c1-2/h2H,1H3",,0.2,0.15,0.65,
-9.2,Celcius,molar,"InChI=1S/C7H8/c1-7-5-3-2-4-6-7/h2-6H,1H3","InChI=1S/C8H18/c1-7(2)6-8(3,4)5/h7H,6H2,1-5H3","InChI=1S/CH4O/c1-2/h2H,1H3",,0.2,0.2,0.6,
-9.6,Celcius,molar,"InChI=1S/C7H8/c1-7-5-3-2-4-6-7/h2-6H,1H3","InChI=1S/C8H18/c1-7(2)6-8(3,4)5/h7H,6H2,1-5H3","InChI=1S/CH4O/c1-2/h2H,1H3",,0.2,0.475,0.325,
-9.9,Celcius,molar,"InChI=1S/C7H8/c1-7-5-3-2-4-6-7/h2-6H,1H3","InChI=1S/C8H18/c1-7(2)6-8(3,4)5/h7H,6H2,1-5H3","InChI=1S/CH4O/c1-2/h2H,1H3",,0.2,0.5,0.3,
-10.7,Celcius,molar,"InChI=1S/C7H8/c1-7-5-3-2-4-6-7/h2-6H,1H3","InChI=1S/C8H18/c1-7(2)6-8(3,4)5/h7H,6H2,1-5H3","InChI=1S/CH4O/c1-2/h2H,1H3",,0.2,0.6,0.2,
-9.3,Celcius,molar,"InChI=1S/C7H8/c1-7-5-3-2-4-6-7/h2-6H,1H3","InChI=1S/C8H18/c1-7(2)6-8(3,4)5/h7H,6H2,1-5H3","InChI=1S/CH4O/c1-2/h2H,1H3",,0.2,0.7,0.1,
-8.3,Celcius,molar,"InChI=1S/C7H8/c1-7-5-3-2-4-6-7/h2-6H,1H3","InChI=1S/C8H18/c1-7(2)6-8(3,4)5/h7H,6H2,1-5H3","InChI=1S/CH4O/c1-2/h2H,1H3",,0.22,0.18,0.6,
-3.8,Celcius,molar,"InChI=1S/C7H8/c1-7-5-3-2-4-6-7/h2-6H,1H3","InChI=1S/C8H18/c1-7(2)6-8(3,4)5/h7H,6H2,1-5H3","InChI=1S/CH4O/c1-2/h2H,1H3",,0.235,0.035,0.73,
-8.1,Celcius,molar,"InChI=1S/C7H8/c1-7-5-3-2-4-6-7/h2-6H,1H3","InChI=1S/C8H18/c1-7(2)6-8(3,4)5/h7H,6H2,1-5H3","InChI=1S/CH4O/c1-2/h2H,1H3",,0.25,0.15,0.6,
-9.7,Celcius,molar,"InChI=1S/C7H8/c1-7-5-3-2-4-6-7/h2-6H,1H3","InChI=1S/C8H18/c1-7(2)6-8(3,4)5/h7H,6H2,1-5H3","InChI=1S/CH4O/c1-2/h2H,1H3",,0.25,0.6,0.15,
-9.2,Celcius,molar,"InChI=1S/C7H8/c1-7-5-3-2-4-6-7/h2-6H,1H3","InChI=1S/C8H18/c1-7(2)6-8(3,4)5/h7H,6H2,1-5H3","InChI=1S/CH4O/c1-2/h2H,1H3",,0.25,0.7,0.05,
-9.9,Celcius,molar,"InChI=1S/C7H8/c1-7-5-3-2-4-6-7/h2-6H,1H3","InChI=1S/C8H18/c1-7(2)6-8(3,4)5/h7H,6H2,1-5H3","InChI=1S/CH4O/c1-2/h2H,1H3",,0.272,0.636,0.092,
-6.4,Celcius,molar,"InChI=1S/C7H8/c1-7-5-3-2-4-6-7/h2-6H,1H3","InChI=1S/C8H18/c1-7(2)6-8(3,4)5/h7H,6H2,1-5H3","InChI=1S/CH4O/c1-2/h2H,1H3",,0.275,0.125,0.6,
-7.4,Celcius,molar,"InChI=1S/C7H8/c1-7-5-3-2-4-6-7/h2-6H,1H3","InChI=1S/C8H18/c1-7(2)6-8(3,4)5/h7H,6H2,1-5H3","InChI=1S/CH4O/c1-2/h2H,1H3",,0.29,0.7,0.01,
-8.5,Celcius,molar,"InChI=1S/C7H8/c1-7-5-3-2-4-6-7/h2-6H,1H3","InChI=1S/C8H18/c1-7(2)6-8(3,4)5/h7H,6H2,1-5H3","InChI=1S/CH4O/c1-2/h2H,1H3",,0.3,0.4,0.3,
-9.3,Celcius,molar,"InChI=1S/C7H8/c1-7-5-3-2-4-6-7/h2-6H,1H3","InChI=1S/C8H18/c1-7(2)6-8(3,4)5/h7H,6H2,1-5H3","InChI=1S/CH4O/c1-2/h2H,1H3",,0.3,0.5,0.2,
-8.9,Celcius,molar,"InChI=1S/C7H8/c1-7-5-3-2-4-6-7/h2-6H,1H3","InChI=1S/C8H18/c1-7(2)6-8(3,4)5/h7H,6H2,1-5H3","InChI=1S/CH4O/c1-2/h2H,1H3",,0.3,0.6,0.1,
-6.6,Celcius,molar,"InChI=1S/C7H8/c1-7-5-3-2-4-6-7/h2-6H,1H3","InChI=1S/C8H18/c1-7(2)6-8(3,4)5/h7H,6H2,1-5H3","InChI=1S/CH4O/c1-2/h2H,1H3",,0.325,0.15,0.525,
-5.8,Celcius,molar,"InChI=1S/C7H8/c1-7-5-3-2-4-6-7/h2-6H,1H3","InChI=1S/C8H18/c1-7(2)6-8(3,4)5/h7H,6H2,1-5H3","InChI=1S/CH4O/c1-2/h2H,1H3",,0.35,0.1,0.55,
-8.1,Celcius,molar,"InChI=1S/C7H8/c1-7-5-3-2-4-6-7/h2-6H,1H3","InChI=1S/C8H18/c1-7(2)6-8(3,4)5/h7H,6H2,1-5H3","InChI=1S/CH4O/c1-2/h2H,1H3",,0.35,0.15,0.5,
-7.7,Celcius,molar,"InChI=1S/C7H8/c1-7-5-3-2-4-6-7/h2-6H,1H3","InChI=1S/C8H18/c1-7(2)6-8(3,4)5/h7H,6H2,1-5H3","InChI=1S/CH4O/c1-2/h2H,1H3",,0.35,0.325,0.325,
-8.1,Celcius,molar,"InChI=1S/C7H8/c1-7-5-3-2-4-6-7/h2-6H,1H3","InChI=1S/C8H18/c1-7(2)6-8(3,4)5/h7H,6H2,1-5H3","InChI=1S/CH4O/c1-2/h2H,1H3",,0.376,0.349,0.275,
-3.9,Celcius,molar,"InChI=1S/C7H8/c1-7-5-3-2-4-6-7/h2-6H,1H3","InChI=1S/C8H18/c1-7(2)6-8(3,4)5/h7H,6H2,1-5H3","InChI=1S/CH4O/c1-2/h2H,1H3",,0.4,0.05,0.55,
-7.3,Celcius,molar,"InChI=1S/C7H8/c1-7-5-3-2-4-6-7/h2-6H,1H3","InChI=1S/C8H18/c1-7(2)6-8(3,4)5/h7H,6H2,1-5H3","InChI=1S/CH4O/c1-2/h2H,1H3",,0.4,0.3,0.3,
-8.7,Celcius,molar,"InChI=1S/C7H8/c1-7-5-3-2-4-6-7/h2-6H,1H3","InChI=1S/C8H18/c1-7(2)6-8(3,4)5/h7H,6H2,1-5H3","InChI=1S/CH4O/c1-2/h2H,1H3",,0.4,0.4,0.2,
-8.4,Celcius,molar,"InChI=1S/C7H8/c1-7-5-3-2-4-6-7/h2-6H,1H3","InChI=1S/C8H18/c1-7(2)6-8(3,4)5/h7H,6H2,1-5H3","InChI=1S/CH4O/c1-2/h2H,1H3",,0.4,0.5,0.1,
-5.0,Celcius,molar,"InChI=1S/C7H8/c1-7-5-3-2-4-6-7/h2-6H,1H3","InChI=1S/C8H18/c1-7(2)6-8(3,4)5/h7H,6H2,1-5H3","InChI=1S/CH4O/c1-2/h2H,1H3",,0.425,0.075,0.5,
-7.8,Celcius,molar,"InChI=1S/C7H8/c1-7-5-3-2-4-6-7/h2-6H,1H3","InChI=1S/C8H18/c1-7(2)6-8(3,4)5/h7H,6H2,1-5H3","InChI=1S/CH4O/c1-2/h2H,1H3",,0.44,0.41,0.15,
-4.1,Celcius,molar,"InChI=1S/C7H8/c1-7-5-3-2-4-6-7/h2-6H,1H3","InChI=1S/C8H18/c1-7(2)6-8(3,4)5/h7H,6H2,1-5H3","InChI=1S/CH4O/c1-2/h2H,1H3",,0.45,0.05,0.5,
-6.8,Celcius,molar,"InChI=1S/C7H8/c1-7-5-3-2-4-6-7/h2-6H,1H3","InChI=1S/C8H18/c1-7(2)6-8(3,4)5/h7H,6H2,1-5H3","InChI=1S/CH4O/c1-2/h2H,1H3",,0.45,0.225,0.325,
-6.1,Celcius,molar,"InChI=1S/C7H8/c1-7-5-3-2-4-6-7/h2-6H,1H3","InChI=1S/C8H18/c1-7(2)6-8(3,4)5/h7H,6H2,1-5H3","InChI=1S/CH4O/c1-2/h2H,1H3",,0.5,0.2,0.3,
-7.8,Celcius,molar,"InChI=1S/C7H8/c1-7-5-3-2-4-6-7/h2-6H,1H3","InChI=1S/C8H18/c1-7(2)6-8(3,4)5/h7H,6H2,1-5H3","InChI=1S/CH4O/c1-2/h2H,1H3",,0.5,0.3,0.2,
-6.7,Celcius,molar,"InChI=1S/C7H8/c1-7-5-3-2-4-6-7/h2-6H,1H3","InChI=1S/C8H18/c1-7(2)6-8(3,4)5/h7H,6H2,1-5H3","InChI=1S/CH4O/c1-2/h2H,1H3",,0.5,0.35,0.15,
-7.5,Celcius,molar,"InChI=1S/C7H8/c1-7-5-3-2-4-6-7/h2-6H,1H3","InChI=1S/C8H18/c1-7(2)6-8(3,4)5/h7H,6H2,1-5H3","InChI=1S/CH4O/c1-2/h2H,1H3",,0.5,0.4,0.1,
-6.3,Celcius,molar,"InChI=1S/C7H8/c1-7-5-3-2-4-6-7/h2-6H,1H3","InChI=1S/C8H18/c1-7(2)6-8(3,4)5/h7H,6H2,1-5H3","InChI=1S/CH4O/c1-2/h2H,1H3",,0.511,0.264,0.225,
-5.8,Celcius,molar,"InChI=1S/C7H8/c1-7-5-3-2-4-6-7/h2-6H,1H3","InChI=1S/C8H18/c1-7(2)6-8(3,4)5/h7H,6H2,1-5H3","InChI=1S/CH4O/c1-2/h2H,1H3",,0.53,0.17,0.3,
-6.3,Celcius,molar,"InChI=1S/C7H8/c1-7-5-3-2-4-6-7/h2-6H,1H3","InChI=1S/C8H18/c1-7(2)6-8(3,4)5/h7H,6H2,1-5H3","InChI=1S/CH4O/c1-2/h2H,1H3",,0.545,0.274,0.181,
-2.3,Celcius,molar,"InChI=1S/C7H8/c1-7-5-3-2-4-6-7/h2-6H,1H3","InChI=1S/C8H18/c1-7(2)6-8(3,4)5/h7H,6H2,1-5H3","InChI=1S/CH4O/c1-2/h2H,1H3",,0.575,0.058,0.367,
-3.6,Celcius,molar,"InChI=1S/C7H8/c1-7-5-3-2-4-6-7/h2-6H,1H3","InChI=1S/C8H18/c1-7(2)6-8(3,4)5/h7H,6H2,1-5H3","InChI=1S/CH4O/c1-2/h2H,1H3",,0.594,0.132,0.274,
-4.3,Celcius,molar,"InChI=1S/C7H8/c1-7-5-3-2-4-6-7/h2-6H,1H3","InChI=1S/C8H18/c1-7(2)6-8(3,4)5/h7H,6H2,1-5H3","InChI=1S/CH4O/c1-2/h2H,1H3",,0.6,0.1,0.3,
-5.4,Celcius,molar,"InChI=1S/C7H8/c1-7-5-3-2-4-6-7/h2-6H,1H3","InChI=1S/C8H18/c1-7(2)6-8(3,4)5/h7H,6H2,1-5H3","InChI=1S/CH4O/c1-2/h2H,1H3",,0.6,0.2,0.2,
-6.3,Celcius,molar,"InChI=1S/C7H8/c1-7-5-3-2-4-6-7/h2-6H,1H3","InChI=1S/C8H18/c1-7(2)6-8(3,4)5/h7H,6H2,1-5H3","InChI=1S/CH4O/c1-2/h2H,1H3",,0.6,0.3,0.1,
-5.1,Celcius,molar,"InChI=1S/C7H8/c1-7-5-3-2-4-6-7/h2-6H,1H3","InChI=1S/C8H18/c1-7(2)6-8(3,4)5/h7H,6H2,1-5H3","InChI=1S/CH4O/c1-2/h2H,1H3",,0.65,0.2,0.15,
-2.6,Celcius,molar,"InChI=1S/C7H8/c1-7-5-3-2-4-6-7/h2-6H,1H3","InChI=1S/C8H18/c1-7(2)6-8(3,4)5/h7H,6H2,1-5H3","InChI=1S/CH4O/c1-2/h2H,1H3",,0.7,0.05,0.25,
-3.4,Celcius,molar,"InChI=1S/C7H8/c1-7-5-3-2-4-6-7/h2-6H,1H3","InChI=1S/C8H18/c1-7(2)6-8(3,4)5/h7H,6H2,1-5H3","InChI=1S/CH4O/c1-2/h2H,1H3",,0.7,0.1,0.2,
-4.9,Celcius,molar,"InChI=1S/C7H8/c1-7-5-3-2-4-6-7/h2-6H,1H3","InChI=1S/C8H18/c1-7(2)6-8(3,4)5/h7H,6H2,1-5H3","InChI=1S/CH4O/c1-2/h2H,1H3",,0.7,0.2,0.1,
-2.9,Celcius,molar,"InChI=1S/C7H8/c1-7-5-3-2-4-6-7/h2-6H,1H3","InChI=1S/C8H18/c1-7(2)6-8(3,4)5/h7H,6H2,1-5H3","InChI=1S/CH4O/c1-2/h2H,1H3",,0.8,0.1,0.1,
-2.9,Celcius,molar,"InChI=1S/C7H8/c1-7-5-3-2-4-6-7/h2-6H,1H3","InChI=1S/C8H18/c1-7(2)6-8(3,4)5/h7H,6H2,1-5H3","InChI=1S/CH4O/c1-2/h2H,1H3",,0.8,0.15,0.05,
0.3,Celcius,molar,"InChI=1S/C7H8/c1-7-5-3-2-4-6-7/h2-6H,1H3","InChI=1S/C8H18/c1-7(2)6-8(3,4)5/h7H,6H2,1-5H3","InChI=1S/CH4O/c1-2/h2H,1H3",,0.9,0.05,0.05,
3.15,Celcius,molar,"InChI=1S/C7H8/c1-7-5-3-2-4-6-7/h2-6H,1H3","InChI=1S/CH4O/c1-2/h2H,1H3",,,0.129,0.871,,
