value,unit,component_inchi_0,temperature,temperature_unit
-0.3225921715284658,ln(mPa*s),InChI=1S/BBr3/c2-1(3)4,298.0,K
-0.0257889530415333,ln(mPa*s),InChI=1S/Br2/c1-2,298.0,K
-0.2638762516571176,ln(mPa*s),"InChI=1S/C10H10/c1-3-9-6-5-7-10(4-2)8-9/h3-8H,1-2H2",298.0,K
2.6217658325051976,ln(mPa*s),"InChI=1S/C10H10O4/c1-13-9(11)7-5-3-4-6-8(7)10(12)14-2/h3-6H,1-2H3",298.0,K
0.6986365262166438,ln(mPa*s),"InChI=1S/C10H12/c1-2-6-10-8-4-3-7-9(10)5-1/h1-2,5-6H,3-4,7-8H2",298.0,K
0.6857098406936268,ln(mPa*s),"InChI=1S/C10H12/c1-2-6-10-8-4-3-7-9(10)5-1/h1-2,5-6H,3-4,7-8H2",298.15,K
0.6380463292686501,ln(mPa*s),"InChI=1S/C10H12/c1-2-6-10-8-4-3-7-9(10)5-1/h1-2,5-6H,3-4,7-8H2",301.9,K
0.5590676605789543,ln(mPa*s),"InChI=1S/C10H12/c1-2-6-10-8-4-3-7-9(10)5-1/h1-2,5-6H,3-4,7-8H2",303.15,K
0.5293643128793312,ln(mPa*s),"InChI=1S/C10H12/c1-2-6-10-8-4-3-7-9(10)5-1/h1-2,5-6H,3-4,7-8H2",305.65,K
0.5355812926304151,ln(mPa*s),"InChI=1S/C10H12/c1-2-6-10-8-4-3-7-9(10)5-1/h1-2,5-6H,3-4,7-8H2",308.15,K
0.3184475183610765,ln(mPa*s),"InChI=1S/C10H12/c1-2-6-10-8-4-3-7-9(10)5-1/h1-2,5-6H,3-4,7-8H2",320.65,K
1.26457973307233,ln(mPa*s),"InChI=1S/C10H12/c1-2-9-7-4-5-8(6-7)10(9)3-1/h1-2,4-5,7-10H,3,6H2/t7-,8+,9-,10+/m1/s1",303.15,K
1.2010283845056942,ln(mPa*s),"InChI=1S/C10H12/c1-2-9-7-4-5-8(6-7)10(9)3-1/h1-2,4-5,7-10H,3,6H2/t7-,8+,9-,10+/m1/s1",305.65,K
-0.1388458811075409,ln(mPa*s),"InChI=1S/C10H12/c1-3-9(2)10-7-5-4-6-8-10/h3-8H,1-2H3/b9-3+",298.0,K
-0.1388458811075409,ln(mPa*s),"InChI=1S/C10H12/c1-3-9(2)10-7-5-4-6-8-10/h3-8H,1-2H3/b9-3-",298.0,K
0.0018420680743952,ln(mPa*s),"InChI=1S/C10H12/c1-3-9(2)10-7-5-4-6-8-10/h4-8H,2-3H2,1H3",298.0,K
-0.0078287893161797,ln(mPa*s),"InChI=1S/C10H12/c1-3-9-5-7-10(4-2)8-6-9/h3,5-8H,1,4H2,2H3",298.0,K
0.0287823136624255,ln(mPa*s),"InChI=1S/C10H12/c1-3-9-6-5-7-10(4-2)8-9/h3,5-8H,1,4H2,2H3",298.0,K
0.1333196768843552,ln(mPa*s),"InChI=1S/C10H12/c1-3-9-7-5-6-8-10(9)4-2/h3,5-8H,1,4H2,2H3",298.0,K
0.43311625599218,ln(mPa*s),"InChI=1S/C10H12/c1-8-5-6-9-3-2-4-10(9)7-8/h5-7H,2-4H2,1H3",298.0,K
0.4045642008390538,ln(mPa*s),"InChI=1S/C10H12/c1-8-6-7-9-4-2-3-5-10(8)9/h2-5,8H,6-7H2,1H3",298.0,K
0.4153863507761259,ln(mPa*s),"InChI=1S/C10H12O2/c1-2-10(11)12-8-9-6-4-3-5-7-9/h3-7H,2,8H2,1H3",318.15,K
0.8703771651517493,ln(mPa*s),"InChI=1S/C10H12O2/c1-2-12-10(11)8-9-6-4-3-5-7-9/h3-7H,2,8H2,1H3",298.0,K
0.6735061397007583,ln(mPa*s),"InChI=1S/C10H12O2/c1-2-12-10(11)8-9-6-4-3-5-7-9/h3-7H,2,8H2,1H3",308.15,K
1.0520511289889796,ln(mPa*s),"InChI=1S/C10H12O2/c1-2-8-12-10(11)9-6-4-3-5-7-9/h3-7H,2,8H2,1H3",298.0,K
0.6518618398266144,ln(mPa*s),"InChI=1S/C10H12O2/c1-2-8-12-10(11)9-6-4-3-5-7-9/h3-7H,2,8H2,1H3",308.15,K
1.37671562710114,ln(mPa*s),"InChI=1S/C10H12O4/c1-3-7-13-9(11)5-6-10(12)14-8-4-2/h3-6H,1-2,7-8H2/b6-5-",298.0,K
0.0702263589515284,ln(mPa*s),"InChI=1S/C10H14/c1-10(2,3)9-7-5-4-6-8-9/h4-8H,1-3H3",298.0,K
-0.0849653899314803,ln(mPa*s),"InChI=1S/C10H14/c1-10(2,3)9-7-5-4-6-8-9/h4-8H,1-3H3",308.15,K
-0.0946362473220552,ln(mPa*s),"InChI=1S/C10H14/c1-10(2,3)9-7-5-4-6-8-9/h4-8H,1-3H3",313.15,K
-0.0371595726587455,ln(mPa*s),"InChI=1S/C10H14/c1-2-3-7-10-8-5-4-6-9-10/h4-6,8-9H,2-3,7H2,1H3",298.0,K
-0.0398347221087969,ln(mPa*s),"InChI=1S/C10H14/c1-2-3-7-10-8-5-4-6-9-10/h4-6,8-9H,2-3,7H2,1H3",298.15,K
-0.1515100991190082,ln(mPa*s),"InChI=1S/C10H14/c1-2-3-7-10-8-5-4-6-9-10/h4-6,8-9H,2-3,7H2,1H3",308.15,K
-0.2180548083065361,ln(mPa*s),"InChI=1S/C10H14/c1-2-3-7-10-8-5-4-6-9-10/h4-6,8-9H,2-3,7H2,1H3",313.15,K
-0.279994347308076,ln(mPa*s),"InChI=1S/C10H14/c1-2-3-7-10-8-5-4-6-9-10/h4-6,8-9H,2-3,7H2,1H3",318.15,K
-0.0082893063347785,ln(mPa*s),"InChI=1S/C10H14/c1-3-4-10-7-5-9(2)6-8-10/h5-8H,3-4H2,1-2H3",298.0,K
0.0290125721717249,ln(mPa*s),"InChI=1S/C10H14/c1-3-5-10-7-4-6-9(2)8-10/h4,6-8H,3,5H2,1-2H3",298.0,K
0.0267099870787309,ln(mPa*s),"InChI=1S/C10H14/c1-3-6-10-8-5-4-7-9(10)2/h4-5,7-8H,3,6H2,1-2H3",298.0,K
-0.0230258509299404,ln(mPa*s),"InChI=1S/C10H14/c1-3-9(2)10-7-5-4-6-8-10/h4-9H,3H2,1-2H3",298.0,K
-0.2694024558803033,ln(mPa*s),"InChI=1S/C10H14/c1-3-9(2)10-7-5-4-6-8-10/h4-9H,3H2,1-2H3",308.15,K
-0.2873626196056569,ln(mPa*s),"InChI=1S/C10H14/c1-3-9(2)10-7-5-4-6-8-10/h4-9H,3H2,1-2H3",313.15,K
-0.1151292546497023,ln(mPa*s),"InChI=1S/C10H14/c1-3-9-5-7-10(4-2)8-6-9/h5-8H,3-4H2,1-2H3",298.0,K
-0.2302585092994046,ln(mPa*s),"InChI=1S/C10H14/c1-3-9-6-5-7-10(4-2)8-9/h5-8H,3-4H2,1-2H3",298.0,K
-0.3410128522724182,ln(mPa*s),"InChI=1S/C10H14/c1-3-9-6-5-7-10(4-2)8-9/h5-8H,3-4H2,1-2H3",308.15,K
-0.1151292546497023,ln(mPa*s),"InChI=1S/C10H14/c1-3-9-7-5-6-8-10(9)4-2/h5-8H,3-4H2,1-2H3",298.0,K
0.0186509392532517,ln(mPa*s),"InChI=1S/C10H14/c1-4-10-6-5-8(2)7-9(10)3/h5-7H,4H2,1-3H3",298.0,K
0.1201949418542892,ln(mPa*s),"InChI=1S/C10H14/c1-4-10-6-5-8(2)9(3)7-10/h5-7H,4H2,1-3H3",298.0,K
0.0582554028527493,ln(mPa*s),"InChI=1S/C10H14/c1-4-10-6-8(2)5-9(3)7-10/h5-7H,4H2,1-3H3",298.0,K
0.1683189702978647,ln(mPa*s),"InChI=1S/C10H14/c1-4-10-7-5-6-8(2)9(10)3/h5-7H,4H2,1-3H3",298.0,K
0.1192739078170915,ln(mPa*s),"InChI=1S/C10H14/c1-4-10-7-8(2)5-6-9(10)3/h5-7H,4H2,1-3H3",298.0,K
0.1683189702978647,ln(mPa*s),"InChI=1S/C10H14/c1-4-10-8(2)6-5-7-9(10)3/h5-7H,4H2,1-3H3",298.0,K
0.4437081474199527,ln(mPa*s),"InChI=1S/C10H14/c1-7-5-6-8(2)10(4)9(7)3/h5-6H,1-4H3",298.0,K
0.2040090392392724,ln(mPa*s),"InChI=1S/C10H14/c1-7-5-8(2)10(4)9(3)6-7/h5-6H,1-4H3",298.0,K
-0.2044695562578712,ln(mPa*s),"InChI=1S/C10H14/c1-8(2)10-6-4-5-9(3)7-10/h4-8H,1-3H3",298.0,K
-0.1911145627185058,ln(mPa*s),"InChI=1S/C10H14/c1-8(2)10-6-4-9(3)5-7-10/h4-8H,1-3H3",293.15,K
-0.2330216114109974,ln(mPa*s),"InChI=1S/C10H14/c1-8(2)10-6-4-9(3)5-7-10/h4-8H,1-3H3",298.0,K
-0.033617742357713,ln(mPa*s),"InChI=1S/C10H14/c1-8(2)10-7-5-4-6-9(10)3/h4-8H,1-3H3",298.0,K
-0.2072326583694641,ln(mPa*s),"InChI=1S/C10H14/c1-9(2)8-10-6-4-3-5-7-10/h3-7,9H,8H2,1-2H3",298.0,K
-0.1883514606069129,ln(mPa*s),"InChI=1S/C10H14/c1-9(2)8-10-6-4-3-5-7-10/h3-7,9H,8H2,1-2H3",308.15,K
0.8936332745909892,ln(mPa*s),"InChI=1S/C10H14N2/c1-12-7-3-5-10(12)9-4-2-6-11-8-9/h2,4,6,8,10H,3,5,7H2,1H3/t10-/m0/s1",318.15,K
0.7117290522444596,ln(mPa*s),"InChI=1S/C10H14N2/c1-12-7-3-5-10(12)9-4-2-6-11-8-9/h2,4,6,8,10H,3,5,7H2,1H3/t10-/m0/s1",323.15,K
3.614598078982053,ln(mPa*s),"InChI=1S/C10H14O/c1-10(2,3)8-6-4-5-7-9(8)11/h4-7,11H,1-3H3",298.0,K
0.2680209048245069,ln(mPa*s),"InChI=1S/C10H14O/c1-8(2)11-10-6-4-5-9(3)7-10/h4-8H,1-3H3",298.0,K
1.91828364097334,ln(mPa*s),"InChI=1S/C10H14O5/c1-7(2)10(13)15-5-4-14-9(12)6-8(3)11/h1,4-6H2,2-3H3",298.0,K
0.6511710642987162,ln(mPa*s),"InChI=1S/C10H15N/c1-3-11(4-2)10-8-6-5-7-9-10/h5-9H,3-4H2,1-2H3",298.0,K
0.4220638475458086,ln(mPa*s),"InChI=1S/C10H15N/c1-3-11(4-2)10-8-6-5-7-9-10/h5-9H,3-4H2,1-2H3",303.15,K
0.4443989229478509,ln(mPa*s),"InChI=1S/C10H15N/c1-3-11(4-2)10-8-6-5-7-9-10/h5-9H,3-4H2,1-2H3",308.0,K
0.3868342956229997,ln(mPa*s),"InChI=1S/C10H15N/c1-3-11(4-2)10-8-6-5-7-9-10/h5-9H,3-4H2,1-2H3",310.65,K
0.3060135588589087,ln(mPa*s),"InChI=1S/C10H15N/c1-3-11(4-2)10-8-6-5-7-9-10/h5-9H,3-4H2,1-2H3",313.15,K
0.1839765489302242,ln(mPa*s),"InChI=1S/C10H15N/c1-3-11(4-2)10-8-6-5-7-9-10/h5-9H,3-4H2,1-2H3",318.15,K
3.625420228919125,ln(mPa*s),"InChI=1S/C10H15N/c1-3-8-6-5-7-9(4-2)10(8)11/h5-7H,3-4,11H2,1-2H3",298.0,K
1.0188473201992472,ln(mPa*s),"InChI=1S/C10H16/c1-2-9-7-4-5-8(6-7)10(9)3-1/h7-10H,1-6H2/t7-,8+,9+,10-",298.0,K
0.3321990351432372,ln(mPa*s),"InChI=1S/C10H16/c1-7-4-5-8-6-9(7)10(8,2)3/h4,8-9H,5-6H2,1-3H3",298.0,K
0.4270312747344358,ln(mPa*s),"InChI=1S/C10H16/c1-7-4-5-8-6-9(7)10(8,2)3/h8-9H,1,4-6H2,2-3H3",298.0,K
-0.0736827229758094,ln(mPa*s),"InChI=1S/C10H16/c1-8(2)10-6-4-9(3)5-7-10/h4,10H,1,5-7H2,2-3H3",298.0,K
-0.2885139121521539,ln(mPa*s),"InChI=1S/C10H16/c1-8(2)10-6-4-9(3)5-7-10/h4,10H,1,5-7H2,2-3H3/t10-/m0/s1",308.15,K
-0.293119082338142,ln(mPa*s),"InChI=1S/C10H16/c1-8(2)10-6-4-9(3)5-7-10/h4,6,8,10H,3,5,7H2,1-2H3",298.0,K
-0.293119082338142,ln(mPa*s),"InChI=1S/C10H16/c1-8(2)10-6-4-9(3)5-7-10/h4,6,8H,5,7H2,1-3H3",298.0,K
-0.293119082338142,ln(mPa*s),"InChI=1S/C10H16/c1-8(2)10-6-4-9(3)5-7-10/h4,7-8H,5-6H2,1-3H3",298.0,K
-0.293119082338142,ln(mPa*s),"InChI=1S/C10H16/c1-8(2)10-6-4-9(3)5-7-10/h4-6,8,10H,7H2,1-3H3",298.0,K
-0.2928888238288427,ln(mPa*s),"InChI=1S/C10H16/c1-8(2)10-6-4-9(3)5-7-10/h4H,5-7H2,1-3H3",298.0,K
-0.0575646273248511,ln(mPa*s),"InChI=1S/C10H16/c1-8(2)10-6-4-9(3)5-7-10/h4H,5-7H2,1-3H3",308.15,K
0.7446560190742745,ln(mPa*s),"InChI=1S/C10H16O4/c1-3-7-13-9(11)5-6-10(12)14-8-4-2/h5-6H,3-4,7-8H2,1-2H3/b6-5-",298.0,K
2.3390134496075974,ln(mPa*s),"InChI=1S/C10H17NO/c12-10-7-4-8-11(10)9-5-2-1-3-6-9/h9H,1-8H2",298.0,K
1.105240844637142,ln(mPa*s),"InChI=1S/C10H18/c1-2-6-10-8-4-3-7-9(10)5-1/h9-10H,1-8H2",298.0,K
0.7377482637952923,ln(mPa*s),"InChI=1S/C10H18/c1-2-6-10-8-4-3-7-9(10)5-1/h9-10H,1-8H2",303.15,K
0.4130837656831318,ln(mPa*s),"InChI=1S/C10H18/c1-2-6-10-8-4-3-7-9(10)5-1/h9-10H,1-8H2",320.65,K
1.1128393754440224,ln(mPa*s),"InChI=1S/C10H18/c1-2-6-10-8-4-3-7-9(10)5-1/h9-10H,1-8H2/t9-,10+",298.0,K
1.0492880268773868,ln(mPa*s),"InChI=1S/C10H18/c1-2-6-10-8-4-3-7-9(10)5-1/h9-10H,1-8H2/t9-,10+",298.15,K
0.9053764585652588,ln(mPa*s),"InChI=1S/C10H18/c1-2-6-10-8-4-3-7-9(10)5-1/h9-10H,1-8H2/t9-,10+",308.15,K
0.6693614865333691,ln(mPa*s),"InChI=1S/C10H18/c1-2-6-10-8-4-3-7-9(10)5-1/h9-10H,1-8H2/t9-,10-",298.0,K
0.6127178932457156,ln(mPa*s),"InChI=1S/C10H18/c1-2-6-10-8-4-3-7-9(10)5-1/h9-10H,1-8H2/t9-,10-",298.15,K
0.4943650194658217,ln(mPa*s),"InChI=1S/C10H18/c1-2-6-10-8-4-3-7-9(10)5-1/h9-10H,1-8H2/t9-,10-",308.15,K
0.2086142094252605,ln(mPa*s),"InChI=1S/C10H18/c1-3-5-7-9-10-8-6-4-2/h1H,4-10H2,2H3",298.0,K
-0.4370306506502699,ln(mPa*s),"InChI=1S/C10H18/c1-3-5-7-9-10-8-6-4-2/h3-4H,1-2,5-10H2",298.0,K
2.105352923464337,ln(mPa*s),"InChI=1S/C10H18O/c1-9(2)5-4-6-10(3)7-8-11/h5,7,11H,4,6,8H2,1-3H3/b10-7+",298.0,K
0.7340641276465018,ln(mPa*s),"InChI=1S/C10H18O2/c1-9(11)12-8-7-10-5-3-2-4-6-10/h10H,2-8H2,1H3",310.0,K
1.1378330018213911,ln(mPa*s),"InChI=1S/C10H18O4/c1-3-13-9(11)7-5-6-8-10(12)14-4-2/h3-8H2,1-2H3",298.0,K
0.2083839509159611,ln(mPa*s),"InChI=1S/C10H20/c1-10(2,3)9-7-5-4-6-8-9/h9H,4-8H2,1-3H3",298.0,K
0.2776917622150819,ln(mPa*s),"InChI=1S/C10H20/c1-10(2,3)9-7-5-4-6-8-9/h9H,4-8H2,1-3H3",308.15,K
0.1934171478114998,ln(mPa*s),"InChI=1S/C10H20/c1-10(2,3)9-7-5-4-6-8-9/h9H,4-8H2,1-3H3",313.15,K
0.1947771075817093,ln(mPa*s),"InChI=1S/C10H20/c1-2-3-7-10-8-5-4-6-9-10/h10H,2-9H2,1H3",298.0,K
0.104767621731229,ln(mPa*s),"InChI=1S/C10H20/c1-2-3-7-10-8-5-4-6-9-10/h10H,2-9H2,1H3",303.15,K
0.0713801378828154,ln(mPa*s),"InChI=1S/C10H20/c1-2-3-7-10-8-5-4-6-9-10/h10H,2-9H2,1H3",305.65,K
0.0414465316738928,ln(mPa*s),"InChI=1S/C10H20/c1-2-3-7-10-8-5-4-6-9-10/h10H,2-9H2,1H3",308.15,K
-0.03476903490421,ln(mPa*s),"InChI=1S/C10H20/c1-2-3-7-10-8-5-4-6-9-10/h10H,2-9H2,1H3",313.15,K
-0.1370038130331457,ln(mPa*s),"InChI=1S/C10H20/c1-2-3-7-10-8-5-4-6-9-10/h10H,2-9H2,1H3",320.65,K
-0.2898954632079504,ln(mPa*s),"InChI=1S/C10H20/c1-3-5-7-9-10-8-6-4-2/h3,5H,4,6-10H2,1-2H3/b5-3+",298.0,K
-0.2894349461893515,ln(mPa*s),"InChI=1S/C10H20/c1-3-5-7-9-10-8-6-4-2/h3,5H,4,6-10H2,1-2H3/b5-3-",298.0,K
-0.2694024558803033,ln(mPa*s),"InChI=1S/C10H20/c1-3-5-7-9-10-8-6-4-2/h3H,1,4-10H2,2H3",298.0,K
0.2083839509159611,ln(mPa*s),"InChI=1S/C10H20/c1-3-9(2)10-7-5-4-6-8-10/h9-10H,3-8H2,1-2H3",298.0,K
0.2086142094252605,ln(mPa*s),"InChI=1S/C10H20/c1-3-9-5-7-10(4-2)8-6-9/h9-10H,3-8H2,1-2H3",298.0,K
-0.556074299958062,ln(mPa*s),"InChI=1S/C10H20/c1-4-5-6-7-8-9-10(2)3/h2,4-9H2,1,3H3",298.0,K
-0.5563045584673615,ln(mPa*s),"InChI=1S/C10H20/c1-4-5-6-7-8-9-10(2)3/h4,10H,1,5-9H2,2-3H3",298.0,K
0.2081536924066617,ln(mPa*s),"InChI=1S/C10H20/c1-7-5-6-8(2)10(4)9(7)3/h7-10H,5-6H2,1-4H3",298.0,K
0.1151292546497023,ln(mPa*s),"InChI=1S/C10H20/c1-9(2)8-10-6-4-3-5-7-10/h9-10H,3-8H2,1-2H3",298.0,K
-0.0621697975108392,ln(mPa*s),"InChI=1S/C10H20/c1-9(2)8-10-6-4-3-5-7-10/h9-10H,3-8H2,1-2H3",308.15,K
-0.1353920034680499,ln(mPa*s),"InChI=1S/C10H20/c1-9(2)8-10-6-4-3-5-7-10/h9-10H,3-8H2,1-2H3",313.15,K
0.2963427014683337,ln(mPa*s),"InChI=1S/C10H20O/c1-2-3-4-5-6-7-8-9-10-11/h10H,2-9H2,1H3",313.15,K
0.5217657820724508,ln(mPa*s),"InChI=1S/C10H20O2/c1-2-3-4-5-6-7-8-9-12-10-11/h10H,2-9H2,1H3",298.0,K
0.4144653167389282,ln(mPa*s),"InChI=1S/C10H20O2/c1-3-4-5-6-7-8-9-10(11)12-2/h3-9H2,1-2H3",298.0,K
0.5056476864214925,ln(mPa*s),"InChI=1S/C10H20O2/c1-3-4-5-6-7-8-9-12-10(2)11/h3-9H2,1-2H3",298.0,K
0.3483811245699991,ln(mPa*s),"InChI=1S/C10H20O2/c1-3-5-6-7-8-9-10(11)12-4-2/h3-9H2,1-2H3",298.0,K
0.1837462904209248,ln(mPa*s),"InChI=1S/C10H20O2/c1-3-5-6-7-8-9-10(11)12-4-2/h3-9H2,1-2H3",308.15,K
0.1710820724094576,ln(mPa*s),"InChI=1S/C10H20O2/c1-3-5-6-7-8-9-10(11)12-4-2/h3-9H2,1-2H3",308.9833333333333,K
0.1178923567612951,ln(mPa*s),"InChI=1S/C10H20O2/c1-3-5-6-7-8-9-10(11)12-4-2/h3-9H2,1-2H3",313.15,K
0.3539073287931848,ln(mPa*s),"InChI=1S/C10H20O2/c1-4-6-7-10(5-2)8-12-9(3)11/h10H,4-8H2,1-3H3",298.0,K
0.1367735545238463,ln(mPa*s),"InChI=1S/C10H20O2/c1-4-6-7-10(5-2)8-12-9(3)11/h10H,4-8H2,1-3H3",308.15,K
0.1123661525381094,ln(mPa*s),"InChI=1S/C10H20O2/c1-4-6-7-10(5-2)8-12-9(3)11/h10H,4-8H2,1-3H3",309.81666666666666,K
0.2535146187386444,ln(mPa*s),"InChI=1S/C10H20O2/c1-8(2)5-6-12-10(11)7-9(3)4/h8-9H,5-7H2,1-4H3",298.0,K
1.5086537529296988,ln(mPa*s),"InChI=1S/C10H20O4/c1-3-4-5-12-6-7-13-8-9-14-10(2)11/h3-9H2,1-2H3",298.0,K
-0.1307868332820618,ln(mPa*s),"InChI=1S/C10H22/c1-3-5-7-9-10-8-6-4-2/h3-10H2,1-2H3",295.65,K
-0.1625189294977749,ln(mPa*s),"InChI=1S/C10H22/c1-3-5-7-9-10-8-6-4-2/h3-10H2,1-2H3",298.0,K
-0.1671676777513677,ln(mPa*s),"InChI=1S/C10H22/c1-3-5-7-9-10-8-6-4-2/h3-10H2,1-2H3",298.15,K
-0.1869699095511165,ln(mPa*s),"InChI=1S/C10H22/c1-3-5-7-9-10-8-6-4-2/h3-10H2,1-2H3",299.81666666666666,K
-0.1996341275625837,ln(mPa*s),"InChI=1S/C10H22/c1-3-5-7-9-10-8-6-4-2/h3-10H2,1-2H3",301.9,K
-0.2344031624667938,ln(mPa*s),"InChI=1S/C10H22/c1-3-5-7-9-10-8-6-4-2/h3-10H2,1-2H3",303.15,K
-0.2908164972451479,ln(mPa*s),"InChI=1S/C10H22/c1-3-5-7-9-10-8-6-4-2/h3-10H2,1-2H3",305.65,K
-0.2809153813452736,ln(mPa*s),"InChI=1S/C10H22/c1-3-5-7-9-10-8-6-4-2/h3-10H2,1-2H3",308.15,K
-0.3359471650678313,ln(mPa*s),"InChI=1S/C10H22/c1-3-5-7-9-10-8-6-4-2/h3-10H2,1-2H3",310.65,K
-0.3668018053139515,ln(mPa*s),"InChI=1S/C10H22/c1-3-5-7-9-10-8-6-4-2/h3-10H2,1-2H3",313.15,K
-0.2056208488043683,ln(mPa*s),"InChI=1S/C10H22/c1-4-5-6-7-8-9-10(2)3/h10H,4-9H2,1-3H3",298.0,K
-0.2360149720318897,ln(mPa*s),"InChI=1S/C10H22/c1-4-6-7-8-9-10(3)5-2/h10H,4-9H2,1-3H3",298.0,K
-0.2871323610963575,ln(mPa*s),"InChI=1S/C10H22/c1-4-6-7-9-10(3)8-5-2/h10H,4-9H2,1-3H3",298.0,K
-0.2675603878059081,ln(mPa*s),"InChI=1S/C10H22/c1-4-6-8-10(3)9-7-5-2/h10H,4-9H2,1-3H3",298.0,K
-0.1632532830932778,ln(mPa*s),"InChI=1S/C10H22/c1-5-10(4)8-6-7-9(2)3/h9-10H,5-8H2,1-4H3",298.0,K
-0.1630230245839784,ln(mPa*s),"InChI=1S/C10H22/c1-5-6-10(4)8-7-9(2)3/h9-10H,5-8H2,1-4H3",298.0,K
-0.162792766074679,ln(mPa*s),"InChI=1S/C10H22/c1-5-6-7-10(4)8-9(2)3/h9-10H,5-8H2,1-4H3",298.0,K
-0.406406268913449,ln(mPa*s),"InChI=1S/C10H22/c1-5-6-7-8-10(4)9(2)3/h9-10H,5-8H2,1-4H3",298.0,K
-0.1630230245839784,ln(mPa*s),"InChI=1S/C10H22/c1-5-6-7-8-9-10(2,3)4/h5-9H2,1-4H3",298.0,K
-0.6447238260383329,ln(mPa*s),"InChI=1S/C10H22/c1-6-7-9(2)8-10(3,4)5/h9H,6-8H2,1-5H3",298.0,K
-0.1158200301776005,ln(mPa*s),"InChI=1S/C10H22/c1-6-9(3)8-10(4,5)7-2/h9H,6-8H2,1-5H3",298.0,K
-0.1142082206125046,ln(mPa*s),"InChI=1S/C10H22/c1-7-8-10(5,6)9(2,3)4/h7-8H2,1-6H3",298.0,K
-0.2466068634596623,ln(mPa*s),"InChI=1S/C10H22/c1-9(2)7-5-6-8-10(3)4/h9-10H,5-8H2,1-4H3",298.0,K
-0.1381551055796427,ln(mPa*s),"InChI=1S/C10H22/c1-9(2,3)7-8-10(4,5)6/h7-8H2,1-6H3",298.0,K
2.197356954244218,ln(mPa*s),"InChI=1S/C10H22O/c1-10(2)8-6-4-3-5-7-9-11/h10-11H,3-9H2,1-2H3",298.0,K
2.4423470353692043,ln(mPa*s),"InChI=1S/C10H22O/c1-2-3-4-5-6-7-8-9-10-11/h11H,2-10H2,1H3",298.0,K
2.4292272731087183,ln(mPa*s),"InChI=1S/C10H22O/c1-2-3-4-5-6-7-8-9-10-11/h11H,2-10H2,1H3",298.15,K
2.2696581261642312,ln(mPa*s),"InChI=1S/C10H22O/c1-2-3-4-5-6-7-8-9-10-11/h11H,2-10H2,1H3",303.15,K
2.206106777597596,ln(mPa*s),"InChI=1S/C10H22O/c1-2-3-4-5-6-7-8-9-10-11/h11H,2-10H2,1H3",305.65,K
2.049991508292599,ln(mPa*s),"InChI=1S/C10H22O/c1-2-3-4-5-6-7-8-9-10-11/h11H,2-10H2,1H3",308.0,K
2.059201848664576,ln(mPa*s),"InChI=1S/C10H22O/c1-2-3-4-5-6-7-8-9-10-11/h11H,2-10H2,1H3",308.15,K
2.011077820221,ln(mPa*s),"InChI=1S/C10H22O/c1-2-3-4-5-6-7-8-9-10-11/h11H,2-10H2,1H3",309.4,K
1.966868186435514,ln(mPa*s),"InChI=1S/C10H22O/c1-2-3-4-5-6-7-8-9-10-11/h11H,2-10H2,1H3",310.0,K
2.0154527318976885,ln(mPa*s),"InChI=1S/C10H22O/c1-2-3-4-5-6-7-8-9-10-11/h11H,2-10H2,1H3",310.65,K
1.8556533264439008,ln(mPa*s),"InChI=1S/C10H22O/c1-2-3-4-5-6-7-8-9-10-11/h11H,2-10H2,1H3",313.0,K
1.921507260103532,ln(mPa*s),"InChI=1S/C10H22O/c1-2-3-4-5-6-7-8-9-10-11/h11H,2-10H2,1H3",313.15,K
1.7621683716683434,ln(mPa*s),"InChI=1S/C10H22O/c1-2-3-4-5-6-7-8-9-10-11/h11H,2-10H2,1H3",318.15,K
1.601447932177359,ln(mPa*s),"InChI=1S/C10H22O/c1-2-3-4-5-6-7-8-9-10-11/h11H,2-10H2,1H3",323.15,K
2.3739750890807185,ln(mPa*s),"InChI=1S/C10H22O/c1-3-4-5-6-7-8-9-10(2)11/h10-11H,3-9H2,1-2H3",298.0,K
-0.010822149937072,ln(mPa*s),"InChI=1S/C10H22O/c1-3-5-7-9-11-10-8-6-4-2/h3-10H2,1-2H3",298.0,K
3.421871706698452,ln(mPa*s),"InChI=1S/C10H22O2/c1-3-5-6-10(4-2)9-12-8-7-11/h10-11H,3-9H2,1-2H3",298.0,K
0.1842068074395236,ln(mPa*s),"InChI=1S/C10H22O2/c1-4-6-8-11-10(3)12-9-7-5-2/h10H,4-9H2,1-3H3",298.0,K
1.8351603191162549,ln(mPa*s),"InChI=1S/C10H22O3/c1-2-3-4-5-7-12-9-10-13-8-6-11/h11H,2-10H2,1H3",298.0,K
1.2104689833869695,ln(mPa*s),"InChI=1S/C10H22O3/c1-2-3-7-12-9-5-10-13-8-4-6-11/h11H,2-10H2,1H3",308.15,K
1.4895422966578484,ln(mPa*s),"InChI=1S/C10H22O3/c1-4-5-6-12-8-10(3)13-7-9(2)11/h9-11H,4-8H2,1-3H3",298.0,K
2.4522531240386587,ln(mPa*s),"InChI=1S/C10H22O3/c1-8(11)6-12-7-9(2)13-10(3,4)5/h8-9,11H,6-7H2,1-5H3",298.0,K
0.701137160816687,ln(mPa*s),"InChI=1S/C10H22O3/c1-8(11)6-12-9(2)7-13-10(3,4)5/h8-9,11H,6-7H2,1-5H3",298.0,K
2.187455838344344,ln(mPa*s),"InChI=1S/C10H22O4/c1-2-3-5-12-7-9-14-10-8-13-6-4-11/h11H,2-10H2,1H3",298.0,K
1.601447932177359,ln(mPa*s),"InChI=1S/C10H22O4/c1-2-3-5-12-7-9-14-10-8-13-6-4-11/h11H,2-10H2,1H3",313.15,K
2.623565454957416,ln(mPa*s),"InChI=1S/C10H22O4/c1-8(5-11)13-7-10(3)14-6-9(2)12-4/h8-11H,5-7H2,1-4H3",298.0,K
1.22198190885194,ln(mPa*s),"InChI=1S/C10H22O5/c1-11-3-5-13-7-9-15-10-8-14-6-4-12-2/h3-10H2,1-2H3",298.15,K
1.0568865576842672,ln(mPa*s),"InChI=1S/C10H22O5/c1-11-3-5-13-7-9-15-10-8-14-6-4-12-2/h3-10H2,1-2H3",303.15,K
1.0543537140819736,ln(mPa*s),"InChI=1S/C10H22O5/c1-11-3-5-13-7-9-15-10-8-14-6-4-12-2/h3-10H2,1-2H3",305.65,K
1.0032363250175058,ln(mPa*s),"InChI=1S/C10H22O5/c1-11-3-5-13-7-9-15-10-8-14-6-4-12-2/h3-10H2,1-2H3",308.15,K
0.9871182293665476,ln(mPa*s),"InChI=1S/C10H22O5/c1-11-3-5-13-7-9-15-10-8-14-6-4-12-2/h3-10H2,1-2H3",308.9833333333333,K
0.928862826513798,ln(mPa*s),"InChI=1S/C10H22O5/c1-11-3-5-13-7-9-15-10-8-14-6-4-12-2/h3-10H2,1-2H3",310.625,K
2.5130413704937014,ln(mPa*s),"InChI=1S/C10H22O5/c1-2-12-5-6-14-9-10-15-8-7-13-4-3-11/h11H,2-10H2,1H3",298.0,K
0.4358793581037729,ln(mPa*s),"InChI=1S/C10H22S/c1-2-3-4-5-6-7-8-9-10-11/h11H,2-10H2,1H3",298.0,K
0.3720977510278378,ln(mPa*s),"InChI=1S/C10H22S/c1-3-5-6-7-8-9-10-11-4-2/h3-10H2,1-2H3",298.0,K
0.3354866480492325,ln(mPa*s),"InChI=1S/C10H22S/c1-9(2)5-7-11-8-6-10(3)4/h9-10H,5-8H2,1-4H3",298.0,K
0.5687385179695293,ln(mPa*s),"InChI=1S/C10H23N/c1-2-3-4-5-6-7-8-9-10-11/h2-11H2,1H3",303.15,K
0.3695649074255444,ln(mPa*s),"InChI=1S/C10H23N/c1-3-5-7-9-11-10-8-6-4-2/h11H,3-10H2,1-2H3",298.0,K
1.5261533996364536,ln(mPa*s),"InChI=1S/C10H23NO/c1-3-5-7-11(9-10-12)8-6-4-2/h12H,3-10H2,1-2H3",303.15,K
3.5282511379947765,ln(mPa*s),"InChI=1S/C10H28N6/c11-1-3-13-5-7-15-9-10-16-8-6-14-4-2-12/h13-16H,1-12H2",298.0,K
0.253284360229345,ln(mPa*s),"InChI=1S/C10H28O2Si3/c1-9-15(10-2,11-13(3,4)5)12-14(6,7)8/h9-10H2,1-8H3",298.0,K
0.3453877639491068,ln(mPa*s),"InChI=1S/C10H30O3Si4/c1-14(2,3)11-17(10,12-15(4,5)6)13-16(7,8)9/h1-10H3",298.0,K
1.3354993539365465,ln(mPa*s),"InChI=1S/C10H30O5Si5/c1-16(2)11-17(3,4)13-19(7,8)15-20(9,10)14-18(5,6)12-16/h1-10H3",298.0,K
0.8528775184449946,ln(mPa*s),InChI=1S/C10H7Cl/c11-10-7-3-5-8-4-1-2-6-9(8)10/h1-7H,305.65,K
0.8908701724793964,ln(mPa*s),InChI=1S/C10H7Cl/c11-10-7-3-5-8-4-1-2-6-9(8)10/h1-7H,308.15,K
-0.282362910974181,ln(mPa*s),InChI=1S/C10H8/c1-2-6-10-8-4-3-7-9(10)5-1/h1-8H,298.0,K
1.3553015857362956,ln(mPa*s),"InChI=1S/C10H9N/c1-8-4-2-5-9-6-3-7-11-10(8)9/h2-7H,1H3",298.0,K
1.312473503006606,ln(mPa*s),"InChI=1S/C10H9N/c1-8-6-7-9-4-2-3-5-10(9)11-8/h2-7H,1H3",298.0,K
1.0691834779772975,ln(mPa*s),"InChI=1S/C11H10/c1-9-5-4-7-10-6-2-3-8-11(9)10/h2-8H,1H3",298.0,K
-0.9452111806740556,ln(mPa*s),"InChI=1S/C11H12/c1-4-10-5-7-11(8-6-10)9(2)3/h4-8H,1-2H2,3H3",298.0,K
0.833778310299691,ln(mPa*s),"InChI=1S/C11H12O2/c1-9(2)11(12)13-8-10-6-4-3-5-7-10/h3-7H,1,8H2,2H3",298.0,K
0.4575236579779169,ln(mPa*s),"InChI=1S/C11H12O2/c1-9(2)11(12)13-8-10-6-4-3-5-7-10/h3-7H,1,8H2,2H3",318.15,K
0.3589730159977717,ln(mPa*s),"InChI=1S/C11H14/c1-8-3-5-10-6-4-9(2)11(10)7-8/h3,5,7,9H,4,6H2,1-2H3",298.0,K
0.9772171134666732,ln(mPa*s),"InChI=1S/C11H14/c1-9-5-4-7-10-6-2-3-8-11(9)10/h2-3,6,8-9H,4-5,7H2,1H3",298.0,K
0.7934708230457482,ln(mPa*s),"InChI=1S/C11H14O2/c1-2-3-9-13-11(12)10-7-5-4-6-8-10/h4-8H,2-3,9H2,1H3",308.15,K
0.2046998147671707,ln(mPa*s),"InChI=1S/C11H16/c1-2-3-5-8-11-9-6-4-7-10-11/h4,6-7,9-10H,2-3,5,8H2,1H3",298.0,K
0.3856830030765027,ln(mPa*s),"InChI=1S/C11H16/c1-4-10-7-5-6-8-11(10)9(2)3/h5-9H,4H2,1-3H3",298.0,K
0.5563045584673615,ln(mPa*s),"InChI=1S/C11H16/c1-4-6-11-8-5-7-9(2)10(11)3/h5,7-8H,4,6H2,1-3H3",298.0,K
0.6822559630541358,ln(mPa*s),"InChI=1S/C11H16/c1-5-11-7-6-8(2)9(3)10(11)4/h6-7H,5H2,1-4H3",298.0,K
0.6207769410711947,ln(mPa*s),"InChI=1S/C11H16/c1-5-11-7-9(3)8(2)6-10(11)4/h6-7H,5H2,1-4H3",298.0,K
0.6822559630541358,ln(mPa*s),"InChI=1S/C11H16/c1-5-11-9(3)7-6-8(2)10(11)4/h6-7H,5H2,1-4H3",298.0,K
0.9136657649000374,ln(mPa*s),"InChI=1S/C11H20/c1-9-5-4-7-10-6-2-3-8-11(9)10/h9-11H,2-8H2,1H3",298.0,K
0.2530541017200456,ln(mPa*s),"InChI=1S/C11H20O2/c1-4-5-6-7-8-9-13-11(12)10(2)3/h2,4-9H2,1,3H3",313.0,K
0.1717728479373558,ln(mPa*s),"InChI=1S/C11H20O2/c1-4-5-6-7-8-9-13-11(12)10(2)3/h2,4-9H2,1,3H3",318.0,K
0.4453199569850484,ln(mPa*s),"InChI=1S/C11H20O2/c1-4-7-8-10(5-2)9-13-11(12)6-3/h6,10H,3-5,7-9H2,1-2H3",298.0,K
0.4476225420780425,ln(mPa*s),"InChI=1S/C11H22/c1-2-3-5-8-11-9-6-4-7-10-11/h11H,2-10H2,1H3",298.0,K
0.2804548643266748,ln(mPa*s),"InChI=1S/C11H22/c1-2-3-5-8-11-9-6-4-7-10-11/h11H,2-10H2,1H3",308.15,K
0.1934171478114998,ln(mPa*s),"InChI=1S/C11H22/c1-2-3-5-8-11-9-6-4-7-10-11/h11H,2-10H2,1H3",313.15,K
-0.0149668031044612,ln(mPa*s),"InChI=1S/C11H22/c1-3-5-7-9-11-10-8-6-4-2/h3H,1,4-11H2,2H3",298.0,K
0.9161986085023308,ln(mPa*s),"InChI=1S/C11H22N2/c1-3-5-9-13(10-6-4-2)11-7-8-12/h3-7,9-11H2,1-2H3",303.15,K
0.7108080182072619,ln(mPa*s),"InChI=1S/C11H22O2/c1-2-3-4-5-6-7-8-9-10-13-11-12/h11H,2-10H2,1H3",298.0,K
0.6933305853838552,ln(mPa*s),"InChI=1S/C11H22O2/c1-3-4-5-6-7-8-9-10-11(12)13-2/h3-10H2,1-2H3",298.0,K
0.4715694270451806,ln(mPa*s),"InChI=1S/C11H22O2/c1-3-4-5-6-7-8-9-10-11(12)13-2/h3-10H2,1-2H3",308.15,K
0.4589052090337133,ln(mPa*s),"InChI=1S/C11H22O2/c1-3-4-5-6-7-8-9-10-11(12)13-2/h3-10H2,1-2H3",308.9833333333333,K
0.4273597932596948,ln(mPa*s),"InChI=1S/C11H22O2/c1-3-4-5-6-7-8-9-10-11(12)13-2/h3-10H2,1-2H3",310.65,K
0.4015708402181616,ln(mPa*s),"InChI=1S/C11H22O2/c1-3-4-5-6-7-8-9-10-11(12)13-2/h3-10H2,1-2H3",312.15,K
0.4543000388477252,ln(mPa*s),"InChI=1S/C11H22O2/c1-3-4-5-6-7-8-9-10-13-11(2)12/h3-10H2,1-2H3",298.0,K
0.0861776962410524,ln(mPa*s),"InChI=1S/C11H24/c1-3-5-7-9-11-10-8-6-4-2/h3-11H2,1-2H3",298.0,K
0.080820736764091,ln(mPa*s),"InChI=1S/C11H24/c1-3-5-7-9-11-10-8-6-4-2/h3-11H2,1-2H3",298.15,K
0.0264797285694315,ln(mPa*s),"InChI=1S/C11H24/c1-3-5-7-9-11-10-8-6-4-2/h3-11H2,1-2H3",300.65,K
-0.0695380698084201,ln(mPa*s),"InChI=1S/C11H24/c1-3-5-7-9-11-10-8-6-4-2/h3-11H2,1-2H3",308.15,K
-0.0918731452104624,ln(mPa*s),"InChI=1S/C11H24/c1-3-5-7-9-11-10-8-6-4-2/h3-11H2,1-2H3",308.9833333333333,K
-0.1259514045867743,ln(mPa*s),"InChI=1S/C11H24/c1-3-5-7-9-11-10-8-6-4-2/h3-11H2,1-2H3",310.65,K
0.0368413614879047,ln(mPa*s),"InChI=1S/C11H24/c1-4-5-6-7-8-9-10-11(2)3/h11H,4-10H2,1-3H3",298.0,K
-0.001151292546497,ln(mPa*s),"InChI=1S/C11H24/c1-4-6-7-8-9-10-11(3)5-2/h11H,4-10H2,1-3H3",298.0,K
0.060327729436444,ln(mPa*s),"InChI=1S/C11H24/c1-5-6-7-8-9-11(4)10(2)3/h10-11H,5-9H2,1-4H3",298.0,K
2.6411978941143697,ln(mPa*s),"InChI=1S/C11H24O/c1-2-3-4-5-6-7-8-9-10-11-12/h12H,2-11H2,1H3",298.0,K
2.0594321071738744,ln(mPa*s),"InChI=1S/C11H24O/c1-2-3-4-5-6-7-8-9-10-11-12/h12H,2-11H2,1H3",313.15,K
2.7893515816529875,ln(mPa*s),"InChI=1S/C11H24O3/c1-10(2,3)13-7-9(12)8-14-11(4,5)6/h9,12H,7-8H2,1-6H3",298.0,K
3.3666096644665946,ln(mPa*s),"InChI=1S/C11H24O4/c1-5-13-7-10(3)15-8-11(4)14-6-9(2)12/h9-12H,5-8H2,1-4H3",298.0,K
1.0764585309747166,ln(mPa*s),"InChI=1S/C11H24O4Si/c1-4-14-16(3,15-5-2)8-6-7-12-9-11-10-13-11/h11H,4-10H2,1-3H3",298.0,K
2.641986135701368,ln(mPa*s),"InChI=1S/C11H24O6/c1-13-4-5-15-8-9-17-11-10-16-7-6-14-3-2-12/h12H,2-11H2,1H3",298.0,K
0.8931727575723905,ln(mPa*s),"InChI=1S/C11H24O6Si/c1-5-18(15-9-6-12-2,16-10-7-13-3)17-11-8-14-4/h5H,1,6-11H2,2-4H3",298.0,K
0.6138691857922126,ln(mPa*s),"InChI=1S/C11H24S/c1-2-3-4-5-6-7-8-9-10-11-12/h12H,2-11H2,1H3",298.0,K
0.5295945713886305,ln(mPa*s),"InChI=1S/C11H32O3Si4/c1-11-18(12-15(2,3)4,13-16(5,6)7)14-17(8,9)10/h11H2,1-10H3",298.0,K
1.297506699902145,ln(mPa*s),InChI=1S/C12H10O/c1-3-7-11(8-4-1)13-12-9-5-2-6-10-12/h1-10H,298.15,K
1.1153722190463158,ln(mPa*s),InChI=1S/C12H10O/c1-3-7-11(8-4-1)13-12-9-5-2-6-10-12/h1-10H,303.15,K
1.2841517063627794,ln(mPa*s),"InChI=1S/C12H12/c1-2-10-7-5-8-11-6-3-4-9-12(10)11/h3-9H,2H2,1H3",298.0,K
0.9514281604251398,ln(mPa*s),"InChI=1S/C12H12/c1-2-10-7-8-11-5-3-4-6-12(11)9-10/h3-9H,2H2,1H3",298.0,K
1.587862680128694,ln(mPa*s),"InChI=1S/C12H14O4/c1-3-15-11(13)9-7-5-6-8-10(9)12(14)16-4-2/h5-8H,3-4H2,1-2H3",308.15,K
1.1098460148231302,ln(mPa*s),"InChI=1S/C12H16/c1-2-10-7-5-8-11-6-3-4-9-12(10)11/h3-4,6,9-10H,2,5,7-8H2,1H3",298.0,K
0.3407825937631187,ln(mPa*s),"InChI=1S/C12H16/c1-3-4-5-9-12-10-7-6-8-11(12)2/h3-4,6-8,10H,5,9H2,1-2H3",298.0,K
0.874752076828438,ln(mPa*s),"InChI=1S/C12H16/c1-3-7-11(8-4-1)12-9-5-2-6-10-12/h1,3-4,7-8,12H,2,5-6,9-10H2",298.0,K
0.4469317665501442,ln(mPa*s),"InChI=1S/C12H16/c1-4-11-5-7-12(8-6-11)9-10(2)3/h4-8,10H,1,9H2,2-3H3",298.0,K
0.2023972296741766,ln(mPa*s),"InChI=1S/C12H16/c1-5-10-6-8-11(9-7-10)12(2,3)4/h5-9H,1H2,2-4H3",298.0,K
0.2592710814711296,ln(mPa*s),"InChI=1S/C12H16/c1-7-3-4-10-9-5-8(2)11(6-9)12(7)10/h3,5,9-12H,4,6H2,1-2H3",298.0,K
0.4351885825758746,ln(mPa*s),"InChI=1S/C12H18/c1-2-3-4-6-9-12-10-7-5-8-11-12/h5,7-8,10-11H,2-4,6,9H2,1H3",298.0,K
0.1800621542721344,ln(mPa*s),"InChI=1S/C12H18/c1-2-3-4-6-9-12-10-7-5-8-11-12/h5,7-8,10-11H,2-4,6,9H2,1H3",313.15,K
0.5576861095231579,ln(mPa*s),"InChI=1S/C12H18/c1-4-10-7-11(5-2)9-12(6-3)8-10/h7-9H,4-6H2,1-3H3",298.0,K
0.6514013228080155,ln(mPa*s),"InChI=1S/C12H18/c1-4-10-7-8-11(5-2)12(6-3)9-10/h7-9H,4-6H2,1-3H3",298.0,K
0.6760389833030519,ln(mPa*s),"InChI=1S/C12H18/c1-4-10-8-7-9-11(5-2)12(10)6-3/h7-9H,4-6H2,1-3H3",298.0,K
0.3497626756257956,ln(mPa*s),"InChI=1S/C12H18/c1-5-10-6-8-11(9-7-10)12(2,3)4/h6-9H,5H2,1-4H3",298.0,K
-0.2318703188645004,ln(mPa*s),"InChI=1S/C12H18/c1-9(2)11-5-7-12(8-6-11)10(3)4/h5-10H,1-4H3",298.0,K
0.5689687764788287,ln(mPa*s),"InChI=1S/C12H18/c1-9(2)11-6-5-7-12(8-11)10(3)4/h5-10H,1-4H3",298.0,K
2.13841077586357,ln(mPa*s),"InChI=1S/C12H18O4/c1-3-11(13)15-9-7-5-6-8-10-16-12(14)4-2/h3-4H,1-2,5-10H2",298.0,K
1.5197061613760705,ln(mPa*s),"InChI=1S/C12H20O4/c1-3-5-9-15-11(13)7-8-12(14)16-10-6-4-2/h7-8H,3-6,9-10H2,1-2H3",298.0,K
1.5795733737939155,ln(mPa*s),"InChI=1S/C12H20O4/c1-3-5-9-15-11(13)7-8-12(14)16-10-6-4-2/h7-8H,3-6,9-10H2,1-2H3/b8-7-",298.0,K
1.0366238088659194,ln(mPa*s),"InChI=1S/C12H22/c1-2-10-7-5-8-11-6-3-4-9-12(10)11/h10-12H,2-9H2,1H3",298.0,K
1.219679323758946,ln(mPa*s),"InChI=1S/C12H22/c1-3-7-11(8-4-1)12-9-5-2-6-10-12/h11-12H,1-10H2",298.0,K
1.1004054159418546,ln(mPa*s),"InChI=1S/C12H22/c1-3-7-11(8-4-1)12-9-5-2-6-10-12/h11-12H,1-10H2",305.65,K
1.046064407747195,ln(mPa*s),"InChI=1S/C12H22/c1-3-7-11(8-4-1)12-9-5-2-6-10-12/h11-12H,1-10H2",308.15,K
1.0299463120962369,ln(mPa*s),"InChI=1S/C12H22/c1-3-7-11(8-4-1)12-9-5-2-6-10-12/h11-12H,1-10H2",308.9833333333333,K
1.1761604655013589,ln(mPa*s),"InChI=1S/C12H22S/c1-3-7-11(8-4-1)13-12-9-5-2-6-10-12/h11-12H,1-10H2",298.0,K
-0.1798318957628349,ln(mPa*s),"InChI=1S/C12H24/c1-10(8-11(2,3)4)9-12(5,6)7/h8H,9H2,1-7H3/b10-8+",298.0,K
0.5118646661725764,ln(mPa*s),"InChI=1S/C12H24/c1-2-3-4-6-9-12-10-7-5-8-11-12/h12H,2-11H2,1H3",308.15,K
0.419991520962114,ln(mPa*s),"InChI=1S/C12H24/c1-2-3-4-6-9-12-10-7-5-8-11-12/h12H,2-11H2,1H3",313.15,K
0.1772990521605415,ln(mPa*s),"InChI=1S/C12H24/c1-3-5-7-9-11-12-10-8-6-4-2/h3,5H,4,6-12H2,1-2H3/b5-3+",298.0,K
0.1779898276884397,ln(mPa*s),"InChI=1S/C12H24/c1-3-5-7-9-11-12-10-8-6-4-2/h3,5H,4,6-12H2,1-2H3/b5-3-",298.0,K
1.8321669584953624,ln(mPa*s),"InChI=1S/C12H24Br2/c1-2-3-4-5-6-7-8-9-10-12(14)11-13/h12H,2-11H2,1H3",298.0,K
0.5289037958607323,ln(mPa*s),"InChI=1S/C12H24O/c1-9(2)6-11(5)8-12(13)7-10(3)4/h9-11H,6-8H2,1-5H3",298.0,K
0.9046856830373609,ln(mPa*s),"InChI=1S/C12H24O2/c1-3-4-5-6-7-8-9-10-11-14-12(2)13/h3-11H2,1-2H3",298.0,K
0.7633069583275263,ln(mPa*s),"InChI=1S/C12H24O2/c1-3-4-5-6-7-8-9-10-11-14-12(2)13/h3-11H2,1-2H3",303.15,K
0.7405565802579276,ln(mPa*s),"InChI=1S/C12H24O2/c1-3-5-6-7-8-9-10-11-12(13)14-4-2/h3-11H2,1-2H3",298.0,K
0.6104153081527216,ln(mPa*s),"InChI=1S/C12H24O2/c1-3-5-6-7-8-9-10-11-12(13)14-4-2/h3-11H2,1-2H3",305.65,K
0.6023562603272424,ln(mPa*s),"InChI=1S/C12H24O2/c1-3-5-6-7-8-9-10-11-12(13)14-4-2/h3-11H2,1-2H3",306.15,K
0.5662056743672359,ln(mPa*s),"InChI=1S/C12H24O2/c1-3-5-6-7-8-9-10-11-12(13)14-4-2/h3-11H2,1-2H3",308.15,K
0.4759443387218692,ln(mPa*s),"InChI=1S/C12H24O2/c1-3-5-6-7-8-9-10-11-12(13)14-4-2/h3-11H2,1-2H3",313.15,K
2.6534990611663387,ln(mPa*s),"InChI=1S/C12H24O3/c1-8(2)10(13)12(5,6)7-15-11(14)9(3)4/h8-10,13H,7H2,1-6H3",298.0,K
0.995407535701326,ln(mPa*s),"InChI=1S/C12H25Br/c1-2-3-4-5-6-7-8-9-10-11-12-13/h2-12H2,1H3",308.1066666666667,K
0.0306243817368208,ln(mPa*s),"InChI=1S/C12H26/c1-10(8-11(2,3)4)9-12(5,6)7/h10H,8-9H2,1-7H3",308.15,K
-0.051808164592366,ln(mPa*s),"InChI=1S/C12H26/c1-10(8-11(2,3)4)9-12(5,6)7/h10H,8-9H2,1-7H3",313.15,K
0.3442364714026098,ln(mPa*s),"InChI=1S/C12H26/c1-3-5-7-9-11-12-10-8-6-4-2/h3-12H2,1-2H3",295.65,K
0.3107727357161535,ln(mPa*s),"InChI=1S/C12H26/c1-3-5-7-9-11-12-10-8-6-4-2/h3-12H2,1-2H3",298.0,K
0.2979545110334295,ln(mPa*s),"InChI=1S/C12H26/c1-3-5-7-9-11-12-10-8-6-4-2/h3-12H2,1-2H3",298.15,K
0.2726260750104951,ln(mPa*s),"InChI=1S/C12H26/c1-3-5-7-9-11-12-10-8-6-4-2/h3-12H2,1-2H3",300.65,K
0.1991736105439849,ln(mPa*s),"InChI=1S/C12H26/c1-3-5-7-9-11-12-10-8-6-4-2/h3-12H2,1-2H3",303.15,K
0.153121908684104,ln(mPa*s),"InChI=1S/C12H26/c1-3-5-7-9-11-12-10-8-6-4-2/h3-12H2,1-2H3",305.65,K
0.1828252563837272,ln(mPa*s),"InChI=1S/C12H26/c1-3-5-7-9-11-12-10-8-6-4-2/h3-12H2,1-2H3",306.2416666666667,K
0.1254908875681755,ln(mPa*s),"InChI=1S/C12H26/c1-3-5-7-9-11-12-10-8-6-4-2/h3-12H2,1-2H3",308.15,K
0.1441418268214273,ln(mPa*s),"InChI=1S/C12H26/c1-3-5-7-9-11-12-10-8-6-4-2/h3-12H2,1-2H3",308.9833333333333,K
0.1017742611103368,ln(mPa*s),"InChI=1S/C12H26/c1-3-5-7-9-11-12-10-8-6-4-2/h3-12H2,1-2H3",310.65,K
0.0826628048384862,ln(mPa*s),"InChI=1S/C12H26/c1-3-5-7-9-11-12-10-8-6-4-2/h3-12H2,1-2H3",313.15,K
-0.0423675657110904,ln(mPa*s),"InChI=1S/C12H26/c1-3-5-7-9-11-12-10-8-6-4-2/h3-12H2,1-2H3",320.65,K
-0.0893403016081689,ln(mPa*s),"InChI=1S/C12H26/c1-3-5-7-9-11-12-10-8-6-4-2/h3-12H2,1-2H3",323.15,K
0.2567382378688361,ln(mPa*s),"InChI=1S/C12H26/c1-4-5-6-7-8-9-10-11-12(2)3/h12H,4-11H2,1-3H3",298.0,K
0.2337123869388956,ln(mPa*s),"InChI=1S/C12H26/c1-4-6-7-8-9-10-11-12(3)5-2/h12H,4-11H2,1-3H3",298.0,K
0.2866718440777587,ln(mPa*s),"InChI=1S/C12H26/c1-5-6-7-8-9-10-12(4)11(2)3/h11-12H,5-10H2,1-4H3",298.0,K
0.0921034037197618,ln(mPa*s),"InChI=1S/C12H26/c1-6-7-11(4)9-12(5)8-10(2)3/h10-12H,6-9H2,1-5H3",298.0,K
2.7813006628418027,ln(mPa*s),"InChI=1S/C12H26O/c1-2-3-4-5-6-7-8-9-10-11-12-13/h13H,2-12H2,1H3",298.0,K
2.7089913619074952,ln(mPa*s),"InChI=1S/C12H26O/c1-3-5-7-8-10-12(11-13)9-6-4-2/h12-13H,3-11H2,1-2H3",298.0,K
0.9056067170745582,ln(mPa*s),"InChI=1S/C12H26O/c1-3-5-7-9-11-13-12-10-8-6-4-2/h3-12H2,1-2H3",298.0,K
0.5595281775975531,ln(mPa*s),"InChI=1S/C12H26O3/c1-3-5-7-13-9-11-15-12-10-14-8-6-4-2/h3-12H2,1-2H3",308.15,K
0.3421641448189152,ln(mPa*s),"InChI=1S/C12H26O3/c1-3-5-7-13-9-11-15-12-10-14-8-6-4-2/h3-12H2,1-2H3",318.15,K
2.3672877341071787,ln(mPa*s),"InChI=1S/C12H26O4/c1-2-3-4-5-7-14-9-11-16-12-10-15-8-6-13/h13H,2-12H2,1H3",298.0,K
2.493469397203252,ln(mPa*s),"InChI=1S/C12H26O5/c1-2-3-5-14-7-9-16-11-12-17-10-8-15-6-4-13/h13H,2-12H2,1H3",298.0,K
3.9270588761013454,ln(mPa*s),"InChI=1S/C12H26O5/c1-9(14)6-15-11(3)8-17-12(4)7-16-10(2)5-13/h9-14H,5-8H2,1-4H3",298.0,K
1.6557889403720183,ln(mPa*s),"InChI=1S/C12H26O6/c1-13-3-5-15-7-9-17-11-12-18-10-8-16-6-4-14-2/h3-12H2,1-2H3",298.0,K
0.8673838045308571,ln(mPa*s),"InChI=1S/C12H26S/c1-12(2,3)10-8-6-4-5-7-9-11-13/h13H,4-11H2,1-3H3",298.0,K
0.4886085567333365,ln(mPa*s),"InChI=1S/C12H27BO3/c1-4-7-10-14-13(15-11-8-5-2)16-12-9-6-3/h4-12H2,1-3H3",298.0,K
0.2350721221794834,ln(mPa*s),"InChI=1S/C12H27N/c1-4-7-10-13(11-8-5-2)12-9-6-3/h4-12H2,1-3H3",298.0,K
0.1443720853307266,ln(mPa*s),"InChI=1S/C12H27N/c1-4-7-10-13(11-8-5-2)12-9-6-3/h4-12H2,1-3H3",303.15,K
0.0683867772619231,ln(mPa*s),"InChI=1S/C12H27N/c1-4-7-10-13(11-8-5-2)12-9-6-3/h4-12H2,1-3H3",305.65,K
0.1142082206125046,ln(mPa*s),"InChI=1S/C12H27N/c1-4-7-10-13(11-8-5-2)12-9-6-3/h4-12H2,1-3H3",306.4833333333333,K
0.1178923567612951,ln(mPa*s),"InChI=1S/C12H27N/c1-4-7-10-13(11-8-5-2)12-9-6-3/h4-12H2,1-3H3",308.15,K
-0.0025328436022934,ln(mPa*s),"InChI=1S/C12H27N/c1-4-7-10-13(11-8-5-2)12-9-6-3/h4-12H2,1-3H3",313.15,K
-0.0025328436022934,ln(mPa*s),"InChI=1S/C12H27N/c1-4-7-10-13(11-8-5-2)12-9-6-3/h4-12H2,1-3H3",318.15,K
1.2795465361767913,ln(mPa*s),"InChI=1S/C12H27O4P/c1-4-7-10-14-17(13,15-11-8-5-2)16-12-9-6-3/h4-12H2,1-3H3",298.0,K
1.1492202199133283,ln(mPa*s),"InChI=1S/C12H27O4P/c1-4-7-10-14-17(13,15-11-8-5-2)16-12-9-6-3/h4-12H2,1-3H3",300.65,K
1.0357027748287218,ln(mPa*s),"InChI=1S/C12H27O4P/c1-4-7-10-14-17(13,15-11-8-5-2)16-12-9-6-3/h4-12H2,1-3H3",303.15,K
0.9523491944623376,ln(mPa*s),"InChI=1S/C12H27O4P/c1-4-7-10-14-17(13,15-11-8-5-2)16-12-9-6-3/h4-12H2,1-3H3",310.65,K
0.8777454374493303,ln(mPa*s),"InChI=1S/C12H27O4P/c1-4-7-10-14-17(13,15-11-8-5-2)16-12-9-6-3/h4-12H2,1-3H3",313.15,K
0.253284360229345,ln(mPa*s),"InChI=1S/C12H28O4Si/c1-5-9-13-17(14-10-6-2,15-11-7-3)16-12-8-4/h5-12H2,1-4H3",298.0,K
0.6039680698923382,ln(mPa*s),"InChI=1S/C12H36O4Si5/c1-17(2,3)13-19(7,8)15-21(11,12)16-20(9,10)14-18(4,5)6/h1-12H3",298.0,K
1.9132179537687528,ln(mPa*s),"InChI=1S/C12H36O6Si6/c1-19(2)13-20(3,4)15-22(7,8)17-24(11,12)18-23(9,10)16-21(5,6)14-19/h1-12H3",298.0,K
0.9597174667599184,ln(mPa*s),"InChI=1S/C13H12/c1-3-7-12(8-4-1)11-13-9-5-2-6-10-13/h1-10H,11H2",302.85,K
1.4902330721857464,ln(mPa*s),"InChI=1S/C13H13N/c1-14(12-8-4-2-5-9-12)13-10-6-3-7-11-13/h2-11H,1H3",308.15,K
1.344249177289924,ln(mPa*s),"InChI=1S/C13H13N/c1-14(12-8-4-2-5-9-12)13-10-6-3-7-11-13/h2-11H,1H3",313.15,K
1.4920751402601418,ln(mPa*s),"InChI=1S/C13H14/c1-2-6-11-8-5-9-12-7-3-4-10-13(11)12/h3-5,7-10H,2,6H2,1H3",298.0,K
0.6472566696406263,ln(mPa*s),"InChI=1S/C13H20/c1-2-3-4-5-7-10-13-11-8-6-9-12-13/h6,8-9,11-12H,2-5,7,10H2,1H3",298.0,K
0.6811046705076388,ln(mPa*s),"InChI=1S/C13H20/c1-9(2)12-6-11(5)7-13(8-12)10(3)4/h6-10H,1-5H3",298.0,K
0.7234722362187291,ln(mPa*s),"InChI=1S/C13H26/c1-2-3-4-5-7-10-13-11-8-6-9-12-13/h13H,2-12H2,1H3",308.15,K
0.6267636623129793,ln(mPa*s),"InChI=1S/C13H26/c1-2-3-4-5-7-10-13-11-8-6-9-12-13/h13H,2-12H2,1H3",313.15,K
1.0952956271341807,ln(mPa*s),"InChI=1S/C13H26O2/c1-3-4-5-6-7-8-9-10-11-12-13(14)15-2/h3-12H2,1-2H3",298.0,K
0.7702147136065084,ln(mPa*s),"InChI=1S/C13H26O2/c1-3-4-5-6-7-8-9-10-11-12-13(14)15-2/h3-12H2,1-2H3",310.65,K
0.9155078329744328,ln(mPa*s),"InChI=1S/C13H26O2/c1-3-5-7-8-9-10-11-13(14)15-12-6-4-2/h3-12H2,1-2H3",298.0,K
1.2894476520766658,ln(mPa*s),"InChI=1S/C13H26O3/c1-3-5-7-9-11-15-13(14)16-12-10-8-6-4-2/h3-12H2,1-2H3",298.0,K
0.4807797674171568,ln(mPa*s),"InChI=1S/C13H28/c1-4-5-6-7-8-9-10-11-12-13(2)3/h13H,4-12H2,1-3H3",298.0,K
0.4616683111453062,ln(mPa*s),"InChI=1S/C13H28/c1-4-6-7-8-9-10-11-12-13(3)5-2/h13H,4-12H2,1-3H3",298.0,K
0.5219960405817502,ln(mPa*s),"InChI=1S/C13H28/c1-5-6-7-8-9-10-11-13(4)12(2)3/h12-13H,5-11H2,1-4H3",298.0,K
0.3453877639491068,ln(mPa*s),"InChI=1S/C13H28/c1-6-7-8-12(4)10-13(5)9-11(2)3/h11-13H,6-10H2,1-5H3",298.0,K
2.9249738436303363,ln(mPa*s),"InChI=1S/C13H28O/c1-3-5-7-8-9-11-13(12-14)10-6-4-2/h13-14H,3-12H2,1-2H3",298.0,K
1.4372736150468834,ln(mPa*s),"InChI=1S/C14H14/c1-12(13-8-4-2-5-9-13)14-10-6-3-7-11-14/h2-12H,1H3",298.0,K
2.756654873332472,ln(mPa*s),"InChI=1S/C14H18O4/c1-3-9-17-13(15)11-7-5-6-8-12(11)14(16)18-10-4-2/h5-8H,3-4,9-10H2,1-2H3",298.0,K
0.8277793409313595,ln(mPa*s),"InChI=1S/C14H22/c1-2-3-4-5-6-8-11-14-12-9-7-10-13-14/h7,9-10,12-13H,2-6,8,11H2,1H3",298.0,K
0.5530809393371698,ln(mPa*s),"InChI=1S/C14H22/c1-2-3-4-5-6-8-11-14-12-9-7-10-13-14/h7,9-10,12-13H,2-6,8,11H2,1H3",313.15,K
1.673351238177753,ln(mPa*s),"InChI=1S/C14H26O4/c1-11(2)9-17-13(15)7-5-6-8-14(16)18-10-12(3)4/h11-12H,5-10H2,1-4H3",298.0,K
0.9313956701160916,ln(mPa*s),"InChI=1S/C14H28/c1-2-3-4-5-6-8-11-14-12-9-7-10-13-14/h14H,2-13H2,1H3",308.15,K
0.8257070143476648,ln(mPa*s),"InChI=1S/C14H28/c1-2-3-4-5-6-8-11-14-12-9-7-10-13-14/h14H,2-13H2,1H3",313.15,K
1.1280364370577831,ln(mPa*s),"InChI=1S/C14H28O2/c1-3-4-5-6-7-8-9-10-11-12-13-16-14(2)15/h3-13H2,1-2H3",303.15,K
1.143636426102687,ln(mPa*s),"InChI=1S/C14H28O2/c1-3-5-6-7-8-9-10-11-12-13-14(15)16-4-2/h3-13H2,1-2H3",298.0,K
0.8468907972032101,ln(mPa*s),"InChI=1S/C14H28O2/c1-3-5-6-7-8-9-10-11-12-13-14(15)16-4-2/h3-13H2,1-2H3",310.65,K
0.8174177080128863,ln(mPa*s),"InChI=1S/C14H28O2/c1-3-5-6-7-8-9-10-11-12-13-14(15)16-4-2/h3-13H2,1-2H3",312.15,K
0.7156434469025496,ln(mPa*s),"InChI=1S/C14H28O2/c1-3-5-6-7-8-9-10-11-12-13-14(15)16-4-2/h3-13H2,1-2H3",313.15,K
0.8293911504964554,ln(mPa*s),"InChI=1S/C14H30/c1-3-5-7-9-11-13-14-12-10-8-6-4-2/h3-14H2,1-2H3",293.15,K
0.7374771753959326,ln(mPa*s),"InChI=1S/C14H30/c1-3-5-7-9-11-13-14-12-10-8-6-4-2/h3-14H2,1-2H3",298.0,K
0.6467961526220275,ln(mPa*s),"InChI=1S/C14H30/c1-3-5-7-9-11-13-14-12-10-8-6-4-2/h3-14H2,1-2H3",303.15,K
0.594757729520362,ln(mPa*s),"InChI=1S/C14H30/c1-3-5-7-9-11-13-14-12-10-8-6-4-2/h3-14H2,1-2H3",305.66,K
0.5394956872885049,ln(mPa*s),"InChI=1S/C14H30/c1-3-5-7-9-11-13-14-12-10-8-6-4-2/h3-14H2,1-2H3",308.15,K
0.7050515554747769,ln(mPa*s),"InChI=1S/C14H30/c1-4-5-6-7-8-9-10-11-12-13-14(2)3/h14H,4-13H2,1-3H3",298.0,K
0.6762692418123514,ln(mPa*s),"InChI=1S/C14H30/c1-4-6-7-8-9-10-11-12-13-14(3)5-2/h14H,4-13H2,1-3H3",298.0,K
0.4787074408334621,ln(mPa*s),"InChI=1S/C14H30/c1-4-7-8-9-10-11-12-13-14(5-2)6-3/h14H,4-13H2,1-3H3",298.0,K
0.748340155223065,ln(mPa*s),"InChI=1S/C14H30/c1-5-6-7-8-9-10-11-12-14(4)13(2)3/h13-14H,5-12H2,1-4H3",298.0,K
2.0939708835687854,ln(mPa*s),"InChI=1S/C14H30O3/c1-11(10-16-13(3,4)5)15-9-12(2)17-14(6,7)8/h11-12H,9-10H2,1-8H3",298.0,K
2.3716626457838674,ln(mPa*s),"InChI=1S/C14H42O7Si7/c1-22(2)15-23(3,4)17-25(7,8)19-27(11,12)21-28(13,14)20-26(9,10)18-24(5,6)16-22/h1-14H3",298.0,K
1.7825082160751404,ln(mPa*s),"InChI=1S/C15H22O2/c1-3-5-9-13(4-2)12-17-15(16)14-10-7-6-8-11-14/h6-8,10-11,13H,3-5,9,12H2,1-2H3",298.0,K
1.2500734469864676,ln(mPa*s),"InChI=1S/C15H24/c1-10(2)13-7-14(11(3)4)9-15(8-13)12(5)6/h7-12H,1-6H3",298.0,K
1.001394256943111,ln(mPa*s),"InChI=1S/C15H24/c1-10(2)13-7-14(11(3)4)9-15(8-13)12(5)6/h7-12H,1-6H3",308.15,K
0.8634694098727672,ln(mPa*s),"InChI=1S/C15H24/c1-10(2)13-7-14(11(3)4)9-15(8-13)12(5)6/h7-12H,1-6H3",313.15,K
1.0490577683680873,ln(mPa*s),"InChI=1S/C15H24/c1-2-3-4-5-6-7-9-12-15-13-10-8-11-14-15/h8,10-11,13-14H,2-7,9,12H2,1H3",298.0,K
0.8312332185708505,ln(mPa*s),"InChI=1S/C15H24/c1-2-3-4-5-6-7-9-12-15-13-10-8-11-14-15/h8,10-11,13-14H,2-7,9,12H2,1H3",308.15,K
0.7391298148510888,ln(mPa*s),"InChI=1S/C15H24/c1-2-3-4-5-6-7-9-12-15-13-10-8-11-14-15/h8,10-11,13-14H,2-7,9,12H2,1H3",313.15,K
2.164429987414403,ln(mPa*s),"InChI=1S/C15H26O6/c1-4-7-13(16)19-10-12(21-15(18)9-6-3)11-20-14(17)8-5-2/h12H,4-11H2,1-3H3",298.0,K
1.926572947308118,ln(mPa*s),"InChI=1S/C15H26O6/c1-4-7-13(16)19-10-12(21-15(18)9-6-3)11-20-14(17)8-5-2/h12H,4-11H2,1-3H3",305.5,K
2.809153813452736,ln(mPa*s),"InChI=1S/C15H26O6/c1-4-7-19-13(16)10-12(15(18)21-9-6-3)11-14(17)20-8-5-2/h12H,4-11H2,1-3H3",298.0,K
1.8354573244937744,ln(mPa*s),"InChI=1S/C15H30/c1-10(2)13-7-14(11(3)4)9-15(8-13)12(5)6/h10-15H,7-9H2,1-6H3",298.0,K
1.006229685638398,ln(mPa*s),"InChI=1S/C15H30/c1-2-3-4-5-6-7-9-12-15-13-10-8-11-14-15/h15H,2-14H2,1H3",313.15,K
0.7941615985736464,ln(mPa*s),"InChI=1S/C15H30/c1-3-5-7-9-11-13-15-14-12-10-8-6-4-2/h3,5H,4,6-15H2,1-2H3/b5-3+",298.0,K
0.8247859803104672,ln(mPa*s),"InChI=1S/C15H30/c1-3-5-7-9-11-13-15-14-12-10-8-6-4-2/h3H,1,4-15H2,2H3",298.0,K
1.3817842056420049,ln(mPa*s),"InChI=1S/C15H30O2/c1-3-4-5-6-7-8-9-10-11-12-13-14-15(16)17-2/h3-14H2,1-2H3",298.0,K
0.932777221171888,ln(mPa*s),"InChI=1S/C15H30O2/c1-3-4-5-6-7-8-9-10-11-12-13-14-15(16)17-2/h3-14H2,1-2H3",318.15,K
1.4085449700547104,ln(mPa*s),"InChI=1S/C15H30O2/c1-3-5-6-7-8-9-10-11-12-13-15(16)17-14-4-2/h3-14H2,1-2H3",298.0,K
1.2894476520766658,ln(mPa*s),"InChI=1S/C15H30O2/c1-4-6-7-8-9-10-11-13-14(3)17-15(16)12-5-2/h14H,4-13H2,1-3H3",298.0,K
1.1282666955670824,ln(mPa*s),"InChI=1S/C15H30O2/c1-4-6-8-10-12-14(3)17-15(16)13-11-9-7-5-2/h14H,4-13H2,1-3H3",298.0,K
0.8289306334778564,ln(mPa*s),"InChI=1S/C15H32/c1-6-7-8-9-10-14(4)12-15(5)11-13(2)3/h13-15H,6-12H2,1-5H3",298.0,K
3.910019746413189,ln(mPa*s),"InChI=1S/C15H32O6/c1-11(17)7-18-13(3)9-20-15(5)10-21-14(4)8-19-12(2)6-16/h11-17H,6-10H2,1-5H3",298.0,K
0.9042251660187618,ln(mPa*s),"InChI=1S/C15H33N/c1-4-7-10-13-16(14-11-8-5-2)15-12-9-6-3/h4-15H2,1-3H3",298.0,K
1.4508588670955482,ln(mPa*s),"InChI=1S/C15H33O4P/c1-13(2)7-10-17-20(16,18-11-8-14(3)4)19-12-9-15(5)6/h13-15H,7-12H2,1-6H3",298.15,K
3.3069727105580484,ln(mPa*s),"InChI=1S/C16H22O4/c1-11(2)9-19-15(17)13-7-5-6-8-14(13)16(18)20-10-12(3)4/h5-8,11-12H,9-10H2,1-4H3",298.0,K
2.802706575192353,ln(mPa*s),"InChI=1S/C16H22O4/c1-3-5-11-19-15(17)13-9-7-8-10-14(13)16(18)20-12-6-4-2/h7-10H,3-6,11-12H2,1-2H3",298.0,K
2.589947712599703,ln(mPa*s),"InChI=1S/C16H22O4/c1-3-5-11-19-15(17)13-9-7-8-10-14(13)16(18)20-12-6-4-2/h7-10H,3-6,11-12H2,1-2H3",303.15,K
1.2203700992868445,ln(mPa*s),"InChI=1S/C16H26/c1-2-3-4-5-6-7-8-10-13-16-14-11-9-12-15-16/h9,11-12,14-15H,2-8,10,13H2,1H3",298.0,K
1.560692176031364,ln(mPa*s),"InChI=1S/C16H30/c1-2-3-4-5-8-14-11-12-15-9-6-7-10-16(15)13-14/h14-16H,2-13H2,1H3/t14-,15?,16?/m0/s1",298.0,K
1.308332819650179,ln(mPa*s),"InChI=1S/C16H30O2/c1-2-3-4-5-6-7-8-9-10-11-12-13-14-15-16(17)18/h7-8H,2-6,9-15H2,1H3,(H,17,18)/b8-7+",298.0,K
1.5494095090756936,ln(mPa*s),"InChI=1S/C16H30O4/c1-10(2)13(20-15(18)12(5)6)16(7,8)9-19-14(17)11(3)4/h10-13H,9H2,1-8H3",298.0,K
1.5233902975248608,ln(mPa*s),"InChI=1S/C16H32/c1-2-3-4-5-6-7-8-10-13-16-14-11-9-12-15-16/h16H,2-15H2,1H3",298.0,K
1.3030329041253306,ln(mPa*s),"InChI=1S/C16H32/c1-2-3-4-5-6-7-8-10-13-16-14-11-9-12-15-16/h16H,2-15H2,1H3",308.15,K
1.181456411215245,ln(mPa*s),"InChI=1S/C16H32/c1-2-3-4-5-6-7-8-10-13-16-14-11-9-12-15-16/h16H,2-15H2,1H3",313.15,K
1.4322232930082903,ln(mPa*s),"InChI=1S/C16H32O2/c1-3-5-6-7-8-9-10-11-12-13-14-15-16(17)18-4-2/h3-15H2,1-2H3",298.0,K
1.043761822654201,ln(mPa*s),"InChI=1S/C16H32O2/c1-3-5-6-7-8-9-10-11-12-13-14-15-16(17)18-4-2/h3-15H2,1-2H3",315.65,K
1.5195132049061133,ln(mPa*s),"InChI=1S/C16H32O2/c1-3-5-7-8-9-10-11-12-13-14-16(17)18-15-6-4-2/h3-15H2,1-2H3",298.0,K
1.4736544595161891,ln(mPa*s),"InChI=1S/C16H32O2/c1-3-5-7-9-11-13-15-18-16(17)14-12-10-8-6-4-2/h3-15H2,1-2H3",298.0,K
1.2894476520766658,ln(mPa*s),"InChI=1S/C16H32O2/c1-4-6-8-10-12-14-16(17)18-15(3)13-11-9-7-5-2/h15H,4-14H2,1-3H3",298.0,K
1.312473503006606,ln(mPa*s),"InChI=1S/C16H32O2/c1-4-6-8-9-10-11-12-13-15(3)18-16(17)14-7-5-2/h15H,4-14H2,1-3H3",298.0,K
1.312473503006606,ln(mPa*s),"InChI=1S/C16H32O2/c1-4-6-8-9-10-12-14-16(17)18-15(3)13-11-7-5-2/h15H,4-14H2,1-3H3",298.0,K
1.001394256943111,ln(mPa*s),"InChI=1S/C16H34/c1-13(10-14(2,3)4)11-16(8,9)12-15(5,6)7/h13H,10-12H2,1-9H3",308.15,K
1.1121864086952276,ln(mPa*s),"InChI=1S/C16H34/c1-3-5-7-9-11-13-15-16-14-12-10-8-6-4-2/h3-16H2,1-2H3",298.0,K
0.9942562431548292,ln(mPa*s),"InChI=1S/C16H34/c1-3-5-7-9-11-13-15-16-14-12-10-8-6-4-2/h3-16H2,1-2H3",303.15,K
0.9373823913578762,ln(mPa*s),"InChI=1S/C16H34/c1-3-5-7-9-11-13-15-16-14-12-10-8-6-4-2/h3-16H2,1-2H3",305.65,K
0.8791269885051267,ln(mPa*s),"InChI=1S/C16H34/c1-3-5-7-9-11-13-15-16-14-12-10-8-6-4-2/h3-16H2,1-2H3",308.15,K
0.8123520208082994,ln(mPa*s),"InChI=1S/C16H34/c1-3-5-7-9-11-13-15-16-14-12-10-8-6-4-2/h3-16H2,1-2H3",313.15,K
0.7409718829254839,ln(mPa*s),"InChI=1S/C16H34/c1-3-5-7-9-11-13-15-16-14-12-10-8-6-4-2/h3-16H2,1-2H3",315.65,K
0.7126500862816572,ln(mPa*s),"InChI=1S/C16H34/c1-3-5-7-9-11-13-15-16-14-12-10-8-6-4-2/h3-16H2,1-2H3",318.16,K
0.6037378113830388,ln(mPa*s),"InChI=1S/C16H34/c1-3-5-7-9-11-13-15-16-14-12-10-8-6-4-2/h3-16H2,1-2H3",323.15,K
1.0361632918473207,ln(mPa*s),"InChI=1S/C16H34/c1-6-7-8-9-10-11-15(4)13-16(5)12-14(2)3/h14-16H,6-13H2,1-5H3",298.0,K
1.6546376478255214,ln(mPa*s),"InChI=1S/C16H34O/c1-3-5-7-9-11-13-15-17-16-14-12-10-8-6-4-2/h3-16H2,1-2H3",298.0,K
2.959512620025248,ln(mPa*s),"InChI=1S/C16H35O4P/c1-5-9-11-15(7-3)13-19-21(17,18)20-14-16(8-4)12-10-6-2/h15-16H,5-14H2,1-4H3,(H,17,18)",303.15,K
2.582118923283523,ln(mPa*s),"InChI=1S/C16H35O4P/c1-5-9-11-15(7-3)13-19-21(17,18)20-14-16(8-4)12-10-6-2/h15-16H,5-14H2,1-4H3,(H,17,18)",313.15,K
1.2433959502167848,ln(mPa*s),"InChI=1S/C16H46O3Si6/c1-20(2,3)15-22(7,8)17-24(11,12)19-25(13,14)18-23(9,10)16-21(4,5)6/h15-16H2,1-14H3",298.0,K
1.07899137457701,ln(mPa*s),"InChI=1S/C16H48O6Si7/c1-23(2,3)17-25(7,8)19-27(11,12)21-29(15,16)22-28(13,14)20-26(9,10)18-24(4,5)6/h1-16H3",298.0,K
1.4149385396448413,ln(mPa*s),"InChI=1S/C17H28/c1-2-3-4-5-6-7-8-9-11-14-17-15-12-10-13-16-17/h10,12-13,15-16H,2-9,11,14H2,1H3",298.0,K
1.5104958210040942,ln(mPa*s),"InChI=1S/C17H32O2/c1-3-4-5-6-7-8-9-10-11-12-13-14-15-16-17(18)19-2/h8-9H,3-7,10-16H2,1-2H3/b9-8-",298.0,K
1.957197329044939,ln(mPa*s),"InChI=1S/C17H32O4/c1-3-5-10-14-20-16(18)12-8-7-9-13-17(19)21-15-11-6-4-2/h3-15H2,1-2H3",298.0,K
1.450628608586249,ln(mPa*s),"InChI=1S/C17H34O2/c1-4-6-8-9-10-11-12-13-15-17(18)19-16(3)14-7-5-2/h16H,4-15H2,1-3H3",298.0,K
0.8600155322332761,ln(mPa*s),"InChI=1S/C17H36/c1-3-5-7-9-11-13-15-17-16-14-12-10-8-6-4-2/h3-17H2,1-2H3",318.15,K
1.5768102716823225,ln(mPa*s),"InChI=1S/C18H30/c1-2-3-4-5-6-7-8-9-10-12-15-18-16-13-11-14-17-18/h11,13-14,16-17H,2-10,12,15H2,1H3",298.0,K
1.2125413099706646,ln(mPa*s),"InChI=1S/C18H30/c1-2-3-4-5-6-7-8-9-10-12-15-18-16-13-11-14-17-18/h11,13-14,16-17H,2-10,12,15H2,1H3",313.15,K
2.7274120426514474,ln(mPa*s),"InChI=1S/C18H30O2/c1-2-3-4-5-6-7-8-9-10-11-12-13-14-15-16-17-18(19)20/h3-4,6-7,9-10H,2,5,8,11-17H2,1H3,(H,19,20)",298.0,K
2.9473089190323787,ln(mPa*s),"InChI=1S/C18H32O2/c1-2-3-4-5-6-7-8-9-10-11-12-13-14-15-16-17-18(19)20/h6-7,9-10H,2-5,8,11-17H2,1H3,(H,19,20)/b7-6-,10-9-",298.0,K
2.578895304153332,ln(mPa*s),"InChI=1S/C18H32O6/c1-4-7-10-22-16(19)13-15(18(21)24-12-9-6-3)14-17(20)23-11-8-5-2/h15H,4-14H2,1-3H3",298.0,K
2.6661632791778054,ln(mPa*s),"InChI=1S/C18H34O2/c1-2-3-4-5-6-7-8-9-10-11-12-13-14-15-16-17-18(19)20/h9-10H,2-8,11-17H2,1H3,(H,19,20)/b10-9-",323.15,K
2.107325877108151,ln(mPa*s),"InChI=1S/C18H34O4/c1-3-5-15-21-17(19)13-11-9-7-8-10-12-14-18(20)22-16-6-4-2/h3-16H2,1-2H3",298.0,K
1.8335485095511588,ln(mPa*s),"InChI=1S/C18H34O4/c1-3-5-7-11-15-21-17(19)13-9-10-14-18(20)22-16-12-8-6-4-2/h3-16H2,1-2H3",298.0,K
1.5086537529296988,ln(mPa*s),"InChI=1S/C18H36/c1-2-3-4-5-6-7-8-9-10-12-15-18-16-13-11-14-17-18/h18H,2-17H2,1H3",313.15,K
3.3867603338643857,ln(mPa*s),"InChI=1S/C18H36O/c1-2-3-4-5-6-7-8-9-10-11-12-13-14-15-16-17-18-19/h9-10,19H,2-8,11-18H2,1H3",298.0,K
1.5887837141658916,ln(mPa*s),"InChI=1S/C18H36O2/c1-4-6-8-10-11-12-13-15-17(3)20-18(19)16-14-9-7-5-2/h17H,4-16H2,1-3H3",298.0,K
1.6808871178856537,ln(mPa*s),"InChI=1S/C18H36O2/c1-4-6-8-9-10-11-12-13-14-16-18(19)20-17(3)15-7-5-2/h17H,4-16H2,1-3H3",298.0,K
1.611809565095832,ln(mPa*s),"InChI=1S/C18H36O2/c1-4-6-8-9-10-11-12-14-16-18(19)20-17(3)15-13-7-5-2/h17H,4-16H2,1-3H3",298.0,K
1.4276027576563084,ln(mPa*s),"InChI=1S/C18H38/c1-6-7-8-9-10-11-12-13-17(4)15-18(5)14-16(2)3/h16-18H,6-15H2,1-5H3",298.0,K
1.5657578632359512,ln(mPa*s),"InChI=1S/C18H50O3Si6/c1-15-26(13,19-24(9,10)17-22(3,4)5)21-27(14,16-2)20-25(11,12)18-23(6,7)8/h15-18H2,1-14H3",298.0,K
1.4736544595161891,ln(mPa*s),"InChI=1S/C18H52O4Si7/c1-23(2,3)17-25(7,8)19-27(11,12)21-29(15,16)22-28(13,14)20-26(9,10)18-24(4,5)6/h17-18H2,1-16H3",298.0,K
1.2558299097189527,ln(mPa*s),"InChI=1S/C18H54O7Si8/c1-26(2,3)19-28(7,8)21-30(11,12)23-32(15,16)25-33(17,18)24-31(13,14)22-29(9,10)20-27(4,5)6/h1-18H3",298.0,K
1.7262480442176362,ln(mPa*s),"InChI=1S/C19H32/c1-2-3-4-5-6-7-8-9-10-11-13-16-19-17-14-12-15-18-19/h12,14-15,17-18H,2-11,13,16H2,1H3",298.0,K
1.22198190885194,ln(mPa*s),"InChI=1S/C19H32O2/c1-3-4-5-6-7-8-9-10-11-12-13-14-15-16-17-18-19(20)21-2/h4-5,7-8,10-11H,3,6,9,12-18H2,1-2H3/b5-4-,8-7-,11-10-",298.0,K
1.4777991126835788,ln(mPa*s),"InChI=1S/C19H34O2/c1-3-4-5-6-7-8-9-10-11-12-13-14-15-16-17-18-19(20)21-2/h7-8,10-11H,3-6,9,12-18H2,1-2H3/b8-7-,11-10-",298.0,K
1.7465107930359838,ln(mPa*s),"InChI=1S/C19H36O2/c1-3-4-5-6-7-8-9-10-11-12-13-14-15-16-17-18-19(20)21-2/h10-11H,3-9,12-18H2,1-2H3/b11-10-",298.0,K
1.749964670675475,ln(mPa*s),"InChI=1S/C19H38O2/c1-4-6-8-10-11-12-13-15-17-19(20)21-18(3)16-14-9-7-5-2/h18H,4-17H2,1-3H3",298.0,K
1.7729905216054154,ln(mPa*s),"InChI=1S/C19H38O2/c1-4-6-8-9-10-11-12-13-15-17-19(20)21-18(3)16-14-7-5-2/h18H,4-17H2,1-3H3",298.0,K
3.62749255550282,ln(mPa*s),"InChI=1S/C20H30O4/c1-3-5-7-11-15-23-19(21)17-13-9-10-14-18(17)20(22)24-16-12-8-6-4-2/h9-10,13-14H,3-8,11-12,15-16H2,1-2H3",298.0,K
1.8954880485526984,ln(mPa*s),"InChI=1S/C20H34/c1-2-3-4-5-6-7-8-9-10-11-12-14-17-20-18-15-13-16-19-20/h13,15-16,18-19H,2-12,14,17H2,1H3",298.0,K
1.3318152177877562,ln(mPa*s),"InChI=1S/C20H34O2/c1-3-5-6-7-8-9-10-11-12-13-14-15-16-17-18-19-20(21)22-4-2/h5-6,8-9,11-12H,3-4,7,10,13-19H2,1-2H3/b6-5-,9-8-,12-11-",298.0,K
1.487700228583453,ln(mPa*s),"InChI=1S/C20H36O2/c1-3-5-6-7-8-9-10-11-12-13-14-15-16-17-18-19-20(21)22-4-2/h8-9,11-12H,3-7,10,13-19H2,1-2H3/b9-8-,12-11-",298.0,K
2.833791473947772,ln(mPa*s),"InChI=1S/C20H36O4/c1-5-9-11-17(7-3)15-23-19(21)13-14-20(22)24-16-18(8-4)12-10-6-2/h13-14,17-18H,5-12,15-16H2,1-4H3/b14-13-",298.0,K
1.405267682254266,ln(mPa*s),"InChI=1S/C20H38O2/c1-3-5-6-7-8-9-10-11-12-13-14-15-16-17-18-19-20(21)22-4-2/h11-12H,3-10,13-19H2,1-2H3/b12-11-",312.15,K
1.379018212194134,ln(mPa*s),"InChI=1S/C20H38O2/c1-3-5-6-7-8-9-10-11-12-13-14-15-16-17-18-19-20(21)22-4-2/h11-12H,3-10,13-19H2,1-2H3/b12-11-",313.15,K
1.8881197762551176,ln(mPa*s),"InChI=1S/C20H40O2/c1-4-6-8-10-12-13-15-17-19(3)22-20(21)18-16-14-11-9-7-5-2/h19H,4-18H2,1-3H3",298.0,K
1.749964670675475,ln(mPa*s),"InChI=1S/C20H42/c1-6-7-8-9-10-11-12-13-14-15-19(4)17-20(5)16-18(2)3/h18-20H,6-17H2,1-5H3",298.0,K
1.4368130980282847,ln(mPa*s),"InChI=1S/C20H60O8Si9/c1-29(2,3)21-31(7,8)23-33(11,12)25-35(15,16)27-37(19,20)28-36(17,18)26-34(13,14)24-32(9,10)22-30(4,5)6/h1-20H3",298.0,K
2.6479728569431527,ln(mPa*s),"InChI=1S/C21H38O6/c1-4-7-10-13-19(22)25-16-18(27-21(24)15-12-9-6-3)17-26-20(23)14-11-8-5-2/h18H,4-17H2,1-3H3",298.0,K
2.855205515312617,ln(mPa*s),"InChI=1S/C21H38O6/c1-4-7-10-13-25-19(22)16-18(21(24)27-15-12-9-6-3)17-20(23)26-14-11-8-5-2/h18H,4-17H2,1-3H3",298.0,K
1.842068074395237,ln(mPa*s),"InChI=1S/C21H58O4Si7/c1-17-30(14,22-28(10,11)20-26(4,5)6)24-32(16,19-3)25-31(15,18-2)23-29(12,13)21-27(7,8)9/h17-21H2,1-16H3",298.0,K
4.021234606404802,ln(mPa*s),"InChI=1S/C22H34O4/c1-3-5-7-9-13-17-25-21(23)19-15-11-12-16-20(19)22(24)26-18-14-10-8-6-4-2/h11-12,15-16H,3-10,13-14,17-18H2,1-2H3",298.0,K
2.555869453223391,ln(mPa*s),"InChI=1S/C22H42O4/c1-3-5-7-15-19-25-21(23)17-13-11-9-10-12-14-18-22(24)26-20-16-8-6-4-2/h3-20H2,1-2H3",298.0,K
2.4006752179555924,ln(mPa*s),"InChI=1S/C22H42O4/c1-3-5-7-9-11-15-19-25-21(23)17-13-14-18-22(24)26-20-16-12-10-8-6-4-2/h3-20H2,1-2H3",298.0,K
2.4292272731087183,ln(mPa*s),"InChI=1S/C22H42O4/c1-5-9-13-19(7-3)17-25-21(23)15-11-12-16-22(24)26-18-20(8-4)14-10-6-2/h19-20H,5-18H2,1-4H3",298.0,K
2.279559242064105,ln(mPa*s),"InChI=1S/C22H44O2/c1-4-6-8-10-12-13-14-16-18-20-22(23)24-21(3)19-17-15-11-9-7-5-2/h21H,4-20H2,1-3H3",298.0,K
3.0854640246120217,ln(mPa*s),"InChI=1S/C24H38O4/c1-3-5-7-9-11-15-19-27-23(25)21-17-13-14-18-22(21)24(26)28-20-16-12-10-8-6-4-2/h13-14,17-18H,3-12,15-16,19-20H2,1-2H3",308.15,K
4.147186010991576,ln(mPa*s),"InChI=1S/C24H38O4/c1-5-9-13-19(7-3)17-27-23(25)21-15-11-12-16-22(21)24(26)28-18-20(8-4)14-10-6-2/h11-12,15-16,19-20H,5-10,13-14,17-18H2,1-4H3",298.0,K
2.99336062089226,ln(mPa*s),"InChI=1S/C24H44O6/c1-4-7-10-13-16-28-22(25)19-21(24(27)30-18-15-12-9-6-3)20-23(26)29-17-14-11-8-5-2/h21H,4-20H2,1-3H3",298.0,K
2.456858294224647,ln(mPa*s),"InChI=1S/C24H51O4P/c1-7-13-16-22(10-4)19-26-29(25,27-20-23(11-5)17-14-8-2)28-21-24(12-6)18-15-9-3/h22-24H,7-21H2,1-6H3",298.15,K
2.2767961399525127,ln(mPa*s),"InChI=1S/C24H51O4P/c1-7-13-16-22(10-4)19-26-29(25,27-20-23(11-5)17-14-8-2)28-21-24(12-6)18-15-9-3/h22-24H,7-21H2,1-6H3",303.15,K
2.9703347699623195,ln(mPa*s),"InChI=1S/C26H50O4/c1-5-9-17-23(7-3)21-29-25(27)19-15-13-11-12-14-16-20-26(28)30-22-24(8-4)18-10-6-2/h23-24H,5-22H2,1-4H3",298.0,K
1.853350741350908,ln(mPa*s),"InChI=1S/C26H78O11Si12/c1-38(2,3)27-40(7,8)29-42(11,12)31-44(15,16)33-46(19,20)35-48(23,24)37-49(25,26)36-47(21,22)34-45(17,18)32-43(13,14)30-41(9,10)28-39(4,5)6/h1-26H3",298.0,K
2.536067221423642,ln(mPa*s),"InChI=1S/C27H50O6/c1-4-7-10-13-16-19-25(28)31-22-24(33-27(30)21-18-15-12-9-6-3)23-32-26(29)20-17-14-11-8-5-2/h24H,4-23H2,1-3H3",310.5,K
-0.3143028651936873,ln(mPa*s),"InChI=1S/C2Br2F4/c3-1(5,6)2(4,7)8",298.0,K
-0.4206822964900122,ln(mPa*s),"InChI=1S/C2Cl3F3/c3-1(4,5)2(6,7)8",298.0,K
-0.4193007454342158,ln(mPa*s),"InChI=1S/C2Cl3F3/c3-1(4,6)2(5,7)8",298.0,K
-0.1165108057054987,ln(mPa*s),InChI=1S/C2Cl4/c3-1(4)2(5)6,293.15,K
-0.1690097458257629,ln(mPa*s),InChI=1S/C2Cl4/c3-1(4)2(5)6,298.0,K
-0.1641743171304754,ln(mPa*s),InChI=1S/C2Cl4/c3-1(4)2(5)6,298.15,K
-0.1968710254509909,ln(mPa*s),InChI=1S/C2Cl4/c3-1(4)2(5)6,300.65,K
-0.2261138561320153,ln(mPa*s),InChI=1S/C2Cl4/c3-1(4)2(5)6,303.15,K
-0.2707840069360998,ln(mPa*s),InChI=1S/C2Cl4/c3-1(4)2(5)6,308.15,K
1.0741559458817225,ln(mPa*s),"InChI=1S/C2Cl4O/c3-1(7)2(4,5)6",298.0,K
2.260908302810854,ln(mPa*s),InChI=1S/C2H2Br4/c3-1(4)2(5)6/h1-2H,298.15,K
2.1298912110194927,ln(mPa*s),InChI=1S/C2H2Br4/c3-1(4)2(5)6/h1-2H,303.15,K
1.9921966224584484,ln(mPa*s),InChI=1S/C2H2Br4/c3-1(4)2(5)6/h1-2H,308.1066666666667,K
-0.9237971393092111,ln(mPa*s),InChI=1S/C2H2Cl2/c1-2(3)4/h1H2,298.0,K
-0.954421521046032,ln(mPa*s),InChI=1S/C2H2Cl2/c3-1-2-4/h1-2H/b2-1+,298.0,K
-0.7983062517410358,ln(mPa*s),InChI=1S/C2H2Cl2/c3-1-2-4/h1-2H/b2-1-,298.0,K
0.2090747264438593,ln(mPa*s),InChI=1S/C2H2Cl2O/c3-1-2(4)5/h1H2,298.0,K
0.4605170185988092,ln(mPa*s),InChI=1S/C2H2Cl2O/c3-2(4)1-5/h1-2H,298.0,K
0.2189758423437337,ln(mPa*s),"InChI=1S/C2H2Cl3F/c3-2(4,5)1-6/h1H2",298.0,K
0.4851546790938454,ln(mPa*s),InChI=1S/C2H2Cl4/c3-1(4)2(5)6/h1-2H,298.0,K
0.4897598492798335,ln(mPa*s),InChI=1S/C2H2Cl4/c3-1(4)2(5)6/h1-2H,298.15,K
0.3228224300377652,ln(mPa*s),InChI=1S/C2H2Cl4/c3-1(4)2(5)6/h1-2H,303.0,K
0.3753213701580295,ln(mPa*s),InChI=1S/C2H2Cl4/c3-1(4)2(5)6/h1-2H,303.15,K
0.3037109737659146,ln(mPa*s),InChI=1S/C2H2Cl4/c3-1(4)2(5)6/h1-2H,308.15,K
0.2390083326527819,ln(mPa*s),InChI=1S/C2H2Cl4/c3-1(4)2(5)6/h1-2H,318.15,K
0.0718406549014142,ln(mPa*s),InChI=1S/C2H2Cl4/c3-1(4)2(5)6/h1-2H,323.15,K
0.3571309479233765,ln(mPa*s),"InChI=1S/C2H2Cl4/c3-1-2(4,5)6/h1H2",298.0,K
-0.3928210168647842,ln(mPa*s),InChI=1S/C2H2O2/c3-1-2-4/h1-2H,298.0,K
-0.8991594788141749,ln(mPa*s),"InChI=1S/C2H3Cl2F/c1-2(3,4)5/h1H3",298.0,K
-0.2314098018459016,ln(mPa*s),"InChI=1S/C2H3Cl3/c1-2(3,4)5/h1H3",298.0,K
-0.232791352901698,ln(mPa*s),"InChI=1S/C2H3Cl3/c1-2(3,4)5/h1H3",298.15,K
-0.3225921715284658,ln(mPa*s),"InChI=1S/C2H3Cl3/c1-2(3,4)5/h1H3",303.15,K
-0.5394956872885049,ln(mPa*s),"InChI=1S/C2H3Cl3/c1-2(3,4)5/h1H3",313.15,K
0.0442096337854856,ln(mPa*s),"InChI=1S/C2H3Cl3/c3-1-2(4)5/h2H,1H2",298.0,K
0.0591764368899469,ln(mPa*s),"InChI=1S/C2H3Cl3/c3-1-2(4)5/h2H,1H2",298.15,K
-0.050656872045869,ln(mPa*s),"InChI=1S/C2H3Cl3/c3-1-2(4)5/h2H,1H2",308.15,K
-0.7009069023073876,ln(mPa*s),"InChI=1S/C2H3Cl3Si/c1-2-6(3,4)5/h2H,1H2",298.0,K
-0.9990916718501164,ln(mPa*s),InChI=1S/C2H3ClO/c1-2(3)4/h1H3,298.0,K
-0.6695917450426686,ln(mPa*s),InChI=1S/C2H3ClO2/c1-5-2(3)4/h1H3,298.0,K
0.2650275442036147,ln(mPa*s),"InChI=1S/C2H3F3O/c3-2(4,5)1-6/h6H,1H2",307.21666666666664,K
0.2551264283037402,ln(mPa*s),"InChI=1S/C2H3F3O/c3-2(4,5)1-6/h6H,1H2",310.65,K
0.2369360060690873,ln(mPa*s),"InChI=1S/C2H3F3O/c3-2(4,5)1-6/h6H,1H2",312.15,K
-1.059916708606505,ln(mPa*s),InChI=1S/C2H3N/c1-2-3/h1H3,298.0,K
-1.0799124086142076,ln(mPa*s),InChI=1S/C2H3N/c1-2-3/h1H3,298.15,K
-1.106392137183639,ln(mPa*s),InChI=1S/C2H3N/c1-2-3/h1H3,300.65,K
-1.125733851964789,ln(mPa*s),InChI=1S/C2H3N/c1-2-3/h1H3,303.15,K
-1.1289574710949808,ln(mPa*s),InChI=1S/C2H3N/c1-2-3/h1H3,304.9715789473684,K
-1.125733851964789,ln(mPa*s),InChI=1S/C2H3N/c1-2-3/h1H3,305.65,K
-1.154746424136514,ln(mPa*s),InChI=1S/C2H3N/c1-2-3/h1H3,306.9,K
-1.1676409006572808,ln(mPa*s),InChI=1S/C2H3N/c1-2-3/h1H3,307.15,K
-1.112609116934723,ln(mPa*s),InChI=1S/C2H3N/c1-2-3/h1H3,308.0,K
-1.1487597028947296,ln(mPa*s),InChI=1S/C2H3N/c1-2-3/h1H3,308.15,K
-1.1549766826458134,ln(mPa*s),InChI=1S/C2H3N/c1-2-3/h1H3,308.8,K
-1.180305118668748,ln(mPa*s),InChI=1S/C2H3N/c1-2-3/h1H3,310.65,K
-1.1982652823941011,ln(mPa*s),InChI=1S/C2H3N/c1-2-3/h1H3,312.15,K
-1.186522098419832,ln(mPa*s),InChI=1S/C2H3N/c1-2-3/h1H3,313.0,K
-1.2024099355614908,ln(mPa*s),InChI=1S/C2H3N/c1-2-3/h1H3,313.15,K
-1.2413236236330902,ln(mPa*s),InChI=1S/C2H3N/c1-2-3/h1H3,318.15,K
-1.2873753254929712,ln(mPa*s),InChI=1S/C2H3N/c1-2-3/h1H3,323.15,K
-4.605170185988091,ln(mPa*s),InChI=1S/C2H4/c1-2/h1-2H2,298.0,K
0.1259514045867743,ln(mPa*s),"InChI=1S/C2H4Br2/c1-2(3)4/h2H,1H3",298.0,K
0.5498573202069782,ln(mPa*s),InChI=1S/C2H4Br2/c3-1-2-4/h1-2H2,293.15,K
0.4780166653055639,ln(mPa*s),InChI=1S/C2H4Br2/c3-1-2-4/h1-2H2,298.15,K
0.4024918742553592,ln(mPa*s),InChI=1S/C2H4Br2/c3-1-2-4/h1-2H2,303.15,K
0.1015440026010374,ln(mPa*s),InChI=1S/C2H4Br2/c3-1-2-4/h1-2H2,323.15,K
-0.7628464413089273,ln(mPa*s),"InChI=1S/C2H4Cl2/c1-2(3)4/h2H,1H3",298.0,K
-0.2468371219689617,ln(mPa*s),InChI=1S/C2H4Cl2/c3-1-2-4/h1-2H2,298.15,K
-0.3048622663124116,ln(mPa*s),InChI=1S/C2H4Cl2/c3-1-2-4/h1-2H2,301.4833333333333,K
-0.3154541577401843,ln(mPa*s),InChI=1S/C2H4Cl2/c3-1-2-4/h1-2H2,303.15,K
-0.3366379405957295,ln(mPa*s),InChI=1S/C2H4Cl2/c3-1-2-4/h1-2H2,305.65,K
-0.3872948126415985,ln(mPa*s),InChI=1S/C2H4Cl2/c3-1-2-4/h1-2H2,308.15,K
-0.4764048557404681,ln(mPa*s),InChI=1S/C2H4Cl2/c3-1-2-4/h1-2H2,313.15,K
-0.5033451013284984,ln(mPa*s),InChI=1S/C2H4Cl2/c3-1-2-4/h1-2H2,318.15,K
-0.0140457690672636,ln(mPa*s),InChI=1S/C2H4Cl2O/c3-1-5-2-4/h1-2H2,298.0,K
1.305565747727624,ln(mPa*s),InChI=1S/C2H4N2O6/c5-3(6)9-1-2-10-4(7)8/h1-2H2,298.0,K
0.0861776962410524,ln(mPa*s),"InChI=1S/C2H4O2/c1-2(3)4/h1H3,(H,3,4)",298.0,K
-0.2394688496713807,ln(mPa*s),"InChI=1S/C2H4O2/c1-2(3)4/h1H3,(H,3,4)",323.15,K
-1.1119374977878276,ln(mPa*s),"InChI=1S/C2H4O2/c1-4-2-3/h2H,1H3",298.0,K
-1.1146814435184176,ln(mPa*s),"InChI=1S/C2H4O2/c1-4-2-3/h2H,1H3",298.15,K
0.6184743559782008,ln(mPa*s),"InChI=1S/C2H4O2S/c3-2(4)1-5/h5H,1H2,(H,3,4)",298.0,K
0.1123661525381094,ln(mPa*s),"InChI=1S/C2H4O3/c1-2(3)5-4/h4H,1H3",298.0,K
-0.3753213701580295,ln(mPa*s),"InChI=1S/C2H4OS/c1-2(3)4/h1H3,(H,3,4)",298.1,K
-0.9762960794294754,ln(mPa*s),"InChI=1S/C2H5Br/c1-2-3/h2H2,1H3",298.0,K
-0.8259372728569643,ln(mPa*s),"InChI=1S/C2H5Cl3Si/c1-2-6(3,4)5/h2H2,1H3",298.0,K
-1.2302712151867188,ln(mPa*s),"InChI=1S/C2H5ClO/c1-4-2-3/h2H2,1H3",298.0,K
1.277704468102396,ln(mPa*s),"InChI=1S/C2H5ClO/c3-1-2-4/h4H,1-2H2",293.15,K
1.095569987246567,ln(mPa*s),"InChI=1S/C2H5ClO/c3-1-2-4/h4H,1-2H2",298.0,K
0.9551122965739304,ln(mPa*s),"InChI=1S/C2H5ClO/c3-1-2-4/h4H,1-2H2",303.15,K
0.853107776954294,ln(mPa*s),"InChI=1S/C2H5ClO/c3-1-2-4/h4H,1-2H2",308.15,K
0.626072886785081,ln(mPa*s),"InChI=1S/C2H5ClO/c3-1-2-4/h4H,1-2H2",313.15,K
0.5397259457978043,ln(mPa*s),"InChI=1S/C2H5ClO/c3-1-2-4/h4H,1-2H2",315.65,K
0.4446291814571502,ln(mPa*s),"InChI=1S/C2H5ClO/c3-1-2-4/h4H,1-2H2",318.15,K
0.0676960017340249,ln(mPa*s),"InChI=1S/C2H5ClO2S/c1-2-6(3,4)5/h2H2,1H3",298.0,K
-0.5498573202069782,ln(mPa*s),"InChI=1S/C2H5I/c1-2-3/h2H2,1H3",298.15,K
0.5618988939499913,ln(mPa*s),"InChI=1S/C2H5NO/c1-3-2-4/h2H,1H3,(H,3,4)",298.0,K
0.5277525033142353,ln(mPa*s),"InChI=1S/C2H5NO/c1-3-2-4/h2H,1H3,(H,3,4)",298.15,K
0.3644992202209574,ln(mPa*s),"InChI=1S/C2H5NO/c1-3-2-4/h2H,1H3,(H,3,4)",308.11249999999995,K
0.3806173158719158,ln(mPa*s),"InChI=1S/C2H5NO/c1-3-2-4/h2H,1H3,(H,3,4)",308.15,K
0.3421641448189152,ln(mPa*s),"InChI=1S/C2H5NO/c1-3-2-4/h2H,1H3,(H,3,4)",310.65,K
0.2643367686757165,ln(mPa*s),"InChI=1S/C2H5NO/c1-3-2-4/h2H,1H3,(H,3,4)",315.65,K
0.2272651486785123,ln(mPa*s),"InChI=1S/C2H5NO/c1-3-2-4/h2H,1H3,(H,3,4)",318.15,K
-0.3856830030765027,ln(mPa*s),"InChI=1S/C2H5NO2/c1-2-3(4)5/h2H2,1H3",293.15,K
-0.4980491556146121,ln(mPa*s),"InChI=1S/C2H5NO2/c1-2-3(4)5/h2H2,1H3",303.15,K
-0.6145599613201109,ln(mPa*s),"InChI=1S/C2H5NO2/c1-2-3(4)5/h2H2,1H3",309.81666666666666,K
-4.667045589706179,ln(mPa*s),InChI=1S/C2H6/c1-2/h1-2H3,298.0,K
-0.7748198837924964,ln(mPa*s),"InChI=1S/C2H6Cl2Si/c1-5(2,3)4/h1-2H3",298.0,K
-0.1602599224723855,ln(mPa*s),InChI=1S/C2H6N2O/c1-4(2)3-5/h1-2H3,298.0,K
0.1662466437141701,ln(mPa*s),"InChI=1S/C2H6O/c1-2-3/h3H,2H2,1H3",293.15,K
0.1250303705495767,ln(mPa*s),"InChI=1S/C2H6O/c1-2-3/h3H,2H2,1H3",295.65,K
0.0702337744382471,ln(mPa*s),"InChI=1S/C2H6O/c1-2-3/h3H,2H2,1H3",298.0,K
0.0750642740316058,ln(mPa*s),"InChI=1S/C2H6O/c1-2-3/h3H,2H2,1H3",298.1,K
0.0833535803663844,ln(mPa*s),"InChI=1S/C2H6O/c1-2-3/h3H,2H2,1H3",298.15,K
0.0750642740316058,ln(mPa*s),"InChI=1S/C2H6O/c1-2-3/h3H,2H2,1H3",298.16,K
0.0704591038456178,ln(mPa*s),"InChI=1S/C2H6O/c1-2-3/h3H,2H2,1H3",299.81666666666666,K
0.0285520551531261,ln(mPa*s),"InChI=1S/C2H6O/c1-2-3/h3H,2H2,1H3",301.4833333333333,K
0.0117431839742696,ln(mPa*s),"InChI=1S/C2H6O/c1-2-3/h3H,2H2,1H3",303.15,K
-0.0085195648440779,ln(mPa*s),"InChI=1S/C2H6O/c1-2-3/h3H,2H2,1H3",305.5,K
-0.0718406549014142,ln(mPa*s),"InChI=1S/C2H6O/c1-2-3/h3H,2H2,1H3",305.575,K
-0.0610185049643422,ln(mPa*s),"InChI=1S/C2H6O/c1-2-3/h3H,2H2,1H3",306.15,K
-0.0789786686896957,ln(mPa*s),"InChI=1S/C2H6O/c1-2-3/h3H,2H2,1H3",306.4833333333333,K
-0.074603757013007,ln(mPa*s),"InChI=1S/C2H6O/c1-2-3/h3H,2H2,1H3",306.9,K
-0.1026952951475344,ln(mPa*s),"InChI=1S/C2H6O/c1-2-3/h3H,2H2,1H3",307.86,K
-0.080820736764091,ln(mPa*s),"InChI=1S/C2H6O/c1-2-3/h3H,2H2,1H3",308.15,K
-0.1300960577541636,ln(mPa*s),"InChI=1S/C2H6O/c1-2-3/h3H,2H2,1H3",308.9833333333333,K
-0.0909521111732648,ln(mPa*s),"InChI=1S/C2H6O/c1-2-3/h3H,2H2,1H3",309.0527272727273,K
-0.1165108057054987,ln(mPa*s),"InChI=1S/C2H6O/c1-2-3/h3H,2H2,1H3",309.4,K
-0.1416089832191338,ln(mPa*s),"InChI=1S/C2H6O/c1-2-3/h3H,2H2,1H3",309.81666666666666,K
-0.1356222619773493,ln(mPa*s),"InChI=1S/C2H6O/c1-2-3/h3H,2H2,1H3",310.575,K
-0.1522008746469064,ln(mPa*s),"InChI=1S/C2H6O/c1-2-3/h3H,2H2,1H3",310.61249999999995,K
-0.1717728479373558,ln(mPa*s),"InChI=1S/C2H6O/c1-2-3/h3H,2H2,1H3",310.65,K
-0.114438479121804,ln(mPa*s),"InChI=1S/C2H6O/c1-2-3/h3H,2H2,1H3",311.0071428571428,K
-0.1450628608586248,ln(mPa*s),"InChI=1S/C2H6O/c1-2-3/h3H,2H2,1H3",312.15,K
-0.2090747264438593,ln(mPa*s),"InChI=1S/C2H6O/c1-2-3/h3H,2H2,1H3",313.0,K
-0.1710820724094576,ln(mPa*s),"InChI=1S/C2H6O/c1-2-3/h3H,2H2,1H3",313.15,K
-0.1855883584953201,ln(mPa*s),"InChI=1S/C2H6O/c1-2-3/h3H,2H2,1H3",315.65,K
-0.2730865920290938,ln(mPa*s),"InChI=1S/C2H6O/c1-2-3/h3H,2H2,1H3",318.15,K
-0.3543678458117837,ln(mPa*s),"InChI=1S/C2H6O/c1-2-3/h3H,2H2,1H3",323.15,K
-0.8056745240386166,ln(mPa*s),"InChI=1S/C2H6O2/c1-2-4-3/h3H,2H2,1H3",298.0,K
3.035267669584752,ln(mPa*s),"InChI=1S/C2H6O2/c3-1-2-4/h3-4H,1-2H2",293.15,K
2.832304105337557,ln(mPa*s),"InChI=1S/C2H6O2/c3-1-2-4/h3-4H,1-2H2",298.0,K
2.843462331338348,ln(mPa*s),"InChI=1S/C2H6O2/c3-1-2-4/h3-4H,1-2H2",298.15,K
2.6311639857642963,ln(mPa*s),"InChI=1S/C2H6O2/c3-1-2-4/h3-4H,1-2H2",303.15,K
2.628170625143404,ln(mPa*s),"InChI=1S/C2H6O2/c3-1-2-4/h3-4H,1-2H2",304.4,K
2.5383698065166365,ln(mPa*s),"InChI=1S/C2H6O2/c3-1-2-4/h3-4H,1-2H2",305.65,K
2.498995601426438,ln(mPa*s),"InChI=1S/C2H6O2/c3-1-2-4/h3-4H,1-2H2",306.25,K
2.020057902083676,ln(mPa*s),"InChI=1S/C2H6O2/c3-1-2-4/h3-4H,1-2H2",308.15,K
2.33574231833316,ln(mPa*s),"InChI=1S/C2H6O2/c3-1-2-4/h3-4H,1-2H2",310.65,K
2.3461039512516333,ln(mPa*s),"InChI=1S/C2H6O2/c3-1-2-4/h3-4H,1-2H2",311.4833333333333,K
2.239954778464608,ln(mPa*s),"InChI=1S/C2H6O2/c3-1-2-4/h3-4H,1-2H2",313.15,K
2.163048436358607,ln(mPa*s),"InChI=1S/C2H6O2/c3-1-2-4/h3-4H,1-2H2",315.65,K
2.0912077814571925,ln(mPa*s),"InChI=1S/C2H6O2/c3-1-2-4/h3-4H,1-2H2",318.15,K
0.5335089660467204,ln(mPa*s),"InChI=1S/C2H6O4S/c1-5-7(3,4)6-2/h1-2H3",298.0,K
1.3018816115788336,ln(mPa*s),InChI=1S/C2H6OS/c1-4(2)3/h1-2H3,302.4,K
0.5894617838064757,ln(mPa*s),InChI=1S/C2H6OS/c1-4(2)3/h1-2H3,303.0,K
0.5896920423157751,ln(mPa*s),InChI=1S/C2H6OS/c1-4(2)3/h1-2H3,303.15,K
0.4561421069221205,ln(mPa*s),InChI=1S/C2H6OS/c1-4(2)3/h1-2H3,305.65,K
0.6783415683960459,ln(mPa*s),InChI=1S/C2H6OS/c1-4(2)3/h1-2H3,307.9625,K
0.4787074408334621,ln(mPa*s),InChI=1S/C2H6OS/c1-4(2)3/h1-2H3,308.075,K
0.5160093193399656,ln(mPa*s),InChI=1S/C2H6OS/c1-4(2)3/h1-2H3,308.15,K
0.7135711203188548,ln(mPa*s),InChI=1S/C2H6OS/c1-4(2)3/h1-2H3,309.56666666666666,K
0.4437081474199527,ln(mPa*s),InChI=1S/C2H6OS/c1-4(2)3/h1-2H3,310.575,K
0.4678852908963901,ln(mPa*s),InChI=1S/C2H6OS/c1-4(2)3/h1-2H3,310.65,K
0.4266690177317966,ln(mPa*s),InChI=1S/C2H6OS/c1-4(2)3/h1-2H3,313.0,K
0.4190704869249163,ln(mPa*s),InChI=1S/C2H6OS/c1-4(2)3/h1-2H3,313.10714285714283,K
0.411471956118036,ln(mPa*s),InChI=1S/C2H6OS/c1-4(2)3/h1-2H3,313.15,K
0.3785449892882211,ln(mPa*s),InChI=1S/C2H6OS/c1-4(2)3/h1-2H3,315.65,K
0.3117700215913938,ln(mPa*s),InChI=1S/C2H6OS/c1-4(2)3/h1-2H3,318.0,K
0.3345656140120349,ln(mPa*s),InChI=1S/C2H6OS/c1-4(2)3/h1-2H3,318.15,K
0.2576592719060337,ln(mPa*s),InChI=1S/C2H6OS/c1-4(2)3/h1-2H3,323.15,K
0.9677765145853976,ln(mPa*s),"InChI=1S/C2H6OS/c3-1-2-4/h3-4H,1-2H2",298.0,K
-1.5648368291987536,ln(mPa*s),"InChI=1S/C2H6S/c1-2-3/h3H,2H2,1H3",298.15,K
-0.5477849936232835,ln(mPa*s),InChI=1S/C2H6S2/c1-3-4-2/h1-2H3,298.0,K
-0.3324932874283402,ln(mPa*s),"InChI=1S/C2H6S2/c3-1-2-4/h3-4H,1-2H2",298.0,K
-1.2721782638792103,ln(mPa*s),"InChI=1S/C2H7ClSi/c1-4(2)3/h4H,1-2H3",298.0,K
3.182172598517772,ln(mPa*s),"InChI=1S/C2H7NO/c3-1-2-4/h4H,1-3H2",293.15,K
2.923161580719156,ln(mPa*s),"InChI=1S/C2H7NO/c3-1-2-4/h4H,1-3H2",298.0,K
2.7080703278702973,ln(mPa*s),"InChI=1S/C2H7NO/c3-1-2-4/h4H,1-3H2",303.15,K
2.527317398070265,ln(mPa*s),"InChI=1S/C2H7NO/c3-1-2-4/h4H,1-3H2",308.15,K
2.4511018314921618,ln(mPa*s),"InChI=1S/C2H7NO/c3-1-2-4/h4H,1-3H2",309.81666666666666,K
2.4195564157181435,ln(mPa*s),"InChI=1S/C2H7NO/c3-1-2-4/h4H,1-3H2",310.0375,K
2.275184330387417,ln(mPa*s),"InChI=1S/C2H7NO/c3-1-2-4/h4H,1-3H2",313.15,K
2.151305252384337,ln(mPa*s),"InChI=1S/C2H7NO/c3-1-2-4/h4H,1-3H2",315.65,K
2.0958129516431807,ln(mPa*s),"InChI=1S/C2H7NO/c3-1-2-4/h4H,1-3H2",318.15,K
0.1107543429730136,ln(mPa*s),"InChI=1S/C2H7O3P/c1-4-6(3)5-2/h6H,1-2H3",307.15,K
0.262364264467491,ln(mPa*s),InChI=1S/C2H8N2/c3-1-2-4/h1-4H2,298.0,K
0.1789108617256374,ln(mPa*s),InChI=1S/C2H8N2/c3-1-2-4/h1-4H2,303.15,K
0.1754569840861463,ln(mPa*s),InChI=1S/C2H8N2/c3-1-2-4/h1-4H2,305.65,K
0.1043071047126302,ln(mPa*s),InChI=1S/C2H8N2/c3-1-2-4/h1-4H2,308.15,K
0.09279417924766,ln(mPa*s),InChI=1S/C2H8N2/c3-1-2-4/h1-4H2,310.65,K
0.0223350754020422,ln(mPa*s),InChI=1S/C2H8N2/c3-1-2-4/h1-4H2,313.15,K
1.6159542182632214,ln(mPa*s),"InChI=1S/C2HBr3O/c3-2(4,5)1-6/h1H",303.15,K
-0.145753636386523,ln(mPa*s),"InChI=1S/C2HBrClF3/c3-1(4)2(5,6)7/h1H",298.0,K
-0.8676140630401565,ln(mPa*s),"InChI=1S/C2HCl2F3/c3-1(4)2(5,6)7/h1H",298.0,K
-0.8178782250314851,ln(mPa*s),"InChI=1S/C2HCl2F3/c3-1(5)2(4,6)7/h1H",298.0,K
-0.8123520208082994,ln(mPa*s),"InChI=1S/C2HCl2F3/c3-2(4,7)1(5)6/h1H",298.0,K
-0.6067311720039311,ln(mPa*s),InChI=1S/C2HCl3/c3-1-2(4)5/h1H,298.0,K
-0.595909022066859,ln(mPa*s),InChI=1S/C2HCl3/c3-1-2(4)5/h1H,298.15,K
-0.6297570229338716,ln(mPa*s),InChI=1S/C2HCl3/c3-1-2(4)5/h1H,300.65,K
-0.6481777036778239,ln(mPa*s),InChI=1S/C2HCl3/c3-1-2(4)5/h1H,303.15,K
-0.6988345757236929,ln(mPa*s),InChI=1S/C2HCl3/c3-1-2(4)5/h1H,306.9,K
-0.6520920983359139,ln(mPa*s),InChI=1S/C2HCl3/c3-1-2(4)5/h1H,308.15,K
-0.6758087247937524,ln(mPa*s),InChI=1S/C2HCl3/c3-1-2(4)5/h1H,309.81666666666666,K
-0.5581466265417567,ln(mPa*s),InChI=1S/C2HCl3/c3-1-2(4)5/h1H,313.15,K
-0.6919268204447108,ln(mPa*s),InChI=1S/C2HCl3/c3-1-2(4)5/h1H,318.15,K
0.7039002629282799,ln(mPa*s),InChI=1S/C2HCl3O/c3-1(4)2(5)6/h1H,298.0,K
0.0361505859600065,ln(mPa*s),"InChI=1S/C2HCl3O/c3-2(4,5)1-6/h1H",298.0,K
-0.1063794312963249,ln(mPa*s),"InChI=1S/C2HCl3O/c3-2(4,5)1-6/h1H",309.81666666666666,K
-0.1077609823521213,ln(mPa*s),"InChI=1S/C2HCl3O/c3-2(4,5)1-6/h1H",310.65,K
-0.1731543989931522,ln(mPa*s),"InChI=1S/C2HCl3O/c3-2(4,5)1-6/h1H",313.15,K
-0.0665447091875279,ln(mPa*s),"InChI=1S/C2HCl3O/c3-2(4,5)1-6/h1H",318.15,K
-0.1404576906726368,ln(mPa*s),"InChI=1S/C2HCl3O/c3-2(4,5)1-6/h1H",323.15,K
0.8153453814291917,ln(mPa*s),"InChI=1S/C2HCl5/c3-1(4)2(5,6)7/h1H",298.15,K
-0.1533521671934034,ln(mPa*s),"InChI=1S/C2HF3O2/c3-2(4,5)1(6)7/h(H,6,7)",298.0,K
3.7532137015802944,ln(mPa*s),"InChI=1S/C30H56O6/c1-7-13-16-24(10-4)21-34-28(31)19-27(30(33)36-23-26(12-6)18-15-9-3)20-29(32)35-22-25(11-5)17-14-8-2/h24-27H,7-23H2,1-6H3",298.0,K
3.3413412145087897,ln(mPa*s),"InChI=1S/C30H62/c1-25(2)15-11-19-29(7)23-13-21-27(5)17-9-10-18-28(6)22-14-24-30(8)20-12-16-26(3)4/h25-30H,9-24H2,1-8H3",298.0,K
3.43798980234941,ln(mPa*s),"InChI=1S/C30H62/c1-25(2)15-11-19-29(7)23-13-21-27(5)17-9-10-18-28(6)22-14-24-30(8)20-12-16-26(3)4/h25-30H,9-24H2,1-8H3",298.15,K
3.149015373178657,ln(mPa*s),"InChI=1S/C30H62/c1-25(2)15-11-19-29(7)23-13-21-27(5)17-9-10-18-28(6)22-14-24-30(8)20-12-16-26(3)4/h25-30H,9-24H2,1-8H3",303.15,K
-1.2445472427632818,ln(mPa*s),"InChI=1S/C3Cl2F6/c4-2(8,9)1(6,7)3(5,10)11",298.0,K
0.2226599784925242,ln(mPa*s),"InChI=1S/C3H10N2/c1-3(5)2-4/h3H,2,4-5H2,1H3",305.65,K
0.1655558681862719,ln(mPa*s),"InChI=1S/C3H10N2/c1-3(5)2-4/h3H,2,4-5H2,1H3",308.15,K
0.1310170917913612,ln(mPa*s),"InChI=1S/C3H10N2/c1-3(5)2-4/h3H,2,4-5H2,1H3",310.65,K
0.5877866649021191,ln(mPa*s),InChI=1S/C3H10N2/c4-2-1-3-5/h1-5H2,298.0,K
0.4123929901552336,ln(mPa*s),InChI=1S/C3H10N2/c4-2-1-3-5/h1-5H2,305.65,K
-0.9818222836526612,ln(mPa*s),"InChI=1S/C3H10O3Si/c1-4-7(5-2)6-3/h7H,1-3H3",298.0,K
1.5436530463432083,ln(mPa*s),"InChI=1S/C3H10OSi/c1-5(2,3)4/h4H,1-3H3",298.0,K
0.1379248470703433,ln(mPa*s),"InChI=1S/C3H2F6O/c4-2(5,6)1(10)3(7,8)9/h1,10H",309.4,K
-0.894093791609588,ln(mPa*s),"InChI=1S/C3H3Cl/c1-2-3-4/h1H,3H2",298.0,K
0.4927532099007258,ln(mPa*s),"InChI=1S/C3H3Cl5/c4-2(5)1-3(6,7)8/h2H,1H2",298.0,K
-0.6212374580897936,ln(mPa*s),"InChI=1S/C3H3F5/c4-1-3(7,8)2(5)6/h2H,1H2",298.0,K
-0.8577129471402821,ln(mPa*s),"InChI=1S/C3H3F5O/c4-2(5)9-1-3(6,7)8/h2H,1H2",298.0,K
-1.067113621608739,ln(mPa*s),"InChI=1S/C3H3N/c1-2-3-4/h2H,1H2",298.0,K
-1.1676409006572808,ln(mPa*s),"InChI=1S/C3H3N/c1-2-3-4/h2H,1H2",303.15,K
-0.5378838777234092,ln(mPa*s),"InChI=1S/C3H3N/c1-2-3-4/h2H,1H2",307.4,K
-1.1690224517130772,ln(mPa*s),"InChI=1S/C3H3N/c1-2-3-4/h2H,1H2",308.15,K
-1.2199095822682455,ln(mPa*s),"InChI=1S/C3H3N/c1-2-3-4/h2H,1H2",313.15,K
-0.1178923567612951,ln(mPa*s),InChI=1S/C3H4Cl2/c1-3(5)2-4/h1-2H2,298.0,K
-0.3516047437001908,ln(mPa*s),"InChI=1S/C3H4Cl2/c4-2-1-3-5/h1-2H,3H2/b2-1+",298.0,K
-0.3516047437001908,ln(mPa*s),"InChI=1S/C3H4Cl2/c4-2-1-3-5/h1-2H,3H2/b2-1-",298.0,K
-0.0720709134107136,ln(mPa*s),"InChI=1S/C3H4O/c1-2-3-4/h1,4H,3H2",323.15,K
-1.0498221244986778,ln(mPa*s),"InChI=1S/C3H4O/c1-2-3-4/h2-3H,1H2",298.0,K
-1.0156702845196737,ln(mPa*s),"InChI=1S/C3H4O2/c1-2-5-3-4/h2-3H,1H2",298.0,K
-0.4522277122640306,ln(mPa*s),"InChI=1S/C3H4O2/c1-3(5)2-4/h2H,1H3",298.0,K
-0.906527751111756,ln(mPa*s),InChI=1S/C3H4O2/c4-3-1-2-5-3/h1-2H2,298.0,K
-1.1480689273668312,ln(mPa*s),"InChI=1S/C3H5Cl/c1-2-3-4/h2H,1,3H2",298.0,K
0.8033719389456225,ln(mPa*s),"InChI=1S/C3H5Cl3/c4-1-3(6)2-5/h3H,1-2H2",298.0,K
0.0709196208642166,ln(mPa*s),"InChI=1S/C3H5ClO/c4-1-3-2-5-3/h3H,1-2H2",298.0,K
-0.6124876347364162,ln(mPa*s),"InChI=1S/C3H5ClO2/c1-2-6-3(4)5/h2H2,1H3",298.0,K
0.0425978242203898,ln(mPa*s),"InChI=1S/C3H5ClO2/c1-6-3(5)2-4/h2H2,1H3",298.0,K
-0.8892583629143005,ln(mPa*s),"InChI=1S/C3H5N/c1-2-3-4/h2H2,1H3",298.0,K
-0.9452111806740556,ln(mPa*s),"InChI=1S/C3H5N/c1-2-3-4/h2H2,1H3",303.15,K
-1.0041573590547035,ln(mPa*s),"InChI=1S/C3H5N/c1-2-3-4/h2H2,1H3",313.15,K
2.1955148861698226,ln(mPa*s),"InChI=1S/C3H5NO/c1-3(5)2-4/h3,5H,1H3",298.0,K
1.2728690394071085,ln(mPa*s),"InChI=1S/C3H5NO/c4-2-1-3-5/h5H,1,3H2",298.0,K
-4.786692062611482,ln(mPa*s),"InChI=1S/C3H6/c1-3-2/h3H,1H2,2H3",298.0,K
0.4105509220808384,ln(mPa*s),"InChI=1S/C3H6Br2/c1-3(5)2-4/h3H,2H2,1H3",298.0,K
0.6405791728709436,ln(mPa*s),InChI=1S/C3H6Br2/c4-2-1-3-5/h1-3H2,298.0,K
-0.503114842819199,ln(mPa*s),"InChI=1S/C3H6Cl2/c1-2-3(4)5/h3H,2H2,1H3",298.0,K
-0.2795338302894771,ln(mPa*s),"InChI=1S/C3H6Cl2/c1-3(5)2-4/h3H,2H2,1H3",298.0,K
-0.0573343688155517,ln(mPa*s),InChI=1S/C3H6Cl2/c4-2-1-3-5/h1-3H2,305.65,K
3.26391436931906,ln(mPa*s),"InChI=1S/C3H6Cl2O/c4-1-3(5)2-6/h3,6H,1-2H2",298.0,K
2.349788087400424,ln(mPa*s),"InChI=1S/C3H6Cl2O/c4-1-3(6)2-5/h3,6H,1-2H2",298.0,K
-0.7091962086421661,ln(mPa*s),"InChI=1S/C3H6Cl2Si/c1-3-6(2,4)5/h3H,1H2,2H3",298.0,K
-0.0584856613620487,ln(mPa*s),"InChI=1S/C3H6Cl4Si/c4-2-1-3-8(5,6)7/h1-3H2",298.0,K
-0.0128944765207666,ln(mPa*s),"InChI=1S/C3H6O/c1-2-3-4/h2,4H,1,3H2",310.65,K
-1.149800325437543,ln(mPa*s),"InChI=1S/C3H6O/c1-2-3-4/h3H,2H2,1H3",298.0,K
-1.2187582897217484,ln(mPa*s),"InChI=1S/C3H6O/c1-2-3-4/h3H,2H2,1H3",308.15,K
-1.226587079037928,ln(mPa*s),"InChI=1S/C3H6O/c1-2-3-4/h3H,2H2,1H3",308.9833333333333,K
-1.4883910041113513,ln(mPa*s),InChI=1S/C3H6O/c1-2-4-3-1/h1-3H2,298.0,K
-1.0877411979303873,ln(mPa*s),InChI=1S/C3H6O/c1-3(2)4/h1-2H3,293.15,K
-1.1522135805342204,ln(mPa*s),InChI=1S/C3H6O/c1-3(2)4/h1-2H3,295.65,K
-1.16787115916658,ln(mPa*s),InChI=1S/C3H6O/c1-3(2)4/h1-2H3,296.0,K
-1.1867380567744084,ln(mPa*s),InChI=1S/C3H6O/c1-3(2)4/h1-2H3,298.0,K
-1.0730046533352255,ln(mPa*s),InChI=1S/C3H6O/c1-3(2)4/h1-2H3,298.1,K
-1.1874431324570296,ln(mPa*s),InChI=1S/C3H6O/c1-3(2)4/h1-2H3,298.15,K
-1.188364166494227,ln(mPa*s),InChI=1S/C3H6O/c1-3(2)4/h1-2H3,301.17875,K
-1.1379375529576574,ln(mPa*s),InChI=1S/C3H6O/c1-3(2)4/h1-2H3,301.7092857142857,K
-1.2229029428891378,ln(mPa*s),InChI=1S/C3H6O/c1-3(2)4/h1-2H3,301.9,K
-0.5249894012026425,ln(mPa*s),InChI=1S/C3H6O/c1-3(2)4/h1-2H3,302.4,K
-1.2374092289750005,ln(mPa*s),InChI=1S/C3H6O/c1-3(2)4/h1-2H3,303.15,K
-1.2477708618934735,ln(mPa*s),InChI=1S/C3H6O/c1-3(2)4/h1-2H3,304.15,K
-1.2095479493497725,ln(mPa*s),InChI=1S/C3H6O/c1-3(2)4/h1-2H3,305.65,K
-1.258362753321246,ln(mPa*s),InChI=1S/C3H6O/c1-3(2)4/h1-2H3,306.15,K
-1.237869745993599,ln(mPa*s),InChI=1S/C3H6O/c1-3(2)4/h1-2H3,307.35,K
-1.2113900174241676,ln(mPa*s),InChI=1S/C3H6O/c1-3(2)4/h1-2H3,308.15,K
-1.2176069971752517,ln(mPa*s),InChI=1S/C3H6O/c1-3(2)4/h1-2H3,308.9833333333333,K
-1.2818491212697851,ln(mPa*s),InChI=1S/C3H6O/c1-3(2)4/h1-2H3,309.15,K
-1.2876055840022704,ln(mPa*s),InChI=1S/C3H6O/c1-3(2)4/h1-2H3,309.4,K
-1.2256660450007306,ln(mPa*s),InChI=1S/C3H6O/c1-3(2)4/h1-2H3,309.81666666666666,K
-1.3242166869808756,ln(mPa*s),InChI=1S/C3H6O/c1-3(2)4/h1-2H3,313.15,K
-1.3518477080968043,ln(mPa*s),InChI=1S/C3H6O/c1-3(2)4/h1-2H3,318.1,K
-1.3000395435044385,ln(mPa*s),InChI=1S/C3H6O/c1-3(2)4/h1-2H3,323.15,K
-1.197344248356904,ln(mPa*s),"InChI=1S/C3H6O/c1-3-2-4-3/h3H,2H2,1H3",298.0,K
0.0099013136480898,ln(mPa*s),"InChI=1S/C3H6O2/c1-2-3(4)5/h2H2,1H3,(H,4,5)",298.0,K
0.0138155105579642,ln(mPa*s),"InChI=1S/C3H6O2/c1-2-3(4)5/h2H2,1H3,(H,4,5)",298.15,K
-0.0515779060830666,ln(mPa*s),"InChI=1S/C3H6O2/c1-2-3(4)5/h2H2,1H3,(H,4,5)",303.15,K
-0.0801299612361927,ln(mPa*s),"InChI=1S/C3H6O2/c1-2-3(4)5/h2H2,1H3,(H,4,5)",305.65,K
-0.130326316263463,ln(mPa*s),"InChI=1S/C3H6O2/c1-2-3(4)5/h2H2,1H3,(H,4,5)",308.15,K
-0.1376945885610439,ln(mPa*s),"InChI=1S/C3H6O2/c1-2-3(4)5/h2H2,1H3,(H,4,5)",309.4,K
-0.1363130375052475,ln(mPa*s),"InChI=1S/C3H6O2/c1-2-3(4)5/h2H2,1H3,(H,4,5)",310.65,K
-0.1883514606069129,ln(mPa*s),"InChI=1S/C3H6O2/c1-2-3(4)5/h2H2,1H3,(H,4,5)",313.15,K
-0.2558172038316385,ln(mPa*s),"InChI=1S/C3H6O2/c1-2-3(4)5/h2H2,1H3,(H,4,5)",315.65,K
-0.2984150280520283,ln(mPa*s),"InChI=1S/C3H6O2/c1-2-3(4)5/h2H2,1H3,(H,4,5)",318.15,K
-0.527632742082372,ln(mPa*s),InChI=1S/C3H6O2/c1-2-5-3-4-1/h1-3H2,298.0,K
-0.780806605034281,ln(mPa*s),InChI=1S/C3H6O2/c1-2-5-3-4-1/h1-3H2,318.15,K
-0.967546256076098,ln(mPa*s),"InChI=1S/C3H6O2/c1-2-5-3-4/h3H,2H2,1H3",298.0,K
-0.9772171134666732,ln(mPa*s),InChI=1S/C3H6O2/c1-3(4)5-2/h1-2H3,295.65,K
-1.0112937798581398,ln(mPa*s),InChI=1S/C3H6O2/c1-3(4)5-2/h1-2H3,298.0,K
-1.002315290980308,ln(mPa*s),InChI=1S/C3H6O2/c1-3(4)5-2/h1-2H3,298.15,K
-1.0007034814152125,ln(mPa*s),InChI=1S/C3H6O2/c1-3(4)5-2/h1-2H3,303.15,K
-0.9746842698643796,ln(mPa*s),InChI=1S/C3H6O2/c1-3(4)5-2/h1-2H3,305.65,K
-1.092576626625675,ln(mPa*s),InChI=1S/C3H6O2/c1-3(4)5-2/h1-2H3,308.15,K
-1.124582559418292,ln(mPa*s),InChI=1S/C3H6O2/c1-3(4)5-2/h1-2H3,313.15,K
1.3262890135645704,ln(mPa*s),"InChI=1S/C3H6O2/c4-1-3-2-5-3/h3-4H,1-2H2",298.0,K
-0.481046775912137,ln(mPa*s),InChI=1S/C3H6O3/c1-5-3(4)6-2/h1-2H3,298.0,K
-0.5464034425674871,ln(mPa*s),InChI=1S/C3H6O3/c1-5-3(4)6-2/h1-2H3,298.15,K
-0.5698898105160264,ln(mPa*s),InChI=1S/C3H6O3/c1-5-3(4)6-2/h1-2H3,301.4833333333333,K
-0.5832448040553919,ln(mPa*s),InChI=1S/C3H6O3/c1-5-3(4)6-2/h1-2H3,301.9,K
-0.6870913917494232,ln(mPa*s),InChI=1S/C3H6O3/c1-5-3(4)6-2/h1-2H3,303.15,K
-0.6435725334918359,ln(mPa*s),InChI=1S/C3H6O3/c1-5-3(4)6-2/h1-2H3,306.15,K
-0.6691312280240698,ln(mPa*s),InChI=1S/C3H6O3/c1-5-3(4)6-2/h1-2H3,307.15,K
-0.6447238260383329,ln(mPa*s),InChI=1S/C3H6O3/c1-5-3(4)6-2/h1-2H3,308.15,K
-0.7174855149769447,ln(mPa*s),InChI=1S/C3H6O3/c1-5-3(4)6-2/h1-2H3,313.15,K
0.2949611504125373,ln(mPa*s),"InChI=1S/C3H6O3/c1-6-2-3(4)5/h2H2,1H3,(H,4,5)",298.0,K
-0.4973583800867139,ln(mPa*s),InChI=1S/C3H6S/c1-2-4-3-1/h1-3H2,298.0,K
-0.8300819260243535,ln(mPa*s),"InChI=1S/C3H7Br/c1-2-3-4/h2-3H2,1H3",308.15,K
-0.749491447769562,ln(mPa*s),"InChI=1S/C3H7Br/c1-3(2)4/h3H,1-2H3",298.0,K
-0.7856420337295684,ln(mPa*s),"InChI=1S/C3H7Br/c1-3(2)4/h3H,1-2H3",309.4,K
-1.0868201638931896,ln(mPa*s),"InChI=1S/C3H7Cl/c1-2-3-4/h2-3H2,1H3",298.0,K
-1.181456411215245,ln(mPa*s),"InChI=1S/C3H7Cl/c1-3(2)4/h3H,1-2H3",298.0,K
1.3813207972871282,ln(mPa*s),"InChI=1S/C3H7ClO/c1-3(5)2-4/h3,5H,2H2,1H3",298.0,K
4.859375580254634,ln(mPa*s),"InChI=1S/C3H7ClO2/c4-1-3(6)2-5/h3,5-6H,1-2H2",298.0,K
-0.0759853080688035,ln(mPa*s),"InChI=1S/C3H7ClO2S/c1-2-3-7(4,5)6/h2-3H2,1H3",298.0,K
-0.3446969884212086,ln(mPa*s),"InChI=1S/C3H7I/c1-2-3-4/h2-3H2,1H3",298.0,K
-0.4193007454342158,ln(mPa*s),"InChI=1S/C3H7I/c1-3(2)4/h3H,1-2H3",298.0,K
-0.9905721070060386,ln(mPa*s),"InChI=1S/C3H7N/c1-2-3-4/h2H,1,3-4H2",298.0,K
-0.7110382767165614,ln(mPa*s),"InChI=1S/C3H7N/c1-3-2-4-3/h3-4H,2H2,1H3",298.0,K
1.2131307421107016,ln(mPa*s),"InChI=1S/C3H7NO/c1-3(5)4-2/h1-2H3,(H,4,5)",298.0,K
-0.1984509387238383,ln(mPa*s),"InChI=1S/C3H7NO/c1-4(2)3-5/h3H,1-2H3",298.0,K
-0.2281861827157099,ln(mPa*s),"InChI=1S/C3H7NO/c1-4(2)3-5/h3H,1-2H3",298.15,K
-0.2461463464410635,ln(mPa*s),"InChI=1S/C3H7NO/c1-4(2)3-5/h3H,1-2H3",300.65,K
-0.2744681430848902,ln(mPa*s),"InChI=1S/C3H7NO/c1-4(2)3-5/h3H,1-2H3",303.0,K
-0.2645670271850159,ln(mPa*s),"InChI=1S/C3H7NO/c1-4(2)3-5/h3H,1-2H3",303.15,K
-0.2958821844497349,ln(mPa*s),"InChI=1S/C3H7NO/c1-4(2)3-5/h3H,1-2H3",305.12,K
-0.2892046876800521,ln(mPa*s),"InChI=1S/C3H7NO/c1-4(2)3-5/h3H,1-2H3",305.65,K
-0.3117700215913938,ln(mPa*s),"InChI=1S/C3H7NO/c1-4(2)3-5/h3H,1-2H3",306.43333333333334,K
-0.3126910556285914,ln(mPa*s),"InChI=1S/C3H7NO/c1-4(2)3-5/h3H,1-2H3",306.9,K
-0.3357169065585319,ln(mPa*s),"InChI=1S/C3H7NO/c1-4(2)3-5/h3H,1-2H3",308.0,K
-0.3361774235771307,ln(mPa*s),"InChI=1S/C3H7NO/c1-4(2)3-5/h3H,1-2H3",308.15,K
-0.2537448772479438,ln(mPa*s),"InChI=1S/C3H7NO/c1-4(2)3-5/h3H,1-2H3",308.9,K
-0.353446811774586,ln(mPa*s),"InChI=1S/C3H7NO/c1-4(2)3-5/h3H,1-2H3",310.65,K
-0.3697951659348437,ln(mPa*s),"InChI=1S/C3H7NO/c1-4(2)3-5/h3H,1-2H3",312.15,K
-0.4133140241924312,ln(mPa*s),"InChI=1S/C3H7NO/c1-4(2)3-5/h3H,1-2H3",313.15,K
-0.3990379966158682,ln(mPa*s),"InChI=1S/C3H7NO/c1-4(2)3-5/h3H,1-2H3",315.65,K
-0.4543000388477252,ln(mPa*s),"InChI=1S/C3H7NO/c1-4(2)3-5/h3H,1-2H3",318.0,K
-0.4540697803384258,ln(mPa*s),"InChI=1S/C3H7NO/c1-4(2)3-5/h3H,1-2H3",318.15,K
-0.4975886385960132,ln(mPa*s),"InChI=1S/C3H7NO/c1-4(2)3-5/h3H,1-2H3",323.15,K
-0.2308029655718929,ln(mPa*s),"InChI=1S/C3H7NO2/c1-2-3-4(5)6/h2-3H2,1H3",298.0,K
-0.2599618569990278,ln(mPa*s),"InChI=1S/C3H7NO2/c1-3(2)4(5)6/h3H,1-2H3",293.15,K
-0.346078539477005,ln(mPa*s),"InChI=1S/C3H7NO2/c1-3(2)4(5)6/h3H,1-2H3",298.0,K
-4.7914997641795845,ln(mPa*s),"InChI=1S/C3H8/c1-3-2/h3H2,1-2H3",298.0,K
0.7428139509998792,ln(mPa*s),"InChI=1S/C3H8O/c1-2-3-4/h4H,2-3H2,1H3",293.15,K
0.7096567256607649,ln(mPa*s),"InChI=1S/C3H8O/c1-2-3-4/h4H,2-3H2,1H3",295.65,K
0.7291585798370726,ln(mPa*s),"InChI=1S/C3H8O/c1-2-3-4/h4H,2-3H2,1H3",298.0,K
0.6560064929940036,ln(mPa*s),"InChI=1S/C3H8O/c1-2-3-4/h4H,2-3H2,1H3",298.15,K
0.6417304654174406,ln(mPa*s),"InChI=1S/C3H8O/c1-2-3-4/h4H,2-3H2,1H3",299.81666666666666,K
0.6170928049224044,ln(mPa*s),"InChI=1S/C3H8O/c1-2-3-4/h4H,2-3H2,1H3",300.4833333333333,K
0.6654470918752792,ln(mPa*s),"InChI=1S/C3H8O/c1-2-3-4/h4H,2-3H2,1H3",300.655,K
0.591303851880871,ln(mPa*s),"InChI=1S/C3H8O/c1-2-3-4/h4H,2-3H2,1H3",301.4833333333333,K
0.5484757691511817,ln(mPa*s),"InChI=1S/C3H8O/c1-2-3-4/h4H,2-3H2,1H3",303.15,K
0.509331822570283,ln(mPa*s),"InChI=1S/C3H8O/c1-2-3-4/h4H,2-3H2,1H3",304.4,K
0.4980491556146121,ln(mPa*s),"InChI=1S/C3H8O/c1-2-3-4/h4H,2-3H2,1H3",305.65,K
0.4955163120123186,ln(mPa*s),"InChI=1S/C3H8O/c1-2-3-4/h4H,2-3H2,1H3",306.15,K
0.4747930461753722,ln(mPa*s),"InChI=1S/C3H8O/c1-2-3-4/h4H,2-3H2,1H3",306.4833333333333,K
0.4575236579779169,ln(mPa*s),"InChI=1S/C3H8O/c1-2-3-4/h4H,2-3H2,1H3",306.9,K
0.4432476304013538,ln(mPa*s),"InChI=1S/C3H8O/c1-2-3-4/h4H,2-3H2,1H3",307.15,K
0.3845317105300057,ln(mPa*s),"InChI=1S/C3H8O/c1-2-3-4/h4H,2-3H2,1H3",308.0,K
0.4100904050622396,ln(mPa*s),"InChI=1S/C3H8O/c1-2-3-4/h4H,2-3H2,1H3",308.1,K
0.3428549203468134,ln(mPa*s),"InChI=1S/C3H8O/c1-2-3-4/h4H,2-3H2,1H3",308.15,K
0.4142350582296288,ln(mPa*s),"InChI=1S/C3H8O/c1-2-3-4/h4H,2-3H2,1H3",308.7416666666666,K
0.4239059156202038,ln(mPa*s),"InChI=1S/C3H8O/c1-2-3-4/h4H,2-3H2,1H3",308.9833333333333,K
0.3635781861837598,ln(mPa*s),"InChI=1S/C3H8O/c1-2-3-4/h4H,2-3H2,1H3",309.06,K
0.4082483369878443,ln(mPa*s),"InChI=1S/C3H8O/c1-2-3-4/h4H,2-3H2,1H3",309.4,K
0.3815383499091134,ln(mPa*s),"InChI=1S/C3H8O/c1-2-3-4/h4H,2-3H2,1H3",310.65,K
0.4128535071738324,ln(mPa*s),"InChI=1S/C3H8O/c1-2-3-4/h4H,2-3H2,1H3",311.2218181818182,K
0.3513744851908914,ln(mPa*s),"InChI=1S/C3H8O/c1-2-3-4/h4H,2-3H2,1H3",312.15,K
0.3433154373654122,ln(mPa*s),"InChI=1S/C3H8O/c1-2-3-4/h4H,2-3H2,1H3",313.0,K
0.3343353555027354,ln(mPa*s),"InChI=1S/C3H8O/c1-2-3-4/h4H,2-3H2,1H3",313.15,K
0.264106510166417,ln(mPa*s),"InChI=1S/C3H8O/c1-2-3-4/h4H,2-3H2,1H3",315.65,K
0.2127588625926498,ln(mPa*s),"InChI=1S/C3H8O/c1-2-3-4/h4H,2-3H2,1H3",318.15,K
0.1169713227240975,ln(mPa*s),"InChI=1S/C3H8O/c1-2-3-4/h4H,2-3H2,1H3",323.15,K
0.791628754971353,ln(mPa*s),"InChI=1S/C3H8O/c1-3(2)4/h3-4H,1-2H3",295.65,K
0.7079345988644065,ln(mPa*s),"InChI=1S/C3H8O/c1-3(2)4/h3-4H,1-2H3",298.0,K
0.7032094874003816,ln(mPa*s),"InChI=1S/C3H8O/c1-3(2)4/h3-4H,1-2H3",298.15,K
0.6801836364704411,ln(mPa*s),"InChI=1S/C3H8O/c1-3(2)4/h3-4H,1-2H3",299.81666666666666,K
0.6306780569710692,ln(mPa*s),"InChI=1S/C3H8O/c1-3(2)4/h3-4H,1-2H3",301.4833333333333,K
0.5811724774716972,ln(mPa*s),"InChI=1S/C3H8O/c1-3(2)4/h3-4H,1-2H3",303.15,K
0.4856151961124443,ln(mPa*s),"InChI=1S/C3H8O/c1-3(2)4/h3-4H,1-2H3",306.4833333333333,K
0.4681155494056895,ln(mPa*s),"InChI=1S/C3H8O/c1-3(2)4/h3-4H,1-2H3",306.9,K
0.4441686644385514,ln(mPa*s),"InChI=1S/C3H8O/c1-3(2)4/h3-4H,1-2H3",307.15,K
0.3177567428331783,ln(mPa*s),"InChI=1S/C3H8O/c1-3(2)4/h3-4H,1-2H3",308.05,K
0.451306678226833,ln(mPa*s),"InChI=1S/C3H8O/c1-3(2)4/h3-4H,1-2H3",308.15,K
0.4317347049363836,ln(mPa*s),"InChI=1S/C3H8O/c1-3(2)4/h3-4H,1-2H3",308.9833333333333,K
0.4050247178576526,ln(mPa*s),"InChI=1S/C3H8O/c1-3(2)4/h3-4H,1-2H3",309.4,K
0.3700254244441432,ln(mPa*s),"InChI=1S/C3H8O/c1-3(2)4/h3-4H,1-2H3",310.65,K
0.3368681991050289,ln(mPa*s),"InChI=1S/C3H8O/c1-3(2)4/h3-4H,1-2H3",312.15,K
0.2852902930219623,ln(mPa*s),"InChI=1S/C3H8O/c1-3(2)4/h3-4H,1-2H3",313.15,K
0.232791352901698,ln(mPa*s),"InChI=1S/C3H8O/c1-3(2)4/h3-4H,1-2H3",315.65,K
0.1524311331562058,ln(mPa*s),"InChI=1S/C3H8O/c1-3(2)4/h3-4H,1-2H3",318.15,K
0.6965319906306988,ln(mPa*s),"InChI=1S/C3H8O/c1-3(2)4/h3-4H,1-2H3",323.15,K
3.746580632577308,ln(mPa*s),"InChI=1S/C3H8O2/c1-3(5)2-4/h3-5H,2H2,1H3",298.0,K
3.763575334498768,ln(mPa*s),"InChI=1S/C3H8O2/c1-3(5)2-4/h3-5H,2H2,1H3",298.15,K
3.5075278721578305,ln(mPa*s),"InChI=1S/C3H8O2/c1-3(5)2-4/h3-5H,2H2,1H3",303.15,K
3.367760957013091,ln(mPa*s),"InChI=1S/C3H8O2/c1-3(5)2-4/h3-5H,2H2,1H3",305.65,K
3.2588486821144733,ln(mPa*s),"InChI=1S/C3H8O2/c1-3(5)2-4/h3-5H,2H2,1H3",308.15,K
3.108489875541962,ln(mPa*s),"InChI=1S/C3H8O2/c1-3(5)2-4/h3-5H,2H2,1H3",310.65,K
3.1151673723116446,ln(mPa*s),"InChI=1S/C3H8O2/c1-3(5)2-4/h3-5H,2H2,1H3",310.9857142857142,K
3.0529975748008056,ln(mPa*s),"InChI=1S/C3H8O2/c1-3(5)2-4/h3-5H,2H2,1H3",312.15,K
3.0688854119424644,ln(mPa*s),"InChI=1S/C3H8O2/c1-3(5)2-4/h3-5H,2H2,1H3",313.15,K
2.762411336064957,ln(mPa*s),"InChI=1S/C3H8O2/c1-3(5)2-4/h3-5H,2H2,1H3",318.15,K
-1.0822149937072014,ln(mPa*s),"InChI=1S/C3H8O2/c1-4-3-5-2/h3H2,1-2H3",298.0,K
-1.1906667515872211,ln(mPa*s),"InChI=1S/C3H8O2/c1-4-3-5-2/h3H2,1-2H3",303.1,K
0.4849244205845461,ln(mPa*s),"InChI=1S/C3H8O2/c1-5-3-2-4/h4H,2-3H2,1H3",295.65,K
0.4244208841707563,ln(mPa*s),"InChI=1S/C3H8O2/c1-5-3-2-4/h4H,2-3H2,1H3",298.0,K
0.4363398751223717,ln(mPa*s),"InChI=1S/C3H8O2/c1-5-3-2-4/h4H,2-3H2,1H3",298.15,K
0.3790055063068199,ln(mPa*s),"InChI=1S/C3H8O2/c1-5-3-2-4/h4H,2-3H2,1H3",300.65,K
0.4209125549993116,ln(mPa*s),"InChI=1S/C3H8O2/c1-5-3-2-4/h4H,2-3H2,1H3",303.15,K
0.3126910556285914,ln(mPa*s),"InChI=1S/C3H8O2/c1-5-3-2-4/h4H,2-3H2,1H3",304.81666666666666,K
0.3182172598517771,ln(mPa*s),"InChI=1S/C3H8O2/c1-5-3-2-4/h4H,2-3H2,1H3",305.65,K
0.2166732572507397,ln(mPa*s),"InChI=1S/C3H8O2/c1-5-3-2-4/h4H,2-3H2,1H3",308.15,K
0.209995760481057,ln(mPa*s),"InChI=1S/C3H8O2/c1-5-3-2-4/h4H,2-3H2,1H3",309.4,K
0.2694024558803033,ln(mPa*s),"InChI=1S/C3H8O2/c1-5-3-2-4/h4H,2-3H2,1H3",310.65,K
0.2567382378688361,ln(mPa*s),"InChI=1S/C3H8O2/c1-5-3-2-4/h4H,2-3H2,1H3",313.15,K
0.1059189142777261,ln(mPa*s),"InChI=1S/C3H8O2/c1-5-3-2-4/h4H,2-3H2,1H3",315.12,K
0.0481240284435755,ln(mPa*s),"InChI=1S/C3H8O2/c1-5-3-2-4/h4H,2-3H2,1H3",318.15,K
3.725693427236653,ln(mPa*s),"InChI=1S/C3H8O2/c4-2-1-3-5/h4-5H,1-3H2",298.0,K
3.7329509527619473,ln(mPa*s),"InChI=1S/C3H8O2/c4-2-1-3-5/h4-5H,1-3H2",298.15,K
3.5987102418403945,ln(mPa*s),"InChI=1S/C3H8O2/c4-2-1-3-5/h4-5H,1-3H2",300.65,K
3.4957846881835604,ln(mPa*s),"InChI=1S/C3H8O2/c4-2-1-3-5/h4-5H,1-3H2",303.15,K
3.4246348088100445,ln(mPa*s),"InChI=1S/C3H8O2/c4-2-1-3-5/h4-5H,1-3H2",305.65,K
3.301216247825564,ln(mPa*s),"InChI=1S/C3H8O2/c4-2-1-3-5/h4-5H,1-3H2",308.15,K
3.265526178884156,ln(mPa*s),"InChI=1S/C3H8O2/c4-2-1-3-5/h4-5H,1-3H2",309.15,K
3.2107246536708978,ln(mPa*s),"InChI=1S/C3H8O2/c4-2-1-3-5/h4-5H,1-3H2",310.65,K
2.9010269586631985,ln(mPa*s),"InChI=1S/C3H8O2/c4-2-1-3-5/h4-5H,1-3H2",318.15,K
6.824373670043086,ln(mPa*s),"InChI=1S/C3H8O3/c4-1-3(6)2-5/h3-6H,1-2H2",298.0,K
5.322425442455738,ln(mPa*s),"InChI=1S/C3H8O3/c4-1-3(6)2-5/h3-6H,1-2H2",318.0,K
5.304465278730384,ln(mPa*s),"InChI=1S/C3H8O3/c4-1-3(6)2-5/h3-6H,1-2H2",318.15,K
-0.9597174667599184,ln(mPa*s),"InChI=1S/C3H8S/c1-2-3-4/h4H,2-3H2,1H3",298.0,K
-1.0299463120962369,ln(mPa*s),"InChI=1S/C3H8S/c1-3(2)4/h3-4H,1-2H3",298.0,K
-1.0416894960705063,ln(mPa*s),"InChI=1S/C3H8S/c1-3-4-2/h3H2,1-2H3",298.0,K
-0.4646616717661985,ln(mPa*s),"InChI=1S/C3H8S2/c1-3-5-4-2/h3H2,1-2H3",298.0,K
-0.9804407325968648,ln(mPa*s),InChI=1S/C3H9BO3/c1-5-4(6-2)7-3/h1-3H3,298.0,K
-0.9901115899874398,ln(mPa*s),"InChI=1S/C3H9ClSi/c1-5(2,3)4/h1-3H3",298.0,K
-1.0485972513494886,ln(mPa*s),"InChI=1S/C3H9N/c1-2-3-4/h2-4H2,1H3",295.65,K
-1.025826618942462,ln(mPa*s),"InChI=1S/C3H9N/c1-2-3-4/h2-4H2,1H3",298.0,K
-1.0078414952034938,ln(mPa*s),"InChI=1S/C3H9N/c1-2-3-4/h2-4H2,1H3",298.15,K
-1.0589588842679616,ln(mPa*s),"InChI=1S/C3H9N/c1-2-3-4/h2-4H2,1H3",303.15,K
-1.1326416072437713,ln(mPa*s),"InChI=1S/C3H9N/c1-2-3-4/h2-4H2,1H3",308.15,K
-1.1637265059991908,ln(mPa*s),"InChI=1S/C3H9N/c1-2-3-4/h2-4H2,1H3",313.15,K
-1.2801341652915,ln(mPa*s),"InChI=1S/C3H9N/c1-3(2)4/h3H,4H2,1-2H3",298.0,K
3.1875915348284343,ln(mPa*s),"InChI=1S/C3H9NO/c1-2-3(4)5/h3,5H,2,4H2,1H3",298.0,K
3.13635115516719,ln(mPa*s),"InChI=1S/C3H9NO/c1-3(5)2-4/h3,5H,2,4H2,1H3",298.0,K
2.666854054705704,ln(mPa*s),"InChI=1S/C3H9NO/c1-3(5)2-4/h3,5H,2,4H2,1H3",308.15,K
2.6304732102363984,ln(mPa*s),"InChI=1S/C3H9NO/c1-3(5)2-4/h3,5H,2,4H2,1H3",308.9833333333333,K
2.71083342998189,ln(mPa*s),"InChI=1S/C3H9NO/c1-3(5)2-4/h3,5H,2,4H2,1H3",309.4,K
2.152917061949433,ln(mPa*s),"InChI=1S/C3H9NO/c1-3(5)2-4/h3,5H,2,4H2,1H3/t3-/m0/s1",318.15,K
1.982295506558574,ln(mPa*s),"InChI=1S/C3H9NO/c1-4-2-3-5/h4-5H,2-3H2,1H3",308.15,K
1.898020892154992,ln(mPa*s),"InChI=1S/C3H9NO/c1-4-2-3-5/h4-5H,2-3H2,1H3",310.65,K
1.7764443992449064,ln(mPa*s),"InChI=1S/C3H9NO/c1-4-2-3-5/h4-5H,2-3H2,1H3",313.15,K
1.5899350067123887,ln(mPa*s),"InChI=1S/C3H9NO/c1-4-2-3-5/h4-5H,2-3H2,1H3",318.15,K
3.006487603657732,ln(mPa*s),"InChI=1S/C3H9NO/c4-2-1-3-5/h5H,1-4H2",298.0,K
2.943394524374289,ln(mPa*s),"InChI=1S/C3H9NO/c4-2-1-3-5/h5H,1-4H2",308.15,K
2.7407670361908125,ln(mPa*s),"InChI=1S/C3H9NO/c4-2-1-3-5/h5H,1-4H2",313.15,K
2.5266266225423664,ln(mPa*s),"InChI=1S/C3H9NO/c4-2-1-3-5/h5H,1-4H2",318.15,K
0.3041714907845134,ln(mPa*s),"InChI=1S/C3H9O3P/c1-5-7(3,4)6-2/h1-3H3",307.15,K
0.6946899225563037,ln(mPa*s),"InChI=1S/C3H9O4P/c1-5-8(4,6-2)7-3/h1-3H3",298.0,K
-1.140470396559951,ln(mPa*s),"InChI=1S/C4Cl2F6/c5-1(7)2(6,8)4(11,12)3(1,9)10",298.0,K
1.217376738665952,ln(mPa*s),InChI=1S/C4Cl6/c5-1(3(7)8)2(6)4(9)10,298.0,K
-4.892852258439873,ln(mPa*s),"InChI=1S/C4H10/c1-3-4-2/h3-4H2,1-2H3",298.0,K
-1.4354846053106625,ln(mPa*s),"InChI=1S/C4H10/c1-4(2)3/h4H,1-3H3",298.0,K
-0.4552210728849228,ln(mPa*s),"InChI=1S/C4H10Cl2Si/c1-3-7(5,6)4-2/h3-4H2,1-2H3",298.0,K
1.0200451961963624,ln(mPa*s),"InChI=1S/C4H10O/c1-2-3-4-5/h5H,2-4H2,1H3",295.65,K
0.9388987668027172,ln(mPa*s),"InChI=1S/C4H10O/c1-2-3-4-5/h5H,2-4H2,1H3",298.0,K
0.9406060104880676,ln(mPa*s),"InChI=1S/C4H10O/c1-2-3-4-5/h5H,2-4H2,1H3",298.15,K
0.895245084156085,ln(mPa*s),"InChI=1S/C4H10O/c1-2-3-4-5/h5H,2-4H2,1H3",299.81666666666666,K
0.8678443215494559,ln(mPa*s),"InChI=1S/C4H10O/c1-2-3-4-5/h5H,2-4H2,1H3",301.4833333333333,K
0.7557084275206458,ln(mPa*s),"InChI=1S/C4H10O/c1-2-3-4-5/h5H,2-4H2,1H3",303.15,K
0.8328450281359464,ln(mPa*s),"InChI=1S/C4H10O/c1-2-3-4-5/h5H,2-4H2,1H3",303.16,K
0.7884051358411612,ln(mPa*s),"InChI=1S/C4H10O/c1-2-3-4-5/h5H,2-4H2,1H3",304.4,K
0.7423534339812804,ln(mPa*s),"InChI=1S/C4H10O/c1-2-3-4-5/h5H,2-4H2,1H3",305.5,K
0.7292286989512143,ln(mPa*s),"InChI=1S/C4H10O/c1-2-3-4-5/h5H,2-4H2,1H3",305.61249999999995,K
0.7580110126136399,ln(mPa*s),"InChI=1S/C4H10O/c1-2-3-4-5/h5H,2-4H2,1H3",305.65,K
0.7616951487624304,ln(mPa*s),"InChI=1S/C4H10O/c1-2-3-4-5/h5H,2-4H2,1H3",306.15,K
0.6785718269053453,ln(mPa*s),"InChI=1S/C4H10O/c1-2-3-4-5/h5H,2-4H2,1H3",306.4833333333333,K
0.6781113098867465,ln(mPa*s),"InChI=1S/C4H10O/c1-2-3-4-5/h5H,2-4H2,1H3",308.15,K
0.6877821672773216,ln(mPa*s),"InChI=1S/C4H10O/c1-2-3-4-5/h5H,2-4H2,1H3",308.9833333333333,K
0.6352832271570572,ln(mPa*s),"InChI=1S/C4H10O/c1-2-3-4-5/h5H,2-4H2,1H3",309.4,K
0.552620422318571,ln(mPa*s),"InChI=1S/C4H10O/c1-2-3-4-5/h5H,2-4H2,1H3",309.81666666666666,K
0.6216979751083924,ln(mPa*s),"InChI=1S/C4H10O/c1-2-3-4-5/h5H,2-4H2,1H3",310.5,K
0.5903828178436734,ln(mPa*s),"InChI=1S/C4H10O/c1-2-3-4-5/h5H,2-4H2,1H3",310.65,K
0.6334411590826621,ln(mPa*s),"InChI=1S/C4H10O/c1-2-3-4-5/h5H,2-4H2,1H3",311.15,K
0.58784997424138,ln(mPa*s),"InChI=1S/C4H10O/c1-2-3-4-5/h5H,2-4H2,1H3",311.65714285714284,K
0.5952182465389609,ln(mPa*s),"InChI=1S/C4H10O/c1-2-3-4-5/h5H,2-4H2,1H3",312.15,K
0.501963550272702,ln(mPa*s),"InChI=1S/C4H10O/c1-2-3-4-5/h5H,2-4H2,1H3",313.0,K
0.5643636062928407,ln(mPa*s),"InChI=1S/C4H10O/c1-2-3-4-5/h5H,2-4H2,1H3",313.15,K
0.5275222448049359,ln(mPa*s),"InChI=1S/C4H10O/c1-2-3-4-5/h5H,2-4H2,1H3",315.65,K
0.302789939728717,ln(mPa*s),"InChI=1S/C4H10O/c1-2-3-4-5/h5H,2-4H2,1H3",318.15,K
0.3499929341350949,ln(mPa*s),"InChI=1S/C4H10O/c1-2-3-4-5/h5H,2-4H2,1H3",323.15,K
1.1414405084741206,ln(mPa*s),"InChI=1S/C4H10O/c1-3-4(2)5/h4-5H,3H2,1-2H3",298.0,K
1.0992541233953574,ln(mPa*s),"InChI=1S/C4H10O/c1-3-4(2)5/h4-5H,3H2,1-2H3",298.15,K
1.0527419045168778,ln(mPa*s),"InChI=1S/C4H10O/c1-3-4(2)5/h4-5H,3H2,1-2H3",300.65,K
0.9797499570689664,ln(mPa*s),"InChI=1S/C4H10O/c1-3-4(2)5/h4-5H,3H2,1-2H3",301.9,K
1.0373145843938176,ln(mPa*s),"InChI=1S/C4H10O/c1-3-4(2)5/h4-5H,3H2,1-2H3",303.15,K
0.8558708790658868,ln(mPa*s),"InChI=1S/C4H10O/c1-3-4(2)5/h4-5H,3H2,1-2H3",304.81666666666666,K
0.8494236408055036,ln(mPa*s),"InChI=1S/C4H10O/c1-3-4(2)5/h4-5H,3H2,1-2H3",305.65,K
0.7738988497552989,ln(mPa*s),"InChI=1S/C4H10O/c1-3-4(2)5/h4-5H,3H2,1-2H3",307.50625,K
0.7720567816809035,ln(mPa*s),"InChI=1S/C4H10O/c1-3-4(2)5/h4-5H,3H2,1-2H3",308.15,K
0.6702825205705668,ln(mPa*s),"InChI=1S/C4H10O/c1-3-4(2)5/h4-5H,3H2,1-2H3",310.65,K
0.6069614305132305,ln(mPa*s),"InChI=1S/C4H10O/c1-3-4(2)5/h4-5H,3H2,1-2H3",313.15,K
0.4948255364844204,ln(mPa*s),"InChI=1S/C4H10O/c1-3-4(2)5/h4-5H,3H2,1-2H3",315.65,K
0.4402542697804616,ln(mPa*s),"InChI=1S/C4H10O/c1-3-4(2)5/h4-5H,3H2,1-2H3",318.15,K
-1.426681723619111,ln(mPa*s),"InChI=1S/C4H10O/c1-3-4-5-2/h3-4H2,1-2H3",298.0,K
-1.3863864844917149,ln(mPa*s),"InChI=1S/C4H10O/c1-3-5-4-2/h3-4H2,1-2H3",293.15,K
-1.437835890550658,ln(mPa*s),"InChI=1S/C4H10O/c1-3-5-4-2/h3-4H2,1-2H3",298.0,K
-1.398820443993883,ln(mPa*s),"InChI=1S/C4H10O/c1-3-5-4-2/h3-4H2,1-2H3",298.15,K
-1.5022065146693155,ln(mPa*s),"InChI=1S/C4H10O/c1-3-5-4-2/h3-4H2,1-2H3",300.655,K
-1.5005947051042197,ln(mPa*s),"InChI=1S/C4H10O/c1-3-5-4-2/h3-4H2,1-2H3",303.15,K
-1.5174035762830764,ln(mPa*s),"InChI=1S/C4H10O/c1-3-5-4-2/h3-4H2,1-2H3",303.16,K
1.2036121538141191,ln(mPa*s),"InChI=1S/C4H10O/c1-4(2)3-5/h4-5H,3H2,1-2H3",298.0,K
-1.723715200615343,ln(mPa*s),"InChI=1S/C4H10O/c1-4(2)5-3/h4H,1-3H3",298.0,K
1.4816045409242156,ln(mPa*s),"InChI=1S/C4H10O/c1-4(2,3)5/h5H,1-3H3",298.0,K
3.893210875234333,ln(mPa*s),"InChI=1S/C4H10O2/c1-2-4(6)3-5/h4-6H,2-3H2,1H3",298.0,K
3.5340076007272616,ln(mPa*s),"InChI=1S/C4H10O2/c1-2-4(6)3-5/h4-6H,2-3H2,1H3",305.65,K
3.1526995093274475,ln(mPa*s),"InChI=1S/C4H10O2/c1-2-4(6)3-5/h4-6H,2-3H2,1H3",312.15,K
0.7598530806880351,ln(mPa*s),"InChI=1S/C4H10O2/c1-2-6-4-3-5/h5H,2-4H2,1H3",293.15,K
0.5999342379952444,ln(mPa*s),"InChI=1S/C4H10O2/c1-2-6-4-3-5/h5H,2-4H2,1H3",298.0,K
0.6246913357292846,ln(mPa*s),"InChI=1S/C4H10O2/c1-2-6-4-3-5/h5H,2-4H2,1H3",298.15,K
0.5367325851769121,ln(mPa*s),"InChI=1S/C4H10O2/c1-2-6-4-3-5/h5H,2-4H2,1H3",303.15,K
0.4450896984757491,ln(mPa*s),"InChI=1S/C4H10O2/c1-2-6-4-3-5/h5H,2-4H2,1H3",305.65,K
0.4273597932596948,ln(mPa*s),"InChI=1S/C4H10O2/c1-2-6-4-3-5/h5H,2-4H2,1H3",306.4833333333333,K
0.3377892331422265,ln(mPa*s),"InChI=1S/C4H10O2/c1-2-6-4-3-5/h5H,2-4H2,1H3",308.15,K
0.3490719000978974,ln(mPa*s),"InChI=1S/C4H10O2/c1-2-6-4-3-5/h5H,2-4H2,1H3",310.65,K
0.3073951099147051,ln(mPa*s),"InChI=1S/C4H10O2/c1-2-6-4-3-5/h5H,2-4H2,1H3",313.15,K
0.2542053942665426,ln(mPa*s),"InChI=1S/C4H10O2/c1-2-6-4-3-5/h5H,2-4H2,1H3",315.12,K
3.677919169039389,ln(mPa*s),"InChI=1S/C4H10O2/c1-3(5)4(2)6/h3-6H,1-2H3",313.15,K
4.332774369486896,ln(mPa*s),"InChI=1S/C4H10O2/c1-4(2-5)3-6/h4-6H,2-3H2,1H3",298.0,K
1.1367862604111605,ln(mPa*s),"InChI=1S/C4H10O2/c1-4(3-5)6-2/h4-5H,3H2,1-2H3",298.0,K
0.5555821282698328,ln(mPa*s),"InChI=1S/C4H10O2/c1-4(5)3-6-2/h4-5H,3H2,1-2H3",298.0,K
0.5137067342469717,ln(mPa*s),"InChI=1S/C4H10O2/c1-4(5)3-6-2/h4-5H,3H2,1-2H3",298.15,K
0.2894349461893515,ln(mPa*s),"InChI=1S/C4H10O2/c1-4(5)3-6-2/h4-5H,3H2,1-2H3",308.15,K
0.1512798406097088,ln(mPa*s),"InChI=1S/C4H10O2/c1-4(5)3-6-2/h4-5H,3H2,1-2H3",310.65,K
0.0667749676968273,ln(mPa*s),"InChI=1S/C4H10O2/c1-4(5)3-6-2/h4-5H,3H2,1-2H3",318.15,K
4.57801446479601,ln(mPa*s),"InChI=1S/C4H10O2/c1-4(6)2-3-5/h4-6H,2-3H2,1H3",298.0,K
3.9698869588310335,ln(mPa*s),"InChI=1S/C4H10O2/c1-4(6)2-3-5/h4-6H,2-3H2,1H3",308.15,K
-0.894093791609588,ln(mPa*s),"InChI=1S/C4H10O2/c1-5-3-4-6-2/h3-4H2,1-2H3",298.15,K
-0.8040627144735208,ln(mPa*s),"InChI=1S/C4H10O2/c1-5-3-4-6-2/h3-4H2,1-2H3",303.15,K
-0.9843551272549546,ln(mPa*s),"InChI=1S/C4H10O2/c1-5-3-4-6-2/h3-4H2,1-2H3",310.625,K
-1.0568865576842672,ln(mPa*s),"InChI=1S/C4H10O2/c1-5-3-4-6-2/h3-4H2,1-2H3",313.15,K
-1.108003946748735,ln(mPa*s),"InChI=1S/C4H10O2/c1-5-3-4-6-2/h3-4H2,1-2H3",318.15,K
4.280824129164719,ln(mPa*s),"InChI=1S/C4H10O2/c5-3-1-2-4-6/h5-6H,1-4H2",298.0,K
4.129225847266222,ln(mPa*s),"InChI=1S/C4H10O2/c5-3-1-2-4-6/h5-6H,1-4H2",300.65,K
4.043339423297545,ln(mPa*s),"InChI=1S/C4H10O2/c5-3-1-2-4-6/h5-6H,1-4H2",303.15,K
3.914624916599177,ln(mPa*s),"InChI=1S/C4H10O2/c5-3-1-2-4-6/h5-6H,1-4H2",305.65,K
3.696339849783342,ln(mPa*s),"InChI=1S/C4H10O2/c5-3-1-2-4-6/h5-6H,1-4H2",310.65,K
3.976564455600717,ln(mPa*s),"InChI=1S/C4H10O2S/c5-1-3-7-4-2-6/h5-6H,1-4H2",298.0,K
-0.1204252003635886,ln(mPa*s),"InChI=1S/C4H10O3/c1-5-3-7-4-6-2/h3-4H2,1-2H3",303.15,K
3.358502298438226,ln(mPa*s),"InChI=1S/C4H10O3/c5-1-3-7-4-2-6/h5-6H,1-4H2",298.0,K
3.327465717885696,ln(mPa*s),"InChI=1S/C4H10O3/c5-1-3-7-4-2-6/h5-6H,1-4H2",298.1,K
3.381576467571056,ln(mPa*s),"InChI=1S/C4H10O3/c5-1-3-7-4-2-6/h5-6H,1-4H2",298.15,K
2.982538470955187,ln(mPa*s),"InChI=1S/C4H10O3/c5-1-3-7-4-2-6/h5-6H,1-4H2",305.65,K
2.948460211578876,ln(mPa*s),"InChI=1S/C4H10O3/c5-1-3-7-4-2-6/h5-6H,1-4H2",306.4833333333333,K
2.8671789577961864,ln(mPa*s),"InChI=1S/C4H10O3/c5-1-3-7-4-2-6/h5-6H,1-4H2",308.15,K
2.696327143896028,ln(mPa*s),"InChI=1S/C4H10O3/c5-1-3-7-4-2-6/h5-6H,1-4H2",313.15,K
-0.1756872425954457,ln(mPa*s),"InChI=1S/C4H10O3S/c1-3-6-8(5)7-4-2/h3-4H2,1-2H3",298.0,K
0.532127414990924,ln(mPa*s),"InChI=1S/C4H10OS/c1-3-6(5)4-2/h3-4H2,1-2H3",313.15,K
0.2548961697944409,ln(mPa*s),"InChI=1S/C4H10OS2/c6-3-1-5-2-4-7/h6-7H,1-4H2",298.0,K
-0.7414323999440828,ln(mPa*s),"InChI=1S/C4H10S/c1-2-3-4-5/h5H,2-4H2,1H3",298.0,K
-0.7352154201929988,ln(mPa*s),"InChI=1S/C4H10S/c1-3-4(2)5/h4-5H,3H2,1-2H3",298.0,K
-0.8307727015522518,ln(mPa*s),"InChI=1S/C4H10S/c1-3-4-5-2/h3-4H2,1-2H3",298.0,K
-0.861627341798372,ln(mPa*s),"InChI=1S/C4H10S/c1-3-5-4-2/h3-4H2,1-2H3",298.0,K
-0.749030930750963,ln(mPa*s),"InChI=1S/C4H10S/c1-4(2)3-5/h4-5H,3H2,1-2H3",298.0,K
-0.8443579536009167,ln(mPa*s),"InChI=1S/C4H10S/c1-4(2)5-3/h4H,1-3H3",298.0,K
-0.5362720681583133,ln(mPa*s),"InChI=1S/C4H10S/c1-4(2,3)5/h5H,1-3H3",298.0,K
-0.2180548083065361,ln(mPa*s),"InChI=1S/C4H10S2/c1-3-5-6-4-2/h3-4H2,1-2H3",298.0,K
-0.5551258826625707,ln(mPa*s),"InChI=1S/C4H11N/c1-2-3-4-5/h2-5H2,1H3",298.0,K
-0.7593925636694363,ln(mPa*s),"InChI=1S/C4H11N/c1-2-3-4-5/h2-5H2,1H3",298.15,K
-0.7407416244161845,ln(mPa*s),"InChI=1S/C4H11N/c1-2-3-4-5/h2-5H2,1H3",300.65,K
-0.8141940888826947,ln(mPa*s),"InChI=1S/C4H11N/c1-2-3-4-5/h2-5H2,1H3",303.15,K
-0.8731402672633422,ln(mPa*s),"InChI=1S/C4H11N/c1-2-3-4-5/h2-5H2,1H3",308.15,K
-0.854259069500791,ln(mPa*s),"InChI=1S/C4H11N/c1-2-3-4-5/h2-5H2,1H3",309.81666666666666,K
-0.90491594154666,ln(mPa*s),"InChI=1S/C4H11N/c1-2-3-4-5/h2-5H2,1H3",313.15,K
-0.6969925076492978,ln(mPa*s),"InChI=1S/C4H11N/c1-3-4(2)5/h4H,3,5H2,1-2H3",298.0,K
-0.9102118872605464,ln(mPa*s),"InChI=1S/C4H11N/c1-3-4(2)5/h4H,3,5H2,1-2H3",303.15,K
-0.917349901048828,ln(mPa*s),"InChI=1S/C4H11N/c1-3-4(2)5/h4H,3,5H2,1-2H3",308.15,K
-1.0283345025311408,ln(mPa*s),"InChI=1S/C4H11N/c1-3-4(2)5/h4H,3,5H2,1-2H3",310.65,K
-1.3280254529959148,ln(mPa*s),"InChI=1S/C4H11N/c1-3-5-4-2/h5H,3-4H2,1-2H3",298.0,K
-1.3281310816389655,ln(mPa*s),"InChI=1S/C4H11N/c1-3-5-4-2/h5H,3-4H2,1-2H3",298.15,K
-1.2263568205286288,ln(mPa*s),"InChI=1S/C4H11N/c1-3-5-4-2/h5H,3-4H2,1-2H3",301.4833333333333,K
-1.2629679235072342,ln(mPa*s),"InChI=1S/C4H11N/c1-3-5-4-2/h5H,3-4H2,1-2H3",303.15,K
-1.2963554073556478,ln(mPa*s),"InChI=1S/C4H11N/c1-3-5-4-2/h5H,3-4H2,1-2H3",305.65,K
-1.3235259114529776,ln(mPa*s),"InChI=1S/C4H11N/c1-3-5-4-2/h5H,3-4H2,1-2H3",308.0,K
-1.2929015297161568,ln(mPa*s),"InChI=1S/C4H11N/c1-3-5-4-2/h5H,3-4H2,1-2H3",308.15,K
-1.3009605775416355,ln(mPa*s),"InChI=1S/C4H11N/c1-3-5-4-2/h5H,3-4H2,1-2H3",308.9833333333333,K
-0.5744949807020144,ln(mPa*s),"InChI=1S/C4H11N/c1-4(2)3-5/h4H,3,5H2,1-2H3",298.15,K
-0.8232558659069656,ln(mPa*s),"InChI=1S/C4H11N/c1-4(2,3)5/h5H2,1-3H3",298.0,K
-0.8222531367081737,ln(mPa*s),"InChI=1S/C4H11N/c1-4(2,3)5/h5H2,1-3H3",298.15,K
-0.8112007282618023,ln(mPa*s),"InChI=1S/C4H11N/c1-4(2,3)5/h5H2,1-3H3",303.15,K
-0.9201130031604208,ln(mPa*s),"InChI=1S/C4H11N/c1-4(2,3)5/h5H2,1-3H3",304.5142857142857,K
-0.8853439682562106,ln(mPa*s),"InChI=1S/C4H11N/c1-4(2,3)5/h5H2,1-3H3",308.15,K
2.0258143648161617,ln(mPa*s),"InChI=1S/C4H11NO/c1-2-5-3-4-6/h5-6H,2-4H2,1H3",310.65,K
1.890192102838812,ln(mPa*s),"InChI=1S/C4H11NO/c1-2-5-3-4-6/h5-6H,2-4H2,1H3",313.15,K
1.6836502199972463,ln(mPa*s),"InChI=1S/C4H11NO/c1-2-5-3-4-6/h5-6H,2-4H2,1H3",318.15,K
-0.1731543989931522,ln(mPa*s),"InChI=1S/C4H11NO/c1-4(5)3-6-2/h4H,3,5H2,1-2H3",298.0,K
1.3297240096314962,ln(mPa*s),"InChI=1S/C4H11NO/c1-5(2)3-4-6/h6H,3-4H2,1-2H3",298.0,K
0.7923195304992512,ln(mPa*s),"InChI=1S/C4H11NO/c1-5(2)3-4-6/h6H,3-4H2,1-2H3",313.15,K
4.596190104125415,ln(mPa*s),"InChI=1S/C4H11NO2/c6-3-1-5-2-4-7/h5-7H,1-4H2",323.15,K
-0.3612756010907658,ln(mPa*s),"InChI=1S/C4H12N2/c1-6(2)4-3-5/h3-5H2,1-2H3",313.15,K
4.27336767408765,ln(mPa*s),"InChI=1S/C4H12N2O/c5-1-2-6-3-4-7/h6-7H,1-5H2",303.15,K
3.918309052747968,ln(mPa*s),"InChI=1S/C4H12N2O/c5-1-2-6-3-4-7/h6-7H,1-5H2",309.4,K
-1.0264924344567457,ln(mPa*s),"InChI=1S/C4H12O2Si/c1-5-7(3,4)6-2/h1-4H3",298.0,K
-0.5114041491539776,ln(mPa*s),"InChI=1S/C4H12O4Si/c1-5-9(6-2,7-3)8-4/h1-4H3",298.0,K
-1.4736544595161891,ln(mPa*s),"InChI=1S/C4H12Si/c1-5(2,3)4/h1-4H3",298.0,K
1.5381268421200227,ln(mPa*s),"InChI=1S/C4H13N3/c5-1-3-7-4-2-6/h7H,1-6H2",303.15,K
1.2615863724514378,ln(mPa*s),"InChI=1S/C4H13N3/c5-1-3-7-4-2-6/h7H,1-6H2",313.15,K
-0.8358383887568387,ln(mPa*s),"InChI=1S/C4H3F7O/c1-12-4(10,11)2(5,6)3(7,8)9/h1H3",298.0,K
-0.9917422846453392,ln(mPa*s),InChI=1S/C4H4O/c1-2-4-5-3-1/h1-4H,298.0,K
-0.4812402844357555,ln(mPa*s),InChI=1S/C4H4S/c1-2-4-5-3-1/h1-4H,298.0,K
-0.7359061957208971,ln(mPa*s),"InChI=1S/C4H5Cl/c1-3-4(2)5/h3H,1-2H2",298.0,K
-0.6889334598238186,ln(mPa*s),"InChI=1S/C4H5F5/c1-3(5,6)2-4(7,8)9/h2H2,1H3",298.0,K
-0.7041305214375793,ln(mPa*s),"InChI=1S/C4H5N/c1-2-3-4-5/h2-3H,1H3/b3-2+",298.0,K
-0.7032094874003816,ln(mPa*s),"InChI=1S/C4H5N/c1-2-3-4-5/h2-3H,1H3/b3-2-",298.0,K
-0.7039002629282799,ln(mPa*s),"InChI=1S/C4H5N/c1-2-3-4-5/h2H,1,3H2",298.0,K
0.194107923339398,ln(mPa*s),InChI=1S/C4H5N/c1-2-4-5-3-1/h1-5H,298.0,K
-1.019124162159165,ln(mPa*s),"InChI=1S/C4H5N/c1-4(2)3-5/h1H2,2H3",298.0,K
1.7257875271990375,ln(mPa*s),"InChI=1S/C4H5NO/c1-2-4(6)3-5/h2,4,6H,1H2",298.0,K
1.037544842903117,ln(mPa*s),"InChI=1S/C4H5NO2/c1-7-4(6)2-3-5/h2H2,1H3",298.0,K
-0.3990379966158682,ln(mPa*s),"InChI=1S/C4H5NS/c1-2-3-5-4-6/h2H,1,3H2",303.15,K
-0.5275222448049359,ln(mPa*s),"InChI=1S/C4H5NS/c1-2-3-5-4-6/h2H,1,3H2",310.65,K
-0.5242986256747443,ln(mPa*s),"InChI=1S/C4H5NS/c1-2-3-5-4-6/h2H,1,3H2",313.15,K
-1.566678897273149,ln(mPa*s),InChI=1S/C4H6/c1-3-4-2/h1-2H3,298.0,K
-0.1185831322891933,ln(mPa*s),"InChI=1S/C4H6Cl2/c1-2-4(6)3-5/h2,4H,1,3H2",298.0,K
-0.1174318397426963,ln(mPa*s),"InChI=1S/C4H6Cl2/c5-3-1-2-4-6/h1-2H,3-4H2/b2-1+",298.0,K
-0.1172015812333969,ln(mPa*s),"InChI=1S/C4H6Cl2/c5-3-1-2-4-6/h1-2H,3-4H2/b2-1-",298.0,K
0.3529862947559872,ln(mPa*s),"InChI=1S/C4H6N2/c1-6-3-2-5-4-6/h2-4H,1H3",308.15,K
-0.7464980871486696,ln(mPa*s),"InChI=1S/C4H6O/c1-2-3-4-5/h2-4H,1H3/b3-2+",298.0,K
-1.0283345025311408,ln(mPa*s),"InChI=1S/C4H6O/c1-2-3-4-5/h2-4H,1H3/b3-2-",298.0,K
-0.841134334470725,ln(mPa*s),"InChI=1S/C4H6O/c1-2-4-5-3-1/h1,3H,2,4H2",298.0,K
-1.1476084103482325,ln(mPa*s),"InChI=1S/C4H6O/c1-3-4(2)5/h3H,1H2,2H3",298.0,K
-1.6016781906866584,ln(mPa*s),"InChI=1S/C4H6O/c1-3-5-4-2/h3-4H,1-2H2",298.0,K
-1.4029650971612722,ln(mPa*s),InChI=1S/C4H6O/c1-4(2)3-5/h1-2H3,298.0,K
-0.8234044292546707,ln(mPa*s),"InChI=1S/C4H6O/c1-4(2)3-5/h3H,1H2,2H3",298.0,K
0.3453877639491068,ln(mPa*s),"InChI=1S/C4H6O2/c1-2-3-4(5)6/h2H,1,3H2,(H,5,6)",298.0,K
0.2366519013390019,ln(mPa*s),"InChI=1S/C4H6O2/c1-3(2)4(5)6/h1H2,2H3,(H,5,6)",298.0,K
-0.2862113270591599,ln(mPa*s),InChI=1S/C4H6O2/c1-3(5)4(2)6/h1-2H3,298.0,K
-0.7901310092667022,ln(mPa*s),"InChI=1S/C4H6O2/c1-3-4(5)6-2/h3H,1H2,2H3",298.0,K
-0.8710679406796477,ln(mPa*s),"InChI=1S/C4H6O2/c1-3-4(5)6-2/h3H,1H2,2H3",303.15,K
-0.9058369755838576,ln(mPa*s),"InChI=1S/C4H6O2/c1-3-4(5)6-2/h3H,1H2,2H3",305.65,K
-0.931625928625391,ln(mPa*s),"InChI=1S/C4H6O2/c1-3-4(5)6-2/h3H,1H2,2H3",307.15,K
-0.8793572470144262,ln(mPa*s),"InChI=1S/C4H6O2/c1-3-4(5)6-2/h3H,1H2,2H3",308.15,K
-0.9037646490001632,ln(mPa*s),"InChI=1S/C4H6O2/c1-3-6-4(2)5/h3H,1H2,2H3",298.0,K
-0.9889602974409428,ln(mPa*s),"InChI=1S/C4H6O2/c1-3-6-4(2)5/h3H,1H2,2H3",303.15,K
-0.9949470186827272,ln(mPa*s),"InChI=1S/C4H6O2/c1-3-6-4(2)5/h3H,1H2,2H3",308.15,K
1.1957389993988323,ln(mPa*s),"InChI=1S/C4H6O2/c5-4(6)3-1-2-3/h3H,1-2H2,(H,5,6)",298.0,K
0.5555553528654984,ln(mPa*s),InChI=1S/C4H6O2/c5-4-2-1-3-6-4/h1-3H2,298.0,K
0.5434100819465948,ln(mPa*s),InChI=1S/C4H6O2/c5-4-2-1-3-6-4/h1-3H2,298.15,K
0.5178513874143609,ln(mPa*s),InChI=1S/C4H6O2/c5-4-2-1-3-6-4/h1-3H2,300.65,K
0.5680477424416311,ln(mPa*s),InChI=1S/C4H6O2/c5-4-2-1-3-6-4/h1-3H2,303.15,K
0.3965051530135747,ln(mPa*s),InChI=1S/C4H6O2/c5-4-2-1-3-6-4/h1-3H2,308.15,K
0.3753213701580295,ln(mPa*s),InChI=1S/C4H6O2/c5-4-2-1-3-6-4/h1-3H2,309.4,K
0.3723280095371372,ln(mPa*s),InChI=1S/C4H6O2/c5-4-2-1-3-6-4/h1-3H2,309.81666666666666,K
0.332953804446939,ln(mPa*s),InChI=1S/C4H6O2/c5-4-2-1-3-6-4/h1-3H2,315.65,K
-0.1794237273827995,ln(mPa*s),InChI=1S/C4H6O3/c1-3(5)7-4(2)6/h1-2H3,298.0,K
-0.2694024558803033,ln(mPa*s),InChI=1S/C4H6O3/c1-3(5)7-4(2)6/h1-2H3,305.65,K
-0.4943650194658217,ln(mPa*s),InChI=1S/C4H6O3/c1-3(5)7-4(2)6/h1-2H3,323.15,K
0.924258901523332,ln(mPa*s),"InChI=1S/C4H6O3/c1-3-2-6-4(5)7-3/h3H,2H2,1H3",298.0,K
0.5447916330023913,ln(mPa*s),"InChI=1S/C4H6O3/c1-3-2-6-4(5)7-3/h3H,2H2,1H3",318.15,K
0.5210750065445526,ln(mPa*s),"InChI=1S/C4H6O3/c1-3-2-6-4(5)7-3/h3H,2H2,1H3",320.65,K
0.1043071047126302,ln(mPa*s),"InChI=1S/C4H7ClO2/c1-2-7-4(6)3-5/h2-3H2,1H3",298.0,K
0.0103616329184732,ln(mPa*s),"InChI=1S/C4H7ClO2/c1-2-7-4(6)3-5/h2-3H2,1H3",303.15,K
-0.0589461783806475,ln(mPa*s),"InChI=1S/C4H7ClO2/c1-2-7-4(6)3-5/h2-3H2,1H3",308.15,K
-0.6045870035804651,ln(mPa*s),"InChI=1S/C4H7N/c1-2-3-4-5/h2-3H2,1H3",298.0,K
-0.689163718333118,ln(mPa*s),"InChI=1S/C4H7N/c1-2-3-4-5/h2-3H2,1H3",298.15,K
-0.6438027920011352,ln(mPa*s),"InChI=1S/C4H7N/c1-2-3-4-5/h2-3H2,1H3",303.15,K
-0.8045232314921196,ln(mPa*s),"InChI=1S/C4H7N/c1-4(2)3-5/h4H,1-2H3",305.65,K
-0.3833804179835086,ln(mPa*s),"InChI=1S/C4H7NO/c1-6-4-2-3-5/h2,4H2,1H3",298.0,K
2.580216829592325,ln(mPa*s),"InChI=1S/C4H7NO/c6-4-2-1-3-5-4/h1-3H2,(H,5,6)",298.0,K
-4.875667433685772,ln(mPa*s),"InChI=1S/C4H8/c1-3-4-2/h3-4H,1-2H3/b4-3+",298.0,K
0.1763780181233439,ln(mPa*s),"InChI=1S/C4H8Cl2/c1-2-4(6)3-5/h4H,2-3H2,1H3",298.0,K
0.1754569840861463,ln(mPa*s),"InChI=1S/C4H8Cl2/c1-3(5)4(2)6/h3-4H,1-2H3",298.0,K
0.1593388884351879,ln(mPa*s),InChI=1S/C4H8Cl2/c5-3-1-2-4-6/h1-4H2,305.65,K
-0.7985076962177716,ln(mPa*s),"InChI=1S/C4H8O/c1-2-3-4-5/h4H,2-3H2,1H3",298.0,K
-0.90883033620475,ln(mPa*s),"InChI=1S/C4H8O/c1-2-3-4-5/h4H,2-3H2,1H3",298.1,K
-0.7112685352258608,ln(mPa*s),InChI=1S/C4H8O/c1-2-4-5-3-1/h1-4H2,293.15,K
-0.6973656765620023,ln(mPa*s),InChI=1S/C4H8O/c1-2-4-5-3-1/h1-4H2,298.0,K
-0.7112685352258608,ln(mPa*s),InChI=1S/C4H8O/c1-2-4-5-3-1/h1-4H2,298.15,K
-0.8224833952174733,ln(mPa*s),InChI=1S/C4H8O/c1-2-4-5-3-1/h1-4H2,303.0,K
-0.7644582508740233,ln(mPa*s),InChI=1S/C4H8O/c1-2-4-5-3-1/h1-4H2,303.15,K
-0.849653899314803,ln(mPa*s),InChI=1S/C4H8O/c1-2-4-5-3-1/h1-4H2,304.6666666666667,K
-0.8224833952174733,ln(mPa*s),InChI=1S/C4H8O/c1-2-4-5-3-1/h1-4H2,305.65,K
-0.8590944981960785,ln(mPa*s),InChI=1S/C4H8O/c1-2-4-5-3-1/h1-4H2,307.15,K
-0.9044554245280612,ln(mPa*s),InChI=1S/C4H8O/c1-2-4-5-3-1/h1-4H2,308.0,K
-0.882120349126019,ln(mPa*s),InChI=1S/C4H8O/c1-2-4-5-3-1/h1-4H2,308.05,K
-0.8742915598098392,ln(mPa*s),InChI=1S/C4H8O/c1-2-4-5-3-1/h1-4H2,308.15,K
-0.853107776954294,ln(mPa*s),InChI=1S/C4H8O/c1-2-4-5-3-1/h1-4H2,309.81666666666666,K
-0.853107776954294,ln(mPa*s),InChI=1S/C4H8O/c1-2-4-5-3-1/h1-4H2,311.15,K
-0.931625928625391,ln(mPa*s),InChI=1S/C4H8O/c1-2-4-5-3-1/h1-4H2,313.15,K
-0.9410665275066664,ln(mPa*s),InChI=1S/C4H8O/c1-2-4-5-3-1/h1-4H2,318.15,K
-0.9377729909459857,ln(mPa*s),"InChI=1S/C4H8O/c1-3-4(2)5/h3H2,1-2H3",298.0,K
-0.9781381475038708,ln(mPa*s),"InChI=1S/C4H8O/c1-3-4(2)5/h3H2,1-2H3",298.15,K
-0.9380731668857742,ln(mPa*s),"InChI=1S/C4H8O/c1-3-4(2)5/h3H2,1-2H3",298.43333333333334,K
-0.9878090048944456,ln(mPa*s),"InChI=1S/C4H8O/c1-3-4(2)5/h3H2,1-2H3",300.65,K
-0.9728422017899844,ln(mPa*s),"InChI=1S/C4H8O/c1-3-4(2)5/h3H2,1-2H3",303.15,K
-1.0225780397986557,ln(mPa*s),"InChI=1S/C4H8O/c1-3-4(2)5/h3H2,1-2H3",305.65,K
-1.0497485438959857,ln(mPa*s),"InChI=1S/C4H8O/c1-3-4(2)5/h3H2,1-2H3",307.35,K
-0.9090605947140492,ln(mPa*s),"InChI=1S/C4H8O/c1-3-4(2)5/h3H2,1-2H3",308.0,K
-1.018203128121967,ln(mPa*s),"InChI=1S/C4H8O/c1-3-4(2)5/h3H2,1-2H3",308.15,K
-1.0234990738358534,ln(mPa*s),"InChI=1S/C4H8O/c1-3-4(2)5/h3H2,1-2H3",308.9833333333333,K
-1.0541234555726742,ln(mPa*s),"InChI=1S/C4H8O/c1-3-4(2)5/h3H2,1-2H3",309.4642857142857,K
-1.0380053599217158,ln(mPa*s),"InChI=1S/C4H8O/c1-3-4(2)5/h3H2,1-2H3",310.65,K
-1.0815242181793034,ln(mPa*s),"InChI=1S/C4H8O/c1-3-4(2)5/h3H2,1-2H3",313.15,K
-1.0702415512236323,ln(mPa*s),"InChI=1S/C4H8O/c1-3-4(2)5/h3H2,1-2H3",318.0,K
-1.1515228050063224,ln(mPa*s),"InChI=1S/C4H8O/c1-3-4(2)5/h3H2,1-2H3",318.15,K
-1.1383980699762564,ln(mPa*s),"InChI=1S/C4H8O/c1-3-4(2)5/h3H2,1-2H3",323.15,K
-0.5355884768997202,ln(mPa*s),"InChI=1S/C4H8O/c1-4(2)3-5/h3-4H,1-2H3",298.0,K
0.6606116631799918,ln(mPa*s),"InChI=1S/C4H8O/c5-3-4-1-2-4/h4-5H,1-3H2",320.65,K
0.5754160147392121,ln(mPa*s),"InChI=1S/C4H8O2/c1-2-3-4(5)6/h2-3H2,1H3,(H,5,6)",293.15,K
0.4193106616452909,ln(mPa*s),"InChI=1S/C4H8O2/c1-2-3-4(5)6/h2-3H2,1H3,(H,5,6)",298.0,K
0.382459383946311,ln(mPa*s),"InChI=1S/C4H8O2/c1-2-3-4(5)6/h2-3H2,1H3,(H,5,6)",298.15,K
0.3414733692910169,ln(mPa*s),"InChI=1S/C4H8O2/c1-2-3-4(5)6/h2-3H2,1H3,(H,5,6)",303.15,K
0.1987130935253861,ln(mPa*s),"InChI=1S/C4H8O2/c1-2-3-4(5)6/h2-3H2,1H3,(H,5,6)",308.15,K
0.1480562214795171,ln(mPa*s),"InChI=1S/C4H8O2/c1-2-3-4(5)6/h2-3H2,1H3,(H,5,6)",310.65,K
0.0861166824779773,ln(mPa*s),"InChI=1S/C4H8O2/c1-2-3-4(5)6/h2-3H2,1H3,(H,5,6)",313.15,K
0.0271705040973297,ln(mPa*s),"InChI=1S/C4H8O2/c1-2-3-4(5)6/h2-3H2,1H3,(H,5,6)",315.65,K
-0.0449004093133839,ln(mPa*s),"InChI=1S/C4H8O2/c1-2-3-4(5)6/h2-3H2,1H3,(H,5,6)",318.15,K
-0.0115129254649702,ln(mPa*s),"InChI=1S/C4H8O2/c1-2-3-4(5)6/h2-3H2,1H3,(H,5,6)",323.15,K
-0.7195578415606394,ln(mPa*s),"InChI=1S/C4H8O2/c1-2-3-6-4-5/h4H,2-3H2,1H3",298.0,K
-0.7890959113690595,ln(mPa*s),"InChI=1S/C4H8O2/c1-2-3-6-4-5/h4H,2-3H2,1H3",308.15,K
0.3720977510278378,ln(mPa*s),InChI=1S/C4H8O2/c1-2-5-4-6-3-1/h1-4H2,298.0,K
-0.1680887117885653,ln(mPa*s),InChI=1S/C4H8O2/c1-2-5-4-6-3-1/h1-4H2,313.15,K
0.1823215567939546,ln(mPa*s),InChI=1S/C4H8O2/c1-2-6-4-3-5-1/h1-4H2,298.0,K
0.0080590478254791,ln(mPa*s),InChI=1S/C4H8O2/c1-2-6-4-3-5-1/h1-4H2,308.15,K
-0.0225653339113416,ln(mPa*s),InChI=1S/C4H8O2/c1-2-6-4-3-5-1/h1-4H2,310.65,K
-0.0713801378828154,ln(mPa*s),InChI=1S/C4H8O2/c1-2-6-4-3-5-1/h1-4H2,312.6045454545454,K
-0.0628605730387374,ln(mPa*s),InChI=1S/C4H8O2/c1-2-6-4-3-5-1/h1-4H2,313.15,K
-0.0826628048384862,ln(mPa*s),InChI=1S/C4H8O2/c1-2-6-4-3-5-1/h1-4H2,314.81666666666666,K
-0.1061491727870255,ln(mPa*s),InChI=1S/C4H8O2/c1-2-6-4-3-5-1/h1-4H2,315.65,K
-0.1153595131590017,ln(mPa*s),InChI=1S/C4H8O2/c1-2-6-4-3-5-1/h1-4H2,316.45,K
-0.1427602757656308,ln(mPa*s),InChI=1S/C4H8O2/c1-2-6-4-3-5-1/h1-4H2,318.1,K
0.1842068074395236,ln(mPa*s),"InChI=1S/C4H8O2/c1-3(2)4(5)6/h3H,1-2H3,(H,5,6)",298.0,K
0.113287186575307,ln(mPa*s),"InChI=1S/C4H8O2/c1-3(2)4(5)6/h3H,1-2H3,(H,5,6)",303.15,K
0.0552620422318571,ln(mPa*s),"InChI=1S/C4H8O2/c1-3(2)4(5)6/h3H,1-2H3,(H,5,6)",308.0071428571428,K
-0.7300212115591745,ln(mPa*s),"InChI=1S/C4H8O2/c1-3-4(5)6-2/h3H2,1-2H3",298.0,K
-0.8236346877639703,ln(mPa*s),"InChI=1S/C4H8O2/c1-3-6-4(2)5/h3H2,1-2H3",295.65,K
-0.8277793409313595,ln(mPa*s),"InChI=1S/C4H8O2/c1-3-6-4(2)5/h3H2,1-2H3",296.0,K
-0.8561697921718281,ln(mPa*s),"InChI=1S/C4H8O2/c1-3-6-4(2)5/h3H2,1-2H3",298.0,K
-0.8533380354635933,ln(mPa*s),"InChI=1S/C4H8O2/c1-3-6-4(2)5/h3H2,1-2H3",298.15,K
-0.8540288109914916,ln(mPa*s),"InChI=1S/C4H8O2/c1-3-6-4(2)5/h3H2,1-2H3",300.65,K
-0.8848834512376118,ln(mPa*s),"InChI=1S/C4H8O2/c1-3-6-4(2)5/h3H2,1-2H3",301.9,K
-0.8643904439099649,ln(mPa*s),"InChI=1S/C4H8O2/c1-3-6-4(2)5/h3H2,1-2H3",303.15,K
-0.8726797502447434,ln(mPa*s),"InChI=1S/C4H8O2/c1-3-6-4(2)5/h3H2,1-2H3",304.71666666666664,K
-0.9406060104880676,ln(mPa*s),"InChI=1S/C4H8O2/c1-3-6-4(2)5/h3H2,1-2H3",305.65,K
-0.8915609480072946,ln(mPa*s),"InChI=1S/C4H8O2/c1-3-6-4(2)5/h3H2,1-2H3",308.0,K
-0.9141262819186364,ln(mPa*s),"InChI=1S/C4H8O2/c1-3-6-4(2)5/h3H2,1-2H3",308.15,K
-0.9495860923507444,ln(mPa*s),"InChI=1S/C4H8O2/c1-3-6-4(2)5/h3H2,1-2H3",310.65,K
-0.9650134124738046,ln(mPa*s),"InChI=1S/C4H8O2/c1-3-6-4(2)5/h3H2,1-2H3",312.15,K
-1.015900543028973,ln(mPa*s),"InChI=1S/C4H8O2/c1-3-6-4(2)5/h3H2,1-2H3",313.15,K
-1.0822149937072014,ln(mPa*s),"InChI=1S/C4H8O2/c1-4(2)6-3-5/h3-4H,1-2H3",298.0,K
1.454543003244339,ln(mPa*s),"InChI=1S/C4H8O2/c1-4(2-5)3-6/h2,4,6H,3H2,1H3",298.0,K
-0.6244610772199852,ln(mPa*s),"InChI=1S/C4H8O2/c1-4(5)3-6-2/h3H2,1-2H3",298.0,K
1.437043356537584,ln(mPa*s),"InChI=1S/C4H8O2/c1-4(6)2-3-5/h3-4,6H,2H2,1H3",298.0,K
1.7098996900573786,ln(mPa*s),"InChI=1S/C4H8O2/c5-3-1-2-4-6/h3,6H,1-2,4H2",298.0,K
0.1731543989931522,ln(mPa*s),"InChI=1S/C4H8O2S/c1-6-4(5)2-3-7/h7H,2-3H2,1H3",298.0,K
1.0829057692350998,ln(mPa*s),"InChI=1S/C4H8O3/c1-3(5)4(6)7-2/h3,5H,1-2H3",298.0,K
-0.6092640156062246,ln(mPa*s),"InChI=1S/C4H8OS/c1-3-6-4(2)5/h3H2,1-2H3",298.0,K
-0.0271705040973297,ln(mPa*s),InChI=1S/C4H8S/c1-2-4-5-3-1/h1-4H2,298.0,K
-0.6472566696406263,ln(mPa*s),"InChI=1S/C4H9Br/c1-2-3-4-5/h2-4H2,1H3",308.15,K
-0.5866986816948829,ln(mPa*s),"InChI=1S/C4H9Br/c1-3-4(2)5/h4H,3H2,1-2H3",298.0,K
-0.9074487851489536,ln(mPa*s),"InChI=1S/C4H9Cl/c1-2-3-4-5/h2-4H2,1H3",303.15,K
-0.9753750453922778,ln(mPa*s),"InChI=1S/C4H9Cl/c1-2-3-4-5/h2-4H2,1H3",311.9,K
-0.9442901466368584,ln(mPa*s),"InChI=1S/C4H9Cl/c1-3-4(2)5/h4H,3H2,1-2H3",298.0,K
-0.9689278071318944,ln(mPa*s),"InChI=1S/C4H9Cl/c1-3-4(2)5/h4H,3H2,1-2H3",303.15,K
-0.8892583629143005,ln(mPa*s),"InChI=1S/C4H9Cl/c1-4(2)3-5/h4H,3H2,1-2H3",303.15,K
-0.75409661795555,ln(mPa*s),"InChI=1S/C4H9Cl/c1-4(2,3)5/h1-3H3",298.0,K
-0.8056745240386166,ln(mPa*s),"InChI=1S/C4H9Cl/c1-4(2,3)5/h1-3H3",303.15,K
-0.1904237871906076,ln(mPa*s),"InChI=1S/C4H9I/c1-2-3-4-5/h2-4H2,1H3",298.0,K
0.4386424602153657,ln(mPa*s),"InChI=1S/C4H9N/c1-2-4-5-3-1/h5H,1-4H2",293.15,K
-0.2470853021620521,ln(mPa*s),"InChI=1S/C4H9N/c1-2-4-5-3-1/h5H,1-4H2",298.0,K
1.312473503006606,ln(mPa*s),"InChI=1S/C4H9NO/c1-3-4(2)5-6/h6H,3H2,1-2H3/b5-4+",300.65,K
0.8020015854720274,ln(mPa*s),"InChI=1S/C4H9NO/c1-3-6-4-2-5-1/h5H,1-4H2",298.0,K
-0.0618754037180875,ln(mPa*s),InChI=1S/C4H9NO/c1-4(6)5(2)3/h1-3H3,298.0,K
-0.0566435932876535,ln(mPa*s),InChI=1S/C4H9NO/c1-4(6)5(2)3/h1-3H3,298.15,K
-0.0796694442175939,ln(mPa*s),InChI=1S/C4H9NO/c1-4(6)5(2)3/h1-3H3,298.155,K
-0.1312473503006606,ln(mPa*s),InChI=1S/C4H9NO/c1-4(6)5(2)3/h1-3H3,303.15,K
-0.1533521671934034,ln(mPa*s),InChI=1S/C4H9NO/c1-4(6)5(2)3/h1-3H3,305.65,K
-0.1814437053279308,ln(mPa*s),InChI=1S/C4H9NO/c1-4(6)5(2)3/h1-3H3,306.4833333333333,K
0.0458214433505815,ln(mPa*s),InChI=1S/C4H9NO/c1-4(6)5(2)3/h1-3H3,308.15,K
-0.2116075700461528,ln(mPa*s),InChI=1S/C4H9NO/c1-4(6)5(2)3/h1-3H3,309.4,K
-0.2599618569990278,ln(mPa*s),InChI=1S/C4H9NO/c1-4(6)5(2)3/h1-3H3,313.15,K
-0.3423944033282146,ln(mPa*s),InChI=1S/C4H9NO/c1-4(6)5(2)3/h1-3H3,318.15,K
-0.0501963550272702,ln(mPa*s),"InChI=1S/C4H9NO2/c1-2-3-4-5(6)7/h2-4H2,1H3",298.0,K
0.481470542945055,ln(mPa*s),"InChI=1S/C4HF7O2/c5-2(6,1(12)13)3(7,8)4(9,10)11/h(H,12,13)",298.0,K
2.9399406467347977,ln(mPa*s),"InChI=1S/C57H92O6/c1-4-7-10-13-16-19-22-25-28-31-34-37-40-43-46-49-55(58)61-52-54(63-57(60)51-48-45-42-39-36-33-30-27-24-21-18-15-12-9-6-3)53-62-56(59)50-47-44-41-38-35-32-29-26-23-20-17-14-11-8-5-2/h7-12,16-21,25-30,54H,4-6,13-15,22-24,31-53H2,1-3H3/b10-7-,11-8-,12-9-,19-16-,20-17-,21-18-,28-25-,29-26-,30-27-",298.0,K
1.9279544983639147,ln(mPa*s),"InChI=1S/C5Cl6/c6-1-2(7)4(9)5(10,11)3(1)8",298.0,K
-0.7658398019298197,ln(mPa*s),"InChI=1S/C5F12/c6-1(7,2(8,9)4(12,13)14)3(10,11)5(15,16)17",298.0,K
-0.8843076860211043,ln(mPa*s),InChI=1S/C5H10/c1-2-4-5-3-1/h1-5H2,298.0,K
-1.0555050066284706,ln(mPa*s),InChI=1S/C5H10/c1-2-4-5-3-1/h1-5H2,313.15,K
-1.5464161484548011,ln(mPa*s),"InChI=1S/C5H10/c1-3-5-4-2/h3,5H,4H2,1-2H3/b5-3+",298.0,K
-1.5726656185149337,ln(mPa*s),"InChI=1S/C5H10/c1-3-5-4-2/h3,5H,4H2,1-2H3/b5-3-",298.0,K
-1.6094379124341005,ln(mPa*s),"InChI=1S/C5H10/c1-3-5-4-2/h3H,1,4-5H2,2H3",298.0,K
-1.582106217396209,ln(mPa*s),"InChI=1S/C5H10/c1-4-5(2)3/h4H,1-3H3",298.0,K
0.462128828163905,ln(mPa*s),InChI=1S/C5H10Cl2/c6-4-2-1-3-5-7/h1-5H2,298.0,K
0.6023562603272424,ln(mPa*s),InChI=1S/C5H10Cl2O2/c6-1-3-8-5-9-4-2-7/h1-5H2,298.0,K
-0.616186139423817,ln(mPa*s),"InChI=1S/C5H10O/c1-2-3-4-5-6/h5H,2-4H2,1H3",298.0,K
-0.4948255364844204,ln(mPa*s),InChI=1S/C5H10O/c1-2-4-6-5-3-1/h1-5H2,318.15,K
-0.7485000228566345,ln(mPa*s),"InChI=1S/C5H10O/c1-3-4-5(2)6/h3-4H2,1-2H3",298.0,K
-0.7568597200671429,ln(mPa*s),"InChI=1S/C5H10O/c1-3-4-5(2)6/h3-4H2,1-2H3",298.15,K
-0.7925497890085507,ln(mPa*s),"InChI=1S/C5H10O/c1-3-4-5(2)6/h3-4H2,1-2H3",303.15,K
-0.8475815727311082,ln(mPa*s),"InChI=1S/C5H10O/c1-3-4-5(2)6/h3-4H2,1-2H3",305.65,K
-0.9313956701160916,ln(mPa*s),"InChI=1S/C5H10O/c1-3-4-5(2)6/h3-4H2,1-2H3",308.15,K
-0.9023830979443668,ln(mPa*s),"InChI=1S/C5H10O/c1-3-4-5(2)6/h3-4H2,1-2H3",310.65,K
-0.6781113098867465,ln(mPa*s),"InChI=1S/C5H10O/c1-3-5(2)4-6/h4-5H,3H2,1-2H3",298.0,K
-0.8119307165499123,ln(mPa*s),"InChI=1S/C5H10O/c1-3-5(6)4-2/h3-4H2,1-2H3",298.0,K
-0.8600155322332761,ln(mPa*s),"InChI=1S/C5H10O/c1-3-5(6)4-2/h3-4H2,1-2H3",303.15,K
-0.8938635331002885,ln(mPa*s),"InChI=1S/C5H10O/c1-3-5(6)4-2/h3-4H2,1-2H3",305.65,K
-0.918040676576726,ln(mPa*s),"InChI=1S/C5H10O/c1-3-5(6)4-2/h3-4H2,1-2H3",308.15,K
-0.6267636623129793,ln(mPa*s),"InChI=1S/C5H10O/c1-4(2)5(3)6/h4H,1-3H3",298.0,K
-0.612948151755015,ln(mPa*s),"InChI=1S/C5H10O/c1-5(2)3-4-6/h4-5H,3H2,1-2H3",298.0,K
-0.7505723494403291,ln(mPa*s),"InChI=1S/C5H10O/c1-5-3-2-4-6-5/h5H,2-4H2,1H3",298.0,K
-0.7437349850370768,ln(mPa*s),"InChI=1S/C5H10O/c1-5-3-2-4-6-5/h5H,2-4H2,1H3",298.15,K
1.912066661222256,ln(mPa*s),"InChI=1S/C5H10O/c6-5-3-1-2-4-5/h5-6H,1-4H2",308.15,K
1.8759160752622488,ln(mPa*s),"InChI=1S/C5H10O/c6-5-3-1-2-4-5/h5-6H,1-4H2",310.65,K
1.5830272514334065,ln(mPa*s),"InChI=1S/C5H10O/c6-5-3-1-2-4-5/h5-6H,1-4H2",318.16,K
0.6907755278982137,ln(mPa*s),"InChI=1S/C5H10O2/c1-2-3-4-5(6)7/h2-4H2,1H3,(H,6,7)",298.0,K
0.6781113098867465,ln(mPa*s),"InChI=1S/C5H10O2/c1-2-3-4-5(6)7/h2-4H2,1H3,(H,6,7)",298.15,K
-0.4381819431967669,ln(mPa*s),"InChI=1S/C5H10O2/c1-2-3-4-7-5-6/h5H,2-4H2,1H3",298.0,K
-0.6083559161257959,ln(mPa*s),"InChI=1S/C5H10O2/c1-3-4-5(6)7-2/h3-4H2,1-2H3",298.0,K
-0.5995944249849339,ln(mPa*s),"InChI=1S/C5H10O2/c1-3-4-7-5(2)6/h3-4H2,1-2H3",298.0,K
-0.6454146015662311,ln(mPa*s),"InChI=1S/C5H10O2/c1-3-4-7-5(2)6/h3-4H2,1-2H3",303.15,K
-0.6836375141099322,ln(mPa*s),"InChI=1S/C5H10O2/c1-3-4-7-5(2)6/h3-4H2,1-2H3",305.65,K
-0.7117290522444596,ln(mPa*s),"InChI=1S/C5H10O2/c1-3-4-7-5(2)6/h3-4H2,1-2H3",308.15,K
-0.6919268204447108,ln(mPa*s),"InChI=1S/C5H10O2/c1-3-5(2)7-4-6/h4-5H,3H2,1-2H3",298.0,K
-0.6202383149671049,ln(mPa*s),"InChI=1S/C5H10O2/c1-3-5(6)7-4-2/h3-4H2,1-2H3",298.0,K
-0.7271563723675197,ln(mPa*s),"InChI=1S/C5H10O2/c1-3-5(6)7-4-2/h3-4H2,1-2H3",303.15,K
0.6907755278982137,ln(mPa*s),"InChI=1S/C5H10O2/c1-4(2)3-5(6)7/h4H,3H2,1-2H3,(H,6,7)",298.0,K
0.513936992756271,ln(mPa*s),"InChI=1S/C5H10O2/c1-4(2)3-5(6)7/h4H,3H2,1-2H3,(H,6,7)",313.15,K
-0.7163342224304476,ln(mPa*s),"InChI=1S/C5H10O2/c1-4(2)5(6)7-3/h4H,1-3H3",298.0,K
-0.73660148428275,ln(mPa*s),"InChI=1S/C5H10O2/c1-4(2)7-5(3)6/h4H,1-3H3",298.0,K
-0.8386014908684316,ln(mPa*s),"InChI=1S/C5H10O2/c1-4(2)7-5(3)6/h4H,1-3H3",308.15,K
-0.4828520940008514,ln(mPa*s),"InChI=1S/C5H10O2/c1-5(2)3-7-4-6/h4-5H,3H2,1-2H3",298.0,K
0.8068258165851137,ln(mPa*s),"InChI=1S/C5H10O2/c1-5(2,3)4(6)7/h1-3H3,(H,6,7)",318.15,K
-0.7669910944763167,ln(mPa*s),"InChI=1S/C5H10O2/c1-5(2,3)7-4-6/h4H,1-3H3",298.0,K
1.7474140852894169,ln(mPa*s),"InChI=1S/C5H10O2/c6-4-5-2-1-3-7-5/h5-6H,1-4H2",298.0,K
-0.2773511183519869,ln(mPa*s),"InChI=1S/C5H10O3/c1-3-7-5(6)8-4-2/h3-4H2,1-2H3",298.0,K
-0.3011781301636212,ln(mPa*s),"InChI=1S/C5H10O3/c1-3-7-5(6)8-4-2/h3-4H2,1-2H3",298.15,K
-0.330651219353945,ln(mPa*s),"InChI=1S/C5H10O3/c1-3-7-5(6)8-4-2/h3-4H2,1-2H3",301.4833333333333,K
-0.3373287161236277,ln(mPa*s),"InChI=1S/C5H10O3/c1-3-7-5(6)8-4-2/h3-4H2,1-2H3",301.9,K
-0.3506837096629931,ln(mPa*s),"InChI=1S/C5H10O3/c1-3-7-5(6)8-4-2/h3-4H2,1-2H3",303.15,K
-0.3672623223325503,ln(mPa*s),"InChI=1S/C5H10O3/c1-3-7-5(6)8-4-2/h3-4H2,1-2H3",304.4,K
-0.4038734253111556,ln(mPa*s),"InChI=1S/C5H10O3/c1-3-7-5(6)8-4-2/h3-4H2,1-2H3",306.9,K
-0.4186099699063175,ln(mPa*s),"InChI=1S/C5H10O3/c1-3-7-5(6)8-4-2/h3-4H2,1-2H3",308.15,K
-0.4414055623269586,ln(mPa*s),"InChI=1S/C5H10O3/c1-3-7-5(6)8-4-2/h3-4H2,1-2H3",309.4,K
-0.4812402844357555,ln(mPa*s),"InChI=1S/C5H10O3/c1-3-7-5(6)8-4-2/h3-4H2,1-2H3",313.15,K
0.8643904439099649,ln(mPa*s),"InChI=1S/C5H10O3/c1-3-8-5(7)4(2)6/h4,6H,3H2,1-2H3",298.0,K
0.6327503835547638,ln(mPa*s),"InChI=1S/C5H10O3/c1-3-8-5(7)4(2)6/h4,6H,3H2,1-2H3",308.15,K
0.595909022066859,ln(mPa*s),"InChI=1S/C5H10O3/c1-3-8-5(7)4(2)6/h4,6H,3H2,1-2H3",309.81666666666666,K
0.4559118484128211,ln(mPa*s),"InChI=1S/C5H10O3/c1-3-8-5(7)4(2)6/h4,6H,3H2,1-2H3",315.65,K
0.4015708402181616,ln(mPa*s),"InChI=1S/C5H10O3/c1-3-8-5(7)4(2)6/h4,6H,3H2,1-2H3",318.15,K
-0.6233097846734882,ln(mPa*s),"InChI=1S/C5H10S/c1-5-3-2-4-6-5/h5H,2-4H2,1H3",298.0,K
-0.4294321198433896,ln(mPa*s),"InChI=1S/C5H11Br/c1-2-3-4-5-6/h2-5H2,1H3",308.15,K
-0.1975618009788891,ln(mPa*s),"InChI=1S/C5H11N/c1-2-4-6-5-3-1/h6H,1-5H2",293.15,K
0.3212106204726694,ln(mPa*s),"InChI=1S/C5H11N/c1-2-4-6-5-3-1/h6H,1-5H2",298.0,K
0.190654045699907,ln(mPa*s),"InChI=1S/C5H11N/c1-2-4-6-5-3-1/h6H,1-5H2",303.15,K
-0.0041446531673892,ln(mPa*s),"InChI=1S/C5H11N/c1-2-4-6-5-3-1/h6H,1-5H2",310.65,K
-0.7043607799468786,ln(mPa*s),"InChI=1S/C5H11N/c1-6-4-2-3-5-6/h2-5H2,1H3",298.0,K
0.0969388324150493,ln(mPa*s),"InChI=1S/C5H11N/c6-5-3-1-2-4-5/h5H,1-4,6H2",298.0,K
0.1300960577541636,ln(mPa*s),"InChI=1S/C5H11NO/c1-3-6(4-2)5-7/h5H,3-4H2,1-2H3",298.16,K
-0.0605579879457434,ln(mPa*s),"InChI=1S/C5H11NO/c1-3-6(4-2)5-7/h5H,3-4H2,1-2H3",315.65,K
-0.1614112150188826,ln(mPa*s),"InChI=1S/C5H11NO/c1-3-6(4-2)5-7/h5H,3-4H2,1-2H3",323.15,K
-1.514410215662184,ln(mPa*s),"InChI=1S/C5H12/c1-3-5-4-2/h3-5H2,1-2H3",293.15,K
-1.515561508208681,ln(mPa*s),"InChI=1S/C5H12/c1-3-5-4-2/h3-5H2,1-2H3",295.65,K
-1.50327771660571,ln(mPa*s),"InChI=1S/C5H12/c1-3-5-4-2/h3-5H2,1-2H3",298.0,K
-1.5005947051042197,ln(mPa*s),"InChI=1S/C5H12/c1-3-5-4-2/h3-5H2,1-2H3",298.15,K
-1.5417792639602856,ln(mPa*s),"InChI=1S/C5H12/c1-4-5(2)3/h5H,4H2,1-3H3",298.0,K
0.1844370659488231,ln(mPa*s),"InChI=1S/C5H12Cl2Si/c1-8(2,7)5-3-4-6/h3-5H2,1-2H3",298.0,K
0.6104153081527216,ln(mPa*s),"InChI=1S/C5H12N2/c1-7-4-2-6-3-5-7/h6H,2-5H2,1H3",298.15,K
0.4252874666760002,ln(mPa*s),"InChI=1S/C5H12N2/c1-7-4-2-6-3-5-7/h6H,2-5H2,1H3",304.81666666666666,K
1.3937547567892958,ln(mPa*s),"InChI=1S/C5H12O/c1-2-3-4-5-6/h6H,2-5H2,1H3",293.15,K
1.322374618906481,ln(mPa*s),"InChI=1S/C5H12O/c1-2-3-4-5-6/h6H,2-5H2,1H3",295.65,K
1.2480794593560764,ln(mPa*s),"InChI=1S/C5H12O/c1-2-3-4-5-6/h6H,2-5H2,1H3",298.0,K
1.2364881949378028,ln(mPa*s),"InChI=1S/C5H12O/c1-2-3-4-5-6/h6H,2-5H2,1H3",298.15,K
1.1195168722137052,ln(mPa*s),"InChI=1S/C5H12O/c1-2-3-4-5-6/h6H,2-5H2,1H3",301.9,K
1.0446828566913986,ln(mPa*s),"InChI=1S/C5H12O/c1-2-3-4-5-6/h6H,2-5H2,1H3",303.15,K
1.061952244888854,ln(mPa*s),"InChI=1S/C5H12O/c1-2-3-4-5-6/h6H,2-5H2,1H3",303.65,K
1.087050422402489,ln(mPa*s),"InChI=1S/C5H12O/c1-2-3-4-5-6/h6H,2-5H2,1H3",304.4,K
1.0361632918473207,ln(mPa*s),"InChI=1S/C5H12O/c1-2-3-4-5-6/h6H,2-5H2,1H3",305.65,K
0.97836840601317,ln(mPa*s),"InChI=1S/C5H12O/c1-2-3-4-5-6/h6H,2-5H2,1H3",308.15,K
0.94359937110896,ln(mPa*s),"InChI=1S/C5H12O/c1-2-3-4-5-6/h6H,2-5H2,1H3",308.9833333333333,K
0.940145493469469,ln(mPa*s),"InChI=1S/C5H12O/c1-2-3-4-5-6/h6H,2-5H2,1H3",309.15,K
0.9286325680044988,ln(mPa*s),"InChI=1S/C5H12O/c1-2-3-4-5-6/h6H,2-5H2,1H3",309.81666666666666,K
0.9168893840302292,ln(mPa*s),"InChI=1S/C5H12O/c1-2-3-4-5-6/h6H,2-5H2,1H3",310.65,K
0.8521867429170964,ln(mPa*s),"InChI=1S/C5H12O/c1-2-3-4-5-6/h6H,2-5H2,1H3",313.0,K
0.7246235287652262,ln(mPa*s),"InChI=1S/C5H12O/c1-2-3-4-5-6/h6H,2-5H2,1H3",313.15,K
0.7174855149769447,ln(mPa*s),"InChI=1S/C5H12O/c1-2-3-4-5-6/h6H,2-5H2,1H3",318.15,K
0.5933761784645656,ln(mPa*s),"InChI=1S/C5H12O/c1-2-3-4-5-6/h6H,2-5H2,1H3",323.15,K
1.0624127619074528,ln(mPa*s),"InChI=1S/C5H12O/c1-2-3-4-5-6/h6H,2-5H2,1H3/i6D",303.8,K
1.232434774735467,ln(mPa*s),"InChI=1S/C5H12O/c1-3-4-5(2)6/h5-6H,3-4H2,1-2H3",298.0,K
1.189515459040724,ln(mPa*s),"InChI=1S/C5H12O/c1-3-4-5(2)6/h5-6H,3-4H2,1-2H3",298.15,K
0.9237971393092111,ln(mPa*s),"InChI=1S/C5H12O/c1-3-4-5(2)6/h5-6H,3-4H2,1-2H3",300.65,K
0.9558030721018284,ln(mPa*s),"InChI=1S/C5H12O/c1-3-4-5(2)6/h5-6H,3-4H2,1-2H3",305.65,K
0.8570221716123838,ln(mPa*s),"InChI=1S/C5H12O/c1-3-4-5(2)6/h5-6H,3-4H2,1-2H3",308.15,K
0.7681423870228137,ln(mPa*s),"InChI=1S/C5H12O/c1-3-4-5(2)6/h5-6H,3-4H2,1-2H3",310.65,K
0.689163718333118,ln(mPa*s),"InChI=1S/C5H12O/c1-3-4-5(2)6/h5-6H,3-4H2,1-2H3",313.0,K
0.6817954460355369,ln(mPa*s),"InChI=1S/C5H12O/c1-3-4-5(2)6/h5-6H,3-4H2,1-2H3",313.15,K
-1.187673390966329,ln(mPa*s),"InChI=1S/C5H12O/c1-3-4-5-6-2/h3-5H2,1-2H3",298.0,K
1.463292826597716,ln(mPa*s),"InChI=1S/C5H12O/c1-3-5(2)4-6/h5-6H,3-4H2,1-2H3",298.0,K
1.5827969929241072,ln(mPa*s),"InChI=1S/C5H12O/c1-3-5(2)4-6/h5-6H,3-4H2,1-2H3",298.15,K
1.18721287394773,ln(mPa*s),"InChI=1S/C5H12O/c1-3-5(2)4-6/h5-6H,3-4H2,1-2H3",308.15,K
0.965243670983104,ln(mPa*s),"InChI=1S/C5H12O/c1-3-5(2)4-6/h5-6H,3-4H2,1-2H3",313.15,K
1.536054515536328,ln(mPa*s),"InChI=1S/C5H12O/c1-3-5(6)4-2/h5-6H,3-4H2,1-2H3",293.15,K
1.5325568680981427,ln(mPa*s),"InChI=1S/C5H12O/c1-3-5(6)4-2/h5-6H,3-4H2,1-2H3",298.0,K
1.5705932919312389,ln(mPa*s),"InChI=1S/C5H12O/c1-3-5(6)4-2/h5-6H,3-4H2,1-2H3",298.15,K
1.0755374969375189,ln(mPa*s),"InChI=1S/C5H12O/c1-3-5(6)4-2/h5-6H,3-4H2,1-2H3",308.15,K
0.8277793409313595,ln(mPa*s),"InChI=1S/C5H12O/c1-3-5(6)4-2/h5-6H,3-4H2,1-2H3",313.15,K
-1.197344248356904,ln(mPa*s),"InChI=1S/C5H12O/c1-3-5-6-4-2/h3-5H2,1-2H3",298.0,K
0.7953128911201435,ln(mPa*s),"InChI=1S/C5H12O/c1-4(2)5(3)6/h4-6H,1-3H3",313.15,K
-1.3444794357992234,ln(mPa*s),"InChI=1S/C5H12O/c1-4-5(2)6-3/h5H,4H2,1-3H3",298.0,K
1.2953643862077904,ln(mPa*s),"InChI=1S/C5H12O/c1-4-5(2,3)6/h6H,4H2,1-3H3",298.0,K
1.2933620467347555,ln(mPa*s),"InChI=1S/C5H12O/c1-4-5(2,3)6/h6H,4H2,1-3H3",298.15,K
1.0822149937072014,ln(mPa*s),"InChI=1S/C5H12O/c1-4-5(2,3)6/h6H,4H2,1-3H3",303.15,K
0.918040676576726,ln(mPa*s),"InChI=1S/C5H12O/c1-4-5(2,3)6/h6H,4H2,1-3H3",308.15,K
0.6926175959726091,ln(mPa*s),"InChI=1S/C5H12O/c1-4-5(2,3)6/h6H,4H2,1-3H3",313.15,K
-1.3737222664802478,ln(mPa*s),"InChI=1S/C5H12O/c1-4-6-5(2)3/h5H,4H2,1-3H3",298.0,K
1.3040033745285042,ln(mPa*s),"InChI=1S/C5H12O/c1-5(2)3-4-6/h5-6H,3-4H2,1-2H3",298.0,K
1.3456307283457205,ln(mPa*s),"InChI=1S/C5H12O/c1-5(2)3-4-6/h5-6H,3-4H2,1-2H3",298.1,K
1.3235259114529776,ln(mPa*s),"InChI=1S/C5H12O/c1-5(2)3-4-6/h5-6H,3-4H2,1-2H3",298.15,K
1.1123788584254235,ln(mPa*s),"InChI=1S/C5H12O/c1-5(2)3-4-6/h5-6H,3-4H2,1-2H3",303.15,K
1.0315581216613323,ln(mPa*s),"InChI=1S/C5H12O/c1-5(2)3-4-6/h5-6H,3-4H2,1-2H3",308.15,K
0.8814295735981207,ln(mPa*s),"InChI=1S/C5H12O/c1-5(2)3-4-6/h5-6H,3-4H2,1-2H3",309.15,K
0.9125144723535404,ln(mPa*s),"InChI=1S/C5H12O/c1-5(2)3-4-6/h5-6H,3-4H2,1-2H3",313.15,K
0.7861025507481673,ln(mPa*s),"InChI=1S/C5H12O/c1-5(2)3-4-6/h5-6H,3-4H2,1-2H3",315.65,K
0.6101850496434222,ln(mPa*s),"InChI=1S/C5H12O/c1-5(2)3-4-6/h5-6H,3-4H2,1-2H3",323.15,K
-1.2415538821423897,ln(mPa*s),"InChI=1S/C5H12O/c1-5(2)4-6-3/h5H,4H2,1-3H3",298.0,K
0.9162907318741552,ln(mPa*s),"InChI=1S/C5H12O/c1-5(2,3)4-6/h6H,4H2,1-3H3",298.0,K
-1.0997146404139564,ln(mPa*s),"InChI=1S/C5H12O/c1-5(2,3)6-4/h1-4H3",293.15,K
-0.9746842698643796,ln(mPa*s),"InChI=1S/C5H12O/c1-5(2,3)6-4/h1-4H3",295.65,K
-1.1086626245216111,ln(mPa*s),"InChI=1S/C5H12O/c1-5(2,3)6-4/h1-4H3",298.0,K
-1.092806885134974,ln(mPa*s),"InChI=1S/C5H12O/c1-5(2,3)6-4/h1-4H3",298.15,K
-1.0545839725912731,ln(mPa*s),"InChI=1S/C5H12O/c1-5(2,3)6-4/h1-4H3",300.65,K
-1.1545161656272145,ln(mPa*s),"InChI=1S/C5H12O/c1-5(2,3)6-4/h1-4H3",303.15,K
-1.0958002457558664,ln(mPa*s),"InChI=1S/C5H12O/c1-5(2,3)6-4/h1-4H3",308.15,K
0.8646988317469025,ln(mPa*s),"InChI=1S/C5H12O2/c1-2-4-7-5-3-6/h6H,2-5H2,1H3",298.0,K
0.8512657088798987,ln(mPa*s),"InChI=1S/C5H12O2/c1-2-4-7-5-3-6/h6H,2-5H2,1H3",298.15,K
0.7469586041672686,ln(mPa*s),"InChI=1S/C5H12O2/c1-2-4-7-5-3-6/h6H,2-5H2,1H3",303.15,K
0.621467716599093,ln(mPa*s),"InChI=1S/C5H12O2/c1-2-4-7-5-3-6/h6H,2-5H2,1H3",308.15,K
-0.8901793969514982,ln(mPa*s),"InChI=1S/C5H12O2/c1-3-6-5-7-4-2/h3-5H2,1-2H3",298.0,K
0.6444820085786643,ln(mPa*s),"InChI=1S/C5H12O2/c1-3-7-4-5(2)6/h5-6H,3-4H2,1-2H3",298.0,K
0.8125822793175987,ln(mPa*s),"InChI=1S/C5H12O2/c1-3-7-5(2)4-6/h5-6H,3-4H2,1-2H3",298.0,K
0.6223887506362906,ln(mPa*s),"InChI=1S/C5H12O2/c1-5(2)7-4-3-6/h5-6H,3-4H2,1-2H3",303.15,K
0.5063384619493907,ln(mPa*s),"InChI=1S/C5H12O2/c1-5(2)7-4-3-6/h5-6H,3-4H2,1-2H3",308.15,K
4.559300264328835,ln(mPa*s),"InChI=1S/C5H12O2/c1-5(7)3-2-4-6/h5-7H,2-4H2,1H3",298.0,K
-0.0794391857082945,ln(mPa*s),"InChI=1S/C5H12O2/c1-5(7-3)4-6-2/h5H,4H2,1-3H3",298.0,K
4.3435965194239685,ln(mPa*s),"InChI=1S/C5H12O2/c6-4-2-1-3-5-7/h6-7H,1-5H2",300.65,K
1.187233480321638,ln(mPa*s),"InChI=1S/C5H12O3/c1-7-4-5-8-3-2-6/h6H,2-5H2,1H3",298.0,K
1.2613561139421383,ln(mPa*s),"InChI=1S/C5H12O3/c1-7-4-5-8-3-2-6/h6H,2-5H2,1H3",298.15,K
1.1185958381765075,ln(mPa*s),"InChI=1S/C5H12O3/c1-7-4-5-8-3-2-6/h6H,2-5H2,1H3",303.15,K
0.98619719532935,ln(mPa*s),"InChI=1S/C5H12O3/c1-7-4-5-8-3-2-6/h6H,2-5H2,1H3",308.15,K
0.9132052478814386,ln(mPa*s),"InChI=1S/C5H12O3/c1-7-4-5-8-3-2-6/h6H,2-5H2,1H3",311.9,K
-0.6058101379667334,ln(mPa*s),"InChI=1S/C5H12O3Si/c1-5-9(6-2,7-3)8-4/h5H,1H2,2-4H3",298.0,K
0.0407557561459946,ln(mPa*s),"InChI=1S/C5H12O4/c1-6-3-8-5-9-4-7-2/h3-5H2,1-2H3",303.15,K
-0.5021938087820014,ln(mPa*s),"InChI=1S/C5H12S/c1-2-3-4-5-6/h6H,2-5H2,1H3",298.0,K
-0.6603814046706924,ln(mPa*s),"InChI=1S/C5H12S/c1-3-4-5(2)6/h5-6H,3-4H2,1-2H3",298.0,K
-0.5820935115088949,ln(mPa*s),"InChI=1S/C5H12S/c1-3-4-5-6-2/h3-5H2,1-2H3",298.0,K
-0.701137160816687,ln(mPa*s),"InChI=1S/C5H12S/c1-3-5-6-4-2/h3-5H2,1-2H3",298.0,K
-0.4927532099007258,ln(mPa*s),"InChI=1S/C5H12S/c1-5(2,3)6-4/h1-4H3",298.0,K
0.2344031624667938,ln(mPa*s),"InChI=1S/C5H12S2/c1-3-5-7-6-4-2/h3-5H2,1-2H3",298.0,K
-0.5431798234372954,ln(mPa*s),"InChI=1S/C5H13N/c1-2-3-4-5-6/h2-6H2,1H3",303.15,K
-0.6081127230597275,ln(mPa*s),"InChI=1S/C5H13N/c1-2-3-4-5-6/h2-6H2,1H3",305.65,K
-0.2162127402321409,ln(mPa*s),"InChI=1S/C5H13N/c1-4-5(2,3)6/h4,6H2,1-3H3",298.0,K
-1.0119861483708832,ln(mPa*s),"InChI=1S/C5H13N/c1-4-6(3)5-2/h4-5H2,1-3H3",298.0,K
-0.021644299874144,ln(mPa*s),"InChI=1S/C5H13NO/c1-5(7)4-6(2)3/h5,7H,4H2,1-3H3",313.15,K
1.7647307968401356,ln(mPa*s),"InChI=1S/C5H13NO/c1-6(2)4-3-5-7/h7H,3-5H2,1-2H3",298.0,K
1.403425614179871,ln(mPa*s),"InChI=1S/C5H13NO/c1-6(2)4-3-5-7/h7H,3-5H2,1-2H3",310.65,K
1.3891495866033077,ln(mPa*s),"InChI=1S/C5H13NO/c1-6(2)4-3-5-7/h7H,3-5H2,1-2H3",313.15,K
4.354783898280007,ln(mPa*s),"InChI=1S/C5H13NO2/c1-6(2-4-7)3-5-8/h7-8H,2-5H2,1H3",298.0,K
3.8167650501469295,ln(mPa*s),"InChI=1S/C5H13NO2/c1-6(2-4-7)3-5-8/h7-8H,2-5H2,1H3",308.15,K
3.6871295094113656,ln(mPa*s),"InChI=1S/C5H13NO2/c1-6(2-4-7)3-5-8/h7-8H,2-5H2,1H3",310.61249999999995,K
3.683675631771875,ln(mPa*s),"InChI=1S/C5H13NO2/c1-6(2-4-7)3-5-8/h7-8H,2-5H2,1H3",310.65,K
3.655123576618749,ln(mPa*s),"InChI=1S/C5H13NO2/c1-6(2-4-7)3-5-8/h7-8H,2-5H2,1H3",311.4833333333333,K
0.048790164169432,ln(mPa*s),"InChI=1S/C5H14N2/c1-7(2)5-3-4-6/h3-6H2,1-2H3",298.0,K
-0.1984828350160867,ln(mPa*s),"InChI=1S/C5H14N2/c1-7(2)5-3-4-6/h3-6H2,1-2H3",313.15,K
-0.5592979190882538,ln(mPa*s),"InChI=1S/C5H2F10/c6-1(2(7)4(10,11)12)3(8,9)5(13,14)15/h1-2H",298.0,K
-0.475253563193971,ln(mPa*s),"InChI=1S/C5H3F9O/c1-15-5(13,14)3(8,9)2(6,7)4(10,11)12/h1H3",298.0,K
0.4234334141601232,ln(mPa*s),InChI=1S/C5H4O2/c6-4-5-2-1-3-7-5/h1-4H,298.0,K
-0.0697683283177195,ln(mPa*s),InChI=1S/C5H5N/c1-2-4-6-5-3-1/h1-5H,293.15,K
-0.1206669641481144,ln(mPa*s),InChI=1S/C5H5N/c1-2-4-6-5-3-1/h1-5H,298.0,K
-0.1211159758914868,ln(mPa*s),InChI=1S/C5H5N/c1-2-4-6-5-3-1/h1-5H,298.15,K
-0.1957197329044939,ln(mPa*s),InChI=1S/C5H5N/c1-2-4-6-5-3-1/h1-5H,303.15,K
-0.2046998147671707,ln(mPa*s),InChI=1S/C5H5N/c1-2-4-6-5-3-1/h1-5H,305.31857142857143,K
-0.2390083326527819,ln(mPa*s),InChI=1S/C5H5N/c1-2-4-6-5-3-1/h1-5H,308.15,K
-0.2505212581177521,ln(mPa*s),InChI=1S/C5H5N/c1-2-4-6-5-3-1/h1-5H,308.9833333333333,K
-0.3368681991050289,ln(mPa*s),InChI=1S/C5H5N/c1-2-4-6-5-3-1/h1-5H,313.15,K
-0.3686438733883467,ln(mPa*s),InChI=1S/C5H5N/c1-2-4-6-5-3-1/h1-5H,318.15,K
-1.1690224517130772,ln(mPa*s),"InChI=1S/C5H6/c1-2-4-5-3-1/h1-4H,5H2",298.0,K
-1.219679323758946,ln(mPa*s),"InChI=1S/C5H6/c1-3-5-4-2/h1,4H,2,5H2",298.0,K
-1.416550349209937,ln(mPa*s),"InChI=1S/C5H6/c1-3-5-4-2/h3H,1H2,2H3",298.0,K
-1.280467570213989,ln(mPa*s),"InChI=1S/C5H6/c1-4-5(2)3/h1H,2H2,3H3",298.0,K
1.3862943611198906,ln(mPa*s),"InChI=1S/C5H6O/c1-5-3-2-4-6-5/h2-4H,1H3",298.0,K
1.5966989446305615,ln(mPa*s),"InChI=1S/C5H6O2/c6-4-5-2-1-3-7-5/h1-3,6H,4H2",298.0,K
-0.4485435761152401,ln(mPa*s),"InChI=1S/C5H6S/c1-5-2-3-6-4-5/h2-4H,1H3",298.0,K
-0.4084785954971437,ln(mPa*s),"InChI=1S/C5H6S/c1-5-3-2-4-6-5/h2-4H,1H3",298.0,K
1.1529043560621188,ln(mPa*s),"InChI=1S/C5H7N/c1-6-4-2-3-5-6/h2-5H,1H3",298.0,K
0.9194222276325223,ln(mPa*s),"InChI=1S/C5H7NO2/c1-2-8-5(7)3-4-6/h2-3H2,1H3",298.0,K
0.6755784662844531,ln(mPa*s),"InChI=1S/C5H7NO2/c1-2-8-5(7)3-4-6/h2-3H2,1H3",308.15,K
-1.2889871350580668,ln(mPa*s),"InChI=1S/C5H8/c1-2-4-5-3-1/h1-2H,3-5H2",298.0,K
-1.0423802715984043,ln(mPa*s),"InChI=1S/C5H8/c1-3-5-4-2/h1H,4-5H2,2H3",298.0,K
-1.6318420554048805,ln(mPa*s),"InChI=1S/C5H8/c1-3-5-4-2/h3-4H,1-2,5H2",298.0,K
-1.6309210213676828,ln(mPa*s),"InChI=1S/C5H8/c1-3-5-4-2/h3-4H,1-2H3",298.0,K
-1.631611796895581,ln(mPa*s),"InChI=1S/C5H8/c1-3-5-4-2/h3-5H,1H2,2H3/b5-4+",298.0,K
-1.6313815383862815,ln(mPa*s),"InChI=1S/C5H8/c1-3-5-4-2/h3-5H,1H2,2H3/b5-4-",298.0,K
-1.4462536969095603,ln(mPa*s),"InChI=1S/C5H8/c1-3-5-4-2/h3H2,1-2H3",298.0,K
-1.6311512798769825,ln(mPa*s),"InChI=1S/C5H8/c1-3-5-4-2/h5H,1,4H2,2H3",298.0,K
-1.064715347000447,ln(mPa*s),"InChI=1S/C5H8/c1-4-5(2)3/h1,5H,2-3H3",298.0,K
-1.6375985181373656,ln(mPa*s),"InChI=1S/C5H8/c1-4-5(2)3/h1H2,2-3H3",298.0,K
-1.5791128567753163,ln(mPa*s),"InChI=1S/C5H8/c1-4-5(2)3/h4H,1-2H2,3H3",298.0,K
-0.480319250398558,ln(mPa*s),"InChI=1S/C5H8F4/c1-4(6,7)3-5(2,8)9/h3H2,1-2H3",298.0,K
0.4734114951195758,ln(mPa*s),"InChI=1S/C5H8N2/c1-2-7-4-3-6-5-7/h3-5H,2H2,1H3",308.15,K
-0.9233366222906124,ln(mPa*s),"InChI=1S/C5H8O/c1-4(2)5(3)6/h1H2,2-3H3",298.0,K
0.0748677279036379,ln(mPa*s),InChI=1S/C5H8O/c6-5-3-1-2-4-5/h1-4H2,298.0,K
0.1178923567612951,ln(mPa*s),InChI=1S/C5H8O/c6-5-3-1-2-4-5/h1-4H2,298.15,K
-0.0080590478254791,ln(mPa*s),InChI=1S/C5H8O/c6-5-3-1-2-4-5/h1-4H2,303.15,K
-0.0377623955251023,ln(mPa*s),InChI=1S/C5H8O/c6-5-3-1-2-4-5/h1-4H2,305.65,K
-0.0739129814851088,ln(mPa*s),InChI=1S/C5H8O/c6-5-3-1-2-4-5/h1-4H2,308.15,K
-0.1107543429730136,ln(mPa*s),InChI=1S/C5H8O/c6-5-3-1-2-4-5/h1-4H2,310.65,K
-0.1427602757656308,ln(mPa*s),InChI=1S/C5H8O/c6-5-3-1-2-4-5/h1-4H2,313.15,K
-0.7828789316179756,ln(mPa*s),"InChI=1S/C5H8O2/c1-3-4-7-5(2)6/h3H,1,4H2,2H3",298.0,K
-0.6348782724359695,ln(mPa*s),"InChI=1S/C5H8O2/c1-3-5(6)7-4-2/h3H,1,4H2,2H3",298.0,K
-0.721630168144334,ln(mPa*s),"InChI=1S/C5H8O2/c1-3-5(6)7-4-2/h3H,1,4H2,2H3",303.15,K
-0.7464980871486696,ln(mPa*s),"InChI=1S/C5H8O2/c1-3-5(6)7-4-2/h3H,1,4H2,2H3",305.65,K
-0.7699844550972089,ln(mPa*s),"InChI=1S/C5H8O2/c1-3-5(6)7-4-2/h3H,1,4H2,2H3",307.15,K
-0.7048212969654775,ln(mPa*s),"InChI=1S/C5H8O2/c1-3-5(6)7-4-2/h4H,2-3H2,1H3",298.0,K
-0.5905905922348531,ln(mPa*s),"InChI=1S/C5H8O2/c1-4(2)5(6)7-3/h1H2,2-3H3",298.0,K
-0.6235400431827876,ln(mPa*s),"InChI=1S/C5H8O2/c1-4(2)5(6)7-3/h1H2,2-3H3",303.15,K
-0.6684404524961716,ln(mPa*s),"InChI=1S/C5H8O2/c1-4(2)5(6)7-3/h1H2,2-3H3",305.65,K
-0.7091962086421661,ln(mPa*s),"InChI=1S/C5H8O2/c1-4(2)5(6)7-3/h1H2,2-3H3",308.15,K
-0.7766619518668917,ln(mPa*s),"InChI=1S/C5H8O2/c1-4(2)7-5(3)6/h1H2,2-3H3",298.0,K
-0.3336735894375676,ln(mPa*s),"InChI=1S/C5H8O2/c1-4(6)3-5(2)7/h3H2,1-2H3",298.0,K
-0.3539073287931848,ln(mPa*s),"InChI=1S/C5H8O2/c1-4(6)3-5(2)7/h3H2,1-2H3",303.15,K
-0.3235132055656635,ln(mPa*s),"InChI=1S/C5H8O2/c1-4(6)5(2)7-3/h2H2,1,3H3",298.0,K
0.4225243645644074,ln(mPa*s),"InChI=1S/C5H8O2/c1-4-2-3-5(6)7-4/h4H,2-3H2,1H3",310.65,K
2.555639194714092,ln(mPa*s),"InChI=1S/C5H8O3/c1-2-5(7)8-4-3-6/h2,6H,1,3-4H2",298.0,K
3.380994674344636,ln(mPa*s),"InChI=1S/C5H8O3/c1-4(6)2-3-5(7)8/h2-3H2,1H3,(H,7,8)",298.0,K
0.4448594399664496,ln(mPa*s),"InChI=1S/C5H8O3/c1-4(6)3-5(7)8-2/h3H2,1-2H3",298.0,K
0.3541375873024842,ln(mPa*s),"InChI=1S/C5H8O3/c1-4(6)3-5(7)8-2/h3H2,1-2H3",303.15,K
0.5899223008250746,ln(mPa*s),"InChI=1S/C5H8O4/c1-8-4(6)3-5(7)9-2/h3H2,1-2H3",303.15,K
0.6244610772199852,ln(mPa*s),"InChI=1S/C5H9BrO2/c1-2-8-5(7)3-4-6/h2-4H2,1H3",303.15,K
0.4008800646902634,ln(mPa*s),"InChI=1S/C5H9BrO2/c1-3-8-5(7)4(2)6/h4H,3H2,1-2H3",303.15,K
0.2700932314082016,ln(mPa*s),"InChI=1S/C5H9ClO/c1-5(7)3-2-4-6/h2-4H2,1H3",313.15,K
0.249830482589854,ln(mPa*s),"InChI=1S/C5H9ClO2/c1-8-5(7)3-2-4-6/h2-4H2,1H3",308.15,K
-1.0290252780590392,ln(mPa*s),"InChI=1S/C5H9NO/c1-2-3-4-6-5-7/h2-4H2,1H3",298.0,K
0.5187937934151675,ln(mPa*s),"InChI=1S/C5H9NO/c1-6-4-2-3-5(6)7/h2-4H2,1H3",298.0,K
0.3668018053139515,ln(mPa*s),"InChI=1S/C5H9NO/c1-6-4-2-3-5(6)7/h2-4H2,1H3",308.0,K
0.2981847695427289,ln(mPa*s),"InChI=1S/C5H9NO/c1-6-4-2-3-5(6)7/h2-4H2,1H3",313.15,K
0.2657183197315129,ln(mPa*s),"InChI=1S/C5H9NO/c1-6-4-2-3-5(6)7/h2-4H2,1H3",315.65,K
0.1890422361348112,ln(mPa*s),"InChI=1S/C5H9NO/c1-6-4-2-3-5(6)7/h2-4H2,1H3",318.0,K
0.2175942912879373,ln(mPa*s),"InChI=1S/C5H9NO/c1-6-4-2-3-5(6)7/h2-4H2,1H3",318.15,K
0.1927263722836016,ln(mPa*s),"InChI=1S/C5H9NO/c1-6-4-2-3-5(6)7/h2-4H2,1H3",320.65,K
0.1570363033421939,ln(mPa*s),"InChI=1S/C5H9NO/c1-6-4-2-3-5(6)7/h2-4H2,1H3",323.15,K
2.0541237336955462,ln(mPa*s),"InChI=1S/C5H9NO2/c7-5-6-1-3-8-4-2-6/h5H,1-4H2",298.0,K
-0.6866308747308245,ln(mPa*s),"InChI=1S/C6F12/c7-1(6(16,17)18)2(8,9)4(12,13)5(14,15)3(1,10)11",298.0,K
-0.4142350582296288,ln(mPa*s),"InChI=1S/C6F14/c7-1(8,3(11,12)5(15,16)17)2(9,10)4(13,14)6(18,19)20",298.0,K
-0.5282130203328341,ln(mPa*s),"InChI=1S/C6F14/c7-1(8,3(11,12)5(15,16)17)2(9,10)4(13,14)6(18,19)20",303.0,K
-0.133780193902954,ln(mPa*s),InChI=1S/C6F6/c7-1-2(8)4(10)6(12)5(11)3(1)9,298.0,K
-0.2166732572507397,ln(mPa*s),InChI=1S/C6F6/c7-1-2(8)4(10)6(12)5(11)3(1)9,304.4,K
-0.3891368807159938,ln(mPa*s),InChI=1S/C6F6/c7-1-2(8)4(10)6(12)5(11)3(1)9,313.15,K
-0.4700036292457356,ln(mPa*s),"InChI=1S/C6H10/c1-2-4-6-5-3-1/h1-2H,3-6H2",298.0,K
-0.5567650754859602,ln(mPa*s),"InChI=1S/C6H10/c1-2-4-6-5-3-1/h1-2H,3-6H2",303.15,K
-0.6596906291427941,ln(mPa*s),"InChI=1S/C6H10/c1-2-4-6-5-3-1/h1-2H,3-6H2",313.15,K
-0.7388995563417894,ln(mPa*s),"InChI=1S/C6H10/c1-3-5-6-4-2/h1H,4-6H2,2H3",298.0,K
-1.4851673849811595,ln(mPa*s),"InChI=1S/C6H10/c1-3-5-6-4-2/h3,5-6H,1,4H2,2H3/b6-5+",298.0,K
-0.9212642957069178,ln(mPa*s),"InChI=1S/C6H10/c1-3-5-6-4-2/h3,5H2,1-2H3",298.0,K
-1.4105636279681526,ln(mPa*s),"InChI=1S/C6H10/c1-3-5-6-4-2/h3-4,6H,1,5H2,2H3",298.0,K
-0.9357705817927802,ln(mPa*s),"InChI=1S/C6H10/c1-3-5-6-4-2/h3-4H2,1-2H3",298.0,K
-1.4094123354216554,ln(mPa*s),"InChI=1S/C6H10/c1-3-5-6-4-2/h3-6H,1-2H3/b5-3+,6-4+",298.0,K
-1.4117149205146495,ln(mPa*s),"InChI=1S/C6H10/c1-3-5-6-4-2/h3-6H,1-2H3/b5-3-,6-4+",298.0,K
-1.4105636279681526,ln(mPa*s),"InChI=1S/C6H10/c1-3-5-6-4-2/h5H,1,4,6H2,2H3",298.0,K
-1.460990241504722,ln(mPa*s),"InChI=1S/C6H10/c1-4-6(3)5-2/h4-6H,1-2H2,3H3",298.0,K
-1.3467820208922174,ln(mPa*s),"InChI=1S/C6H10/c1-5(2)6(3)4/h1,3H2,2,4H3",298.0,K
-0.7725172986995025,ln(mPa*s),"InChI=1S/C6H10/c1-5-6(2,3)4/h1H,2-4H3",298.0,K
-1.1692527102223766,ln(mPa*s),"InChI=1S/C6H10/c1-6-4-2-3-5-6/h2,4,6H,3,5H2,1H3",298.0,K
-1.1805353771780474,ln(mPa*s),"InChI=1S/C6H10/c1-6-4-2-3-5-6/h2-3,6H,4-5H2,1H3",298.0,K
-0.97836840601317,ln(mPa*s),"InChI=1S/C6H10/c1-6-4-2-3-5-6/h4H,2-3,5H2,1H3",298.0,K
-0.6426514994546383,ln(mPa*s),"InChI=1S/C6H10O/c1-3-4-5-6(2)7/h3H,1,4-5H2,2H3",298.0,K
-0.4368003921409705,ln(mPa*s),"InChI=1S/C6H10O/c1-3-4-6(2)5-7/h4-5H,3H2,1-2H3",298.0,K
-0.8759033693749351,ln(mPa*s),"InChI=1S/C6H10O/c1-3-5-7-6-4-2/h3-4H,1-2,5-6H2",298.0,K
-0.5376536192141097,ln(mPa*s),"InChI=1S/C6H10O/c1-5(2)4-6(3)7/h4H,1-3H3",298.0,K
-0.1323986428471576,ln(mPa*s),"InChI=1S/C6H10O/c1-5(2)4-6(3)7/h4H,1-3H3",298.15,K
0.182134480855829,ln(mPa*s),"InChI=1S/C6H10O/c1-5-2-3-6(7)4-5/h5H,2-4H2,1H3",298.0,K
0.7884573603642703,ln(mPa*s),InChI=1S/C6H10O/c7-6-4-2-1-3-5-6/h1-5H2,298.0,K
0.2926585653195432,ln(mPa*s),InChI=1S/C6H10O/c7-6-4-2-1-3-5-6/h1-5H2,323.15,K
-0.4916019173542288,ln(mPa*s),"InChI=1S/C6H10O2/c1-2-3-7-4-6-5-8-6/h2,6H,1,3-5H2",298.0,K
-0.5275222448049359,ln(mPa*s),"InChI=1S/C6H10O2/c1-3-4-5-8-6(2)7/h3-4H,5H2,1-2H3",298.0,K
-0.3916697243182872,ln(mPa*s),"InChI=1S/C6H10O2/c1-3-5-6(7)8-4-2/h3,5H,4H2,1-2H3",306.9,K
-0.3916697243182872,ln(mPa*s),"InChI=1S/C6H10O2/c1-3-5-6(7)8-4-2/h3,5H,4H2,1-2H3/b5-3+",306.9,K
-0.5272919862956366,ln(mPa*s),"InChI=1S/C6H10O2/c1-3-5-8-6(7)4-2/h4H,2-3,5H2,1H3",298.0,K
-0.5275222448049359,ln(mPa*s),"InChI=1S/C6H10O2/c1-4-5(2)8-6(3)7/h4-5H,1H2,2-3H3",298.0,K
-0.6557762344847042,ln(mPa*s),"InChI=1S/C6H10O2/c1-4-6(7)8-5(2)3/h4-5H,1H2,2-3H3",298.0,K
-0.5417579448269101,ln(mPa*s),"InChI=1S/C6H10O2/c1-4-8-6(7)5(2)3/h2,4H2,1,3H3",298.0,K
-0.6210071995804942,ln(mPa*s),"InChI=1S/C6H10O2/c1-4-8-6(7)5(2)3/h2,4H2,1,3H3",308.15,K
0.044439892294785,ln(mPa*s),"InChI=1S/C6H10O3/c1-3-5(7)9-6(8)4-2/h3-4H2,1-2H3",298.0,K
0.6069614305132305,ln(mPa*s),"InChI=1S/C6H10O3/c1-3-6(8)9-4-5(2)7/h3,5,7H,1,4H2,2H3",298.0,K
0.4582144335058151,ln(mPa*s),"InChI=1S/C6H10O3/c1-3-9-6(8)4-5(2)7/h3-4H2,1-2H3",295.65,K
0.4097774923138973,ln(mPa*s),"InChI=1S/C6H10O3/c1-3-9-6(8)4-5(2)7/h3-4H2,1-2H3",298.0,K
0.2143706721577457,ln(mPa*s),"InChI=1S/C6H10O3/c1-3-9-6(8)4-5(2)7/h3-4H2,1-2H3",308.15,K
1.7550954848564635,ln(mPa*s),"InChI=1S/C6H10O3/c1-5(2)6(8)9-4-3-7/h7H,1,3-4H2,2H3",298.0,K
1.4485562820025542,ln(mPa*s),"InChI=1S/C6H10O3/c1-5(2)6(8)9-4-3-7/h7H,1,3-4H2,2H3",308.15,K
0.6502396795486688,ln(mPa*s),"InChI=1S/C6H10O3/c1-5(7)3-4-6(8)9-2/h3-4H2,1-2H3",298.0,K
0.5056476864214925,ln(mPa*s),"InChI=1S/C6H10O4/c1-3-9-5(7)6(8)10-4-2/h3-4H2,1-2H3",303.15,K
0.4584446920151145,ln(mPa*s),"InChI=1S/C6H10O4/c1-3-9-5(7)6(8)10-4-2/h3-4H2,1-2H3",305.65,K
0.3626571521465622,ln(mPa*s),"InChI=1S/C6H10O4/c1-3-9-5(7)6(8)10-4-2/h3-4H2,1-2H3",308.15,K
0.3117700215913938,ln(mPa*s),"InChI=1S/C6H10O4/c1-3-9-5(7)6(8)10-4-2/h3-4H2,1-2H3",313.15,K
0.2256533391134165,ln(mPa*s),"InChI=1S/C6H10O4/c1-3-9-5(7)6(8)10-4-2/h3-4H2,1-2H3",318.15,K
0.2776917622150819,ln(mPa*s),"InChI=1S/C6H10O4/c1-4(7)9-6(3)10-5(2)8/h6H,1-3H3",298.0,K
0.9419875615438642,ln(mPa*s),"InChI=1S/C6H10O4/c1-5(7)9-3-4-10-6(2)8/h3-4H2,1-2H3",298.0,K
-0.8247859803104672,ln(mPa*s),"InChI=1S/C6H10S/c1-3-5-7-6-4-2/h3-4H,1-2,5-6H2",298.0,K
0.6023562603272424,ln(mPa*s),"InChI=1S/C6H11BrO2/c1-2-9-6(8)4-3-5-7/h2-5H2,1H3",303.15,K
0.424596691148102,ln(mPa*s),"InChI=1S/C6H11BrO2/c1-3-5(7)6(8)9-4-2/h5H,3-4H2,1-2H3",303.15,K
0.4225243645644074,ln(mPa*s),"InChI=1S/C6H11Cl/c7-6-4-2-1-3-5-6/h6H,1-5H2",298.0,K
-0.1017742611103368,ln(mPa*s),"InChI=1S/C6H11N/c1-2-3-4-5-6-7/h2-5H2,1H3",298.0,K
-0.3720977510278378,ln(mPa*s),"InChI=1S/C6H11N/c1-3-5-7-6-4-2/h3-4,7H,1-2,5-6H2",298.0,K
0.7040871205982796,ln(mPa*s),"InChI=1S/C6H11NO/c1-2-7-5-3-4-6(7)8/h2-5H2,1H3",298.0,K
0.3946630849391794,ln(mPa*s),"InChI=1S/C6H11NO/c1-2-7-5-3-4-6(7)8/h2-5H2,1H3",318.0,K
0.3394010427073223,ln(mPa*s),"InChI=1S/C6H11NO/c1-2-7-5-3-4-6(7)8/h2-5H2,1H3",318.15,K
0.2700932314082016,ln(mPa*s),"InChI=1S/C6H11NO/c1-2-7-5-3-4-6(7)8/h2-5H2,1H3",323.15,K
-0.1075852106799374,ln(mPa*s),InChI=1S/C6H12/c1-2-4-6-5-3-1/h1-6H2,298.0,K
-0.3177567428331783,ln(mPa*s),InChI=1S/C6H12/c1-2-4-6-5-3-1/h1-6H2,312.75,K
-0.3357169065585319,ln(mPa*s),InChI=1S/C6H12/c1-2-4-6-5-3-1/h1-6H2,313.15,K
-0.3958143774856765,ln(mPa*s),InChI=1S/C6H12/c1-2-4-6-5-3-1/h1-6H2,315.65,K
-0.4561421069221205,ln(mPa*s),InChI=1S/C6H12/c1-2-4-6-5-3-1/h1-6H2,318.0,K
-0.4393332357432639,ln(mPa*s),InChI=1S/C6H12/c1-2-4-6-5-3-1/h1-6H2,318.075,K
-0.4338070315200782,ln(mPa*s),InChI=1S/C6H12/c1-2-4-6-5-3-1/h1-6H2,318.15,K
-0.5272919862956366,ln(mPa*s),InChI=1S/C6H12/c1-2-4-6-5-3-1/h1-6H2,322.15,K
-0.4985096726332109,ln(mPa*s),InChI=1S/C6H12/c1-2-4-6-5-3-1/h1-6H2,323.15,K
-1.3069472987834203,ln(mPa*s),"InChI=1S/C6H12/c1-3-5-6-4-2/h3,5H,4,6H2,1-2H3/b5-3+",298.0,K
-1.3060262647462229,ln(mPa*s),"InChI=1S/C6H12/c1-3-5-6-4-2/h3,5H,4,6H2,1-2H3/b5-3-",298.0,K
-1.3093333199837622,ln(mPa*s),"InChI=1S/C6H12/c1-3-5-6-4-2/h3H,1,4-6H2,2H3",298.0,K
-1.358525204866487,ln(mPa*s),"InChI=1S/C6H12/c1-3-5-6-4-2/h3H,1,4-6H2,2H3",303.15,K
-1.306717040274121,ln(mPa*s),"InChI=1S/C6H12/c1-3-5-6-4-2/h5-6H,3-4H2,1-2H3/b6-5-",298.0,K
-1.3060262647462229,ln(mPa*s),"InChI=1S/C6H12/c1-4-5-6(2)3/h2,4-5H2,1,3H3",298.0,K
-1.3509266740596066,ln(mPa*s),"InChI=1S/C6H12/c1-4-5-6(2)3/h4,6H,1,5H2,2-3H3",298.0,K
-1.351156932568906,ln(mPa*s),"InChI=1S/C6H12/c1-4-5-6(2)3/h4-6H,1-3H3/b5-4+",298.0,K
-1.3506964155503074,ln(mPa*s),"InChI=1S/C6H12/c1-4-5-6(2)3/h4-6H,1-3H3/b5-4-",298.0,K
-1.3506964155503074,ln(mPa*s),"InChI=1S/C6H12/c1-4-5-6(2)3/h5H,4H2,1-3H3",298.0,K
-1.3506964155503074,ln(mPa*s),"InChI=1S/C6H12/c1-4-6(3)5-2/h3-5H2,1-2H3",298.0,K
-1.3506964155503074,ln(mPa*s),"InChI=1S/C6H12/c1-4-6(3)5-2/h4,6H,1,5H2,2-3H3",298.0,K
-1.350466157041008,ln(mPa*s),"InChI=1S/C6H12/c1-4-6(3)5-2/h4H,5H2,1-3H3/b6-4+",298.0,K
-1.3509266740596066,ln(mPa*s),"InChI=1S/C6H12/c1-4-6(3)5-2/h4H,5H2,1-3H3/b6-4-",298.0,K
-1.3617488239966788,ln(mPa*s),InChI=1S/C6H12/c1-5(2)6(3)4/h1-4H3,298.0,K
-1.361979082505978,ln(mPa*s),"InChI=1S/C6H12/c1-5(2)6(3)4/h6H,1H2,2-4H3",298.0,K
-1.3603672729408822,ln(mPa*s),"InChI=1S/C6H12/c1-5-6(2,3)4/h5H,1H2,2-4H3",298.0,K
-0.7138013788281542,ln(mPa*s),"InChI=1S/C6H12/c1-6-4-2-3-5-6/h6H,2-5H2,1H3",295.65,K
-0.7100120397324359,ln(mPa*s),"InChI=1S/C6H12/c1-6-4-2-3-5-6/h6H,2-5H2,1H3",298.0,K
-0.7418929169626816,ln(mPa*s),"InChI=1S/C6H12/c1-6-4-2-3-5-6/h6H,2-5H2,1H3",298.15,K
0.8881070703678035,ln(mPa*s),"InChI=1S/C6H12O/c1-2-3-4-5-6-7/h3-4,7H,2,5-6H2,1H3/b4-3-",305.65,K
-0.2107210313156525,ln(mPa*s),"InChI=1S/C6H12O/c1-2-3-4-5-6-7/h6H,2-5H2,1H3",298.0,K
-0.332953804446939,ln(mPa*s),"InChI=1S/C6H12O/c1-2-3-4-5-6-7/h6H,2-5H2,1H3",308.15,K
-0.5089960026250517,ln(mPa*s),"InChI=1S/C6H12O/c1-3-4-5-6(2)7/h3-5H2,1-2H3",298.0,K
-0.5484757691511817,ln(mPa*s),"InChI=1S/C6H12O/c1-3-5-6(7)4-2/h3-5H2,1-2H3",298.0,K
-0.8596010769005894,ln(mPa*s),"InChI=1S/C6H12O/c1-3-5-6-7-4-2/h4H,2-3,5-6H2,1H3",298.0,K
-0.9779078889945714,ln(mPa*s),"InChI=1S/C6H12O/c1-3-5-6-7-4-2/h4H,2-3,5-6H2,1H3",305.65,K
-0.9940259846455296,ln(mPa*s),"InChI=1S/C6H12O/c1-3-5-6-7-4-2/h4H,2-3,5-6H2,1H3",308.15,K
-0.5413377553629002,ln(mPa*s),"InChI=1S/C6H12O/c1-4-5(2)6(3)7/h5H,4H2,1-3H3",298.0,K
-0.6115666006992186,ln(mPa*s),"InChI=1S/C6H12O/c1-4-6(7)5(2)3/h5H,4H2,1-3H3",298.0,K
-0.6189420572661046,ln(mPa*s),"InChI=1S/C6H12O/c1-5(2)4-6(3)7/h5H,4H2,1-3H3",298.0,K
-0.405254976366952,ln(mPa*s),"InChI=1S/C6H12O/c1-5(7)6(2,3)4/h1-4H3",298.0,K
-0.7237024947280287,ln(mPa*s),"InChI=1S/C6H12O/c1-5-3-4-6(2)7-5/h5-6H,3-4H2,1-2H3",298.0,K
2.184692736232751,ln(mPa*s),"InChI=1S/C6H12O/c7-6-4-2-1-3-5-6/h6-7H,1-5H2",318.15,K
2.9703347699623195,ln(mPa*s),"InChI=1S/C6H12O/c7-6-4-2-1-3-5-6/h6-7H,1-5H2",318.16,K
2.18492299474205,ln(mPa*s),"InChI=1S/C6H12O/c7-6-4-2-1-3-5-6/h6-7H,1-5H2",323.15,K
1.03720991125316,ln(mPa*s),"InChI=1S/C6H12O2/c1-2-3-4-5-6(7)8/h2-5H2,1H3,(H,7,8)",298.0,K
1.0345514822822248,ln(mPa*s),"InChI=1S/C6H12O2/c1-2-3-4-5-6(7)8/h2-5H2,1H3,(H,7,8)",298.15,K
-0.3011781301636212,ln(mPa*s),"InChI=1S/C6H12O2/c1-2-3-4-5-8-6-7/h6H,2-5H2,1H3",298.0,K
1.9855191256887657,ln(mPa*s),"InChI=1S/C6H12O2/c1-2-3-5-8-6-4-7/h2-3,7H,4-6H2,1H3",298.0,K
-0.4835428695287496,ln(mPa*s),"InChI=1S/C6H12O2/c1-3-4-5-6(7)8-2/h3-5H2,1-2H3",298.0,K
-0.3848879532644497,ln(mPa*s),"InChI=1S/C6H12O2/c1-3-4-5-8-6(2)7/h3-5H2,1-2H3",298.0,K
-0.3971959285414729,ln(mPa*s),"InChI=1S/C6H12O2/c1-3-4-5-8-6(2)7/h3-5H2,1-2H3",298.15,K
-0.4554513313942223,ln(mPa*s),"InChI=1S/C6H12O2/c1-3-4-5-8-6(2)7/h3-5H2,1-2H3",303.15,K
-0.4876875226961389,ln(mPa*s),"InChI=1S/C6H12O2/c1-3-4-5-8-6(2)7/h3-5H2,1-2H3",305.65,K
-0.4936742439379235,ln(mPa*s),"InChI=1S/C6H12O2/c1-3-4-5-8-6(2)7/h3-5H2,1-2H3",306.4833333333333,K
-0.528673537351433,ln(mPa*s),"InChI=1S/C6H12O2/c1-3-4-5-8-6(2)7/h3-5H2,1-2H3",308.15,K
-0.5422587894000978,ln(mPa*s),"InChI=1S/C6H12O2/c1-3-4-5-8-6(2)7/h3-5H2,1-2H3",308.9833333333333,K
-0.5648241233114394,ln(mPa*s),"InChI=1S/C6H12O2/c1-3-4-5-8-6(2)7/h3-5H2,1-2H3",310.65,K
-0.5830145455460923,ln(mPa*s),"InChI=1S/C6H12O2/c1-3-4-5-8-6(2)7/h3-5H2,1-2H3",313.15,K
0.9516584189344393,ln(mPa*s),"InChI=1S/C6H12O2/c1-3-5(4-2)6(7)8/h5H,3-4H2,1-2H3,(H,7,8)",298.0,K
-0.4541839216017057,ln(mPa*s),"InChI=1S/C6H12O2/c1-3-5-6(7)8-4-2/h3-5H2,1-2H3",298.0,K
-0.5489362861697805,ln(mPa*s),"InChI=1S/C6H12O2/c1-3-5-6(7)8-4-2/h3-5H2,1-2H3",303.15,K
-0.5542322318836669,ln(mPa*s),"InChI=1S/C6H12O2/c1-3-5-6(7)8-4-2/h3-5H2,1-2H3",308.15,K
-0.563442572255643,ln(mPa*s),"InChI=1S/C6H12O2/c1-3-5-6(7)8-4-2/h3-5H2,1-2H3",308.9833333333333,K
-0.4455502154943478,ln(mPa*s),"InChI=1S/C6H12O2/c1-3-5-8-6(7)4-2/h3-5H2,1-2H3",298.0,K
1.1697132272409754,ln(mPa*s),"InChI=1S/C6H12O2/c1-3-6(2)8-5-4-7/h3,6-7H,1,4-5H2,2H3",298.0,K
-0.422294106055108,ln(mPa*s),"InChI=1S/C6H12O2/c1-4-5(2)8-6(3)7/h5H,4H2,1-3H3",298.0,K
1.4750360105719855,ln(mPa*s),"InChI=1S/C6H12O2/c1-4-6(2,3)5(7)8/h4H2,1-3H3,(H,7,8)",298.0,K
-0.5609097286533496,ln(mPa*s),"InChI=1S/C6H12O2/c1-4-8-6(7)5(2)3/h5H,4H2,1-3H3",298.0,K
-0.7368272297580947,ln(mPa*s),"InChI=1S/C6H12O2/c1-5(2)4-6(7)8-3/h5H,4H2,1-3H3",298.0,K
-0.4030137598390505,ln(mPa*s),"InChI=1S/C6H12O2/c1-5(2)4-8-6(3)7/h5H,4H2,1-3H3",298.0,K
1.197344248356904,ln(mPa*s),"InChI=1S/C6H12O2/c1-5(7)4-6(2,3)8/h8H,4H2,1-3H3",298.0,K
1.065406122528345,ln(mPa*s),"InChI=1S/C6H12O2/c1-5(7)4-6(2,3)8/h8H,4H2,1-3H3",298.15,K
1.023268815326554,ln(mPa*s),"InChI=1S/C6H12O2/c1-5(7)4-6(2,3)8/h8H,4H2,1-3H3",313.15,K
-0.4722363665788452,ln(mPa*s),"InChI=1S/C6H12O2/c1-5(7)8-6(2,3)4/h1-4H3",298.0,K
-0.4494646101524377,ln(mPa*s),"InChI=1S/C6H12O2/c1-5(7)8-6(2,3)4/h1-4H3",303.15,K
-0.7138013788281542,ln(mPa*s),"InChI=1S/C6H12O2/c1-6(2)3-4-8-5-7/h5-6H,3-4H2,1-2H3",298.0,K
0.0921034037197618,ln(mPa*s),"InChI=1S/C6H12O3/c1-3-8-4-5-9-6(2)7/h3-5H2,1-2H3",298.0,K
0.1146076746776475,ln(mPa*s),"InChI=1S/C6H12O3/c1-5(4-8-3)9-6(2)7/h5H,4H2,1-3H3",298.0,K
-0.0948665058313547,ln(mPa*s),"InChI=1S/C6H12O3/c1-5(4-8-3)9-6(2)7/h5H,4H2,1-3H3",308.15,K
-0.2523633261921474,ln(mPa*s),"InChI=1S/C6H12O3/c1-5(4-8-3)9-6(2)7/h5H,4H2,1-3H3",318.15,K
1.9376253557544896,ln(mPa*s),"InChI=1S/C6H12O3/c1-6(2)8-4-5(3-7)9-6/h5,7H,3-4H2,1-2H3",308.15,K
1.6244737831072995,ln(mPa*s),"InChI=1S/C6H12O3/c1-6(2)8-4-5(3-7)9-6/h5,7H,3-4H2,1-2H3",318.15,K
-1.470200581876698,ln(mPa*s),"InChI=1S/C6H12S/c1-2-6-4-3-5-7-6/h6H,2-5H2,1H3",298.0,K
-0.0557225592504559,ln(mPa*s),"InChI=1S/C6H12S/c7-6-4-2-1-3-5-6/h6-7H,1-5H2",298.0,K
-0.1020045196196362,ln(mPa*s),"InChI=1S/C6H13Br/c1-2-3-4-5-6-7/h2-6H2,1H3",303.15,K
-0.4241361741295033,ln(mPa*s),"InChI=1S/C6H13Cl/c1-2-3-4-5-6-7/h2-6H2,1H3",303.15,K
-0.4577539164872163,ln(mPa*s),"InChI=1S/C6H13Cl/c1-2-3-4-5-6-7/h2-6H2,1H3",308.15,K
0.2507515166270516,ln(mPa*s),"InChI=1S/C6H13I/c1-2-3-4-5-6-7/h2-6H2,1H3",298.0,K
0.6426514994546383,ln(mPa*s),"InChI=1S/C6H13N/c1-2-4-6-7-5-3-1/h7H,1-6H2",298.0,K
-0.653934166410309,ln(mPa*s),"InChI=1S/C6H13N/c1-4-7-5-6(2)3/h7H,2,4-5H2,1,3H3",298.0,K
-0.3925907583554848,ln(mPa*s),"InChI=1S/C6H13N/c1-7-5-3-2-4-6-7/h2-6H2,1H3",298.0,K
0.7039002629282799,ln(mPa*s),"InChI=1S/C6H13N/c7-6-4-2-1-3-5-6/h6H,1-5,7H2",295.65,K
0.5963132290566542,ln(mPa*s),"InChI=1S/C6H13N/c7-6-4-2-1-3-5-6/h6H,1-5,7H2",298.0,K
0.5613702456719484,ln(mPa*s),"InChI=1S/C6H13N/c7-6-4-2-1-3-5-6/h6H,1-5,7H2",298.15,K
0.4998912236890073,ln(mPa*s),"InChI=1S/C6H13N/c7-6-4-2-1-3-5-6/h6H,1-5,7H2",303.15,K
0.4605170185988092,ln(mPa*s),"InChI=1S/C6H13N/c7-6-4-2-1-3-5-6/h6H,1-5,7H2",308.15,K
0.4743325291567734,ln(mPa*s),"InChI=1S/C6H13N/c7-6-4-2-1-3-5-6/h6H,1-5,7H2",313.15,K
2.227060301943841,ln(mPa*s),"InChI=1S/C6H13N3O5/c1-2-3-4-7(8(10)11)5-6-14-9(12)13/h2-6H2,1H3",318.15,K
0.0898008186267678,ln(mPa*s),"InChI=1S/C6H13NO/c1-2-7-3-5-8-6-4-7/h2-6H2,1H3",298.0,K
0.203778780729973,ln(mPa*s),"InChI=1S/C6H13NO/c1-4-7(5-2)6(3)8/h4-5H2,1-3H3",298.16,K
2.831949405873377,ln(mPa*s),"InChI=1S/C6H13NO2/c8-4-1-7-2-5-9-6-3-7/h8H,1-6H2",313.15,K
-1.1630357304712926,ln(mPa*s),"InChI=1S/C6H14/c1-3-5-6-4-2/h3-6H2,1-2H3",293.15,K
-1.1706139984511368,ln(mPa*s),"InChI=1S/C6H14/c1-3-5-6-4-2/h3-6H2,1-2H3",298.0,K
-1.200798125996395,ln(mPa*s),"InChI=1S/C6H14/c1-3-5-6-4-2/h3-6H2,1-2H3",298.075,K
-1.1888246835128258,ln(mPa*s),"InChI=1S/C6H14/c1-3-5-6-4-2/h3-6H2,1-2H3",298.15,K
-1.221291133324042,ln(mPa*s),"InChI=1S/C6H14/c1-3-5-6-4-2/h3-6H2,1-2H3",300.65,K
-1.251454998042264,ln(mPa*s),"InChI=1S/C6H14/c1-3-5-6-4-2/h3-6H2,1-2H3",301.4833333333333,K
-1.2489221544399705,ln(mPa*s),"InChI=1S/C6H14/c1-3-5-6-4-2/h3-6H2,1-2H3",301.9,K
-1.272638780897809,ln(mPa*s),"InChI=1S/C6H14/c1-3-5-6-4-2/h3-6H2,1-2H3",303.0,K
-1.1395493625227533,ln(mPa*s),"InChI=1S/C6H14/c1-3-5-6-4-2/h3-6H2,1-2H3",303.15,K
-1.2450077597818805,ln(mPa*s),"InChI=1S/C6H14/c1-3-5-6-4-2/h3-6H2,1-2H3",305.65,K
-1.3016513530695342,ln(mPa*s),"InChI=1S/C6H14/c1-3-5-6-4-2/h3-6H2,1-2H3",306.15,K
-1.2811583457418871,ln(mPa*s),"InChI=1S/C6H14/c1-3-5-6-4-2/h3-6H2,1-2H3",306.8875,K
-1.2742505904629051,ln(mPa*s),"InChI=1S/C6H14/c1-3-5-6-4-2/h3-6H2,1-2H3",308.1,K
-1.3212233263599835,ln(mPa*s),"InChI=1S/C6H14/c1-3-5-6-4-2/h3-6H2,1-2H3",308.15,K
-1.291289720151061,ln(mPa*s),"InChI=1S/C6H14/c1-3-5-6-4-2/h3-6H2,1-2H3",309.15,K
-1.332275734806355,ln(mPa*s),"InChI=1S/C6H14/c1-3-5-6-4-2/h3-6H2,1-2H3",309.81666666666666,K
-1.322374618906481,ln(mPa*s),"InChI=1S/C6H14/c1-3-5-6-4-2/h3-6H2,1-2H3",310.65,K
-1.3962876003915896,ln(mPa*s),"InChI=1S/C6H14/c1-3-5-6-4-2/h3-6H2,1-2H3",313.0,K
-1.3523082251154033,ln(mPa*s),"InChI=1S/C6H14/c1-3-5-6-4-2/h3-6H2,1-2H3",313.15,K
-1.338492714557439,ln(mPa*s),"InChI=1S/C6H14/c1-3-5-6-4-2/h3-6H2,1-2H3",318.15,K
-1.4503983500769495,ln(mPa*s),"InChI=1S/C6H14/c1-3-5-6-4-2/h3-6H2,1-2H3",323.15,K
-1.3033382337832724,ln(mPa*s),"InChI=1S/C6H14/c1-4-5-6(2)3/h6H,4-5H2,1-3H3",298.0,K
-1.2848424818906776,ln(mPa*s),"InChI=1S/C6H14/c1-4-5-6(2)3/h6H,4-5H2,1-3H3",298.15,K
-1.18090753139494,ln(mPa*s),"InChI=1S/C6H14/c1-4-6(3)5-2/h6H,4-5H2,1-3H3",298.0,K
-1.2348763853727067,ln(mPa*s),"InChI=1S/C6H14/c1-4-6(3)5-2/h6H,4-5H2,1-3H3",298.15,K
-0.9541499228977172,ln(mPa*s),"InChI=1S/C6H14/c1-5(2)6(3)4/h5-6H,1-4H3",298.0,K
-1.0903938934469504,ln(mPa*s),"InChI=1S/C6H14/c1-5-6(2,3)4/h5H2,1-4H3",298.0,K
1.6659203147811923,ln(mPa*s),"InChI=1S/C6H14O/c1-2-3-4-5-6-7/h7H,2-6H2,1H3",293.15,K
1.602599224723856,ln(mPa*s),"InChI=1S/C6H14O/c1-2-3-4-5-6-7/h7H,2-6H2,1H3",295.65,K
1.5040773967762742,ln(mPa*s),"InChI=1S/C6H14O/c1-2-3-4-5-6-7/h7H,2-6H2,1H3",298.0,K
1.5005947051042197,ln(mPa*s),"InChI=1S/C6H14O/c1-2-3-4-5-6-7/h7H,2-6H2,1H3",298.15,K
1.3820115728150262,ln(mPa*s),"InChI=1S/C6H14O/c1-2-3-4-5-6-7/h7H,2-6H2,1H3",300.65,K
1.3060262647462229,ln(mPa*s),"InChI=1S/C6H14O/c1-2-3-4-5-6-7/h7H,2-6H2,1H3",303.15,K
1.355071327226996,ln(mPa*s),"InChI=1S/C6H14O/c1-2-3-4-5-6-7/h7H,2-6H2,1H3",304.4,K
1.2698756787862162,ln(mPa*s),"InChI=1S/C6H14O/c1-2-3-4-5-6-7/h7H,2-6H2,1H3",305.5,K
1.2922107541882586,ln(mPa*s),"InChI=1S/C6H14O/c1-2-3-4-5-6-7/h7H,2-6H2,1H3",305.65,K
1.201258643014994,ln(mPa*s),"InChI=1S/C6H14O/c1-2-3-4-5-6-7/h7H,2-6H2,1H3",308.075,K
1.2097782078590718,ln(mPa*s),"InChI=1S/C6H14O/c1-2-3-4-5-6-7/h7H,2-6H2,1H3",308.1,K
1.224284493944934,ln(mPa*s),"InChI=1S/C6H14O/c1-2-3-4-5-6-7/h7H,2-6H2,1H3",308.15,K
1.2001073504684967,ln(mPa*s),"InChI=1S/C6H14O/c1-2-3-4-5-6-7/h7H,2-6H2,1H3",308.9833333333333,K
1.1517530635156217,ln(mPa*s),"InChI=1S/C6H14O/c1-2-3-4-5-6-7/h7H,2-6H2,1H3",309.2875,K
1.1660290910921849,ln(mPa*s),"InChI=1S/C6H14O/c1-2-3-4-5-6-7/h7H,2-6H2,1H3",310.65,K
1.059189142777261,ln(mPa*s),"InChI=1S/C6H14O/c1-2-3-4-5-6-7/h7H,2-6H2,1H3",313.15,K
0.90883033620475,ln(mPa*s),"InChI=1S/C6H14O/c1-2-3-4-5-6-7/h7H,2-6H2,1H3",318.0,K
0.9486650583135467,ln(mPa*s),"InChI=1S/C6H14O/c1-2-3-4-5-6-7/h7H,2-6H2,1H3",318.15,K
0.8068258165851137,ln(mPa*s),"InChI=1S/C6H14O/c1-2-3-4-5-6-7/h7H,2-6H2,1H3",323.15,K
1.4320742129494022,ln(mPa*s),"InChI=1S/C6H14O/c1-3-4-5-6(2)7/h6-7H,3-5H2,1-2H3",298.0,K
1.4121754375332485,ln(mPa*s),"InChI=1S/C6H14O/c1-3-4-5-6(2)7/h6-7H,3-5H2,1-2H3",298.15,K
1.3285915986575645,ln(mPa*s),"InChI=1S/C6H14O/c1-3-4-5-6(2)7/h6-7H,3-5H2,1-2H3",300.65,K
1.2413236236330902,ln(mPa*s),"InChI=1S/C6H14O/c1-3-4-5-6(2)7/h6-7H,3-5H2,1-2H3",303.15,K
1.1179050626486091,ln(mPa*s),"InChI=1S/C6H14O/c1-3-4-5-6(2)7/h6-7H,3-5H2,1-2H3",305.65,K
1.0306370876241349,ln(mPa*s),"InChI=1S/C6H14O/c1-3-4-5-6(2)7/h6-7H,3-5H2,1-2H3",308.15,K
0.9166591255209297,ln(mPa*s),"InChI=1S/C6H14O/c1-3-4-5-6(2)7/h6-7H,3-5H2,1-2H3",310.65,K
0.8319239940987488,ln(mPa*s),"InChI=1S/C6H14O/c1-3-4-5-6(2)7/h6-7H,3-5H2,1-2H3",313.15,K
-0.8247859803104672,ln(mPa*s),"InChI=1S/C6H14O/c1-3-4-5-6-7-2/h3-6H2,1-2H3",298.0,K
1.7115114996224745,ln(mPa*s),"InChI=1S/C6H14O/c1-3-4-6(2)5-7/h6-7H,3-5H2,1-2H3",298.0,K
1.6684531583834856,ln(mPa*s),"InChI=1S/C6H14O/c1-3-4-6(2)5-7/h6-7H,3-5H2,1-2H3",298.15,K
1.160963403887598,ln(mPa*s),"InChI=1S/C6H14O/c1-3-4-6(2)5-7/h6-7H,3-5H2,1-2H3",313.15,K
1.6028294832331555,ln(mPa*s),"InChI=1S/C6H14O/c1-3-5-6(7)4-2/h6-7H,3-5H2,1-2H3",298.0,K
1.4678979967837045,ln(mPa*s),"InChI=1S/C6H14O/c1-3-5-6(7)4-2/h6-7H,3-5H2,1-2H3",298.15,K
0.855410362047288,ln(mPa*s),"InChI=1S/C6H14O/c1-3-5-6(7)4-2/h6-7H,3-5H2,1-2H3",313.15,K
-0.9084010241799758,ln(mPa*s),"InChI=1S/C6H14O/c1-3-5-6-7-4-2/h3-6H2,1-2H3",298.0,K
-0.949816350860044,ln(mPa*s),"InChI=1S/C6H14O/c1-3-5-6-7-4-2/h3-6H2,1-2H3",298.2,K
-0.972611943280685,ln(mPa*s),"InChI=1S/C6H14O/c1-3-5-6-7-4-2/h3-6H2,1-2H3",303.15,K
-0.9102118872605464,ln(mPa*s),"InChI=1S/C6H14O/c1-3-5-7-6-4-2/h3-6H2,1-2H3",298.15,K
1.5524028696965857,ln(mPa*s),"InChI=1S/C6H14O/c1-3-6(2)4-5-7/h6-7H,3-5H2,1-2H3",298.0,K
1.7729905216054154,ln(mPa*s),"InChI=1S/C6H14O/c1-3-6(4-2)5-7/h6-7H,3-5H2,1-2H3",298.0,K
1.7612473376311455,ln(mPa*s),"InChI=1S/C6H14O/c1-3-6(4-2)5-7/h6-7H,3-5H2,1-2H3",298.15,K
0.7253143042931245,ln(mPa*s),"InChI=1S/C6H14O/c1-4-5-6(2,3)7/h7H,4-5H2,1-3H3",313.15,K
1.365432960145469,ln(mPa*s),"InChI=1S/C6H14O/c1-4-6(3,7)5-2/h7H,4-5H2,1-3H3",298.15,K
-1.026031917438147,ln(mPa*s),"InChI=1S/C6H14O/c1-4-7-5-6(2)3/h6H,4-5H2,1-3H3",298.0,K
1.404576906726368,ln(mPa*s),"InChI=1S/C6H14O/c1-5(2)4-6(3)7/h5-7H,4H2,1-3H3",298.0,K
1.3410255581597323,ln(mPa*s),"InChI=1S/C6H14O/c1-5(2)4-6(3)7/h5-7H,4H2,1-3H3",298.15,K
0.8056745240386166,ln(mPa*s),"InChI=1S/C6H14O/c1-5(2)4-6(3)7/h5-7H,4H2,1-3H3",313.15,K
-1.059189142777261,ln(mPa*s),"InChI=1S/C6H14O/c1-5(2)7-6(3)4/h5-6H,1-4H3",298.0,K
-1.155206941155113,ln(mPa*s),"InChI=1S/C6H14O/c1-5(2)7-6(3)4/h5-6H,1-4H3",298.15,K
-1.2001073504684967,ln(mPa*s),"InChI=1S/C6H14O/c1-5(2)7-6(3)4/h5-6H,1-4H3",303.15,K
-1.2447775012725812,ln(mPa*s),"InChI=1S/C6H14O/c1-5(2)7-6(3)4/h5-6H,1-4H3",308.15,K
-1.2539878416445571,ln(mPa*s),"InChI=1S/C6H14O/c1-5(2)7-6(3)4/h5-6H,1-4H3",308.9833333333333,K
-1.1487597028947296,ln(mPa*s),"InChI=1S/C6H14O/c1-5-6(2,3)7-4/h5H2,1-4H3",298.0,K
-0.8998502543420731,ln(mPa*s),"InChI=1S/C6H14O/c1-5-6(2,3)7-4/h5H2,1-4H3",303.15,K
-0.9461322147112534,ln(mPa*s),"InChI=1S/C6H14O/c1-5-6(2,3)7-4/h5H2,1-4H3",308.15,K
-0.997019345266422,ln(mPa*s),"InChI=1S/C6H14O/c1-5-6(2,3)7-4/h5H2,1-4H3",313.15,K
-0.6847888066564293,ln(mPa*s),"InChI=1S/C6H14O/c1-5-7-6(2,3)4/h5H2,1-4H3",298.15,K
1.0488487536878326,ln(mPa*s),"InChI=1S/C6H14O2/c1-2-3-5-8-6-4-7/h7H,2-6H2,1H3",298.0,K
1.03639355035662,ln(mPa*s),"InChI=1S/C6H14O2/c1-2-3-5-8-6-4-7/h7H,2-6H2,1H3",298.15,K
0.9295536020416963,ln(mPa*s),"InChI=1S/C6H14O2/c1-2-3-5-8-6-4-7/h7H,2-6H2,1H3",303.15,K
0.8731402672633422,ln(mPa*s),"InChI=1S/C6H14O2/c1-2-3-5-8-6-4-7/h7H,2-6H2,1H3",303.21,K
0.7559386860299452,ln(mPa*s),"InChI=1S/C6H14O2/c1-2-3-5-8-6-4-7/h7H,2-6H2,1H3",308.0,K
0.8010693538526286,ln(mPa*s),"InChI=1S/C6H14O2/c1-2-3-5-8-6-4-7/h7H,2-6H2,1H3",308.15,K
0.7342943861558012,ln(mPa*s),"InChI=1S/C6H14O2/c1-2-3-5-8-6-4-7/h7H,2-6H2,1H3",310.15,K
0.779655312487784,ln(mPa*s),"InChI=1S/C6H14O2/c1-2-3-5-8-6-4-7/h7H,2-6H2,1H3",310.65,K
0.6986043172143935,ln(mPa*s),"InChI=1S/C6H14O2/c1-2-3-5-8-6-4-7/h7H,2-6H2,1H3",313.15,K
0.8781094182999416,ln(mPa*s),"InChI=1S/C6H14O2/c1-3-4-8-5-6(2)7/h6-7H,3-5H2,1-2H3",298.0,K
0.7563992030485441,ln(mPa*s),"InChI=1S/C6H14O2/c1-3-4-8-5-6(2)7/h6-7H,3-5H2,1-2H3",303.15,K
0.6062706549853323,ln(mPa*s),"InChI=1S/C6H14O2/c1-3-4-8-5-6(2)7/h6-7H,3-5H2,1-2H3",308.15,K
3.5807500781150408,ln(mPa*s),"InChI=1S/C6H14O2/c1-3-6(8)5(2)4-7/h5-8H,3-4H2,1-2H3",298.0,K
-0.5788698923787031,ln(mPa*s),"InChI=1S/C6H14O2/c1-3-7-5-6-8-4-2/h3-6H2,1-2H3",303.15,K
-0.8289306334778564,ln(mPa*s),"InChI=1S/C6H14O2/c1-4-7-6(3)8-5-2/h6H,4-5H2,1-3H3",298.0,K
-0.9585661742134212,ln(mPa*s),"InChI=1S/C6H14O2/c1-4-7-6(3)8-5-2/h6H,4-5H2,1-3H3",308.1,K
1.6488811850930365,ln(mPa*s),"InChI=1S/C6H14O2/c1-5(2)8-4-6(3)7/h5-7H,4H2,1-3H3",298.0,K
1.2028704525800895,ln(mPa*s),"InChI=1S/C6H14O2/c1-6(2)5-8-4-3-7/h6-7H,3-5H2,1-2H3",298.15,K
1.3694007468304077,ln(mPa*s),"InChI=1S/C6H14O3/c1-2-8-5-6-9-4-3-7/h7H,2-6H2,1H3",298.0,K
1.3792484707034334,ln(mPa*s),"InChI=1S/C6H14O3/c1-2-8-5-6-9-4-3-7/h7H,2-6H2,1H3",298.15,K
1.111457824388226,ln(mPa*s),"InChI=1S/C6H14O3/c1-2-8-5-6-9-4-3-7/h7H,2-6H2,1H3",300.65,K
1.0525116460075783,ln(mPa*s),"InChI=1S/C6H14O3/c1-2-8-5-6-9-4-3-7/h7H,2-6H2,1H3",303.15,K
1.118365579667208,ln(mPa*s),"InChI=1S/C6H14O3/c1-2-8-5-6-9-4-3-7/h7H,2-6H2,1H3",305.65,K
1.0787611160677106,ln(mPa*s),"InChI=1S/C6H14O3/c1-2-8-5-6-9-4-3-7/h7H,2-6H2,1H3",308.15,K
4.430864494448442,ln(mPa*s),"InChI=1S/C6H14O3/c1-5(7)3-9-4-6(2)8/h5-8H,3-4H2,1-2H3",298.0,K
-0.0202027073175194,ln(mPa*s),"InChI=1S/C6H14O3/c1-7-3-5-9-6-4-8-2/h3-6H2,1-2H3",298.0,K
-0.1376945885610439,ln(mPa*s),"InChI=1S/C6H14O3/c1-7-3-5-9-6-4-8-2/h3-6H2,1-2H3",305.65,K
-0.1667071607327689,ln(mPa*s),"InChI=1S/C6H14O3/c1-7-3-5-9-6-4-8-2/h3-6H2,1-2H3",308.15,K
-0.2429227273108718,ln(mPa*s),"InChI=1S/C6H14O3/c1-7-3-5-9-6-4-8-2/h3-6H2,1-2H3",313.15,K
-0.3175264843238789,ln(mPa*s),"InChI=1S/C6H14O3/c1-7-3-5-9-6-4-8-2/h3-6H2,1-2H3",318.15,K
3.833343662816488,ln(mPa*s),"InChI=1S/C6H14O3/c7-3-1-5-9-6-2-4-8/h7-8H,1-6H2",305.65,K
3.606041175804932,ln(mPa*s),"InChI=1S/C6H14O4/c7-1-3-9-5-6-10-4-2-8/h7-8H,1-6H2",298.0,K
3.621736092770335,ln(mPa*s),"InChI=1S/C6H14O4/c7-1-3-9-5-6-10-4-2-8/h7-8H,1-6H2",298.1,K
3.5425271655713395,ln(mPa*s),"InChI=1S/C6H14O4/c7-1-3-9-5-6-10-4-2-8/h7-8H,1-6H2",298.15,K
3.274966777765431,ln(mPa*s),"InChI=1S/C6H14O4/c7-1-3-9-5-6-10-4-2-8/h7-8H,1-6H2",305.65,K
3.191152680380448,ln(mPa*s),"InChI=1S/C6H14O4/c7-1-3-9-5-6-10-4-2-8/h7-8H,1-6H2",308.15,K
3.1591467475878314,ln(mPa*s),"InChI=1S/C6H14O4/c7-1-3-9-5-6-10-4-2-8/h7-8H,1-6H2",308.9833333333333,K
3.0564514524402964,ln(mPa*s),"InChI=1S/C6H14O4/c7-1-3-9-5-6-10-4-2-8/h7-8H,1-6H2",310.65,K
0.5365023266676128,ln(mPa*s),"InChI=1S/C6H14O5/c1-7-3-9-5-11-6-10-4-8-2/h3-6H2,1-2H3",303.15,K
-0.3387102671794241,ln(mPa*s),"InChI=1S/C6H14S/c1-2-3-4-5-6-7/h7H,2-6H2,1H3",298.0,K
-0.4957465705216181,ln(mPa*s),"InChI=1S/C6H14S/c1-3-4-5-6-7-2/h3-6H2,1-2H3",298.0,K
-0.4328859974828806,ln(mPa*s),"InChI=1S/C6H14S/c1-3-5-7-6-4-2/h3-6H2,1-2H3",298.0,K
-0.4932137269193246,ln(mPa*s),"InChI=1S/C6H14S/c1-5(2)7-6(3)4/h5-6H,1-4H3",298.0,K
-0.4243664326388026,ln(mPa*s),"InChI=1S/C6H14S/c1-5-6(2,3)7-4/h5H2,1-4H3",298.0,K
-0.3783147307789217,ln(mPa*s),"InChI=1S/C6H14S/c1-5-7-6(2,3)4/h5H2,1-4H3",298.0,K
0.2571987548874349,ln(mPa*s),"InChI=1S/C6H14S2/c1-3-5-7-8-6-4-2/h3-6H2,1-2H3",298.0,K
0.1648650926583736,ln(mPa*s),"InChI=1S/C6H14S2/c1-5-7-8-6(2,3)4/h5H2,1-4H3",298.0,K
-0.3596637915256699,ln(mPa*s),"InChI=1S/C6H15N/c1-2-3-4-5-6-7/h2-7H2,1H3",303.15,K
-0.4140047997203294,ln(mPa*s),"InChI=1S/C6H15N/c1-2-3-4-5-6-7/h2-7H2,1H3",308.15,K
-0.7499519647881607,ln(mPa*s),"InChI=1S/C6H15N/c1-3-5-7-6-4-2/h7H,3-6H2,1-2H3",303.15,K
-0.8169571909942875,ln(mPa*s),"InChI=1S/C6H15N/c1-3-5-7-6-4-2/h7H,3-6H2,1-2H3",308.15,K
-0.8597852737239767,ln(mPa*s),"InChI=1S/C6H15N/c1-3-5-7-6-4-2/h7H,3-6H2,1-2H3",313.15,K
-0.8611668247797731,ln(mPa*s),"InChI=1S/C6H15N/c1-4-5-6-7(2)3/h4-6H2,1-3H3",298.0,K
-1.0051219455807707,ln(mPa*s),"InChI=1S/C6H15N/c1-4-7(5-2)6-3/h4-6H2,1-3H3",298.0,K
-1.0103743388057873,ln(mPa*s),"InChI=1S/C6H15N/c1-5(2)7-6(3)4/h5-7H,1-4H3",303.15,K
2.3164006035520104,ln(mPa*s),"InChI=1S/C6H15NO/c1-2-3-4-7-5-6-8/h7-8H,2-6H2,1H3",308.15,K
1.3887912413184778,ln(mPa*s),"InChI=1S/C6H15NO/c1-3-7(4-2)5-6-8/h8H,3-6H2,1-2H3",298.0,K
1.0815242181793034,ln(mPa*s),"InChI=1S/C6H15NO/c1-3-7(4-2)5-6-8/h8H,3-6H2,1-2H3",308.15,K
1.0283345025311408,ln(mPa*s),"InChI=1S/C6H15NO/c1-3-7(4-2)5-6-8/h8H,3-6H2,1-2H3",309.4,K
0.9118236968256422,ln(mPa*s),"InChI=1S/C6H15NO/c1-3-7(4-2)5-6-8/h8H,3-6H2,1-2H3",313.15,K
4.156166092854253,ln(mPa*s),"InChI=1S/C6H15NO2/c1-2-7(3-5-8)4-6-9/h8-9H,2-6H2,1H3",298.0,K
3.3615439772620075,ln(mPa*s),"InChI=1S/C6H15NO2/c1-2-7(3-5-8)4-6-9/h8-9H,2-6H2,1H3",313.15,K
5.907051797566925,ln(mPa*s),"InChI=1S/C6H15NO3/c8-4-1-7(2-5-9)3-6-10/h8-10H,1-6H2",304.81666666666666,K
5.706957152985742,ln(mPa*s),"InChI=1S/C6H15NO3/c8-4-1-7(2-5-9)3-6-10/h8-10H,1-6H2",308.15,K
5.016642142106128,ln(mPa*s),"InChI=1S/C6H15NO3/c8-4-1-7(2-5-9)3-6-10/h8-10H,1-6H2",318.15,K
-0.4303531538805872,ln(mPa*s),"InChI=1S/C6H15O3P/c1-4-7-10(8-5-2)9-6-3/h4-6H2,1-3H3",298.0,K
-0.3594335330163705,ln(mPa*s),"InChI=1S/C6H15O3P/c1-4-7-10(8-5-2)9-6-3/h4-6H2,1-3H3",298.15,K
0.4075575614599461,ln(mPa*s),"InChI=1S/C6H15O4P/c1-4-8-11(7,9-5-2)10-6-3/h4-6H2,1-3H3",298.15,K
-0.7052818139840763,ln(mPa*s),"InChI=1S/C6H16N2/c1-7(2)5-6-8(3)4/h5-6H2,1-4H3",313.15,K
0.6939991470284055,ln(mPa*s),"InChI=1S/C6H16O3SSi/c1-7-11(8-2,9-3)6-4-5-10/h10H,4-6H2,1-3H3",298.0,K
-0.6677496769682733,ln(mPa*s),"InChI=1S/C6H16O3Si/c1-4-7-10(8-5-2)9-6-3/h10H,4-6H2,1-3H3",298.0,K
-0.9440598881275588,ln(mPa*s),"InChI=1S/C6H16Si/c1-4-7(5-2)6-3/h7H,4-6H2,1-3H3",298.0,K
2.7508984105999867,ln(mPa*s),"InChI=1S/C6H18N4/c7-1-3-9-5-6-10-4-2-8/h9-10H,1-8H2",313.15,K
-0.0690775527898213,ln(mPa*s),"InChI=1S/C6H18O3Si3/c1-10(2)7-11(3,4)9-12(5,6)8-10/h1-6H3",298.0,K
-0.7207091341071363,ln(mPa*s),"InChI=1S/C6H18OSi2/c1-8(2,3)7-9(4,5)6/h1-6H3",298.0,K
-0.4213730720179104,ln(mPa*s),"InChI=1S/C6H19NSi2/c1-8(2,3)7-9(4,5)6/h7H,1-6H3",298.0,K
0.6320596080268657,ln(mPa*s),InChI=1S/C6H3Cl3/c7-4-1-2-5(8)6(9)3-4/h1-3H,298.0,K
0.4780166653055639,ln(mPa*s),InChI=1S/C6H3Cl3/c7-4-1-2-5(8)6(9)3-4/h1-3H,303.15,K
0.5314366394630258,ln(mPa*s),InChI=1S/C6H3Cl3/c7-4-1-2-5(8)6(9)3-4/h1-3H,305.65,K
0.3838409350021074,ln(mPa*s),InChI=1S/C6H3Cl3/c7-4-1-2-5(8)6(9)3-4/h1-3H,313.15,K
1.1054711031464417,ln(mPa*s),InChI=1S/C6H4Br2/c7-5-2-1-3-6(8)4-5/h1-4H,298.0,K
0.0326967083205154,ln(mPa*s),InChI=1S/C6H4Cl2/c7-5-2-1-3-6(8)4-5/h1-4H,298.0,K
0.0246376604950362,ln(mPa*s),InChI=1S/C6H4Cl2/c7-5-2-1-3-6(8)4-5/h1-4H,303.15,K
-0.0817417708012886,ln(mPa*s),InChI=1S/C6H4Cl2/c7-5-2-1-3-6(8)4-5/h1-4H,305.65,K
-0.0978598664522469,ln(mPa*s),InChI=1S/C6H4Cl2/c7-5-2-1-3-6(8)4-5/h1-4H,308.15,K
-0.1662466437141701,ln(mPa*s),InChI=1S/C6H4Cl2/c7-5-2-1-3-6(8)4-5/h1-4H,313.15,K
0.2647972856943152,ln(mPa*s),InChI=1S/C6H4Cl2/c7-5-3-1-2-4-6(5)8/h1-4H,298.0,K
0.2638762516571176,ln(mPa*s),InChI=1S/C6H4Cl2/c7-5-3-1-2-4-6(5)8/h1-4H,303.15,K
0.1740754330303498,ln(mPa*s),InChI=1S/C6H4Cl2/c7-5-3-1-2-4-6(5)8/h1-4H,305.65,K
0.0999321930359416,ln(mPa*s),InChI=1S/C6H4Cl2/c7-5-3-1-2-4-6(5)8/h1-4H,308.15,K
0.05411074968536,ln(mPa*s),InChI=1S/C6H4Cl2/c7-5-3-1-2-4-6(5)8/h1-4H,313.15,K
-0.5079502715144865,ln(mPa*s),InChI=1S/C6H4F2/c7-5-1-2-6(8)4-3-5/h1-4H,298.0,K
-0.6124876347364162,ln(mPa*s),InChI=1S/C6H4F2/c7-5-2-1-3-6(8)4-5/h1-4H,298.0,K
-0.5841658380925894,ln(mPa*s),InChI=1S/C6H4F2/c7-5-3-1-2-4-6(5)8/h1-4H,298.0,K
0.1328591598657564,ln(mPa*s),InChI=1S/C6H5Br/c7-6-4-2-1-3-5-6/h1-5H,293.15,K
0.0658539336596297,ln(mPa*s),InChI=1S/C6H5Br/c7-6-4-2-1-3-5-6/h1-5H,298.0,K
0.0340782593763118,ln(mPa*s),InChI=1S/C6H5Br/c7-6-4-2-1-3-5-6/h1-5H,300.65,K
0.013124735030066,ln(mPa*s),InChI=1S/C6H5Br/c7-6-4-2-1-3-5-6/h1-5H,303.15,K
-0.0112826669556708,ln(mPa*s),InChI=1S/C6H5Br/c7-6-4-2-1-3-5-6/h1-5H,305.65,K
-0.0402952391273958,ln(mPa*s),InChI=1S/C6H5Br/c7-6-4-2-1-3-5-6/h1-5H,308.0,K
-0.0545712667039588,ln(mPa*s),InChI=1S/C6H5Br/c7-6-4-2-1-3-5-6/h1-5H,308.15,K
-0.1360827789959481,ln(mPa*s),InChI=1S/C6H5Br/c7-6-4-2-1-3-5-6/h1-5H,313.15,K
-0.2157522232135421,ln(mPa*s),InChI=1S/C6H5Cl/c7-6-4-2-1-3-5-6/h1-5H,293.15,K
-0.1835160319116254,ln(mPa*s),InChI=1S/C6H5Cl/c7-6-4-2-1-3-5-6/h1-5H,295.65,K
-0.2804548643266748,ln(mPa*s),InChI=1S/C6H5Cl/c7-6-4-2-1-3-5-6/h1-5H,298.0,K
-0.2797640887987765,ln(mPa*s),InChI=1S/C6H5Cl/c7-6-4-2-1-3-5-6/h1-5H,298.15,K
-0.3396313012166218,ln(mPa*s),InChI=1S/C6H5Cl/c7-6-4-2-1-3-5-6/h1-5H,300.65,K
-0.3198290694168729,ln(mPa*s),InChI=1S/C6H5Cl/c7-6-4-2-1-3-5-6/h1-5H,301.9,K
-0.3377892331422265,ln(mPa*s),InChI=1S/C6H5Cl/c7-6-4-2-1-3-5-6/h1-5H,303.15,K
-0.3633479276744604,ln(mPa*s),InChI=1S/C6H5Cl/c7-6-4-2-1-3-5-6/h1-5H,305.65,K
-0.3757818871766283,ln(mPa*s),InChI=1S/C6H5Cl/c7-6-4-2-1-3-5-6/h1-5H,306.15,K
-0.3578217234512748,ln(mPa*s),InChI=1S/C6H5Cl/c7-6-4-2-1-3-5-6/h1-5H,306.4833333333333,K
-0.3988077381065687,ln(mPa*s),InChI=1S/C6H5Cl/c7-6-4-2-1-3-5-6/h1-5H,308.0,K
-0.4024918742553592,ln(mPa*s),InChI=1S/C6H5Cl/c7-6-4-2-1-3-5-6/h1-5H,308.15,K
-0.3658807712767539,ln(mPa*s),InChI=1S/C6H5Cl/c7-6-4-2-1-3-5-6/h1-5H,309.27,K
-0.4188402284156169,ln(mPa*s),InChI=1S/C6H5Cl/c7-6-4-2-1-3-5-6/h1-5H,310.65,K
-0.4483133176059408,ln(mPa*s),InChI=1S/C6H5Cl/c7-6-4-2-1-3-5-6/h1-5H,313.15,K
-0.4796284748706598,ln(mPa*s),InChI=1S/C6H5Cl/c7-6-4-2-1-3-5-6/h1-5H,318.15,K
0.3018689056915194,ln(mPa*s),"InChI=1S/C6H5Cl3Si/c7-10(8,9)6-4-2-1-3-5-6/h1-5H",298.0,K
1.2774742095930969,ln(mPa*s),"InChI=1S/C6H5ClO/c7-5-3-1-2-4-6(5)8/h1-4,8H",298.0,K
1.2180675141938504,ln(mPa*s),"InChI=1S/C6H5ClO/c7-5-3-1-2-4-6(5)8/h1-4,8H",298.15,K
1.134713933827466,ln(mPa*s),"InChI=1S/C6H5ClO/c7-5-3-1-2-4-6(5)8/h1-4,8H",303.15,K
1.0497485438959857,ln(mPa*s),"InChI=1S/C6H5ClO/c7-5-3-1-2-4-6(5)8/h1-4,8H",306.15,K
1.0092230462592904,ln(mPa*s),"InChI=1S/C6H5ClO/c7-5-3-1-2-4-6(5)8/h1-4,8H",306.18125,K
0.9341587722276844,ln(mPa*s),"InChI=1S/C6H5ClO/c7-5-3-1-2-4-6(5)8/h1-4,8H",308.0,K
0.8577129471402821,ln(mPa*s),"InChI=1S/C6H5ClO/c7-5-3-1-2-4-6(5)8/h1-4,8H",308.15,K
0.8692258726052523,ln(mPa*s),"InChI=1S/C6H5ClO/c7-5-3-1-2-4-6(5)8/h1-4,8H",310.65,K
-0.5832448040553919,ln(mPa*s),InChI=1S/C6H5F/c7-6-4-2-1-3-5-6/h1-5H,298.0,K
-0.7209393926164357,ln(mPa*s),InChI=1S/C6H5F/c7-6-4-2-1-3-5-6/h1-5H,308.15,K
-0.5001214821983068,ln(mPa*s),"InChI=1S/C6H5F9O/c1-2-16-6(14,15)4(9,10)3(7,8)5(11,12)13/h2H2,1H3",297.8,K
-0.5001214821983068,ln(mPa*s),"InChI=1S/C6H5F9O/c1-2-16-6(14,15)4(9,10)3(7,8)5(11,12)13/h2H2,1H3",298.2,K
0.551469129772074,ln(mPa*s),InChI=1S/C6H5I/c7-6-4-2-1-3-5-6/h1-5H,293.15,K
0.4467015080408449,ln(mPa*s),InChI=1S/C6H5I/c7-6-4-2-1-3-5-6/h1-5H,298.0,K
0.7050515554747769,ln(mPa*s),InChI=1S/C6H5NO2/c8-7(9)6-4-2-1-3-5-6/h1-5H,293.15,K
0.6797231194518424,ln(mPa*s),InChI=1S/C6H5NO2/c8-7(9)6-4-2-1-3-5-6/h1-5H,295.65,K
0.6149888236690793,ln(mPa*s),InChI=1S/C6H5NO2/c8-7(9)6-4-2-1-3-5-6/h1-5H,298.0,K
0.6207769410711947,ln(mPa*s),InChI=1S/C6H5NO2/c8-7(9)6-4-2-1-3-5-6/h1-5H,298.15,K
0.4768653727590669,ln(mPa*s),InChI=1S/C6H5NO2/c8-7(9)6-4-2-1-3-5-6/h1-5H,303.15,K
0.4448594399664496,ln(mPa*s),InChI=1S/C6H5NO2/c8-7(9)6-4-2-1-3-5-6/h1-5H,305.65,K
0.3562099138861789,ln(mPa*s),InChI=1S/C6H5NO2/c8-7(9)6-4-2-1-3-5-6/h1-5H,308.15,K
0.4747930461753722,ln(mPa*s),InChI=1S/C6H5NO2/c8-7(9)6-4-2-1-3-5-6/h1-5H,308.9833333333333,K
0.3856830030765027,ln(mPa*s),InChI=1S/C6H5NO2/c8-7(9)6-4-2-1-3-5-6/h1-5H,313.15,K
-0.4384122017060664,ln(mPa*s),InChI=1S/C6H6/c1-2-4-6-5-3-1/h1-6H,293.15,K
-0.4630498622011026,ln(mPa*s),InChI=1S/C6H6/c1-2-4-6-5-3-1/h1-6H,295.65,K
-0.4938619752880359,ln(mPa*s),InChI=1S/C6H6/c1-2-4-6-5-3-1/h1-6H,298.0,K
-0.5028845843098997,ln(mPa*s),InChI=1S/C6H6/c1-2-4-6-5-3-1/h1-6H,298.075,K
-0.5091015640609835,ln(mPa*s),InChI=1S/C6H6/c1-2-4-6-5-3-1/h1-6H,298.1,K
-0.5061082034400913,ln(mPa*s),InChI=1S/C6H6/c1-2-4-6-5-3-1/h1-6H,298.15,K
-0.5061082034400913,ln(mPa*s),InChI=1S/C6H6/c1-2-4-6-5-3-1/h1-6H,298.16,K
-0.4920624343728276,ln(mPa*s),InChI=1S/C6H6/c1-2-4-6-5-3-1/h1-6H,298.43333333333334,K
-0.5348905171025169,ln(mPa*s),InChI=1S/C6H6/c1-2-4-6-5-3-1/h1-6H,300.4833333333333,K
-0.5341997415746187,ln(mPa*s),InChI=1S/C6H6/c1-2-4-6-5-3-1/h1-6H,300.65,K
-0.5459429255488883,ln(mPa*s),InChI=1S/C6H6/c1-2-4-6-5-3-1/h1-6H,301.17875,K
-0.5447916330023913,ln(mPa*s),InChI=1S/C6H6/c1-2-4-6-5-3-1/h1-6H,301.4833333333333,K
-0.5726529126276192,ln(mPa*s),InChI=1S/C6H6/c1-2-4-6-5-3-1/h1-6H,302.85,K
-0.5724226541183198,ln(mPa*s),InChI=1S/C6H6/c1-2-4-6-5-3-1/h1-6H,303.15,K
-0.5876197157320805,ln(mPa*s),InChI=1S/C6H6/c1-2-4-6-5-3-1/h1-6H,304.71666666666664,K
-0.5876197157320805,ln(mPa*s),InChI=1S/C6H6/c1-2-4-6-5-3-1/h1-6H,305.5375,K
-0.59936289970635,ln(mPa*s),InChI=1S/C6H6/c1-2-4-6-5-3-1/h1-6H,305.65,K
-0.6122573762271168,ln(mPa*s),InChI=1S/C6H6/c1-2-4-6-5-3-1/h1-6H,306.15,K
-0.6120271177178174,ln(mPa*s),InChI=1S/C6H6/c1-2-4-6-5-3-1/h1-6H,306.43333333333334,K
-0.6007444507621467,ln(mPa*s),InChI=1S/C6H6/c1-2-4-6-5-3-1/h1-6H,306.65714285714284,K
-0.6228492676548895,ln(mPa*s),InChI=1S/C6H6/c1-2-4-6-5-3-1/h1-6H,306.8875,K
-0.5779488583415056,ln(mPa*s),InChI=1S/C6H6/c1-2-4-6-5-3-1/h1-6H,307.1045454545454,K
-1.1743183974269635,ln(mPa*s),InChI=1S/C6H6/c1-2-4-6-5-3-1/h1-6H,307.4,K
-0.6251518527478835,ln(mPa*s),InChI=1S/C6H6/c1-2-4-6-5-3-1/h1-6H,308.0,K
-0.6373555537407519,ln(mPa*s),InChI=1S/C6H6/c1-2-4-6-5-3-1/h1-6H,308.15,K
-0.552620422318571,ln(mPa*s),InChI=1S/C6H6/c1-2-4-6-5-3-1/h1-6H,309.04090909090905,K
-0.6454146015662311,ln(mPa*s),InChI=1S/C6H6/c1-2-4-6-5-3-1/h1-6H,309.2875,K
-0.6633747652915847,ln(mPa*s),InChI=1S/C6H6/c1-2-4-6-5-3-1/h1-6H,309.4,K
-0.6548552004475067,ln(mPa*s),InChI=1S/C6H6/c1-2-4-6-5-3-1/h1-6H,309.81666666666666,K
-0.5180816459236603,ln(mPa*s),InChI=1S/C6H6/c1-2-4-6-5-3-1/h1-6H,310.65,K
-0.6235400431827876,ln(mPa*s),InChI=1S/C6H6/c1-2-4-6-5-3-1/h1-6H,311.43,K
-0.6783415683960459,ln(mPa*s),InChI=1S/C6H6/c1-2-4-6-5-3-1/h1-6H,311.7,K
-0.686400616221525,ln(mPa*s),InChI=1S/C6H6/c1-2-4-6-5-3-1/h1-6H,311.9,K
-0.7055120724933757,ln(mPa*s),InChI=1S/C6H6/c1-2-4-6-5-3-1/h1-6H,313.0,K
-0.689163718333118,ln(mPa*s),InChI=1S/C6H6/c1-2-4-6-5-3-1/h1-6H,313.15,K
-0.7018279363445852,ln(mPa*s),InChI=1S/C6H6/c1-2-4-6-5-3-1/h1-6H,317.85,K
-0.7575504955950412,ln(mPa*s),InChI=1S/C6H6/c1-2-4-6-5-3-1/h1-6H,318.15,K
-0.833766062173144,ln(mPa*s),InChI=1S/C6H6/c1-2-4-6-5-3-1/h1-6H,323.15,K
1.228198888603024,ln(mPa*s),"InChI=1S/C6H6ClN/c7-5-2-1-3-6(8)4-5/h1-4H,8H2",313.15,K
0.8247859803104672,ln(mPa*s),"InChI=1S/C6H6ClN/c7-5-3-1-2-4-6(5)8/h1-4H,8H2",310.65,K
1.120668164760202,ln(mPa*s),"InChI=1S/C6H6ClN/c7-5-3-1-2-4-6(5)8/h1-4H,8H2",313.15,K
0.774589625283197,ln(mPa*s),"InChI=1S/C6H6N2/c7-5-3-1-2-4-6-8/h1,3H,2,4H2/b3-1+",298.0,K
0.8537985524821923,ln(mPa*s),"InChI=1S/C6H6N2/c7-5-3-1-2-4-6-8/h1,3H,2,4H2/b3-1-",298.0,K
2.028148247292285,ln(mPa*s),"InChI=1S/C6H6O/c7-6-4-2-1-3-5-6/h1-5,7H",298.0,K
1.5367452910642263,ln(mPa*s),"InChI=1S/C6H6O/c7-6-4-2-1-3-5-6/h1-5,7H",308.15,K
1.6369077426094671,ln(mPa*s),"InChI=1S/C6H6O/c7-6-4-2-1-3-5-6/h1-5,7H",310.625,K
1.6044412927982512,ln(mPa*s),"InChI=1S/C6H6O/c7-6-4-2-1-3-5-6/h1-5,7H",313.0,K
1.5664486387638494,ln(mPa*s),"InChI=1S/C6H6O/c7-6-4-2-1-3-5-6/h1-5,7H",313.05,K
1.5560870058453762,ln(mPa*s),"InChI=1S/C6H6O/c7-6-4-2-1-3-5-6/h1-5,7H",313.15,K
1.5560870058453762,ln(mPa*s),"InChI=1S/C6H6O/c7-6-4-2-1-3-5-6/h1-5,7H",313.35,K
1.3718801984058526,ln(mPa*s),"InChI=1S/C6H6O/c7-6-4-2-1-3-5-6/h1-5,7H",318.1,K
1.2044822621451854,ln(mPa*s),"InChI=1S/C6H6O/c7-6-4-2-1-3-5-6/h1-5,7H",318.15,K
1.2627376649979347,ln(mPa*s),"InChI=1S/C6H6O/c7-6-4-2-1-3-5-6/h1-5,7H",323.15,K
0.1418392417284332,ln(mPa*s),"InChI=1S/C6H6S/c7-6-4-2-1-3-5-6/h1-5,7H",298.0,K
-0.1403818521821958,ln(mPa*s),"InChI=1S/C6H7N/c1-6-2-4-7-5-3-6/h2-5H,1H3",298.0,K
-0.15081932359111,ln(mPa*s),"InChI=1S/C6H7N/c1-6-2-4-7-5-3-6/h2-5H,1H3",298.15,K
-0.2839087419661659,ln(mPa*s),"InChI=1S/C6H7N/c1-6-2-4-7-5-3-6/h2-5H,1H3",310.65,K
-0.0591764368899469,ln(mPa*s),"InChI=1S/C6H7N/c1-6-3-2-4-7-5-6/h2-5H,1H3",298.0,K
-0.2622644420920218,ln(mPa*s),"InChI=1S/C6H7N/c1-6-3-2-4-7-5-6/h2-5H,1H3",309.4,K
-0.2830568580083894,ln(mPa*s),"InChI=1S/C6H7N/c1-6-4-2-3-5-7-6/h2-5H,1H3",298.0,K
-0.3391707841980229,ln(mPa*s),"InChI=1S/C6H7N/c1-6-4-2-3-5-7-6/h2-5H,1H3",303.15,K
-0.4103206635715389,ln(mPa*s),"InChI=1S/C6H7N/c1-6-4-2-3-5-7-6/h2-5H,1H3",308.2525,K
-0.3741700776115325,ln(mPa*s),"InChI=1S/C6H7N/c1-6-4-2-3-5-7-6/h2-5H,1H3",309.4,K
-0.4209125549993116,ln(mPa*s),"InChI=1S/C6H7N/c1-6-4-2-3-5-7-6/h2-5H,1H3",313.15,K
1.482404282869567,ln(mPa*s),"InChI=1S/C6H7N/c7-6-4-2-1-3-5-6/h1-5H,7H2",293.15,K
1.3914398033082491,ln(mPa*s),"InChI=1S/C6H7N/c7-6-4-2-1-3-5-6/h1-5H,7H2",298.0,K
1.3057960062369236,ln(mPa*s),"InChI=1S/C6H7N/c7-6-4-2-1-3-5-6/h1-5H,7H2",298.15,K
1.1105367903510284,ln(mPa*s),"InChI=1S/C6H7N/c7-6-4-2-1-3-5-6/h1-5H,7H2",303.0,K
1.1579700432667055,ln(mPa*s),"InChI=1S/C6H7N/c7-6-4-2-1-3-5-6/h1-5H,7H2",303.0833333333333,K
1.1446150497273402,ln(mPa*s),"InChI=1S/C6H7N/c7-6-4-2-1-3-5-6/h1-5H,7H2",303.15,K
1.0732349118445248,ln(mPa*s),"InChI=1S/C6H7N/c7-6-4-2-1-3-5-6/h1-5H,7H2",305.61249999999995,K
1.0854386128373932,ln(mPa*s),"InChI=1S/C6H7N/c7-6-4-2-1-3-5-6/h1-5H,7H2",305.65,K
1.0575773332121652,ln(mPa*s),"InChI=1S/C6H7N/c7-6-4-2-1-3-5-6/h1-5H,7H2",306.18125,K
1.0492880268773868,ln(mPa*s),"InChI=1S/C6H7N/c7-6-4-2-1-3-5-6/h1-5H,7H2",307.50625,K
1.0002429643966135,ln(mPa*s),"InChI=1S/C6H7N/c7-6-4-2-1-3-5-6/h1-5H,7H2",308.0,K
1.0405382035240094,ln(mPa*s),"InChI=1S/C6H7N/c7-6-4-2-1-3-5-6/h1-5H,7H2",308.15,K
1.0237293323451528,ln(mPa*s),"InChI=1S/C6H7N/c7-6-4-2-1-3-5-6/h1-5H,7H2",308.9833333333333,K
1.1563582337016098,ln(mPa*s),"InChI=1S/C6H7N/c7-6-4-2-1-3-5-6/h1-5H,7H2",309.56666666666666,K
0.9528097114809362,ln(mPa*s),"InChI=1S/C6H7N/c7-6-4-2-1-3-5-6/h1-5H,7H2",310.625,K
0.8406738174521261,ln(mPa*s),"InChI=1S/C6H7N/c7-6-4-2-1-3-5-6/h1-5H,7H2",313.15,K
0.6619932142357882,ln(mPa*s),"InChI=1S/C6H7N/c7-6-4-2-1-3-5-6/h1-5H,7H2",323.15,K
-0.7513335158439571,ln(mPa*s),"InChI=1S/C6H8/c1-2-4-6-5-3-1/h1-2,5-6H,3-4H2",298.0,K
-0.570810844553224,ln(mPa*s),"InChI=1S/C6H8/c1-2-4-6-5-3-1/h1-4H,5-6H2",298.0,K
-1.139319104013454,ln(mPa*s),"InChI=1S/C6H8/c1-6-4-2-3-5-6/h2-4H,5H2,1H3",298.0,K
1.360137014431583,ln(mPa*s),"InChI=1S/C6H8N2/c1-6(5-8)3-2-4-7/h6H,2-3H2,1H3",298.0,K
1.590165265221688,ln(mPa*s),InChI=1S/C6H8N2/c7-5-3-1-2-4-6-8/h1-4H2,303.15,K
2.134266122696181,ln(mPa*s),"InChI=1S/C6H8N2O/c7-3-1-5-9-6-2-4-8/h1-2,5-6H2",298.0,K
-0.7345246446651007,ln(mPa*s),"InChI=1S/C6H8O/c1-5-3-4-6(2)7-5/h3-4H,1-2H3",298.0,K
-0.173614916011751,ln(mPa*s),"InChI=1S/C6H8O/c7-6-4-2-1-3-5-6/h2,4H,1,3,5H2",298.0,K
-0.4227546230737068,ln(mPa*s),"InChI=1S/C6H8O2/c1-3-5-8-6(7)4-2/h3-4H,1-2,5H2",298.0,K
1.16787115916658,ln(mPa*s),"InChI=1S/C6H8O4/c1-9-5(7)3-4-6(8)10-2/h3-4H,1-2H3/b4-3-",298.0,K
-0.4077878199692455,ln(mPa*s),"InChI=1S/C6H8S/c1-2-6-4-3-5-7-6/h3-5H,2H2,1H3",298.0,K
-0.4209125549993116,ln(mPa*s),"InChI=1S/C6H8S/c1-5-3-4-6(2)7-5/h3-4H,1-2H3",298.0,K
-0.4282808272968925,ln(mPa*s),"InChI=1S/C6H8S/c1-5-3-4-7-6(5)2/h3-4H,1-2H3",298.0,K
-0.4193007454342158,ln(mPa*s),"InChI=1S/C6H8S/c1-5-3-7-4-6(5)2/h3-4H,1-2H3",298.0,K
-0.9030738734722648,ln(mPa*s),"InChI=1S/C6HF13/c7-1(8)2(9,10)3(11,12)4(13,14)5(15,16)6(17,18)19/h1H",298.0,K
-0.0891100430988695,ln(mPa*s),"InChI=1S/C7F16/c8-1(9,2(10,11)4(14,15)6(18,19)20)3(12,13)5(16,17)7(21,22)23",298.0,K
-0.4469317665501442,ln(mPa*s),"InChI=1S/C7H10O/c8-6-7-4-2-1-3-5-7/h1-2,6-7H,3-5H2",298.0,K
-0.5256801767305407,ln(mPa*s),"InChI=1S/C7H10O2/c1-4-5-9-7(8)6(2)3/h4H,1-2,5H2,3H3",298.0,K
0.47179968555448,ln(mPa*s),"InChI=1S/C7H10O4/c1-4-7(10-5(2)8)11-6(3)9/h4,7H,1H2,2-3H3",298.0,K
-0.2887441706614533,ln(mPa*s),"InChI=1S/C7H10S/c1-2-4-7-5-3-6-8-7/h3,5-6H,2,4H2,1H3",298.0,K
-0.2212784274367278,ln(mPa*s),"InChI=1S/C7H10S/c1-5-4-6(2)8-7(5)3/h4H,1-3H3",298.0,K
0.8977779277583785,ln(mPa*s),"InChI=1S/C7H11Cl3O2Si/c1-6(2)7(11)12-4-3-5-13(8,9)10/h1,3-5H2,2H3",298.0,K
0.0697683283177195,ln(mPa*s),"InChI=1S/C7H12/c1-2-4-6-7-5-3-1/h1-2H,3-7H2",298.0,K
-0.6253821112571829,ln(mPa*s),"InChI=1S/C7H12/c1-3-5-7-6-4-2/h1H,4-7H2,2H3",298.0,K
-0.8749823353377375,ln(mPa*s),"InChI=1S/C7H12/c1-7-5-3-2-4-6-7/h5H,2-4,6H2,1H3",298.0,K
0.3407825937631187,ln(mPa*s),"InChI=1S/C7H12O/c1-6-4-2-3-5-7(6)8/h6H,2-5H2,1H3",303.15,K
0.7867933262760655,ln(mPa*s),"InChI=1S/C7H12O/c1-6-4-2-3-5-7(6)8/h6H,2-5H2,1H3",305.65,K
0.7736685912459995,ln(mPa*s),"InChI=1S/C7H12O/c1-6-4-2-3-5-7(6)8/h6H,2-5H2,1H3",308.15,K
0.7605438562159333,ln(mPa*s),"InChI=1S/C7H12O/c1-6-4-2-3-5-7(6)8/h6H,2-5H2,1H3",310.65,K
0.5095620810795823,ln(mPa*s),"InChI=1S/C7H12O/c8-6-7-4-2-1-3-5-7/h6-7H,1-5H2",298.0,K
-0.6348227101384585,ln(mPa*s),"InChI=1S/C7H12O2/c1-2-3-4-5-6-9-7-8/h3-4,7H,2,5-6H2,1H3/b4-3-",303.15,K
-0.1750956481760729,ln(mPa*s),"InChI=1S/C7H12O2/c1-3-5-6-9-7(8)4-2/h4H,2-3,5-6H2,1H3",298.0,K
-0.3096976950076991,ln(mPa*s),"InChI=1S/C7H12O2/c1-3-5-6-9-7(8)4-2/h4H,2-3,5-6H2,1H3",303.15,K
-0.2783825377429801,ln(mPa*s),"InChI=1S/C7H12O2/c1-3-5-6-9-7(8)4-2/h4H,2-3,5-6H2,1H3",305.65,K
-0.2988755450706271,ln(mPa*s),"InChI=1S/C7H12O2/c1-3-5-6-9-7(8)4-2/h4H,2-3,5-6H2,1H3",307.15,K
-0.4197612624528145,ln(mPa*s),"InChI=1S/C7H12O2/c1-4-5-9-7(8)6(2)3/h2,4-5H2,1,3H3",298.0,K
-0.3423944033282146,ln(mPa*s),"InChI=1S/C7H12O2/c1-4-6(3)9-7(8)5-2/h5-6H,2,4H2,1,3H3",298.0,K
-0.2705537484268003,ln(mPa*s),"InChI=1S/C7H12O2/c1-4-7(8)9-5-6(2)3/h4,6H,1,5H2,2-3H3",298.0,K
-0.3085464024612022,ln(mPa*s),"InChI=1S/C7H12O2/c1-5-6(8)9-7(2,3)4/h5H,1H2,2-4H3",305.65,K
-0.3331840629562384,ln(mPa*s),"InChI=1S/C7H12O2/c1-5-6(8)9-7(2,3)4/h5H,1H2,2-4H3",307.15,K
-0.472950978100977,ln(mPa*s),"InChI=1S/C7H12O2/c1-5-9-6(8)7(2,3)4/h5H,1H2,2-4H3",298.0,K
1.422767328961021,ln(mPa*s),"InChI=1S/C7H12O2/c8-7(9)5-6-3-1-2-4-6/h6H,1-5H2,(H,8,9)",298.0,K
0.5337392245560199,ln(mPa*s),"InChI=1S/C7H12O3/c1-3-10-7(9)5-4-6(2)8/h3-5H2,1-2H3",298.0,K
1.9433818184869749,ln(mPa*s),"InChI=1S/C7H12O3/c1-5(2)7(9)10-4-6(3)8/h6,8H,1,4H2,2-3H3",298.0,K
0.9012318053978696,ln(mPa*s),"InChI=1S/C7H12O4/c1-10-6(8)4-3-5-7(9)11-2/h3-5H2,1-2H3",298.0,K
0.4713391685358812,ln(mPa*s),"InChI=1S/C7H12O4/c1-3-10-6(8)5-7(9)11-4-2/h3-5H2,1-2H3",308.15,K
-0.6256123697664823,ln(mPa*s),"InChI=1S/C7H14/c1-2-7-5-3-4-6-7/h7H,2-6H2,1H3",298.0,K
-1.051130094951782,ln(mPa*s),"InChI=1S/C7H14/c1-3-5-7-6-4-2/h3,5H,4,6-7H2,1-2H3/b5-3+",298.0,K
-1.05182087047968,ln(mPa*s),"InChI=1S/C7H14/c1-3-5-7-6-4-2/h3,5H,4,6-7H2,1-2H3/b5-3-",298.0,K
-1.0506695779331832,ln(mPa*s),"InChI=1S/C7H14/c1-3-5-7-6-4-2/h5,7H,3-4,6H2,1-2H3/b7-5+",298.0,K
-1.0513603534610814,ln(mPa*s),"InChI=1S/C7H14/c1-3-5-7-6-4-2/h5,7H,3-4,6H2,1-2H3/b7-5-",298.0,K
-1.15244383904352,ln(mPa*s),"InChI=1S/C7H14/c1-4-5-6-7(2)3/h2,4-6H2,1,3H3",298.0,K
-1.1517530635156217,ln(mPa*s),"InChI=1S/C7H14/c1-4-5-6-7(2)3/h4,7H,1,5-6H2,2-3H3",298.0,K
-1.1529043560621188,ln(mPa*s),"InChI=1S/C7H14/c1-4-6-7(3)5-2/h3-6H2,1-2H3",298.0,K
-1.0513603534610814,ln(mPa*s),"InChI=1S/C7H14/c1-4-6-7(3)5-2/h4,7H,1,5-6H2,2-3H3",298.0,K
-1.15244383904352,ln(mPa*s),"InChI=1S/C7H14/c1-4-6-7(3)5-2/h5,7H,2,4,6H2,1,3H3",298.0,K
-1.1519833220249212,ln(mPa*s),"InChI=1S/C7H14/c1-4-7(5-2)6-3/h4,7H,1,5-6H2,2-3H3",298.0,K
-1.1397796210320528,ln(mPa*s),"InChI=1S/C7H14/c1-6(2)7(3,4)5/h1H2,2-5H3",298.0,K
-0.7032094874003816,ln(mPa*s),"InChI=1S/C7H14/c1-6-3-4-7(2)5-6/h6-7H,3-5H2,1-2H3/t6-,7+",298.0,K
-0.7043607799468786,ln(mPa*s),"InChI=1S/C7H14/c1-6-3-4-7(2)5-6/h6-7H,3-5H2,1-2H3/t6-,7-/m1/s1",298.0,K
-0.704591038456178,ln(mPa*s),"InChI=1S/C7H14/c1-6-4-3-5-7(6)2/h6-7H,3-5H2,1-2H3/t6-,7+",298.0,K
-0.7036700044189804,ln(mPa*s),"InChI=1S/C7H14/c1-6-4-3-5-7(6)2/h6-7H,3-5H2,1-2H3/t6-,7-/m1/s1",298.0,K
-0.7039002629282799,ln(mPa*s),"InChI=1S/C7H14/c1-7(2)5-3-4-6-7/h3-6H2,1-2H3",298.0,K
-0.3878162193208062,ln(mPa*s),"InChI=1S/C7H14/c1-7-5-3-2-4-6-7/h7H,2-6H2,1H3",298.0,K
-0.3856830030765027,ln(mPa*s),"InChI=1S/C7H14/c1-7-5-3-2-4-6-7/h7H,2-6H2,1H3",298.15,K
-0.4446291814571502,ln(mPa*s),"InChI=1S/C7H14/c1-7-5-3-2-4-6-7/h7H,2-6H2,1H3",303.15,K
-0.4365701336316711,ln(mPa*s),"InChI=1S/C7H14/c1-7-5-3-2-4-6-7/h7H,2-6H2,1H3",304.81666666666666,K
-0.4768653727590669,ln(mPa*s),"InChI=1S/C7H14/c1-7-5-3-2-4-6-7/h7H,2-6H2,1H3",305.65,K
-0.5003517407076061,ln(mPa*s),"InChI=1S/C7H14/c1-7-5-3-2-4-6-7/h7H,2-6H2,1H3",308.15,K
-0.5067989789679895,ln(mPa*s),"InChI=1S/C7H14/c1-7-5-3-2-4-6-7/h7H,2-6H2,1H3",308.9833333333333,K
-0.5388049117606067,ln(mPa*s),"InChI=1S/C7H14/c1-7-5-3-2-4-6-7/h7H,2-6H2,1H3",310.65,K
-0.6290662474059734,ln(mPa*s),"InChI=1S/C7H14/c1-7-5-3-2-4-6-7/h7H,2-6H2,1H3",318.15,K
-0.2758603721804783,ln(mPa*s),"InChI=1S/C7H14O/c1-3-4-5-6-7(2)8/h3-6H2,1-2H3",298.0,K
-0.0414465316738928,ln(mPa*s),"InChI=1S/C7H14O/c1-3-4-5-7(2)6-8/h6-7H,3-5H2,1-2H3",298.0,K
-0.0414465316738928,ln(mPa*s),"InChI=1S/C7H14O/c1-3-4-7(2)5-6-8/h6-7H,3-5H2,1-2H3",298.0,K
-0.2355783028158551,ln(mPa*s),"InChI=1S/C7H14O/c1-3-5-6-7(8)4-2/h3-6H2,1-2H3",298.0,K
-4.9062752787720125,ln(mPa*s),"InChI=1S/C7H14O/c1-3-5-7(8)6-4-2/h3-6H2,1-2H3",298.0,K
-0.4683458079149889,ln(mPa*s),"InChI=1S/C7H14O/c1-5(2)7(8)6(3)4/h5-6H,1-4H3",298.0,K
-0.2688374876468465,ln(mPa*s),"InChI=1S/C7H14O/c1-6(2)4-5-7(3)8/h6H,4-5H2,1-3H3",298.0,K
3.230296626961347,ln(mPa*s),"InChI=1S/C7H14O/c1-6-3-2-4-7(8)5-6/h6-8H,2-5H2,1H3/t6-,7-/m1/s1",298.0,K
2.6433676867571645,ln(mPa*s),"InChI=1S/C7H14O/c1-6-4-2-3-5-7(6)8/h6-8H,2-5H2,1H3",308.15,K
2.8531331887289224,ln(mPa*s),"InChI=1S/C7H14O/c1-6-4-2-3-5-7(6)8/h6-8H,2-5H2,1H3/t6-,7+/m0/s1",298.0,K
2.746984015941897,ln(mPa*s),"InChI=1S/C7H14O/c1-6-4-2-3-5-7(6)8/h6-8H,2-5H2,1H3/t6-,7+/m0/s1",300.65,K
3.4262466183751403,ln(mPa*s),"InChI=1S/C7H14O/c1-6-4-2-3-5-7(6)8/h6-8H,2-5H2,1H3/t6-,7-/m1/s1",298.0,K
3.425325584337943,ln(mPa*s),"InChI=1S/C7H14O/c1-6-4-2-3-5-7(6)8/h6-8H,2-5H2,1H3/t6-,7-/m1/s1",300.65,K
1.3354993539365465,ln(mPa*s),"InChI=1S/C7H14O2/c1-2-3-4-5-6-7(8)9/h2-6H2,1H3,(H,8,9)",298.0,K
1.3308941837505583,ln(mPa*s),"InChI=1S/C7H14O2/c1-2-3-4-5-6-7(8)9/h2-6H2,1H3,(H,8,9)",298.15,K
-0.0534199741574618,ln(mPa*s),"InChI=1S/C7H14O2/c1-2-3-4-5-6-9-7-8/h7H,2-6H2,1H3",298.0,K
1.2956646318277496,ln(mPa*s),"InChI=1S/C7H14O2/c1-3-4-5-6(2)7(8)9/h6H,3-5H2,1-2H3,(H,8,9)",298.0,K
-0.1842068074395236,ln(mPa*s),"InChI=1S/C7H14O2/c1-3-4-5-6-7(8)9-2/h3-6H2,1-2H3",298.0,K
0.1475462989913976,ln(mPa*s),"InChI=1S/C7H14O2/c1-3-4-5-6-9-7(2)8/h3-6H2,1-2H3",298.0,K
-0.2362452305411891,ln(mPa*s),"InChI=1S/C7H14O2/c1-3-4-5-6-9-7(2)8/h3-6H2,1-2H3",298.15,K
-0.2848297760033635,ln(mPa*s),"InChI=1S/C7H14O2/c1-3-4-5-6-9-7(2)8/h3-6H2,1-2H3",303.15,K
-0.3184475183610765,ln(mPa*s),"InChI=1S/C7H14O2/c1-3-4-5-6-9-7(2)8/h3-6H2,1-2H3",308.15,K
-0.3525257777373884,ln(mPa*s),"InChI=1S/C7H14O2/c1-3-4-5-6-9-7(2)8/h3-6H2,1-2H3",309.81666666666666,K
-0.253284360229345,ln(mPa*s),"InChI=1S/C7H14O2/c1-3-5-6-7(8)9-4-2/h3-6H2,1-2H3",298.0,K
-0.3320327704097414,ln(mPa*s),"InChI=1S/C7H14O2/c1-3-5-6-7(8)9-4-2/h3-6H2,1-2H3",303.15,K
-0.24361350283877,ln(mPa*s),"InChI=1S/C7H14O2/c1-3-5-6-9-7(8)4-2/h3-6H2,1-2H3",298.0,K
-0.2072326583694641,ln(mPa*s),"InChI=1S/C7H14O2/c1-3-5-7(8)9-6-4-2/h3-6H2,1-2H3",298.0,K
1.762628888686942,ln(mPa*s),"InChI=1S/C7H14O2/c1-4-5-7(2,3)6(8)9/h4-5H2,1-3H3,(H,8,9)",298.0,K
-0.3654202542581551,ln(mPa*s),"InChI=1S/C7H14O2/c1-4-5-9-7(8)6(2)3/h6H,4-5H2,1-3H3",298.0,K
-0.3195988109075736,ln(mPa*s),"InChI=1S/C7H14O2/c1-4-6(3)7(8)9-5-2/h6H,4-5H2,1-3H3",303.15,K
-0.2905862387358486,ln(mPa*s),"InChI=1S/C7H14O2/c1-4-9-7(8)5-6(2)3/h6H,4-5H2,1-3H3",298.0,K
-0.4381819431967669,ln(mPa*s),"InChI=1S/C7H14O2/c1-4-9-7(8)5-6(2)3/h6H,4-5H2,1-3H3",308.15,K
-0.300487354635723,ln(mPa*s),"InChI=1S/C7H14O2/c1-5(2)6(3)9-7(4)8/h5-6H,1-4H3",303.15,K
-0.0186509392532517,ln(mPa*s),"InChI=1S/C7H14O2/c1-5-9-6(8)7(2,3)4/h5H2,1-4H3",298.0,K
-0.1720992567213107,ln(mPa*s),"InChI=1S/C7H14O2/c1-6(2)4-5-9-7(3)8/h6H,4-5H2,1-3H3",298.0,K
-0.2915072727730461,ln(mPa*s),"InChI=1S/C7H14O2/c1-6(2)4-5-9-7(3)8/h6H,4-5H2,1-3H3",303.15,K
-0.3700254244441432,ln(mPa*s),"InChI=1S/C7H14O2/c1-6(2)4-5-9-7(3)8/h6H,4-5H2,1-3H3",308.15,K
1.1960414339996557,ln(mPa*s),"InChI=1S/C7H14O3/c1-3-4-5-10-7(9)6(2)8/h6,8H,3-5H2,1-2H3",298.0,K
0.9281720509859,ln(mPa*s),"InChI=1S/C7H14O3/c1-3-4-5-10-7(9)6(2)8/h6,8H,3-5H2,1-2H3",308.15,K
0.9079093021675524,ln(mPa*s),"InChI=1S/C7H14O3/c1-3-4-5-10-7(9)6(2)8/h6,8H,3-5H2,1-2H3",308.9833333333333,K
0.1842068074395236,ln(mPa*s),"InChI=1S/C7H14O3/c1-3-5-9-7(8)10-6-4-2/h3-6H2,1-2H3",298.0,K
0.0020723265836946,ln(mPa*s),"InChI=1S/C7H14O3/c1-3-9-6-5-7(8)10-4-2/h3-6H2,1-2H3",308.15,K
-0.151970616137607,ln(mPa*s),"InChI=1S/C7H14O3/c1-3-9-6-5-7(8)10-4-2/h3-6H2,1-2H3",318.15,K
0.0925639207383606,ln(mPa*s),"InChI=1S/C7H14O3/c1-4-7(8)10-6(2)5-9-3/h6H,4-5H2,1-3H3",298.0,K
0.2254230806041171,ln(mPa*s),"InChI=1S/C7H14O3/c1-4-9-5-6(2)10-7(3)8/h6H,4-5H2,1-3H3",298.0,K
0.7052818139840763,ln(mPa*s),"InChI=1S/C7H15N/c1-8-7-5-3-2-4-6-7/h7-8H,2-6H2,1H3",298.0,K
0.2159824817228414,ln(mPa*s),"InChI=1S/C7H15NO/c1-4-7(9)8(5-2)6-3/h4-6H2,1-3H3",298.16,K
0.3370984576143283,ln(mPa*s),"InChI=1S/C7H15NO2/c1-9-5-2-8-3-6-10-7-4-8/h2-7H2,1H3",298.0,K
-0.915738091483732,ln(mPa*s),"InChI=1S/C7H16/c1-3-5-7-6-4-2/h3-7H2,1-2H3",293.15,K
-0.9127447308628396,ln(mPa*s),"InChI=1S/C7H16/c1-3-5-7-6-4-2/h3-7H2,1-2H3",295.65,K
-0.928862826513798,ln(mPa*s),"InChI=1S/C7H16/c1-3-5-7-6-4-2/h3-7H2,1-2H3",296.0,K
-0.9340491853811106,ln(mPa*s),"InChI=1S/C7H16/c1-3-5-7-6-4-2/h3-7H2,1-2H3",298.0,K
-0.9502768678786429,ln(mPa*s),"InChI=1S/C7H16/c1-3-5-7-6-4-2/h3-7H2,1-2H3",298.15,K
-0.9426783370717624,ln(mPa*s),"InChI=1S/C7H16/c1-3-5-7-6-4-2/h3-7H2,1-2H3",299.81666666666666,K
-0.953730745518134,ln(mPa*s),"InChI=1S/C7H16/c1-3-5-7-6-4-2/h3-7H2,1-2H3",300.65,K
-0.9832038347084576,ln(mPa*s),"InChI=1S/C7H16/c1-3-5-7-6-4-2/h3-7H2,1-2H3",301.9,K
-0.9997824473780148,ln(mPa*s),"InChI=1S/C7H16/c1-3-5-7-6-4-2/h3-7H2,1-2H3",303.15,K
-0.9797499570689664,ln(mPa*s),"InChI=1S/C7H16/c1-3-5-7-6-4-2/h3-7H2,1-2H3",304.81666666666666,K
-1.0059994271290986,ln(mPa*s),"InChI=1S/C7H16/c1-3-5-7-6-4-2/h3-7H2,1-2H3",305.65,K
-1.0359330333380212,ln(mPa*s),"InChI=1S/C7H16/c1-3-5-7-6-4-2/h3-7H2,1-2H3",306.15,K
-1.0241898493637516,ln(mPa*s),"InChI=1S/C7H16/c1-3-5-7-6-4-2/h3-7H2,1-2H3",306.43333333333334,K
-1.0492880268773868,ln(mPa*s),"InChI=1S/C7H16/c1-3-5-7-6-4-2/h3-7H2,1-2H3",308.15,K
-1.0474459588029916,ln(mPa*s),"InChI=1S/C7H16/c1-3-5-7-6-4-2/h3-7H2,1-2H3",309.06,K
-1.04030794501471,ln(mPa*s),"InChI=1S/C7H16/c1-3-5-7-6-4-2/h3-7H2,1-2H3",309.4,K
-1.0753072384282194,ln(mPa*s),"InChI=1S/C7H16/c1-3-5-7-6-4-2/h3-7H2,1-2H3",310.65,K
-1.107543429730136,ln(mPa*s),"InChI=1S/C7H16/c1-3-5-7-6-4-2/h3-7H2,1-2H3",313.15,K
-1.0320157595651929,ln(mPa*s),"InChI=1S/C7H16/c1-4-5-6-7(2)3/h7H,4-6H2,1-3H3",298.0,K
-1.061952244888854,ln(mPa*s),"InChI=1S/C7H16/c1-4-7(5-2)6-3/h7H,4-6H2,1-3H3",298.0,K
-0.9912101074573958,ln(mPa*s),"InChI=1S/C7H16/c1-5-6-7(2,3)4/h5-6H2,1-4H3",298.0,K
-0.8164966739756887,ln(mPa*s),"InChI=1S/C7H16/c1-5-7(3,4)6-2/h5-6H2,1-4H3",298.0,K
-0.9662691016803964,ln(mPa*s),"InChI=1S/C7H16/c1-5-7(4)6(2)3/h6-7H,5H2,1-4H3",298.0,K
-0.9422178200531636,ln(mPa*s),"InChI=1S/C7H16/c1-5-7(4)6(2)3/h6-7H,5H2,1-4H3",298.15,K
-0.5995931582156496,ln(mPa*s),"InChI=1S/C7H16/c1-6(2)7(3,4)5/h6H,1-5H3",298.0,K
1.875685816752949,ln(mPa*s),"InChI=1S/C7H16O/c1-2-3-4-5-6-7-8/h8H,2-7H2,1H3",295.65,K
1.767178810234212,ln(mPa*s),"InChI=1S/C7H16O/c1-2-3-4-5-6-7-8/h8H,2-7H2,1H3",298.0,K
1.7635499227241398,ln(mPa*s),"InChI=1S/C7H16O/c1-2-3-4-5-6-7-8/h8H,2-7H2,1H3",298.15,K
1.573586652552131,ln(mPa*s),"InChI=1S/C7H16O/c1-2-3-4-5-6-7-8/h8H,2-7H2,1H3",303.15,K
1.5830272514334065,ln(mPa*s),"InChI=1S/C7H16O/c1-2-3-4-5-6-7-8/h8H,2-7H2,1H3",304.4,K
1.5468766654734,ln(mPa*s),"InChI=1S/C7H16O/c1-2-3-4-5-6-7-8/h8H,2-7H2,1H3",305.65,K
1.440957751195674,ln(mPa*s),"InChI=1S/C7H16O/c1-2-3-4-5-6-7-8/h8H,2-7H2,1H3",308.075,K
1.4349710299538894,ln(mPa*s),"InChI=1S/C7H16O/c1-2-3-4-5-6-7-8/h8H,2-7H2,1H3",308.15,K
1.4642138606349138,ln(mPa*s),"InChI=1S/C7H16O/c1-2-3-4-5-6-7-8/h8H,2-7H2,1H3",308.9833333333333,K
1.4078005258565598,ln(mPa*s),"InChI=1S/C7H16O/c1-2-3-4-5-6-7-8/h8H,2-7H2,1H3",310.65,K
1.2648099915816295,ln(mPa*s),"InChI=1S/C7H16O/c1-2-3-4-5-6-7-8/h8H,2-7H2,1H3",313.075,K
1.2956646318277496,ln(mPa*s),"InChI=1S/C7H16O/c1-2-3-4-5-6-7-8/h8H,2-7H2,1H3",313.15,K
1.2334948343169103,ln(mPa*s),"InChI=1S/C7H16O/c1-2-3-4-5-6-7-8/h8H,2-7H2,1H3",315.65,K
1.1685619346944782,ln(mPa*s),"InChI=1S/C7H16O/c1-2-3-4-5-6-7-8/h8H,2-7H2,1H3",318.15,K
1.026031917438147,ln(mPa*s),"InChI=1S/C7H16O/c1-2-3-4-5-6-7-8/h8H,2-7H2,1H3",323.15,K
1.4915429274966634,ln(mPa*s),"InChI=1S/C7H16O/c1-3-4-5-6-7(2)8/h7-8H,3-6H2,1-2H3",298.0,K
1.625394817144497,ln(mPa*s),"InChI=1S/C7H16O/c1-3-4-5-6-7(2)8/h7-8H,3-6H2,1-2H3",298.15,K
1.5669091557824482,ln(mPa*s),"InChI=1S/C7H16O/c1-3-4-5-6-7(2)8/h7-8H,3-6H2,1-2H3",300.65,K
1.4653651531814107,ln(mPa*s),"InChI=1S/C7H16O/c1-3-4-5-6-7(2)8/h7-8H,3-6H2,1-2H3",303.15,K
1.3889193280940084,ln(mPa*s),"InChI=1S/C7H16O/c1-3-4-5-6-7(2)8/h7-8H,3-6H2,1-2H3",305.65,K
1.1738578804083646,ln(mPa*s),"InChI=1S/C7H16O/c1-3-4-5-6-7(2)8/h7-8H,3-6H2,1-2H3",310.65,K
1.7216428740316485,ln(mPa*s),"InChI=1S/C7H16O/c1-3-4-5-7(2)6-8/h7-8H,3-6H2,1-2H3",298.0,K
1.654407389316222,ln(mPa*s),"InChI=1S/C7H16O/c1-3-5-6-7(8)4-2/h7-8H,3-6H2,1-2H3",298.0,K
-0.6216979751083924,ln(mPa*s),"InChI=1S/C7H16O/c1-4-5-6-8-7(2)3/h7H,4-6H2,1-3H3",298.0,K
-0.7789645369598857,ln(mPa*s),"InChI=1S/C7H16O/c1-5-7(3,4)8-6-2/h5-6H2,1-4H3",298.0,K
-0.7785040199412869,ln(mPa*s),"InChI=1S/C7H16O/c1-6(2)5-8-7(3)4/h6-7H,5H2,1-4H3",298.0,K
1.7810495694308943,ln(mPa*s),"InChI=1S/C7H16O/c1-7(2)5-3-4-6-8/h7-8H,3-6H2,1-2H3",298.0,K
2.4094250413089697,ln(mPa*s),"InChI=1S/C7H16O2/c1-2-3-4-6-9-7-5-8/h8H,2-7H2,1H3",298.0,K
1.0347689403880902,ln(mPa*s),"InChI=1S/C7H16O2/c1-3-4-5-9-6-7(2)8/h7-8H,3-6H2,1-2H3",298.0,K
0.7715962646623048,ln(mPa*s),"InChI=1S/C7H16O2/c1-3-4-5-9-6-7(2)8/h7-8H,3-6H2,1-2H3",308.15,K
1.1774234690923997,ln(mPa*s),"InChI=1S/C7H16O2/c1-5-6(8)9-7(2,3)4/h6,8H,5H2,1-4H3",298.0,K
2.4094250413089697,ln(mPa*s),"InChI=1S/C7H16O2/c1-6(5-8)9-7(2,3)4/h6,8H,5H2,1-4H3",298.0,K
1.9555855194798435,ln(mPa*s),"InChI=1S/C7H16O2/c1-6(8)5-9-7(2,3)4/h6,8H,5H2,1-4H3",298.0,K
1.401123029086877,ln(mPa*s),"InChI=1S/C7H16O3/c1-2-4-9-6-7-10-5-3-8/h8H,2-7H2,1H3",298.0,K
-0.3861435200951014,ln(mPa*s),"InChI=1S/C7H16O3/c1-4-8-7(9-5-2)10-6-3/h7H,4-6H2,1-3H3",298.0,K
1.3136247955531033,ln(mPa*s),"InChI=1S/C7H16O3/c1-6(4-8)10-5-7(2)9-3/h6-8H,4-5H2,1-3H3",298.0,K
1.0290252780590392,ln(mPa*s),"InChI=1S/C7H16O3/c1-6(8)4-10-7(2)5-9-3/h6-8H,4-5H2,1-3H3",308.15,K
5.275222448049359,ln(mPa*s),"InChI=1S/C7H16O3/c1-7(2,3)10-5-6(9)4-8/h6,8-9H,4-5H2,1-3H3",298.0,K
1.853973071907829,ln(mPa*s),"InChI=1S/C7H16O4/c1-9-4-5-11-7-6-10-3-2-8/h8H,2-7H2,1H3",298.0,K
1.8323972170046616,ln(mPa*s),"InChI=1S/C7H16O4/c1-9-4-5-11-7-6-10-3-2-8/h8H,2-7H2,1H3",298.15,K
1.710129948566678,ln(mPa*s),"InChI=1S/C7H16O4/c1-9-4-5-11-7-6-10-3-2-8/h8H,2-7H2,1H3",303.15,K
1.5551659718081785,ln(mPa*s),"InChI=1S/C7H16O4/c1-9-4-5-11-7-6-10-3-2-8/h8H,2-7H2,1H3",308.15,K
1.5054301337995073,ln(mPa*s),"InChI=1S/C7H16O4/c1-9-4-5-11-7-6-10-3-2-8/h8H,2-7H2,1H3",310.65,K
1.466746704237207,ln(mPa*s),"InChI=1S/C7H16O4/c1-9-4-5-11-7-6-10-3-2-8/h8H,2-7H2,1H3",311.4833333333333,K
-0.1353920034680499,ln(mPa*s),"InChI=1S/C7H16S/c1-2-3-4-5-6-7-8/h8H,2-7H2,1H3",298.0,K
-0.28229693240107,ln(mPa*s),"InChI=1S/C7H16S/c1-3-5-6-7-8-4-2/h3-7H2,1-2H3",298.0,K
-0.1291750237169659,ln(mPa*s),"InChI=1S/C7H17N/c1-2-3-4-5-6-7-8/h2-8H2,1H3",303.15,K
0.8726797502447434,ln(mPa*s),"InChI=1S/C7H3Cl2F3/c8-4-1-2-5(6(9)3-4)7(10,11)12/h1-3H",298.0,K
1.4685887723116025,ln(mPa*s),InChI=1S/C7H4Cl2O/c8-6-3-1-2-5(4-6)7(9)10/h1-4H,298.0,K
-0.0992414175080433,ln(mPa*s),"InChI=1S/C7H4ClF3/c8-6-3-1-5(2-4-6)7(9,10)11/h1-4H",298.0,K
0.7978457347224368,ln(mPa*s),"InChI=1S/C7H5Cl3/c8-7(9,10)6-4-2-1-3-5-6/h1-5H",298.0,K
0.7794250539784846,ln(mPa*s),"InChI=1S/C7H5Cl3/c8-7(9,10)6-4-2-1-3-5-6/h1-5H",298.15,K
0.1280237311704689,ln(mPa*s),InChI=1S/C7H5ClO/c8-7(9)6-4-2-1-3-5-6/h1-5H,298.0,K
0.2185153253251349,ln(mPa*s),InChI=1S/C7H5ClO/c8-7(9)6-4-2-1-3-5-6/h1-5H,303.15,K
-0.6166322879038054,ln(mPa*s),"InChI=1S/C7H5F3/c8-7(9,10)6-4-2-1-3-5-6/h1-5H",298.0,K
-0.5933761784645656,ln(mPa*s),"InChI=1S/C7H5F3/c8-7(9,10)6-4-2-1-3-5-6/h1-5H",298.15,K
0.2857508100405611,ln(mPa*s),InChI=1S/C7H5N/c8-6-7-4-2-1-3-5-7/h1-5H,295.65,K
0.2063353924031946,ln(mPa*s),InChI=1S/C7H5N/c8-6-7-4-2-1-3-5-7/h1-5H,298.0,K
0.160490180981685,ln(mPa*s),InChI=1S/C7H5N/c8-6-7-4-2-1-3-5-7/h1-5H,298.15,K
0.1222672684379838,ln(mPa*s),InChI=1S/C7H5N/c8-6-7-4-2-1-3-5-7/h1-5H,303.15,K
0.0858864239686779,ln(mPa*s),InChI=1S/C7H5N/c8-6-7-4-2-1-3-5-7/h1-5H,305.65,K
0.1022347781289356,ln(mPa*s),InChI=1S/C7H5N/c8-6-7-4-2-1-3-5-7/h1-5H,306.15,K
0.0172693881974553,ln(mPa*s),InChI=1S/C7H5N/c8-6-7-4-2-1-3-5-7/h1-5H,308.0,K
0.0280915381345273,ln(mPa*s),InChI=1S/C7H5N/c8-6-7-4-2-1-3-5-7/h1-5H,308.0375,K
0.0640118655852344,ln(mPa*s),InChI=1S/C7H5N/c8-6-7-4-2-1-3-5-7/h1-5H,308.15,K
0.0269402455880303,ln(mPa*s),InChI=1S/C7H5N/c8-6-7-4-2-1-3-5-7/h1-5H,310.65,K
0.0188811977625511,ln(mPa*s),InChI=1S/C7H5N/c8-6-7-4-2-1-3-5-7/h1-5H,311.9,K
0.7623859242903286,ln(mPa*s),"InChI=1S/C7H6Cl2/c1-5-2-3-6(8)4-7(5)9/h2-4H,1H3",298.0,K
0.5021938087820014,ln(mPa*s),"InChI=1S/C7H6Cl2/c8-7(9)6-4-2-1-3-5-6/h1-5,7H",298.0,K
0.4020313572367604,ln(mPa*s),InChI=1S/C7H6O/c8-6-7-4-2-1-3-5-7/h1-6H,293.15,K
0.3118883947446476,ln(mPa*s),InChI=1S/C7H6O/c8-6-7-4-2-1-3-5-7/h1-6H,298.0,K
0.314763382212286,ln(mPa*s),InChI=1S/C7H6O/c8-6-7-4-2-1-3-5-7/h1-6H,298.1,K
0.330651219353945,ln(mPa*s),InChI=1S/C7H6O/c8-6-7-4-2-1-3-5-7/h1-6H,298.15,K
0.2171337742693385,ln(mPa*s),InChI=1S/C7H6O/c8-6-7-4-2-1-3-5-7/h1-6H,308.15,K
0.2028577466927754,ln(mPa*s),InChI=1S/C7H6O/c8-6-7-4-2-1-3-5-7/h1-6H,308.9833333333333,K
0.1869699095511165,ln(mPa*s),InChI=1S/C7H6O/c8-6-7-4-2-1-3-5-7/h1-6H,309.81666666666666,K
0.1409182076912356,ln(mPa*s),InChI=1S/C7H6O/c8-6-7-4-2-1-3-5-7/h1-6H,311.9,K
0.0985506419801451,ln(mPa*s),InChI=1S/C7H6O/c8-6-7-4-2-1-3-5-7/h1-6H,313.15,K
-0.1812134468186314,ln(mPa*s),"InChI=1S/C7H7Cl/c1-6-2-4-7(8)5-3-6/h2-5H,1H3",298.0,K
-0.1054583972591273,ln(mPa*s),"InChI=1S/C7H7Cl/c1-6-2-4-7(8)5-3-6/h2-5H,1H3",303.15,K
-0.3129213141378908,ln(mPa*s),"InChI=1S/C7H7Cl/c1-6-2-4-7(8)5-3-6/h2-5H,1H3",308.15,K
-0.3882158466787961,ln(mPa*s),"InChI=1S/C7H7Cl/c1-6-2-4-7(8)5-3-6/h2-5H,1H3",313.15,K
-0.2484489315340575,ln(mPa*s),"InChI=1S/C7H7Cl/c1-6-3-2-4-7(8)5-6/h2-5H,1H3",303.15,K
-0.3571309479233765,ln(mPa*s),"InChI=1S/C7H7Cl/c1-6-3-2-4-7(8)5-6/h2-5H,1H3",308.15,K
-0.412623248664533,ln(mPa*s),"InChI=1S/C7H7Cl/c1-6-3-2-4-7(8)5-6/h2-5H,1H3",313.15,K
-0.0451306678226832,ln(mPa*s),"InChI=1S/C7H7Cl/c1-6-4-2-3-5-7(6)8/h2-5H,1H3",298.0,K
-0.1199646833449897,ln(mPa*s),"InChI=1S/C7H7Cl/c1-6-4-2-3-5-7(6)8/h2-5H,1H3",303.15,K
-0.2109167945182546,ln(mPa*s),"InChI=1S/C7H7Cl/c1-6-4-2-3-5-7(6)8/h2-5H,1H3",308.15,K
-0.3246644981121604,ln(mPa*s),"InChI=1S/C7H7Cl/c1-6-4-2-3-5-7(6)8/h2-5H,1H3",313.15,K
0.1100635674451154,ln(mPa*s),"InChI=1S/C7H7Cl/c8-6-7-4-2-1-3-5-7/h1-5H,6H2",298.0,K
0.3198290694168729,ln(mPa*s),"InChI=1S/C7H7Cl/c8-6-7-4-2-1-3-5-7/h1-5H,6H2",298.15,K
0.1061491727870255,ln(mPa*s),"InChI=1S/C7H7Cl/c8-6-7-4-2-1-3-5-7/h1-5H,6H2",303.15,K
0.52591043523984,ln(mPa*s),"InChI=1S/C7H7NO2/c1-6-3-2-4-7(5-6)8(9)10/h2-5H,1H3",308.15,K
0.7593925636694363,ln(mPa*s),"InChI=1S/C7H7NO2/c1-6-4-2-3-5-7(6)8(9)10/h2-5H,1H3",298.0,K
0.7418929169626816,ln(mPa*s),"InChI=1S/C7H7NO2/c1-6-4-2-3-5-7(6)8(9)10/h2-5H,1H3",298.15,K
0.6477171866592251,ln(mPa*s),"InChI=1S/C7H7NO2/c1-6-4-2-3-5-7(6)8(9)10/h2-5H,1H3",303.15,K
0.5464034425674871,ln(mPa*s),"InChI=1S/C7H7NO2/c1-6-4-2-3-5-7(6)8(9)10/h2-5H,1H3",308.15,K
0.2984150280520283,ln(mPa*s),"InChI=1S/C7H7NO2/c1-6-4-2-3-5-7(6)8(9)10/h2-5H,1H3",323.15,K
-0.52591043523984,ln(mPa*s),"InChI=1S/C7H8/c1-7-5-3-2-4-6-7/h2-6H,1H3",293.15,K
-0.5735739466648168,ln(mPa*s),"InChI=1S/C7H8/c1-7-5-3-2-4-6-7/h2-6H,1H3",295.655,K
-0.589245309715697,ln(mPa*s),"InChI=1S/C7H8/c1-7-5-3-2-4-6-7/h2-6H,1H3",298.0,K
-0.595909022066859,ln(mPa*s),"InChI=1S/C7H8/c1-7-5-3-2-4-6-7/h2-6H,1H3",298.15,K
-0.6203164240525959,ln(mPa*s),"InChI=1S/C7H8/c1-7-5-3-2-4-6-7/h2-6H,1H3",300.65,K
-0.6288359888966739,ln(mPa*s),"InChI=1S/C7H8/c1-7-5-3-2-4-6-7/h2-6H,1H3",301.9,K
-0.6373555537407519,ln(mPa*s),"InChI=1S/C7H8/c1-7-5-3-2-4-6-7/h2-6H,1H3",303.15,K
-0.6484079621871234,ln(mPa*s),"InChI=1S/C7H8/c1-7-5-3-2-4-6-7/h2-6H,1H3",304.15,K
-0.6675194184589739,ln(mPa*s),"InChI=1S/C7H8/c1-7-5-3-2-4-6-7/h2-6H,1H3",304.81666666666666,K
-0.6718943301356626,ln(mPa*s),"InChI=1S/C7H8/c1-7-5-3-2-4-6-7/h2-6H,1H3",305.575,K
-0.6619932142357882,ln(mPa*s),"InChI=1S/C7H8/c1-7-5-3-2-4-6-7/h2-6H,1H3",305.65,K
-0.6771902758495488,ln(mPa*s),"InChI=1S/C7H8/c1-7-5-3-2-4-6-7/h2-6H,1H3",306.43333333333334,K
-0.6633747652915847,ln(mPa*s),"InChI=1S/C7H8/c1-7-5-3-2-4-6-7/h2-6H,1H3",306.4833333333333,K
-0.5574558510138585,ln(mPa*s),"InChI=1S/C7H8/c1-7-5-3-2-4-6-7/h2-6H,1H3",307.9625,K
-0.6896242353517167,ln(mPa*s),"InChI=1S/C7H8/c1-7-5-3-2-4-6-7/h2-6H,1H3",308.0,K
-0.6988345757236929,ln(mPa*s),"InChI=1S/C7H8/c1-7-5-3-2-4-6-7/h2-6H,1H3",308.1,K
-0.6799533779611417,ln(mPa*s),"InChI=1S/C7H8/c1-7-5-3-2-4-6-7/h2-6H,1H3",308.1285714285714,K
-0.6447238260383329,ln(mPa*s),"InChI=1S/C7H8/c1-7-5-3-2-4-6-7/h2-6H,1H3",308.15,K
-0.6997556097608906,ln(mPa*s),"InChI=1S/C7H8/c1-7-5-3-2-4-6-7/h2-6H,1H3",309.15,K
-0.7126500862816572,ln(mPa*s),"InChI=1S/C7H8/c1-7-5-3-2-4-6-7/h2-6H,1H3",309.4,K
-0.7071238820584714,ln(mPa*s),"InChI=1S/C7H8/c1-7-5-3-2-4-6-7/h2-6H,1H3",309.81666666666666,K
-0.7326825765907053,ln(mPa*s),"InChI=1S/C7H8/c1-7-5-3-2-4-6-7/h2-6H,1H3",310.65,K
-0.7112685352258608,ln(mPa*s),"InChI=1S/C7H8/c1-7-5-3-2-4-6-7/h2-6H,1H3",312.41,K
-0.7732080742274006,ln(mPa*s),"InChI=1S/C7H8/c1-7-5-3-2-4-6-7/h2-6H,1H3",313.0,K
-0.7575504955950412,ln(mPa*s),"InChI=1S/C7H8/c1-7-5-3-2-4-6-7/h2-6H,1H3",313.15,K
-0.7704449721158078,ln(mPa*s),"InChI=1S/C7H8/c1-7-5-3-2-4-6-7/h2-6H,1H3",318.15,K
-0.8473513142218089,ln(mPa*s),"InChI=1S/C7H8/c1-7-5-3-2-4-6-7/h2-6H,1H3",323.15,K
0.3990379966158682,ln(mPa*s),"InChI=1S/C7H8Cl2Si/c1-10(8,9)7-5-3-2-4-6-7/h2-6H,1H3",298.0,K
2.633757596520355,ln(mPa*s),"InChI=1S/C7H8O/c1-6-2-4-7(8)5-3-6/h2-5,8H,1H3",298.0,K
2.5572273113676265,ln(mPa*s),"InChI=1S/C7H8O/c1-6-3-2-4-7(8)5-6/h2-5,8H,1H3",298.0,K
2.282552602684998,ln(mPa*s),"InChI=1S/C7H8O/c1-6-3-2-4-7(8)5-6/h2-5,8H,1H3",303.15,K
1.9700918055657053,ln(mPa*s),"InChI=1S/C7H8O/c1-6-3-2-4-7(8)5-6/h2-5,8H,1H3",308.15,K
1.9341714781149983,ln(mPa*s),"InChI=1S/C7H8O/c1-6-3-2-4-7(8)5-6/h2-5,8H,1H3",310.5,K
1.8213448085582904,ln(mPa*s),"InChI=1S/C7H8O/c1-6-3-2-4-7(8)5-6/h2-5,8H,1H3",313.15,K
1.7230244250874445,ln(mPa*s),"InChI=1S/C7H8O/c1-6-3-2-4-7(8)5-6/h2-5,8H,1H3",315.65,K
1.6233224905608024,ln(mPa*s),"InChI=1S/C7H8O/c1-6-3-2-4-7(8)5-6/h2-5,8H,1H3",318.15,K
2.029042584095984,ln(mPa*s),"InChI=1S/C7H8O/c1-6-4-2-3-5-7(6)8/h2-5,8H,1H3",298.0,K
1.799009733156248,ln(mPa*s),"InChI=1S/C7H8O/c1-6-4-2-3-5-7(6)8/h2-5,8H,1H3",303.15,K
1.532140120878238,ln(mPa*s),"InChI=1S/C7H8O/c1-6-4-2-3-5-7(6)8/h2-5,8H,1H3",308.15,K
1.5005947051042197,ln(mPa*s),"InChI=1S/C7H8O/c1-6-4-2-3-5-7(6)8/h2-5,8H,1H3",311.9,K
1.3417163336876303,ln(mPa*s),"InChI=1S/C7H8O/c1-6-4-2-3-5-7(6)8/h2-5,8H,1H3",313.15,K
1.2751716245001026,ln(mPa*s),"InChI=1S/C7H8O/c1-6-4-2-3-5-7(6)8/h2-5,8H,1H3",318.15,K
0.1075307238428219,ln(mPa*s),"InChI=1S/C7H8O/c1-8-7-5-3-2-4-6-7/h2-6H,1H3",295.65,K
0.0,ln(mPa*s),"InChI=1S/C7H8O/c1-8-7-5-3-2-4-6-7/h2-6H,1H3",298.0,K
0.0078287893161797,ln(mPa*s),"InChI=1S/C7H8O/c1-8-7-5-3-2-4-6-7/h2-6H,1H3",298.15,K
-0.0718406549014142,ln(mPa*s),"InChI=1S/C7H8O/c1-8-7-5-3-2-4-6-7/h2-6H,1H3",303.15,K
-0.0891100430988695,ln(mPa*s),"InChI=1S/C7H8O/c1-8-7-5-3-2-4-6-7/h2-6H,1H3",305.61249999999995,K
-0.1208857173821874,ln(mPa*s),"InChI=1S/C7H8O/c1-8-7-5-3-2-4-6-7/h2-6H,1H3",305.65,K
-0.1549639767584993,ln(mPa*s),"InChI=1S/C7H8O/c1-8-7-5-3-2-4-6-7/h2-6H,1H3",308.15,K
-0.1895027531534099,ln(mPa*s),"InChI=1S/C7H8O/c1-8-7-5-3-2-4-6-7/h2-6H,1H3",309.06,K
-0.174766208558248,ln(mPa*s),"InChI=1S/C7H8O/c1-8-7-5-3-2-4-6-7/h2-6H,1H3",309.15,K
-0.0736827229758094,ln(mPa*s),"InChI=1S/C7H8O/c1-8-7-5-3-2-4-6-7/h2-6H,1H3",309.81666666666666,K
-0.1954894743951945,ln(mPa*s),"InChI=1S/C7H8O/c1-8-7-5-3-2-4-6-7/h2-6H,1H3",310.65,K
-0.2226599784925242,ln(mPa*s),"InChI=1S/C7H8O/c1-8-7-5-3-2-4-6-7/h2-6H,1H3",311.65714285714284,K
-0.2475278974968599,ln(mPa*s),"InChI=1S/C7H8O/c1-8-7-5-3-2-4-6-7/h2-6H,1H3",313.075,K
-0.2466068634596623,ln(mPa*s),"InChI=1S/C7H8O/c1-8-7-5-3-2-4-6-7/h2-6H,1H3",313.15,K
1.7000096106184874,ln(mPa*s),"InChI=1S/C7H8O/c8-6-7-4-2-1-3-5-7/h1-5,8H,6H2",298.0,K
1.258362753321246,ln(mPa*s),"InChI=1S/C7H8O/c8-6-7-4-2-1-3-5-7/h1-5,8H,6H2",313.15,K
1.1966534728290057,ln(mPa*s),"InChI=1S/C7H8O/c8-6-7-4-2-1-3-5-7/h1-5,8H,6H2",315.65,K
1.0693205171864348,ln(mPa*s),"InChI=1S/C7H8O/c8-6-7-4-2-1-3-5-7/h1-5,8H,6H2",318.15,K
1.0161308015382726,ln(mPa*s),"InChI=1S/C7H8O/c8-6-7-4-2-1-3-5-7/h1-5,8H,6H2",320.65,K
0.9353100647741814,ln(mPa*s),"InChI=1S/C7H8O/c8-6-7-4-2-1-3-5-7/h1-5,8H,6H2",323.15,K
1.7934247485471162,ln(mPa*s),"InChI=1S/C7H8O2/c1-9-7-5-3-2-4-6(7)8/h2-5,8H,1H3",298.0,K
1.4929961742973392,ln(mPa*s),"InChI=1S/C7H8O2/c1-9-7-5-3-2-4-6(7)8/h2-5,8H,1H3",303.15,K
1.4202344853587276,ln(mPa*s),"InChI=1S/C7H8O2/c1-9-7-5-3-2-4-6(7)8/h2-5,8H,1H3",308.15,K
0.3753213701580295,ln(mPa*s),"InChI=1S/C7H8S/c1-8-7-5-3-2-4-6-7/h2-6H,1H3",298.0,K
-0.0727616889386118,ln(mPa*s),"InChI=1S/C7H8S/c8-6-7-4-2-1-3-5-7/h1-5,8H,6H2",298.0,K
0.732452318081406,ln(mPa*s),"InChI=1S/C7H9N/c1-6-2-4-7(8)5-3-6/h2-5H,8H2,1H3",313.05,K
1.173397363389766,ln(mPa*s),"InChI=1S/C7H9N/c1-6-3-2-4-7(8)5-6/h2-5H,8H2,1H3",298.0,K
-0.3672623223325503,ln(mPa*s),"InChI=1S/C7H9N/c1-6-3-4-8-7(2)5-6/h3-5H,1-2H3",313.0,K
-0.43311625599218,ln(mPa*s),"InChI=1S/C7H9N/c1-6-3-4-8-7(2)5-6/h3-5H,1-2H3",318.0,K
0.8390620078870303,ln(mPa*s),"InChI=1S/C7H9N/c1-6-4-2-3-5-7(6)8/h2-5H,8H2,1H3",315.65,K
-0.2129487777329325,ln(mPa*s),"InChI=1S/C7H9N/c1-6-4-3-5-7(2)8-6/h3-5H,1-2H3",298.0,K
-0.1305565747727624,ln(mPa*s),"InChI=1S/C7H9N/c1-6-4-3-5-7(2)8-6/h3-5H,1-2H3",298.15,K
-0.3267368246958551,ln(mPa*s),"InChI=1S/C7H9N/c1-6-4-3-5-7(2)8-6/h3-5H,1-2H3",304.4,K
-0.261803925073423,ln(mPa*s),"InChI=1S/C7H9N/c1-6-4-3-5-7(2)8-6/h3-5H,1-2H3",306.460875,K
-0.3829199009649098,ln(mPa*s),"InChI=1S/C7H9N/c1-6-4-3-5-7(2)8-6/h3-5H,1-2H3",313.0,K
-0.4612077941267074,ln(mPa*s),"InChI=1S/C7H9N/c1-6-4-3-5-7(2)8-6/h3-5H,1-2H3",318.0,K
0.6244503693261048,ln(mPa*s),"InChI=1S/C7H9N/c1-8-7-5-3-2-4-6-7/h2-6,8H,1H3",298.0,K
0.7032094874003816,ln(mPa*s),"InChI=1S/C7H9N/c1-8-7-5-3-2-4-6-7/h2-6,8H,1H3",298.15,K
0.5602189531254513,ln(mPa*s),"InChI=1S/C7H9N/c1-8-7-5-3-2-4-6-7/h2-6,8H,1H3",303.0,K
0.4381819431967669,ln(mPa*s),"InChI=1S/C7H9N/c1-8-7-5-3-2-4-6-7/h2-6,8H,1H3",303.15,K
0.4391029772339646,ln(mPa*s),"InChI=1S/C7H9N/c1-8-7-5-3-2-4-6-7/h2-6,8H,1H3",308.0,K
0.4151560922668264,ln(mPa*s),"InChI=1S/C7H9N/c1-8-7-5-3-2-4-6-7/h2-6,8H,1H3",308.15,K
0.475253563193971,ln(mPa*s),"InChI=1S/C7H9N/c8-6-7-4-2-1-3-5-7/h1-5H,6,8H2",298.0,K
0.3472298320235021,ln(mPa*s),"InChI=1S/C7H9N/c8-6-7-4-2-1-3-5-7/h1-5H,6,8H2",303.15,K
0.2348636794853926,ln(mPa*s),"InChI=1S/C7H9N/c8-6-7-4-2-1-3-5-7/h1-5H,6,8H2",313.15,K
1.3564528782827925,ln(mPa*s),"InChI=1S/C7H9NO/c1-9-7-5-3-2-4-6(7)8/h2-5H,8H2,1H3",318.15,K
0.3387102671794241,ln(mPa*s),"InChI=1S/C8F18/c9-1(10,3(13,14)5(17,18)7(21,22)23)2(11,12)4(15,16)6(19,20)8(24,25)26",298.0,K
-0.4557513210043914,ln(mPa*s),"InChI=1S/C8H10/c1-2-8-6-4-3-5-7-8/h3-7H,2H2,1H3",298.0,K
-0.4982794141239116,ln(mPa*s),"InChI=1S/C8H10/c1-2-8-6-4-3-5-7-8/h3-7H,2H2,1H3",298.15,K
-0.5120949246818758,ln(mPa*s),"InChI=1S/C8H10/c1-2-8-6-4-3-5-7-8/h3-7H,2H2,1H3",303.15,K
-0.5565348169766609,ln(mPa*s),"InChI=1S/C8H10/c1-2-8-6-4-3-5-7-8/h3-7H,2H2,1H3",306.43333333333334,K
-0.5452521500209901,ln(mPa*s),"InChI=1S/C8H10/c1-2-8-6-4-3-5-7-8/h3-7H,2H2,1H3",308.15,K
-0.5892315252971764,ln(mPa*s),"InChI=1S/C8H10/c1-2-8-6-4-3-5-7-8/h3-7H,2H2,1H3",309.4,K
-0.5837053210739906,ln(mPa*s),"InChI=1S/C8H10/c1-2-8-6-4-3-5-7-8/h3-7H,2H2,1H3",309.81666666666666,K
-0.60327729436444,ln(mPa*s),"InChI=1S/C8H10/c1-2-8-6-4-3-5-7-8/h3-7H,2H2,1H3",310.65,K
-0.621467716599093,ln(mPa*s),"InChI=1S/C8H10/c1-2-8-6-4-3-5-7-8/h3-7H,2H2,1H3",311.9,K
-0.663605023800884,ln(mPa*s),"InChI=1S/C8H10/c1-2-8-6-4-3-5-7-8/h3-7H,2H2,1H3",313.0,K
-0.6002839337435477,ln(mPa*s),"InChI=1S/C8H10/c1-2-8-6-4-3-5-7-8/h3-7H,2H2,1H3",313.15,K
-0.6746574322472554,ln(mPa*s),"InChI=1S/C8H10/c1-2-8-6-4-3-5-7-8/h3-7H,2H2,1H3",318.15,K
-0.4338070315200782,ln(mPa*s),"InChI=1S/C8H10/c1-7-3-5-8(2)6-4-7/h3-6H,1-2H3",293.15,K
-0.5062034013568208,ln(mPa*s),"InChI=1S/C8H10/c1-7-3-5-8(2)6-4-7/h3-6H,1-2H3",298.0,K
-0.4916019173542288,ln(mPa*s),"InChI=1S/C8H10/c1-7-3-5-8(2)6-4-7/h3-6H,1-2H3",298.15,K
-0.5592979190882538,ln(mPa*s),"InChI=1S/C8H10/c1-7-3-5-8(2)6-4-7/h3-6H,1-2H3",303.15,K
-0.5880802327506793,ln(mPa*s),"InChI=1S/C8H10/c1-7-3-5-8(2)6-4-7/h3-6H,1-2H3",304.4,K
-0.5765673072857092,ln(mPa*s),"InChI=1S/C8H10/c1-7-3-5-8(2)6-4-7/h3-6H,1-2H3",305.65,K
-0.6180138389596019,ln(mPa*s),"InChI=1S/C8H10/c1-7-3-5-8(2)6-4-7/h3-6H,1-2H3",307.35,K
-0.5977510901412543,ln(mPa*s),"InChI=1S/C8H10/c1-7-3-5-8(2)6-4-7/h3-6H,1-2H3",308.0,K
-0.6200861655432965,ln(mPa*s),"InChI=1S/C8H10/c1-7-3-5-8(2)6-4-7/h3-6H,1-2H3",308.15,K
-0.6242308187106859,ln(mPa*s),"InChI=1S/C8H10/c1-7-3-5-8(2)6-4-7/h3-6H,1-2H3",309.4,K
-0.660151146161393,ln(mPa*s),"InChI=1S/C8H10/c1-7-3-5-8(2)6-4-7/h3-6H,1-2H3",313.0,K
-0.6541644249196085,ln(mPa*s),"InChI=1S/C8H10/c1-7-3-5-8(2)6-4-7/h3-6H,1-2H3",313.15,K
-0.7032094874003816,ln(mPa*s),"InChI=1S/C8H10/c1-7-3-5-8(2)6-4-7/h3-6H,1-2H3",315.65,K
-0.7207091341071363,ln(mPa*s),"InChI=1S/C8H10/c1-7-3-5-8(2)6-4-7/h3-6H,1-2H3",318.075,K
-0.7269261138582203,ln(mPa*s),"InChI=1S/C8H10/c1-7-3-5-8(2)6-4-7/h3-6H,1-2H3",318.15,K
-0.7695239380786101,ln(mPa*s),"InChI=1S/C8H10/c1-7-3-5-8(2)6-4-7/h3-6H,1-2H3",323.15,K
-0.5478124722243984,ln(mPa*s),"InChI=1S/C8H10/c1-7-4-3-5-8(2)6-7/h3-6H,1-2H3",298.0,K
-0.5390351702699061,ln(mPa*s),"InChI=1S/C8H10/c1-7-4-3-5-8(2)6-7/h3-6H,1-2H3",298.15,K
-0.5604492116347508,ln(mPa*s),"InChI=1S/C8H10/c1-7-4-3-5-8(2)6-7/h3-6H,1-2H3",300.65,K
-0.5942972125017633,ln(mPa*s),"InChI=1S/C8H10/c1-7-4-3-5-8(2)6-7/h3-6H,1-2H3",303.15,K
-0.6286057303873746,ln(mPa*s),"InChI=1S/C8H10/c1-7-4-3-5-8(2)6-7/h3-6H,1-2H3",305.65,K
-0.6447238260383329,ln(mPa*s),"InChI=1S/C8H10/c1-7-4-3-5-8(2)6-7/h3-6H,1-2H3",308.15,K
-0.6815651875262375,ln(mPa*s),"InChI=1S/C8H10/c1-7-4-3-5-8(2)6-7/h3-6H,1-2H3",310.65,K
-0.670973296098465,ln(mPa*s),"InChI=1S/C8H10/c1-7-4-3-5-8(2)6-7/h3-6H,1-2H3",311.15,K
-0.7048212969654775,ln(mPa*s),"InChI=1S/C8H10/c1-7-4-3-5-8(2)6-7/h3-6H,1-2H3",313.0,K
-0.7087356916235674,ln(mPa*s),"InChI=1S/C8H10/c1-7-4-3-5-8(2)6-7/h3-6H,1-2H3",313.15,K
-0.7552479105020471,ln(mPa*s),"InChI=1S/C8H10/c1-7-4-3-5-8(2)6-7/h3-6H,1-2H3",318.0,K
-0.8231741707453714,ln(mPa*s),"InChI=1S/C8H10/c1-7-4-3-5-8(2)6-7/h3-6H,1-2H3",323.15,K
-0.2753735284305229,ln(mPa*s),"InChI=1S/C8H10/c1-7-5-3-4-6-8(7)2/h3-6H,1-2H3",298.0,K
-0.2786127962522795,ln(mPa*s),"InChI=1S/C8H10/c1-7-5-3-4-6-8(7)2/h3-6H,1-2H3",298.15,K
-0.3085464024612022,ln(mPa*s),"InChI=1S/C8H10/c1-7-5-3-4-6-8(7)2/h3-6H,1-2H3",300.65,K
-0.4478528005873419,ln(mPa*s),"InChI=1S/C8H10/c1-7-5-3-4-6-8(7)2/h3-6H,1-2H3",303.15,K
-0.4103206635715389,ln(mPa*s),"InChI=1S/C8H10/c1-7-5-3-4-6-8(7)2/h3-6H,1-2H3",308.15,K
-0.3341050969934361,ln(mPa*s),"InChI=1S/C8H10/c1-7-5-3-4-6-8(7)2/h3-6H,1-2H3",310.65,K
-0.4586749505244139,ln(mPa*s),"InChI=1S/C8H10/c1-7-5-3-4-6-8(7)2/h3-6H,1-2H3",313.15,K
-0.4943650194658217,ln(mPa*s),"InChI=1S/C8H10/c1-7-5-3-4-6-8(7)2/h3-6H,1-2H3",315.65,K
5.631662620444838,ln(mPa*s),"InChI=1S/C8H10O/c1-2-7-4-3-5-8(9)6-7/h3-6,9H,2H2,1H3",298.0,K
4.2892555112293085,ln(mPa*s),"InChI=1S/C8H10O/c1-2-7-5-3-4-6-8(7)9/h3-6,9H,2H2,1H3",298.0,K
0.1439115683121278,ln(mPa*s),"InChI=1S/C8H10O/c1-2-9-8-6-4-3-5-7-8/h3-7H,2H2,1H3",298.0,K
0.1070702068242231,ln(mPa*s),"InChI=1S/C8H10O/c1-2-9-8-6-4-3-5-7-8/h3-7H,2H2,1H3",298.15,K
0.0667749676968273,ln(mPa*s),"InChI=1S/C8H10O/c1-2-9-8-6-4-3-5-7-8/h3-7H,2H2,1H3",303.0,K
0.0370716199972041,ln(mPa*s),"InChI=1S/C8H10O/c1-2-9-8-6-4-3-5-7-8/h3-7H,2H2,1H3",303.0833333333333,K
0.0773668591245999,ln(mPa*s),"InChI=1S/C8H10O/c1-2-9-8-6-4-3-5-7-8/h3-7H,2H2,1H3",304.4,K
-0.0170391296881559,ln(mPa*s),"InChI=1S/C8H10O/c1-2-9-8-6-4-3-5-7-8/h3-7H,2H2,1H3",308.0,K
-0.0262494700601321,ln(mPa*s),"InChI=1S/C8H10O/c1-2-9-8-6-4-3-5-7-8/h3-7H,2H2,1H3",308.15,K
0.0769610411361284,ln(mPa*s),"InChI=1S/C8H10O/c1-7-3-5-8(9-2)6-4-7/h3-6H,1-2H3",298.0,K
2.2195414470653194,ln(mPa*s),"InChI=1S/C8H10O/c9-7-6-8-4-2-1-3-5-8/h1-5,9H,6-7H2",298.0,K
2.035485222206737,ln(mPa*s),"InChI=1S/C8H10O/c9-7-6-8-4-2-1-3-5-8/h1-5,9H,6-7H2",308.15,K
1.795095338498158,ln(mPa*s),"InChI=1S/C8H10O/c9-7-6-8-4-2-1-3-5-8/h1-5,9H,6-7H2",313.15,K
1.7262480442176362,ln(mPa*s),"InChI=1S/C8H10O/c9-7-6-8-4-2-1-3-5-8/h1-5,9H,6-7H2",315.65,K
1.6053623268354489,ln(mPa*s),"InChI=1S/C8H10O/c9-7-6-8-4-2-1-3-5-8/h1-5,9H,6-7H2",318.15,K
1.779668018375098,ln(mPa*s),"InChI=1S/C8H10O2/c9-6-7-10-8-4-2-1-3-5-8/h1-5,9H,6-7H2",323.15,K
0.3700254244441432,ln(mPa*s),"InChI=1S/C8H10O4/c1-3-7(9)11-5-6-12-8(10)4-2/h3-4H,1-2,5-6H2",298.0,K
3.585124989791729,ln(mPa*s),"InChI=1S/C8H11N/c1-2-7-5-3-4-6-8(7)9/h3-6H,2,9H2,1H3",298.0,K
0.66130243870789,ln(mPa*s),"InChI=1S/C8H11N/c1-2-9-8-6-4-3-5-7-8/h3-7,9H,2H2,1H3",298.0,K
0.5549230074115651,ln(mPa*s),"InChI=1S/C8H11N/c1-2-9-8-6-4-3-5-7-8/h3-7,9H,2H2,1H3",303.15,K
0.4992004481611091,ln(mPa*s),"InChI=1S/C8H11N/c1-2-9-8-6-4-3-5-7-8/h3-7,9H,2H2,1H3",305.65,K
0.440484528289761,ln(mPa*s),"InChI=1S/C8H11N/c1-2-9-8-6-4-3-5-7-8/h3-7,9H,2H2,1H3",308.0,K
0.4054852348762515,ln(mPa*s),"InChI=1S/C8H11N/c1-2-9-8-6-4-3-5-7-8/h3-7,9H,2H2,1H3",308.15,K
0.3946630849391794,ln(mPa*s),"InChI=1S/C8H11N/c1-2-9-8-6-4-3-5-7-8/h3-7,9H,2H2,1H3",310.65,K
0.1800621542721344,ln(mPa*s),"InChI=1S/C8H11N/c1-2-9-8-6-4-3-5-7-8/h3-7,9H,2H2,1H3",318.15,K
1.286224032946474,ln(mPa*s),"InChI=1S/C8H11N/c1-6-3-4-8(9)7(2)5-6/h3-5H,9H2,1-2H3",298.0,K
-0.1003927100545404,ln(mPa*s),"InChI=1S/C8H11N/c1-6-4-7(2)9-8(3)5-6/h4-5H,1-3H3",298.0,K
0.2014278289470576,ln(mPa*s),"InChI=1S/C8H11N/c1-9(2)8-6-4-3-5-7-8/h3-7H,1-2H3",298.0,K
0.3053227833310105,ln(mPa*s),"InChI=1S/C8H11N/c1-9(2)8-6-4-3-5-7-8/h3-7H,1-2H3",298.15,K
0.1848975829674218,ln(mPa*s),"InChI=1S/C8H11N/c1-9(2)8-6-4-3-5-7-8/h3-7H,1-2H3",303.15,K
0.1319381258285588,ln(mPa*s),"InChI=1S/C8H11N/c1-9(2)8-6-4-3-5-7-8/h3-7H,1-2H3",305.65,K
0.1250303705495767,ln(mPa*s),"InChI=1S/C8H11N/c1-9(2)8-6-4-3-5-7-8/h3-7H,1-2H3",306.18125,K
0.0985506419801451,ln(mPa*s),"InChI=1S/C8H11N/c1-9(2)8-6-4-3-5-7-8/h3-7H,1-2H3",308.0,K
0.0805904782547916,ln(mPa*s),"InChI=1S/C8H11N/c1-9(2)8-6-4-3-5-7-8/h3-7H,1-2H3",308.15,K
0.0511173890644678,ln(mPa*s),"InChI=1S/C8H11N/c1-9(2)8-6-4-3-5-7-8/h3-7H,1-2H3",309.4,K
0.0207232658369464,ln(mPa*s),"InChI=1S/C8H11N/c1-9(2)8-6-4-3-5-7-8/h3-7H,1-2H3",313.35,K
-0.5194631969794568,ln(mPa*s),"InChI=1S/C8H12/c1-2-4-6-8-7-5-3-1/h1-2,7-8H,3-6H2",298.0,K
-0.92425765632781,ln(mPa*s),"InChI=1S/C8H12/c1-2-8-6-4-3-5-7-8/h2-4,8H,1,5-7H2",298.0,K
1.059189142777261,ln(mPa*s),"InChI=1S/C8H12O4/c1-3-11-7(9)5-6-8(10)12-4-2/h5-6H,3-4H2,1-2H3",298.0,K
1.068860000167836,ln(mPa*s),"InChI=1S/C8H12O4/c1-3-11-7(9)5-6-8(10)12-4-2/h5-6H,3-4H2,1-2H3/b6-5-",298.0,K
-1.2742505904629051,ln(mPa*s),"InChI=1S/C8H12S/c1-4-8-5-6(2)9-7(8)3/h5H,4H2,1-3H3",298.0,K
0.4370306506502699,ln(mPa*s),"InChI=1S/C8H14/c1-2-4-6-8-7-5-3-1/h1-2H,3-8H2",298.0,K
-0.3559796553768795,ln(mPa*s),"InChI=1S/C8H14/c1-2-8-6-4-3-5-7-8/h2,8H,1,3-7H2",298.0,K
-0.3469995735142027,ln(mPa*s),"InChI=1S/C8H14/c1-2-8-6-4-3-5-7-8/h6H,2-5,7H2,1H3",298.0,K
-0.3905184317717902,ln(mPa*s),"InChI=1S/C8H14/c1-3-5-7-8-6-4-2/h1H,4-8H2,2H3",298.0,K
-1.0875109394210878,ln(mPa*s),"InChI=1S/C8H14/c1-7(2)5-6-8(3)4/h1,3,5-6H2,2,4H3",298.0,K
-0.1911145627185058,ln(mPa*s),"InChI=1S/C8H14/c1-7(2)5-6-8(3)4/h5-6H,1-4H3",298.0,K
0.0557225592504559,ln(mPa*s),"InChI=1S/C8H14O/c1-3-5-6-8(4-2)7-9/h6-7H,3-5H2,1-2H3",298.0,K
0.6164020293945061,ln(mPa*s),"InChI=1S/C8H14O/c1-7(9)8-5-3-2-4-6-8/h8H,2-6H2,1H3",298.0,K
-0.2643367686757165,ln(mPa*s),"InChI=1S/C8H14O2/c1-3-4-5-6-7-10-8(2)9/h4-5H,3,6-7H2,1-2H3/b5-4-",303.15,K
-0.2553566868130397,ln(mPa*s),"InChI=1S/C8H14O2/c1-3-4-5-6-7-10-8(2)9/h5-6H,3-4,7H2,1-2H3/b6-5+",303.15,K
0.6269939208222787,ln(mPa*s),"InChI=1S/C8H14O2/c1-3-9-5-7(1)8-2-4-10-6-8/h7-8H,1-6H2",298.0,K
-0.131248286609954,ln(mPa*s),"InChI=1S/C8H14O2/c1-4-5-6-10-8(9)7(2)3/h2,4-6H2,1,3H3",298.0,K
-0.279994347308076,ln(mPa*s),"InChI=1S/C8H14O2/c1-4-5-6-10-8(9)7(2)3/h2,4-6H2,1,3H3",308.15,K
-0.0847351314221808,ln(mPa*s),"InChI=1S/C8H14O2/c1-6(2)5-10-8(9)7(3)4/h6H,3,5H2,1-2,4H3",298.0,K
-0.291967789791645,ln(mPa*s),"InChI=1S/C8H14O2/c1-6(2)7(9)10-8(3,4)5/h1H2,2-5H3",298.0,K
0.7066633650398727,ln(mPa*s),"InChI=1S/C8H14O2/c1-7(9)10-8-5-3-2-4-6-8/h8H,2-6H2,1H3",298.0,K
0.483773128038049,ln(mPa*s),"InChI=1S/C8H14O2/c1-7(9)10-8-5-3-2-4-6-8/h8H,2-6H2,1H3",310.0,K
0.3843014520207062,ln(mPa*s),"InChI=1S/C8H14O3/c1-3-5-7(9)11-8(10)6-4-2/h3-6H2,1-2H3",298.0,K
0.1819042223465296,ln(mPa*s),"InChI=1S/C8H14O3/c1-5(2)7(9)11-8(10)6(3)4/h5-6H,1-4H3",298.0,K
1.0818051703517284,ln(mPa*s),"InChI=1S/C8H14O4/c1-11-7(9)5-3-4-6-8(10)12-2/h3-6H2,1-2H3",298.0,K
0.8116612452804012,ln(mPa*s),"InChI=1S/C8H14O4/c1-11-7(9)5-3-4-6-8(10)12-2/h3-6H2,1-2H3",310.65,K
0.7826486731086761,ln(mPa*s),"InChI=1S/C8H14O4/c1-11-7(9)5-3-4-6-8(10)12-2/h3-6H2,1-2H3",312.15,K
0.760313597706634,ln(mPa*s),"InChI=1S/C8H14O4/c1-11-7(9)5-3-4-6-8(10)12-2/h3-6H2,1-2H3",313.15,K
0.8724494917354441,ln(mPa*s),"InChI=1S/C8H14O4/c1-3-11-7(9)5-6-8(10)12-4-2/h3-6H2,1-2H3",298.15,K
0.7098869841700644,ln(mPa*s),"InChI=1S/C8H14O4/c1-3-11-7(9)5-6-8(10)12-4-2/h3-6H2,1-2H3",308.15,K
0.6946899225563037,ln(mPa*s),"InChI=1S/C8H14O4/c1-3-11-7(9)5-6-8(10)12-4-2/h3-6H2,1-2H3",308.9833333333333,K
3.1934552654734425,ln(mPa*s),"InChI=1S/C8H14O6/c1-3-13-7(11)5(9)6(10)8(12)14-4-2/h5-6,9-10H,3-4H2,1-2H3/t5-,6-/m0/s1",323.15,K
0.8015530544037318,ln(mPa*s),InChI=1S/C8H16/c1-2-4-6-8-7-5-3-1/h1-8H2,298.0,K
0.493443985428624,ln(mPa*s),InChI=1S/C8H16/c1-2-4-6-8-7-5-3-1/h1-8H2,313.15,K
-0.4460107325129467,ln(mPa*s),"InChI=1S/C8H16/c1-2-5-8-6-3-4-7-8/h8H,2-7H2,1H3",298.0,K
-0.241310917745776,ln(mPa*s),"InChI=1S/C8H16/c1-2-8-6-4-3-5-7-8/h8H,2-7H2,1H3",298.0,K
-0.3170659673052801,ln(mPa*s),"InChI=1S/C8H16/c1-2-8-6-4-3-5-7-8/h8H,2-7H2,1H3",305.65,K
-0.3633479276744604,ln(mPa*s),"InChI=1S/C8H16/c1-2-8-6-4-3-5-7-8/h8H,2-7H2,1H3",308.15,K
-0.373939819102233,ln(mPa*s),"InChI=1S/C8H16/c1-2-8-6-4-3-5-7-8/h8H,2-7H2,1H3",308.9833333333333,K
-0.3806173158719158,ln(mPa*s),"InChI=1S/C8H16/c1-2-8-6-4-3-5-7-8/h8H,2-7H2,1H3",310.65,K
-0.4411753038176592,ln(mPa*s),"InChI=1S/C8H16/c1-2-8-6-4-3-5-7-8/h8H,2-7H2,1H3",315.65,K
-0.4697273589707853,ln(mPa*s),"InChI=1S/C8H16/c1-2-8-6-4-3-5-7-8/h8H,2-7H2,1H3",318.15,K
-0.750642740316059,ln(mPa*s),"InChI=1S/C8H16/c1-3-5-7-8-6-4-2/h3,5H,4,6-8H2,1-2H3/b5-3-",298.0,K
-0.7550225842780328,ln(mPa*s),"InChI=1S/C8H16/c1-3-5-7-8-6-4-2/h3H,1,4-8H2,2H3",298.0,K
-0.7925497890085507,ln(mPa*s),"InChI=1S/C8H16/c1-3-5-7-8-6-4-2/h5,7H,3-4,6,8H2,1-2H3/b7-5+",298.0,K
-0.79278004751785,ln(mPa*s),"InChI=1S/C8H16/c1-3-5-7-8-6-4-2/h5,7H,3-4,6,8H2,1-2H3/b7-5-",298.0,K
-0.7932405645364488,ln(mPa*s),"InChI=1S/C8H16/c1-3-5-7-8-6-4-2/h7-8H,3-6H2,1-2H3/b8-7+",298.0,K
-0.7925497890085507,ln(mPa*s),"InChI=1S/C8H16/c1-3-5-7-8-6-4-2/h7-8H,3-6H2,1-2H3/b8-7-",298.0,K
-0.4361096166130723,ln(mPa*s),"InChI=1S/C8H16/c1-3-8(2)6-4-5-7-8/h3-7H2,1-2H3",298.0,K
-0.9518886774437384,ln(mPa*s),"InChI=1S/C8H16/c1-4-5-6-7-8(2)3/h2,4-7H2,1,3H3",298.0,K
-0.9518886774437384,ln(mPa*s),"InChI=1S/C8H16/c1-4-5-6-7-8(2)3/h4,8H,1,5-7H2,2-3H3",298.0,K
-0.8061350410572156,ln(mPa*s),"InChI=1S/C8H16/c1-4-6-7-8(3)5-2/h3-7H2,1-2H3",298.0,K
-0.7932405645364488,ln(mPa*s),"InChI=1S/C8H16/c1-4-6-8(3)7-5-2/h4,8H,1,5-7H2,2-3H3",298.0,K
-0.7932405645364488,ln(mPa*s),"InChI=1S/C8H16/c1-4-7-8(5-2)6-3/h5,8H,2,4,6-7H2,1,3H3",298.0,K
-0.79278004751785,ln(mPa*s),"InChI=1S/C8H16/c1-5-6-8(4)7(2)3/h8H,2,5-6H2,1,3-4H3",298.0,K
-0.6548552004475067,ln(mPa*s),"InChI=1S/C8H16/c1-6-4-5-7(2)8(6)3/h6-8H,4-5H2,1-3H3",298.0,K
-0.6560064929940036,ln(mPa*s),"InChI=1S/C8H16/c1-6-4-7(2)8(3)5-6/h6-8H,4-5H2,1-3H3",298.0,K
-1.2374092289750005,ln(mPa*s),"InChI=1S/C8H16/c1-7(2)6-8(3,4)5/h1,6H2,2-5H3",298.0,K
-1.237869745993599,ln(mPa*s),"InChI=1S/C8H16/c1-7(2)6-8(3,4)5/h6H,1-5H3",298.0,K
-0.4374911676688687,ln(mPa*s),"InChI=1S/C8H16/c1-7(2)8-5-3-4-6-8/h7-8H,3-6H2,1-2H3",298.0,K
-0.2302585092994046,ln(mPa*s),"InChI=1S/C8H16/c1-7-3-5-8(2)6-4-7/h7-8H,3-6H2,1-2H3/t7-,8+",298.0,K
-0.4160771263040241,ln(mPa*s),"InChI=1S/C8H16/c1-7-3-5-8(2)6-4-7/h7-8H,3-6H2,1-2H3/t7-,8-",298.0,K
-0.3914394658089878,ln(mPa*s),"InChI=1S/C8H16/c1-7-4-3-5-8(2)6-7/h7-8H,3-6H2,1-2H3",298.0,K
-0.241310917745776,ln(mPa*s),"InChI=1S/C8H16/c1-7-4-3-5-8(2)6-7/h7-8H,3-6H2,1-2H3/t7-,8+",298.0,K
-0.521305265053852,ln(mPa*s),"InChI=1S/C8H16/c1-7-4-3-5-8(2)6-7/h7-8H,3-6H2,1-2H3/t7-,8-/m1/s1",298.0,K
-0.4368003921409705,ln(mPa*s),"InChI=1S/C8H16/c1-7-4-5-8(2,3)6-7/h7H,4-6H2,1-3H3",298.0,K
-0.1522888273084478,ln(mPa*s),"InChI=1S/C8H16/c1-7-5-3-4-6-8(7)2/h7-8H,3-6H2,1-2H3",298.0,K
0.0202627488183476,ln(mPa*s),"InChI=1S/C8H16/c1-7-5-3-4-6-8(7)2/h7-8H,3-6H2,1-2H3/t7-,8+",298.0,K
-0.2585803059432313,ln(mPa*s),"InChI=1S/C8H16/c1-7-5-3-4-6-8(7)2/h7-8H,3-6H2,1-2H3/t7-,8-/m1/s1",298.0,K
-0.4368003921409705,ln(mPa*s),"InChI=1S/C8H16/c1-7-5-4-6-8(7,2)3/h7H,4-6H2,1-3H3",298.0,K
-0.2548961697944409,ln(mPa*s),"InChI=1S/C8H16/c1-8(2)6-4-3-5-7-8/h3-7H2,1-2H3",298.0,K
0.1823215567939546,ln(mPa*s),"InChI=1S/C8H16O/c1-2-3-4-5-6-7-8-9/h8H,2-7H2,1H3",298.0,K
0.0727616889386118,ln(mPa*s),"InChI=1S/C8H16O/c1-2-3-4-5-6-7-8-9/h8H,2-7H2,1H3",308.15,K
-0.0513476475737672,ln(mPa*s),"InChI=1S/C8H16O/c1-3-4-5-6-7-8(2)9/h3-7H2,1-2H3",298.0,K
0.0181904222346529,ln(mPa*s),"InChI=1S/C8H16O/c1-3-4-5-6-8(2)7-9/h7-8H,3-6H2,1-2H3",298.0,K
-0.1647614913052673,ln(mPa*s),"InChI=1S/C8H16O/c1-3-5-6-7-8(9)4-2/h3-7H2,1-2H3",298.0,K
-0.0087498233533773,ln(mPa*s),"InChI=1S/C8H16O/c1-3-5-6-8(4-2)7-9/h7-8H,3-6H2,1-2H3",298.0,K
-0.0789786686896957,ln(mPa*s),"InChI=1S/C8H16O/c1-3-5-7-8(9)6-4-2/h3-7H2,1-2H3",298.0,K
-0.2182850668158355,ln(mPa*s),"InChI=1S/C8H16O/c1-4-8(9)6-5-7(2)3/h7H,4-6H2,1-3H3",298.0,K
0.134931486449451,ln(mPa*s),"InChI=1S/C8H16O2/c1-2-3-4-5-6-7-10-8-9/h8H,2-7H2,1H3",298.0,K
0.0803480975926867,ln(mPa*s),"InChI=1S/C8H16O2/c1-3-4-5-6-7-10-8(2)9/h3-7H2,1-2H3",298.0,K
-0.1895027531534099,ln(mPa*s),"InChI=1S/C8H16O2/c1-3-4-5-6-7-10-8(2)9/h3-7H2,1-2H3",303.15,K
-0.0587159198713481,ln(mPa*s),"InChI=1S/C8H16O2/c1-3-4-5-6-7-10-8(2)9/h3-7H2,1-2H3",305.65,K
-0.1015440026010374,ln(mPa*s),"InChI=1S/C8H16O2/c1-3-4-5-6-7-10-8(2)9/h3-7H2,1-2H3",308.15,K
-0.143451051293529,ln(mPa*s),"InChI=1S/C8H16O2/c1-3-4-5-6-7-10-8(2)9/h3-7H2,1-2H3",310.65,K
0.0,ln(mPa*s),"InChI=1S/C8H16O2/c1-3-4-5-6-7-8(9)10-2/h3-7H2,1-2H3",298.0,K
1.7393727792477025,ln(mPa*s),"InChI=1S/C8H16O2/c1-3-5-6-7(4-2)8(9)10/h7H,3-6H2,1-2H3,(H,9,10)",298.0,K
-0.0230258509299404,ln(mPa*s),"InChI=1S/C8H16O2/c1-3-5-6-7-8(9)10-4-2/h3-7H2,1-2H3",298.0,K
-0.3456180224584063,ln(mPa*s),"InChI=1S/C8H16O2/c1-3-5-6-7-8(9)10-4-2/h3-7H2,1-2H3",303.15,K
-0.2599618569990278,ln(mPa*s),"InChI=1S/C8H16O2/c1-3-5-6-7-8(9)10-4-2/h3-7H2,1-2H3",306.15,K
-0.0921034037197618,ln(mPa*s),"InChI=1S/C8H16O2/c1-3-5-7-10-8(9)6-4-2/h3-7H2,1-2H3",298.0,K
-0.2067721413508653,ln(mPa*s),"InChI=1S/C8H16O2/c1-6(2)5-10-8(9)7(3)4/h6-7H,5H2,1-4H3",298.0,K
-0.0725706928348353,ln(mPa*s),"InChI=1S/C8H16O2/c1-6(2)5-7(3)10-8(4)9/h6-7H,5H2,1-4H3",298.0,K
0.4872270056775401,ln(mPa*s),"InChI=1S/C8H16O3/c1-3-4-5-10-6-7-11-8(2)9/h3-7H2,1-2H3",298.0,K
0.5489362861697805,ln(mPa*s),"InChI=1S/C8H16O3/c9-5-1-2-6-10-8-4-3-7-11-8/h8-9H,1-7H2",298.0,K
0.917349901048828,ln(mPa*s),"InChI=1S/C8H16O4/c1-3-10-4-5-11-6-7-12-8(2)9/h3-7H2,1-2H3",298.0,K
0.7902472039155566,ln(mPa*s),"InChI=1S/C8H17NO/c1-4-6-9(7-5-2)8(3)10/h4-7H2,1-3H3",298.16,K
-0.6124876347364162,ln(mPa*s),"InChI=1S/C8H18/c1-3-5-7-8-6-4-2/h3-8H2,1-2H3",293.15,K
-0.6348782724359695,ln(mPa*s),"InChI=1S/C8H18/c1-3-5-7-8-6-4-2/h3-8H2,1-2H3",298.0,K
-0.6797231194518424,ln(mPa*s),"InChI=1S/C8H18/c1-3-5-7-8-6-4-2/h3-8H2,1-2H3",298.15,K
-0.6956109565935013,ln(mPa*s),"InChI=1S/C8H18/c1-3-5-7-8-6-4-2/h3-8H2,1-2H3",299.81666666666666,K
-0.6919268204447108,ln(mPa*s),"InChI=1S/C8H18/c1-3-5-7-8-6-4-2/h3-8H2,1-2H3",300.65,K
-0.7128803447909566,ln(mPa*s),"InChI=1S/C8H18/c1-3-5-7-8-6-4-2/h3-8H2,1-2H3",301.4833333333333,K
-0.6751179492658543,ln(mPa*s),"InChI=1S/C8H18/c1-3-5-7-8-6-4-2/h3-8H2,1-2H3",301.9,K
-0.7276168893861185,ln(mPa*s),"InChI=1S/C8H18/c1-3-5-7-8-6-4-2/h3-8H2,1-2H3",303.15,K
-0.7635372168368256,ln(mPa*s),"InChI=1S/C8H18/c1-3-5-7-8-6-4-2/h3-8H2,1-2H3",305.65,K
-0.7543268764648494,ln(mPa*s),"InChI=1S/C8H18/c1-3-5-7-8-6-4-2/h3-8H2,1-2H3",305.66,K
-0.7803460880156821,ln(mPa*s),"InChI=1S/C8H18/c1-3-5-7-8-6-4-2/h3-8H2,1-2H3",306.4833333333333,K
-0.7766619518668917,ln(mPa*s),"InChI=1S/C8H18/c1-3-5-7-8-6-4-2/h3-8H2,1-2H3",308.15,K
-0.7856420337295684,ln(mPa*s),"InChI=1S/C8H18/c1-3-5-7-8-6-4-2/h3-8H2,1-2H3",308.9833333333333,K
-0.7932405645364488,ln(mPa*s),"InChI=1S/C8H18/c1-3-5-7-8-6-4-2/h3-8H2,1-2H3",309.4,K
-0.8604760492518749,ln(mPa*s),"InChI=1S/C8H18/c1-3-5-7-8-6-4-2/h3-8H2,1-2H3",313.15,K
-0.8823506076353184,ln(mPa*s),"InChI=1S/C8H18/c1-3-5-7-8-6-4-2/h3-8H2,1-2H3",318.16,K
-0.954421521046032,ln(mPa*s),"InChI=1S/C8H18/c1-3-5-7-8-6-4-2/h3-8H2,1-2H3",323.15,K
-0.7577807541043405,ln(mPa*s),"InChI=1S/C8H18/c1-4-5-6-7-8(2)3/h8H,4-7H2,1-3H3",298.0,K
-0.8876465533492047,ln(mPa*s),"InChI=1S/C8H18/c1-4-5-6-7-8(2)3/h8H,4-7H2,1-3H3",309.81666666666666,K
-0.7729778157181012,ln(mPa*s),"InChI=1S/C8H18/c1-4-6-7-8(3)5-2/h8H,4-7H2,1-3H3",298.0,K
-0.8344568377010423,ln(mPa*s),"InChI=1S/C8H18/c1-4-6-8(3)7-5-2/h8H,4-7H2,1-3H3",298.0,K
-0.8459697631660125,ln(mPa*s),"InChI=1S/C8H18/c1-4-7-8(5-2)6-3/h8H,4-7H2,1-3H3",298.0,K
-0.5392907026736671,ln(mPa*s),"InChI=1S/C8H18/c1-5-6-7-8(2,3)4/h5-7H2,1-4H3",298.0,K
-0.7573202370857418,ln(mPa*s),"InChI=1S/C8H18/c1-5-6-8(4)7(2)3/h7-8H,5-6H2,1-4H3",298.0,K
-0.7651490264019214,ln(mPa*s),"InChI=1S/C8H18/c1-5-7(3)8(4)6-2/h7-8H,5-6H2,1-4H3",298.0,K
-0.5694292934974275,ln(mPa*s),"InChI=1S/C8H18/c1-5-8(4)6-7(2)3/h7-8H,5-6H2,1-4H3",298.0,K
-0.6449540845476323,ln(mPa*s),"InChI=1S/C8H18/c1-5-8(4,6-2)7-3/h5-7H2,1-4H3",298.0,K
-0.8362989057754375,ln(mPa*s),"InChI=1S/C8H18/c1-5-8(6-2)7(3)4/h7-8H,5-6H2,1-4H3",298.0,K
-0.5761067902671102,ln(mPa*s),"InChI=1S/C8H18/c1-6(2)8(5)7(3)4/h6-8H,1-5H3",298.0,K
-0.5659754158579364,ln(mPa*s),"InChI=1S/C8H18/c1-6-7(2)8(3,4)5/h7H,6H2,1-5H3",298.0,K
-0.5067989789679895,ln(mPa*s),"InChI=1S/C8H18/c1-6-8(4,5)7(2)3/h7H,6H2,1-5H3",298.0,K
-0.7885223351050363,ln(mPa*s),"InChI=1S/C8H18/c1-7(2)5-6-8(3)4/h7-8H,5-6H2,1-4H3",298.0,K
-0.7377435038096294,ln(mPa*s),"InChI=1S/C8H18/c1-7(2)6-8(3,4)5/h7H,6H2,1-5H3",298.0,K
2.128970176982295,ln(mPa*s),"InChI=1S/C8H18O/c1-2-3-4-5-6-7-8-9/h9H,2-8H2,1H3",295.65,K
2.0149030205422647,ln(mPa*s),"InChI=1S/C8H18O/c1-2-3-4-5-6-7-8-9/h9H,2-8H2,1H3",298.0,K
2.035485222206737,ln(mPa*s),"InChI=1S/C8H18O/c1-2-3-4-5-6-7-8-9/h9H,2-8H2,1H3",298.15,K
1.870389871039064,ln(mPa*s),"InChI=1S/C8H18O/c1-2-3-4-5-6-7-8-9/h9H,2-8H2,1H3",300.65,K
1.823877652160584,ln(mPa*s),"InChI=1S/C8H18O/c1-2-3-4-5-6-7-8-9/h9H,2-8H2,1H3",303.15,K
1.8351603191162549,ln(mPa*s),"InChI=1S/C8H18O/c1-2-3-4-5-6-7-8-9/h9H,2-8H2,1H3",304.4,K
1.7635499227241398,ln(mPa*s),"InChI=1S/C8H18O/c1-2-3-4-5-6-7-8-9/h9H,2-8H2,1H3",305.65,K
1.7465107930359838,ln(mPa*s),"InChI=1S/C8H18O/c1-2-3-4-5-6-7-8-9/h9H,2-8H2,1H3",306.15,K
1.685031771053043,ln(mPa*s),"InChI=1S/C8H18O/c1-2-3-4-5-6-7-8-9/h9H,2-8H2,1H3",308.075,K
1.6917092678227257,ln(mPa*s),"InChI=1S/C8H18O/c1-2-3-4-5-6-7-8-9/h9H,2-8H2,1H3",308.15,K
1.6161844767725206,ln(mPa*s),"InChI=1S/C8H18O/c1-2-3-4-5-6-7-8-9/h9H,2-8H2,1H3",310.65,K
1.5307585698224415,ln(mPa*s),"InChI=1S/C8H18O/c1-2-3-4-5-6-7-8-9/h9H,2-8H2,1H3",313.15,K
1.384083899398721,ln(mPa*s),"InChI=1S/C8H18O/c1-2-3-4-5-6-7-8-9/h9H,2-8H2,1H3",318.15,K
1.2238239769263353,ln(mPa*s),"InChI=1S/C8H18O/c1-2-3-4-5-6-7-8-9/h9H,2-8H2,1H3",323.15,K
1.9245159981277893,ln(mPa*s),"InChI=1S/C8H18O/c1-3-4-5-6-7-8(2)9/h8-9H,3-7H2,1-2H3",298.0,K
1.8607190136484888,ln(mPa*s),"InChI=1S/C8H18O/c1-3-4-5-6-7-8(2)9/h8-9H,3-7H2,1-2H3",298.15,K
1.763089405705541,ln(mPa*s),"InChI=1S/C8H18O/c1-3-4-5-6-7-8(2)9/h8-9H,3-7H2,1-2H3",300.65,K
1.5722051014963343,ln(mPa*s),"InChI=1S/C8H18O/c1-3-4-5-6-7-8(2)9/h8-9H,3-7H2,1-2H3",303.15,K
1.8973301166270933,ln(mPa*s),"InChI=1S/C8H18O/c1-3-4-5-6-8(2)7-9/h8-9H,3-7H2,1-2H3",298.0,K
-0.0881890090616719,ln(mPa*s),"InChI=1S/C8H18O/c1-3-5-6-7-8-9-4-2/h3-8H2,1-2H3",298.0,K
1.986220172371808,ln(mPa*s),"InChI=1S/C8H18O/c1-3-5-6-8(4-2)7-9/h8-9H,3-7H2,1-2H3",298.0,K
1.967789220472712,ln(mPa*s),"InChI=1S/C8H18O/c1-3-5-6-8(4-2)7-9/h8-9H,3-7H2,1-2H3",303.15,K
-0.371063681390832,ln(mPa*s),"InChI=1S/C8H18O/c1-3-5-7-9-8-6-4-2/h3-8H2,1-2H3",298.0,K
-0.4844639035659472,ln(mPa*s),"InChI=1S/C8H18O/c1-3-5-7-9-8-6-4-2/h3-8H2,1-2H3",298.15,K
-0.5360418096490139,ln(mPa*s),"InChI=1S/C8H18O/c1-3-5-7-9-8-6-4-2/h3-8H2,1-2H3",308.15,K
-0.5579163680324573,ln(mPa*s),"InChI=1S/C8H18O/c1-3-5-7-9-8-6-4-2/h3-8H2,1-2H3",313.15,K
-0.4303531538805872,ln(mPa*s),"InChI=1S/C8H18O/c1-5-7(3)9-8(4)6-2/h7-8H,5-6H2,1-4H3",298.0,K
-0.5823237700181942,ln(mPa*s),"InChI=1S/C8H18O/c1-6-7(2)9-8(3,4)5/h7H,6H2,1-5H3",298.0,K
-1.2074756227660777,ln(mPa*s),"InChI=1S/C8H18O/c1-7(2)5-9-6-8(3)4/h7-8H,5-6H2,1-4H3",298.0,K
-0.5823237700181942,ln(mPa*s),"InChI=1S/C8H18O/c1-7(2)6-9-8(3,4)5/h7H,6H2,1-5H3",298.0,K
-0.2687116803524051,ln(mPa*s),"InChI=1S/C8H18O/c1-7(2,3)9-8(4,5)6/h1-6H3",298.0,K
1.4570758468466325,ln(mPa*s),"InChI=1S/C8H18O2/c1-2-3-4-5-7-10-8-6-9/h9H,2-8H2,1H3",298.0,K
1.620132653531167,ln(mPa*s),"InChI=1S/C8H18O3/c1-2-3-5-10-7-8-11-6-4-9/h9H,2-8H2,1H3",298.0,K
1.6548679063348208,ln(mPa*s),"InChI=1S/C8H18O3/c1-2-3-5-10-7-8-11-6-4-9/h9H,2-8H2,1H3",298.15,K
1.4847068679625608,ln(mPa*s),"InChI=1S/C8H18O3/c1-2-3-5-10-7-8-11-6-4-9/h9H,2-8H2,1H3",303.15,K
1.3242166869808756,ln(mPa*s),"InChI=1S/C8H18O3/c1-2-3-5-10-7-8-11-6-4-9/h9H,2-8H2,1H3",308.15,K
1.1892852005314247,ln(mPa*s),"InChI=1S/C8H18O3/c1-2-3-5-10-7-8-11-6-4-9/h9H,2-8H2,1H3",313.15,K
0.92034326166972,ln(mPa*s),"InChI=1S/C8H18O3/c1-2-3-5-10-7-8-11-6-4-9/h9H,2-8H2,1H3",323.15,K
0.2373965230876861,ln(mPa*s),"InChI=1S/C8H18O3/c1-3-9-5-7-11-8-6-10-4-2/h3-8H2,1-2H3",298.15,K
0.0524989401202642,ln(mPa*s),"InChI=1S/C8H18O3/c1-3-9-5-7-11-8-6-10-4-2/h3-8H2,1-2H3",308.15,K
-0.1266421801146725,ln(mPa*s),"InChI=1S/C8H18O3/c1-3-9-5-7-11-8-6-10-4-2/h3-8H2,1-2H3",318.15,K
1.5807246663404124,ln(mPa*s),"InChI=1S/C8H18O3/c1-4-10-6-8(3)11-5-7(2)9/h7-9H,4-6H2,1-3H3",298.0,K
1.9675589619634124,ln(mPa*s),"InChI=1S/C8H18O4/c1-2-10-5-6-12-8-7-11-4-3-9/h9H,2-8H2,1H3",298.15,K
1.568520965347544,ln(mPa*s),"InChI=1S/C8H18O4/c1-2-10-5-6-12-8-7-11-4-3-9/h9H,2-8H2,1H3",307.15,K
0.6729444732424258,ln(mPa*s),"InChI=1S/C8H18O4/c1-9-3-5-11-7-8-12-6-4-10-2/h3-8H2,1-2H3",298.0,K
0.6677496769682733,ln(mPa*s),"InChI=1S/C8H18O4/c1-9-3-5-11-7-8-12-6-4-10-2/h3-8H2,1-2H3",298.15,K
0.5784093753601043,ln(mPa*s),"InChI=1S/C8H18O4/c1-9-3-5-11-7-8-12-6-4-10-2/h3-8H2,1-2H3",303.15,K
0.4667339983498931,ln(mPa*s),"InChI=1S/C8H18O4/c1-9-3-5-11-7-8-12-6-4-10-2/h3-8H2,1-2H3",309.36249999999995,K
4.050016920067227,ln(mPa*s),"InChI=1S/C8H18O5/c9-1-3-11-5-7-13-8-6-12-4-2-10/h9-10H,1-8H2",293.15,K
3.795489189172194,ln(mPa*s),"InChI=1S/C8H18O5/c9-1-3-11-5-7-13-8-6-12-4-2-10/h9-10H,1-8H2",298.0,K
3.7813052397148224,ln(mPa*s),"InChI=1S/C8H18O5/c9-1-3-11-5-7-13-8-6-12-4-2-10/h9-10H,1-8H2",298.15,K
3.4757521978745123,ln(mPa*s),"InChI=1S/C8H18O5/c9-1-3-11-5-7-13-8-6-12-4-2-10/h9-10H,1-8H2",305.65,K
3.1526995093274475,ln(mPa*s),"InChI=1S/C8H18O5/c9-1-3-11-5-7-13-8-6-12-4-2-10/h9-10H,1-8H2",310.65,K
0.0670052262061267,ln(mPa*s),"InChI=1S/C8H18S/c1-2-3-4-5-6-7-8-9/h9H,2-8H2,1H3",298.0,K
-0.0232561094392398,ln(mPa*s),"InChI=1S/C8H18S/c1-3-5-7-9-8-6-4-2/h3-8H2,1-2H3",298.0,K
0.1266421801146725,ln(mPa*s),"InChI=1S/C8H18S/c1-7(2,3)6-8(4,5)9/h9H,6H2,1-5H3",298.0,K
-0.0177299052160541,ln(mPa*s),"InChI=1S/C8H18S/c1-7(2,3)9-8(4,5)6/h1-6H3",298.0,K
0.5401864628164031,ln(mPa*s),"InChI=1S/C8H18S2/c1-3-5-7-9-10-8-6-4-2/h3-8H2,1-2H3",298.0,K
0.4059457518948503,ln(mPa*s),"InChI=1S/C8H18S2/c1-7(2,3)9-10-8(4,5)6/h1-6H3",298.0,K
0.1558850107956969,ln(mPa*s),"InChI=1S/C8H19N/c1-2-3-4-5-6-7-8-9/h2-9H2,1H3",303.15,K
0.0693078112991207,ln(mPa*s),"InChI=1S/C8H19N/c1-2-3-4-5-6-7-8-9/h2-9H2,1H3",308.15,K
-0.2802246058173754,ln(mPa*s),"InChI=1S/C8H19N/c1-3-5-7-9-8-6-4-2/h9H,3-8H2,1-2H3",303.15,K
-0.3757818871766283,ln(mPa*s),"InChI=1S/C8H19N/c1-3-5-7-9-8-6-4-2/h9H,3-8H2,1-2H3",308.15,K
-0.3677228393511491,ln(mPa*s),"InChI=1S/C8H19N/c1-3-5-7-9-8-6-4-2/h9H,3-8H2,1-2H3",309.4,K
-0.4080180784785449,ln(mPa*s),"InChI=1S/C8H19N/c1-3-5-7-9-8-6-4-2/h9H,3-8H2,1-2H3",313.15,K
-0.3228224300377652,ln(mPa*s),"InChI=1S/C8H19N/c1-7(2)5-9-6-8(3)4/h7-9H,5-6H2,1-4H3",298.0,K
3.214869306838287,ln(mPa*s),"InChI=1S/C8H19NO2/c1-2-3-4-9(5-7-10)6-8-11/h10-11H,2-8H2,1H3",313.15,K
-0.4057154933855508,ln(mPa*s),"InChI=1S/C8H20O4Si/c1-5-9-13(10-6-2,11-7-3)12-8-4/h5-8H2,1-4H3",298.0,K
-0.5042661353656961,ln(mPa*s),"InChI=1S/C8H20Si/c1-5-9(6-2,7-3)8-4/h5-8H2,1-4H3",298.0,K
4.572012960648977,ln(mPa*s),"InChI=1S/C8H23N5/c9-1-3-11-5-7-13-8-6-12-4-2-10/h11-13H,1-10H2",298.0,K
-0.1752267255768469,ln(mPa*s),"InChI=1S/C8H24O2Si3/c1-11(2,3)9-13(7,8)10-12(4,5)6/h1-8H3",298.0,K
0.7877143603132631,ln(mPa*s),"InChI=1S/C8H24O4Si4/c1-13(2)9-14(3,4)11-16(7,8)12-15(5,6)10-13/h1-8H3",298.0,K
0.5413377553629002,ln(mPa*s),"InChI=1S/C8H24O4Si4/c1-13(2)9-14(3,4)11-16(7,8)12-15(5,6)10-13/h1-8H3",308.15,K
-0.1268724386239719,ln(mPa*s),"InChI=1S/C8H6/c1-2-8-6-4-3-5-7-8/h1,3-7H",298.0,K
-0.1245698535309779,ln(mPa*s),"InChI=1S/C8H6/c1-2-8-6-4-3-5-7-8/h1,3-7H",298.15,K
0.6783415683960459,ln(mPa*s),"InChI=1S/C8H7N/c9-7-6-8-4-2-1-3-5-8/h1-5H,6H2",298.0,K
0.624921594238584,ln(mPa*s),"InChI=1S/C8H7N/c9-7-6-8-4-2-1-3-5-8/h1-5H,6H2",298.15,K
0.4605170185988092,ln(mPa*s),"InChI=1S/C8H7N/c9-7-6-8-4-2-1-3-5-8/h1-5H,6H2",308.15,K
-0.3538966912984121,ln(mPa*s),"InChI=1S/C8H8/c1-2-8-6-4-3-5-7-8/h2-7H,1H2",298.0,K
0.0676960017340249,ln(mPa*s),"InChI=1S/C8H8/c1-2-8-6-4-3-5-7-8/h2-7H,1H2",298.15,K
-0.4098601465529402,ln(mPa*s),"InChI=1S/C8H8/c1-2-8-6-4-3-5-7-8/h2-7H,1H2",303.15,K
-0.4420963378548568,ln(mPa*s),"InChI=1S/C8H8/c1-2-8-6-4-3-5-7-8/h2-7H,1H2",305.65,K
-0.4589052090337133,ln(mPa*s),"InChI=1S/C8H8/c1-2-8-6-4-3-5-7-8/h2-7H,1H2",306.4833333333333,K
-0.4731812366102764,ln(mPa*s),"InChI=1S/C8H8/c1-2-8-6-4-3-5-7-8/h2-7H,1H2",308.15,K
0.5041699692204912,ln(mPa*s),"InChI=1S/C8H8O/c1-7(9)8-5-3-2-4-6-8/h2-6H,1H3",298.0,K
0.5176211289050615,ln(mPa*s),"InChI=1S/C8H8O/c1-7(9)8-5-3-2-4-6-8/h2-6H,1H3",298.15,K
0.411471956118036,ln(mPa*s),"InChI=1S/C8H8O/c1-7(9)8-5-3-2-4-6-8/h2-6H,1H3",303.15,K
0.3707161999720414,ln(mPa*s),"InChI=1S/C8H8O/c1-7(9)8-5-3-2-4-6-8/h2-6H,1H3",305.65,K
0.3009478716543218,ln(mPa*s),"InChI=1S/C8H8O/c1-7(9)8-5-3-2-4-6-8/h2-6H,1H3",308.15,K
0.2776917622150819,ln(mPa*s),"InChI=1S/C8H8O/c1-7(9)8-5-3-2-4-6-8/h2-6H,1H3",310.65,K
0.3177567428331783,ln(mPa*s),"InChI=1S/C8H8O/c1-7(9)8-5-3-2-4-6-8/h2-6H,1H3",313.15,K
0.0495055794993719,ln(mPa*s),"InChI=1S/C8H8O/c1-7(9)8-5-3-2-4-6-8/h2-6H,1H3",323.15,K
0.5086410470423848,ln(mPa*s),"InChI=1S/C8H8O/c1-7-3-2-4-8(5-7)6-9/h2-6H,1H3",298.0,K
0.7980759932317364,ln(mPa*s),"InChI=1S/C8H8O/c1-7-4-2-3-5-8(7)6-9/h2-6H,1H3",298.0,K
0.6447238260383329,ln(mPa*s),"InChI=1S/C8H8O2/c1-10-8(9)7-5-3-2-4-6-7/h2-6H,1H3",298.0,K
0.5061082034400913,ln(mPa*s),"InChI=1S/C8H8O2/c1-10-8(9)7-5-3-2-4-6-7/h2-6H,1H3",303.15,K
0.5183119044329597,ln(mPa*s),"InChI=1S/C8H8O2/c1-10-8(9)7-5-3-2-4-6-7/h2-6H,1H3",305.65,K
0.4158468677947247,ln(mPa*s),"InChI=1S/C8H8O2/c1-10-8(9)7-5-3-2-4-6-7/h2-6H,1H3",308.15,K
0.3668018053139515,ln(mPa*s),"InChI=1S/C8H8O2/c1-10-8(9)7-5-3-2-4-6-7/h2-6H,1H3",310.65,K
0.3191382938889747,ln(mPa*s),"InChI=1S/C8H8O2/c1-10-8(9)7-5-3-2-4-6-7/h2-6H,1H3",313.15,K
0.2926585653195432,ln(mPa*s),"InChI=1S/C8H8O2/c1-10-8(9)7-5-3-2-4-6-7/h2-6H,1H3",315.65,K
1.3096832587480502,ln(mPa*s),"InChI=1S/C8H8O2/c1-10-8-4-2-7(6-9)3-5-8/h2-6H,1H3",298.0,K
0.9214945542162172,ln(mPa*s),"InChI=1S/C8H8O2/c1-10-8-4-2-7(6-9)3-5-8/h2-6H,1H3",313.15,K
0.9905721070060386,ln(mPa*s),"InChI=1S/C8H8O2/c1-10-8-4-2-7(6-9)3-5-8/h2-6H,1H3",318.15,K
1.0264924344567457,ln(mPa*s),"InChI=1S/C8H8O2/c1-6(9)7-4-2-3-5-8(7)10/h2-5,10H,1H3",298.0,K
0.898008186267678,ln(mPa*s),"InChI=1S/C8H8O2/c1-7(9)10-8-5-3-2-4-6-8/h2-6H,1H3",298.0,K
0.9210340371976184,ln(mPa*s),"InChI=1S/C8H8O3/c1-11-8(10)6-4-2-3-5-7(6)9/h2-5,9H,1H3",298.0,K
0.8920214650258934,ln(mPa*s),"InChI=1S/C8H8O3/c1-11-8(10)6-4-2-3-5-7(6)9/h2-5,9H,1H3",303.15,K
0.9967890867571224,ln(mPa*s),"InChI=1S/C8H9Cl/c1-6-3-4-8(9)5-7(6)2/h3-5H,1-2H3",298.0,K
1.0198149376870629,ln(mPa*s),"InChI=1S/C8H9Cl/c1-6-4-3-5-8(9)7(6)2/h3-5H,1-2H3",298.0,K
0.3046320078031123,ln(mPa*s),"InChI=1S/C9H10/c1-2-5-9-7-3-6-8(9)4-1/h1-2,4-5H,3,6-7H2",298.0,K
-0.3806173158719158,ln(mPa*s),"InChI=1S/C9H10/c1-2-6-9-7-4-3-5-8-9/h2-8H,1H3/b6-2+",298.0,K
-0.3803870573626164,ln(mPa*s),"InChI=1S/C9H10/c1-2-6-9-7-4-3-5-8-9/h2-8H,1H3/b6-2-",298.0,K
-0.2238112710390212,ln(mPa*s),"InChI=1S/C9H10/c1-3-9-6-4-5-8(2)7-9/h3-7H,1H2,2H3",298.0,K
-0.242462210292273,ln(mPa*s),"InChI=1S/C9H10/c1-3-9-6-4-8(2)5-7-9/h3-7H,1H2,2H3",298.0,K
-0.1277934726611695,ln(mPa*s),"InChI=1S/C9H10/c1-3-9-7-5-4-6-8(9)2/h3-7H,1H2,2H3",298.0,K
-0.0898838802396913,ln(mPa*s),"InChI=1S/C9H10/c1-8(2)9-6-4-3-5-7-9/h3-7H,1H2,2H3",298.0,K
0.4121627316459342,ln(mPa*s),"InChI=1S/C9H10O/c1-2-9(10)8-6-4-3-5-7-8/h3-7H,2H2,1H3",303.15,K
0.3981169625786705,ln(mPa*s),"InChI=1S/C9H10O/c1-2-9(10)8-6-4-3-5-7-8/h3-7H,2H2,1H3",305.65,K
0.3840711935114068,ln(mPa*s),"InChI=1S/C9H10O/c1-2-9(10)8-6-4-3-5-7-8/h3-7H,2H2,1H3",308.15,K
0.3681833563697479,ln(mPa*s),"InChI=1S/C9H10O/c1-2-9(10)8-6-4-3-5-7-8/h3-7H,2H2,1H3",310.65,K
0.4579841749965157,ln(mPa*s),"InChI=1S/C9H10O/c1-7-3-5-9(6-4-7)8(2)10/h3-6H,1-2H3",303.15,K
0.4437081474199527,ln(mPa*s),"InChI=1S/C9H10O/c1-7-3-5-9(6-4-7)8(2)10/h3-6H,1-2H3",305.65,K
0.4294321198433896,ln(mPa*s),"InChI=1S/C9H10O/c1-7-3-5-9(6-4-7)8(2)10/h3-6H,1-2H3",308.15,K
0.6844045353240554,ln(mPa*s),"InChI=1S/C9H10O2/c1-2-11-9(10)8-6-4-3-5-7-8/h3-7H,2H2,1H3",298.0,K
0.6887032013145191,ln(mPa*s),"InChI=1S/C9H10O2/c1-2-11-9(10)8-6-4-3-5-7-8/h3-7H,2H2,1H3",298.15,K
0.5724226541183198,ln(mPa*s),"InChI=1S/C9H10O2/c1-2-11-9(10)8-6-4-3-5-7-8/h3-7H,2H2,1H3",303.15,K
0.553771714865068,ln(mPa*s),"InChI=1S/C9H10O2/c1-2-11-9(10)8-6-4-3-5-7-8/h3-7H,2H2,1H3",304.81666666666666,K
0.4895295907705342,ln(mPa*s),"InChI=1S/C9H10O2/c1-2-11-9(10)8-6-4-3-5-7-8/h3-7H,2H2,1H3",308.15,K
0.422294106055108,ln(mPa*s),"InChI=1S/C9H10O2/c1-2-11-9(10)8-6-4-3-5-7-8/h3-7H,2H2,1H3",310.65,K
0.382459383946311,ln(mPa*s),"InChI=1S/C9H10O2/c1-2-11-9(10)8-6-4-3-5-7-8/h3-7H,2H2,1H3",313.0,K
0.3803870573626164,ln(mPa*s),"InChI=1S/C9H10O2/c1-2-11-9(10)8-6-4-3-5-7-8/h3-7H,2H2,1H3",313.15,K
0.3382497501608253,ln(mPa*s),"InChI=1S/C9H10O2/c1-2-11-9(10)8-6-4-3-5-7-8/h3-7H,2H2,1H3",315.65,K
0.7178397931503168,ln(mPa*s),"InChI=1S/C9H10O2/c1-8(10)11-7-9-5-3-2-4-6-9/h2-6H,7H2,1H3",298.0,K
0.404103683820455,ln(mPa*s),"InChI=1S/C9H10O2/c1-8(10)11-7-9-5-3-2-4-6-9/h2-6H,7H2,1H3",313.15,K
0.3018689056915194,ln(mPa*s),"InChI=1S/C9H10O2/c1-8(10)11-7-9-5-3-2-4-6-9/h2-6H,7H2,1H3",318.15,K
0.7566294615578435,ln(mPa*s),"InChI=1S/C9H10O2/c1-8(11-7-10)9-5-3-2-4-6-9/h2-8H,1H3",298.0,K
0.795082632610844,ln(mPa*s),"InChI=1S/C9H10O3/c1-2-11-9(10)12-8-6-4-3-5-7-8/h3-7H,2H2,1H3",298.0,K
1.1367862604111605,ln(mPa*s),"InChI=1S/C9H10O3/c1-2-12-9(11)7-5-3-4-6-8(7)10/h3-6,10H,2H2,1H3",303.15,K
0.8213321026709762,ln(mPa*s),"InChI=1S/C9H10O3/c1-2-12-9(11)7-5-3-4-6-8(7)10/h3-6,10H,2H2,1H3",308.15,K
-0.2302585092994046,ln(mPa*s),"InChI=1S/C9H12/c1-2-6-9-7-4-3-5-8-9/h3-5,7-8H,2,6H2,1H3",298.0,K
-0.2261138561320153,ln(mPa*s),"InChI=1S/C9H12/c1-2-6-9-7-4-3-5-8-9/h3-5,7-8H,2,6H2,1H3",298.15,K
-0.3564401723954783,ln(mPa*s),"InChI=1S/C9H12/c1-2-6-9-7-4-3-5-8-9/h3-5,7-8H,2,6H2,1H3",308.15,K
-0.4133140241924312,ln(mPa*s),"InChI=1S/C9H12/c1-2-6-9-7-4-3-5-8-9/h3-5,7-8H,2,6H2,1H3",313.15,K
-0.4144653167389282,ln(mPa*s),"InChI=1S/C9H12/c1-3-9-6-4-5-8(2)7-9/h4-7H,3H2,1-2H3",298.0,K
-0.4144653167389282,ln(mPa*s),"InChI=1S/C9H12/c1-3-9-6-4-8(2)5-7-9/h4-7H,3H2,1-2H3",298.0,K
-0.3453877639491068,ln(mPa*s),"InChI=1S/C9H12/c1-3-9-7-5-4-6-8(9)2/h4-7H,3H2,1-2H3",298.0,K
-0.0921034037197618,ln(mPa*s),"InChI=1S/C9H12/c1-7-4-5-8(2)9(3)6-7/h4-6H,1-3H3",298.0,K
-0.3037109737659146,ln(mPa*s),"InChI=1S/C9H12/c1-7-4-5-8(2)9(3)6-7/h4-6H,1-3H3",308.15,K
-0.3216711374912682,ln(mPa*s),"InChI=1S/C9H12/c1-7-4-5-8(2)9(3)6-7/h4-6H,1-3H3",309.81666666666666,K
-0.3681833563697479,ln(mPa*s),"InChI=1S/C9H12/c1-7-4-8(2)6-9(3)5-7/h4-6H,1-3H3",293.15,K
-0.3940902538490357,ln(mPa*s),"InChI=1S/C9H12/c1-7-4-8(2)6-9(3)5-7/h4-6H,1-3H3",298.0,K
-0.4133140241924312,ln(mPa*s),"InChI=1S/C9H12/c1-7-4-8(2)6-9(3)5-7/h4-6H,1-3H3",298.15,K
-0.4713391685358812,ln(mPa*s),"InChI=1S/C9H12/c1-7-4-8(2)6-9(3)5-7/h4-6H,1-3H3",303.15,K
-0.5137067342469717,ln(mPa*s),"InChI=1S/C9H12/c1-7-4-8(2)6-9(3)5-7/h4-6H,1-3H3",305.65,K
-0.5378838777234092,ln(mPa*s),"InChI=1S/C9H12/c1-7-4-8(2)6-9(3)5-7/h4-6H,1-3H3",307.35,K
-1.1743183974269635,ln(mPa*s),"InChI=1S/C9H12/c1-7-4-8(2)6-9(3)5-7/h4-6H,1-3H3",307.4,K
-0.5307458639351276,ln(mPa*s),"InChI=1S/C9H12/c1-7-4-8(2)6-9(3)5-7/h4-6H,1-3H3",308.0682857142857,K
-0.556074299958062,ln(mPa*s),"InChI=1S/C9H12/c1-7-4-8(2)6-9(3)5-7/h4-6H,1-3H3",308.15,K
-0.600974709271446,ln(mPa*s),"InChI=1S/C9H12/c1-7-4-8(2)6-9(3)5-7/h4-6H,1-3H3",313.0,K
-0.6131784102643144,ln(mPa*s),"InChI=1S/C9H12/c1-7-4-8(2)6-9(3)5-7/h4-6H,1-3H3",313.15,K
-0.6576183025590996,ln(mPa*s),"InChI=1S/C9H12/c1-7-4-8(2)6-9(3)5-7/h4-6H,1-3H3",318.0,K
-0.1611809565095832,ln(mPa*s),"InChI=1S/C9H12/c1-7-5-4-6-8(2)9(7)3/h4-6H,1-3H3",298.0,K
-0.3046320078031123,ln(mPa*s),"InChI=1S/C9H12/c1-8(2)9-6-4-3-5-7-9/h3-8H,1-2H3",298.0,K
-0.3025596812194176,ln(mPa*s),"InChI=1S/C9H12/c1-8(2)9-6-4-3-5-7-9/h3-8H,1-2H3",298.15,K
-0.3822291254370116,ln(mPa*s),"InChI=1S/C9H12/c1-8(2)9-6-4-3-5-7-9/h3-8H,1-2H3",303.15,K
-0.4310439294084854,ln(mPa*s),"InChI=1S/C9H12/c1-8(2)9-6-4-3-5-7-9/h3-8H,1-2H3",308.15,K
-0.4206822964900122,ln(mPa*s),"InChI=1S/C9H12/c1-8(2)9-6-4-3-5-7-9/h3-8H,1-2H3",313.15,K
-0.5206144895259538,ln(mPa*s),"InChI=1S/C9H12/c1-8(2)9-6-4-3-5-7-9/h3-8H,1-2H3",315.65,K
0.2215086859460272,ln(mPa*s),"InChI=1S/C9H12O/c1-2-10-8-9-6-4-3-5-7-9/h3-7H,2,8H2,1H3",298.0,K
0.3453877639491068,ln(mPa*s),"InChI=1S/C9H12O/c1-2-8-10-9-6-4-3-5-7-9/h3-7H,2,8H2,1H3",298.0,K
2.2466322752342904,ln(mPa*s),"InChI=1S/C9H12O/c1-8(10)7-9-5-3-2-4-6-9/h2-6,8,10H,7H2,1H3",298.0,K
2.510738785400708,ln(mPa*s),"InChI=1S/C9H12O/c1-8(7-10)9-5-3-2-4-6-9/h2-6,8,10H,7H2,1H3",298.0,K
2.739385485135017,ln(mPa*s),"InChI=1S/C9H12O/c10-8-4-7-9-5-2-1-3-6-9/h1-3,5-6,10H,4,7-8H2",298.0,K
2.9341841840023126,ln(mPa*s),"InChI=1S/C9H12O2/c10-11-8-4-7-9-5-2-1-3-6-9/h1-3,5-6,10H,4,7-8H2",298.0,K
-0.6785718269053453,ln(mPa*s),"InChI=1S/C9H14/c1-2-6-9-7-4-3-5-8-9/h2,7H,1,3-6,8H2",298.0,K
-0.2719352994825968,ln(mPa*s),"InChI=1S/C9H14/c1-3-9-6-4-8(2)5-7-9/h3-4,9H,1,5-7H2,2H3",298.0,K
0.3322630289190408,ln(mPa*s),"InChI=1S/C9H14O/c1-7(2)5-9(10)6-8(3)4/h5-6H,1-4H3",298.15,K
0.0041446531673892,ln(mPa*s),"InChI=1S/C9H16/c1-3-5-7-9-8-6-4-2/h1H,4-9H2,2H3",298.0,K
-0.1848975829674218,ln(mPa*s),"InChI=1S/C9H18/c1-2-3-6-9-7-4-5-8-9/h9H,2-8H2,1H3",298.0,K
-0.0713801378828154,ln(mPa*s),"InChI=1S/C9H18/c1-2-6-9-7-4-3-5-8-9/h9H,2-8H2,1H3",298.0,K
-0.2164429987414403,ln(mPa*s),"InChI=1S/C9H18/c1-2-6-9-7-4-3-5-8-9/h9H,2-8H2,1H3",308.15,K
-0.2832179664382676,ln(mPa*s),"InChI=1S/C9H18/c1-2-6-9-7-4-3-5-8-9/h9H,2-8H2,1H3",313.15,K
-0.5383443947420079,ln(mPa*s),"InChI=1S/C9H18/c1-3-5-7-9-8-6-4-2/h3,5H,4,6-9H2,1-2H3/b5-3+",298.0,K
-0.5383443947420079,ln(mPa*s),"InChI=1S/C9H18/c1-3-5-7-9-8-6-4-2/h3,5H,4,6-9H2,1-2H3/b5-3-",298.0,K
-0.752945325409053,ln(mPa*s),"InChI=1S/C9H18/c1-4-5-6-7-8-9(2)3/h2,4-8H2,1,3H3",298.0,K
-0.7527150668997536,ln(mPa*s),"InChI=1S/C9H18/c1-4-5-6-7-8-9(2)3/h4,9H,1,5-8H2,2-3H3",298.0,K
-0.24871780243364,ln(mPa*s),"InChI=1S/C9H18/c1-7-4-5-8(2)9(3)6-7/h7-9H,4-6H2,1-3H3",298.0,K
-0.2385478156341831,ln(mPa*s),"InChI=1S/C9H18/c1-7-4-8(2)6-9(3)5-7/h7-9H,4-6H2,1-3H3/t7-,8-,9-",298.0,K
-0.6907755278982137,ln(mPa*s),"InChI=1S/C9H18/c1-8(2)7-9-5-3-4-6-9/h8-9H,3-7H2,1-2H3",298.0,K
-0.0230258509299404,ln(mPa*s),"InChI=1S/C9H18/c1-8(2)9-6-4-3-5-7-9/h8-9H,3-7H2,1-2H3",298.0,K
-0.1151292546497023,ln(mPa*s),"InChI=1S/C9H18/c1-8(2)9-6-4-3-5-7-9/h8-9H,3-7H2,1-2H3",308.15,K
-0.1250303705495767,ln(mPa*s),"InChI=1S/C9H18/c1-8(2)9-6-4-3-5-7-9/h8-9H,3-7H2,1-2H3",308.9833333333333,K
-0.1466746704237207,ln(mPa*s),"InChI=1S/C9H18/c1-8(2)9-6-4-3-5-7-9/h8-9H,3-7H2,1-2H3",310.65,K
-0.2749286601034891,ln(mPa*s),"InChI=1S/C9H18/c1-8(2)9-6-4-3-5-7-9/h8-9H,3-7H2,1-2H3",320.65,K
-0.0271705040973297,ln(mPa*s),"InChI=1S/C9H18/c1-8-5-4-6-9(2,3)7-8/h8H,4-7H2,1-3H3",298.0,K
0.2247323050762188,ln(mPa*s),"InChI=1S/C9H18O/c1-2-3-4-5-6-7-8-9-10/h9H,2-8H2,1H3",308.15,K
0.1409182076912356,ln(mPa*s),"InChI=1S/C9H18O/c1-3-4-5-6-7-8-9(2)10/h3-8H2,1-2H3",298.0,K
0.2970334769962319,ln(mPa*s),"InChI=1S/C9H18O/c1-3-4-5-6-7-9(2)8-10/h8-9H,3-7H2,1-2H3",298.0,K
0.1459838948958225,ln(mPa*s),"InChI=1S/C9H18O/c1-3-5-6-7-8-9(10)4-2/h3-8H2,1-2H3",298.0,K
0.1459838948958225,ln(mPa*s),"InChI=1S/C9H18O/c1-3-5-6-8-9(10)7-4-2/h3-8H2,1-2H3",298.0,K
0.2970334769962319,ln(mPa*s),"InChI=1S/C9H18O/c1-3-5-6-9(4-2)7-8-10/h8-9H,3-7H2,1-2H3",298.0,K
-0.1842068074395236,ln(mPa*s),"InChI=1S/C9H18O/c1-7(2)5-9(10)6-8(3)4/h7-8H,5-6H2,1-4H3",298.0,K
-0.2166732572507397,ln(mPa*s),"InChI=1S/C9H18O/c1-7(2)5-9(10)6-8(3)4/h7-8H,5-6H2,1-4H3",308.15,K
-0.2274954071878117,ln(mPa*s),"InChI=1S/C9H18O/c1-7(2)5-9(10)6-8(3)4/h7-8H,5-6H2,1-4H3",308.9833333333333,K
0.3589730159977717,ln(mPa*s),"InChI=1S/C9H18O2/c1-2-3-4-5-6-7-8-11-9-10/h9H,2-8H2,1H3",298.0,K
1.788648100237775,ln(mPa*s),"InChI=1S/C9H18O2/c1-3-4-5-6-7-8(2)9(10)11/h8H,3-7H2,1-2H3,(H,10,11)",298.0,K
0.3175264843238789,ln(mPa*s),"InChI=1S/C9H18O2/c1-3-4-5-6-7-8-11-9(2)10/h3-8H2,1-2H3",298.0,K
0.2640658995761488,ln(mPa*s),"InChI=1S/C9H18O2/c1-3-4-5-6-7-8-9(10)11-2/h3-8H2,1-2H3",298.0,K
0.1381551055796427,ln(mPa*s),"InChI=1S/C9H18O2/c1-3-5-6-7-8-9(10)11-4-2/h3-8H2,1-2H3",298.0,K
0.1563455278142957,ln(mPa*s),"InChI=1S/C9H18O2/c1-3-5-7-9(10)11-8-6-4-2/h3-8H2,1-2H3",298.0,K
0.0504266135365696,ln(mPa*s),"InChI=1S/C9H18O2/c1-4-5-9(10)11-7-6-8(2)3/h8H,4-7H2,1-3H3",298.0,K
-0.0446701508040844,ln(mPa*s),"InChI=1S/C9H18O2/c1-4-5-9(10)11-7-6-8(2)3/h8H,4-7H2,1-3H3",308.15,K
1.7168074453363606,ln(mPa*s),"InChI=1S/C9H18O4/c1-7(5-11-4)12-6-8(2)13-9(3)10/h7-8H,5-6H2,1-4H3",298.0,K
0.5427193064186966,ln(mPa*s),"InChI=1S/C9H19Br/c1-2-3-4-5-6-7-8-9-10/h2-9H2,1H3",303.55,K
0.4538395218291264,ln(mPa*s),"InChI=1S/C9H19NO3Si/c1-4-11-14(12-5-2,13-6-3)9-7-8-10/h4-7,9H2,1-3H3",298.0,K
-0.3856624808119846,ln(mPa*s),"InChI=1S/C9H20/c1-3-5-7-9-8-6-4-2/h3-9H2,1-2H3",298.0,K
-0.4156166092854252,ln(mPa*s),"InChI=1S/C9H20/c1-3-5-7-9-8-6-4-2/h3-9H2,1-2H3",298.15,K
-0.4266690177317966,ln(mPa*s),"InChI=1S/C9H20/c1-3-5-7-9-8-6-4-2/h3-9H2,1-2H3",301.9,K
-0.4798587333799591,ln(mPa*s),"InChI=1S/C9H20/c1-3-5-7-9-8-6-4-2/h3-9H2,1-2H3",303.15,K
-0.5293643128793312,ln(mPa*s),"InChI=1S/C9H20/c1-3-5-7-9-8-6-4-2/h3-9H2,1-2H3",305.65,K
-0.4962070875402168,ln(mPa*s),"InChI=1S/C9H20/c1-3-5-7-9-8-6-4-2/h3-9H2,1-2H3",308.15,K
-0.5017332917634026,ln(mPa*s),"InChI=1S/C9H20/c1-4-5-6-7-8-9(2)3/h9H,4-8H2,1-3H3",298.0,K
-0.6166322879038054,ln(mPa*s),"InChI=1S/C9H20/c1-4-6-7-8-9(3)5-2/h9H,4-8H2,1-3H3",298.0,K
-0.6161717708852067,ln(mPa*s),"InChI=1S/C9H20/c1-4-6-8-9(3)7-5-2/h9H,4-8H2,1-3H3",298.0,K
-0.6166322879038054,ln(mPa*s),"InChI=1S/C9H20/c1-4-7-8-9(5-2)6-3/h9H,4-8H2,1-3H3",298.0,K
-0.3617361181093645,ln(mPa*s),"InChI=1S/C9H20/c1-5-6-7-8-9(2,3)4/h5-8H2,1-4H3",298.0,K
-0.4591354675430127,ln(mPa*s),"InChI=1S/C9H20/c1-5-6-7-9(4)8(2)3/h8-9H,5-7H2,1-4H3",298.0,K
-0.4307829160924542,ln(mPa*s),"InChI=1S/C9H20/c1-5-8(3)7-9(4)6-2/h8-9H,5-7H2,1-4H3",298.0,K
-0.8335358036638446,ln(mPa*s),"InChI=1S/C9H20/c1-5-9(6-2,7-3)8-4/h5-8H2,1-4H3",298.0,K
-0.3615058596000652,ln(mPa*s),"InChI=1S/C9H20/c1-6-8(7-2)9(3,4)5/h8H,6-7H2,1-5H3",298.0,K
-0.3341050969934361,ln(mPa*s),"InChI=1S/C9H20/c1-6-9(4,5)7-8(2)3/h8H,6-7H2,1-5H3",298.0,K
-0.3612756010907658,ln(mPa*s),"InChI=1S/C9H20/c1-6-9(7(2)3)8(4)5/h7-9H,6H2,1-5H3",298.0,K
-0.2968032184869325,ln(mPa*s),"InChI=1S/C9H20/c1-7(2)8(3)9(4,5)6/h7-8H,1-6H3",298.0,K
-0.2707840069360998,ln(mPa*s),"InChI=1S/C9H20/c1-7(2)9(5,6)8(3)4/h7-8H,1-6H3",298.0,K
-0.2772312451964831,ln(mPa*s),"InChI=1S/C9H20/c1-7-9(5,6)8(2,3)4/h7H2,1-6H3",298.0,K
-0.3612756010907658,ln(mPa*s),"InChI=1S/C9H20/c1-8(2)6-5-7-9(3)4/h8-9H,5-7H2,1-4H3",298.0,K
-1.0598799183051593,ln(mPa*s),"InChI=1S/C9H20/c1-8(2)6-7-9(3,4)5/h8H,6-7H2,1-5H3",298.0,K
-0.3285788927702503,ln(mPa*s),"InChI=1S/C9H20/c1-8(2,3)7-9(4,5)6/h7H2,1-6H3",298.0,K
2.363603597958388,ln(mPa*s),"InChI=1S/C9H20O/c1-2-3-4-5-6-7-8-9-10/h10H,2-9H2,1H3",295.65,K
2.251291798606496,ln(mPa*s),"InChI=1S/C9H20O/c1-2-3-4-5-6-7-8-9-10/h10H,2-9H2,1H3",298.0,K
2.0007161873025265,ln(mPa*s),"InChI=1S/C9H20O/c1-2-3-4-5-6-7-8-9-10/h10H,2-9H2,1H3",303.15,K
2.029498500964952,ln(mPa*s),"InChI=1S/C9H20O/c1-2-3-4-5-6-7-8-9-10/h10H,2-9H2,1H3",304.4,K
1.9852888671794664,ln(mPa*s),"InChI=1S/C9H20O/c1-2-3-4-5-6-7-8-9-10/h10H,2-9H2,1H3",305.65,K
1.967328703454113,ln(mPa*s),"InChI=1S/C9H20O/c1-2-3-4-5-6-7-8-9-10/h10H,2-9H2,1H3",306.15,K
1.9141389878059505,ln(mPa*s),"InChI=1S/C9H20O/c1-2-3-4-5-6-7-8-9-10/h10H,2-9H2,1H3",308.15,K
1.8008518012306434,ln(mPa*s),"InChI=1S/C9H20O/c1-2-3-4-5-6-7-8-9-10/h10H,2-9H2,1H3",310.65,K
1.734767609061714,ln(mPa*s),"InChI=1S/C9H20O/c1-2-3-4-5-6-7-8-9-10/h10H,2-9H2,1H3",313.15,K
1.5669091557824482,ln(mPa*s),"InChI=1S/C9H20O/c1-2-3-4-5-6-7-8-9-10/h10H,2-9H2,1H3",318.15,K
1.411024144986751,ln(mPa*s),"InChI=1S/C9H20O/c1-2-3-4-5-6-7-8-9-10/h10H,2-9H2,1H3",323.15,K
2.131963537603187,ln(mPa*s),"InChI=1S/C9H20O/c1-3-4-5-6-7-8-9(2)10/h9-10H,3-8H2,1-2H3",298.0,K
2.232586506167027,ln(mPa*s),"InChI=1S/C9H20O/c1-3-4-6-9(2)7-5-8-10/h9-10H,3-8H2,1-2H3",298.0,K
2.232586506167027,ln(mPa*s),"InChI=1S/C9H20O/c1-3-5-6-9(4-2)7-8-10/h9-10H,3-8H2,1-2H3",298.0,K
2.232586506167027,ln(mPa*s),"InChI=1S/C9H20O/c1-3-9(2)7-5-4-6-8-10/h9-10H,3-8H2,1-2H3",298.0,K
2.344261883177238,ln(mPa*s),"InChI=1S/C9H20O/c1-7(2)5-9(10)6-8(3)4/h7-10H,5-6H2,1-4H3",298.0,K
2.334360767277364,ln(mPa*s),"InChI=1S/C9H20O/c1-8(5-6-10)7-9(2,3)4/h8,10H,5-7H2,1-4H3",303.15,K
1.7366096771361097,ln(mPa*s),"InChI=1S/C9H20O3/c1-2-3-4-6-11-8-9-12-7-5-10/h10H,2-9H2,1H3",298.0,K
1.4015835461054758,ln(mPa*s),"InChI=1S/C9H20O3/c1-4-5-11-7-9(3)12-6-8(2)10/h8-10H,4-7H2,1-3H3",298.0,K
1.1001751574325551,ln(mPa*s),"InChI=1S/C9H20O3/c1-4-5-11-7-9(3)12-6-8(2)10/h8-10H,4-7H2,1-3H3",308.15,K
2.1966661787163195,ln(mPa*s),"InChI=1S/C9H20O4/c1-2-4-11-6-8-13-9-7-12-5-3-10/h10H,2-9H2,1H3",298.0,K
3.9988995310027593,ln(mPa*s),"InChI=1S/C9H20O4/c1-7(10)4-12-6-9(3)13-5-8(2)11/h7-11H,4-6H2,1-3H3",298.0,K
2.282782861194297,ln(mPa*s),"InChI=1S/C9H20O5/c1-11-4-5-13-8-9-14-7-6-12-3-2-10/h10H,2-9H2,1H3",298.0,K
0.249830482589854,ln(mPa*s),"InChI=1S/C9H20S/c1-2-3-4-5-6-7-8-9-10/h10H,2-9H2,1H3",298.0,K
0.2369360060690873,ln(mPa*s),"InChI=1S/C9H20S/c1-4-5-6-7-8-9(2,3)10/h10H,4-8H2,1-3H3",298.0,K
0.4964373460495163,ln(mPa*s),"InChI=1S/C9H21N/c1-2-3-4-5-6-7-8-9-10/h2-10H2,1H3",298.0,K
-0.7402811073975858,ln(mPa*s),"InChI=1S/C9H21N/c1-4-7-10(8-5-2)9-6-3/h4-9H2,1-3H3",308.15,K
0.4609775356174079,ln(mPa*s),"InChI=1S/C9H22O3SSi/c1-4-10-14(11-5-2,12-6-3)9-7-8-13/h13H,4-9H2,1-3H3",298.0,K
0.0921034037197618,ln(mPa*s),"InChI=1S/C9H26OSi3/c1-11(2,3)9-13(7,8)10-12(4,5)6/h9H2,1-8H3",298.0,K
0.1485167384981159,ln(mPa*s),"InChI=1S/C9H5F15O/c1-2-25-6(15,3(10,7(16,17)18)8(19,20)21)4(11,12)5(13,14)9(22,23)24/h2H2,1H3",303.15,K
1.1535798688421492,ln(mPa*s),InChI=1S/C9H7N/c1-2-6-9-8(4-1)5-3-7-10-9/h1-7H,298.0,K
1.0799124086142076,ln(mPa*s),InChI=1S/C9H7N/c1-2-6-9-8(4-1)5-3-7-10-9/h1-7H,303.15,K
1.0230385568172546,ln(mPa*s),InChI=1S/C9H7N/c1-2-6-9-8(4-1)5-3-7-10-9/h1-7H,308.0,K
0.9673159975667986,ln(mPa*s),InChI=1S/C9H7N/c1-2-6-9-8(4-1)5-3-7-10-9/h1-7H,310.5,K
0.948204541294948,ln(mPa*s),InChI=1S/C9H7N/c1-2-6-9-8(4-1)5-3-7-10-9/h1-7H,310.65,K
0.9136657649000374,ln(mPa*s),InChI=1S/C9H7N/c1-2-6-9-8(4-1)5-3-7-10-9/h1-7H,313.0,K
0.8687653555866536,ln(mPa*s),InChI=1S/C9H7N/c1-2-6-9-8(4-1)5-3-7-10-9/h1-7H,313.15,K
1.382932606852224,ln(mPa*s),"InChI=1S/CBr4/c2-1(3,4)5",298.15,K
0.4080180784785449,ln(mPa*s),"InChI=1S/CBrCl3/c2-1(3,4)5",298.0,K
-0.0985506419801451,ln(mPa*s),"InChI=1S/CCl4/c2-1(3,4)5",298.0,K
-0.1031558121661332,ln(mPa*s),"InChI=1S/CCl4/c2-1(3,4)5",298.15,K
-0.0976296079429475,ln(mPa*s),"InChI=1S/CCl4/c2-1(3,4)5",298.16,K
-0.13147760880996,ln(mPa*s),"InChI=1S/CCl4/c2-1(3,4)5",300.65,K
-0.1388458811075409,ln(mPa*s),"InChI=1S/CCl4/c2-1(3,4)5",301.9,K
-0.1862791340232183,ln(mPa*s),"InChI=1S/CCl4/c2-1(3,4)5",303.15,K
-0.1708518139001582,ln(mPa*s),"InChI=1S/CCl4/c2-1(3,4)5",305.0,K
-0.1703912968815593,ln(mPa*s),"InChI=1S/CCl4/c2-1(3,4)5",305.65,K
-0.1982525765067873,ln(mPa*s),"InChI=1S/CCl4/c2-1(3,4)5",306.65714285714284,K
-0.2044695562578712,ln(mPa*s),"InChI=1S/CCl4/c2-1(3,4)5",308.0,K
-0.2385478156341831,ln(mPa*s),"InChI=1S/CCl4/c2-1(3,4)5",308.15,K
-0.2611131495455248,ln(mPa*s),"InChI=1S/CCl4/c2-1(3,4)5",309.4,K
-0.2608828910362254,ln(mPa*s),"InChI=1S/CCl4/c2-1(3,4)5",309.81666666666666,K
-0.2682511633338064,ln(mPa*s),"InChI=1S/CCl4/c2-1(3,4)5",310.575,K
-0.1998643860718832,ln(mPa*s),"InChI=1S/CCl4/c2-1(3,4)5",310.65,K
-0.2443042783666682,ln(mPa*s),"InChI=1S/CCl4/c2-1(3,4)5",313.075,K
-0.3025596812194176,ln(mPa*s),"InChI=1S/CCl4/c2-1(3,4)5",313.15,K
-0.3407825937631187,ln(mPa*s),"InChI=1S/CCl4/c2-1(3,4)5",315.65,K
-0.2951914089218367,ln(mPa*s),"InChI=1S/CCl4/c2-1(3,4)5",318.0,K
-0.3725582680464366,ln(mPa*s),"InChI=1S/CCl4/c2-1(3,4)5",318.15,K
-0.0151970616137607,ln(mPa*s),InChI=1S/CH2Br2/c2-1-3/h1H2,298.0,K
-0.4347280655572758,ln(mPa*s),InChI=1S/CH2BrCl/c2-1-3/h1H2,298.0,K
-0.8689956140959529,ln(mPa*s),InChI=1S/CH2Cl2/c2-1-3/h1H2,295.65,K
-0.8676140630401565,ln(mPa*s),InChI=1S/CH2Cl2/c2-1-3/h1H2,298.15,K
-0.9935654676269308,ln(mPa*s),InChI=1S/CH2Cl2/c2-1-3/h1H2,303.15,K
0.9523491944623376,ln(mPa*s),InChI=1S/CH2I2/c2-1-3/h1H2,298.0,K
0.3852624007906449,ln(mPa*s),"InChI=1S/CH2O2/c2-1-3/h1H,(H,2,3)",298.0,K
-0.7623859242903286,ln(mPa*s),"InChI=1S/CH3Cl3Si/c1-5(2,3)4/h1H3",298.0,K
0.149668031044613,ln(mPa*s),"InChI=1S/CH3ClO2S/c1-5(2,3)4/h1H3",298.0,K
-0.749491447769562,ln(mPa*s),InChI=1S/CH3I/c1-2/h1H3,298.0,K
1.199964782928397,ln(mPa*s),"InChI=1S/CH3NO/c2-1-3/h1H,(H2,2,3)",298.0,K
0.9756053039015772,ln(mPa*s),"InChI=1S/CH3NO/c2-1-3/h1H,(H2,2,3)",308.15,K
0.9074487851489536,ln(mPa*s),"InChI=1S/CH3NO/c2-1-3/h1H,(H2,2,3)",310.65,K
0.7686029040414125,ln(mPa*s),"InChI=1S/CH3NO/c2-1-3/h1H,(H2,2,3)",313.15,K
0.7884051358411612,ln(mPa*s),"InChI=1S/CH3NO/c2-1-3/h1H,(H2,2,3)",315.12,K
0.8438974365823178,ln(mPa*s),"InChI=1S/CH3NO/c2-1-3/h1H,(H2,2,3)",315.65,K
0.912284213844241,ln(mPa*s),"InChI=1S/CH3NO/c2-1-3/h1H,(H2,2,3)",318.15,K
0.6097245326248233,ln(mPa*s),"InChI=1S/CH3NO/c2-1-3/h1H,(H2,2,3)",323.15,K
-0.4400240112711621,ln(mPa*s),InChI=1S/CH3NO2/c1-2(3)4/h1H3,293.15,K
-0.4499251271710365,ln(mPa*s),InChI=1S/CH3NO2/c1-2(3)4/h1H3,295.65,K
-0.4877603508349946,ln(mPa*s),InChI=1S/CH3NO2/c1-2(3)4/h1H3,298.0,K
-0.4773258897776657,ln(mPa*s),InChI=1S/CH3NO2/c1-2(3)4/h1H3,298.15,K
-0.5434100819465948,ln(mPa*s),InChI=1S/CH3NO2/c1-2(3)4/h1H3,303.15,K
-0.5266012107677382,ln(mPa*s),InChI=1S/CH3NO2/c1-2(3)4/h1H3,303.21,K
-0.5346602585932174,ln(mPa*s),InChI=1S/CH3NO2/c1-2(3)4/h1H3,303.65,K
-0.537193102195511,ln(mPa*s),InChI=1S/CH3NO2/c1-2(3)4/h1H3,303.8,K
-0.5592979190882538,ln(mPa*s),InChI=1S/CH3NO2/c1-2(3)4/h1H3,305.65,K
-0.5616005041812479,ln(mPa*s),InChI=1S/CH3NO2/c1-2(3)4/h1H3,308.0,K
-0.5802514434344995,ln(mPa*s),InChI=1S/CH3NO2/c1-2(3)4/h1H3,308.15,K
-0.6000536752342484,ln(mPa*s),InChI=1S/CH3NO2/c1-2(3)4/h1H3,310.65,K
-0.6101850496434222,ln(mPa*s),InChI=1S/CH3NO2/c1-2(3)4/h1H3,312.15,K
-0.6564670100126025,ln(mPa*s),InChI=1S/CH3NO2/c1-2(3)4/h1H3,318.0,K
-1.1093854978045314,ln(mPa*s),"InChI=1S/CH4Cl2Si/c1-4(2)3/h4H,1H3",298.0,K
-0.52591043523984,ln(mPa*s),"InChI=1S/CH4O/c1-2/h2H,1H3",293.15,K
-0.5715016200811222,ln(mPa*s),"InChI=1S/CH4O/c1-2/h2H,1H3",295.65,K
-0.5742647221927151,ln(mPa*s),"InChI=1S/CH4O/c1-2/h2H,1H3",295.655,K
-0.6016654847993441,ln(mPa*s),"InChI=1S/CH4O/c1-2/h2H,1H3",297.8,K
-0.6078837313197124,ln(mPa*s),"InChI=1S/CH4O/c1-2/h2H,1H3",298.0,K
-0.5961392805761585,ln(mPa*s),"InChI=1S/CH4O/c1-2/h2H,1H3",298.15,K
-0.5883104912599787,ln(mPa*s),"InChI=1S/CH4O/c1-2/h2H,1H3",300.655,K
-0.6735061397007583,ln(mPa*s),"InChI=1S/CH4O/c1-2/h2H,1H3",303.15,K
-0.6836375141099322,ln(mPa*s),"InChI=1S/CH4O/c1-2/h2H,1H3",304.4,K
-0.6912360449168127,ln(mPa*s),"InChI=1S/CH4O/c1-2/h2H,1H3",304.6666666666667,K
-0.6958412151028007,ln(mPa*s),"InChI=1S/CH4O/c1-2/h2H,1H3",305.12,K
-0.7036700044189804,ln(mPa*s),"InChI=1S/CH4O/c1-2/h2H,1H3",305.324,K
-0.6735061397007583,ln(mPa*s),"InChI=1S/CH4O/c1-2/h2H,1H3",305.61249999999995,K
-0.71541318839325,ln(mPa*s),"InChI=1S/CH4O/c1-2/h2H,1H3",306.15,K
-0.7144921543560525,ln(mPa*s),"InChI=1S/CH4O/c1-2/h2H,1H3",306.9,K
-0.7167947394490466,ln(mPa*s),"InChI=1S/CH4O/c1-2/h2H,1H3",307.15,K
-0.7280774064047173,ln(mPa*s),"InChI=1S/CH4O/c1-2/h2H,1H3",308.0,K
-0.7375180052859929,ln(mPa*s),"InChI=1S/CH4O/c1-2/h2H,1H3",308.0375,K
-0.716564480939747,ln(mPa*s),"InChI=1S/CH4O/c1-2/h2H,1H3",308.1285714285714,K
-0.7361364542301965,ln(mPa*s),"InChI=1S/CH4O/c1-2/h2H,1H3",308.15,K
-0.7538663594462507,ln(mPa*s),"InChI=1S/CH4O/c1-2/h2H,1H3",308.8,K
-0.7421231754719809,ln(mPa*s),"InChI=1S/CH4O/c1-2/h2H,1H3",309.15,K
-0.7504124818067596,ln(mPa*s),"InChI=1S/CH4O/c1-2/h2H,1H3",309.4,K
-0.7073541405677708,ln(mPa*s),"InChI=1S/CH4O/c1-2/h2H,1H3",309.81666666666666,K
-0.7464980871486696,ln(mPa*s),"InChI=1S/CH4O/c1-2/h2H,1H3",310.8,K
-0.7732080742274006,ln(mPa*s),"InChI=1S/CH4O/c1-2/h2H,1H3",311.15,K
-0.7812671220528797,ln(mPa*s),"InChI=1S/CH4O/c1-2/h2H,1H3",311.4833333333333,K
-0.7861025507481673,ln(mPa*s),"InChI=1S/CH4O/c1-2/h2H,1H3",312.5025,K
-0.7379785223045917,ln(mPa*s),"InChI=1S/CH4O/c1-2/h2H,1H3",313.075,K
-0.8443579536009167,ln(mPa*s),"InChI=1S/CH4O/c1-2/h2H,1H3",313.15,K
-0.8356081302475392,ln(mPa*s),"InChI=1S/CH4O/c1-2/h2H,1H3",314.81666666666666,K
-0.8277793409313595,ln(mPa*s),"InChI=1S/CH4O/c1-2/h2H,1H3",315.65,K
-0.8335358036638446,ln(mPa*s),"InChI=1S/CH4O/c1-2/h2H,1H3",318.0,K
-0.8636996683820666,ln(mPa*s),"InChI=1S/CH4O/c1-2/h2H,1H3",318.15,K
-0.901462063907169,ln(mPa*s),"InChI=1S/CH4O/c1-2/h2H,1H3",322.15,K
-0.8259372728569643,ln(mPa*s),"InChI=1S/CH4O2/c1-3-2/h2H,1H3",298.0,K
0.6387371047965483,ln(mPa*s),InChI=1S/CHBr3/c2-1(3)4/h1H,298.15,K
0.58393557958329,ln(mPa*s),InChI=1S/CHBr3/c2-1(3)4/h1H,303.15,K
0.5786396338694038,ln(mPa*s),InChI=1S/CHBr3/c2-1(3)4/h1H,305.65,K
0.5553835244301638,ln(mPa*s),InChI=1S/CHBr3/c2-1(3)4/h1H,306.43333333333334,K
0.5678174839323318,ln(mPa*s),InChI=1S/CHBr3/c2-1(3)4/h1H,306.4833333333333,K
0.5086410470423848,ln(mPa*s),InChI=1S/CHBr3/c2-1(3)4/h1H,308.0,K
0.5160093193399656,ln(mPa*s),InChI=1S/CHBr3/c2-1(3)4/h1H,310.65,K
0.3895973977345925,ln(mPa*s),InChI=1S/CHBr3/c2-1(3)4/h1H,318.0,K
-0.5107133736260794,ln(mPa*s),InChI=1S/CHCl3/c2-1(3)4/h1H,293.15,K
-0.6187046144875001,ln(mPa*s),InChI=1S/CHCl3/c2-1(3)4/h1H,298.0,K
-0.631138573989668,ln(mPa*s),InChI=1S/CHCl3/c2-1(3)4/h1H,298.15,K
-0.6124876347364162,ln(mPa*s),InChI=1S/CHCl3/c2-1(3)4/h1H,298.16,K
-0.6463356356034287,ln(mPa*s),InChI=1S/CHCl3/c2-1(3)4/h1H,301.9,K
-0.4540697803384258,ln(mPa*s),InChI=1S/CHCl3/c2-1(3)4/h1H,303.15,K
-0.6412699483988419,ln(mPa*s),InChI=1S/CHCl3/c2-1(3)4/h1H,303.293,K
-0.6919268204447108,ln(mPa*s),InChI=1S/CHCl3/c2-1(3)4/h1H,305.5375,K
-0.6493289962243208,ln(mPa*s),InChI=1S/CHCl3/c2-1(3)4/h1H,305.65,K
-0.6553157174661055,ln(mPa*s),InChI=1S/CHCl3/c2-1(3)4/h1H,306.4833333333333,K
-0.6792626024332435,ln(mPa*s),InChI=1S/CHCl3/c2-1(3)4/h1H,307.86,K
-0.6693614865333691,ln(mPa*s),InChI=1S/CHCl3/c2-1(3)4/h1H,308.15,K
-0.6845585481471299,ln(mPa*s),InChI=1S/CHCl3/c2-1(3)4/h1H,308.7416666666666,K
-0.6631445067822852,ln(mPa*s),InChI=1S/CHCl3/c2-1(3)4/h1H,310.8,K
-0.7699844550972089,ln(mPa*s),InChI=1S/CHCl3/c2-1(3)4/h1H,313.15,K
-0.8045232314921196,ln(mPa*s),InChI=1S/CHCl3/c2-1(3)4/h1H,323.15,K
-1.6820384104321506,ln(mPa*s),InChI=1S/CHN/c1-2/h1H,298.0,K
-0.3693346489162449,ln(mPa*s),"InChI=1S/Cl2O2S/c1-5(2,3)4",298.0,K
-0.4570631409593181,ln(mPa*s),InChI=1S/Cl2OS/c1-4(2)3,298.0,K
-0.4789376993427615,ln(mPa*s),InChI=1S/Cl2OS/c1-4(2)3,298.15,K
-0.3566704309047777,ln(mPa*s),InChI=1S/Cl2S/c1-3-2,298.0,K
-1.120437906250903,ln(mPa*s),InChI=1S/Cl3HSi/c1-4(2)3/h4H,298.0,K
0.0748340155223065,ln(mPa*s),"InChI=1S/Cl3OP/c1-5(2,3)4",298.0,K
-0.644263309019734,ln(mPa*s),InChI=1S/Cl3P/c1-4(2)3,298.0,K
0.0571041103062523,ln(mPa*s),"InChI=1S/Cl3PS/c1-4(2,3)5",298.0,K
-0.8164966739756887,ln(mPa*s),"InChI=1S/Cl4Si/c1-5(2,3)4",303.1,K
-0.8418251099986231,ln(mPa*s),"InChI=1S/Cl4Si/c1-5(2,3)4",308.1,K
-0.0930244377569594,ln(mPa*s),"InChI=1S/Cl6OSi2/c1-8(2,3)7-9(4,5)6",298.0,K
-0.2461463464410635,ln(mPa*s),"InChI=1S/ClHO4/c2-1(3,4)5/h(H,2,3,4,5)",298.0,K
-0.874752076828438,ln(mPa*s),"InChI=1S/H10Si4/c1-3-4-2/h3-4H2,1-2H3",298.0,K
-0.5975208316319549,ln(mPa*s),"InChI=1S/H12Si5/c1-3-5-4-2/h3-5H2,1-2H3",298.0,K
-0.1153595131590017,ln(mPa*s),InChI=1S/H2O/h1H2,298.15,K
-0.2258835976227159,ln(mPa*s),InChI=1S/H2O/h1H2,300.65,K
-0.2189758423437337,ln(mPa*s),InChI=1S/H2O/h1H2,303.15,K
-0.2288769582436081,ln(mPa*s),InChI=1S/H2O/h1H2,303.40900000000005,K
-0.2452253124038658,ln(mPa*s),InChI=1S/H2O/h1H2,304.03000000000003,K
-0.2523633261921474,ln(mPa*s),InChI=1S/H2O/h1H2,304.81666666666666,K
-0.2475278974968599,ln(mPa*s),InChI=1S/H2O/h1H2,305.31857142857143,K
-0.2668696122780099,ln(mPa*s),InChI=1S/H2O/h1H2,305.65,K
-0.2783825377429801,ln(mPa*s),InChI=1S/H2O/h1H2,305.9642857142857,K
-0.3269670832051545,ln(mPa*s),InChI=1S/H2O/h1H2,308.0,K
-0.3235132055656635,ln(mPa*s),InChI=1S/H2O/h1H2,308.0071428571428,K
-0.3062438173682081,ln(mPa*s),InChI=1S/H2O/h1H2,308.01666666666665,K
-0.3087766609705015,ln(mPa*s),InChI=1S/H2O/h1H2,308.15,K
-0.3172962258145795,ln(mPa*s),InChI=1S/H2O/h1H2,308.8428571428571,K
-0.3258157906586574,ln(mPa*s),InChI=1S/H2O/h1H2,308.8642857142857,K
-0.300487354635723,ln(mPa*s),InChI=1S/H2O/h1H2,308.9,K
-0.3341050969934361,ln(mPa*s),InChI=1S/H2O/h1H2,309.0527272727273,K
-0.3336445799748372,ln(mPa*s),InChI=1S/H2O/h1H2,309.15,K
-0.3145331237029867,ln(mPa*s),InChI=1S/H2O/h1H2,309.36249999999995,K
-0.3396313012166218,ln(mPa*s),InChI=1S/H2O/h1H2,309.4,K
-0.3520652607187896,ln(mPa*s),InChI=1S/H2O/h1H2,310.0375,K
-0.3550586213396819,ln(mPa*s),InChI=1S/H2O/h1H2,310.12,K
-0.360815084072167,ln(mPa*s),InChI=1S/H2O/h1H2,310.15,K
-0.3651899957488556,ln(mPa*s),InChI=1S/H2O/h1H2,310.625,K
-0.3543678458117837,ln(mPa*s),InChI=1S/H2O/h1H2,310.65,K
-0.3923604998461854,ln(mPa*s),InChI=1S/H2O/h1H2,310.81666666666666,K
-0.3817686084184128,ln(mPa*s),InChI=1S/H2O/h1H2,311.09,K
-0.381308091399814,ln(mPa*s),InChI=1S/H2O/h1H2,311.4833333333333,K
-0.3930512753740836,ln(mPa*s),InChI=1S/H2O/h1H2,311.9,K
-0.4133140241924312,ln(mPa*s),InChI=1S/H2O/h1H2,312.15,K
-0.4239059156202038,ln(mPa*s),InChI=1S/H2O/h1H2,313.15,K
-0.421142813508611,ln(mPa*s),InChI=1S/H2O/h1H2,313.6744444444444,K
-0.4478528005873419,ln(mPa*s),InChI=1S/H2O/h1H2,315.65,K
-0.4819310599636538,ln(mPa*s),InChI=1S/H2O/h1H2,316.45,K
-0.4897598492798335,ln(mPa*s),InChI=1S/H2O/h1H2,318.0,K
-0.5183119044329597,ln(mPa*s),InChI=1S/H2O/h1H2,318.15,K
-0.6012049677807454,ln(mPa*s),InChI=1S/H2O/h1H2,323.15,K
0.132628901356457,ln(mPa*s),InChI=1S/H2O/h1H2/i/hD2,298.15,K
-0.060327729436444,ln(mPa*s),InChI=1S/H2O/h1H2/i/hD2,305.15,K
-0.3370984576143283,ln(mPa*s),InChI=1S/H2O/h1H2/i/hD2,318.1,K
0.1409182076912356,ln(mPa*s),InChI=1S/H2O2/c1-2/h1-2H,298.0,K
3.183554149573568,ln(mPa*s),"InChI=1S/H2O4S/c1-5(2,3)4/h(H2,1,2,3,4)",298.0,K
2.885139121521539,ln(mPa*s),"InChI=1S/H2O4S/c1-5(2,3)4/h(H2,1,2,3,4)",309.81666666666666,K
-0.2251928220948177,ln(mPa*s),InChI=1S/H4N2/c1-2/h1-2H2,308.0,K
-1.1929693366802152,ln(mPa*s),"InChI=1S/H8Si3/c1-3-2/h3H2,1-2H3",298.0,K
-0.2132193796112486,ln(mPa*s),"InChI=1S/HNO3/c2-1(3)4/h(H,2,3,4)",298.0,K
