value,unit,fraction_type,component_inchi_0,component_inchi_1,component_inchi_2,component_inchi_3,fraction_0,fraction_1,fraction_2,fraction_3,surface_area_fraction_0,surface_area_fraction_1,surface_area_fraction_2,surface_area_fraction_3
70.0,-,molar,"InChI=1S/C10H12/c1-2-6-10-8-4-3-7-9(10)5-1/h1-2,5-6H,3-4,7-8H2","InChI=1S/C11H24/c1-3-5-7-9-11-10-8-6-4-2/h3-11H2,1-2H3","InChI=1S/C14H30/c1-3-5-7-9-11-13-14-12-10-8-6-4-2/h3-14H2,1-2H3","InChI=1S/C7H16/c1-3-5-7-6-4-2/h3-7H2,1-2H3",0.1,0.5,0.3,0.1,0.06693315869555228,0.49243915886322903,0.3720138623318126,0.06861382010940605
51.3,-,molar,"InChI=1S/C10H12/c1-2-6-10-8-4-3-7-9(10)5-1/h1-2,5-6H,3-4,7-8H2","InChI=1S/C11H24/c1-3-5-7-9-11-10-8-6-4-2/h3-11H2,1-2H3","InChI=1S/C14H30/c1-3-5-7-9-11-13-14-12-10-8-6-4-2/h3-14H2,1-2H3","InChI=1S/C7H16/c1-3-5-7-6-4-2/h3-7H2,1-2H3",0.2,0.1,0.1,0.6,0.17429563919501598,0.12823240323846535,0.16145558541334917,0.5360163721531696
61.43,-,molar,"InChI=1S/C10H12/c1-2-6-10-8-4-3-7-9(10)5-1/h1-2,5-6H,3-4,7-8H2","InChI=1S/C11H24/c1-3-5-7-9-11-10-8-6-4-2/h3-11H2,1-2H3","InChI=1S/C14H30/c1-3-5-7-9-11-13-14-12-10-8-6-4-2/h3-14H2,1-2H3","InChI=1S/C7H16/c1-3-5-7-6-4-2/h3-7H2,1-2H3",0.2,0.6,0.1,0.1,0.14591737848313038,0.6441240711551983,0.135167901353029,0.07479064900864241
47.2,-,molar,"InChI=1S/C10H12/c1-2-6-10-8-4-3-7-9(10)5-1/h1-2,5-6H,3-4,7-8H2","InChI=1S/C11H24/c1-3-5-7-9-11-10-8-6-4-2/h3-11H2,1-2H3","InChI=1S/C14H30/c1-3-5-7-9-11-13-14-12-10-8-6-4-2/h3-14H2,1-2H3","InChI=1S/C7H16/c1-3-5-7-6-4-2/h3-7H2,1-2H3",0.4,0.1,0.2,0.3,0.32647487814050163,0.12009668863286962,0.30242404696051517,0.25100438626611354
43.5,-,molar,"InChI=1S/C10H12/c1-2-6-10-8-4-3-7-9(10)5-1/h1-2,5-6H,3-4,7-8H2","InChI=1S/C7H16/c1-3-5-7-6-4-2/h3-7H2,1-2H3",,,0.21,0.79,,,0.20591535117030837,0.7940846488296915,,
32.6,-,molar,"InChI=1S/C10H12/c1-2-6-10-8-4-3-7-9(10)5-1/h1-2,5-6H,3-4,7-8H2","InChI=1S/C7H16/c1-3-5-7-6-4-2/h3-7H2,1-2H3",,,0.42,0.58,,,0.4139711158009745,0.5860288841990255,,
28.4,-,molar,"InChI=1S/C10H12/c1-2-6-10-8-4-3-7-9(10)5-1/h1-2,5-6H,3-4,7-8H2","InChI=1S/C7H16/c1-3-5-7-6-4-2/h3-7H2,1-2H3",,,0.52,0.48,,,0.5138072947193006,0.48619270528069936,,
24.6,-,molar,"InChI=1S/C10H12/c1-2-6-10-8-4-3-7-9(10)5-1/h1-2,5-6H,3-4,7-8H2","InChI=1S/C7H16/c1-3-5-7-6-4-2/h3-7H2,1-2H3",,,0.62,0.38,,,0.6141401032633039,0.385859896736696,,
20.2,-,molar,"InChI=1S/C10H12/c1-2-6-10-8-4-3-7-9(10)5-1/h1-2,5-6H,3-4,7-8H2","InChI=1S/C7H16/c1-3-5-7-6-4-2/h3-7H2,1-2H3",,,0.81,0.19,,,0.8061539890453497,0.19384601095465018,,
15.51,-,molar,"InChI=1S/C10H12/c1-2-6-10-8-4-3-7-9(10)5-1/h1-2,5-6H,3-4,7-8H2","InChI=1S/C8H18/c1-7(2)6-8(3,4)5/h7H,6H2,1-5H3",,,0.088,0.912,,,0.08138011775594445,0.9186198822440556,,
15.51,-,molar,"InChI=1S/C10H12/c1-2-6-10-8-4-3-7-9(10)5-1/h1-2,5-6H,3-4,7-8H2","InChI=1S/C8H18/c1-7(2)6-8(3,4)5/h7H,6H2,1-5H3",,,0.119,0.881,,,0.11033023059942555,0.8896697694005744,,
13.4,-,molar,"InChI=1S/C10H12/c1-2-6-10-8-4-3-7-9(10)5-1/h1-2,5-6H,3-4,7-8H2","InChI=1S/C8H18/c1-7(2)6-8(3,4)5/h7H,6H2,1-5H3",,,0.12,0.88,,,0.11126657669887392,0.8887334233011261,,
13.17,-,molar,"InChI=1S/C10H12/c1-2-6-10-8-4-3-7-9(10)5-1/h1-2,5-6H,3-4,7-8H2","InChI=1S/C8H18/c1-7(2)6-8(3,4)5/h7H,6H2,1-5H3",,,0.178,0.822,,,0.1658409222979744,0.8341590777020256,,
11.0,-,molar,"InChI=1S/C10H12/c1-2-6-10-8-4-3-7-9(10)5-1/h1-2,5-6H,3-4,7-8H2","InChI=1S/C8H18/c1-7(2)6-8(3,4)5/h7H,6H2,1-5H3",,,0.23,0.77,,,0.21521885257063542,0.7847811474293646,,
13.17,-,molar,"InChI=1S/C10H12/c1-2-6-10-8-4-3-7-9(10)5-1/h1-2,5-6H,3-4,7-8H2","InChI=1S/C8H18/c1-7(2)6-8(3,4)5/h7H,6H2,1-5H3",,,0.233,0.767,,,0.21808065944005495,0.781919340559945,,
11.74,-,molar,"InChI=1S/C10H12/c1-2-6-10-8-4-3-7-9(10)5-1/h1-2,5-6H,3-4,7-8H2","InChI=1S/C8H18/c1-7(2)6-8(3,4)5/h7H,6H2,1-5H3",,,0.27,0.73,,,0.2534945061329334,0.7465054938670667,,
9.7,-,molar,"InChI=1S/C10H12/c1-2-6-10-8-4-3-7-9(10)5-1/h1-2,5-6H,3-4,7-8H2","InChI=1S/C8H18/c1-7(2)6-8(3,4)5/h7H,6H2,1-5H3",,,0.34,0.66,,,0.32109755240961924,0.6789024475903808,,
11.74,-,molar,"InChI=1S/C10H12/c1-2-6-10-8-4-3-7-9(10)5-1/h1-2,5-6H,3-4,7-8H2","InChI=1S/C8H18/c1-7(2)6-8(3,4)5/h7H,6H2,1-5H3",,,0.342,0.658,,,0.32304078454945745,0.6769592154505425,,
10.63,-,molar,"InChI=1S/C10H12/c1-2-6-10-8-4-3-7-9(10)5-1/h1-2,5-6H,3-4,7-8H2","InChI=1S/C8H18/c1-7(2)6-8(3,4)5/h7H,6H2,1-5H3",,,0.365,0.635,,,0.34543511409973693,0.6545648859002631,,
10.63,-,molar,"InChI=1S/C10H12/c1-2-6-10-8-4-3-7-9(10)5-1/h1-2,5-6H,3-4,7-8H2","InChI=1S/C8H18/c1-7(2)6-8(3,4)5/h7H,6H2,1-5H3",,,0.447,0.553,,,0.42598835888176684,0.5740116411182332,,
8.7,-,molar,"InChI=1S/C10H12/c1-2-6-10-8-4-3-7-9(10)5-1/h1-2,5-6H,3-4,7-8H2","InChI=1S/C8H18/c1-7(2)6-8(3,4)5/h7H,6H2,1-5H3",,,0.45,0.55,,,0.4289567272358277,0.5710432727641723,,
9.66,-,molar,"InChI=1S/C10H12/c1-2-6-10-8-4-3-7-9(10)5-1/h1-2,5-6H,3-4,7-8H2","InChI=1S/C8H18/c1-7(2)6-8(3,4)5/h7H,6H2,1-5H3",,,0.463,0.537,,,0.4418371745169809,0.5581628254830191,,
9.66,-,molar,"InChI=1S/C10H12/c1-2-6-10-8-4-3-7-9(10)5-1/h1-2,5-6H,3-4,7-8H2","InChI=1S/C8H18/c1-7(2)6-8(3,4)5/h7H,6H2,1-5H3",,,0.548,0.452,,,0.5267631108346318,0.47323688916536816,,
7.8,-,molar,"InChI=1S/C10H12/c1-2-6-10-8-4-3-7-9(10)5-1/h1-2,5-6H,3-4,7-8H2","InChI=1S/C8H18/c1-7(2)6-8(3,4)5/h7H,6H2,1-5H3",,,0.55,0.45,,,0.5287762760796549,0.47122372392034495,,
9.22,-,molar,"InChI=1S/C10H12/c1-2-6-10-8-4-3-7-9(10)5-1/h1-2,5-6H,3-4,7-8H2","InChI=1S/C8H18/c1-7(2)6-8(3,4)5/h7H,6H2,1-5H3",,,0.564,0.436,,,0.5428877910196566,0.4571122089803433,,
9.22,-,molar,"InChI=1S/C10H12/c1-2-6-10-8-4-3-7-9(10)5-1/h1-2,5-6H,3-4,7-8H2","InChI=1S/C8H18/c1-7(2)6-8(3,4)5/h7H,6H2,1-5H3",,,0.645,0.355,,,0.6252035684262535,0.37479643157374654,,
7.5,-,molar,"InChI=1S/C10H12/c1-2-6-10-8-4-3-7-9(10)5-1/h1-2,5-6H,3-4,7-8H2","InChI=1S/C8H18/c1-7(2)6-8(3,4)5/h7H,6H2,1-5H3",,,0.65,0.35,,,0.6303225858895632,0.3696774141104367,,
9.2,-,molar,"InChI=1S/C10H12/c1-2-6-10-8-4-3-7-9(10)5-1/h1-2,5-6H,3-4,7-8H2","InChI=1S/C8H18/c1-7(2)6-8(3,4)5/h7H,6H2,1-5H3",,,0.668,0.332,,,0.648787766861669,0.3512122331383311,,
9.2,-,molar,"InChI=1S/C10H12/c1-2-6-10-8-4-3-7-9(10)5-1/h1-2,5-6H,3-4,7-8H2","InChI=1S/C8H18/c1-7(2)6-8(3,4)5/h7H,6H2,1-5H3",,,0.739,0.261,,,0.7221876782206946,0.2778123217793053,,
7.5,-,molar,"InChI=1S/C10H12/c1-2-6-10-8-4-3-7-9(10)5-1/h1-2,5-6H,3-4,7-8H2","InChI=1S/C8H18/c1-7(2)6-8(3,4)5/h7H,6H2,1-5H3",,,0.74,0.26,,,0.7232279683784607,0.27677203162153924,,
9.0,-,molar,"InChI=1S/C10H12/c1-2-6-10-8-4-3-7-9(10)5-1/h1-2,5-6H,3-4,7-8H2","InChI=1S/C8H18/c1-7(2)6-8(3,4)5/h7H,6H2,1-5H3",,,0.775,0.225,,,0.7597527365933167,0.24024726340668326,,
9.0,-,molar,"InChI=1S/C10H12/c1-2-6-10-8-4-3-7-9(10)5-1/h1-2,5-6H,3-4,7-8H2","InChI=1S/C8H18/c1-7(2)6-8(3,4)5/h7H,6H2,1-5H3",,,0.829,0.171,,,0.8165458583023236,0.1834541416976764,,
7.3,-,molar,"InChI=1S/C10H12/c1-2-6-10-8-4-3-7-9(10)5-1/h1-2,5-6H,3-4,7-8H2","InChI=1S/C8H18/c1-7(2)6-8(3,4)5/h7H,6H2,1-5H3",,,0.83,0.17,,,0.81760266514502,0.18239733485497991,,
8.92,-,molar,"InChI=1S/C10H12/c1-2-6-10-8-4-3-7-9(10)5-1/h1-2,5-6H,3-4,7-8H2","InChI=1S/C8H18/c1-7(2)6-8(3,4)5/h7H,6H2,1-5H3",,,0.886,0.114,,,0.8770817013092564,0.12291829869074358,,
8.92,-,molar,"InChI=1S/C10H12/c1-2-6-10-8-4-3-7-9(10)5-1/h1-2,5-6H,3-4,7-8H2","InChI=1S/C8H18/c1-7(2)6-8(3,4)5/h7H,6H2,1-5H3",,,0.916,0.084,,,0.9091880707789376,0.09081192922106238,,
7.25,-,molar,"InChI=1S/C10H12/c1-2-6-10-8-4-3-7-9(10)5-1/h1-2,5-6H,3-4,7-8H2","InChI=1S/C8H18/c1-7(2)6-8(3,4)5/h7H,6H2,1-5H3",,,0.92,0.08,,,0.9134818101936392,0.08651818980636088,,
38.7,-,molar,"InChI=1S/C10H14/c1-2-3-7-10-8-5-4-6-9-10/h4-6,8-9H,2-3,7H2,1H3","InChI=1S/C10H20/c1-2-3-7-10-8-5-4-6-9-10/h10H,2-9H2,1H3","InChI=1S/C12H26/c1-3-5-7-9-11-12-10-8-6-4-2/h3-12H2,1-2H3","InChI=1S/C16H34/c1-13(10-14(2,3)4)11-16(8,9)12-15(5,6)7/h13H,10-12H2,1-9H3",0.05,0.45,0.1,0.4,0.03580173019791259,0.3675947634162627,0.10487163404550937,0.4917318723403154
37.0,-,molar,"InChI=1S/C10H14/c1-2-3-7-10-8-5-4-6-9-10/h4-6,8-9H,2-3,7H2,1H3","InChI=1S/C10H20/c1-2-3-7-10-8-5-4-6-9-10/h10H,2-9H2,1H3","InChI=1S/C12H26/c1-3-5-7-9-11-12-10-8-6-4-2/h3-12H2,1-2H3","InChI=1S/C16H34/c1-13(10-14(2,3)4)11-16(8,9)12-15(5,6)7/h13H,10-12H2,1-9H3",0.1,0.4,0.1,0.4,0.07196632413071383,0.32840677123737,0.1054030903830001,0.4942238142489161
56.7,-,molar,"InChI=1S/C10H14/c1-2-3-7-10-8-5-4-6-9-10/h4-6,8-9H,2-3,7H2,1H3","InChI=1S/C10H20/c1-2-3-7-10-8-5-4-6-9-10/h10H,2-9H2,1H3","InChI=1S/C12H26/c1-3-5-7-9-11-12-10-8-6-4-2/h3-12H2,1-2H3","InChI=1S/C16H34/c1-13(10-14(2,3)4)11-16(8,9)12-15(5,6)7/h13H,10-12H2,1-9H3",0.1,0.4,0.4,0.1,0.07611123461586583,0.34732140507394454,0.44589518435354103,0.1306721759566485
39.3,-,molar,"InChI=1S/C10H14/c1-2-3-7-10-8-5-4-6-9-10/h4-6,8-9H,2-3,7H2,1H3","InChI=1S/C10H20/c1-2-3-7-10-8-5-4-6-9-10/h10H,2-9H2,1H3","InChI=1S/C12H26/c1-3-5-7-9-11-12-10-8-6-4-2/h3-12H2,1-2H3","InChI=1S/C16H34/c1-13(10-14(2,3)4)11-16(8,9)12-15(5,6)7/h13H,10-12H2,1-9H3",0.1,0.45,0.1,0.35,0.07348955164905005,0.3772774975212627,0.10763403506064474,0.4415989157690424
42.1,-,molar,"InChI=1S/C10H14/c1-2-3-7-10-8-5-4-6-9-10/h4-6,8-9H,2-3,7H2,1H3","InChI=1S/C10H20/c1-2-3-7-10-8-5-4-6-9-10/h10H,2-9H2,1H3","InChI=1S/C12H26/c1-3-5-7-9-11-12-10-8-6-4-2/h3-12H2,1-2H3","InChI=1S/C16H34/c1-13(10-14(2,3)4)11-16(8,9)12-15(5,6)7/h13H,10-12H2,1-9H3",0.1,0.45,0.15,0.3,0.07417706488033518,0.3808070233598568,0.16296146777748619,0.3820544439823219
55.7,-,molar,"InChI=1S/C10H14/c1-2-3-7-10-8-5-4-6-9-10/h4-6,8-9H,2-3,7H2,1H3","InChI=1S/C10H20/c1-2-3-7-10-8-5-4-6-9-10/h10H,2-9H2,1H3","InChI=1S/C12H26/c1-3-5-7-9-11-12-10-8-6-4-2/h3-12H2,1-2H3","InChI=1S/C16H34/c1-13(10-14(2,3)4)11-16(8,9)12-15(5,6)7/h13H,10-12H2,1-9H3",0.1,0.45,0.35,0.1,0.07706075585825212,0.3956111919982595,0.3950256831215731,0.13230236902191528
35.8,-,molar,"InChI=1S/C10H14/c1-2-3-7-10-8-5-4-6-9-10/h4-6,8-9H,2-3,7H2,1H3","InChI=1S/C10H20/c1-2-3-7-10-8-5-4-6-9-10/h10H,2-9H2,1H3","InChI=1S/C12H26/c1-3-5-7-9-11-12-10-8-6-4-2/h3-12H2,1-2H3","InChI=1S/C16H34/c1-13(10-14(2,3)4)11-16(8,9)12-15(5,6)7/h13H,10-12H2,1-9H3",0.15,0.35,0.1,0.4,0.10849932653397308,0.2888195712508139,0.10593996066255731,0.4967411415526556
46.8,-,molar,"InChI=1S/C10H14/c1-2-3-7-10-8-5-4-6-9-10/h4-6,8-9H,2-3,7H2,1H3","InChI=1S/C10H20/c1-2-3-7-10-8-5-4-6-9-10/h10H,2-9H2,1H3","InChI=1S/C12H26/c1-3-5-7-9-11-12-10-8-6-4-2/h3-12H2,1-2H3","InChI=1S/C16H34/c1-13(10-14(2,3)4)11-16(8,9)12-15(5,6)7/h13H,10-12H2,1-9H3",0.15,0.4,0.25,0.2,0.11399391185906368,0.3467952822522568,0.2782623386684999,0.2609484672201797
52.2,-,molar,"InChI=1S/C10H14/c1-2-3-7-10-8-5-4-6-9-10/h4-6,8-9H,2-3,7H2,1H3","InChI=1S/C10H20/c1-2-3-7-10-8-5-4-6-9-10/h10H,2-9H2,1H3","InChI=1S/C12H26/c1-3-5-7-9-11-12-10-8-6-4-2/h3-12H2,1-2H3","InChI=1S/C16H34/c1-13(10-14(2,3)4)11-16(8,9)12-15(5,6)7/h13H,10-12H2,1-9H3",0.15,0.4,0.3,0.15,0.11509707695077444,0.35015136016125653,0.33714623474798455,0.19760532813998444
53.7,-,molar,"InChI=1S/C10H14/c1-2-3-7-10-8-5-4-6-9-10/h4-6,8-9H,2-3,7H2,1H3","InChI=1S/C10H20/c1-2-3-7-10-8-5-4-6-9-10/h10H,2-9H2,1H3","InChI=1S/C12H26/c1-3-5-7-9-11-12-10-8-6-4-2/h3-12H2,1-2H3","InChI=1S/C16H34/c1-13(10-14(2,3)4)11-16(8,9)12-15(5,6)7/h13H,10-12H2,1-9H3",0.15,0.4,0.35,0.1,0.11622180223682205,0.3535730290615516,0.3971809542647998,0.13302421443682647
39.8,-,molar,"InChI=1S/C10H14/c1-2-3-7-10-8-5-4-6-9-10/h4-6,8-9H,2-3,7H2,1H3","InChI=1S/C10H20/c1-2-3-7-10-8-5-4-6-9-10/h10H,2-9H2,1H3","InChI=1S/C12H26/c1-3-5-7-9-11-12-10-8-6-4-2/h3-12H2,1-2H3","InChI=1S/C16H34/c1-13(10-14(2,3)4)11-16(8,9)12-15(5,6)7/h13H,10-12H2,1-9H3",0.15,0.45,0.1,0.3,0.1132165398463307,0.3874841332114011,0.11054590070580339,0.3887534262364648
45.5,-,molar,"InChI=1S/C10H14/c1-2-3-7-10-8-5-4-6-9-10/h4-6,8-9H,2-3,7H2,1H3","InChI=1S/C10H20/c1-2-3-7-10-8-5-4-6-9-10/h10H,2-9H2,1H3","InChI=1S/C12H26/c1-3-5-7-9-11-12-10-8-6-4-2/h3-12H2,1-2H3","InChI=1S/C16H34/c1-13(10-14(2,3)4)11-16(8,9)12-15(5,6)7/h13H,10-12H2,1-9H3",0.15,0.45,0.2,0.2,0.1154138551497472,0.3950044550379834,0.22538276807920704,0.26419892173306236
53.6,-,molar,"InChI=1S/C10H14/c1-2-3-7-10-8-5-4-6-9-10/h4-6,8-9H,2-3,7H2,1H3","InChI=1S/C10H20/c1-2-3-7-10-8-5-4-6-9-10/h10H,2-9H2,1H3","InChI=1S/C12H26/c1-3-5-7-9-11-12-10-8-6-4-2/h3-12H2,1-2H3","InChI=1S/C16H34/c1-13(10-14(2,3)4)11-16(8,9)12-15(5,6)7/h13H,10-12H2,1-9H3",0.15,0.45,0.3,0.1,0.11769814988510455,0.4028224643741697,0.3447653852020778,0.13471400053864804
42.5,-,molar,"InChI=1S/C10H14/c1-2-3-7-10-8-5-4-6-9-10/h4-6,8-9H,2-3,7H2,1H3","InChI=1S/C10H20/c1-2-3-7-10-8-5-4-6-9-10/h10H,2-9H2,1H3","InChI=1S/C12H26/c1-3-5-7-9-11-12-10-8-6-4-2/h3-12H2,1-2H3","InChI=1S/C16H34/c1-13(10-14(2,3)4)11-16(8,9)12-15(5,6)7/h13H,10-12H2,1-9H3",0.16,0.39,0.13,0.32,0.11898384871618274,0.33086850435612936,0.14159092086981803,0.4085567260578698
34.8,-,molar,"InChI=1S/C10H14/c1-2-3-7-10-8-5-4-6-9-10/h4-6,8-9H,2-3,7H2,1H3","InChI=1S/C10H20/c1-2-3-7-10-8-5-4-6-9-10/h10H,2-9H2,1H3","InChI=1S/C12H26/c1-3-5-7-9-11-12-10-8-6-4-2/h3-12H2,1-2H3","InChI=1S/C16H34/c1-13(10-14(2,3)4)11-16(8,9)12-15(5,6)7/h13H,10-12H2,1-9H3",0.2,0.3,0.1,0.4,0.14540639568997613,0.24882703213593413,0.10648232803539753,0.49928424413869216
44.2,-,molar,"InChI=1S/C10H14/c1-2-3-7-10-8-5-4-6-9-10/h4-6,8-9H,2-3,7H2,1H3","InChI=1S/C10H20/c1-2-3-7-10-8-5-4-6-9-10/h10H,2-9H2,1H3","InChI=1S/C12H26/c1-3-5-7-9-11-12-10-8-6-4-2/h3-12H2,1-2H3","InChI=1S/C16H34/c1-13(10-14(2,3)4)11-16(8,9)12-15(5,6)7/h13H,10-12H2,1-9H3",0.2,0.4,0.2,0.2,0.1547234471295706,0.3530278107177391,0.22661056652756548,0.2656381756251249
39.8,-,molar,"InChI=1S/C10H14/c1-2-3-7-10-8-5-4-6-9-10/h4-6,8-9H,2-3,7H2,1H3","InChI=1S/C10H20/c1-2-3-7-10-8-5-4-6-9-10/h10H,2-9H2,1H3","InChI=1S/C12H26/c1-3-5-7-9-11-12-10-8-6-4-2/h3-12H2,1-2H3","InChI=1S/C16H34/c1-13(10-14(2,3)4)11-16(8,9)12-15(5,6)7/h13H,10-12H2,1-9H3",0.2,0.45,0.1,0.25,0.15515279572328144,0.39825837272381803,0.11361969885451462,0.33296913269838596
45.7,-,molar,"InChI=1S/C10H14/c1-2-3-7-10-8-5-4-6-9-10/h4-6,8-9H,2-3,7H2,1H3","InChI=1S/C10H20/c1-2-3-7-10-8-5-4-6-9-10/h10H,2-9H2,1H3","InChI=1S/C12H26/c1-3-5-7-9-11-12-10-8-6-4-2/h3-12H2,1-2H3","InChI=1S/C16H34/c1-13(10-14(2,3)4)11-16(8,9)12-15(5,6)7/h13H,10-12H2,1-9H3",0.2,0.45,0.2,0.15,0.15824941299283296,0.40620701295921274,0.23177475551542853,0.20376881853252568
33.8,-,molar,"InChI=1S/C10H14/c1-2-3-7-10-8-5-4-6-9-10/h4-6,8-9H,2-3,7H2,1H3","InChI=1S/C10H20/c1-2-3-7-10-8-5-4-6-9-10/h10H,2-9H2,1H3","InChI=1S/C12H26/c1-3-5-7-9-11-12-10-8-6-4-2/h3-12H2,1-2H3","InChI=1S/C16H34/c1-13(10-14(2,3)4)11-16(8,9)12-15(5,6)7/h13H,10-12H2,1-9H3",0.25,0.25,0.1,0.4,0.18269330634923528,0.2084228963669766,0.10703027736429462,0.5018535199194935
43.0,-,molar,"InChI=1S/C10H14/c1-2-3-7-10-8-5-4-6-9-10/h4-6,8-9H,2-3,7H2,1H3","InChI=1S/C10H20/c1-2-3-7-10-8-5-4-6-9-10/h10H,2-9H2,1H3","InChI=1S/C12H26/c1-3-5-7-9-11-12-10-8-6-4-2/h3-12H2,1-2H3","InChI=1S/C16H34/c1-13(10-14(2,3)4)11-16(8,9)12-15(5,6)7/h13H,10-12H2,1-9H3",0.25,0.45,0.15,0.15,0.2015158975895461,0.413813457000824,0.17708614653150526,0.20758449887812455
49.4,-,molar,"InChI=1S/C10H14/c1-2-3-7-10-8-5-4-6-9-10/h4-6,8-9H,2-3,7H2,1H3","InChI=1S/C10H20/c1-2-3-7-10-8-5-4-6-9-10/h10H,2-9H2,1H3","InChI=1S/C12H26/c1-3-5-7-9-11-12-10-8-6-4-2/h3-12H2,1-2H3",,0.4,0.45,0.15,,0.3530237562059983,0.453084541674017,0.19389170211998474,
49.2,-,molar,"InChI=1S/C10H14/c1-2-3-7-10-8-5-4-6-9-10/h4-6,8-9H,2-3,7H2,1H3","InChI=1S/C10H20/c1-2-3-7-10-8-5-4-6-9-10/h10H,2-9H2,1H3","InChI=1S/C12H26/c1-3-5-7-9-11-12-10-8-6-4-2/h3-12H2,1-2H3",,0.5,0.25,0.25,,0.4342679329552545,0.24771400275829816,0.31801806428644736,
49.1,-,molar,"InChI=1S/C10H14/c1-2-3-7-10-8-5-4-6-9-10/h4-6,8-9H,2-3,7H2,1H3","InChI=1S/C10H20/c1-2-3-7-10-8-5-4-6-9-10/h10H,2-9H2,1H3","InChI=1S/C12H26/c1-3-5-7-9-11-12-10-8-6-4-2/h3-12H2,1-2H3",,0.58,0.11,0.31,,0.5002056630409654,0.10822711633674419,0.3915672206222905,
56.0,-,molar,"InChI=1S/C10H18/c1-2-6-10-8-4-3-7-9(10)5-1/h9-10H,1-8H2","InChI=1S/C10H22/c1-3-5-7-9-10-8-6-4-2/h3-10H2,1-2H3",InChI=1S/C6H6/c1-2-4-6-5-3-1/h1-6H,"InChI=1S/C7H14/c1-7-5-3-2-4-6-7/h7H,2-6H2,1H3",0.21,0.45,0.19,0.15,0.21615338634024897,0.5578858331100907,0.10203611931665406,0.1239246612330063
34.5,-,molar,"InChI=1S/C10H18/c1-2-6-10-8-4-3-7-9(10)5-1/h9-10H,1-8H2","InChI=1S/C10H22/c1-3-5-7-9-10-8-6-4-2/h3-10H2,1-2H3",InChI=1S/C6H6/c1-2-4-6-5-3-1/h1-6H,"InChI=1S/C7H14/c1-7-5-3-2-4-6-7/h7H,2-6H2,1H3",0.24,0.056,0.141,0.563,0.2881482128944223,0.08098093486138777,0.08832454001791723,0.5425463122262727
40.87,-,molar,"InChI=1S/C10H18/c1-2-6-10-8-4-3-7-9(10)5-1/h9-10H,1-8H2","InChI=1S/C10H22/c1-3-5-7-9-10-8-6-4-2/h3-10H2,1-2H3",InChI=1S/C6H6/c1-2-4-6-5-3-1/h1-6H,"InChI=1S/C7H14/c1-7-5-3-2-4-6-7/h7H,2-6H2,1H3",0.34,0.12,0.3,0.24,0.40782419114247376,0.17336658035852517,0.18774695591590757,0.23106227258309353
60.6,-,molar,"InChI=1S/C10H20/c1-2-3-7-10-8-5-4-6-9-10/h10H,2-9H2,1H3","InChI=1S/C12H18/c1-2-3-4-6-9-12-10-7-5-8-11-12/h5,7-8,10-11H,2-4,6,9H2,1H3","InChI=1S/C16H34/c1-3-5-7-9-11-13-15-16-14-12-10-8-6-4-2/h3-16H2,1-2H3",,0.25,0.17,0.58,,0.1802376352833687,0.13075963058848067,0.6890027341281507,
59.5,-,molar,"InChI=1S/C10H20/c1-2-3-7-10-8-5-4-6-9-10/h10H,2-9H2,1H3","InChI=1S/C12H18/c1-2-3-4-6-9-12-10-7-5-8-11-12/h5,7-8,10-11H,2-4,6,9H2,1H3","InChI=1S/C16H34/c1-3-5-7-9-11-13-15-16-14-12-10-8-6-4-2/h3-16H2,1-2H3",,0.25,0.56,0.19,,0.21541925427968292,0.5148157534782947,0.26976499224202244,
59.1,-,molar,"InChI=1S/C10H20/c1-2-3-7-10-8-5-4-6-9-10/h10H,2-9H2,1H3","InChI=1S/C12H18/c1-2-3-4-6-9-12-10-7-5-8-11-12/h5,7-8,10-11H,2-4,6,9H2,1H3","InChI=1S/C16H34/c1-3-5-7-9-11-13-15-16-14-12-10-8-6-4-2/h3-16H2,1-2H3",,0.5,0.27,0.23,,0.4284346180291485,0.24682980855536388,0.32473557341548753,
23.9,-,molar,"InChI=1S/C10H22/c1-3-5-7-9-10-8-6-4-2/h3-10H2,1-2H3",InChI=1S/C6H6/c1-2-4-6-5-3-1/h1-6H,"InChI=1S/C8H14/c1-7(2)5-6-8(3)4/h5-6H,1-4H3","InChI=1S/C9H12/c1-7-4-8(2)6-9(3)5-7/h4-6H,1-3H3",0.13,0.45,0.33,0.09,0.20764024440331125,0.31134952359386736,0.3800258227068668,0.1009844092959546
30.0,-,molar,"InChI=1S/C10H22/c1-3-5-7-9-10-8-6-4-2/h3-10H2,1-2H3",InChI=1S/C6H6/c1-2-4-6-5-3-1/h1-6H,"InChI=1S/C8H14/c1-7(2)5-6-8(3)4/h5-6H,1-4H3","InChI=1S/C9H12/c1-7-4-8(2)6-9(3)5-7/h4-6H,1-3H3",0.21,0.37,0.33,0.09,0.31276597214718227,0.2387093549557857,0.35436035760050755,0.0941643152965244
36.15,-,molar,"InChI=1S/C10H22/c1-3-5-7-9-10-8-6-4-2/h3-10H2,1-2H3",InChI=1S/C6H6/c1-2-4-6-5-3-1/h1-6H,"InChI=1S/C8H14/c1-7(2)5-6-8(3)4/h5-6H,1-4H3","InChI=1S/C9H12/c1-7-4-8(2)6-9(3)5-7/h4-6H,1-3H3",0.35,0.1,0.35,0.2,0.44519941342616937,0.05510031120906991,0.32098561682783683,0.17871465853692384
33.0,-,molar,"InChI=1S/C10H22/c1-3-5-7-9-10-8-6-4-2/h3-10H2,1-2H3","InChI=1S/C7H8/c1-7-5-3-2-4-6-7/h2-6H,1H3","InChI=1S/C8H16/c1-3-5-7-8-6-4-2/h3H,1,4-8H2,2H3","InChI=1S/C9H10/c1-2-5-9-7-3-6-8(9)4-1/h1-2,4-5H,3,6-7H2",0.03,0.28,0.55,0.14,0.042911642570444115,0.20978901986350784,0.618421442418041,0.12887789514800702
53.0,-,molar,"InChI=1S/C10H22/c1-3-5-7-9-10-8-6-4-2/h3-10H2,1-2H3","InChI=1S/C7H8/c1-7-5-3-2-4-6-7/h2-6H,1H3","InChI=1S/C8H16/c1-3-5-7-8-6-4-2/h3H,1,4-8H2,2H3","InChI=1S/C9H10/c1-2-5-9-7-3-6-8(9)4-1/h1-2,4-5H,3,6-7H2",0.52,0.12,0.12,0.24,0.6252677712097848,0.07558137438791712,0.11342581598330452,0.18572503841899346
32.99,-,molar,"InChI=1S/C10H22/c1-3-5-7-9-10-8-6-4-2/h3-10H2,1-2H3","InChI=1S/C7H8/c1-7-5-3-2-4-6-7/h2-6H,1H3","InChI=1S/C8H18/c1-7(2)6-8(3,4)5/h7H,6H2,1-5H3",,0.172,0.15,0.678,,0.22022179569853073,0.10059906639160238,0.6791791379098668,
31.66,-,molar,"InChI=1S/C10H22/c1-3-5-7-9-10-8-6-4-2/h3-10H2,1-2H3","InChI=1S/C7H8/c1-7-5-3-2-4-6-7/h2-6H,1H3","InChI=1S/C8H18/c1-7(2)6-8(3,4)5/h7H,6H2,1-5H3",,0.177,0.384,0.439,,0.2452846826875394,0.27873995474091523,0.4759753625715454,
36.93,-,molar,"InChI=1S/C10H22/c1-3-5-7-9-10-8-6-4-2/h3-10H2,1-2H3","InChI=1S/C7H8/c1-7-5-3-2-4-6-7/h2-6H,1H3","InChI=1S/C8H18/c1-7(2)6-8(3,4)5/h7H,6H2,1-5H3",,0.261,0.479,0.26,,0.364869394257006,0.3507545232571594,0.2843760824858346,
43.27,-,molar,"InChI=1S/C10H22/c1-3-5-7-9-10-8-6-4-2/h3-10H2,1-2H3","InChI=1S/C7H8/c1-7-5-3-2-4-6-7/h2-6H,1H3","InChI=1S/C8H18/c1-7(2)6-8(3,4)5/h7H,6H2,1-5H3",,0.348,0.298,0.354,,0.4455483220120736,0.19984931825178948,0.3546023597361369,
45.52,-,molar,"InChI=1S/C10H22/c1-3-5-7-9-10-8-6-4-2/h3-10H2,1-2H3","InChI=1S/C7H8/c1-7-5-3-2-4-6-7/h2-6H,1H3","InChI=1S/C8H18/c1-7(2)6-8(3,4)5/h7H,6H2,1-5H3",,0.376,0.17,0.454,,0.45839585404302136,0.1085606902547572,0.4330434557022214,
57.14,-,molar,"InChI=1S/C10H22/c1-3-5-7-9-10-8-6-4-2/h3-10H2,1-2H3","InChI=1S/C7H8/c1-7-5-3-2-4-6-7/h2-6H,1H3","InChI=1S/C8H18/c1-7(2)6-8(3,4)5/h7H,6H2,1-5H3",,0.683,0.145,0.172,,0.7643900685720108,0.08500278850187298,0.1506071429261164,
28.58,-,molar,"InChI=1S/C10H22/c1-3-5-7-9-10-8-6-4-2/h3-10H2,1-2H3","InChI=1S/C7H8/c1-7-5-3-2-4-6-7/h2-6H,1H3",,,0.196,0.804,,,0.3175938660634869,0.6824061339365131,,
44.18,-,molar,"InChI=1S/C10H22/c1-3-5-7-9-10-8-6-4-2/h3-10H2,1-2H3","InChI=1S/C7H8/c1-7-5-3-2-4-6-7/h2-6H,1H3",,,0.398,0.602,,,0.5579453744800429,0.442054625519957,,
54.14,-,molar,"InChI=1S/C10H22/c1-3-5-7-9-10-8-6-4-2/h3-10H2,1-2H3","InChI=1S/C7H8/c1-7-5-3-2-4-6-7/h2-6H,1H3",,,0.592,0.408,,,0.7347529182118192,0.2652470817881808,,
62.14,-,molar,"InChI=1S/C10H22/c1-3-5-7-9-10-8-6-4-2/h3-10H2,1-2H3","InChI=1S/C7H8/c1-7-5-3-2-4-6-7/h2-6H,1H3",,,0.796,0.204,,,0.8816461827495047,0.11835381725049533,,
36.59,-,molar,"InChI=1S/C10H22/c1-3-5-7-9-10-8-6-4-2/h3-10H2,1-2H3","InChI=1S/C8H18/c1-7(2)6-8(3,4)5/h7H,6H2,1-5H3",,,0.201,0.799,,,0.24330343896184467,0.7566965610381553,,
45.0,-,molar,"InChI=1S/C10H22/c1-3-5-7-9-10-8-6-4-2/h3-10H2,1-2H3","InChI=1S/C8H18/c1-7(2)6-8(3,4)5/h7H,6H2,1-5H3",,,0.354,0.646,,,0.4119040944213796,0.5880959055786203,,
46.93,-,molar,"InChI=1S/C10H22/c1-3-5-7-9-10-8-6-4-2/h3-10H2,1-2H3","InChI=1S/C8H18/c1-7(2)6-8(3,4)5/h7H,6H2,1-5H3",,,0.4,0.6,,,0.4600697105193255,0.5399302894806746,,
50.0,-,molar,"InChI=1S/C10H22/c1-3-5-7-9-10-8-6-4-2/h3-10H2,1-2H3","InChI=1S/C8H18/c1-7(2)6-8(3,4)5/h7H,6H2,1-5H3",,,0.467,0.533,,,0.5282725413296061,0.4717274586703939,,
55.08,-,molar,"InChI=1S/C10H22/c1-3-5-7-9-10-8-6-4-2/h3-10H2,1-2H3","InChI=1S/C8H18/c1-7(2)6-8(3,4)5/h7H,6H2,1-5H3",,,0.603,0.397,,,0.6600201489625664,0.33997985103743356,,
55.0,-,molar,"InChI=1S/C10H22/c1-3-5-7-9-10-8-6-4-2/h3-10H2,1-2H3","InChI=1S/C8H18/c1-7(2)6-8(3,4)5/h7H,6H2,1-5H3",,,0.61,0.39,,,0.6665706887664612,0.3334293112335388,,
59.1,-,molar,"InChI=1S/C10H22/c1-3-5-7-9-10-8-6-4-2/h3-10H2,1-2H3","InChI=1S/C8H18/c1-7(2)6-8(3,4)5/h7H,6H2,1-5H3",,,0.744,0.256,,,0.7878922068403061,0.21210779315969389,,
61.21,-,molar,"InChI=1S/C10H22/c1-3-5-7-9-10-8-6-4-2/h3-10H2,1-2H3","InChI=1S/C8H18/c1-7(2)6-8(3,4)5/h7H,6H2,1-5H3",,,0.807,0.193,,,0.8423789944174015,0.15762100558259845,,
65.0,-,molar,"InChI=1S/C10H22/c1-3-5-7-9-10-8-6-4-2/h3-10H2,1-2H3","InChI=1S/C8H18/c1-7(2)6-8(3,4)5/h7H,6H2,1-5H3",,,0.934,0.066,,,0.947609875760728,0.05239012423927205,,
22.0,-,molar,"InChI=1S/C10H22O/c1-9(2)5-7-11-8-6-10(3)4/h9-10H,5-8H2,1-4H3","InChI=1S/C7H8/c1-7-5-3-2-4-6-7/h2-6H,1H3",,,0.19,0.81,,,0.31587998780051424,0.6841200121994857,,
32.9,-,molar,"InChI=1S/C10H22O/c1-9(2)5-7-11-8-6-10(3)4/h9-10H,5-8H2,1-4H3","InChI=1S/C7H8/c1-7-5-3-2-4-6-7/h2-6H,1H3",,,0.26,0.74,,,0.40884808323395416,0.5911519167660458,,
43.4,-,molar,"InChI=1S/C10H22O/c1-9(2)5-7-11-8-6-10(3)4/h9-10H,5-8H2,1-4H3","InChI=1S/C7H8/c1-7-5-3-2-4-6-7/h2-6H,1H3",,,0.35,0.65,,,0.5145458854808587,0.4854541145191413,,
53.2,-,molar,"InChI=1S/C10H22O/c1-9(2)5-7-11-8-6-10(3)4/h9-10H,5-8H2,1-4H3","InChI=1S/C7H8/c1-7-5-3-2-4-6-7/h2-6H,1H3",,,0.44,0.56,,,0.6073238900812595,0.3926761099187405,,
70.1,-,molar,"InChI=1S/C10H22O/c1-9(2)5-7-11-8-6-10(3)4/h9-10H,5-8H2,1-4H3","InChI=1S/C7H8/c1-7-5-3-2-4-6-7/h2-6H,1H3",,,0.68,0.32,,,0.8070587885442577,0.19294121145574228,,
17.1,-,molar,"InChI=1S/C10H22O/c1-9(2)5-7-11-8-6-10(3)4/h9-10H,5-8H2,1-4H3","InChI=1S/CH4O/c1-2/h2H,1H3",,,0.17,0.83,,,0.46931173183088376,0.5306882681691162,,
27.3,-,molar,"InChI=1S/C10H22O/c1-9(2)5-7-11-8-6-10(3)4/h9-10H,5-8H2,1-4H3","InChI=1S/CH4O/c1-2/h2H,1H3",,,0.23,0.77,,,0.5632612828109803,0.43673871718901963,,
39.1,-,molar,"InChI=1S/C10H22O/c1-9(2)5-7-11-8-6-10(3)4/h9-10H,5-8H2,1-4H3","InChI=1S/CH4O/c1-2/h2H,1H3",,,0.32,0.68,,,0.6701686423210648,0.32983135767893534,,
53.5,-,molar,"InChI=1S/C10H22O/c1-9(2)5-7-11-8-6-10(3)4/h9-10H,5-8H2,1-4H3","InChI=1S/CH4O/c1-2/h2H,1H3",,,0.45,0.55,,,0.779378631096435,0.2206213689035649,,
69.0,-,molar,"InChI=1S/C10H22O/c1-9(2)5-7-11-8-6-10(3)4/h9-10H,5-8H2,1-4H3","InChI=1S/CH4O/c1-2/h2H,1H3",,,0.65,0.35,,,0.8891175585884518,0.11088244141154822,,
67.5,-,molar,"InChI=1S/C11H24/c1-3-5-7-9-11-10-8-6-4-2/h3-11H2,1-2H3","InChI=1S/C9H12/c1-8(2)9-6-4-3-5-7-9/h3-8H,1-2H3",,,0.8,0.2,,,0.8577306004563995,0.14226939954360046,,
19.8,-,molar,"InChI=1S/C12H26/c1-3-5-7-9-11-12-10-8-6-4-2/h3-12H2,1-2H3","InChI=1S/C7H8/c1-7-5-3-2-4-6-7/h2-6H,1H3","InChI=1S/C8H18/c1-7(2)6-8(3,4)5/h7H,6H2,1-5H3","InChI=1S/C9H12/c1-2-6-9-7-4-3-5-8-9/h3-5,7-8H,2,6H2,1H3",0.07,0.25,0.2,0.48,0.11482413970578323,0.1840402165562127,0.21991490991711923,0.48122073382088487
37.3,-,molar,"InChI=1S/C12H26/c1-3-5-7-9-11-12-10-8-6-4-2/h3-12H2,1-2H3","InChI=1S/C7H8/c1-7-5-3-2-4-6-7/h2-6H,1H3","InChI=1S/C8H18/c1-7(2)6-8(3,4)5/h7H,6H2,1-5H3","InChI=1S/C9H12/c1-2-6-9-7-4-3-5-8-9/h3-5,7-8H,2,6H2,1H3",0.134,0.371,0.399,0.096,0.21384084540135972,0.2657035400333203,0.42682345703226837,0.0936321575330517
60.5,-,molar,"InChI=1S/C12H26/c1-3-5-7-9-11-12-10-8-6-4-2/h3-12H2,1-2H3","InChI=1S/C7H8/c1-7-5-3-2-4-6-7/h2-6H,1H3","InChI=1S/C8H18/c1-7(2)6-8(3,4)5/h7H,6H2,1-5H3","InChI=1S/C9H12/c1-2-6-9-7-4-3-5-8-9/h3-5,7-8H,2,6H2,1H3",0.49,0.151,0.243,0.116,0.6190357695709413,0.08561190845832023,0.20578582537127926,0.0895664965994591
46.0,-,molar,"InChI=1S/C12H26/c1-3-5-7-9-11-12-10-8-6-4-2/h3-12H2,1-2H3","InChI=1S/C7H8/c1-7-5-3-2-4-6-7/h2-6H,1H3","InChI=1S/C8H18/c1-7(2)6-8(3,4)5/h7H,6H2,1-5H3","InChI=1S/C9H12/c1-7-4-8(2)6-9(3)5-7/h4-6H,1-3H3",0.4,0.3,0.1,0.2,0.5539824590649749,0.18646393449269183,0.09283794986965781,0.16671565657267545
63.2,-,molar,"InChI=1S/C12H26/c1-3-5-7-9-11-12-10-8-6-4-2/h3-12H2,1-2H3","InChI=1S/C7H8/c1-7-5-3-2-4-6-7/h2-6H,1H3","InChI=1S/C8H18/c1-7(2)6-8(3,4)5/h7H,6H2,1-5H3","InChI=1S/C9H12/c1-7-4-8(2)6-9(3)5-7/h4-6H,1-3H3",0.7,0.1,0.1,0.1,0.8026605976149574,0.051460200123321545,0.07686407817677036,0.06901512408495067
48.0,-,molar,"InChI=1S/C12H26/c1-3-5-7-9-11-12-10-8-6-4-2/h3-12H2,1-2H3","InChI=1S/C8H18/c1-7(2)6-8(3,4)5/h7H,6H2,1-5H3","InChI=1S/C9H12/c1-2-6-9-7-4-3-5-8-9/h3-5,7-8H,2,6H2,1H3","InChI=1S/C9H12/c1-7-4-8(2)6-9(3)5-7/h4-6H,1-3H3",0.4,0.3,0.23,0.07,0.5103329308317043,0.256569114820109,0.1793450405424803,0.05375291380570641
45.0,-,molar,"InChI=1S/C12H26/c1-3-5-7-9-11-12-10-8-6-4-2/h3-12H2,1-2H3","InChI=1S/C8H18/c1-7(2)6-8(3,4)5/h7H,6H2,1-5H3",,,0.261,0.739,,,0.34506699766232013,0.6549330023376798,,
50.0,-,molar,"InChI=1S/C12H26/c1-3-5-7-9-11-12-10-8-6-4-2/h3-12H2,1-2H3","InChI=1S/C8H18/c1-7(2)6-8(3,4)5/h7H,6H2,1-5H3",,,0.347,0.653,,,0.4421923588755214,0.5578076411244787,,
55.0,-,molar,"InChI=1S/C12H26/c1-3-5-7-9-11-12-10-8-6-4-2/h3-12H2,1-2H3","InChI=1S/C8H18/c1-7(2)6-8(3,4)5/h7H,6H2,1-5H3",,,0.442,0.558,,,0.5416368746184159,0.45836312538158414,,
59.1,-,molar,"InChI=1S/C12H26/c1-3-5-7-9-11-12-10-8-6-4-2/h3-12H2,1-2H3","InChI=1S/C8H18/c1-7(2)6-8(3,4)5/h7H,6H2,1-5H3",,,0.519,0.481,,,0.6168075636415988,0.3831924363584012,,
65.0,-,molar,"InChI=1S/C12H26/c1-3-5-7-9-11-12-10-8-6-4-2/h3-12H2,1-2H3","InChI=1S/C8H18/c1-7(2)6-8(3,4)5/h7H,6H2,1-5H3",,,0.662,0.338,,,0.7450156063719731,0.25498439362802694,,
33.1,-,molar,"InChI=1S/C12H26O/c1-3-5-7-9-11-13-12-10-8-6-4-2/h3-12H2,1-2H3","InChI=1S/C6H14O/c1-2-3-4-5-6-7/h7H,2-6H2,1H3",,,0.12,0.88,,,0.19552107079532902,0.8044789292046709,,
47.0,-,molar,"InChI=1S/C12H26O/c1-3-5-7-9-11-13-12-10-8-6-4-2/h3-12H2,1-2H3","InChI=1S/C6H14O/c1-2-3-4-5-6-7/h7H,2-6H2,1H3",,,0.28,0.72,,,0.4093729751334255,0.5906270248665744,,
64.3,-,molar,"InChI=1S/C12H26O/c1-3-5-7-9-11-13-12-10-8-6-4-2/h3-12H2,1-2H3","InChI=1S/C6H14O/c1-2-3-4-5-6-7/h7H,2-6H2,1H3",,,0.48,0.52,,,0.6219564878861082,0.3780435121138918,,
82.9,-,molar,"InChI=1S/C12H26O/c1-3-5-7-9-11-13-12-10-8-6-4-2/h3-12H2,1-2H3","InChI=1S/C6H14O/c1-2-3-4-5-6-7/h7H,2-6H2,1H3",,,0.67,0.33,,,0.7834844084223529,0.21651559157764724,,
7.5,-,molar,"InChI=1S/C12H26O/c1-3-5-7-9-11-13-12-10-8-6-4-2/h3-12H2,1-2H3","InChI=1S/CH4O/c1-2/h2H,1H3",,,0.09,0.91,,,0.33497365227766396,0.6650263477223359,,
24.2,-,molar,"InChI=1S/C12H26O/c1-3-5-7-9-11-13-12-10-8-6-4-2/h3-12H2,1-2H3","InChI=1S/CH4O/c1-2/h2H,1H3",,,0.19,0.81,,,0.5443456645267901,0.45565433547320977,,
33.5,-,molar,"InChI=1S/C12H26O/c1-3-5-7-9-11-13-12-10-8-6-4-2/h3-12H2,1-2H3","InChI=1S/CH4O/c1-2/h2H,1H3",,,0.27,0.73,,,0.6532232090039223,0.34677679099607767,,
47.5,-,molar,"InChI=1S/C12H26O/c1-3-5-7-9-11-13-12-10-8-6-4-2/h3-12H2,1-2H3","InChI=1S/CH4O/c1-2/h2H,1H3",,,0.36,0.64,,,0.7412539120653275,0.2587460879346726,,
61.1,-,molar,"InChI=1S/C12H26O/c1-3-5-7-9-11-13-12-10-8-6-4-2/h3-12H2,1-2H3","InChI=1S/CH4O/c1-2/h2H,1H3",,,0.49,0.51,,,0.8303140761784474,0.16968592382155248,,
72.6,-,molar,"InChI=1S/C12H26O/c1-3-5-7-9-11-13-12-10-8-6-4-2/h3-12H2,1-2H3","InChI=1S/CH4O/c1-2/h2H,1H3",,,0.69,0.31,,,0.9189361441230542,0.08106385587694563,,
70.2,-,molar,"InChI=1S/C16H34/c1-13(10-14(2,3)4)11-16(8,9)12-15(5,6)7/h13H,10-12H2,1-9H3","InChI=1S/C16H34/c1-3-5-7-9-11-13-15-16-14-12-10-8-6-4-2/h3-16H2,1-2H3",InChI=1S/C6H12/c1-2-4-6-5-3-1/h1-6H2,"InChI=1S/C8H16/c1-3-5-7-8-6-4-2/h3H,1,4-8H2,2H3",0.58,0.14,0.07,0.21,0.6561834969823401,0.17342082993753344,0.033893059586279875,0.1365026134938465
78.5,-,molar,"InChI=1S/C16H34/c1-13(10-14(2,3)4)11-16(8,9)12-15(5,6)7/h13H,10-12H2,1-9H3","InChI=1S/C16H34/c1-3-5-7-9-11-13-15-16-14-12-10-8-6-4-2/h3-16H2,1-2H3",InChI=1S/C6H12/c1-2-4-6-5-3-1/h1-6H2,"InChI=1S/C8H16/c1-3-5-7-8-6-4-2/h3H,1,4-8H2,2H3",0.66,0.2,0.07,0.07,0.6953539070939664,0.2307107727609926,0.03156279311914906,0.04237252702589205
69.3,-,molar,"InChI=1S/C16H34/c1-13(10-14(2,3)4)11-16(8,9)12-15(5,6)7/h13H,10-12H2,1-9H3","InChI=1S/C16H34/c1-3-5-7-9-11-13-15-16-14-12-10-8-6-4-2/h3-16H2,1-2H3","InChI=1S/C8H14/c1-7(2)5-6-8(3)4/h5-6H,1-4H3","InChI=1S/C8H16/c1-3-5-7-8-6-4-2/h3H,1,4-8H2,2H3",0.17,0.51,0.15,0.17,0.18782053075771452,0.6169361695666729,0.08733187527768677,0.10791142439792592
50.6,-,molar,"InChI=1S/C16H34/c1-13(10-14(2,3)4)11-16(8,9)12-15(5,6)7/h13H,10-12H2,1-9H3","InChI=1S/C16H34/c1-3-5-7-9-11-13-15-16-14-12-10-8-6-4-2/h3-16H2,1-2H3","InChI=1S/C8H14/c1-7(2)5-6-8(3)4/h5-6H,1-4H3","InChI=1S/C8H16/c1-3-5-7-8-6-4-2/h3H,1,4-8H2,2H3",0.54,0.14,0.12,0.2,0.6196695403479162,0.1759018226062577,0.07256630670158568,0.1318623303442404
43.8,-,molar,"InChI=1S/C16H34/c1-13(10-14(2,3)4)11-16(8,9)12-15(5,6)7/h13H,10-12H2,1-9H3","InChI=1S/C16H34/c1-3-5-7-9-11-13-15-16-14-12-10-8-6-4-2/h3-16H2,1-2H3","InChI=1S/C8H14/c1-7(2)5-6-8(3)4/h5-6H,1-4H3","InChI=1S/C8H16/c1-3-5-7-8-6-4-2/h3H,1,4-8H2,2H3",0.64,0.19,0.11,0.06,0.6805098512857037,0.2211994068360882,0.061636009362675055,0.03665473251553304
65.0,-,molar,"InChI=1S/C16H34/c1-13(10-14(2,3)4)11-16(8,9)12-15(5,6)7/h13H,10-12H2,1-9H3","InChI=1S/C16H34/c1-3-5-7-9-11-13-15-16-14-12-10-8-6-4-2/h3-16H2,1-2H3",,,0.473,0.527,,,0.45047008206085193,0.549529917939148,,
59.1,-,molar,"InChI=1S/C16H34/c1-13(10-14(2,3)4)11-16(8,9)12-15(5,6)7/h13H,10-12H2,1-9H3","InChI=1S/C16H34/c1-3-5-7-9-11-13-15-16-14-12-10-8-6-4-2/h3-16H2,1-2H3",,,0.541,0.459,,,0.5184173324748078,0.48158266752519213,,
55.0,-,molar,"InChI=1S/C16H34/c1-13(10-14(2,3)4)11-16(8,9)12-15(5,6)7/h13H,10-12H2,1-9H3","InChI=1S/C16H34/c1-3-5-7-9-11-13-15-16-14-12-10-8-6-4-2/h3-16H2,1-2H3",,,0.59,0.41,,,0.5679026206406467,0.43209737935935333,,
50.0,-,molar,"InChI=1S/C16H34/c1-13(10-14(2,3)4)11-16(8,9)12-15(5,6)7/h13H,10-12H2,1-9H3","InChI=1S/C16H34/c1-3-5-7-9-11-13-15-16-14-12-10-8-6-4-2/h3-16H2,1-2H3",,,0.651,0.349,,,0.6301292475482986,0.36987075245170137,,
45.0,-,molar,"InChI=1S/C16H34/c1-13(10-14(2,3)4)11-16(8,9)12-15(5,6)7/h13H,10-12H2,1-9H3","InChI=1S/C16H34/c1-3-5-7-9-11-13-15-16-14-12-10-8-6-4-2/h3-16H2,1-2H3",,,0.714,0.286,,,0.695132402280764,0.304867597719236,,
68.0,-,molar,"InChI=1S/C16H34/c1-13(10-14(2,3)4)11-16(8,9)12-15(5,6)7/h13H,10-12H2,1-9H3","InChI=1S/C8H18O/c1-3-5-7-9-8-6-4-2/h3-8H2,1-2H3",,,0.38,0.62,,,0.48885477767892777,0.5111452223210722,,
61.0,-,molar,"InChI=1S/C16H34/c1-13(10-14(2,3)4)11-16(8,9)12-15(5,6)7/h13H,10-12H2,1-9H3","InChI=1S/C8H18O/c1-3-5-7-9-8-6-4-2/h3-8H2,1-2H3",,,0.48,0.52,,,0.5902302365019881,0.4097697634980118,,
41.5,-,molar,"InChI=1S/C16H34/c1-13(10-14(2,3)4)11-16(8,9)12-15(5,6)7/h13H,10-12H2,1-9H3","InChI=1S/C8H18O/c1-3-5-7-9-8-6-4-2/h3-8H2,1-2H3",,,0.71,0.29,,,0.7925465059855867,0.20745349401441332,,
68.3,-,molar,"InChI=1S/C16H34/c1-3-5-7-9-11-13-15-16-14-12-10-8-6-4-2/h3-16H2,1-2H3",InChI=1S/C5H10/c1-2-4-5-3-1/h1-5H2,,,0.419,0.581,,,0.6842841459715597,0.3157158540284402,,
68.3,-,molar,"InChI=1S/C16H34/c1-3-5-7-9-11-13-15-16-14-12-10-8-6-4-2/h3-16H2,1-2H3",InChI=1S/C5H10/c1-2-4-5-3-1/h1-5H2,,,0.427,0.573,,,0.691322368269615,0.30867763173038487,,
77.5,-,molar,"InChI=1S/C16H34/c1-3-5-7-9-11-13-15-16-14-12-10-8-6-4-2/h3-16H2,1-2H3",InChI=1S/C5H10/c1-2-4-5-3-1/h1-5H2,,,0.553,0.447,,,0.7880497892964522,0.21195021070354772,,
77.5,-,molar,"InChI=1S/C16H34/c1-3-5-7-9-11-13-15-16-14-12-10-8-6-4-2/h3-16H2,1-2H3",InChI=1S/C5H10/c1-2-4-5-3-1/h1-5H2,,,0.561,0.439,,,0.793414590554779,0.20658540944522089,,
87.9,-,molar,"InChI=1S/C16H34/c1-3-5-7-9-11-13-15-16-14-12-10-8-6-4-2/h3-16H2,1-2H3",InChI=1S/C5H10/c1-2-4-5-3-1/h1-5H2,,,0.736,0.264,,,0.8933752923669767,0.10662470763302342,,
87.9,-,molar,"InChI=1S/C16H34/c1-3-5-7-9-11-13-15-16-14-12-10-8-6-4-2/h3-16H2,1-2H3",InChI=1S/C5H10/c1-2-4-5-3-1/h1-5H2,,,0.742,0.258,,,0.8963025158939286,0.10369748410607127,,
80.3,-,molar,"InChI=1S/C16H34/c1-3-5-7-9-11-13-15-16-14-12-10-8-6-4-2/h3-16H2,1-2H3","InChI=1S/C6H12/c1-3-5-6-4-2/h3H,1,4-6H2,2H3",,,0.464,0.536,,,0.6772775775015561,0.32272242249844396,,
80.3,-,molar,"InChI=1S/C16H34/c1-3-5-7-9-11-13-15-16-14-12-10-8-6-4-2/h3-16H2,1-2H3","InChI=1S/C6H12/c1-3-5-6-4-2/h3H,1,4-6H2,2H3",,,0.5,0.5,,,0.7079685620473773,0.29203143795262265,,
86.9,-,molar,"InChI=1S/C16H34/c1-3-5-7-9-11-13-15-16-14-12-10-8-6-4-2/h3-16H2,1-2H3","InChI=1S/C6H12/c1-3-5-6-4-2/h3H,1,4-6H2,2H3",,,0.598,0.402,,,0.7829050983772639,0.21709490162273606,,
86.9,-,molar,"InChI=1S/C16H34/c1-3-5-7-9-11-13-15-16-14-12-10-8-6-4-2/h3-16H2,1-2H3","InChI=1S/C6H12/c1-3-5-6-4-2/h3H,1,4-6H2,2H3",,,0.631,0.369,,,0.8056591907968107,0.19434080920318936,,
92.7,-,molar,"InChI=1S/C16H34/c1-3-5-7-9-11-13-15-16-14-12-10-8-6-4-2/h3-16H2,1-2H3","InChI=1S/C6H12/c1-3-5-6-4-2/h3H,1,4-6H2,2H3",,,0.77,0.23,,,0.890303937510296,0.10969606248970397,,
92.7,-,molar,"InChI=1S/C16H34/c1-3-5-7-9-11-13-15-16-14-12-10-8-6-4-2/h3-16H2,1-2H3","InChI=1S/C6H12/c1-3-5-6-4-2/h3H,1,4-6H2,2H3",,,0.794,0.206,,,0.9033265682423325,0.0966734317576675,,
95.4,-,molar,"InChI=1S/C16H34/c1-3-5-7-9-11-13-15-16-14-12-10-8-6-4-2/h3-16H2,1-2H3","InChI=1S/C7H16/c1-3-5-7-6-4-2/h3-7H2,1-2H3",,,0.639,0.361,,,0.7826568626766484,0.21734313732335162,,
95.4,-,molar,"InChI=1S/C16H34/c1-3-5-7-9-11-13-15-16-14-12-10-8-6-4-2/h3-16H2,1-2H3","InChI=1S/C7H16/c1-3-5-7-6-4-2/h3-7H2,1-2H3",,,0.667,0.333,,,0.8029504906767151,0.19704950932328497,,
98.2,-,molar,"InChI=1S/C16H34/c1-3-5-7-9-11-13-15-16-14-12-10-8-6-4-2/h3-16H2,1-2H3","InChI=1S/C7H16/c1-3-5-7-6-4-2/h3-7H2,1-2H3",,,0.715,0.285,,,0.8361674263169324,0.16383257368306764,,
98.2,-,molar,"InChI=1S/C16H34/c1-3-5-7-9-11-13-15-16-14-12-10-8-6-4-2/h3-16H2,1-2H3","InChI=1S/C7H16/c1-3-5-7-6-4-2/h3-7H2,1-2H3",,,0.74,0.26,,,0.8527279544619053,0.1472720455380947,,
100.1,-,molar,"InChI=1S/C16H34/c1-3-5-7-9-11-13-15-16-14-12-10-8-6-4-2/h3-16H2,1-2H3","InChI=1S/C7H16/c1-3-5-7-6-4-2/h3-7H2,1-2H3",,,0.799,0.201,,,0.8899515720527247,0.11004842794727529,,
100.1,-,molar,"InChI=1S/C16H34/c1-3-5-7-9-11-13-15-16-14-12-10-8-6-4-2/h3-16H2,1-2H3","InChI=1S/C7H16/c1-3-5-7-6-4-2/h3-7H2,1-2H3",,,0.819,0.181,,,0.9020115349256466,0.09798846507435344,,
101.5,-,molar,"InChI=1S/C16H34/c1-3-5-7-9-11-13-15-16-14-12-10-8-6-4-2/h3-16H2,1-2H3","InChI=1S/C7H16/c1-3-5-7-6-4-2/h3-7H2,1-2H3",,,0.894,0.106,,,0.944927472015154,0.05507252798484604,,
101.5,-,molar,"InChI=1S/C16H34/c1-3-5-7-9-11-13-15-16-14-12-10-8-6-4-2/h3-16H2,1-2H3","InChI=1S/C7H16/c1-3-5-7-6-4-2/h3-7H2,1-2H3",,,0.905,0.095,,,0.9509326100382791,0.0490673899617209,,
25.7,-,molar,"InChI=1S/C16H34/c1-3-5-7-9-11-13-15-16-14-12-10-8-6-4-2/h3-16H2,1-2H3","InChI=1S/C7H8/c1-7-5-3-2-4-6-7/h2-6H,1H3",,,0.08,0.92,,,0.19915797246443132,0.8008420275355687,,
46.7,-,molar,"InChI=1S/C16H34/c1-3-5-7-9-11-13-15-16-14-12-10-8-6-4-2/h3-16H2,1-2H3","InChI=1S/C7H8/c1-7-5-3-2-4-6-7/h2-6H,1H3",,,0.19,0.81,,,0.40149771337669365,0.5985022866233064,,
38.9,-,molar,"InChI=1S/C16H34/c1-3-5-7-9-11-13-15-16-14-12-10-8-6-4-2/h3-16H2,1-2H3","InChI=1S/C7H8/c1-7-5-3-2-4-6-7/h2-6H,1H3",,,0.228,0.772,,,0.45788570550812085,0.5421142944918792,,
38.9,-,molar,"InChI=1S/C16H34/c1-3-5-7-9-11-13-15-16-14-12-10-8-6-4-2/h3-16H2,1-2H3","InChI=1S/C7H8/c1-7-5-3-2-4-6-7/h2-6H,1H3",,,0.23,0.77,,,0.46069885525910087,0.5393011447408992,,
38.9,-,molar,"InChI=1S/C16H34/c1-3-5-7-9-11-13-15-16-14-12-10-8-6-4-2/h3-16H2,1-2H3","InChI=1S/C7H8/c1-7-5-3-2-4-6-7/h2-6H,1H3",,,0.25,0.75,,,0.4880446240304531,0.511955375969547,,
45.6,-,molar,"InChI=1S/C16H34/c1-3-5-7-9-11-13-15-16-14-12-10-8-6-4-2/h3-16H2,1-2H3","InChI=1S/C7H8/c1-7-5-3-2-4-6-7/h2-6H,1H3",,,0.266,0.734,,,0.5089412837826638,0.49105871621733616,,
45.6,-,molar,"InChI=1S/C16H34/c1-3-5-7-9-11-13-15-16-14-12-10-8-6-4-2/h3-16H2,1-2H3","InChI=1S/C7H8/c1-7-5-3-2-4-6-7/h2-6H,1H3",,,0.27,0.73,,,0.5140360844633778,0.48596391553662227,,
45.6,-,molar,"InChI=1S/C16H34/c1-3-5-7-9-11-13-15-16-14-12-10-8-6-4-2/h3-16H2,1-2H3","InChI=1S/C7H8/c1-7-5-3-2-4-6-7/h2-6H,1H3",,,0.289,0.711,,,0.5375630734396096,0.4624369265603903,,
52.2,-,molar,"InChI=1S/C16H34/c1-3-5-7-9-11-13-15-16-14-12-10-8-6-4-2/h3-16H2,1-2H3","InChI=1S/C7H8/c1-7-5-3-2-4-6-7/h2-6H,1H3",,,0.3,0.7,,,0.5506961469045659,0.449303853095434,,
52.2,-,molar,"InChI=1S/C16H34/c1-3-5-7-9-11-13-15-16-14-12-10-8-6-4-2/h3-16H2,1-2H3","InChI=1S/C7H8/c1-7-5-3-2-4-6-7/h2-6H,1H3",,,0.306,0.694,,,0.5577152962472594,0.44228470375274065,,
52.2,-,molar,"InChI=1S/C16H34/c1-3-5-7-9-11-13-15-16-14-12-10-8-6-4-2/h3-16H2,1-2H3","InChI=1S/C7H8/c1-7-5-3-2-4-6-7/h2-6H,1H3",,,0.332,0.668,,,0.5870124212865159,0.41298757871348407,,
60.150000000000006,-,molar,"InChI=1S/C16H34/c1-3-5-7-9-11-13-15-16-14-12-10-8-6-4-2/h3-16H2,1-2H3","InChI=1S/C7H8/c1-7-5-3-2-4-6-7/h2-6H,1H3",,,0.35,0.65,,,0.6062896748656056,0.39371032513439436,,
59.1,-,molar,"InChI=1S/C16H34/c1-3-5-7-9-11-13-15-16-14-12-10-8-6-4-2/h3-16H2,1-2H3","InChI=1S/C7H8/c1-7-5-3-2-4-6-7/h2-6H,1H3",,,0.352,0.648,,,0.6083834409700699,0.39161655902993014,,
59.1,-,molar,"InChI=1S/C16H34/c1-3-5-7-9-11-13-15-16-14-12-10-8-6-4-2/h3-16H2,1-2H3","InChI=1S/C7H8/c1-7-5-3-2-4-6-7/h2-6H,1H3",,,0.379,0.621,,,0.6357550556673349,0.3642449443326651,,
67.8,-,molar,"InChI=1S/C16H34/c1-3-5-7-9-11-13-15-16-14-12-10-8-6-4-2/h3-16H2,1-2H3","InChI=1S/C7H8/c1-7-5-3-2-4-6-7/h2-6H,1H3",,,0.4,0.6,,,0.655954285441463,0.3440457145585371,,
67.8,-,molar,"InChI=1S/C16H34/c1-3-5-7-9-11-13-15-16-14-12-10-8-6-4-2/h3-16H2,1-2H3","InChI=1S/C7H8/c1-7-5-3-2-4-6-7/h2-6H,1H3",,,0.402,0.598,,,0.6578309348114955,0.3421690651885045,,
67.8,-,molar,"InChI=1S/C16H34/c1-3-5-7-9-11-13-15-16-14-12-10-8-6-4-2/h3-16H2,1-2H3","InChI=1S/C7H8/c1-7-5-3-2-4-6-7/h2-6H,1H3",,,0.43,0.57,,,0.6832894974653961,0.31671050253460387,,
74.9,-,molar,"InChI=1S/C16H34/c1-3-5-7-9-11-13-15-16-14-12-10-8-6-4-2/h3-16H2,1-2H3","InChI=1S/C7H8/c1-7-5-3-2-4-6-7/h2-6H,1H3",,,0.458,0.542,,,0.7073161768929982,0.29268382310700175,,
74.9,-,molar,"InChI=1S/C16H34/c1-3-5-7-9-11-13-15-16-14-12-10-8-6-4-2/h3-16H2,1-2H3","InChI=1S/C7H8/c1-7-5-3-2-4-6-7/h2-6H,1H3",,,0.46,0.54,,,0.708980762164775,0.2910192378352249,,
74.9,-,molar,"InChI=1S/C16H34/c1-3-5-7-9-11-13-15-16-14-12-10-8-6-4-2/h3-16H2,1-2H3","InChI=1S/C7H8/c1-7-5-3-2-4-6-7/h2-6H,1H3",,,0.487,0.513,,,0.730816666611866,0.26918333338813405,,
69.7,-,molar,"InChI=1S/C16H34/c1-3-5-7-9-11-13-15-16-14-12-10-8-6-4-2/h3-16H2,1-2H3","InChI=1S/C7H8/c1-7-5-3-2-4-6-7/h2-6H,1H3",,,0.59,0.41,,,0.8045135977800381,0.1954864022199619,,
83.6,-,molar,"InChI=1S/C16H34/c1-3-5-7-9-11-13-15-16-14-12-10-8-6-4-2/h3-16H2,1-2H3","InChI=1S/C7H8/c1-7-5-3-2-4-6-7/h2-6H,1H3",,,0.591,0.409,,,0.8051631725057743,0.19483682749422562,,
83.6,-,molar,"InChI=1S/C16H34/c1-3-5-7-9-11-13-15-16-14-12-10-8-6-4-2/h3-16H2,1-2H3","InChI=1S/C7H8/c1-7-5-3-2-4-6-7/h2-6H,1H3",,,0.619,0.381,,,0.8228952524426051,0.17710474755739494,,
92.7,-,molar,"InChI=1S/C16H34/c1-3-5-7-9-11-13-15-16-14-12-10-8-6-4-2/h3-16H2,1-2H3","InChI=1S/C7H8/c1-7-5-3-2-4-6-7/h2-6H,1H3",,,0.765,0.235,,,0.9030052914942581,0.09699470850574199,,
92.7,-,molar,"InChI=1S/C16H34/c1-3-5-7-9-11-13-15-16-14-12-10-8-6-4-2/h3-16H2,1-2H3","InChI=1S/C7H8/c1-7-5-3-2-4-6-7/h2-6H,1H3",,,0.786,0.214,,,0.9130742141960673,0.08692578580393268,,
98.7,-,molar,"InChI=1S/C16H34/c1-3-5-7-9-11-13-15-16-14-12-10-8-6-4-2/h3-16H2,1-2H3","InChI=1S/C7H8/c1-7-5-3-2-4-6-7/h2-6H,1H3",,,0.873,0.127,,,0.9515947110774451,0.04840528892255486,,
98.7,-,molar,"InChI=1S/C16H34/c1-3-5-7-9-11-13-15-16-14-12-10-8-6-4-2/h3-16H2,1-2H3","InChI=1S/C7H8/c1-7-5-3-2-4-6-7/h2-6H,1H3",,,0.885,0.115,,,0.9565381522223827,0.04346184777761732,,
55.8,-,molar,"InChI=1S/C16H34/c1-3-5-7-9-11-13-15-16-14-12-10-8-6-4-2/h3-16H2,1-2H3","InChI=1S/C8H18/c1-7(2)6-8(3,4)5/h7H,6H2,1-5H3","InChI=1S/C9H12/c1-7-4-8(2)6-9(3)5-7/h4-6H,1-3H3",,0.49,0.39,0.12,,0.6533657151246394,0.2715989837601254,0.07503530111523517,
45.0,-,molar,"InChI=1S/C16H34/c1-3-5-7-9-11-13-15-16-14-12-10-8-6-4-2/h3-16H2,1-2H3","InChI=1S/C8H18/c1-7(2)6-8(3,4)5/h7H,6H2,1-5H3",,,0.286,0.714,,,0.43405161368815104,0.565948386311849,,
50.0,-,molar,"InChI=1S/C16H34/c1-3-5-7-9-11-13-15-16-14-12-10-8-6-4-2/h3-16H2,1-2H3","InChI=1S/C8H18/c1-7(2)6-8(3,4)5/h7H,6H2,1-5H3",,,0.349,0.651,,,0.5065281290980443,0.49347187090195566,,
55.0,-,molar,"InChI=1S/C16H34/c1-3-5-7-9-11-13-15-16-14-12-10-8-6-4-2/h3-16H2,1-2H3","InChI=1S/C8H18/c1-7(2)6-8(3,4)5/h7H,6H2,1-5H3",,,0.41,0.59,,,0.5709152549374994,0.4290847450625005,,
59.1,-,molar,"InChI=1S/C16H34/c1-3-5-7-9-11-13-15-16-14-12-10-8-6-4-2/h3-16H2,1-2H3","InChI=1S/C8H18/c1-7(2)6-8(3,4)5/h7H,6H2,1-5H3",,,0.459,0.541,,,0.618970933353412,0.3810290666465879,,
65.0,-,molar,"InChI=1S/C16H34/c1-3-5-7-9-11-13-15-16-14-12-10-8-6-4-2/h3-16H2,1-2H3","InChI=1S/C8H18/c1-7(2)6-8(3,4)5/h7H,6H2,1-5H3",,,0.527,0.473,,,0.6808448011261845,0.3191551988738154,,
26.34,-,molar,"InChI=1S/C2H6O/c1-2-3/h3H,2H2,1H3","InChI=1S/C7H16/c1-3-5-7-6-4-2/h3-7H2,1-2H3","InChI=1S/C8H18/c1-7(2)6-8(3,4)5/h7H,6H2,1-5H3","InChI=1S/CH4O/c1-2/h2H,1H3",0.012,0.169,0.785,0.034,0.005310848198636521,0.1657650700267677,0.8181087834301298,0.010815298344465943
31.86,-,molar,"InChI=1S/C2H6O/c1-2-3/h3H,2H2,1H3","InChI=1S/C7H16/c1-3-5-7-6-4-2/h3-7H2,1-2H3","InChI=1S/C8H18/c1-7(2)6-8(3,4)5/h7H,6H2,1-5H3","InChI=1S/CH4O/c1-2/h2H,1H3",0.012,0.313,0.642,0.033,0.005354248498063801,0.3095175576950574,0.674545209248468,0.010582984558410837
32.65,-,molar,"InChI=1S/C2H6O/c1-2-3/h3H,2H2,1H3","InChI=1S/C7H16/c1-3-5-7-6-4-2/h3-7H2,1-2H3","InChI=1S/C8H18/c1-7(2)6-8(3,4)5/h7H,6H2,1-5H3","InChI=1S/CH4O/c1-2/h2H,1H3",0.032,0.312,0.639,0.017,0.014282971481304644,0.3086361974167075,0.6716270907563495,0.005453740345638222
23.76,-,molar,"InChI=1S/C2H6O/c1-2-3/h3H,2H2,1H3","InChI=1S/C7H16/c1-3-5-7-6-4-2/h3-7H2,1-2H3","InChI=1S/C8H18/c1-7(2)6-8(3,4)5/h7H,6H2,1-5H3","InChI=1S/CH4O/c1-2/h2H,1H3",0.033,0.156,0.731,0.08,0.015294656091256192,0.160241148630786,0.7978144717253797,0.026649723552578025
25.51,-,molar,"InChI=1S/C2H6O/c1-2-3/h3H,2H2,1H3","InChI=1S/C7H16/c1-3-5-7-6-4-2/h3-7H2,1-2H3","InChI=1S/C8H18/c1-7(2)6-8(3,4)5/h7H,6H2,1-5H3","InChI=1S/CH4O/c1-2/h2H,1H3",0.033,0.169,0.781,0.017,0.014608957706875519,0.16581189066217883,0.8141699750586984,0.005409176572247242
30.35,-,molar,"InChI=1S/C2H6O/c1-2-3/h3H,2H2,1H3","InChI=1S/C7H16/c1-3-5-7-6-4-2/h3-7H2,1-2H3","InChI=1S/C8H18/c1-7(2)6-8(3,4)5/h7H,6H2,1-5H3","InChI=1S/CH4O/c1-2/h2H,1H3",0.033,0.287,0.601,0.079,0.015412621751400976,0.29707639968169147,0.6609914000870765,0.026519578479831135
30.14,-,molar,"InChI=1S/C2H6O/c1-2-3/h3H,2H2,1H3","InChI=1S/C7H16/c1-3-5-7-6-4-2/h3-7H2,1-2H3","InChI=1S/C8H18/c1-7(2)6-8(3,4)5/h7H,6H2,1-5H3","InChI=1S/CH4O/c1-2/h2H,1H3",0.055,0.293,0.598,0.054,0.02556514341612097,0.30184003258040676,0.654554005025561,0.018040818977911325
23.48,-,molar,"InChI=1S/C2H6O/c1-2-3/h3H,2H2,1H3","InChI=1S/C7H16/c1-3-5-7-6-4-2/h3-7H2,1-2H3","InChI=1S/C8H18/c1-7(2)6-8(3,4)5/h7H,6H2,1-5H3","InChI=1S/CH4O/c1-2/h2H,1H3",0.056,0.158,0.731,0.055,0.025841221932546506,0.16158676289152585,0.7943303427130294,0.01824167246289837
26.39,-,molar,"InChI=1S/C2H6O/c1-2-3/h3H,2H2,1H3","InChI=1S/C7H16/c1-3-5-7-6-4-2/h3-7H2,1-2H3","InChI=1S/C8H18/c1-7(2)6-8(3,4)5/h7H,6H2,1-5H3","InChI=1S/CH4O/c1-2/h2H,1H3",0.061,0.252,0.541,0.146,0.030524430410799143,0.27947434649769504,0.6374905561194413,0.052510666972064496
20.24,-,molar,"InChI=1S/C2H6O/c1-2-3/h3H,2H2,1H3","InChI=1S/C7H16/c1-3-5-7-6-4-2/h3-7H2,1-2H3","InChI=1S/C8H18/c1-7(2)6-8(3,4)5/h7H,6H2,1-5H3","InChI=1S/CH4O/c1-2/h2H,1H3",0.062,0.136,0.654,0.148,0.030848162772556618,0.14996855175332774,0.7662564077414588,0.05292687773265685
24.48,-,molar,"InChI=1S/C2H6O/c1-2-3/h3H,2H2,1H3","InChI=1S/C7H16/c1-3-5-7-6-4-2/h3-7H2,1-2H3","InChI=1S/C8H18/c1-7(2)6-8(3,4)5/h7H,6H2,1-5H3","InChI=1S/CH4O/c1-2/h2H,1H3",0.076,0.224,0.493,0.207,0.040379233020350354,0.26376439240398497,0.6168082148569971,0.0790481597186675
18.47,-,molar,"InChI=1S/C2H6O/c1-2-3/h3H,2H2,1H3","InChI=1S/C7H16/c1-3-5-7-6-4-2/h3-7H2,1-2H3","InChI=1S/C8H18/c1-7(2)6-8(3,4)5/h7H,6H2,1-5H3","InChI=1S/CH4O/c1-2/h2H,1H3",0.077,0.121,0.593,0.209,0.040701991300803035,0.14175356082303014,0.7381393906336724,0.07940505724249439
26.55,-,molar,"InChI=1S/C2H6O/c1-2-3/h3H,2H2,1H3","InChI=1S/C7H16/c1-3-5-7-6-4-2/h3-7H2,1-2H3","InChI=1S/C8H18/c1-7(2)6-8(3,4)5/h7H,6H2,1-5H3","InChI=1S/CH4O/c1-2/h2H,1H3",0.103,0.261,0.533,0.103,0.05122846419002596,0.2876989610443858,0.6242521935014762,0.036820381264111975
20.44,-,molar,"InChI=1S/C2H6O/c1-2-3/h3H,2H2,1H3","InChI=1S/C7H16/c1-3-5-7-6-4-2/h3-7H2,1-2H3","InChI=1S/C8H18/c1-7(2)6-8(3,4)5/h7H,6H2,1-5H3","InChI=1S/CH4O/c1-2/h2H,1H3",0.105,0.14,0.65,0.105,0.05194461391323892,0.15349807523645284,0.7572221980542675,0.03733511279604073
21.75,-,molar,"InChI=1S/C2H6O/c1-2-3/h3H,2H2,1H3","InChI=1S/C7H16/c1-3-5-7-6-4-2/h3-7H2,1-2H3","InChI=1S/C8H18/c1-7(2)6-8(3,4)5/h7H,6H2,1-5H3","InChI=1S/CH4O/c1-2/h2H,1H3",0.106,0.195,0.443,0.256,0.060044375314402106,0.24480751857969718,0.5909203528809118,0.10422775322498894
15.86,-,molar,"InChI=1S/C2H6O/c1-2-3/h3H,2H2,1H3","InChI=1S/C7H16/c1-3-5-7-6-4-2/h3-7H2,1-2H3","InChI=1S/C8H18/c1-7(2)6-8(3,4)5/h7H,6H2,1-5H3","InChI=1S/CH4O/c1-2/h2H,1H3",0.107,0.105,0.529,0.259,0.06039848842588236,0.13135761846349556,0.7031641502653362,0.10507974284528582
23.61,-,molar,"InChI=1S/C2H6O/c1-2-3/h3H,2H2,1H3","InChI=1S/C7H16/c1-3-5-7-6-4-2/h3-7H2,1-2H3","InChI=1S/C8H18/c1-7(2)6-8(3,4)5/h7H,6H2,1-5H3","InChI=1S/CH4O/c1-2/h2H,1H3",0.185,0.233,0.478,0.104,0.0972788933299159,0.271535420182355,0.5918798378591881,0.039305848628541
18.43,-,molar,"InChI=1S/C2H6O/c1-2-3/h3H,2H2,1H3","InChI=1S/C7H16/c1-3-5-7-6-4-2/h3-7H2,1-2H3","InChI=1S/C8H18/c1-7(2)6-8(3,4)5/h7H,6H2,1-5H3","InChI=1S/CH4O/c1-2/h2H,1H3",0.188,0.126,0.581,0.105,0.09838435318048645,0.14613774627728263,0.7159835997351879,0.03949430080704301
20.93,-,molar,"InChI=1S/C2H6O/c1-2-3/h3H,2H2,1H3","InChI=1S/C7H16/c1-3-5-7-6-4-2/h3-7H2,1-2H3","InChI=1S/C8H18/c1-7(2)6-8(3,4)5/h7H,6H2,1-5H3","InChI=1S/CH4O/c1-2/h2H,1H3",0.22,0.209,0.427,0.144,0.12275334617496049,0.25845242990333006,0.5610444755963164,0.057749748325393
16.42,-,molar,"InChI=1S/C2H6O/c1-2-3/h3H,2H2,1H3","InChI=1S/C7H16/c1-3-5-7-6-4-2/h3-7H2,1-2H3","InChI=1S/C8H18/c1-7(2)6-8(3,4)5/h7H,6H2,1-5H3","InChI=1S/CH4O/c1-2/h2H,1H3",0.222,0.112,0.518,0.148,0.1235806817360219,0.13817812960384457,0.6790255697609678,0.05921561889916574
31.62,-,molar,"InChI=1S/C2H6O/c1-2-3/h3H,2H2,1H3","InChI=1S/C7H16/c1-3-5-7-6-4-2/h3-7H2,1-2H3","InChI=1S/C8H18/c1-7(2)6-8(3,4)5/h7H,6H2,1-5H3",,0.046,0.313,0.641,,0.020452285792436187,0.30842674706598244,0.6711209671415814,
25.42,-,molar,"InChI=1S/C2H6O/c1-2-3/h3H,2H2,1H3","InChI=1S/C7H16/c1-3-5-7-6-4-2/h3-7H2,1-2H3","InChI=1S/C8H18/c1-7(2)6-8(3,4)5/h7H,6H2,1-5H3",,0.047,0.17,0.783,,0.020726802959208743,0.1661525676392556,0.8131206294015356,
29.14,-,molar,"InChI=1S/C2H6O/c1-2-3/h3H,2H2,1H3","InChI=1S/C7H16/c1-3-5-7-6-4-2/h3-7H2,1-2H3","InChI=1S/C8H18/c1-7(2)6-8(3,4)5/h7H,6H2,1-5H3",,0.111,0.292,0.597,,0.05129429721408038,0.2990560766015818,0.6496496261843379,
23.36,-,molar,"InChI=1S/C2H6O/c1-2-3/h3H,2H2,1H3","InChI=1S/C7H16/c1-3-5-7-6-4-2/h3-7H2,1-2H3","InChI=1S/C8H18/c1-7(2)6-8(3,4)5/h7H,6H2,1-5H3",,0.113,0.158,0.729,,0.05183868212241139,0.16064095242828252,0.7875203654493061,
25.4,-,molar,"InChI=1S/C2H6O/c1-2-3/h3H,2H2,1H3","InChI=1S/C7H16/c1-3-5-7-6-4-2/h3-7H2,1-2H3","InChI=1S/C8H18/c1-7(2)6-8(3,4)5/h7H,6H2,1-5H3",,0.209,0.259,0.532,,0.10266322636135589,0.28196296018341027,0.6153738134552338,
20.55,-,molar,"InChI=1S/C2H6O/c1-2-3/h3H,2H2,1H3","InChI=1S/C7H16/c1-3-5-7-6-4-2/h3-7H2,1-2H3","InChI=1S/C8H18/c1-7(2)6-8(3,4)5/h7H,6H2,1-5H3",,0.212,0.14,0.648,,0.10350523723547331,0.15148798003577799,0.7450067827287487,
22.76,-,molar,"InChI=1S/C2H6O/c1-2-3/h3H,2H2,1H3","InChI=1S/C7H16/c1-3-5-7-6-4-2/h3-7H2,1-2H3","InChI=1S/C8H18/c1-7(2)6-8(3,4)5/h7H,6H2,1-5H3",,0.296,0.231,0.473,,0.15402290499195123,0.2663969534755262,0.5795801415325226,
17.98,-,molar,"InChI=1S/C2H6O/c1-2-3/h3H,2H2,1H3","InChI=1S/C7H16/c1-3-5-7-6-4-2/h3-7H2,1-2H3","InChI=1S/C8H18/c1-7(2)6-8(3,4)5/h7H,6H2,1-5H3",,0.3,0.125,0.575,,0.15535515931876684,0.14346240722205478,0.7011824334591784,
19.82,-,molar,"InChI=1S/C2H6O/c1-2-3/h3H,2H2,1H3","InChI=1S/C7H16/c1-3-5-7-6-4-2/h3-7H2,1-2H3","InChI=1S/C8H18/c1-7(2)6-8(3,4)5/h7H,6H2,1-5H3",,0.373,0.206,0.421,,0.20483990287597967,0.2507244138188113,0.5444356833052091,
15.4,-,molar,"InChI=1S/C2H6O/c1-2-3/h3H,2H2,1H3","InChI=1S/C7H16/c1-3-5-7-6-4-2/h3-7H2,1-2H3","InChI=1S/C8H18/c1-7(2)6-8(3,4)5/h7H,6H2,1-5H3",,0.377,0.111,0.512,,0.20615994201799379,0.13452704008950198,0.6593130178925042,
97.7,-,molar,"InChI=1S/C3H8O/c1-2-3-4/h4H,2-3H2,1H3","InChI=1S/C4H10O/c1-3-5-4-2/h3-4H2,1-2H3",,,0.152,0.848,,,0.13003212375402984,0.8699678762459702,,
67.9,-,molar,"InChI=1S/C3H8O/c1-2-3-4/h4H,2-3H2,1H3","InChI=1S/C4H10O/c1-3-5-4-2/h3-4H2,1-2H3",,,0.287,0.713,,,0.25130321238197245,0.7486967876180275,,
56.6,-,molar,"InChI=1S/C3H8O/c1-2-3-4/h4H,2-3H2,1H3","InChI=1S/C4H10O/c1-3-5-4-2/h3-4H2,1-2H3",,,0.349,0.651,,,0.3089329975754271,0.6910670024245729,,
48.9,-,molar,"InChI=1S/C3H8O/c1-2-3-4/h4H,2-3H2,1H3","InChI=1S/C4H10O/c1-3-5-4-2/h3-4H2,1-2H3",,,0.408,0.592,,,0.3649567839493504,0.6350432160506496,,
35.5,-,molar,"InChI=1S/C3H8O/c1-2-3-4/h4H,2-3H2,1H3","InChI=1S/C4H10O/c1-3-5-4-2/h3-4H2,1-2H3",,,0.518,0.482,,,0.47261654792127744,0.5273834520787227,,
23.8,-,molar,"InChI=1S/C3H8O/c1-2-3-4/h4H,2-3H2,1H3","InChI=1S/C4H10O/c1-3-5-4-2/h3-4H2,1-2H3",,,0.617,0.383,,,0.5732587647947607,0.4267412352052394,,
16.9,-,molar,"InChI=1S/C3H8O/c1-2-3-4/h4H,2-3H2,1H3","InChI=1S/C4H10O/c1-3-5-4-2/h3-4H2,1-2H3",,,0.707,0.293,,,0.6680066988927084,0.3319933011072916,,
11.0,-,molar,"InChI=1S/C3H8O/c1-2-3-4/h4H,2-3H2,1H3","InChI=1S/C4H10O/c1-3-5-4-2/h3-4H2,1-2H3",,,0.749,0.251,,,0.7133297914052547,0.28667020859474535,,
10.5,-,molar,"InChI=1S/C3H8O/c1-2-3-4/h4H,2-3H2,1H3","InChI=1S/C4H10O/c1-3-5-4-2/h3-4H2,1-2H3",,,0.79,0.21,,,0.7582759839202314,0.2417240160797686,,
9.2,-,molar,"InChI=1S/C3H8O/c1-2-3-4/h4H,2-3H2,1H3","InChI=1S/C4H10O/c1-3-5-4-2/h3-4H2,1-2H3",,,0.828,0.172,,,0.8005673424433092,0.19943265755669087,,
8.2,-,molar,"InChI=1S/C3H8O/c1-2-3-4/h4H,2-3H2,1H3","InChI=1S/C4H10O/c1-3-5-4-2/h3-4H2,1-2H3",,,0.866,0.134,,,0.8434823854210293,0.15651761457897076,,
7.8,-,molar,"InChI=1S/C3H8O/c1-2-3-4/h4H,2-3H2,1H3","InChI=1S/C4H10O/c1-3-5-4-2/h3-4H2,1-2H3",,,0.935,0.065,,,0.9230469506134142,0.07695304938658573,,
33.5,-,molar,"InChI=1S/C3H8O/c1-2-3-4/h4H,2-3H2,1H3","InChI=1S/C7H16/c1-3-5-7-6-4-2/h3-7H2,1-2H3","InChI=1S/C8H18/c1-7(2)6-8(3,4)5/h7H,6H2,1-5H3",,0.086,0.394,0.52,,0.049705637697103816,0.3955762147395483,0.5547181475633479,
28.8,-,molar,"InChI=1S/C3H8O/c1-2-3-4/h4H,2-3H2,1H3","InChI=1S/C7H16/c1-3-5-7-6-4-2/h3-7H2,1-2H3","InChI=1S/C8H18/c1-7(2)6-8(3,4)5/h7H,6H2,1-5H3",,0.088,0.299,0.613,,0.05060929036387316,0.2987070781736821,0.6506836314624448,
23.5,-,molar,"InChI=1S/C3H8O/c1-2-3-4/h4H,2-3H2,1H3","InChI=1S/C7H16/c1-3-5-7-6-4-2/h3-7H2,1-2H3","InChI=1S/C8H18/c1-7(2)6-8(3,4)5/h7H,6H2,1-5H3",,0.089,0.162,0.749,,0.05077465462823822,0.16054572132900768,0.7886796240427542,
30.1,-,molar,"InChI=1S/C3H8O/c1-2-3-4/h4H,2-3H2,1H3","InChI=1S/C7H16/c1-3-5-7-6-4-2/h3-7H2,1-2H3","InChI=1S/C8H18/c1-7(2)6-8(3,4)5/h7H,6H2,1-5H3",,0.167,0.36,0.473,,0.10027763546081091,0.3755059857537577,0.5242163787854314,
26.1,-,molar,"InChI=1S/C3H8O/c1-2-3-4/h4H,2-3H2,1H3","InChI=1S/C7H16/c1-3-5-7-6-4-2/h3-7H2,1-2H3","InChI=1S/C8H18/c1-7(2)6-8(3,4)5/h7H,6H2,1-5H3",,0.168,0.273,0.559,,0.10035971692829784,0.283295413136311,0.6163448699353911,
21.4,-,molar,"InChI=1S/C3H8O/c1-2-3-4/h4H,2-3H2,1H3","InChI=1S/C7H16/c1-3-5-7-6-4-2/h3-7H2,1-2H3","InChI=1S/C8H18/c1-7(2)6-8(3,4)5/h7H,6H2,1-5H3",,0.171,0.148,0.681,,0.10148273248070501,0.15257539649019353,0.7459418710291015,
25.0,-,molar,"InChI=1S/C3H8O/c1-2-3-4/h4H,2-3H2,1H3","InChI=1S/C7H16/c1-3-5-7-6-4-2/h3-7H2,1-2H3","InChI=1S/C8H18/c1-7(2)6-8(3,4)5/h7H,6H2,1-5H3",,0.241,0.328,0.431,,0.1500371031140475,0.354717178492215,0.4952457183937375,
24.34,-,molar,"InChI=1S/C3H8O/c1-2-3-4/h4H,2-3H2,1H3","InChI=1S/C7H16/c1-3-5-7-6-4-2/h3-7H2,1-2H3","InChI=1S/C8H18/c1-7(2)6-8(3,4)5/h7H,6H2,1-5H3",,0.243,0.248,0.509,,0.15062616128092435,0.2670376917247511,0.5823361469943246,
18.91,-,molar,"InChI=1S/C3H8O/c1-2-3-4/h4H,2-3H2,1H3","InChI=1S/C7H16/c1-3-5-7-6-4-2/h3-7H2,1-2H3","InChI=1S/C8H18/c1-7(2)6-8(3,4)5/h7H,6H2,1-5H3",,0.247,0.134,0.619,,0.1522564817196994,0.14348628289306128,0.7042572353872394,
20.4,-,molar,"InChI=1S/C3H8O/c1-2-3-4/h4H,2-3H2,1H3","InChI=1S/C7H16/c1-3-5-7-6-4-2/h3-7H2,1-2H3","InChI=1S/C8H18/c1-7(2)6-8(3,4)5/h7H,6H2,1-5H3",,0.31,0.298,0.392,,0.19984866961336029,0.3337202664283376,0.4664310639583022,
21.7,-,molar,"InChI=1S/C3H8O/c1-2-3-4/h4H,2-3H2,1H3","InChI=1S/C7H16/c1-3-5-7-6-4-2/h3-7H2,1-2H3","InChI=1S/C8H18/c1-7(2)6-8(3,4)5/h7H,6H2,1-5H3",,0.313,0.225,0.462,,0.20108391952175045,0.2510974326768729,0.5478186478013767,
17.3,-,molar,"InChI=1S/C3H8O/c1-2-3-4/h4H,2-3H2,1H3","InChI=1S/C7H16/c1-3-5-7-6-4-2/h3-7H2,1-2H3","InChI=1S/C8H18/c1-7(2)6-8(3,4)5/h7H,6H2,1-5H3",,0.317,0.122,0.561,,0.2026379294483416,0.1354715368046837,0.6618905337469747,
16.2,-,molar,"InChI=1S/C3H8O/c1-2-3-4/h4H,2-3H2,1H3","InChI=1S/C7H16/c1-3-5-7-6-4-2/h3-7H2,1-2H3","InChI=1S/C8H18/c1-7(2)6-8(3,4)5/h7H,6H2,1-5H3",,0.435,0.244,0.321,,0.2997261196336904,0.29204643584309864,0.4082274445232109,
17.8,-,molar,"InChI=1S/C3H8O/c1-2-3-4/h4H,2-3H2,1H3","InChI=1S/C7H16/c1-3-5-7-6-4-2/h3-7H2,1-2H3","InChI=1S/C8H18/c1-7(2)6-8(3,4)5/h7H,6H2,1-5H3",,0.439,0.184,0.377,,0.3018306739519661,0.2197573584477795,0.47841196760025445,
13.7,-,molar,"InChI=1S/C3H8O/c1-2-3-4/h4H,2-3H2,1H3","InChI=1S/C7H16/c1-3-5-7-6-4-2/h3-7H2,1-2H3","InChI=1S/C8H18/c1-7(2)6-8(3,4)5/h7H,6H2,1-5H3",,0.443,0.099,0.458,,0.3033611460729523,0.11776552557670843,0.5788733283503393,
13.7,-,molar,"InChI=1S/C3H8O/c1-2-3-4/h4H,2-3H2,1H3","InChI=1S/C7H16/c1-3-5-7-6-4-2/h3-7H2,1-2H3","InChI=1S/C8H18/c1-7(2)6-8(3,4)5/h7H,6H2,1-5H3",,0.643,0.154,0.203,,0.5003142295170433,0.208151407879449,0.2915343626035078,
11.85,-,molar,"InChI=1S/C3H8O/c1-2-3-4/h4H,2-3H2,1H3","InChI=1S/C7H16/c1-3-5-7-6-4-2/h3-7H2,1-2H3","InChI=1S/C8H18/c1-7(2)6-8(3,4)5/h7H,6H2,1-5H3",,0.646,0.116,0.238,,0.5020276075125227,0.15659569608799315,0.3413766963994842,
9.27,-,molar,"InChI=1S/C3H8O/c1-2-3-4/h4H,2-3H2,1H3","InChI=1S/C7H16/c1-3-5-7-6-4-2/h3-7H2,1-2H3","InChI=1S/C8H18/c1-7(2)6-8(3,4)5/h7H,6H2,1-5H3",,0.65,0.062,0.288,,0.5041639446511902,0.0835366137268398,0.41229944162197,
9.2,-,molar,"InChI=1S/C3H8O/c1-2-3-4/h4H,2-3H2,1H3","InChI=1S/C7H16/c1-3-5-7-6-4-2/h3-7H2,1-2H3","InChI=1S/C8H18/c1-7(2)6-8(3,4)5/h7H,6H2,1-5H3",,0.808,0.083,0.109,,0.7005608807309368,0.1250084482260603,0.1744306710430029,
8.49,-,molar,"InChI=1S/C3H8O/c1-2-3-4/h4H,2-3H2,1H3","InChI=1S/C7H16/c1-3-5-7-6-4-2/h3-7H2,1-2H3","InChI=1S/C8H18/c1-7(2)6-8(3,4)5/h7H,6H2,1-5H3",,0.81,0.062,0.128,,0.7019364181922103,0.09333213396874522,0.2047314478390445,
8.4,-,molar,"InChI=1S/C3H8O/c1-2-3-4/h4H,2-3H2,1H3","InChI=1S/C7H16/c1-3-5-7-6-4-2/h3-7H2,1-2H3","InChI=1S/C8H18/c1-7(2)6-8(3,4)5/h7H,6H2,1-5H3",,0.813,0.033,0.154,,0.7041626336734065,0.04965044207581564,0.24618692425077793,
101.9,-,molar,"InChI=1S/C4H10O/c1-2-3-4-5/h5H,2-4H2,1H3","InChI=1S/C4H10O/c1-3-5-4-2/h3-4H2,1-2H3",,,0.1,0.9,,,0.09975152437847996,0.9002484756215201,,
71.9,-,molar,"InChI=1S/C4H10O/c1-2-3-4-5/h5H,2-4H2,1H3","InChI=1S/C4H10O/c1-3-5-4-2/h3-4H2,1-2H3",,,0.2,0.8,,,0.19955814357224158,0.8004418564277584,,
30.4,-,molar,"InChI=1S/C4H10O/c1-2-3-4-5/h5H,2-4H2,1H3","InChI=1S/C7H16/c1-3-5-7-6-4-2/h3-7H2,1-2H3","InChI=1S/C7H8/c1-7-5-3-2-4-6-7/h2-6H,1H3","InChI=1S/C8H18/c1-7(2)6-8(3,4)5/h7H,6H2,1-5H3",0.068,0.354,0.26,0.318,0.05068469695457549,0.3832639762371526,0.20024017512342085,0.3658111516848511
28.8,-,molar,"InChI=1S/C4H10O/c1-2-3-4-5/h5H,2-4H2,1H3","InChI=1S/C7H16/c1-3-5-7-6-4-2/h3-7H2,1-2H3","InChI=1S/C7H8/c1-7-5-3-2-4-6-7/h2-6H,1H3","InChI=1S/C8H18/c1-7(2)6-8(3,4)5/h7H,6H2,1-5H3",0.133,0.329,0.242,0.296,0.10092867700511869,0.3626482907769088,0.18975281720332662,0.34667021501464584
25.7,-,molar,"InChI=1S/C4H10O/c1-2-3-4-5/h5H,2-4H2,1H3","InChI=1S/C7H16/c1-3-5-7-6-4-2/h3-7H2,1-2H3","InChI=1S/C7H8/c1-7-5-3-2-4-6-7/h2-6H,1H3","InChI=1S/C8H18/c1-7(2)6-8(3,4)5/h7H,6H2,1-5H3",0.257,0.282,0.207,0.254,0.2019632677499493,0.3218956971167205,0.16808135404251381,0.30805968109081633
33.8,-,molar,"InChI=1S/C4H10O/c1-2-3-4-5/h5H,2-4H2,1H3","InChI=1S/C7H16/c1-3-5-7-6-4-2/h3-7H2,1-2H3","InChI=1S/C8H18/c1-7(2)6-8(3,4)5/h7H,6H2,1-5H3",,0.071,0.401,0.528,,0.04835356740136559,0.3966809476587392,0.5549654849398952,
29.5,-,molar,"InChI=1S/C4H10O/c1-2-3-4-5/h5H,2-4H2,1H3","InChI=1S/C7H16/c1-3-5-7-6-4-2/h3-7H2,1-2H3","InChI=1S/C8H18/c1-7(2)6-8(3,4)5/h7H,6H2,1-5H3",,0.072,0.304,0.624,,0.0487601516893648,0.2990425123100803,0.652197336000555,
23.9,-,molar,"InChI=1S/C4H10O/c1-2-3-4-5/h5H,2-4H2,1H3","InChI=1S/C7H16/c1-3-5-7-6-4-2/h3-7H2,1-2H3","InChI=1S/C8H18/c1-7(2)6-8(3,4)5/h7H,6H2,1-5H3",,0.073,0.165,0.762,,0.04903626332431007,0.160992353807312,0.789971382868378,
32.0,-,molar,"InChI=1S/C4H10O/c1-2-3-4-5/h5H,2-4H2,1H3","InChI=1S/C7H16/c1-3-5-7-6-4-2/h3-7H2,1-2H3","InChI=1S/C8H18/c1-7(2)6-8(3,4)5/h7H,6H2,1-5H3",,0.139,0.371,0.49,,0.09692302262066398,0.37576199790799397,0.5273149794713421,
27.21,-,molar,"InChI=1S/C4H10O/c1-2-3-4-5/h5H,2-4H2,1H3","InChI=1S/C7H16/c1-3-5-7-6-4-2/h3-7H2,1-2H3","InChI=1S/C8H18/c1-7(2)6-8(3,4)5/h7H,6H2,1-5H3",,0.141,0.282,0.577,,0.09784037983442463,0.2842332776341568,0.6179263425314185,
22.81,-,molar,"InChI=1S/C4H10O/c1-2-3-4-5/h5H,2-4H2,1H3","InChI=1S/C7H16/c1-3-5-7-6-4-2/h3-7H2,1-2H3","InChI=1S/C8H18/c1-7(2)6-8(3,4)5/h7H,6H2,1-5H3",,0.143,0.153,0.704,,0.09850180945462562,0.15308280072647681,0.7484153898188975,
26.55,-,molar,"InChI=1S/C4H10O/c1-2-3-4-5/h5H,2-4H2,1H3","InChI=1S/C7H16/c1-3-5-7-6-4-2/h3-7H2,1-2H3","InChI=1S/C8H18/c1-7(2)6-8(3,4)5/h7H,6H2,1-5H3",,0.207,0.26,0.533,,0.1470943543729085,0.2683649564924319,0.5845406891346595,
21.25,-,molar,"InChI=1S/C4H10O/c1-2-3-4-5/h5H,2-4H2,1H3","InChI=1S/C7H16/c1-3-5-7-6-4-2/h3-7H2,1-2H3","InChI=1S/C8H18/c1-7(2)6-8(3,4)5/h7H,6H2,1-5H3",,0.21,0.141,0.649,,0.14825945506240484,0.1445935814337817,0.7071469635038135,
28.4,-,molar,"InChI=1S/C4H10O/c1-2-3-4-5/h5H,2-4H2,1H3","InChI=1S/C7H16/c1-3-5-7-6-4-2/h3-7H2,1-2H3","InChI=1S/C8H18/c1-7(2)6-8(3,4)5/h7H,6H2,1-5H3",,0.267,0.316,0.417,,0.19495106842650506,0.33514152258776014,0.4699074089857348,
24.5,-,molar,"InChI=1S/C4H10O/c1-2-3-4-5/h5H,2-4H2,1H3","InChI=1S/C7H16/c1-3-5-7-6-4-2/h3-7H2,1-2H3","InChI=1S/C8H18/c1-7(2)6-8(3,4)5/h7H,6H2,1-5H3",,0.27,0.24,0.49,,0.1963856860238117,0.25356196292343625,0.5500523510527521,
20.21,-,molar,"InChI=1S/C4H10O/c1-2-3-4-5/h5H,2-4H2,1H3","InChI=1S/C7H16/c1-3-5-7-6-4-2/h3-7H2,1-2H3","InChI=1S/C8H18/c1-7(2)6-8(3,4)5/h7H,6H2,1-5H3",,0.274,0.13,0.596,,0.1981686269836106,0.13656974147879458,0.6652616315375949,
24.9,-,molar,"InChI=1S/C4H10O/c1-2-3-4-5/h5H,2-4H2,1H3","InChI=1S/C7H16/c1-3-5-7-6-4-2/h3-7H2,1-2H3","InChI=1S/C8H18/c1-7(2)6-8(3,4)5/h7H,6H2,1-5H3",,0.385,0.266,0.349,,0.29389302397838846,0.2949422453165911,0.41116473070502046,
21.3,-,molar,"InChI=1S/C4H10O/c1-2-3-4-5/h5H,2-4H2,1H3","InChI=1S/C7H16/c1-3-5-7-6-4-2/h3-7H2,1-2H3","InChI=1S/C8H18/c1-7(2)6-8(3,4)5/h7H,6H2,1-5H3",,0.388,0.201,0.411,,0.2952202935725888,0.22214540633380106,0.48263430009361025,
17.96,-,molar,"InChI=1S/C4H10O/c1-2-3-4-5/h5H,2-4H2,1H3","InChI=1S/C7H16/c1-3-5-7-6-4-2/h3-7H2,1-2H3","InChI=1S/C8H18/c1-7(2)6-8(3,4)5/h7H,6H2,1-5H3",,0.392,0.108,0.5,,0.29684728713835906,0.11879483816140624,0.5843578747002347,
19.4,-,molar,"InChI=1S/C4H10O/c1-2-3-4-5/h5H,2-4H2,1H3","InChI=1S/C7H16/c1-3-5-7-6-4-2/h3-7H2,1-2H3","InChI=1S/C8H18/c1-7(2)6-8(3,4)5/h7H,6H2,1-5H3",,0.593,0.176,0.231,,0.4920516515551196,0.21212676346388,0.2958215849810004,
17.1,-,molar,"InChI=1S/C4H10O/c1-2-3-4-5/h5H,2-4H2,1H3","InChI=1S/C7H16/c1-3-5-7-6-4-2/h3-7H2,1-2H3","InChI=1S/C8H18/c1-7(2)6-8(3,4)5/h7H,6H2,1-5H3",,0.596,0.132,0.272,,0.49357219823068266,0.1587834221781956,0.3476443795911218,
15.17,-,molar,"InChI=1S/C4H10O/c1-2-3-4-5/h5H,2-4H2,1H3","InChI=1S/C7H16/c1-3-5-7-6-4-2/h3-7H2,1-2H3","InChI=1S/C8H18/c1-7(2)6-8(3,4)5/h7H,6H2,1-5H3",,0.601,0.071,0.328,,0.4965522823068291,0.08520707490332519,0.41824064278984574,
15.1,-,molar,"InChI=1S/C4H10O/c1-2-3-4-5/h5H,2-4H2,1H3","InChI=1S/C7H16/c1-3-5-7-6-4-2/h3-7H2,1-2H3","InChI=1S/C8H18/c1-7(2)6-8(3,4)5/h7H,6H2,1-5H3",,0.773,0.098,0.129,,0.6936222354038221,0.127731021707526,0.1786467428886519,
14.0,-,molar,"InChI=1S/C4H10O/c1-2-3-4-5/h5H,2-4H2,1H3","InChI=1S/C7H16/c1-3-5-7-6-4-2/h3-7H2,1-2H3","InChI=1S/C8H18/c1-7(2)6-8(3,4)5/h7H,6H2,1-5H3",,0.775,0.074,0.151,,0.6947357101009173,0.09635548401101252,0.20890880588807012,
13.09,-,molar,"InChI=1S/C4H10O/c1-2-3-4-5/h5H,2-4H2,1H3","InChI=1S/C7H16/c1-3-5-7-6-4-2/h3-7H2,1-2H3","InChI=1S/C8H18/c1-7(2)6-8(3,4)5/h7H,6H2,1-5H3",,0.778,0.039,0.183,,0.6964584474492868,0.05071156551733642,0.2528299870333767,
84.8,-,molar,"InChI=1S/C4H10O/c1-2-3-4-5/h5H,2-4H2,1H3","InChI=1S/C8H18O/c1-3-5-7-9-8-6-4-2/h3-8H2,1-2H3",,,0.09,0.91,,,0.054089400457183884,0.9459105995428161,,
76.8,-,molar,"InChI=1S/C4H10O/c1-2-3-4-5/h5H,2-4H2,1H3","InChI=1S/C8H18O/c1-3-5-7-9-8-6-4-2/h3-8H2,1-2H3",,,0.17,0.83,,,0.10588297863566826,0.8941170213643317,,
46.5,-,molar,"InChI=1S/C4H10O/c1-2-3-4-5/h5H,2-4H2,1H3","InChI=1S/C8H18O/c1-3-5-7-9-8-6-4-2/h3-8H2,1-2H3",,,0.55,0.45,,,0.4140605603804196,0.5859394396195804,,
28.9,-,molar,"InChI=1S/C4H10O/c1-2-3-4-5/h5H,2-4H2,1H3","InChI=1S/C8H18O/c1-3-5-7-9-8-6-4-2/h3-8H2,1-2H3",,,0.73,0.27,,,0.6098656892624045,0.3901343107375956,,
16.1,-,molar,"InChI=1S/C4H10O/c1-2-3-4-5/h5H,2-4H2,1H3","InChI=1S/C8H18O/c1-3-5-7-9-8-6-4-2/h3-8H2,1-2H3",,,0.88,0.12,,,0.809159070806768,0.1908409291932321,,
62.2,-,molar,"InChI=1S/C4H10O/c1-3-5-4-2/h3-4H2,1-2H3","InChI=1S/C7H16/c1-3-5-7-6-4-2/h3-7H2,1-2H3",,,0.311,0.689,,,0.23757963130338922,0.7624203686966108,,
79.4,-,molar,"InChI=1S/C4H10O/c1-3-5-4-2/h3-4H2,1-2H3","InChI=1S/C7H16/c1-3-5-7-6-4-2/h3-7H2,1-2H3",,,0.575,0.425,,,0.48294012953687787,0.5170598704631221,,
106.2,-,molar,"InChI=1S/C4H10O/c1-3-5-4-2/h3-4H2,1-2H3","InChI=1S/C7H16/c1-3-5-7-6-4-2/h3-7H2,1-2H3",,,0.802,0.198,,,0.7365851590592885,0.26341484094071155,,
66.6,-,molar,"InChI=1S/C4H10O/c1-3-5-4-2/h3-4H2,1-2H3","InChI=1S/C8H18/c1-7(2)6-8(3,4)5/h7H,6H2,1-5H3",,,0.339,0.661,,,0.24993868063639713,0.7500613193636029,,
93.4,-,molar,"InChI=1S/C4H10O/c1-3-5-4-2/h3-4H2,1-2H3","InChI=1S/C8H18/c1-7(2)6-8(3,4)5/h7H,6H2,1-5H3",,,0.606,0.394,,,0.49983586431221777,0.5001641356877823,,
44.3,-,molar,"InChI=1S/C4H10O/c1-3-5-4-2/h3-4H2,1-2H3","InChI=1S/C8H18/c1-7(2)6-8(3,4)5/h7H,6H2,1-5H3",,,0.822,0.178,,,0.7500297994189878,0.24997020058101216,,
11.1,-,molar,"InChI=1S/C4H10O/c1-3-5-4-2/h3-4H2,1-2H3","InChI=1S/CH4O/c1-2/h2H,1H3",,,0.223,0.777,,,0.37924743020740087,0.6207525697925992,,
20.2,-,molar,"InChI=1S/C4H10O/c1-3-5-4-2/h3-4H2,1-2H3","InChI=1S/CH4O/c1-2/h2H,1H3",,,0.302,0.698,,,0.47944478454275047,0.5205552154572495,,
66.1,-,molar,"InChI=1S/C4H10O/c1-3-5-4-2/h3-4H2,1-2H3","InChI=1S/CH4O/c1-2/h2H,1H3",,,0.633,0.367,,,0.7859415691440004,0.21405843085599963,,
97.2,-,molar,"InChI=1S/C4H10O/c1-3-5-4-2/h3-4H2,1-2H3","InChI=1S/CH4O/c1-2/h2H,1H3",,,0.795,0.205,,,0.8919539511461646,0.10804604885383547,,
29.02,-,molar,InChI=1S/C5H10/c1-2-4-5-3-1/h1-5H2,"InChI=1S/C7H16/c1-3-5-7-6-4-2/h3-7H2,1-2H3","InChI=1S/C7H8/c1-7-5-3-2-4-6-7/h2-6H,1H3","InChI=1S/C8H18/c1-7(2)6-8(3,4)5/h7H,6H2,1-5H3",0.136,0.356,0.361,0.147,0.10691581654368532,0.41345041624486756,0.2982385415969399,0.18139522561450727
20.12,-,molar,InChI=1S/C5H10/c1-2-4-5-3-1/h1-5H2,"InChI=1S/C7H16/c1-3-5-7-6-4-2/h3-7H2,1-2H3","InChI=1S/C7H8/c1-7-5-3-2-4-6-7/h2-6H,1H3","InChI=1S/C8H18/c1-7(2)6-8(3,4)5/h7H,6H2,1-5H3",0.139,0.151,0.37,0.34,0.10820628985336767,0.1736540994441082,0.3026864267103093,0.41545318399221487
28.99,-,molar,InChI=1S/C5H10/c1-2-4-5-3-1/h1-5H2,"InChI=1S/C7H16/c1-3-5-7-6-4-2/h3-7H2,1-2H3","InChI=1S/C7H8/c1-7-5-3-2-4-6-7/h2-6H,1H3","InChI=1S/C8H18/c1-7(2)6-8(3,4)5/h7H,6H2,1-5H3",0.146,0.327,0.195,0.332,0.10773892098239692,0.356482245959779,0.15121953337231014,0.38455929968551394
19.51,-,molar,InChI=1S/C5H10/c1-2-4-5-3-1/h1-5H2,"InChI=1S/C7H16/c1-3-5-7-6-4-2/h3-7H2,1-2H3","InChI=1S/C7H8/c1-7-5-3-2-4-6-7/h2-6H,1H3","InChI=1S/C8H18/c1-7(2)6-8(3,4)5/h7H,6H2,1-5H3",0.15,0.124,0.199,0.527,0.1095272811963831,0.13375903292224894,0.15269950911655486,0.6040141767648131
26.19,-,molar,InChI=1S/C5H10/c1-2-4-5-3-1/h1-5H2,"InChI=1S/C7H16/c1-3-5-7-6-4-2/h3-7H2,1-2H3","InChI=1S/C7H8/c1-7-5-3-2-4-6-7/h2-6H,1H3","InChI=1S/C8H18/c1-7(2)6-8(3,4)5/h7H,6H2,1-5H3",0.257,0.352,0.341,0.05,0.21172390187577014,0.42840034899495005,0.29521924212470696,0.06465650700457286
18.05,-,molar,InChI=1S/C5H10/c1-2-4-5-3-1/h1-5H2,"InChI=1S/C7H16/c1-3-5-7-6-4-2/h3-7H2,1-2H3","InChI=1S/C7H8/c1-7-5-3-2-4-6-7/h2-6H,1H3","InChI=1S/C8H18/c1-7(2)6-8(3,4)5/h7H,6H2,1-5H3",0.263,0.151,0.349,0.237,0.21472193487968494,0.18212434277090353,0.29943296224705274,0.30372076010235877
26.42,-,molar,InChI=1S/C5H10/c1-2-4-5-3-1/h1-5H2,"InChI=1S/C7H16/c1-3-5-7-6-4-2/h3-7H2,1-2H3","InChI=1S/C7H8/c1-7-5-3-2-4-6-7/h2-6H,1H3","InChI=1S/C8H18/c1-7(2)6-8(3,4)5/h7H,6H2,1-5H3",0.275,0.325,0.182,0.218,0.2134147908987194,0.3726023324543567,0.14842830423335482,0.26555457241356906
17.83,-,molar,InChI=1S/C5H10/c1-2-4-5-3-1/h1-5H2,"InChI=1S/C7H16/c1-3-5-7-6-4-2/h3-7H2,1-2H3","InChI=1S/C7H8/c1-7-5-3-2-4-6-7/h2-6H,1H3","InChI=1S/C8H18/c1-7(2)6-8(3,4)5/h7H,6H2,1-5H3",0.281,0.126,0.187,0.406,0.21599815464277292,0.14308188492498405,0.15105630032768066,0.4898636601045624
28.48,-,molar,InChI=1S/C5H10/c1-2-4-5-3-1/h1-5H2,"InChI=1S/C7H16/c1-3-5-7-6-4-2/h3-7H2,1-2H3","InChI=1S/C8H18/c1-7(2)6-8(3,4)5/h7H,6H2,1-5H3",,0.159,0.293,0.548,,0.10950232072917307,0.2981015308372205,0.5923961484336064,
19.45,-,molar,InChI=1S/C5H10/c1-2-4-5-3-1/h1-5H2,"InChI=1S/C7H16/c1-3-5-7-6-4-2/h3-7H2,1-2H3","InChI=1S/C8H18/c1-7(2)6-8(3,4)5/h7H,6H2,1-5H3",,0.162,0.093,0.745,,0.11029518363945766,0.09353946225927752,0.7961653541012649,
25.34,-,molar,InChI=1S/C5H10/c1-2-4-5-3-1/h1-5H2,"InChI=1S/C7H16/c1-3-5-7-6-4-2/h3-7H2,1-2H3","InChI=1S/C8H18/c1-7(2)6-8(3,4)5/h7H,6H2,1-5H3",,0.296,0.293,0.411,,0.21543243537285867,0.31503397067018246,0.4695335939569589,
17.0,-,molar,InChI=1S/C5H10/c1-2-4-5-3-1/h1-5H2,"InChI=1S/C7H16/c1-3-5-7-6-4-2/h3-7H2,1-2H3","InChI=1S/C8H18/c1-7(2)6-8(3,4)5/h7H,6H2,1-5H3",,0.303,0.087,0.61,,0.2181397327975341,0.09252983499640222,0.6893304322060637,
29.5,-,molar,"InChI=1S/C5H12O/c1-3-5(2)4-6/h5-6H,3-4H2,1-2H3","InChI=1S/C7H16/c1-3-5-7-6-4-2/h3-7H2,1-2H3","InChI=1S/C7H8/c1-7-5-3-2-4-6-7/h2-6H,1H3","InChI=1S/C8H18/c1-7(2)6-8(3,4)5/h7H,6H2,1-5H3",0.058,0.357,0.263,0.322,0.04981562778662569,0.38276930229820855,0.20058929982908402,0.36682577008608175
27.7,-,molar,"InChI=1S/C5H12O/c1-3-5(2)4-6/h5-6H,3-4H2,1-2H3","InChI=1S/C7H16/c1-3-5-7-6-4-2/h3-7H2,1-2H3","InChI=1S/C7H8/c1-7-5-3-2-4-6-7/h2-6H,1H3","InChI=1S/C8H18/c1-7(2)6-8(3,4)5/h7H,6H2,1-5H3",0.115,0.336,0.247,0.302,0.0996237966607706,0.36335889480978373,0.19001006272676113,0.34700724580268455
25.4,-,molar,"InChI=1S/C5H12O/c1-3-5(2)4-6/h5-6H,3-4H2,1-2H3","InChI=1S/C7H16/c1-3-5-7-6-4-2/h3-7H2,1-2H3","InChI=1S/C7H8/c1-7-5-3-2-4-6-7/h2-6H,1H3","InChI=1S/C8H18/c1-7(2)6-8(3,4)5/h7H,6H2,1-5H3",0.226,0.294,0.216,0.264,0.19912205726422194,0.323362409369479,0.16899703393048382,0.3085184994358152
29.2,-,molar,"InChI=1S/C5H12O/c1-3-5(2)4-6/h5-6H,3-4H2,1-2H3","InChI=1S/C7H16/c1-3-5-7-6-4-2/h3-7H2,1-2H3","InChI=1S/C8H18/c1-7(2)6-8(3,4)5/h7H,6H2,1-5H3",,0.061,0.308,0.631,,0.04756595045795335,0.2998115301415887,0.6526225194004579,
23.6,-,molar,"InChI=1S/C5H12O/c1-3-5(2)4-6/h5-6H,3-4H2,1-2H3","InChI=1S/C7H16/c1-3-5-7-6-4-2/h3-7H2,1-2H3","InChI=1S/C8H18/c1-7(2)6-8(3,4)5/h7H,6H2,1-5H3",,0.062,0.167,0.771,,0.047946528047598025,0.16121788372337126,0.7908355882290308,
28.1,-,molar,"InChI=1S/C5H12O/c1-3-5(2)4-6/h5-6H,3-4H2,1-2H3","InChI=1S/C7H16/c1-3-5-7-6-4-2/h3-7H2,1-2H3","InChI=1S/C8H18/c1-7(2)6-8(3,4)5/h7H,6H2,1-5H3",,0.121,0.288,0.591,,0.09569693957018911,0.2843390033002685,0.6199640571295424,
21.9,-,molar,"InChI=1S/C5H12O/c1-3-5(2)4-6/h5-6H,3-4H2,1-2H3","InChI=1S/C7H16/c1-3-5-7-6-4-2/h3-7H2,1-2H3","InChI=1S/C8H18/c1-7(2)6-8(3,4)5/h7H,6H2,1-5H3",,0.123,0.156,0.721,,0.09654201083597944,0.15285058227070442,0.7506074068933162,
24.9,-,molar,"InChI=1S/C5H12O/c1-3-5(2)4-6/h5-6H,3-4H2,1-2H3","InChI=1S/C7H16/c1-3-5-7-6-4-2/h3-7H2,1-2H3","InChI=1S/C8H18/c1-7(2)6-8(3,4)5/h7H,6H2,1-5H3",,0.237,0.25,0.513,,0.19275905069393026,0.2538269385474435,0.5534140107586263,
18.9,-,molar,"InChI=1S/C5H12O/c1-3-5(2)4-6/h5-6H,3-4H2,1-2H3","InChI=1S/C7H16/c1-3-5-7-6-4-2/h3-7H2,1-2H3","InChI=1S/C8H18/c1-7(2)6-8(3,4)5/h7H,6H2,1-5H3",,0.24,0.135,0.625,,0.19393787463534382,0.13618097175652277,0.6698811536081334,
18.12,-,molar,InChI=1S/C6H12/c1-2-4-6-5-3-1/h1-6H2,"InChI=1S/C8H18/c1-7(2)6-8(3,4)5/h7H,6H2,1-5H3",,,0.131,0.869,,,0.10138242305083901,0.8986175769491609,,
18.12,-,molar,InChI=1S/C6H12/c1-2-4-6-5-3-1/h1-6H2,"InChI=1S/C8H18/c1-7(2)6-8(3,4)5/h7H,6H2,1-5H3",,,0.145,0.855,,,0.11262741884538965,0.8873725811546104,,
16.2,-,molar,InChI=1S/C6H12/c1-2-4-6-5-3-1/h1-6H2,"InChI=1S/C8H18/c1-7(2)6-8(3,4)5/h7H,6H2,1-5H3",,,0.15,0.85,,,0.11666343980872063,0.8833365601912793,,
18.2,-,molar,InChI=1S/C6H12/c1-2-4-6-5-3-1/h1-6H2,"InChI=1S/C8H18/c1-7(2)6-8(3,4)5/h7H,6H2,1-5H3",,,0.253,0.747,,,0.202218215540564,0.797781784459436,,
18.2,-,molar,InChI=1S/C6H12/c1-2-4-6-5-3-1/h1-6H2,"InChI=1S/C8H18/c1-7(2)6-8(3,4)5/h7H,6H2,1-5H3",,,0.276,0.724,,,0.22197350551519943,0.7780264944848005,,
16.3,-,molar,InChI=1S/C6H12/c1-2-4-6-5-3-1/h1-6H2,"InChI=1S/C8H18/c1-7(2)6-8(3,4)5/h7H,6H2,1-5H3",,,0.28,0.72,,,0.2254343159047005,0.7745656840952995,,
18.28,-,molar,InChI=1S/C6H12/c1-2-4-6-5-3-1/h1-6H2,"InChI=1S/C8H18/c1-7(2)6-8(3,4)5/h7H,6H2,1-5H3",,,0.368,0.632,,,0.30351431228864556,0.6964856877113544,,
18.28,-,molar,InChI=1S/C6H12/c1-2-4-6-5-3-1/h1-6H2,"InChI=1S/C8H18/c1-7(2)6-8(3,4)5/h7H,6H2,1-5H3",,,0.396,0.604,,,0.3291632450270027,0.6708367549729973,,
16.4,-,molar,InChI=1S/C6H12/c1-2-4-6-5-3-1/h1-6H2,"InChI=1S/C8H18/c1-7(2)6-8(3,4)5/h7H,6H2,1-5H3",,,0.4,0.6,,,0.3328601795084795,0.6671398204915204,,
18.34,-,molar,InChI=1S/C6H12/c1-2-4-6-5-3-1/h1-6H2,"InChI=1S/C8H18/c1-7(2)6-8(3,4)5/h7H,6H2,1-5H3",,,0.475,0.525,,,0.4037424620497011,0.5962575379502989,,
18.34,-,molar,InChI=1S/C6H12/c1-2-4-6-5-3-1/h1-6H2,"InChI=1S/C8H18/c1-7(2)6-8(3,4)5/h7H,6H2,1-5H3",,,0.504,0.496,,,0.43197157353946525,0.5680284264605349,,
16.5,-,molar,InChI=1S/C6H12/c1-2-4-6-5-3-1/h1-6H2,"InChI=1S/C8H18/c1-7(2)6-8(3,4)5/h7H,6H2,1-5H3",,,0.51,0.49,,,0.4378710806777469,0.5621289193222531,,
18.43,-,molar,InChI=1S/C6H12/c1-2-4-6-5-3-1/h1-6H2,"InChI=1S/C8H18/c1-7(2)6-8(3,4)5/h7H,6H2,1-5H3",,,0.576,0.424,,,0.5041404513921304,0.49585954860786957,,
18.43,-,molar,InChI=1S/C6H12/c1-2-4-6-5-3-1/h1-6H2,"InChI=1S/C8H18/c1-7(2)6-8(3,4)5/h7H,6H2,1-5H3",,,0.604,0.396,,,0.5330387798530012,0.46696122014699876,,
16.6,-,molar,InChI=1S/C6H12/c1-2-4-6-5-3-1/h1-6H2,"InChI=1S/C8H18/c1-7(2)6-8(3,4)5/h7H,6H2,1-5H3",,,0.61,0.39,,,0.5392938547771069,0.46070614522289305,,
18.69,-,molar,InChI=1S/C6H12/c1-2-4-6-5-3-1/h1-6H2,"InChI=1S/C8H18/c1-7(2)6-8(3,4)5/h7H,6H2,1-5H3",,,0.671,0.329,,,0.6041768338325803,0.3958231661674198,,
18.69,-,molar,InChI=1S/C6H12/c1-2-4-6-5-3-1/h1-6H2,"InChI=1S/C8H18/c1-7(2)6-8(3,4)5/h7H,6H2,1-5H3",,,0.696,0.304,,,0.6314657232190395,0.3685342767809605,,
16.9,-,molar,InChI=1S/C6H12/c1-2-4-6-5-3-1/h1-6H2,"InChI=1S/C8H18/c1-7(2)6-8(3,4)5/h7H,6H2,1-5H3",,,0.7,0.3,,,0.6358706126241089,0.3641293873758911,,
19.04,-,molar,InChI=1S/C6H12/c1-2-4-6-5-3-1/h1-6H2,"InChI=1S/C8H18/c1-7(2)6-8(3,4)5/h7H,6H2,1-5H3",,,0.76,0.24,,,0.7032594065369023,0.29674059346309767,,
17.3,-,molar,InChI=1S/C6H12/c1-2-4-6-5-3-1/h1-6H2,"InChI=1S/C8H18/c1-7(2)6-8(3,4)5/h7H,6H2,1-5H3",,,0.78,0.22,,,0.7262848551413803,0.27371514485861975,,
19.04,-,molar,InChI=1S/C6H12/c1-2-4-6-5-3-1/h1-6H2,"InChI=1S/C8H18/c1-7(2)6-8(3,4)5/h7H,6H2,1-5H3",,,0.781,0.219,,,0.7274436978671293,0.2725563021328708,,
19.45,-,molar,InChI=1S/C6H12/c1-2-4-6-5-3-1/h1-6H2,"InChI=1S/C8H18/c1-7(2)6-8(3,4)5/h7H,6H2,1-5H3",,,0.844,0.156,,,0.8019432860636783,0.19805671393632165,,
19.45,-,molar,InChI=1S/C6H12/c1-2-4-6-5-3-1/h1-6H2,"InChI=1S/C8H18/c1-7(2)6-8(3,4)5/h7H,6H2,1-5H3",,,0.859,0.141,,,0.8201253552034946,0.1798746447965054,,
17.7,-,molar,InChI=1S/C6H12/c1-2-4-6-5-3-1/h1-6H2,"InChI=1S/C8H18/c1-7(2)6-8(3,4)5/h7H,6H2,1-5H3",,,0.86,0.14,,,0.8213437199559515,0.17865628004404857,,
19.68,-,molar,InChI=1S/C6H12/c1-2-4-6-5-3-1/h1-6H2,"InChI=1S/C8H18/c1-7(2)6-8(3,4)5/h7H,6H2,1-5H3",,,0.924,0.076,,,0.9009804906969149,0.09901950930308515,,
18.0,-,molar,InChI=1S/C6H12/c1-2-4-6-5-3-1/h1-6H2,"InChI=1S/C8H18/c1-7(2)6-8(3,4)5/h7H,6H2,1-5H3",,,0.93,0.07,,,0.9086180897967091,0.09138191020329087,,
19.68,-,molar,InChI=1S/C6H12/c1-2-4-6-5-3-1/h1-6H2,"InChI=1S/C8H18/c1-7(2)6-8(3,4)5/h7H,6H2,1-5H3",,,0.932,0.068,,,0.9111706500211145,0.08882934997888549,,
20.9,-,molar,"InChI=1S/C6H12/c1-3-5-6-4-2/h3H,1,4-6H2,2H3","InChI=1S/C7H16/c1-3-5-7-6-4-2/h3-7H2,1-2H3","InChI=1S/C7H8/c1-7-5-3-2-4-6-7/h2-6H,1H3","InChI=1S/C8H18/c1-7(2)6-8(3,4)5/h7H,6H2,1-5H3",0.083,0.128,0.408,0.381,0.07802256032323676,0.14338530063679192,0.325115708922726,0.4534764301172453
31.05,-,molar,"InChI=1S/C6H12/c1-3-5-6-4-2/h3H,1,4-6H2,2H3","InChI=1S/C7H16/c1-3-5-7-6-4-2/h3-7H2,1-2H3","InChI=1S/C7H8/c1-7-5-3-2-4-6-7/h2-6H,1H3","InChI=1S/C8H18/c1-7(2)6-8(3,4)5/h7H,6H2,1-5H3",0.106,0.334,0.376,0.184,0.10040560267987626,0.3770084681514809,0.3019086893750956,0.22067723979354725
30.92,-,molar,"InChI=1S/C6H12/c1-3-5-6-4-2/h3H,1,4-6H2,2H3","InChI=1S/C7H16/c1-3-5-7-6-4-2/h3-7H2,1-2H3","InChI=1S/C7H8/c1-7-5-3-2-4-6-7/h2-6H,1H3","InChI=1S/C8H18/c1-7(2)6-8(3,4)5/h7H,6H2,1-5H3",0.114,0.302,0.203,0.381,0.10103087740467337,0.31893984041655044,0.15250391649865339,0.4275253656801228
21.6,-,molar,"InChI=1S/C6H12/c1-3-5-6-4-2/h3H,1,4-6H2,2H3","InChI=1S/C7H16/c1-3-5-7-6-4-2/h3-7H2,1-2H3","InChI=1S/C7H8/c1-7-5-3-2-4-6-7/h2-6H,1H3","InChI=1S/C8H18/c1-7(2)6-8(3,4)5/h7H,6H2,1-5H3",0.117,0.1,0.208,0.575,0.10258429829944868,0.10448346980253563,0.15459450434438063,0.638337727553635
30.57,-,molar,"InChI=1S/C6H12/c1-3-5-6-4-2/h3H,1,4-6H2,2H3","InChI=1S/C7H16/c1-3-5-7-6-4-2/h3-7H2,1-2H3","InChI=1S/C7H8/c1-7-5-3-2-4-6-7/h2-6H,1H3","InChI=1S/C8H18/c1-7(2)6-8(3,4)5/h7H,6H2,1-5H3",0.207,0.309,0.367,0.117,0.20010348420715976,0.35595519934142883,0.30073644061105126,0.14320487584036007
21.1,-,molar,"InChI=1S/C6H12/c1-3-5-6-4-2/h3H,1,4-6H2,2H3","InChI=1S/C7H16/c1-3-5-7-6-4-2/h3-7H2,1-2H3","InChI=1S/C7H8/c1-7-5-3-2-4-6-7/h2-6H,1H3","InChI=1S/C8H18/c1-7(2)6-8(3,4)5/h7H,6H2,1-5H3",0.212,0.094,0.381,0.313,0.20320290521675063,0.10736790072946388,0.30956703916875045,0.37986215488503505
29.98,-,molar,"InChI=1S/C6H12/c1-3-5-6-4-2/h3H,1,4-6H2,2H3","InChI=1S/C7H16/c1-3-5-7-6-4-2/h3-7H2,1-2H3","InChI=1S/C7H8/c1-7-5-3-2-4-6-7/h2-6H,1H3","InChI=1S/C8H18/c1-7(2)6-8(3,4)5/h7H,6H2,1-5H3",0.223,0.276,0.198,0.303,0.2021051497134561,0.29808090422454364,0.1521154731750312,0.3476984728869691
21.1,-,molar,"InChI=1S/C6H12/c1-3-5-6-4-2/h3H,1,4-6H2,2H3","InChI=1S/C7H16/c1-3-5-7-6-4-2/h3-7H2,1-2H3","InChI=1S/C7H8/c1-7-5-3-2-4-6-7/h2-6H,1H3","InChI=1S/C8H18/c1-7(2)6-8(3,4)5/h7H,6H2,1-5H3",0.228,0.068,0.203,0.501,0.20440030603370446,0.07264540741192277,0.15426891265531736,0.5686853738990554
30.97,-,molar,"InChI=1S/C6H12/c1-3-5-6-4-2/h3H,1,4-6H2,2H3","InChI=1S/C7H16/c1-3-5-7-6-4-2/h3-7H2,1-2H3","InChI=1S/C8H18/c1-7(2)6-8(3,4)5/h7H,6H2,1-5H3",,0.124,0.265,0.611,,0.10219116760146264,0.26024962139405833,0.6375592110044791,
21.3,-,molar,"InChI=1S/C6H12/c1-3-5-6-4-2/h3H,1,4-6H2,2H3","InChI=1S/C7H16/c1-3-5-7-6-4-2/h3-7H2,1-2H3","InChI=1S/C8H18/c1-7(2)6-8(3,4)5/h7H,6H2,1-5H3",,0.132,0.053,0.815,,0.10757278608928111,0.05147032511849795,0.8409568887922209,
21.34,-,molar,"InChI=1S/C6H12/c1-3-5-6-4-2/h3H,1,4-6H2,2H3","InChI=1S/C7H16/c1-3-5-7-6-4-2/h3-7H2,1-2H3","InChI=1S/C8H18/c1-7(2)6-8(3,4)5/h7H,6H2,1-5H3",,0.133,0.056,0.811,,0.10843099928841383,0.05440544946961218,0.8371635512419741,
29.14,-,molar,"InChI=1S/C6H12/c1-3-5-6-4-2/h3H,1,4-6H2,2H3","InChI=1S/C7H16/c1-3-5-7-6-4-2/h3-7H2,1-2H3","InChI=1S/C8H18/c1-7(2)6-8(3,4)5/h7H,6H2,1-5H3",,0.241,0.237,0.522,,0.20348583582608948,0.23846137517723182,0.5580527889966787,
21.1,-,molar,"InChI=1S/C6H12/c1-3-5-6-4-2/h3H,1,4-6H2,2H3","InChI=1S/C7H16/c1-3-5-7-6-4-2/h3-7H2,1-2H3","InChI=1S/C8H18/c1-7(2)6-8(3,4)5/h7H,6H2,1-5H3",,0.247,0.032,0.721,,0.20617136888285778,0.03182980191003692,0.7619988292071053,
21.07,-,molar,"InChI=1S/C6H12/c1-3-5-6-4-2/h3H,1,4-6H2,2H3","InChI=1S/C7H16/c1-3-5-7-6-4-2/h3-7H2,1-2H3","InChI=1S/C8H18/c1-7(2)6-8(3,4)5/h7H,6H2,1-5H3",,0.252,0.032,0.716,,0.2105787913410559,0.03186519808155273,0.7575560105773914,
21.02,-,molar,"InChI=1S/C6H12/c1-3-5-6-4-2/h3H,1,4-6H2,2H3","InChI=1S/C8H18/c1-7(2)6-8(3,4)5/h7H,6H2,1-5H3",,,0.128,0.872,,,0.10388859037418745,0.8961114096258125,,
19.53,-,molar,"InChI=1S/C6H12/c1-3-5-6-4-2/h3H,1,4-6H2,2H3","InChI=1S/C8H18/c1-7(2)6-8(3,4)5/h7H,6H2,1-5H3",,,0.13,0.87,,,0.10555745487102923,0.8944425451289708,,
21.02,-,molar,"InChI=1S/C6H12/c1-3-5-6-4-2/h3H,1,4-6H2,2H3","InChI=1S/C8H18/c1-7(2)6-8(3,4)5/h7H,6H2,1-5H3",,,0.131,0.869,,,0.10639242823501076,0.8936075717649893,,
21.17,-,molar,"InChI=1S/C6H12/c1-3-5-6-4-2/h3H,1,4-6H2,2H3","InChI=1S/C8H18/c1-7(2)6-8(3,4)5/h7H,6H2,1-5H3",,,0.248,0.752,,,0.20664079617434716,0.7933592038256528,,
19.7,-,molar,"InChI=1S/C6H12/c1-3-5-6-4-2/h3H,1,4-6H2,2H3","InChI=1S/C8H18/c1-7(2)6-8(3,4)5/h7H,6H2,1-5H3",,,0.25,0.75,,,0.2083996877740271,0.7916003122259729,,
21.17,-,molar,"InChI=1S/C6H12/c1-3-5-6-4-2/h3H,1,4-6H2,2H3","InChI=1S/C8H18/c1-7(2)6-8(3,4)5/h7H,6H2,1-5H3",,,0.253,0.747,,,0.21104095394053773,0.7889590460594623,,
21.7,-,molar,"InChI=1S/C6H12/c1-3-5-6-4-2/h3H,1,4-6H2,2H3","InChI=1S/C8H18/c1-7(2)6-8(3,4)5/h7H,6H2,1-5H3",,,0.36,0.64,,,0.3076027544967306,0.6923972455032695,,
22.9,-,molar,"InChI=1S/C6H12/c1-3-5-6-4-2/h3H,1,4-6H2,2H3","InChI=1S/C8H18/c1-7(2)6-8(3,4)5/h7H,6H2,1-5H3",,,0.361,0.639,,,0.30852737145551756,0.6914726285444823,,
22.9,-,molar,"InChI=1S/C6H12/c1-3-5-6-4-2/h3H,1,4-6H2,2H3","InChI=1S/C8H18/c1-7(2)6-8(3,4)5/h7H,6H2,1-5H3",,,0.368,0.632,,,0.3150114870349398,0.6849885129650602,,
24.02,-,molar,"InChI=1S/C6H12/c1-3-5-6-4-2/h3H,1,4-6H2,2H3","InChI=1S/C8H18/c1-7(2)6-8(3,4)5/h7H,6H2,1-5H3",,,0.469,0.531,,,0.4109242818666795,0.5890757181333205,,
23.0,-,molar,"InChI=1S/C6H12/c1-3-5-6-4-2/h3H,1,4-6H2,2H3","InChI=1S/C8H18/c1-7(2)6-8(3,4)5/h7H,6H2,1-5H3",,,0.47,0.53,,,0.411896507016607,0.588103492983393,,
24.02,-,molar,"InChI=1S/C6H12/c1-3-5-6-4-2/h3H,1,4-6H2,2H3","InChI=1S/C8H18/c1-7(2)6-8(3,4)5/h7H,6H2,1-5H3",,,0.475,0.525,,,0.4167644439629002,0.5832355560370998,,
24.51,-,molar,"InChI=1S/C6H12/c1-3-5-6-4-2/h3H,1,4-6H2,2H3","InChI=1S/C8H18/c1-7(2)6-8(3,4)5/h7H,6H2,1-5H3",,,0.569,0.431,,,0.5104449393095408,0.4895550606904591,,
23.6,-,molar,"InChI=1S/C6H12/c1-3-5-6-4-2/h3H,1,4-6H2,2H3","InChI=1S/C8H18/c1-7(2)6-8(3,4)5/h7H,6H2,1-5H3",,,0.57,0.43,,,0.511464151519979,0.48853584848002085,,
24.51,-,molar,"InChI=1S/C6H12/c1-3-5-6-4-2/h3H,1,4-6H2,2H3","InChI=1S/C8H18/c1-7(2)6-8(3,4)5/h7H,6H2,1-5H3",,,0.576,0.424,,,0.5175896627863017,0.4824103372136984,,
25.34,-,molar,"InChI=1S/C6H12/c1-3-5-6-4-2/h3H,1,4-6H2,2H3","InChI=1S/C8H18/c1-7(2)6-8(3,4)5/h7H,6H2,1-5H3",,,0.664,0.336,,,0.6094936932137092,0.3905063067862908,,
24.6,-,molar,"InChI=1S/C6H12/c1-3-5-6-4-2/h3H,1,4-6H2,2H3","InChI=1S/C8H18/c1-7(2)6-8(3,4)5/h7H,6H2,1-5H3",,,0.67,0.33,,,0.6159039915364661,0.38409600846353387,,
25.34,-,molar,"InChI=1S/C6H12/c1-3-5-6-4-2/h3H,1,4-6H2,2H3","InChI=1S/C8H18/c1-7(2)6-8(3,4)5/h7H,6H2,1-5H3",,,0.671,0.329,,,0.6169742048291539,0.3830257951708461,,
26.5,-,molar,"InChI=1S/C6H12/c1-3-5-6-4-2/h3H,1,4-6H2,2H3","InChI=1S/C8H18/c1-7(2)6-8(3,4)5/h7H,6H2,1-5H3",,,0.755,0.245,,,0.7087814126716343,0.29121858732836564,,
26.2,-,molar,"InChI=1S/C6H12/c1-3-5-6-4-2/h3H,1,4-6H2,2H3","InChI=1S/C8H18/c1-7(2)6-8(3,4)5/h7H,6H2,1-5H3",,,0.76,0.24,,,0.7143678031784685,0.2856321968215315,,
26.8,-,molar,"InChI=1S/C6H12/c1-3-5-6-4-2/h3H,1,4-6H2,2H3","InChI=1S/C8H18/c1-7(2)6-8(3,4)5/h7H,6H2,1-5H3",,,0.84,0.16,,,0.8056895831782402,0.19431041682175978,,
21.2,-,molar,"InChI=1S/C6H12/c1-3-5-6-4-2/h3H,1,4-6H2,2H3","InChI=1S/C8H18/c1-7(2)6-8(3,4)5/h7H,6H2,1-5H3",,,0.841,0.159,,,0.806854716027422,0.19314528397257807,,
27.2,-,molar,"InChI=1S/C6H12/c1-3-5-6-4-2/h3H,1,4-6H2,2H3","InChI=1S/C8H18/c1-7(2)6-8(3,4)5/h7H,6H2,1-5H3",,,0.844,0.156,,,0.8103536875264724,0.18964631247352762,,
27.9,-,molar,"InChI=1S/C6H12/c1-3-5-6-4-2/h3H,1,4-6H2,2H3","InChI=1S/C8H18/c1-7(2)6-8(3,4)5/h7H,6H2,1-5H3",,,0.92,0.08,,,0.9008192360219854,0.09918076397801458,,
28.2,-,molar,"InChI=1S/C6H12/c1-3-5-6-4-2/h3H,1,4-6H2,2H3","InChI=1S/C8H18/c1-7(2)6-8(3,4)5/h7H,6H2,1-5H3",,,0.922,0.078,,,0.9032483265613079,0.09675167343869207,,
28.2,-,molar,"InChI=1S/C6H12/c1-3-5-6-4-2/h3H,1,4-6H2,2H3","InChI=1S/C8H18/c1-7(2)6-8(3,4)5/h7H,6H2,1-5H3",,,0.924,0.076,,,0.9056799519067082,0.09432004809329168,,
15.6,-,molar,"InChI=1S/C7H16/c1-3-5-7-6-4-2/h3-7H2,1-2H3","InChI=1S/C7H8/c1-7-5-3-2-4-6-7/h2-6H,1H3","InChI=1S/C8H18/c1-7(2)6-8(3,4)5/h7H,6H2,1-5H3",,0.067,0.398,0.535,,0.07294003942720252,0.30821757035900943,0.6188423902137881,
13.5,-,molar,"InChI=1S/C7H16/c1-3-5-7-6-4-2/h3-7H2,1-2H3","InChI=1S/C7H8/c1-7-5-3-2-4-6-7/h2-6H,1H3","InChI=1S/C8H18/c1-7(2)6-8(3,4)5/h7H,6H2,1-5H3",,0.07,0.39,0.54,,0.07598912185228038,0.3011626585488257,0.6228482195988939,
15.6,-,molar,"InChI=1S/C7H16/c1-3-5-7-6-4-2/h3-7H2,1-2H3","InChI=1S/C7H8/c1-7-5-3-2-4-6-7/h2-6H,1H3","InChI=1S/C8H18/c1-7(2)6-8(3,4)5/h7H,6H2,1-5H3",,0.074,0.344,0.582,,0.07896803456379974,0.2611326532020089,0.6598993122341914,
18.3,-,molar,"InChI=1S/C7H16/c1-3-5-7-6-4-2/h3-7H2,1-2H3","InChI=1S/C7H8/c1-7-5-3-2-4-6-7/h2-6H,1H3","InChI=1S/C8H18/c1-7(2)6-8(3,4)5/h7H,6H2,1-5H3",,0.08,0.278,0.642,,0.08334289564707187,0.20601864377116752,0.7106384605817607,
16.4,-,molar,"InChI=1S/C7H16/c1-3-5-7-6-4-2/h3-7H2,1-2H3","InChI=1S/C7H8/c1-7-5-3-2-4-6-7/h2-6H,1H3","InChI=1S/C8H18/c1-7(2)6-8(3,4)5/h7H,6H2,1-5H3",,0.08,0.28,0.64,,0.08340392049948667,0.20765272731600554,0.7089433521845079,
18.3,-,molar,"InChI=1S/C7H16/c1-3-5-7-6-4-2/h3-7H2,1-2H3","InChI=1S/C7H8/c1-7-5-3-2-4-6-7/h2-6H,1H3","InChI=1S/C8H18/c1-7(2)6-8(3,4)5/h7H,6H2,1-5H3",,0.086,0.234,0.68,,0.08820820049559269,0.17072986541315924,0.7410619340912481,
21.1,-,molar,"InChI=1S/C7H16/c1-3-5-7-6-4-2/h3-7H2,1-2H3","InChI=1S/C7H8/c1-7-5-3-2-4-6-7/h2-6H,1H3","InChI=1S/C8H18/c1-7(2)6-8(3,4)5/h7H,6H2,1-5H3",,0.095,0.146,0.759,,0.09449859444508572,0.1033088980067557,0.8021925075481586,
21.1,-,molar,"InChI=1S/C7H16/c1-3-5-7-6-4-2/h3-7H2,1-2H3","InChI=1S/C7H8/c1-7-5-3-2-4-6-7/h2-6H,1H3","InChI=1S/C8H18/c1-7(2)6-8(3,4)5/h7H,6H2,1-5H3",,0.099,0.12,0.781,,0.09761521135852816,0.08416793649905327,0.8182168521424186,
19.6,-,molar,"InChI=1S/C7H16/c1-3-5-7-6-4-2/h3-7H2,1-2H3","InChI=1S/C7H8/c1-7-5-3-2-4-6-7/h2-6H,1H3","InChI=1S/C8H18/c1-7(2)6-8(3,4)5/h7H,6H2,1-5H3",,0.1,0.14,0.76,,0.09929496850158105,0.09888681920287944,0.8018182122955395,
16.5,-,molar,"InChI=1S/C7H16/c1-3-5-7-6-4-2/h3-7H2,1-2H3","InChI=1S/C7H8/c1-7-5-3-2-4-6-7/h2-6H,1H3","InChI=1S/C8H18/c1-7(2)6-8(3,4)5/h7H,6H2,1-5H3",,0.109,0.504,0.387,,0.12404497517984682,0.40800580726472924,0.4679492175554239,
14.5,-,molar,"InChI=1S/C7H16/c1-3-5-7-6-4-2/h3-7H2,1-2H3","InChI=1S/C7H8/c1-7-5-3-2-4-6-7/h2-6H,1H3","InChI=1S/C8H18/c1-7(2)6-8(3,4)5/h7H,6H2,1-5H3",,0.11,0.5,0.39,,0.12499208964707802,0.4041503669568757,0.47085754339604635,
16.5,-,molar,"InChI=1S/C7H16/c1-3-5-7-6-4-2/h3-7H2,1-2H3","InChI=1S/C7H8/c1-7-5-3-2-4-6-7/h2-6H,1H3","InChI=1S/C8H18/c1-7(2)6-8(3,4)5/h7H,6H2,1-5H3",,0.123,0.445,0.432,,0.13688612673008177,0.35228768695578533,0.5108261863141329,
21.8,-,molar,"InChI=1S/C7H16/c1-3-5-7-6-4-2/h3-7H2,1-2H3","InChI=1S/C7H8/c1-7-5-3-2-4-6-7/h2-6H,1H3","InChI=1S/C8H18/c1-7(2)6-8(3,4)5/h7H,6H2,1-5H3",,0.128,0.213,0.659,,0.13065025582386885,0.15465466613216133,0.7146950780439699,
18.1,-,molar,"InChI=1S/C7H16/c1-3-5-7-6-4-2/h3-7H2,1-2H3","InChI=1S/C7H8/c1-7-5-3-2-4-6-7/h2-6H,1H3","InChI=1S/C8H18/c1-7(2)6-8(3,4)5/h7H,6H2,1-5H3",,0.13,0.4,0.47,,0.1422440975982113,0.31133935617351577,0.5464165462282728,
19.8,-,molar,"InChI=1S/C7H16/c1-3-5-7-6-4-2/h3-7H2,1-2H3","InChI=1S/C7H8/c1-7-5-3-2-4-6-7/h2-6H,1H3","InChI=1S/C8H18/c1-7(2)6-8(3,4)5/h7H,6H2,1-5H3",,0.133,0.395,0.472,,0.14527735906487624,0.30692094066825915,0.5478017002668647,
21.8,-,molar,"InChI=1S/C7H16/c1-3-5-7-6-4-2/h3-7H2,1-2H3","InChI=1S/C7H8/c1-7-5-3-2-4-6-7/h2-6H,1H3","InChI=1S/C8H18/c1-7(2)6-8(3,4)5/h7H,6H2,1-5H3",,0.135,0.176,0.689,,0.13605162523752853,0.12617280639862696,0.7377755683638445,
19.8,-,molar,"InChI=1S/C7H16/c1-3-5-7-6-4-2/h3-7H2,1-2H3","InChI=1S/C7H8/c1-7-5-3-2-4-6-7/h2-6H,1H3","InChI=1S/C8H18/c1-7(2)6-8(3,4)5/h7H,6H2,1-5H3",,0.146,0.341,0.513,,0.156377115863008,0.25981118976931195,0.5838116943676801,
22.8,-,molar,"InChI=1S/C7H16/c1-3-5-7-6-4-2/h3-7H2,1-2H3","InChI=1S/C7H8/c1-7-5-3-2-4-6-7/h2-6H,1H3","InChI=1S/C8H18/c1-7(2)6-8(3,4)5/h7H,6H2,1-5H3",,0.159,0.276,0.565,,0.16637829537293533,0.2054431936839807,0.6281785109430839,
21.6,-,molar,"InChI=1S/C7H16/c1-3-5-7-6-4-2/h3-7H2,1-2H3","InChI=1S/C7H8/c1-7-5-3-2-4-6-7/h2-6H,1H3","InChI=1S/C8H18/c1-7(2)6-8(3,4)5/h7H,6H2,1-5H3",,0.16,0.27,0.57,,0.1670672843756233,0.20054799497542808,0.6323847206489487,
18.3,-,molar,"InChI=1S/C7H16/c1-3-5-7-6-4-2/h3-7H2,1-2H3","InChI=1S/C7H8/c1-7-5-3-2-4-6-7/h2-6H,1H3","InChI=1S/C8H18/c1-7(2)6-8(3,4)5/h7H,6H2,1-5H3",,0.16,0.5,0.34,,0.18245471220501283,0.405590930837908,0.4119543569570792,
19.9,-,molar,"InChI=1S/C7H16/c1-3-5-7-6-4-2/h3-7H2,1-2H3","InChI=1S/C7H8/c1-7-5-3-2-4-6-7/h2-6H,1H3","InChI=1S/C8H18/c1-7(2)6-8(3,4)5/h7H,6H2,1-5H3",,0.163,0.501,0.336,,0.18598999434061117,0.40665192472335354,0.40735808093603526,
21.6,-,molar,"InChI=1S/C7H16/c1-3-5-7-6-4-2/h3-7H2,1-2H3","InChI=1S/C7H8/c1-7-5-3-2-4-6-7/h2-6H,1H3","InChI=1S/C8H18/c1-7(2)6-8(3,4)5/h7H,6H2,1-5H3",,0.166,0.394,0.44,,0.18166330446162826,0.306717441647622,0.5116192538907497,
22.8,-,molar,"InChI=1S/C7H16/c1-3-5-7-6-4-2/h3-7H2,1-2H3","InChI=1S/C7H8/c1-7-5-3-2-4-6-7/h2-6H,1H3","InChI=1S/C8H18/c1-7(2)6-8(3,4)5/h7H,6H2,1-5H3",,0.17,0.232,0.598,,0.17518240189221948,0.1700641096074043,0.6547534885003762,
21.6,-,molar,"InChI=1S/C7H16/c1-3-5-7-6-4-2/h3-7H2,1-2H3","InChI=1S/C7H8/c1-7-5-3-2-4-6-7/h2-6H,1H3","InChI=1S/C8H18/c1-7(2)6-8(3,4)5/h7H,6H2,1-5H3",,0.182,0.339,0.479,,0.19525964628851541,0.2587163872141731,0.5460239664973114,
19.9,-,molar,"InChI=1S/C7H16/c1-3-5-7-6-4-2/h3-7H2,1-2H3","InChI=1S/C7H8/c1-7-5-3-2-4-6-7/h2-6H,1H3","InChI=1S/C8H18/c1-7(2)6-8(3,4)5/h7H,6H2,1-5H3",,0.183,0.442,0.375,,0.20427306055067562,0.35096629008198726,0.4447606493673371,
25.4,-,molar,"InChI=1S/C7H16/c1-3-5-7-6-4-2/h3-7H2,1-2H3","InChI=1S/C7H8/c1-7-5-3-2-4-6-7/h2-6H,1H3","InChI=1S/C8H18/c1-7(2)6-8(3,4)5/h7H,6H2,1-5H3",,0.188,0.145,0.667,,0.18802947823491278,0.10316187415391485,0.7088086476111723,
24.6,-,molar,"InChI=1S/C7H16/c1-3-5-7-6-4-2/h3-7H2,1-2H3","InChI=1S/C7H8/c1-7-5-3-2-4-6-7/h2-6H,1H3","InChI=1S/C8H18/c1-7(2)6-8(3,4)5/h7H,6H2,1-5H3",,0.19,0.14,0.67,,0.18972034798816453,0.09944237241998333,0.7108372795918521,
25.4,-,molar,"InChI=1S/C7H16/c1-3-5-7-6-4-2/h3-7H2,1-2H3","InChI=1S/C7H8/c1-7-5-3-2-4-6-7/h2-6H,1H3","InChI=1S/C8H18/c1-7(2)6-8(3,4)5/h7H,6H2,1-5H3",,0.195,0.118,0.687,,0.19328228388164054,0.08319985591745659,0.7235178602009028,
23.7,-,molar,"InChI=1S/C7H16/c1-3-5-7-6-4-2/h3-7H2,1-2H3","InChI=1S/C7H8/c1-7-5-3-2-4-6-7/h2-6H,1H3","InChI=1S/C8H18/c1-7(2)6-8(3,4)5/h7H,6H2,1-5H3",,0.198,0.392,0.41,,0.21699100276467378,0.3055946403167488,0.47741435691857737,
22.6,-,molar,"InChI=1S/C7H16/c1-3-5-7-6-4-2/h3-7H2,1-2H3","InChI=1S/C7H8/c1-7-5-3-2-4-6-7/h2-6H,1H3","InChI=1S/C8H18/c1-7(2)6-8(3,4)5/h7H,6H2,1-5H3",,0.2,0.39,0.41,,0.21904424791681976,0.30384325087666814,0.4771125012065122,
22.7,-,molar,"InChI=1S/C7H16/c1-3-5-7-6-4-2/h3-7H2,1-2H3","InChI=1S/C7H8/c1-7-5-3-2-4-6-7/h2-6H,1H3","InChI=1S/C8H18/c1-7(2)6-8(3,4)5/h7H,6H2,1-5H3",,0.215,0.498,0.287,,0.24594084780631528,0.40523288190154083,0.34882627029214397,
23.7,-,molar,"InChI=1S/C7H16/c1-3-5-7-6-4-2/h3-7H2,1-2H3","InChI=1S/C7H8/c1-7-5-3-2-4-6-7/h2-6H,1H3","InChI=1S/C8H18/c1-7(2)6-8(3,4)5/h7H,6H2,1-5H3",,0.217,0.338,0.445,,0.2332692786528848,0.2584625604516809,0.5082681608954344,
21.5,-,molar,"InChI=1S/C7H16/c1-3-5-7-6-4-2/h3-7H2,1-2H3","InChI=1S/C7H8/c1-7-5-3-2-4-6-7/h2-6H,1H3","InChI=1S/C8H18/c1-7(2)6-8(3,4)5/h7H,6H2,1-5H3",,0.22,0.49,0.29,,0.2509436929000016,0.39758758390336135,0.3514687231966371,
26.3,-,molar,"InChI=1S/C7H16/c1-3-5-7-6-4-2/h3-7H2,1-2H3","InChI=1S/C7H8/c1-7-5-3-2-4-6-7/h2-6H,1H3","InChI=1S/C8H18/c1-7(2)6-8(3,4)5/h7H,6H2,1-5H3",,0.236,0.274,0.49,,0.2480184347247883,0.20483570061398143,0.5471458646612303,
25.7,-,molar,"InChI=1S/C7H16/c1-3-5-7-6-4-2/h3-7H2,1-2H3","InChI=1S/C7H8/c1-7-5-3-2-4-6-7/h2-6H,1H3","InChI=1S/C8H18/c1-7(2)6-8(3,4)5/h7H,6H2,1-5H3",,0.24,0.27,0.49,,0.25191646155246744,0.20160077601653775,0.5464827624309948,
22.7,-,molar,"InChI=1S/C7H16/c1-3-5-7-6-4-2/h3-7H2,1-2H3","InChI=1S/C7H8/c1-7-5-3-2-4-6-7/h2-6H,1H3","InChI=1S/C8H18/c1-7(2)6-8(3,4)5/h7H,6H2,1-5H3",,0.242,0.439,0.319,,0.2709284393993516,0.34961244141372844,0.37945911918692,
26.3,-,molar,"InChI=1S/C7H16/c1-3-5-7-6-4-2/h3-7H2,1-2H3","InChI=1S/C7H8/c1-7-5-3-2-4-6-7/h2-6H,1H3","InChI=1S/C8H18/c1-7(2)6-8(3,4)5/h7H,6H2,1-5H3",,0.253,0.229,0.518,,0.26182836609959564,0.16858339138742584,0.5695882425129786,
25.6,-,molar,"InChI=1S/C7H16/c1-3-5-7-6-4-2/h3-7H2,1-2H3","InChI=1S/C7H8/c1-7-5-3-2-4-6-7/h2-6H,1H3","InChI=1S/C8H18/c1-7(2)6-8(3,4)5/h7H,6H2,1-5H3",,0.26,0.39,0.35,,0.2859321508005609,0.30509660826572615,0.40897124093371295,
26.2,-,molar,"InChI=1S/C7H16/c1-3-5-7-6-4-2/h3-7H2,1-2H3","InChI=1S/C7H8/c1-7-5-3-2-4-6-7/h2-6H,1H3","InChI=1S/C8H18/c1-7(2)6-8(3,4)5/h7H,6H2,1-5H3",,0.262,0.389,0.349,,0.2880599912940349,0.3042386482131638,0.4077013604928012,
28.9,-,molar,"InChI=1S/C7H16/c1-3-5-7-6-4-2/h3-7H2,1-2H3","InChI=1S/C7H8/c1-7-5-3-2-4-6-7/h2-6H,1H3","InChI=1S/C8H18/c1-7(2)6-8(3,4)5/h7H,6H2,1-5H3",,0.279,0.143,0.578,,0.2804424026234847,0.1022488996116732,0.6173086977648421,
28.7,-,molar,"InChI=1S/C7H16/c1-3-5-7-6-4-2/h3-7H2,1-2H3","InChI=1S/C7H8/c1-7-5-3-2-4-6-7/h2-6H,1H3","InChI=1S/C8H18/c1-7(2)6-8(3,4)5/h7H,6H2,1-5H3",,0.28,0.14,0.58,,0.2811675003559979,0.10000420318012383,0.6188282964638782,
26.2,-,molar,"InChI=1S/C7H16/c1-3-5-7-6-4-2/h3-7H2,1-2H3","InChI=1S/C7H8/c1-7-5-3-2-4-6-7/h2-6H,1H3","InChI=1S/C8H18/c1-7(2)6-8(3,4)5/h7H,6H2,1-5H3",,0.287,0.335,0.378,,0.3096233022316243,0.2570867404937705,0.43328995727460506,
28.9,-,molar,"InChI=1S/C7H16/c1-3-5-7-6-4-2/h3-7H2,1-2H3","InChI=1S/C7H8/c1-7-5-3-2-4-6-7/h2-6H,1H3","InChI=1S/C8H18/c1-7(2)6-8(3,4)5/h7H,6H2,1-5H3",,0.29,0.117,0.593,,0.2890463428214478,0.08295421772206593,0.6279994394564863,
29.0,-,molar,"InChI=1S/C7H16/c1-3-5-7-6-4-2/h3-7H2,1-2H3","InChI=1S/C7H8/c1-7-5-3-2-4-6-7/h2-6H,1H3","InChI=1S/C8H18/c1-7(2)6-8(3,4)5/h7H,6H2,1-5H3",,0.31,0.27,0.42,,0.3268936269468144,0.2025310683407496,0.470575304712436,
29.1,-,molar,"InChI=1S/C7H16/c1-3-5-7-6-4-2/h3-7H2,1-2H3","InChI=1S/C7H8/c1-7-5-3-2-4-6-7/h2-6H,1H3","InChI=1S/C8H18/c1-7(2)6-8(3,4)5/h7H,6H2,1-5H3",,0.313,0.271,0.416,,0.33024471504409975,0.20339672653728458,0.4663585584186156,
33.24,-,molar,"InChI=1S/C7H16/c1-3-5-7-6-4-2/h3-7H2,1-2H3","InChI=1S/C7H8/c1-7-5-3-2-4-6-7/h2-6H,1H3","InChI=1S/C8H18/c1-7(2)6-8(3,4)5/h7H,6H2,1-5H3",,0.33,0.208,0.462,,0.34061257738984674,0.15271904696492652,0.5066683756452267,
29.1,-,molar,"InChI=1S/C7H16/c1-3-5-7-6-4-2/h3-7H2,1-2H3","InChI=1S/C7H8/c1-7-5-3-2-4-6-7/h2-6H,1H3","InChI=1S/C8H18/c1-7(2)6-8(3,4)5/h7H,6H2,1-5H3",,0.334,0.227,0.439,,0.3472220521715938,0.16786873565893617,0.48490921216946997,
32.2,-,molar,"InChI=1S/C7H16/c1-3-5-7-6-4-2/h3-7H2,1-2H3","InChI=1S/C7H8/c1-7-5-3-2-4-6-7/h2-6H,1H3","InChI=1S/C8H18/c1-7(2)6-8(3,4)5/h7H,6H2,1-5H3",,0.368,0.142,0.49,,0.371850881665804,0.10206867353078446,0.5260804448034117,
32.47,-,molar,"InChI=1S/C7H16/c1-3-5-7-6-4-2/h3-7H2,1-2H3","InChI=1S/C7H8/c1-7-5-3-2-4-6-7/h2-6H,1H3","InChI=1S/C8H18/c1-7(2)6-8(3,4)5/h7H,6H2,1-5H3",,0.369,0.389,0.242,,0.4087086371049884,0.3064927319630715,0.2847986309319401,
32.6,-,molar,"InChI=1S/C7H16/c1-3-5-7-6-4-2/h3-7H2,1-2H3","InChI=1S/C7H8/c1-7-5-3-2-4-6-7/h2-6H,1H3","InChI=1S/C8H18/c1-7(2)6-8(3,4)5/h7H,6H2,1-5H3",,0.37,0.14,0.49,,0.37365384248280825,0.10057241848868492,0.5257737390285069,
32.2,-,molar,"InChI=1S/C7H16/c1-3-5-7-6-4-2/h3-7H2,1-2H3","InChI=1S/C7H8/c1-7-5-3-2-4-6-7/h2-6H,1H3","InChI=1S/C8H18/c1-7(2)6-8(3,4)5/h7H,6H2,1-5H3",,0.382,0.115,0.503,,0.38266956811219394,0.0819485989922665,0.5353818328955396,
19.8,-,molar,"InChI=1S/C7H16/c1-3-5-7-6-4-2/h3-7H2,1-2H3","InChI=1S/C7H8/c1-7-5-3-2-4-6-7/h2-6H,1H3",,,0.236,0.764,,,0.30276938726817704,0.697230612731823,,
18.1,-,molar,"InChI=1S/C7H16/c1-3-5-7-6-4-2/h3-7H2,1-2H3","InChI=1S/C7H8/c1-7-5-3-2-4-6-7/h2-6H,1H3",,,0.24,0.76,,,0.3074456640732276,0.6925543359267723,,
22.299999999999997,-,molar,"InChI=1S/C7H16/c1-3-5-7-6-4-2/h3-7H2,1-2H3","InChI=1S/C7H8/c1-7-5-3-2-4-6-7/h2-6H,1H3",,,0.28,0.72,,,0.3534587008915527,0.6465412991084474,,
19.8,-,molar,"InChI=1S/C7H16/c1-3-5-7-6-4-2/h3-7H2,1-2H3","InChI=1S/C7H8/c1-7-5-3-2-4-6-7/h2-6H,1H3",,,0.283,0.717,,,0.3568556668283222,0.6431443331716777,,
25.8,-,molar,"InChI=1S/C7H16/c1-3-5-7-6-4-2/h3-7H2,1-2H3","InChI=1S/C7H8/c1-7-5-3-2-4-6-7/h2-6H,1H3",,,0.325,0.675,,,0.4036459679048373,0.5963540320951628,,
25.1,-,molar,"InChI=1S/C7H16/c1-3-5-7-6-4-2/h3-7H2,1-2H3","InChI=1S/C7H8/c1-7-5-3-2-4-6-7/h2-6H,1H3",,,0.33,0.67,,,0.40912255341209597,0.5908774465879041,,
22.9,-,molar,"InChI=1S/C7H16/c1-3-5-7-6-4-2/h3-7H2,1-2H3","InChI=1S/C7H8/c1-7-5-3-2-4-6-7/h2-6H,1H3",,,0.331,0.669,,,0.41021551954249225,0.5897844804575078,,
28.0,-,molar,"InChI=1S/C7H16/c1-3-5-7-6-4-2/h3-7H2,1-2H3","InChI=1S/C7H8/c1-7-5-3-2-4-6-7/h2-6H,1H3",,,0.37,0.63,,,0.45223965063037447,0.5477603493696255,,
28.3,-,molar,"InChI=1S/C7H16/c1-3-5-7-6-4-2/h3-7H2,1-2H3","InChI=1S/C7H8/c1-7-5-3-2-4-6-7/h2-6H,1H3",,,0.371,0.629,,,0.4533019911816928,0.5466980088183072,,
25.8,-,molar,"InChI=1S/C7H16/c1-3-5-7-6-4-2/h3-7H2,1-2H3","InChI=1S/C7H8/c1-7-5-3-2-4-6-7/h2-6H,1H3",,,0.38,0.62,,,0.4628294424898904,0.5371705575101097,,
31.0,-,molar,"InChI=1S/C7H16/c1-3-5-7-6-4-2/h3-7H2,1-2H3","InChI=1S/C7H8/c1-7-5-3-2-4-6-7/h2-6H,1H3",,,0.419,0.581,,,0.5034277823042387,0.4965722176957613,,
31.2,-,molar,"InChI=1S/C7H16/c1-3-5-7-6-4-2/h3-7H2,1-2H3","InChI=1S/C7H8/c1-7-5-3-2-4-6-7/h2-6H,1H3",,,0.42,0.58,,,0.5044543293292417,0.4955456706707583,,
28.3,-,molar,"InChI=1S/C7H16/c1-3-5-7-6-4-2/h3-7H2,1-2H3","InChI=1S/C7H8/c1-7-5-3-2-4-6-7/h2-6H,1H3",,,0.429,0.571,,,0.5136613215188862,0.4863386784811138,,
34.1,-,molar,"InChI=1S/C7H16/c1-3-5-7-6-4-2/h3-7H2,1-2H3","InChI=1S/C7H8/c1-7-5-3-2-4-6-7/h2-6H,1H3",,,0.468,0.532,,,0.5529052202556715,0.4470947797443286,,
34.7,-,molar,"InChI=1S/C7H16/c1-3-5-7-6-4-2/h3-7H2,1-2H3","InChI=1S/C7H8/c1-7-5-3-2-4-6-7/h2-6H,1H3",,,0.47,0.53,,,0.5548896087327053,0.4451103912672948,,
31.0,-,molar,"InChI=1S/C7H16/c1-3-5-7-6-4-2/h3-7H2,1-2H3","InChI=1S/C7H8/c1-7-5-3-2-4-6-7/h2-6H,1H3",,,0.479,0.521,,,0.5637859848414786,0.4362140151585215,,
36.7,-,molar,"InChI=1S/C7H16/c1-3-5-7-6-4-2/h3-7H2,1-2H3","InChI=1S/C7H8/c1-7-5-3-2-4-6-7/h2-6H,1H3",,,0.519,0.481,,,0.6026760296624827,0.39732397033751726,,
37.7,-,molar,"InChI=1S/C7H16/c1-3-5-7-6-4-2/h3-7H2,1-2H3","InChI=1S/C7H8/c1-7-5-3-2-4-6-7/h2-6H,1H3",,,0.52,0.48,,,0.6036349238916328,0.39636507610836724,,
34.1,-,molar,"InChI=1S/C7H16/c1-3-5-7-6-4-2/h3-7H2,1-2H3","InChI=1S/C7H8/c1-7-5-3-2-4-6-7/h2-6H,1H3",,,0.529,0.471,,,0.6122361416928513,0.3877638583071486,,
37.3,-,molar,"InChI=1S/C7H16/c1-3-5-7-6-4-2/h3-7H2,1-2H3","InChI=1S/C7H8/c1-7-5-3-2-4-6-7/h2-6H,1H3",,,0.53,0.47,,,0.6131886409649369,0.38681135903506325,,
36.7,-,molar,"InChI=1S/C7H16/c1-3-5-7-6-4-2/h3-7H2,1-2H3","InChI=1S/C7H8/c1-7-5-3-2-4-6-7/h2-6H,1H3",,,0.58,0.42,,,0.6600157876655037,0.33998421233449627,,
21.2,-,molar,"InChI=1S/C7H16/c1-3-5-7-6-4-2/h3-7H2,1-2H3","InChI=1S/C8H14/c1-7(2)5-6-8(3)4/h5-6H,1-4H3",,,0.19,0.81,,,0.19326607350753974,0.8067339264924603,,
28.0,-,molar,"InChI=1S/C7H16/c1-3-5-7-6-4-2/h3-7H2,1-2H3","InChI=1S/C8H14/c1-7(2)5-6-8(3)4/h5-6H,1-4H3",,,0.4,0.6,,,0.4050706938107751,0.5949293061892248,,
29.0,-,molar,"InChI=1S/C7H16/c1-3-5-7-6-4-2/h3-7H2,1-2H3","InChI=1S/C8H14/c1-7(2)5-6-8(3)4/h5-6H,1-4H3",,,0.49,0.51,,,0.4952698392774416,0.5047301607225583,,
33.6,-,molar,"InChI=1S/C7H16/c1-3-5-7-6-4-2/h3-7H2,1-2H3","InChI=1S/C8H14/c1-7(2)5-6-8(3)4/h5-6H,1-4H3",,,0.59,0.41,,,0.5950904024048022,0.4049095975951979,,
44.2,-,molar,"InChI=1S/C7H16/c1-3-5-7-6-4-2/h3-7H2,1-2H3","InChI=1S/C8H14/c1-7(2)5-6-8(3)4/h5-6H,1-4H3",,,0.8,0.2,,,0.8033521331392467,0.1966478668607534,,
19.0,-,molar,"InChI=1S/C7H16/c1-3-5-7-6-4-2/h3-7H2,1-2H3","InChI=1S/C8H18/c1-7(2)6-8(3,4)5/h7H,6H2,1-5H3","InChI=1S/CH4O/c1-2/h2H,1H3",,0.141,0.651,0.208,,0.15664009600394138,0.7684221912809447,0.07493771271511385,
23.0,-,molar,"InChI=1S/C7H16/c1-3-5-7-6-4-2/h3-7H2,1-2H3","InChI=1S/C8H18/c1-7(2)6-8(3,4)5/h7H,6H2,1-5H3","InChI=1S/CH4O/c1-2/h2H,1H3",,0.158,0.73,0.112,,0.1628936342711474,0.7996592546611831,0.037447111067669486,
25.0,-,molar,"InChI=1S/C7H16/c1-3-5-7-6-4-2/h3-7H2,1-2H3","InChI=1S/C8H18/c1-7(2)6-8(3,4)5/h7H,6H2,1-5H3","InChI=1S/CH4O/c1-2/h2H,1H3",,0.17,0.78,0.05,,0.1674914869035841,0.8165325484331837,0.015975964663232162,
23.2,-,molar,"InChI=1S/C7H16/c1-3-5-7-6-4-2/h3-7H2,1-2H3","InChI=1S/C8H18/c1-7(2)6-8(3,4)5/h7H,6H2,1-5H3",,,0.1,0.9,,,0.09467334383311304,0.9053266561668869,,
22.2,-,molar,"InChI=1S/C7H16/c1-3-5-7-6-4-2/h3-7H2,1-2H3","InChI=1S/C8H18/c1-7(2)6-8(3,4)5/h7H,6H2,1-5H3",,,0.11,0.89,,,0.10420235044893801,0.895797649551062,,
23.3,-,molar,"InChI=1S/C7H16/c1-3-5-7-6-4-2/h3-7H2,1-2H3","InChI=1S/C8H18/c1-7(2)6-8(3,4)5/h7H,6H2,1-5H3",,,0.111,0.889,,,0.10515587188706867,0.8948441281129312,,
23.3,-,molar,"InChI=1S/C7H16/c1-3-5-7-6-4-2/h3-7H2,1-2H3","InChI=1S/C8H18/c1-7(2)6-8(3,4)5/h7H,6H2,1-5H3",,,0.112,0.888,,,0.10610950627388116,0.8938904937261188,,
27.5,-,molar,"InChI=1S/C7H16/c1-3-5-7-6-4-2/h3-7H2,1-2H3","InChI=1S/C8H18/c1-7(2)6-8(3,4)5/h7H,6H2,1-5H3",,,0.22,0.78,,,0.2097711951398177,0.7902288048601822,,
27.7,-,molar,"InChI=1S/C7H16/c1-3-5-7-6-4-2/h3-7H2,1-2H3","InChI=1S/C8H18/c1-7(2)6-8(3,4)5/h7H,6H2,1-5H3",,,0.222,0.778,,,0.21170344462038074,0.7882965553796193,,
31.55,-,molar,"InChI=1S/C7H16/c1-3-5-7-6-4-2/h3-7H2,1-2H3","InChI=1S/C8H18/c1-7(2)6-8(3,4)5/h7H,6H2,1-5H3",,,0.326,0.674,,,0.31281931749533387,0.687180682504666,,
31.6,-,molar,"InChI=1S/C7H16/c1-3-5-7-6-4-2/h3-7H2,1-2H3","InChI=1S/C8H18/c1-7(2)6-8(3,4)5/h7H,6H2,1-5H3",,,0.328,0.672,,,0.3147762196580761,0.6852237803419239,,
31.9,-,molar,"InChI=1S/C7H16/c1-3-5-7-6-4-2/h3-7H2,1-2H3","InChI=1S/C8H18/c1-7(2)6-8(3,4)5/h7H,6H2,1-5H3",,,0.33,0.67,,,0.31673359149179986,0.6832664085082001,,
36.1,-,molar,"InChI=1S/C7H16/c1-3-5-7-6-4-2/h3-7H2,1-2H3","InChI=1S/C8H18/c1-7(2)6-8(3,4)5/h7H,6H2,1-5H3",,,0.429,0.571,,,0.41421417691584134,0.5857858230841586,,
37.0,-,molar,"InChI=1S/C7H16/c1-3-5-7-6-4-2/h3-7H2,1-2H3","InChI=1S/C8H18/c1-7(2)6-8(3,4)5/h7H,6H2,1-5H3",,,0.43,0.57,,,0.41520477305371345,0.5847952269462866,,
36.1,-,molar,"InChI=1S/C7H16/c1-3-5-7-6-4-2/h3-7H2,1-2H3","InChI=1S/C8H18/c1-7(2)6-8(3,4)5/h7H,6H2,1-5H3",,,0.432,0.568,,,0.41718632415110485,0.5828136758488951,,
40.75,-,molar,"InChI=1S/C7H16/c1-3-5-7-6-4-2/h3-7H2,1-2H3","InChI=1S/C8H18/c1-7(2)6-8(3,4)5/h7H,6H2,1-5H3",,,0.53,0.47,,,0.5148719981461152,0.4851280018538848,,
40.1,-,molar,"InChI=1S/C7H16/c1-3-5-7-6-4-2/h3-7H2,1-2H3","InChI=1S/C8H18/c1-7(2)6-8(3,4)5/h7H,6H2,1-5H3",,,0.533,0.467,,,0.5178807216263904,0.4821192783736095,,
45.7,-,molar,"InChI=1S/C7H16/c1-3-5-7-6-4-2/h3-7H2,1-2H3","InChI=1S/C8H18/c1-7(2)6-8(3,4)5/h7H,6H2,1-5H3",,,0.67,0.33,,,0.6564573121523275,0.34354268784767245,,
51.3,-,molar,"InChI=1S/C7H16/c1-3-5-7-6-4-2/h3-7H2,1-2H3","InChI=1S/C8H18/c1-7(2)6-8(3,4)5/h7H,6H2,1-5H3",,,0.87,0.13,,,0.8629865481986988,0.13701345180130123,,
15.3,-,molar,"InChI=1S/C7H16/c1-3-5-7-6-4-2/h3-7H2,1-2H3","InChI=1S/C9H12/c1-2-6-9-7-4-3-5-8-9/h3-5,7-8H,2,6H2,1H3",,,0.19,0.81,,,0.1949336303315974,0.8050663696684025,,
25.4,-,molar,"InChI=1S/C7H16/c1-3-5-7-6-4-2/h3-7H2,1-2H3","InChI=1S/C9H12/c1-2-6-9-7-4-3-5-8-9/h3-5,7-8H,2,6H2,1H3",,,0.38,0.62,,,0.3875069936783583,0.6124930063216417,,
30.0,-,molar,"InChI=1S/C7H16/c1-3-5-7-6-4-2/h3-7H2,1-2H3","InChI=1S/C9H12/c1-2-6-9-7-4-3-5-8-9/h3-5,7-8H,2,6H2,1H3",,,0.49,0.51,,,0.49793482760250474,0.5020651723974952,,
35.4,-,molar,"InChI=1S/C7H16/c1-3-5-7-6-4-2/h3-7H2,1-2H3","InChI=1S/C9H12/c1-2-6-9-7-4-3-5-8-9/h3-5,7-8H,2,6H2,1H3",,,0.59,0.41,,,0.5976565005835496,0.40234349941645053,,
44.2,-,molar,"InChI=1S/C7H16/c1-3-5-7-6-4-2/h3-7H2,1-2H3","InChI=1S/C9H12/c1-2-6-9-7-4-3-5-8-9/h3-5,7-8H,2,6H2,1H3",,,0.79,0.21,,,0.7952179544955882,0.2047820455044118,,
15.0,-,molar,"InChI=1S/C7H16/c1-3-5-7-6-4-2/h3-7H2,1-2H3","InChI=1S/C9H12/c1-8(2)9-6-4-3-5-7-9/h3-8H,1-2H3",,,0.19,0.81,,,0.19762957327284228,0.8023704267271576,,
27.9,-,molar,"InChI=1S/C7H16/c1-3-5-7-6-4-2/h3-7H2,1-2H3","InChI=1S/C9H12/c1-8(2)9-6-4-3-5-7-9/h3-8H,1-2H3",,,0.38,0.62,,,0.39157085209192577,0.6084291479080741,,
34.9,-,molar,"InChI=1S/C7H16/c1-3-5-7-6-4-2/h3-7H2,1-2H3","InChI=1S/C9H12/c1-8(2)9-6-4-3-5-7-9/h3-8H,1-2H3",,,0.49,0.51,,,0.5022072100060037,0.4977927899939964,,
39.2,-,molar,"InChI=1S/C7H16/c1-3-5-7-6-4-2/h3-7H2,1-2H3","InChI=1S/C9H12/c1-8(2)9-6-4-3-5-7-9/h3-8H,1-2H3",,,0.58,0.42,,,0.5918473799380523,0.40815262006194775,,
48.1,-,molar,"InChI=1S/C7H16/c1-3-5-7-6-4-2/h3-7H2,1-2H3","InChI=1S/C9H12/c1-8(2)9-6-4-3-5-7-9/h3-8H,1-2H3",,,0.79,0.21,,,0.7979869019731529,0.2020130980268471,,
